T_K,P_bar,abund_H_dex,abund_O_dex,abund_C_dex,abund_N_dex,abund_S_dex,e-,H,O,C,N,S,C1H1,C1H1N1_1,C1H1N1_2,C1H1N1O1,C1H1O1,C1H2,C1H2O1,C1H3,C1H4,C1H4O2,C1N1,C1N1O1,C1N2_cnn,C1N2_ncn,C1O1,C1O1S1,C1O2,C1S1,C1S2,C2,C2H1,C2H2,C2H2O2,C2H2O4,C2H4,C2H4O1,C2H4O3,C2H6O2,C2N1,C2N1O1,C2N2,C2O1,C3,C3H1,C3N2O1,C3O2,C4,C4H6O4,C4N2,C5,H1N1,H1N1O1,H1N1O2cis,H1N1O2trans,H1N1O3,H1O1,H1O2,H1S1,H2,H2N1,H2N2,H2O1,H2O2,H2O4S1,H2S1,H3N1,H4N2,N1O1,N1O2,N1O3,N1S1,N2,N2O1,N2O3,N2O4,N2O5,N3,O1S1,O1S2,O2,O2S1,O3,O3S1,S2,S3,S4,S5,S6,S7,S8,C1+,C1-,C1H1+,C1H1-,C1H1O1+,C1N1+,C1N1-,C1O2-,C2-,H1+,H1-,H1O1+,H1O1-,H1S1-,H2+,H2-,H3O1+,N1+,N1-,N1O1+,N1O2-,N2+,N2-,N2O1+,O1+,O1-,O2+,O2-,S1+,S1-,comp_H,comp_O,comp_C,comp_N,comp_S,group_index,point_index,sample_MAE
1407.4815948988546,15911.018036375444,11.975548356339322,18.103458154047935,15.20840121952858,13.66307057769524,17.99103813505821,0.1137296723482673,2.1532640779625605,2136952021940551.2,1.10660200384099e-17,36774.4187523462,1.56470589516352e+17,1.427182396101896e-28,1.704625076141402e-15,2.5867717235746465e-17,1.1566770815509325e-07,5.886877058345071e-09,4.756824574061912e-37,3.3998439958624697e-20,6.98911136045985e-45,4.263373361226374e-54,2.133071917112472e-52,5.875591101630134e-10,0.691415330837811,9.991736176741385e-19,8.650565601005e-15,6301953569564.562,2866981470409643.5,2.237518758735465e+21,34.708703724433164,872930710.9923265,1.7285167358660433e-37,1.450097342802661e-40,3.1126955249213044e-48,8.070465448571921e-34,1.3551573543829846e-17,1.2826967929296865e-74,2.418682733352526e-72,1.2762756309752935e-53,2.5383288980250535e-102,3.026800441619692e-30,7.289358538078159e-18,2.0450767733921683e-25,3.3547710748998226e-18,6.04719968819315e-53,4.438712119729433e-59,7.841723640378829e-40,4.204894344394923e-22,3.4173174752084035e-76,1.1575535635757424e-124,4.514700614143072e-66,2.7475502326638335e-93,3.134865004755929e-07,161.44074108394324,33709632.188312076,41356159.18012776,66690286.38512091,35071082.143095694,208399226.91841355,7533675.780502375,3.097364508863453e-08,4.2105029486004504e-17,1.071914413078387e-21,24.10415651869201,0.0011272509727632,6.544618946683264e+17,0.0004329472776082,3.008081153385827e-25,1.7040952024326766e-49,5.986182999833034e+18,3.5537522234190717e+19,1.4152735621913176e+16,613645085901206.5,1.1101863515253584e+19,549262239944630.2,72698611393391.94,55977797836491.336,23744839598880.5,6.107049723861365,8.187889272252146e+22,8.187889272252146e+22,8.187889272252146e+22,8.187889272252146e+22,4.045576648367852e+17,8.187889272252146e+22,8.187889272252146e+22,8.187889272252146e+22,8.187889272252146e+22,8.187889272252146e+22,8.187889272252146e+22,8.187889272252146e+22,8.187889272252146e+22,7.784202047911638e-37,7.506764654835398e-35,6.50032053909457e-46,2.51018783810991e-44,1.1004423794292417e-17,1.6402198448225095e-38,5.359894054612613e-18,759.7233436760317,7.35629397936235e-45,4.872422983414703e-28,2.4119705006587056e-19,4.358465192021862e-19,1.374979360985196e-08,1.94022382342739e-07,1.8408753130799132e-41,9.131304130249377e-38,5.79483450058794e-25,1.527136589552579e-26,2.0068969558183005e-17,1842551.6375173111,3971961.585127602,8.432155018595375e-16,4.48589994918783e-08,5.279621188699783e-10,3.947799708923946e-13,0.1103207544013646,112.01490335005433,26599.907557976592,14.875055205839958,1322.385258163274,0.0,0.0,0.0,0.0,0.0,0.0,0.0,2.757446099391949e+22
1252.1177013613803,58869.591243822906,11.96455823526407,4.156238051460606,11.413890192581064,3.576436811482014,10.56041891488552,7786953.832599208,25414276005054.977,1.3754539241809734e-07,0.6284418904875231,0.0007087386224575,6530737934434.935,3511.005251552853,14941423342508.332,122414090714.05763,10.688582602305454,43896.564529249445,12504805336.973448,163440385.51281124,2.7808612266128294e+17,2.1442766483217423e+23,1.407520821511627e-17,1887.8231092443584,3.3721038556753234e-08,1.7271682242703558e-12,4.7533901967447454e-08,2070022810207.359,892437199471.7825,12.271543958757878,1.5525322641942115e+17,1.5465606673757534e+22,0.2883103847110438,1315311979726.4614,4.522013032971516e+19,8.286485579740618e-07,2.4739308521529738e-30,1.718960247374088e+22,8290.564180225625,7.106835339575214e-18,2.0571743466878712e-19,261.3592807316998,2.166031664831393e-05,665.5245137760085,1.6307298571721902,14532.524318822074,19453646487466.133,4.1849706539330164e-13,0.0009924487724938,1.5477174160994878,3.5439777621825784e-42,14.098823044866108,1171.769914888427,2.412349060432226,1.694897711384456e-11,1.8845580737791668e-26,2.356724925363335e-26,5.627225189933663e-47,2.516646352166935,1.92488047715819e-20,1.5457313293382003e+17,4.4337492825860106e+20,232188.4683062935,1.2743763947621817e-05,4107336637.965767,5.181032833918309e-17,8.007061408196865e-39,5.996349517321571e+21,2398872560105.9287,8.967337468661568e-05,5.922057024178171e-09,5.508364566903355e-29,1.1719302926160423e-53,67274.88541531145,92399919.604658,1.57099315588127e-18,1.4291218446990808e-61,1.9083881867779012e-82,6.262304992780137e-104,1.6160495063002197e-18,900.211650508597,29670.795022873084,6.3243269835806815e-19,1.036165411563986e-07,5.9353512390142845e-47,5.921985290612966e-27,4.281862812100668e+18,8.582386470028395e+16,5672384989328611.0,112975785684747.2,40893292150200.37,6075591016972.856,247962272230.4732,5.368918717167713e-33,1.2713594035073836e-09,3.697725905355235e-27,0.0002471301562703,2.416174824182993e-16,3.4050373265423254e-40,70026.44772478228,5.41534335371874e-10,64.27411177250539,6.396595305648186e-29,502.52911818849554,5.300085871867993e-40,5.240186813387423e-07,3381846485609.713,4.398803320603086e-28,0.007902360334272,2.4953269817658972e-14,1.2430910348390874e-48,2.926855337294851e-17,1.7324778770809796e-33,5.64955795537059e-33,1.02427741508709e-41,5.843231309586037e-12,3.3224974244723737e-56,2.7951109479626948e-49,2.5890166855102753e-15,4.8062912367550855e-54,2.6765949273216063e-30,1.9338057625780772e-16,37881056.96796055,0.0,0.0,0.0,0.0,0.0,0.0,0.0,1.9995714415620375e+22
1289.9189458692354,64732.49171011772,11.999313408255343,4.145046715154904,11.42372181038236,3.547612552743232,10.566283609266604,12590624.874312548,64769146898622.74,2.220904072616447e-06,1.794679724628073,0.0065742531475924,17217880173002.1,9815.69526966097,28516861790344.19,275172319740.0281,85.019258771276,209769.544576194,26933287237.5118,687827323.3380604,4.205848560222889e+17,2.3888662059559943e+23,8.83486725372787e-16,6002.416041062749,4.0533354745057636e-07,2.1020005916831677e-11,4.253887064786272e-07,4620002044698.631,2288194455556.1113,100.96114274686104,1.577544628488782e+17,1.2349568794104447e+22,0.4473200376515256,1020260628598.4274,2.4249044818971394e+19,8.68537896034268e-06,3.974464584970826e-28,1.0666841324058466e+22,31208.107940071983,4.187288821967944e-16,9.99622021936301e-18,461.63712979668486,0.0001164654995626,1456.7288816027738,4.365297611537172,8039.533256072538,7189756386851.58,2.451175738359731e-12,0.0028934657714732,0.5220551279441134,6.111265488219635e-40,8.83842351890795,157.46931882465407,22.39310266745698,6.123723924052288e-10,3.3996186838594654e-24,4.229813452871883e-24,7.082982843061983e-44,30.965780124621837,1.7250477743333757e-18,3.8587556994546995e+17,8.420793210942116e+20,1846398.6535981237,0.0002683674653751,31501618554.74676,4.3800621591145865e-15,1.0551379144316404e-35,1.3025971714751048e+22,13556512688568.842,0.0026521164702285,1.504726119609878e-07,9.674841772251472e-27,1.8915752448855305e-50,446071.1889462069,556408122.5174268,9.776455490082939e-17,5.95612892519208e-58,5.3452428178677745e-78,1.4617262970898451e-98,7.889592925510557e-17,8888.864003286435,304767.1627718602,4.073805157187188e-17,3.558777656683085e-06,4.671839239556159e-44,1.262278025314505e-24,9.05908530225168e+18,2.325889949748655e+17,1.9468150773532964e+16,438386439552275.25,194545255364823.03,37410640930977.766,1841556751598.0315,2.1123134926267367e-31,3.979715293044433e-09,1.2007293073493029e-25,0.0007015244982241,6.82058064410964e-15,3.249143438551652e-38,121990.41515036151,6.091447057885071e-09,51.093490438452065,4.236480644709547e-27,1613.5679332909108,1.515322615983012e-37,6.063936516805271e-06,7016335756489.192,3.590034092350741e-26,0.0462783242339439,1.7015420074908529e-12,3.874973545214045e-46,4.2830668364703606e-16,3.5128015755911167e-31,8.06974350064265e-31,2.7479848458640007e-39,8.433566634726616e-11,4.482052702510585e-53,1.1763571391768247e-46,4.3443227623267675e-14,5.301980558505575e-51,2.377406848691281e-28,5.470727244320459e-15,87745328.21151932,0.0,0.0,0.0,0.0,0.0,0.0,0.0,1.7542046393693983e+22
1429.2157191123367,90485.94281788652,12.007335589920176,14.496481156800389,8.77599104626587,10.525812835799757,16.737366846156,198226.21722145288,4334842562577.508,833235767.8925216,7.912358119059975e-09,20089.049066520583,4122171500738443.0,1.3213309829295224e-07,258772.235051219,4235.0031753259955,3667411.3293451224,753999.0760400484,0.0005104560209942,5371485.560694409,8.331874511934029,5772.26040078668,2.1735516406073155e-08,0.0862736198586857,20.28882354915158,5.3348800434613445e-11,4.0095961070574555e-07,434222372090113.6,3554035297307315.5,3.045158400275045e+16,259464668.83565903,98527505577944.28,4.110800190289117e-20,3.275790953818736e-11,7.761017016200857e-07,9.292870983214224e-06,0.0064278356199532,5.849945421869922e-09,2.741932168980853e-13,6.038956874297501e-08,1.7363571412368616e-25,1.495913460430854e-13,6.50901676207983e-08,2.1828326580500287e-09,1.110018099192187e-07,3.933313060483467e-27,3.1349826564528844e-21,6.29354728053408e-22,6.903905124929609e-10,7.820748453089078e-42,3.2396439038985643e-44,5.269453806632353e-33,1.814378070042594e-50,223909.03184900605,23333500.46380005,1107005.7924219645,1354931.8406651162,0.5807661902128766,15764051189592.93,25317852.675946027,2.529882611779065e+17,7.113956428129531e+16,36606081.39540048,285.83723633542843,1.1386307382462292e+19,174370938.26573673,70963021830160.22,1.7829858287255245e+19,292186713262.6114,0.0910346908862595,562331250035.9191,880843.2068589283,0.0001056780221358,4836810770124.434,9.707163652482112e+17,15268879.940144826,1.6450113333909728e-07,3.303866021325447e-14,4.032970480611807e-21,0.2747140862884824,7.152443506813101e+18,2.9298383423501406e+21,62953496024.30089,7.598934827581356e+21,0.0110799167659402,4.64834368793819e+16,1.119110775829546e+22,6.730139988092156e+21,1.275291120592061e+22,4.506096082831532e+21,4.077278647926384e+22,1.9062094023951983e+23,1.814186577460194e+23,1.3411840791095313e-33,7.800155650322768e-20,1.3398734403160982e-30,3.253786257507271e-17,2.298541631826948e-09,8.316168868016912e-36,0.0008302366737141,16629.23362676361,1.7889758785970716e-21,3.168243513941134e-21,0.752456546178246,6.010159711639128e-19,8367.82213968033,8321080092.669412,1.7238174694595145e-22,4.917267652045254e-07,0.7047139073692635,3.034126731625888e-32,1.884787112628126e-11,3.240888006836265e-07,0.1246694071896734,3.0547336219392924e-22,0.0081806964817245,4.361169328024378e-23,4.978657562604173e-25,0.0609896858186366,2.380232165008533e-17,0.0034287448559802,8.412857145141762e-07,45708914.648144625,0.0,0.0,0.0,0.0,0.0,0.0,0.0,1.5247325078160245e+22
1410.8955271097104,72626.67706593538,11.9777983931558,10.570905297291336,8.754549776068915,16.846584187775754,11.624174344721464,3362494.4803478993,15618059182796.248,790205.4033124829,2.9893631821935343e-05,7430507.005790498,25068354890036.6,0.0026067445806418,5194604743636.127,79781448911.2105,118015176508.08112,33716420.83902729,57.718352854967094,1306451711.973091,5595802.695058896,22602863543.051086,1.382607165628448e-07,274473.7782662529,107383.33426234384,0.0883956575682076,748.2699799703161,5039818341424279.0,345695285119240.0,593807810675082.0,12967391026.368534,47820111070447.57,1.1167558278766682e-12,0.0060297923239036,853.1674404546889,0.0250224175857703,4.667255815194819e-05,162.9675421444727,1.0577487594668172e-05,6.212778680468854e-06,1.8527173383709809e-19,0.0033880084146606,2.669529663343729,39903.33565624795,0.0068025313793656,9.057716039795688e-16,4.371095519300506e-09,1.2407150513302118e-07,0.000647150596289,1.2351508578595807e-26,5.276773966187021e-36,5.029325308990064e-12,2.3219478146007583e-31,428940337.7501705,73587925.8006684,5213.927967970821,6394.24307547997,3.587319135394849e-06,86079114591.06505,178.42677470946592,8140451493865550.0,1.488707439281668e+18,385720081585.8428,1809997023.8904305,3.869461082402e+17,6508.1012527990715,62.72447898117766,3.135835385378422e+18,1.819969126146809e+16,13532282.977903295,392638880228.3397,809.9978935970125,1.1448412793632523e-10,18050007564471.996,3.7282955754811354e+23,6602777407.477415,1.0818784924280387e-10,2.8894740826266214e-20,4.3183678022061125e-30,41045211.0084681,72705311307552.89,259609539158094.1,97387.04938406294,132808268022208.8,1.809030612155983e-11,1115056.171960899,6.563624327274638e+17,3172858686552673.5,48514465805617.49,144561955026.64377,10688629766.945503,399752331.99080235,3128897.3380136373,8.936599913057235e-32,5.8247242468631425e-15,4.98262895343084e-28,1.3091639027521638e-11,2.517171092458825e-09,3.448105971901526e-31,68344.88873739322,5885.45343177936,1.2908996639872613e-12,1.5735891257532196e-22,50.76639061537645,4.724323119824541e-23,958.4942719928314,5899408883.642049,4.0883631847888106e-23,0.0001360303340928,0.0025924840129365,1.4001309693322723e-31,1.196318363867906e-07,4.934035531881282e-09,0.0025440327694138,1.3118249497657809e-18,45831.66300925708,2.7886952938041233e-22,6.501451479330318e-30,0.0011671693955043,5.968907139040462e-25,9.588830077321369e-08,9.943531905039894e-11,5987206.290697193,0.0,0.0,0.0,0.0,0.0,0.0,0.0,1.2853205311131239e+22
1291.9472014767514,97139.89846019984,12.03562690374799,11.2941099057157,15.35984560939917,13.031919880655552,15.91665504140459,19704.783269904347,1354810785402.9348,19.63603392337368,0.1831961050885768,9617.555584799264,350199750354277.94,19.941367953245823,7.400061144327843e+16,720168087697836.2,1818000063974.584,3352647718.932503,1075514.7284965687,217591331813.2159,328535464837.9832,3659334175680471.0,9.769834681171676e-10,802780021.1379703,444457.3679997583,3.927728916216249,78226.67349342482,3.56210582639323e+18,3.4367410930422563e+19,637375686513780.6,2.9513345449317466e+17,4.4126819557046055e+23,0.0042756771261185,187425403.3583443,87069456554519.19,2130.7396800899446,6.577861806114102e-06,15320524449544.615,376.6437118273067,0.0003413183920772,4.185643542075397e-16,5788176.745208263,11838257.248123951,24064988419958.25,328421.39870986925,7.039705615963387,122834074.7714351,31518.676570404485,161702545.7778366,4.3064773643623895e-05,1.49479306053202e-26,1278292588.5327177,0.0011969085855592,652725.9465297319,146.5651019692762,6.768206671008478e-06,8.418792821634139e-06,1.1935671585632952e-18,5378356.961037607,2.541673274206259e-06,1.5593139189835386e+17,3.456232946395283e+17,1063729794.1423095,211910.78591138427,106367198732736.28,0.0001281942180334,4.032757271236721e-10,1.0412162226215567e+20,152871528311085.62,846.1867550822143,1774746.2187699275,9.653702881589098e-07,1.6206269599654024e-23,12401825149086.527,1.0369763095665832e+21,1574.0380559859336,6.9850228495854235e-25,5.295612088122652e-38,1.237120252938656e-51,213.60982101474457,1481526611263.407,984402099740356.0,0.0029612584807115,4842004159.395872,2.9593993210556504e-23,0.0144484108150395,3.5228794981540933e+21,1.7719287807343217e+21,2.9038392923268674e+21,1.2727216462470198e+21,1.103965640217395e+22,4.161158665035011e+22,4.0003032331394585e+22,1.6190794396794364e-29,6.2303367081957e-13,1.815526755631148e-25,2.177040812175267e-09,7.832962735294118e-08,3.3978601291119244e-30,24135942.56194237,59.65941525998299,0.0007199526819649,6.877470096650596e-26,0.05214017184548,2.0307634211902084e-29,0.0016024821733741,4286144490.25776,1.1738817447344675e-26,3.0741256273031614e-08,8.402185983022326e-08,4.4586727308191245e-37,9.793238759205724e-13,3.023984251471286e-15,1.2159049007959984e-13,4.0876874339757395e-24,0.2510652745478472,5.547921024610606e-31,8.073151997284398e-37,5.8745119471822e-10,2.9268961827888353e-34,2.682218875819967e-17,8.247392653635401e-11,2705788.077894978,0.0,0.0,0.0,0.0,0.0,0.0,0.0,1.280827733452899e+22
1446.1524902211206,96012.47170452356,12.012755950458123,12.661878353775007,15.710680690938224,8.227418510633125,8.829073220018254,22014025.547348756,7592738738.278394,14.670097866298224,6348211.260723545,0.4177448837943082,6536487129.291152,132874.78310436936,2172435447736.7695,37649908999.46065,337656.95703986776,6083860402.672557,591532.0263165049,52363206.94799681,10774367.207208904,8470365.564781297,5.8026027089517e-21,685382443.264201,1709.6167965231043,6.4735939128528445e-06,0.0437071967409133,2.1248342840073427e+21,2.0654965516237092e+16,1566578862792954.0,1.63775838114794e+17,6.466744246601214e+16,14810341326.93421,1.1695290390577946e+16,3.077068059701294e+17,462.8175408754813,3.686710266363296e-11,3892439301.3184175,0.0022833865299601,5.85141805271929e-14,3.7649133279508145e-29,538560589548.19727,2302416403.2161975,80851978689.72304,322309969005351.3,5.485063180810523e+17,4.794645393594432e+20,121927.62010627805,7.649882308782989e+18,5.1122985791515584e+17,1.5037295848419812e-34,3.902051585888984e+16,4.7821948158134915e+23,0.0058788309667766,6.559321287374263e-09,3.63820514578605e-18,4.445105074131106e-18,2.5089903789832395e-32,318.50211916444846,6.821379527044302e-12,496842255.1567848,141872243325.01086,0.0011494338240219,1.2048985237617144e-13,246122.31181067383,5.814132215660048e-14,3.1025745616061976e-30,42116883.50890621,0.0102826093317388,6.901125635315439e-23,0.1106542097689972,2.269640736012149e-15,3.943036223696354e-33,101.02939725035586,165447771.5549472,3.9255125264862695e-11,8.16434130915322e-41,2.1287558421897425e-55,3.63415953245647e-70,9.305320983912736e-16,119772.42106582216,56.230949411458965,1.1965414000138257e-05,1.310127844044838,3.367176312945395e-26,1.0110762909762601e-13,18565468809.9298,13767.583130497658,0.0320592461123424,1.3377421757244406e-08,1.4707062774046588e-13,8.516189387176784e-19,9.790811562416516e-25,2.8779912619876765e-20,0.0060535062184024,3.3936962254903754e-20,0.003076186058126,3.6892482143512666e-07,2.3213520907673462e-27,500373399.80326754,89360.17480772684,47754728753.3176,1.8535358437365532e-25,0.1338506898618244,3.900624244528445e-31,1.549881171292038e-05,1432.9818643043411,1.3701999668147912e-29,1.3635149141699368e-10,4.413683235092117e-19,2.305880124182338e-38,4.3065235257294576e-14,1.4086257482717809e-21,2.7991886659428243e-20,2.100507988566417e-33,1.7738880720289586e-10,3.515505592737883e-42,2.9307493507491113e-34,1.0194232852268213e-07,1.3055775415886367e-34,6.832142509956822e-17,3.2686052051043694e-14,6487.978984231194,0.0,0.0,0.0,0.0,0.0,0.0,0.0,1.2166428327033686e+22
1446.1524902211206,96012.47170452356,12.012755950458123,12.661878353775007,15.710680690938224,8.227418510633125,8.829073220018254,22014025.547348756,7592738738.278394,14.670097866298224,6348211.260723545,0.4177448837943082,6536487129.291152,132874.78310436936,2172435447736.7695,37649908999.46065,337656.95703986776,6083860402.672557,591532.0263165049,52363206.94799681,10774367.207208904,8470365.564781297,5.8026027089517e-21,685382443.264201,1709.6167965231043,6.4735939128528445e-06,0.0437071967409133,2.1248342840073427e+21,2.0654965516237092e+16,1566578862792954.0,1.63775838114794e+17,6.466744246601214e+16,14810341326.93421,1.1695290390577946e+16,3.077068059701294e+17,462.8175408754813,3.686710266363296e-11,3892439301.3184175,0.0022833865299601,5.85141805271929e-14,3.7649133279508145e-29,538560589548.19727,2302416403.2161975,80851978689.72304,322309969005351.3,5.485063180810523e+17,4.794645393594432e+20,121927.62010627805,7.649882308782989e+18,5.1122985791515584e+17,1.5037295848419812e-34,3.902051585888984e+16,4.7821948158134915e+23,0.0058788309667766,6.5593212873742634e-09,3.63820514578605e-18,4.445105074131106e-18,2.5089903789832395e-32,318.50211916444846,6.821379527044302e-12,496842255.1567848,141872243325.01086,0.0011494338240219,1.2048985237617144e-13,246122.31181067383,5.814132215660048e-14,3.1025745616061976e-30,42116883.50890621,0.0102826093317388,6.901125635315439e-23,0.1106542097689972,2.269640736012149e-15,3.943036223696354e-33,101.02939725035586,165447771.5549472,3.9255125264862695e-11,8.16434130915322e-41,2.1287558421897425e-55,3.63415953245647e-70,9.305320983912736e-16,119772.42106582216,56.230949411458965,1.1965414000138257e-05,1.310127844044838,3.367176312945395e-26,1.0110762909762601e-13,18565468809.9298,13767.583130497658,0.0320592461123424,1.3377421757244406e-08,1.4707062774046588e-13,8.516189387176784e-19,9.790811562416516e-25,2.8779912619876765e-20,0.0060535062184024,3.393696225490375e-20,0.003076186058126,3.6892482143512666e-07,2.3213520907673462e-27,500373399.80326754,89360.17480772684,47754728753.3176,1.8535358437365532e-25,0.1338506898618244,3.900624244528445e-31,1.549881171292038e-05,1432.9818643043411,1.3701999668147912e-29,1.3635149141699368e-10,4.413683235092117e-19,2.305880124182338e-38,4.3065235257294576e-14,1.4086257482717809e-21,2.7991886659428243e-20,2.100507988566417e-33,1.7738880720289586e-10,3.515505592737883e-42,2.930749350749111e-34,1.0194232852268213e-07,1.3055775415886367e-34,6.832142509956822e-17,3.2686052051043694e-14,6487.978984231194,0.0,0.0,0.0,0.0,0.0,0.0,0.0,1.2166428327033686e+22
2234.7129972172115,114862.74897842172,11.965595441813043,17.187669058701385,12.81741057045381,17.760422679238488,9.57907861695323,31346509.71911777,8045794304123.331,1.6497777646048343e+18,0.000451018342889,18165045256257.98,32935.38312671143,4.888321815514275e-07,584.3846852971786,55.54467352393405,8199413.68964375,178903.6041574432,9.070127866269736e-09,27.39203504756877,2.7211382962904755e-10,5.877512394072834e-13,7.67906107963365e-13,555.2265682134878,48280870.89009195,0.0255642631576643,7.248178905686311,338134405603841.25,3.4234972799350136,6.715917491074124e+18,5.20803684797679e-08,4.0860377017386963e-19,2.438931191419952e-18,9.389604933718734e-17,3.649491674131651e-18,1.65891442591705e-10,0.030844538320617,8.944674563943638e-28,2.539609440802094e-27,2.0633711187594147e-16,2.3023252797736887e-39,1.4338825832271412e-12,2.0601828545903783e-05,8.082730293433141e-09,5.257712046066329e-07,2.376549622668469e-30,1.8329355317257185e-30,1.6270582250729043e-20,1.4228602515470212e-12,2.170739512302888e-47,1.1764424584703573e-59,1.848910732277115e-38,2.0318763661558536e-60,16015371151.825647,788737502161638.1,2.7719892122083635e+17,3.2091677424190106e+17,3.967038399215399e+16,1.2926107414004291e+17,8.54535237636078e+16,88.76217561201818,427474176737.1288,39689927.31012033,436608.5837791473,4.565605772844682e+16,26143366484897.742,970606831.6758348,0.1147264613376866,673076.5812774851,4.071225713826795e-05,5.197895349320168e+21,1.9070807590705968e+21,1.2535692455819674e+18,28521.57351826319,2.908738043825223e+23,8.695040802724489e+19,2.0076848284355484e+18,7.869855238955912e+16,1.7127336461461488e+16,20875727201699.61,17375096882.32341,0.0027651868541345,7.420392905816691e+22,2637677220881396.5,1.4448004255802637e+18,1241978696544720.2,2.0750234853589743e-06,4.7324307713050815e-21,3.1379486640983397e-35,1.1294894388199357e-50,2.5243344736014496e-64,5.375975783049378e-78,1.0472443469016658e-92,1.949737532116973e-16,8.881928191070378e-15,1.946781962731745e-18,8.796683698900611e-17,0.1577873121911376,6.145397725404832e-16,0.0059209283861247,74839030.4709939,5.706651120688501e-23,1.4014449753862496e-05,12.422832727708483,3.5706772223214096,26074858.299379405,2.576845063621845e-07,5.943592102302104e-10,4.37140980901188e-07,5313.63347179134,1.0446688744892832e-06,1.7121154671077647,20997045084135.547,21700640636873.91,73.97501206947689,22581725.348577596,85560.8025697573,2.4228398368566006,134865305.46539134,735780816.9004819,96190094277.527,1.1501573233079453e-06,6.65753558987506e-05,0.0,0.0,0.0,0.0,0.0,0.0,0.0,1.2007562583254308e+22
1962.4639947771009,114354.22929313035,12.026440322090696,9.967761870612854,10.889155888903446,18.000078566438148,10.947978495588922,820298496.1876062,1513295815652957.0,11156543.548728162,506245.5244355398,646770072802.8062,722883473750743.5,1275751.037044366,5.291622138892841e+16,3266554247191751.0,175888994516.33325,1195644042.367602,104988274.9888232,554857245.3467431,17557729845.801807,184823918334.45847,5.857603343071641e-10,6023163439298.079,156617582.83297056,97835869.47593012,61841999304.886246,7809486278840582.0,14595956949400.72,49388873237.044464,255788164962113.9,1014729016808180.0,244.16198158493737,127781854.71151358,28243047201.487907,0.0525100338395455,7.434313615479029e-13,22548422.97201035,0.0054419610422709,3.2128779768282157e-11,2.7699635626364397e-19,1249107830.7269468,9899918.090843856,49662526528200.27,125135.03754705565,67.0736896015945,350781.3421368325,1313.0891666081109,47.51866203016887,3.647495637030534e-05,1.5092016262541004e-36,905004.5868206208,6.672509153529616e-07,1271664516148.7986,17794466.446294345,0.8931274253135072,1.0485694183787675,7.518489481913353e-12,4039223028.328306,0.1428136510172987,5017794354895473.0,3.950945863590539e+17,10505440530236.758,107965675171.78116,11086830769326.545,0.1112679375486238,8.003496580576234e-14,2.0556913348719428e+16,955586716852640.4,18808407.573442064,136166831309.34946,3.074182162868274,5.650935172103803e-14,696595585005947.4,4.220526674326084e+23,2604489393.4338226,9.210676433325165e-14,2.2782398409615365e-25,1.853841144246847e-36,1431616968289.896,121267096539.50014,4813984968.366189,135.40570686406596,7010525.499450524,3.5566228713532266e-14,0.0002651442056225,2.2756567471327104e+16,7332630845306.527,6974014117.030178,489205.5604123355,1708.2183095194252,4.859349797797331,0.0015532688326784,2.062651973152487e-12,0.0007869445955937,7.634405549732218e-11,0.0239918575622199,0.0923710878958496,7.899889247544878e-12,32278484415.201145,24.782062887358418,3.4213550416335488,4.611341981229833e-09,127929.5848959792,2.609583461540978e-13,96.97052937972404,2543220449.8182907,2.464145456747924e-10,1.9980940979289783,0.0848984164376616,3.2891847013892365e-14,1.8375172263785904,0.0221686502882838,6.092427252280051e-06,4.45771408875646e-05,324208831.36121184,7.200293019855985e-12,2.8449438991728917e-17,0.0832185322317528,7.146758742359803e-18,7.535576935794078e-09,0.4630043407434522,208452419.70363173,0.0,0.0,0.0,0.0,0.0,0.0,0.0,1.1050225764388368e+22
2444.8705972688604,172764.05841832186,12.032445125337484,14.835023617114931,13.587335492013516,11.252153259731848,11.460957483961806,945649820.8701882,3128095238551454.0,1.2724098563432909e+19,100.42850888624486,1123730970290.3855,6555480532.675694,8.971076325571342,9409111.349379752,1167275.7113893148,113295469183.35278,642641740513.6407,9.16640917212999,6907650609.035364,13.204743276969117,1.4928054120434255,9.868487136920283,238883.22042231073,15490989239.403109,0.1659695157880281,28.69224828654398,4.0476780662355446e+18,2213145780.585187,5.781057722629921e+22,87.13229261729903,1.976786152414231e-05,8.083131986007768e-09,8.620623368300576e-06,1.594590019701805e-05,626.6634293730251,71744561318.66052,3.641522079642105e-11,1.6853023098511602e-10,8.223412242213696,5.996719126633739e-18,9.86365234186408e-06,71.33337920326036,0.0001313341041964,360.8301282372367,5.717398957871573e-17,1.824312624401954e-15,4.4828686799250175e-12,3.8955524249482822,1.0168665736452073e-29,2.8993493036317443e-30,6.750994633929537e-26,8.780146979481007e-39,83494826185.52292,3153783116191649.5,1.3084136180516452e+18,1.50135469570201e+18,3.82704523981608e+17,5.342186111609616e+19,7.642367594302977e+19,1361935537.2488346,8570162478807232.0,13630138557.679594,1240355.7893179343,7.352948491145966e+20,1.8226029835932344e+18,1.834372063246897e+18,119822238.3580323,11381349445.830374,1.5302202921921744,1.3627365247570698e+20,9.905128110412474e+19,2.1147957723945683e+17,41808960.82052702,1.4220206185233857e+19,1.664896602605327e+16,2645754575671772.5,204247873505744.2,119625798691262.0,53747488.18834444,2469728826286263.0,17463299.59421693,4.522647189240058e+23,2.399383422695879e+20,4.469267773833108e+19,1.903998726867657e+20,11939.73092199453,1.7291652245038168e-06,7.2196309317071275e-16,1.3508545642245086e-26,1.8033524523503e-35,2.5376955334628017e-44,2.8590252187119417e-54,2.509589928088981e-10,2.972240036661739e-08,1.5419585256809914e-10,2.003903065934864e-08,825916.6046791599,5.529138788709813e-12,12.112050014250796,13626436200840.297,8.08838976061545e-13,0.0894509912764263,90929.0120199815,20267.32114205227,125388447939.7138,35.83217639991673,0.0004572137085136,0.736086837684536,20663399052.374107,1.6192078896803966e-06,2.8862306846536008,1292673873899.568,10363724953988.611,0.1451036656567551,60038.77356877778,200.69416311121628,308.1957738032073,14269707052.306446,36890793009.99331,12831639040017.312,0.8760342204406035,137.76007209983277,0.0,0.0,0.0,0.0,0.0,0.0,0.0,1.0958496532817164e+22
1423.528656959514,107293.48488396984,12.01792917367339,10.39620078251761,12.463949357733144,11.653093603064232,7.878946450765901,2335942.1298293015,6489688606043.154,65.48490582006323,1990142.6885447856,861.9340075634856,74661628763.38269,55772814.25744939,6.398174101719255e+18,1.0268442711000768e+17,8375419663355.028,32702348416975.63,372091444681.448,395898173131960.56,1.060425085994144e+16,1.2754018935799912e+19,3.557936300257512e-07,1199215271741.7302,26347423.235610615,35.34905428702514,275577.1131018755,1.2322982528614656e+22,2.0162085873062075e+18,8.098254438958738e+16,1.501292804406876e+18,1.192473278036741e+19,3170071933.2514935,4.593031831473699e+18,1.9031461872533152e+23,19155926014.22839,0.1147288471423698,3.949917040688397e+21,16347067832.650166,31.06722679338432,2.339062557217981e-09,635544471583097.9,26518612752036.97,5.058657070472383e+17,878263219509439.0,9.782741636259342e+16,1.3694561096177624e+23,4046482258993.357,1.687556733172641e+20,5.8773071457942216e+16,3.6523744773264953e-13,1.151334866868796e+23,4.336937771548496e+22,16081.609570887664,0.1560640071762132,6.691369160561973e-10,8.194946050308316e-10,3.048212056833735e-23,2142572.154513415,2.9732972408792025e-07,7720943327371.236,1.846806648616689e+17,4483239.555658863,1.7438763673652151,2741173118615.712,3.451466974396585e-06,2.4665022752712503e-19,926094798995315.8,62388475607.9888,0.0014936734549727,2343.488535014298,3.191644182382843e-10,3.216966524532452e-27,4392249.925728551,2454988887031511.5,0.0031993278608139,2.502347682535849e-31,4.382603843248375e-45,4.548094668108899e-59,3.0274813661708507e-05,12120660.662407037,100459.40135257252,0.0004594433900053,1215.320637419041,6.567621140757399e-24,6.54634381263328e-10,4230871281283.292,50213589.358964406,1880.0119618619929,0.0133045506456837,2.3878385576409463e-06,2.1998801734708992e-10,4.1610637420467106e-15,1.9747262099763606e-20,0.000242338996196,3.3791490060387363e-17,0.1712938875535544,0.0064560305018936,6.1653869582072856e-24,154865929626.66946,532116.0326584796,1866303991.1064703,2.5738953578726993e-22,13.68537090667204,4.492211496287387e-27,0.0143078654791679,3243509.2142497674,2.28638518243963e-23,1.393239975154734e-05,1.7516218554702266e-08,6.850695022331876e-35,9.563919269449211e-12,8.439567923484157e-17,5.782107631530877e-16,3.930733248659933e-26,0.0002327522828015,5.0669480572738974e-34,2.122539327522974e-33,5.9585779670023066e-08,9.9084685055126e-33,3.0072264586779763e-16,9.190418059700625e-13,10500.212280399552,0.0,0.0,0.0,0.0,0.0,0.0,0.0,1.0329491408070556e+22
1338.272259132996,68586.4366395628,11.997488527912738,13.457383792183323,11.038827140092474,14.49880630777004,8.924649934689919,6.5011669738506725,7214661469.781987,138722761949481.44,2.3542023679155524e-19,797490.874108441,0.0084137133140829,4.564916604576363e-20,0.0007090531042159,8.322150306667262e-06,26125.705049883512,4.147849052690662,3.3333808660676573e-18,0.4249268942039196,1.2401013985362766e-15,1.7768648580276802e-14,4.1112755640196184e-14,7.555066113960726e-09,5.614534393683667,1.113971111068894e-15,1.5609745447417835e-11,1009723292977.8314,9.056696018079838e-05,2.355913172420801e+20,9.204265848813189e-19,8.283684372968709e-30,1.0569520106265022e-39,3.82517230479163e-32,2.1269939023358356e-29,1.3428955909899654e-15,8.083650571317733,1.4736746773239802e-35,8.355224455026682e-34,1.5164650518296744e-15,1.6959781909359162e-44,1.0761927233933799e-29,2.304167583427657e-17,3.706711597115616e-22,4.4391762060745314e-20,2.0649914036056647e-55,4.1466935964252324e-51,1.6984069276649251e-37,2.7309566153702776e-24,2.779145084401863e-79,3.320094767233853e-68,7.050381656204451e-64,1.0425535417087329e-96,98841.46695314684,30778490053913.22,2.623010999809902e+18,3.243768781844673e+18,1.2522589486805043e+18,5.078930503053644e+16,6.820893072134397e+16,0.0064223489528221,2398054792269.596,246245.96728354035,969.5508413042228,1.0669247843939575e+21,5875094877329315.0,2.9152602782844806e+17,0.0066757092413957,43698693.71720462,1.9050366792662055e-05,1.3644482466209502e+20,1.9868255385779372e+20,1.2379950822418204e+16,0.0055470264765969,3.395367669016795e+23,2.187579038193565e+18,1.0242416764091658e+16,2014951509231019.2,156143594753834.16,4978909.569952124,47222665.67780471,2.6018607204930033e-07,2.983266864537719e+22,1.8821967560446426e+17,1532538063457128.2,1.329563148908102e+18,5.21279660587491e-13,2.7597328488144263e-30,4.701020066393241e-47,1.880742708847237e-64,1.6339285478271735e-80,6.5643963808917e-97,6.202935510381299e-114,2.205633684690433e-42,1.6898195520825587e-34,3.62290179708174e-41,9.62286815953838e-34,3.897960412226394e-12,8.2676727594362e-42,2.1670974108840668e-14,5991.37636790218,1.5722055362133352e-44,8.028403011640107e-23,6.872727986194771e-08,3.698763059159757e-14,2680.095363176185,2.7113404964075823e-14,3.176997607405706e-26,1.4718893448974527e-16,98.77777226172152,1.0877771322007805e-29,2.6002222526499974e-14,13188.331921860592,3753207613.968144,5.438898842825367e-16,0.0424934853368752,1.3736646393680623e-10,1.2544983501625285e-18,0.8240312815912488,0.0004009408387251,74177.89654236478,1.5777050434853937e-22,1.0650163731187944e-14,0.0,0.0,0.0,0.0,0.0,0.0,0.0,9.438526851899485e+21
1241.8281753413137,126816.71300947313,12.032076127812642,9.999511569773963,10.976887589863528,13.987634404759197,13.531762699723645,43614.66205291785,4754227447322.036,3652.6005996030726,5.066310396310846e-05,41259.78615024174,127125639419834.72,0.0693997668301784,3.5957327953547668e+16,281277645022416.5,1001887674385110.4,43478872514.13023,64850.786405098,40899177307746.65,388442079672.8776,7.959022725639342e+16,0.0056838238407871,16134835.660244407,11540302.13881576,1.1039300236241265,33142.25667288625,1.043294736995888e+19,1.1075739818675683e+20,2.494239142516721e+18,429220963639333.75,1.1721861866104408e+21,2.995798307083715e-09,4052.408714642375,37694152164.09993,1013762.2533606712,4756.943160572301,816691969439.5948,13798.020934760603,18487.579307521188,5.75546676317936e-10,286.15781664660744,1009506.9123760944,74954533098.87694,846.9659725588688,2.1921796450592594e-08,8.016750808249958,225.75343646763295,3183082.4185857764,2.91349282941743e-16,2.7741829005572682e-19,26.61133295879291,3.1040037678347887e-17,34218797.49831792,9546870.154956011,392.8986804147675,492.0448141470325,3.950238704735653e-08,17587943102.536766,4.474558100400286,7.44705412520043e+17,2.1965713095537025e+19,838575751944.8448,3819694420.213802,7.99598507626895e+18,2984.2133772873963,18476.700586844767,7.323236208898677e+21,2.325709476169467e+18,1450577586.9228494,15118928793.19,4.747319227292288,3.146208788163661e-14,110267794409279.92,6.642375409290971e+23,340295336.6097745,3.2068043745723266e-14,1.4573637341380362e-24,1.531369154772386e-35,702705.8971909774,703428788098675.2,5.871070949085293e+17,662.2441512058232,3319063406745016.5,1.7860184252802307e-15,6602320.352412496,2.2712319512356735e+21,1.0869363290082365e+21,1.720913910124572e+21,8.478182171815333e+20,7.41905410039998e+21,2.624320957325209e+22,2.6013490897333483e+22,3.2141291579623684e-35,6.406052735520219e-16,5.6958385385539334e-30,3.1193739536883616e-11,2.2580352672026935e-08,1.7341435941136271e-34,4550980.287143951,646246.7214874924,5.175504255579444e-09,7.426304523038256e-28,0.5648837513981398,2.372720435530699e-28,23.902239341043057,110112644377.36237,1.1732900333951998e-27,1.826681381269764e-06,0.0009950891214377,4.176389969682478e-39,9.607858240227755e-12,3.8327411115631163e-13,3.3112822795879723e-06,3.9237774491226286e-24,210.44473569390135,4.701660620739869e-28,4.602681603947553e-37,4.362475060267838e-07,3.5143046738155743e-31,1.6417556930621352e-11,2.999950090078724e-13,4906264.045931065,0.0,0.0,0.0,0.0,0.0,0.0,0.0,9.128668249490404e+21
1453.829964600285,62645.528529617826,11.995838591364368,14.433272884173604,7.668321857887543,12.393172540975543,7.50273233153157,363.36132399044664,47031899983.079185,2623831060540926.0,2.7112852850866665e-20,2059164.3703557316,0.0012166707807573,3.028301851209613e-21,1.6250648801695962e-07,2.8891835592759815e-09,3.65850487264969,0.0174726132668244,6.929485543870231e-20,0.0007894584125415,6.3953580956311635e-18,2.566669300642985e-17,4.4362066502526433e-16,1.0366728569003491e-11,0.003690290892282,4.206750323996421e-19,2.7077449946662456e-15,1012019165.0628438,1.6099208348938083e-09,1.0605958753332642e+17,9.527131819129312e-23,5.802122501967342e-36,2.0859349640864964e-43,7.916218528096507e-37,1.0530879909034724e-34,3.3882830711574735e-21,5.554166905753712e-06,3.9065819065904533e-41,3.520727498498561e-39,1.8652934542859775e-21,2.8782123008847034e-49,2.6974159505458855e-35,1.5904657523127082e-23,1.45885629487578e-29,5.732022995382984e-25,2.3843370291019722e-62,1.047925456270131e-58,1.0794921024553339e-47,5.800468308459121e-33,7.470724723985794e-89,2.4812507226266296e-79,7.627910017892657e-77,2.196651184169531e-109,155137.20871925697,24805079005981.91,2.0504950086755597e+18,2.5032785102933473e+18,2.2204650073958477e+18,2.9226047586338285e+17,9.891805333092164e+17,0.0004908679681722,4492852805232.57,158511.14428232002,67.39598320137031,1.1230406464037652e+21,4.473677226925627e+16,7889837634428462.0,0.0002180023525048,7198980.382669033,1.167485322659075e-06,7.397682556930921e+19,2.3784962634340617e+20,6.7745898682029656e+16,7.563155972391692e-05,2.6548535077146764e+21,1.0516751334854762e+17,5666242568893981.0,2307134713050864.5,635791081099931.0,72136.08658824085,3175229.894640188,2.401086239424881e-10,3.078070456026004e+23,4891199102138418.0,1.4841943523749123e+17,5.819831254931548e+16,5.344299118069445e-16,6.595069018502532e-35,2.5517318650323095e-53,1.7380863906338151e-72,3.1589997414137232e-90,3.050083937698879e-108,5.782089699431042e-127,1.2097434797898476e-41,4.012478488791634e-34,7.411127376129296e-41,1.0742730391180276e-33,9.139122926352781e-14,3.902505628098482e-42,1.0540442068271632e-16,97.15977177777113,9.268995056616101e-48,1.2476102595352337e-19,1.314992873771846e-05,3.822283903254989e-11,215499.52496045415,2.1030956723674398e-14,5.1015673819136657e-23,7.877788169445277e-14,991.157056439592,1.2856478274274307e-26,3.487028615644239e-12,85107.85838724139,43456401259.29026,3.984214545241833e-15,0.0499140419256084,9.949991830609767e-10,5.698532891753458e-15,280.6194199010104,0.3419368318947224,28272761.788386237,5.758523084676755e-22,1.8105702001718217e-14,0.0,0.0,0.0,0.0,0.0,0.0,0.0,9.029925008798468e+21
1591.5819018584266,72035.29598516406,12.018090625901957,17.161019990743,18.26759387855265,14.083180872174102,12.49803936579645,1018134.9366502516,128085358.62233548,48296.09200164786,273474461.9104593,1575.972800920828,104173196990.4259,7326.189223387972,398469228956.6324,10740279173.256811,5317213.2015767945,2583903849.9456005,21.819254611234474,21467.215510322032,0.2077979185759672,9.72329030474129e-05,1.2001511125224795e-26,365385831590.1499,60649662.18453533,1.2127323186927537,3586.9281159579746,8.500784976468208e+22,1.427759480937409e+18,3.8947300664921426e+18,5.0639626108867654e+17,1.239537861614102e+17,313808149538.5048,51902687366191.766,689321177817.4197,10.746760496355073,4.522205006109549e-09,0.0237771317331365,3.324607714012782e-12,4.908699651093601e-19,1.873687669731378e-40,152290184745191.78,23943878975069.477,381266077573234.4,5.46855972924183e+16,1.8119021724361656e+18,7.225811233365398e+17,38851217133.67578,7.704686223895777e+21,1.1677199777697108e+18,5.168676071422717e-43,4.197341468099457e+19,2.350539278517775e+23,0.02999098525439,2.3870004577444992e-06,1.8659104160402837e-13,2.248630444833024e-13,4.477287810682624e-25,678.4734782149026,5.636243871651449e-09,9232309.97996776,1457061.920672835,5.223573192678349e-06,7.110526329594971e-14,197.7541843091595,5.5793521373917026e-14,1.9652620765028428e-26,729.1515395800469,2.5279156434834893e-08,1.901292752269286e-28,11468.784590307723,7.928360144651461e-08,1.0119972570613492e-22,180035.55365771448,1797165258009.7964,0.0004288376309927,2.530811044830502e-28,2.091307882090208e-40,2.0008451648486888e-52,2.7080970339910735e-08,122328314.54892308,75159.32848109548,2.9903458251081787,70627.69948582967,1.3240325785337121e-17,1.38158493860981e-06,191451348779.14005,327013.52396991744,1.7112696603519462,1.1802295011533103e-06,2.6717907933582932e-11,3.6974347980153836e-16,8.36653673604864e-22,1.1940563002143774e-13,0.0041280035019501,1.1329034721352169e-16,2.1409325977386768e-06,0.0015415968472112,9.781458160462738e-19,648019815.7129517,6346278.03357114,2048103077.7744195,1.6706203122528382e-21,5.2025921480555994e-05,3.287442785387693e-25,3.453553961338374e-07,0.1967885479950744,2.94441975341483e-28,3.6476815259647783e-16,1.420910889493141e-20,9.304894696153731e-29,6.870365863990043e-12,3.2138955967235256e-12,6.9214081403475975e-15,5.233062557380053e-23,2.523987722395352e-07,1.2611960074260297e-29,5.195587048862202e-25,4.597891857972006e-06,5.644604499117731e-24,5.029003165556882e-13,2.5517928194261895e-08,900.0007065766597,0.0,0.0,0.0,0.0,0.0,0.0,0.0,8.922350000564053e+21
1309.2131823455704,81509.86557595398,12.028236229172398,14.086422994261955,12.587859899288397,13.14308472422096,15.315723880941304,3587.981826324816,2182692660274.4888,112992972.82306276,3.021384588508332e-07,50482.43668244759,570922533047212.0,3.4910253356222174e-05,217956340311.1501,2278054110.3400874,17071042764151.89,12684020492.23764,1.8002423991786909,834447958811.7832,504987.2823117443,5274011569.8621025,0.0239207641610229,2756.837025123075,4664256.9940721365,4.813896040073216e-05,0.8385276970784413,9.024101182468712e+18,9.883825886131505e+19,4.880261733123626e+21,331309725377.10284,4.765159561762971e+17,5.6404796119019694e-15,0.0001957903104911,82.96882344997002,21738.443068836783,645939013.601804,17.858597781284306,0.0016489255896684,14525.288435576866,1.0985202481111884e-14,1.6059296171120293e-05,91.3082936611242,145.69896324450156,0.9403497868149112,6.180219694622759e-18,9.690978603120112e-11,5.23606113650503e-07,858.2477246611492,3.1819070850187893e-29,2.1748905935844523e-24,4.8889794965733934e-15,6.1798990788753165e-34,3671510.614869873,2551046490.4245048,406424961.1216919,504421849.2350547,286.1353642017586,29448327116759.6,56599216.57256698,2.6592995488496698e+17,5.246871704725534e+17,5991794786.452399,3627648.090508576,5.076805169953603e+20,2981759855.1626368,9.719776592480826e+16,1.790494811510287e+20,794903223782622.9,19287.459220805733,24728263622272.875,53473547.49987621,0.0040415094177873,60067070134912.945,8.957226257589969e+21,64423577815.27935,0.0005235506550282,1.5591258476086888e-10,1.571165595628955e-17,9136.291651136742,7.348994229325155e+18,5.307519386371162e+21,53294254166.6318,7.076917649089819e+22,0.0027147774241487,8.010478519249078e+17,5.573983211176444e+21,3.33705941491207e+21,6.477945153946266e+21,3.2007528882237924e+21,3.242503901517827e+22,1.4616085019584305e+23,1.6293382058209557e+23,5.67982556414888e-34,1.5785373695002532e-19,6.2751066034198446e-30,5.660717302632527e-16,4.357225362644059e-06,3.485791733512318e-34,9.409463537451511,77266613.98523918,1.0470752656008947e-16,3.108353816769538e-24,0.0137123768752512,2.9707974049768354e-21,1260.7880914699238,994979808.57001,6.226318987561134e-25,1.1257811944922937e-08,7.549809862739599,7.34449991901726e-35,9.255998677016745e-13,7.062611620944304e-07,0.9083814964037727,1.253108328370526e-21,0.4686510710554921,5.886036505977923e-22,1.304936797645673e-28,0.0005073639129061,1.2319336946678722e-19,8.196711641495997e-05,2.56451005915312e-09,615317.0896428695,0.0,0.0,0.0,0.0,0.0,0.0,0.0,8.627205691150181e+21
1297.3924722139209,72085.40349201432,12.003727242361794,16.46955666348803,10.87869125850789,16.108586777008128,17.031499602632152,1968.5485960839997,135225716044.2467,131902191.15222506,1.0373847191696586e-11,98253.08355823925,409415560095353.06,9.869359575189695e-11,2604870.7490556003,25932.782076607884,356219847.03946143,81612.7603532553,4.500033485471784e-07,456193.6740412803,0.0114726935868671,10.736224761836226,1.0458476916026771e-10,0.3460246272039882,1052.0961299752555,1.5297031544786116e-08,0.000291943106137,889986436475974.1,8946201518629018.0,8.714927799845256e+17,14796723.603209022,21866326717094.887,1.0890120573323244e-23,3.8007151666646834e-14,1.4704850981685426e-09,1.1335637249927825e-06,0.1065655584770313,2.028865633445683e-12,2.9250140312271246e-16,8.096885031162131e-09,1.6267721862842308e-29,1.1257241141076897e-13,1.2269222095851245e-06,3.616078372262683e-06,4.119888322686552e-09,7.606248854538258e-31,1.1000929579706415e-24,1.2136995249438521e-18,4.58837368379476e-10,2.126956252377368e-46,3.4611683640609823e-47,3.8700852396719207e-31,2.5469801827397254e-55,584573.724514098,723750671.979587,190771286.8240508,237127988.89739168,201.1609709175616,3049621480391.341,8668486.820162356,1.5859066562324996e+16,2902925944227436.0,81733613.1167638,139786.9527311101,4.951014642507662e+18,38016718.26825083,3730820956012201.0,9.105318337352936e+17,981983113572.0236,4.4964687797609955,95208959569972.52,309253116.58942324,0.0322530185332765,123579521648757.94,7.481942087655746e+22,717129742576.0023,0.0118923733335855,5.363257264536127e-09,7.67864477452429e-16,154552.2595878615,9.499070424282356e+18,6.48568274407983e+21,110052806644.21654,1.6852919858196877e+23,0.0071081532109387,2.9584428284096205e+18,4.082293287541547e+21,2.1717872964477408e+21,3.758680954146606e+21,1.7125704447099994e+21,1.5617376801502303e+22,6.2355754096706095e+22,6.2878915053761235e+22,1.4120588646322742e-38,3.3390841745910944e-24,1.3514558072376379e-35,1.0088839436678801e-21,2.6110762956923305e-11,2.5131499653940136e-38,0.0008942528217618,7960.662126836882,1.5615983011817e-25,1.1545887692499787e-25,0.0005021559921392,1.906911895235711e-22,84.18755656543581,39699879.91090089,1.778310498004726e-27,2.821065473614521e-11,0.004968577618481,7.939653375750487e-35,9.959765278678925e-13,2.3161179389577963e-06,3.5368828511653128,5.3461301127226534e-21,1.9111276674658844,4.145770579636216e-21,9.12510693177047e-29,0.0003707208778185,1.7266549364408516e-19,9.739805558067672e-05,1.434358491034005e-09,290333.5007864863,0.0,0.0,0.0,0.0,0.0,0.0,0.0,8.615533943352198e+21
1553.3569294033314,66776.80491354427,12.036675036428786,17.124348697906694,18.29895106951554,14.134111607008704,12.4662962687346,601956.8516460822,75025942.63291055,14428.888063884158,105083167.24799326,537.4371156327724,59017367726.10758,3098.2689077688983,321085377120.2399,7768131321.519386,3122620.4320854857,1437057118.5446486,11.904488427658151,14075.926021579782,0.1553191523058657,9.645079172468112e-05,2.889847306539838e-27,194041074603.26343,24972273.154839706,0.3922265362736485,1419.390404674532,7.209857936741451e+22,1.1801568049864182e+18,2.604328733219515e+18,4.134245078695717e+17,1.2674071022623552e+17,138366138002.81024,39212732543642.766,719363124864.1823,5.475189750856437,1.3272551076381381e-09,0.0265304792789069,2.1048351010599707e-12,1.7507372740106845e-19,4.791825020528915e-41,91029543713853.84,12835840322200.676,292642864020492.44,3.1385355346071044e+16,1.2151130802389212e+18,6.868071436158134e+17,22207679668.38281,5.972183196534869e+21,8.253796893190651e+17,1.163278827818614e-43,4.29797468295121e+19,2.3324505276513768e+23,0.0111086719992058,6.742680730164854e-07,3.4010616264823516e-14,4.1124845051821823e-14,4.2211914581312367e-26,263.70563232465133,1.103779812670619e-09,5890575.710324397,1127065.716094977,2.327157128520804e-06,2.4613968914262852e-14,114.09092010248624,1.2312966993584668e-14,2.6354547793363876e-27,553.373719723035,1.5299141746752904e-08,6.164680105022175e-29,3768.3189241303694,1.3584692306814812e-08,7.4681624990221e-24,82256.00245459635,1210329304081.5598,0.0001152063732153,1.477546771166593e-29,6.458298932625133e-42,2.844833748643842e-54,6.7545954353256414e-09,54265830.91816651,34800.17900429362,0.6711877057707233,25718.41485618792,1.0628062278300429e-18,2.812017630264503e-07,134525468012.13297,208801.4476711872,0.9986050312587684,6.786274767640694e-07,1.4343821004608152e-11,1.7866984159325454e-16,3.817016904183862e-22,9.918806867199764e-15,0.0012206828839457,1.1605724500970813e-17,7.373537856796051e-07,0.0003238184723498,6.708020917765418e-20,419014192.83846915,2827560.980748834,1149780103.153359,1.3909784486475305e-22,2.1394506763147127e-05,1.9545990452450046e-26,1.1432748928216245e-07,0.1165300246663339,2.317066509344271e-29,1.0936998935385567e-16,2.567590568562989e-21,3.805827339094626e-30,1.4177287459285414e-12,3.276190082808802e-13,1.1112805058268466e-15,3.50690338040807e-24,7.799190026863484e-08,5.424502570070252e-31,2.2022035231281702e-26,1.0952085641097188e-06,2.3734019345162266e-25,7.461819238756399e-14,3.687733064054989e-09,454.2556560694373,0.0,0.0,0.0,0.0,0.0,0.0,0.0,8.466389841402498e+21
1653.744796113072,100002.09797201087,12.021251076159576,13.939722060996129,14.671826658269705,8.002619805037407,11.36750902095176,558154313.5829866,1202752343017.5146,535403.4231342365,1153147674.55291,506.7357105776695,11403048426828.3,110745623.80268715,139985404805400.69,4450031687551.469,5307675505.084032,45031558633981.17,927400584.0818024,1207826030649.4834,22665577355.87376,28574927491.470592,9.426947093265256e-11,58449807806.06225,25095810.86873225,0.025755463869807,55.9947587818133,1.8732864277986807e+23,1.506338145960893e+20,2.164187010557136e+19,3.104500105317852e+19,2.4801706225162604e+20,1049743967490.821,3.1665591767130496e+17,1.0662881502190246e+19,1528033674.8274748,4.587977050560612,5720160335488.877,3333.3004924951947,0.0036372157778422,2.2670528245439527e-17,19926691916861.938,6483391792178.047,2119015363278.267,2.1448568380455386e+17,3.1241927481782646e+18,3.032100218583089e+21,581746322.646358,3.2791699719876575e+22,1.822925191590193e+18,2.2438685931555514e-19,1.4417413432819818e+17,2.141149334135717e+23,35.261200718706704,0.0074403455130039,1.9915195874323112e-09,2.387666542190362e-09,2.2938989417114414e-20,20873895.622076537,0.0008660112864127,3496629019973.099,37111794229402.18,19.22136512779556,2.3944734906181217e-08,13808110833.802835,2.9648436484306677e-05,3.1621138119242808e-15,879306177315.0725,241.8502168592555,1.2200822490455226e-15,6837.205457825944,2.239727749072399e-07,1.8158019107378586e-21,1702354.7579397457,12706563115.592293,2.1646772370683157e-05,4.041173077640613e-28,1.5501204074216076e-39,8.50131581270595e-51,5.4365710440576984e-11,34087975345.918617,902240368.4679824,89.89198728350935,46635877.05271163,3.3560956889615717e-15,0.0038899032570965,693524050552555.1,63081645612.446365,17432576.576372698,565.9045815863514,0.6547845100398431,0.0004899299251454,5.5702100171595736e-08,2.1307190991685198e-14,6.368500220307185,6.089085844043927e-14,10.841016434574009,0.4850311688887697,1.4550280541694042e-20,18814205973.085316,16069747793.869804,1161475747738.0176,1.2596090448333013e-18,205.64014806590004,7.260600305813202e-22,3.3291924409123412,20456830.891897596,1.0043224227591497e-21,9.69631487584629e-06,9.891708976840058e-11,3.1139998339722784e-30,1.1668353111282455e-09,4.6690105280845584e-14,5.2956620216296256e-12,5.123062450693931e-26,1.4386639338091545e-06,4.263109981083114e-32,4.6381703135754385e-25,0.0176664585934983,8.935645239197441e-24,6.9767356168024845e-09,9.179594491342445e-08,28818023.761143412,0.0,0.0,0.0,0.0,0.0,0.0,0.0,8.376067241811451e+21
2449.6731990682288,126940.44873190035,12.000396599403272,7.795828961315725,15.91195694773725,15.156379605413326,9.499319265197338,3733145523.844801,53282187560896.85,22925.090736766328,201442673291734.1,487401707695.28094,26717698185202.375,296775088195.78503,1.2355512407326158e+17,1.5413177713154046e+16,2560713.90694425,35480791.06766449,4959136041.971873,6269.132223761067,116503914.46314594,215184.71920576697,4.3858751845074345e-24,1.9335220781154253e+17,21518992.073595747,56582662033.368416,9681623161658.47,1.3189805363222572e+16,28608129018.863487,323074.2664393103,6.65301116141218e+17,591002503063052.6,3.0739600922015892e+16,5.2855589949572474e+17,1.5941822696601174e+16,1.861360995453176e-06,6.2905223336940125e-28,9968259.73832995,8.047968312560865e-08,1.157757154341814e-26,1.3944690444530108e-33,1.5159939161581674e+19,186595824331.54236,8.17989984226945e+19,2293060940372.538,4.060881422679246e+20,2.105953552723031e+20,9163698446.62356,78857870.25164342,1.3772622729152251e+20,7.09758334415023e-51,1.5120905598024103e+23,2.2324348764167652e+23,597529746.8343532,0.0387571461147232,2.7861863536333545e-14,3.1964426534596364e-14,1.4283669653360102e-29,1573.1594741514646,3.94915373738071e-12,91415363025.32356,2384032719486.2505,1601240.6830518688,60.61266450385104,351.5739261258648,1.5515102226192661e-15,1.820610291919621e-41,132117265.7944849,21816.55725051333,2.0626109624893588e-08,100247.00859795068,1.2762502468080552e-10,4.82236417960949e-28,70703294448.13893,2.442833904282548e+18,5.081389246969446,2.506484576988338e-30,3.3890336710939064e-46,3.4988117760276775e-61,3991844.617093465,17258.848899736095,0.482094253088393,1.4001036244468969e-06,2.8684333874585214e-06,2.471370784811526e-25,3.973539306131163e-21,190522385667.1419,109821.51975221984,0.1824694882512488,1.3532065463538689e-08,7.1809839008742e-14,4.025523515839026e-19,1.8015541529244425e-25,142.01606428706677,231933.1633557683,1.4303325288527584,2568.265463660326,12.500839700057078,1.296898190230794,37232963152772.23,0.0002983525001046,11656866458554.338,0.0004393189894532,6053.722031833478,1.7144832891586137e-13,1.428801566525237e-05,9257.25228123674,3.732888110018277e-08,0.0008257192239898,4.5325246231460466e-11,2.042901897380914e-07,4.930845609138979,0.0002632883528826,5.1418927226900996e-17,0.007322544474304,41214.023637861486,1.7553927613293103e-14,1.60119814648721e-13,9.982773362752092e-05,3.245751878138569e-20,1.5575070014955059e-16,998.6704322932684,2167489.2107422883,0.0,0.0,0.0,0.0,0.0,0.0,0.0,8.24797535144842e+21
2072.4332268775124,79807.65162455032,12.028835509575469,17.99133372890729,9.45043483256311,17.561264488050405,14.121780643628544,1902611.567413743,848354116608.0409,9.586407932658824e+17,2.88447366079456e-10,1249709477436.6487,11375702.777829904,1.360972426602534e-13,0.0005434614243851,4.04950005978488e-05,32.924646474935116,0.8248919048972515,1.5838208791283793e-15,6.380488879352175e-05,3.3873923355592306e-17,4.8321665791680854e-20,2.003904477800977e-19,0.0005768496087952,246.79354312113256,6.652843177024257e-09,2.96435669351183e-06,11613794067.8955,0.1346694863344432,1175311852156990.5,2.2829167597960207e-10,3.6229500442927946e-18,1.1774695000601661e-29,5.34235348644301e-28,1.4958598157689306e-29,1.0660471078540151e-20,4.381743100115631e-11,5.217711892323554e-40,3.5818185144902094e-39,6.3180795542513616e-27,4.567896985790062e-52,1.0582351638853677e-23,1.0595664697786488e-15,8.101766071185619e-20,4.0221008246965076e-17,1.660268323263338e-46,1.025158972072709e-46,4.0698018911533735e-36,1.030817494306322e-26,9.075922604169602e-69,4.0509416286756455e-81,1.0534355079478385e-59,9.968573307562725e-87,468852456.79329664,110468645628771.72,1.2583721344729357e+17,1.4684603000028278e+17,3.5384179509087764e+16,4.823259816696749e+16,5.94029218521228e+16,14150.064350268274,29968945154.77637,620011.4632586541,2958.8899638083517,1.4659491841268142e+16,8327045564827.685,9389080586416.244,9.482083213525224,7332.316476508177,2.8650516537797736e-08,2.9295101980998925e+21,2.1678568983929668e+21,1.839177951350924e+18,4725147.416347419,7.327519146713737e+22,2.3824709207660065e+19,1.3423662422243937e+18,1.0742069997708253e+17,3.560871588142684e+16,423178825519.2785,30606547423860.3,6623.77969208315,2.0046104052565868e+23,2.6221805292589867e+19,3.3421811696983444e+18,2.8922783575442665e+19,1.4424646869024396,3.2425968689087706e-12,2.1367605528918658e-23,9.090384102208532e-36,2.1187846806519095e-46,4.3041344274214003e-57,8.99279109413201e-69,1.883228113102786e-23,6.447860586090314e-22,1.0658426422816531e-25,3.2692320480888773e-24,3.864397059246467e-07,2.9906950209003964e-23,1.9865529694419684e-09,1084.3047911415697,9.81815976506825e-35,8.625522926330654e-08,0.1209762711481481,0.091593371304534,1392849.5581829054,7.320324805470988e-06,1.126826888619986e-12,7.276560701992023e-10,208.5669847557527,2.85433361015147e-09,0.0077672368481422,4059082655555.005,4377524714680.361,0.4828438790064802,199999.90631116583,1787.6077692038346,0.081832139445727,9656243.83273977,217499416.99357733,20920811083.10265,8.736547412461868e-05,0.0036465935041722,0.0,0.0,0.0,0.0,0.0,0.0,0.0,8.05009058455662e+21
2323.8730366302284,108217.72106763064,12.018605694827308,13.809214464032827,12.609511671689868,7.429334472868204,13.358673658144436,1293489227.9722135,5464089139183921.0,1.7444128124416092e+18,72.95434973653258,2935061941.0315695,19983914470796.965,26.849154701685883,775350.1453158163,83009.84453576234,4313208150.693035,2014828170737.6997,141.3466057379174,97471569509.70367,1131.195941855323,677.1080098517707,329.6380849476365,3086.7401400950043,99915875.31755169,1.222049138617566e-05,0.0027777605991949,6.300090436749782e+18,21586529372235.844,4.5814391779540595e+22,1183484.0741516508,2377.8263808941674,1.90642894526556e-08,0.0001531263623864,0.0015807746997149,12195.44877912295,328661912463.9601,5.1426997479836995e-08,7.703067060288252e-08,903.883565095176,7.511540151727163e-15,3.9747297475768787e-07,1.7867977466768556,8.417940456021786e-08,863.1866791445531,6.518750243923415e-16,1.2589174519777004e-13,3.6910682486848014e-15,26.597340321204612,3.237704694767983e-28,1.1065049526267216e-26,4.518140993703406e-28,1.181952478475622e-36,887802167.9145246,16486752155252.104,2647123796930234.0,3052542789479388.5,221142538270686.4,3.831640374850293e+19,1.5170878032184596e+19,17756856847950.223,8.000498853582528e+16,676035611.3825132,488.84284114711903,3.289953462941928e+21,1.537206390781438e+18,2.557423808667371e+21,7154866039245.158,3092330208.82601,0.0070710251897494,2.4311433360800346e+17,5.136615288839517e+16,24230319893888.26,1080969416.4246302,1084114910804266.0,252850511689.4211,2487595311.7831535,55947323.26931232,8041532.516620001,11.681956591866244,3.8512419985908285e+18,190301081779714.4,2.998864209805703e+22,2.0333343840561343e+23,5.116924067093947e+17,5.127724849205845e+22,322644480049.72064,267797.9732626699,0.6437752936102833,7.713733141389793e-08,6.104599926786127e-13,4.813606801397697e-18,3.2736328185728834e-24,7.64030106266984e-12,4.349497926315504e-08,2.2744564230169902e-11,1.3455974688064333e-07,232646.04294496015,1.4691653731965289e-15,0.5965036425551291,18015553667205.3,7.707437502372584e-12,0.0036738856833319,282483.53556255886,377.23042855151425,208779922717.1891,1247144.4554805066,6.268391019104854e-05,5.33672215887729,23251984027.85984,7.868809238480372e-11,0.0109250559667345,159154291.868485,14212716929.881628,1.585430105533833e-07,4.524278603354335,8.427232834000588e-05,0.990932994102237,4145688736.144918,84335158.19511983,1392171222598.8396,140.63242987697006,1037688.4179691446,0.0,0.0,0.0,0.0,0.0,0.0,0.0,7.913038916524653e+21
1609.4826774425012,90305.44576079208,12.031333002756384,6.957149322592167,11.0279382301814,8.580250318808508,7.081051047120813,105273845403.44614,6.436981544962543e+16,11286.027270400988,14.951973043042496,393783.522661401,9916889417.71172,151382.8542377217,945475520496905.8,26759418398845.684,1970537106.8448057,6386033494.2306595,158581151880.90106,19438710104523.883,5.170156930111016e+17,8.40186265308912e+22,0.3604677023381828,2652086.047309738,66.8660638734296,0.0016926681794868,4.570435215623225,439883074343251.2,550545462.2086027,3038212548.618377,1450301845.9700787,23618503.310461633,0.0005721694964721,29282193.98080962,132649837434080.42,52.417573324597626,5.187245075028991e-10,6.914805149576201e+17,16911813.142897677,0.0593294184403863,3.0281102718762106e-05,37.19245148473449,0.8315516436639574,12780.471301910591,11.983684995900086,9.698598313098612e-05,13036.584140124707,7.1498749744858425e-09,0.0070825728697978,2.1669109540364312e-12,2.0437315787290168e-24,1.556012719714792e-06,1.3280911263886588e-14,2848919559.9555974,34696.220137853794,0.0004476141353953,0.0005386038180494,1.9589424021373295e-16,55553457413.00783,0.0851678473822631,328704478140377.9,2.548418698395902e+23,180149905899566.88,422402769.0428314,5.345487532924422e+18,315.2549380953927,1.8777263685048921e-13,9.473041309005804e+18,2.996044884522642e+20,181242986406.24008,394493.0158025634,4.955234922922439e-07,1.2531991973692174e-22,2902476.841769579,5.0731603745056776e+16,2.4830178039490045,5.354177211945345e-26,7.989098764787325e-39,1.4692959686658728e-51,0.1840717441973741,1760701.5884511948,78.1412898155665,0.107648437048548,150.46602943813497,1.0270474091264052e-19,5.183376962330811e-10,1217698799.0547142,159.95895566096445,6.421371342708849e-05,3.283695344338326e-12,5.6476425033397736e-18,6.037306310060066e-24,1.0326799625076848e-30,1.6003634342888165e-25,2.070946443841163e-05,5.450612202899319e-20,3.955593805366006,7.258490115387396e-08,2.196868052812934e-28,350750892.3386516,484.78427344491774,0.2729099806301822,2.4875490412477065e-17,2500735114.6211324,7.715217635806469e-22,2478423.328060802,590584607745.3594,1.7750163045045264e-15,7982079.190353036,3.1427167501539484,7.438321626985048e-31,0.0001755994384017,2.301697206656571e-15,3.631399206697732e-09,5.1424476025038923e-23,825.9260885115965,2.0504247262716704e-30,3.6003827584377094e-30,0.0970249102405214,5.314181315289183e-30,1.779308075876927e-09,5.5256979918014535e-14,7358055.971336819,0.0,0.0,0.0,0.0,0.0,0.0,0.0,7.866114160323474e+21
2127.0292719709178,78968.29387894369,11.999224347440018,17.978675194346074,9.42006698316708,17.603176187717867,14.161639209001654,4726157.566754782,1195522081394.748,1.3339998560301268e+18,1.4214645716511795e-09,2590443042041.7817,32271287.21820136,5.723152635216611e-13,0.0012002155492115,9.747353111210668e-05,49.77405121562889,1.4767508175911013,4.996224296280856e-15,9.24532178008719e-05,7.658766296603073e-17,8.043391986468493e-20,2.9254380591150596e-19,0.0019265022015845,538.6067902282603,2.914798269197588e-08,1.1068131708574744e-05,16077100802.43588,0.345846539776966,1049972028461652.0,1.109714684925075e-09,2.6721195778666705e-17,1.194565100848242e-28,3.2517467429861446e-27,6.500081483468772e-29,2.3123304789296006e-20,4.190635785279859e-11,1.8265881156230045e-39,1.0531365565672011e-38,8.26866651802583e-27,1.2495121512897658e-51,7.430321469508228e-23,4.3024314871698894e-15,4.105434278069264e-19,1.763246266550877e-16,2.756059385563139e-45,1.1728098440703593e-45,3.1957598587534184e-35,4.3652955573955646e-26,3.362666692612255e-67,1.85021426873966e-80,2.2620335675461384e-58,6.502399326934539e-85,836218097.6983279,130065698612997.0,1.1220054801795864e+17,1.3056717933179789e+17,2.8517641896430564e+16,4.993777310386414e+16,5.665625774070814e+16,33561.11110736903,31039122413.35524,878172.2648280347,4527.1399368711745,1.0180429288438332e+16,6655273304546.049,5757611353746.836,18.040654815623252,7501.014604372278,3.946009188393096e-08,3.3154721539637825e+21,2.1977569473379652e+21,1.9549172269301985e+18,13982620.3773289,7.724462227730628e+22,2.7976218817100825e+19,1.5151683316832543e+18,1.0807707739212237e+17,3.5446071828654224e+16,874002443005.1274,56044071688128.445,21188.08628651093,1.8605033832102243e+23,2.9898162586027938e+19,3.761231379864403e+18,2.8012181004856365e+19,6.223209925275927,2.7373921870841486e-11,3.5191328396002833e-22,2.74749491212995e-34,1.228203799894024e-44,4.937266093141789e-55,1.9591734166310072e-66,1.9601406928988136e-22,6.3318112363095165e-21,8.625196662305492e-25,2.590011221037779e-23,9.365985808868646e-07,3.1905986327328295e-22,9.138119735502872e-09,2158.931315816152,1.3247844285154553e-33,3.592525766963445e-07,0.3654419851852987,0.2645052789289666,2647626.923950128,2.952745765956298e-05,4.525572824425619e-12,2.610062713679994e-09,209.6365921363505,2.0036365214985123e-08,0.0388762964362418,7260859036391.162,7551826006178.674,2.0042757761301453,635793.7985713892,5644.531825245343,0.3370593304768163,26013016.75264118,477830920.7803737,43690974093.426254,0.0004583574215692,0.0183184084868098,0.0,0.0,0.0,0.0,0.0,0.0,0.0,7.829522007582797e+21
1850.7296852758104,84019.68878911818,12.003388878122545,10.58840437731524,14.242773453080536,15.89717524513072,13.159621586209814,956817.9307612352,147750370457456.9,89471.31268059832,480590072.1570763,98817906151.6206,2209929683516374.5,412658354.03711414,7.957178586063747e+19,3.964084234271854e+18,12414219759608.342,58943764292.550446,15909631097.878998,10652138901.789549,1399514352076.564,7261216899858.168,1.0635185741637448e-11,1.408414279076892e+16,19342563461.683414,109595515566.5028,103209688795827.6,3.1710580892529935e+18,5.252011203140527e+16,1093930677578.9012,1.0262489838405286e+19,5.943467106750117e+20,1930010355.3325112,827512659986589.9,9.738076642356464e+16,337.2321000271488,1.229358854779777e-11,7030654133218.155,48.10492910819033,7.017877756907642e-10,2.8082849236360233e-18,2.3192537069896732e+16,13068205349141.52,1.9499080735026197e+21,146197973238.48813,7783850936237.883,2.326962370435512e+16,15894263976561.93,55763520809.06156,29174898244.33066,3.613955324313933e-30,2.488367743021034e+21,6585963897199.035,64709677155.89112,46513.30308241471,8.553898040743962e-05,0.0001011145492264,1.6994647437447658e-17,15467698.568716014,1.229423769278543e-05,5487962019455053.0,1.8985103336573236e+16,217616432336.33765,1737934853.2191484,26280676744.006504,3.4161882082595525e-06,6.561595588520993e-20,8935705778599072.0,10223842782544.406,20869.794734477855,1708590773.1792088,0.000928997141381,2.792261159119605e-19,1796145781042950.8,3.236794593837945e+23,28080782.83332872,3.680482523760807e-19,2.232905527430219e-32,3.4153734608961735e-45,194729149286.92343,20113861526.463085,8173684713.199189,0.0542945430616724,69084.97475164202,1.619680846402603e-19,7.196204418109938e-08,1.004855285617978e+18,2507146472635033.0,18622050100106.77,11863712164.639193,337549102.840744,7254078.622694231,19339.775629049356,2.7587045813763857e-08,0.0014940340609063,4.375751008401653e-07,0.0176552727541944,194.04722413570676,9.3202843380442e-08,377016388712.1101,0.8283887270007624,147528.6197673094,2.7537163583176654e-09,20.824073284656933,7.063791245258774e-15,0.0009095396864937,8177446.572677508,3.701779200659407e-11,4.8794443762014305e-05,0.0016672976610674,2.1919868669945382e-14,0.0003482249344849,0.0080488113658795,5.4481418437145135e-12,0.0001026655541793,177657.8328748103,6.007912385001666e-13,1.3902545542302588e-18,1.4331356402038971e-06,3.039700856593082e-20,4.466241958603165e-15,27.732978201532845,1707282.2718947886,0.0,0.0,0.0,0.0,0.0,0.0,0.0,7.78836422757367e+21
1562.5986209788182,107564.38219926658,12.002785062055684,16.48351392176133,11.665437296021668,16.605402262780547,16.709514607691077,1190792.4793055602,7660006206975.759,85166297599.73326,1.2824804905170506e-05,296907961.59429854,1.8639810390770852e+16,3.305161002147875e-05,1238703737.6349008,30776535.31618216,57083808324.16052,62816690.20080637,0.0106745949604351,52877309.460186206,11.53459831116522,597.8839160307427,4.87755705122021e-07,9269.08385339861,5566941.779122909,0.0089728275040065,30.89682314121076,3.173907581850937e+16,1.4355532300054189e+17,5.328308363768523e+18,11508038896.83321,916448114829406.0,1.5741610947092033e-15,3.4966586827194786e-08,5.301761262823639e-05,0.0092504374673639,49.35347646012151,1.5405330002708812e-08,6.15956504525155e-12,1.133753451693768e-05,6.1542852873788366e-24,4.072570790062806e-07,0.2585644360842457,0.5217919625489261,0.0014667356901914,1.2023216322668149e-21,5.581656968155776e-17,1.7996606339373017e-11,0.000109552592887,7.773287811740794e-35,2.7543748212290948e-39,6.6373033817322985e-22,1.948410830858223e-42,538184525.5203573,153072736266.53918,37699251016.821594,45547288215.34174,241245.0594683883,130566537518516.44,2836054260.2932343,1.617033372796563e+17,9617153700260968.0,9641789465.832403,45994984.47102271,4.5870327123384095e+18,2749286121.8446584,3509620193897544.0,1.3026528867984576e+18,5260603668679.251,937.6198224211508,9209619633414214.0,170838983612.67868,506.56400104866935,1.1610820267440254e+16,2.396923973571588e+23,125404998202375.94,450.0282616362504,0.0010085899338877,2.357298220674755e-09,724076485.3695346,7.979313971857991e+19,1.3903213137144102e+22,18633057056596.652,1.740227882914953e+23,166.59858648096724,9.624828094141989e+18,1.1064061154244392e+22,4.827815069944044e+21,6.481831518005853e+21,1.213881557341869e+21,7.164876863103773e+21,2.5148184215165134e+22,1.4962051235903368e+22,1.0155020276531878e-27,2.762057883860147e-16,1.0099166535834654e-25,1.4382744081852696e-14,1.0349691205043174e-05,3.051697264812448e-27,33.14528463498989,11113152.23009491,2.142432007298262e-17,1.3209355527281309e-17,4.142410662405561,8.840150616242135e-15,102359.74522127792,5663773938.013596,1.9968205983056577e-19,2.048513413484784e-06,7.073969172630069,2.039169656635895e-24,1.5406808476169866e-06,0.6145179182667528,24683.88745853776,7.052684930700091e-13,32525.221601184432,5.333542633536815e-13,1.2095956306623765e-19,11.88119497555432,5.725792705034951e-12,3.98703999086875,0.0009380536509101,256576831.2720422,0.0,0.0,0.0,0.0,0.0,0.0,0.0,7.589184776994128e+21
1568.727483573165,77369.54570107043,12.026033435622685,9.068507721620056,11.316963419369468,6.435347251504772,9.936298878799295,1539241912.4827957,2.5416236975871576e+16,1986380.006972168,52.878140315184304,5233.826835127202,12225249258824.984,408321.9794013233,204239076619622.25,5163920924886.024,190040148364.33096,14242771443196.168,385113459631.4431,3.55254625552599e+16,1.203501890956777e+18,1.8134252906233083e+23,68453.23027762308,537252.3988331299,6450.137593854051,8.347063535097581e-06,0.0278194934232707,2.2088305600918497e+18,6001993873557320.0,7392535385993197.0,25130915396773.59,1154535600635733.8,0.0224213853092379,1389186873.9406822,6083495135182653.0,438665549.46212286,941.6849001399552,1.6193316155606485e+19,136129614724.56915,101181289.34003696,27.97750949428637,81.79871883321077,1013.9964840605354,1490.9044764171908,384052.1155643033,0.0565247607705725,7547602.493952178,3.6545166037553934e-06,1851572.1063116165,1.2798719442581408e-08,5.869449452697352e-11,2.2583439745978723e-05,1.0726601526991852e-09,28486733.847190764,162399.56699723133,0.8236182452414809,0.9945332766569368,1.1248373784341592e-10,8881113354720.578,4134.5946390273475,3.165955842290437e+17,9.28367474230591e+22,1507366589394.2046,110949.85613597406,8.907277095649457e+20,11963617.424539568,3.64477146862567,7.546484506301031e+21,2.3817479160474793e+18,21167193.622394763,3133264.3862972283,0.0012388277200302,8.075232800609287e-17,116795356.48394524,56066317416934.8,0.6528983171932861,1.1037039869857317e-21,5.260043513065391e-32,2.6736493557082138e-42,2.945937900136452e-06,1044490685643.3972,108131273873.96378,8731.895371819808,45118166822.235504,1.7686909877584277e-12,52.59336207274306,4192888091627894.5,1111669644523.179,906034769.4203364,101756.24476637394,363.3399590435402,0.7760716267594007,0.0002788210456552,4.5175237395078566e-24,1.4106705062436692e-06,1.3215999200627265e-18,0.2180992038254572,0.0023134169870447,2.074253307030741e-28,2209586.2452396587,19549270.665450457,0.3484423758337467,5.060616024844693e-17,17280305.68224988,6.860854977052972e-19,8484164.03139598,13326403169162.67,2.3493021459069074e-15,27367.739303467304,4247.6410175194,4.26599285550698e-32,3.4975378966157645e-08,2.1277191878661482e-13,2.1477107666959042e-07,2.0178381449247632e-25,0.0102460202570736,3.1450714454144545e-30,3.2584306301101295e-27,0.3413004481247868,2.9628792616034672e-24,2.372007314169081e-06,6.46273288593906e-10,203572412.87520176,0.0,0.0,0.0,0.0,0.0,0.0,0.0,7.586911021843797e+21
2275.59977623908,108535.60054824594,11.97167401073324,13.822293695864794,12.632258544752531,7.42261355753844,13.3640444396661,783350731.8007779,3351038793110823.0,1.3877678728977388e+18,21.30513284074836,1797502850.7724931,9799344016199.809,6.950579016679238,337599.057885584,33928.18595137949,2516558765.170845,992477654301.7068,35.689469701645365,44219533741.547104,287.8437360629902,170.14054884908288,94.03851680645424,1257.0139334869089,56377724.42356503,4.261405264520769e-06,0.001089378161435,4.757105897536176e+18,10898823940852.95,4.83536954255551e+22,368898.0111407465,574.774546078148,3.090389305856046e-09,2.850595928163714e-05,0.0002972280186456,3956.3135109167342,199843625329.03323,7.0499637704744145e-09,1.2154787709308365e-08,268.1807236472287,7.924396513962707e-16,8.835288771747523e-08,0.6037710258855925,2.488339060480307e-08,262.8137532031605,6.954208308542274e-17,1.4005998723351322e-14,7.582641275489585e-16,7.942039857164744,1.799995627788417e-29,7.34519172151337e-28,4.1034496276328515e-29,4.0871615703355756e-38,479372544.1388463,12251275471238.305,2444247192570629.5,2824526249044631.5,222730433199047.88,2.9922772256812745e+19,1.2748395052856424e+19,7841033757133.448,4.860530843750994e+16,341246884.77024484,243.71707431726375,2.72048238718866e+21,1.1603358497017329e+18,2.5388416698808287e+21,2930846518126.5967,1563785315.1986988,0.0023655429857992,2.3584887478669786e+17,5.475209725267064e+16,25241472994108.61,538025288.0428898,1144556685797858.2,249548376496.99365,2594144940.859155,64218108.4704282,9429722.274797864,7.851459519042676,2.643262343667315e+18,91443104429981.22,3.259891579727504e+22,2.004941190584165e+23,4.888782607063923e+17,5.773478729449813e+22,122666192202.08354,65502.35596074609,0.1015097197002656,8.20519761485935e-09,4.238834738652372e-14,2.130529393737798e-19,9.530253298509084e-26,1.082964353974147e-12,9.071707342887124e-09,3.0626780458196692e-12,2.601662383813816e-08,77148.30130262929,2.140267717436009e-16,0.2279351954097571,12518830693696.703,1.2023554981919382e-12,0.0008536508698343,117279.86800649094,116.448316390423,123728226483.71803,443245.6893665958,1.1798000168152093e-05,1.5394642218700398,9721066013.957912,1.6515149430393197e-11,0.0041488703916187,92800403.78975052,12157180403.24362,5.130344866987358e-08,2.51395874381905,3.3779567963867164e-05,0.29835215597306,2406873449.0691934,40920415.77003826,988505204763.6783,36.91386823537085,396595.9356497744,0.0,0.0,0.0,0.0,0.0,0.0,0.0,7.326437551575552e+21
2108.607734850531,74520.37965495943,12.009959105444256,18.01671655213662,9.511957015864189,17.536609715478875,14.15107894548688,3498015.9363212483,1060709568029.9866,1.1920715469164434e+18,9.33622648416885e-10,1830822454900.3513,21261081.08527893,3.938552029969378e-13,0.0009203224851979,7.263897411385686e-05,43.150014555268854,1.3449931154824086,3.759924269005272e-15,8.978453909114859e-05,6.398533141813989e-17,7.393897909712137e-20,2.7924381413602117e-19,0.0012956023641629,415.8557010451205,1.6122482880287095e-08,6.455415663207232e-06,16041210814.479122,0.2616985822882835,1207736923603910.8,6.81628108403349e-10,1.3305622453659993e-17,6.88294428682904e-29,2.2063300706320775e-27,4.902447056869943e-29,2.1833274477621992e-20,5.160307604911968e-11,1.4625175000617734e-39,8.907632176160465e-39,9.095243970559236e-27,1.0667008947484964e-51,4.352988236996204e-23,3.0137171698547578e-15,2.4117203906936623e-19,1.337846124846554e-16,1.5034063150827602e-45,7.196731511303515e-46,1.8043198456353865e-35,3.722980320870847e-26,1.5663884462591938e-67,1.6456900756858243e-80,1.0225755423826176e-58,2.7984888825118837e-85,617554750.4985198,109910296940319.88,1.0365755315815085e+17,1.2073781483843763e+17,2.7162158320561296e+16,4.893273598408907e+16,5.687745138834932e+16,23325.26401673839,30320843308.96232,695918.1761344203,3147.014357427196,1.1320917045489458e+16,7042632876880.711,6155429402853.439,13.409386417546475,6582.186134881892,2.80668381593515e-08,2.8555803780509603e+21,1.957424108624611e+21,1.708837306462416e+18,8175517.291991195,6.148452257254869e+22,2.1420870520372183e+19,1.1684452464974075e+18,8.632064953823976e+16,2.8326747582471656e+16,500902189307.59784,42565935329587.06,12450.890766525572,1.895943351322445e+23,2.6491686611696034e+19,3.584843040188018e+18,2.6122109768510444e+19,3.3214079261839333,1.0885992769249006e-11,1.0437970201690554e-22,6.202698829042891e-35,2.079788966224272e-45,6.2061448469041935e-56,1.8532289456887482e-67,1.0037650277866728e-22,3.31179476907546e-21,4.773055456919948e-25,1.446254780895741e-23,7.707598806961608e-07,1.4584579446779513e-22,5.531742036592231e-09,1905.5912841433253,6.9509401589486364e-34,2.223087305463278e-07,0.2520290807224231,0.1842717174832938,2122905.55138542,1.722613649920116e-05,2.817671022880656e-12,1.69029404566796e-09,204.80586976603604,9.440708161629596e-09,0.0205305279441186,5367869119962.267,5644156624709.637,1.0116776546738062,351273.1274891252,3110.288931111355,0.2099692347538685,18689894.769427825,365566837.28152144,34055765511.33706,0.0002460447800049,0.00999467053679,0.0,0.0,0.0,0.0,0.0,0.0,0.0,7.27334718911794e+21
2214.9746963725984,96800.69472231437,12.01618709669767,12.984045964570369,5.444914877626657,11.91073339765292,11.446163631472164,104428081.648026,3910957973079552.0,2.646891897926241e+18,1.9808349235914e-07,3942540648357.0215,20697465629.018944,1.2260785877572465e-07,49.474505120466425,4.574131507282791,1398942.1157339558,105388.8710192698,1.3544550552603157e-06,9371.48570528188,2.454499129124648e-05,3.1743200317833065e-05,0.0001377702738083,0.0758324569493956,13486.3160120384,8.775832003524281e-07,0.0002619381341448,398768162659.4699,2906.694886703567,1.6261730099716816e+16,2.0193060927330036e-05,1.216873209374191e-10,6.229187578168579e-25,1.533748350797397e-20,3.6047148944100754e-19,6.531281478198856e-11,0.0502702981130868,2.788870113119115e-23,1.4935410079782485e-22,5.020547420498746e-11,7.28954423092939e-29,1.13078683156875e-19,3.458490005765909e-12,1.9419068087656307e-16,3.13706961843659e-13,3.801764606790881e-40,1.796156378027264e-37,4.445399016831347e-31,1.1230281695993065e-21,1.9656310333048703e-60,5.410271930542503e-55,1.501110728979498e-52,1.1247801136385892e-76,1980175844877.9192,1.988376180105401e+17,1.3628433600914132e+20,1.5792197271359593e+20,3.5931771824939065e+19,1.2381191419006693e+20,1.4989176081024254e+20,32071798217.884884,1.245466590927634e+17,2868297982320.6357,8441544195.135106,2.6989493909151696e+22,2.634112008441087e+19,2.9759961055358773e+21,24148536706.69055,29306454414389.81,239672.39290512496,2.445678314621767e+21,1.658199770637564e+21,1.9141221674765944e+18,4851578269.802748,2.1536476646912712e+22,1.108794466584518e+19,8.2488677811928e+17,5.981758510234444e+16,2.3302360252300356e+16,341350386150.7572,2.2426586320538464e+16,2620965347.547497,2.419639865129921e+23,7.073197610110905e+21,7.897292069139974e+18,6.259713726145022e+21,1001263.2137526526,0.0016163665279957,7.593184984179639e-12,1.975034563529083e-21,3.1444314428694463e-29,4.72165927450017e-37,6.57353280335061e-46,1.5062891542782754e-20,1.3960561425530134e-17,8.85201449111923e-20,8.047560417500752e-17,0.0188641696744125,1.2922261631571622e-20,3.260192392485091e-06,625767.6296026558,5.941764217281563e-29,0.0010754235817359,21110.62081330277,550.0469424207774,91779510531.36015,350.91656126716185,2.504126363776793e-05,0.3814143497814665,338612574307.34485,3.425893783494525e-08,1.2502254976717608,1907907271982.213,71052308620808.08,0.788257890417184,5236578.95057605,1775.575041154578,0.6133616119664201,781675415.3168116,406854809.3054584,1079530272133.137,0.1326979437393674,155.54640487333606,0.0,0.0,0.0,0.0,0.0,0.0,0.0,7.109192714415431e+21
1346.1048290201363,106038.43685871612,12.014460291297992,13.129332861222858,13.142263027957766,15.028149819889574,14.522726611119328,135743.69202755214,7574756055100.276,2600443.1818663175,0.0186811960410299,1250669.3269192176,801306973162598.8,3.1840624941137543,4.777736291867261e+16,578071668141798.6,2.566374922731239e+16,3573808468242.0723,195469.6297350248,315572851221988.44,60096107849.1082,717952078231918.5,0.4395041999725556,634155009.9393132,6748201802.148178,124.44257387527118,1647131.9053636682,8.557698646667006e+20,6.2674319426629e+21,2.845695051148848e+21,4795199105806245.0,3.283769280252249e+21,4.890517850992636e-06,137326.589466717,62931270555.950066,863586940.3215026,1079522824.6279974,34888953953.33742,30924.443543375568,11709593.0875451,8.796703879035136e-09,52907.59092238258,1557803223.464161,1966670303741.9993,2542300.420981403,5.15071958370029e-05,846.9684962364356,790467.6206360395,116079684568.58124,4.1319674580928115e-12,1.1632172985506188e-14,12652.941393920471,8.533892811942973e-13,136798796.35463902,613161672.7228072,787916.458822946,973464.398017097,0.0060357625988123,798733833824.3013,17346.992308751815,5.342926263948027e+17,2.10347199176664e+18,292222985767.42255,1429940189.2966444,1.3561336978327402e+19,1304434.8297240797,1073067866.6624357,4.776061172416563e+20,4.295237670743139e+16,23312870.13738277,2885134427114.193,67284.21336991002,7.080817770903026e-08,650167569267922.8,5.095216650135938e+23,56662333298.14015,7.246003560943332e-08,2.2717316792386697e-16,2.919359071912748e-25,11432549.299209995,6.427077382447107e+16,2.8380685477972595e+19,8085889.192710107,3.6113088285878103e+18,7.3957427802849595e-09,400505643215.3341,3.791251552241848e+21,1.67214149552756e+21,2.368261325398374e+21,7.713292248082843e+20,5.538087911099865e+21,1.8575075491487144e+22,1.4461817353282e+22,1.4926495494295305e-29,2.60356865696418e-13,2.087715227827337e-25,1.284365720382903e-09,0.0002447539654877,6.83986479599949e-29,31048432.41931728,1463869985.5244331,1.2262630933825085e-06,8.088123792735972e-24,1.4377412631535855,5.466847736660405e-23,795.3997569464437,41590280668.24365,2.9362802751428947e-24,3.038359861313973e-06,0.0871099652410358,1.7169739760963544e-33,8.47168424705487e-10,2.148773474335319e-08,0.0233481302264482,8.656772462881761e-20,1431.8524328840151,3.301207046910613e-22,2.2577376750187344e-30,0.0002969653191588,9.649819644057701e-24,4.0738907461663514e-07,1.22327684245034e-09,18900829.639718942,0.0,0.0,0.0,0.0,0.0,0.0,0.0,7.013640364469053e+21
1391.166538685341,81429.71714439018,12.002987390627482,8.799710188943006,10.503001959599295,6.395563416116843,5.582613283554984,1882853905.255188,5683602306876734.0,1845.0119479890943,0.0002449766185252,3.8864323651147297,7245594.479093508,11.721003552165923,37431458517.76407,535876695.93259794,3549361.9962787577,928217039.9631016,157850791.21232328,20646170778913.062,9683354824032020.0,2.4245794497879964e+22,1.5558734071897211,2.923405138598903,0.0049742282492509,7.192321012930952e-13,6.944894398466991e-09,353978615920566.56,10009137.206746137,183374256083.0087,72571.23258480051,129.86167734055354,1.5286212994637735e-10,604.1707337210195,54422231711.273094,26.37596252520067,9.040196575885188e-07,2886104021535455.0,665021.7277343818,7.09258174601429,8.824622544094779e-06,5.962175308793162e-07,2.2438443045182073e-06,8.709731904267731e-06,0.0056719369339362,2.484064309023983e-12,0.0077475873413835,1.754303054395591e-18,5.145160648868649e-05,5.371352383117323e-22,1.4251222528300935e-24,3.0967503372173564e-19,1.9252289588695116e-25,121983.54478963884,89.95445750175097,2.4599477804684665e-05,3.023413434284285e-05,5.657699065077233e-17,122858045036.59468,0.8362712164629699,1309915595853.4917,3.343781737759347e+23,63748014654.42783,267.72245227739757,3.679513076938615e+20,17000.531196893386,1.307227913587068e-09,2.912222955275143e+17,1.8932064763489777e+18,510697.4914077196,1026.9971776224477,7.114739141131809e-09,2.985511179034364e-24,4.777785158752158,319567990025.4851,1.5980706353660773e-05,2.5534002098744097e-30,2.315184650897154e-42,1.0718869323005915e-54,1.9462410686883868e-11,91859.09814611787,0.1412144326948959,0.9674582902179742,756.7809709534721,4.723982169395128e-19,2.23369431625103e-08,91337.6216963473,0.0001737896433695,1.0505144852659717e-12,1.299363461113753e-21,3.851239757063268e-29,5.639945779731963e-37,1.782211958825631e-45,3.4423995949298083e-34,3.1645720441139854e-11,1.1334948263869702e-27,4.03937269800492e-05,4.6841637042529825e-11,1.2353189438795044e-39,650.1283539938561,1096.3936346327444,1.624489125796062e-07,2.0495589805350357e-23,11537470.096168214,2.531812622389795e-26,968682.1072547656,709606816.5508019,2.646580222379408e-21,12981.938250738272,0.7603321495590262,2.3470472761364213e-41,3.547887838395955e-11,7.670712993736056e-21,1.6839225722768633e-11,3.192306802437511e-34,1.8609887545094207e-05,2.6107006252488606e-40,5.4261958668149006e-36,0.0018486205482292,2.5389171290248164e-33,5.721708809098175e-10,1.5041720167858372e-20,1261.6971365048455,0.0,0.0,0.0,0.0,0.0,0.0,0.0,6.925079903335141e+21
2945.3951450867694,106098.16105595796,12.004909371544606,15.119571825383636,8.008753459670134,14.125732776106382,13.867271021252431,67581118313.40321,2.4354333543963016e+16,6.643554011469592e+19,1.2992579543351994,2129165264841829.5,134633564056862.42,0.0558997179994892,51941.30334167429,10391.40797762658,63039202.20378029,27703880.8506137,0.0131546685688148,108471.45140337537,0.0034531917260661,8.386246473391509e-05,0.0001644131241198,11355.106342061432,58041836.71178552,1.1967511291470736,84.9967203774936,34994979212851.61,38697572.35949874,3.723770035437606e+16,62.77663070813527,0.0093088015597728,1.034568023339652e-14,7.48847602465582e-13,2.503774392232162e-13,1.1100533884995249e-07,0.0969174080718202,2.361016722572387e-19,3.5720038209396985e-19,9.741591142836564e-11,7.889809937579536e-27,5.347490704456049e-11,1.4187130093561373e-05,3.813255035559085e-09,3.6326117047733223e-06,1.9537383382628054e-27,7.97367676668543e-27,2.0079069084096668e-21,4.8907914020971047e-14,5.843952046788762e-44,1.303952363799112e-49,2.0447510056752166e-38,2.1441596463194124e-57,78606673121121.2,2.4437357550458406e+17,1.8434639881283013e+19,2.0802836198069363e+19,2.6358882572146447e+18,6.090728364799001e+19,4.710387568652072e+19,11824318670521.72,1.3590031666747294e+16,4115856409389.577,19322645829.6644,1.0399499247735664e+20,4.898347151876435e+17,5.119560862159664e+18,355271820032.8674,656993206615.5728,18828.585987908173,7.213024632822068e+21,2.4045817802793597e+21,5.835991540626032e+18,35195522591610.805,1.9524509952380804e+22,3.637744440761473e+19,3.3602297249111905e+18,1.2070515904834694e+17,5.591057750027911e+16,108498608287417.56,3.658968454080702e+18,35901637777351.79,2.0440362473837773e+23,2.11154056465147e+22,5.070191713585629e+19,5.785485252226207e+21,157178902104.69766,61198.35505426306,0.0675927748981287,2.352602261101065e-09,7.559463155151945e-15,3.1103153080875075e-20,7.905464715848036e-27,5.280772380565389e-10,7.563604822408614e-09,9.139775512222143e-11,1.661281777295619e-09,484.5473332373286,4.3708270781324944e-10,1.3967472293277912,314563764.3700636,2.0951543101696605e-18,747.9924884373401,20823069.851429533,18047238.59288559,1761885525474.2551,2364806.7799687423,3.66437141276662,519.1948187815556,67380987975.70413,7.072572620529533,313668.59806379414,2184291231128798.5,2028776994749438.0,1084901.2529058582,16514910590.954798,277813176.0914551,1742573.001983567,1236681770448.9531,5114131414875.499,223642805053428.3,1390243.5160572615,28408664.09041734,0.0,0.0,0.0,0.0,0.0,0.0,0.0,6.754080446238257e+21
1323.9873574737858,92173.36868176852,11.962312959044317,13.16175839024396,13.147677468079747,15.02358537588626,14.531519752628002,92113.9081498744,4727557306219.2295,1430357.770935065,0.0058705125129309,580114.3337007648,542666662714352.2,1.036997428252885,2.8774730185950372e+16,319217754137920.44,1.7425616678760638e+16,2105496665555.7688,74920.97901157146,203773524022166.12,28469098576.224163,409842347165111.0,0.1706773599658911,284433341.3484744,3591801226.7557726,41.36305229739574,644261.2727648474,7.367824613037742e+20,5.670902829573912e+21,2.946718043498624e+21,2950790829035440.0,2.5972929911154766e+21,1.1637971899909132e-06,48357.6991268289,27606936965.133305,451709254.255268,766755751.8508751,14875642524.789991,12177.670280840664,6180729.783881426,2.2489925320420947e-09,17745.11119289852,695784495.2013618,889086113687.9337,1088277.5331484252,1.1612021825571391e-05,242.25567615061792,278939.31449967436,62493533975.472984,6.625846511387407e-13,2.6283741142714698e-15,3329.3449403410195,1.220902951074013e-13,65013835.54505328,340676621.828766,448279.9225584093,555340.2357637495,0.0029445788386224,520152516217.103,9472.512379157435,3.8174765024390195e+17,1.5728488559841518e+18,154504921240.69836,681199395.995181,1.1630074442415704e+19,752755.4419683127,942431696.2073702,3.7645241177239165e+20,2.7888748843292896e+16,9733001.028479785,1885410186215.492,37903.56872797747,2.9550602575585146e-08,407932749205133.6,4.490651095674412e+23,34769172033.24805,2.7619116132640927e-08,7.571162017520277e-17,7.593758868086629e-26,5014266.68254493,5.194278553953449e+16,2.542028492596757e+19,5133201.037632089,3.621193839310734e+18,2.991636529121681e-09,366447315237.449,3.2660336940497376e+21,1.4294236534667432e+21,2.0204387958591867e+21,6.974659400030547e+20,5.084353122868558e+21,1.6821601919727831e+22,1.3413326561093016e+22,1.3317719490461151e-30,6.830783565753309e-14,2.1136932978094408e-26,3.6403422835783406e-10,6.412874689575443e-05,5.763285523474716e-30,16795172.89823114,1125957897.555668,3.6471853920531723e-07,1.0236994909562767e-24,0.6958597232263911,7.660517143591467e-24,469.0593949376582,28750814910.836185,3.409054576852096e-25,1.0956149747466168e-06,0.0274164727024465,1.40926145549366e-34,2.704753411315087e-10,5.3262121537284205e-09,0.0128634951079673,1.1625022745161296e-20,695.7978030691714,4.52190996195994e-23,2.514479139437128e-31,0.0001402881249887,1.5499356974364122e-24,1.9116608524096057e-07,2.6856098634934385e-10,12017232.0723198,0.0,0.0,0.0,0.0,0.0,0.0,0.0,6.662904947439828e+21
1348.604414617348,70378.24638753796,11.976964603036668,14.09531176415994,12.547474188832473,13.124092582506638,15.300583839549445,11827.931139740993,3863110101749.676,316721091.20670867,2.1677653799464675e-06,161784.94463337804,1095841960736985.4,0.0001781236625675,296567035910.7492,3622959306.486851,17917337098758.27,21337227681.65848,5.197877884765319,902701667134.8152,755511.42182647,4279170004.794582,0.0355191007920177,8403.111046105632,10000452.62357708,0.0002025068376498,2.6324381535571426,1.012108760319885e+19,9.654815267678083e+19,3.758360823453151e+21,676398320675.8982,5.89999382353508e+17,5.97299807799343e-14,0.0007772600319944,168.24728790509442,29416.04387332337,461775934.54703695,21.92054335481563,0.0022342425656077,10639.795991118066,1.780390057594733e-14,7.389372606527499e-05,240.2319803197819,315.6610827622789,3.315948289801693,6.458588920597062e-17,5.00639533884521e-10,1.5169928944222e-06,1716.9600013944928,5.491474511604003e-28,3.2296582192562423e-24,2.2461332070122814e-14,1.1722348702666368e-32,8542009.105887735,4288998212.289578,626545564.3155221,773860648.1863215,556.4786444815982,46211255663803.586,116650725.06107746,3.5156092802734944e+17,5.089198775877173e+17,8727874567.832314,5132405.166710428,3.683301553454867e+20,4219687341.660875,5.6375890856191496e+16,1.5045794592289836e+20,606931249996488.4,19891.809393991116,40951732747111.875,110663481.71026684,0.0137235475926641,106521171637735.2,7.291343251425412e+21,96210225661.98384,0.0016851323034292,6.11223449967214e-10,9.202515683270188e-17,20999.28006137662,9.82365053201726e+18,5.61697811500751e+21,110478467674.93369,6.142741918650973e+22,0.0121082533509403,7.844312711462022e+17,6.611633771192117e+21,3.822490306258961e+21,7.092155856674828e+21,3.005821331868673e+21,2.8218267497255997e+22,1.241480078823544e+23,1.2625799550855004e+23,2.3863769130517944e-32,2.5725656492897577e-18,1.5929963554653704e-28,6.0898899996872735e-15,1.9155260995804103e-05,1.3072775971185122e-32,33.631874768942495,166775228.3858512,1.219461736084047e-15,5.899357204580166e-23,0.0629499802196888,4.4938284197654567e-20,3883.344052451329,2292410422.7236857,1.0465720295221284e-23,6.652613118829808e-08,15.334325481839535,3.2248992490591356e-33,9.533614546313247e-12,4.069240284922034e-06,3.2129963820046306,1.8288006204344285e-20,1.82694758006794,7.931651031506222e-21,3.9333884134554886e-27,0.0030701645039061,1.8399109180598577e-18,0.0004804165166215,2.271212259932206e-08,2172527.9435759955,0.0,0.0,0.0,0.0,0.0,0.0,0.0,6.485188877725847e+21
1303.0646413059096,55814.57943363871,11.980863858739747,15.11055764564063,10.839195761148533,15.37411938407733,17.10587228205451,7356.826479445272,282984223634.6219,34952370.07369125,3.337860067558677e-10,59421.27594698065,494075245133361.3,5.79376756573411e-09,63626655.31326769,648469.9188731876,1898889738.847843,920147.5751521514,4.657064767885329e-05,9242986.277540434,2.065491812648722,3385.69777253202,1.8597124753866606e-09,4.968765629665625,3251.468673006293,1.170249007441306e-07,0.002137186074181,4915950782963284.0,5.29454535366506e+16,1.0322789867262816e+18,431163341.6376003,646514815909993.4,8.887808951417683e-21,5.139774788703125e-11,3.451822665976194e-06,0.0001289180657304,0.5669790369371904,1.6287909657228482e-08,5.408278515791838e-13,7.026500142341025e-07,2.585717790504076e-26,4.1137332608937064e-11,9.353953754085762e-05,0.0005988903854115,6.466822906332076e-07,1.4822127674126806e-26,3.702938214389523e-20,1.1398265823303289e-15,3.590036255704585e-07,1.0690389633920791e-40,1.5996475219373814e-42,4.1065839304322857e-26,3.106071386004013e-48,647047.9708284262,173123423.97171777,10220634.65277258,12694957.537231218,2.5324720202093105,1422341289568.3174,955844.4764859934,3.4751037513578004e+16,1.0658151714466896e+16,161929971.56554225,139953.17607628636,3.9489506084795233e+18,7607872.782536542,36776315181485.69,3.57928476386575e+18,3390322090631.8755,15.831093764843647,11831935985459.69,9018344.003527634,0.0002299192979518,74804086207556.73,1.8691043241603635e+22,44535795309.55367,4.2685493762183974e-05,4.4994671921939475e-12,1.552765249396428e-19,22906.761207909734,2.463625679936054e+18,1.776682278297438e+21,6324382975.795655,9.294931511044238e+21,0.0001040126115253,3.770283976025846e+16,5.0133073172561e+21,2.9024450816760024e+21,5.457797777355352e+21,2.658283809498922e+21,2.621669127196578e+22,1.1408901642856107e+23,1.2412772598149874e+23,1.897227961330994e-37,3.796955222365753e-22,3.232789495292356e-34,2.0700440135915722e-19,1.0888026172499516e-10,1.6849237265698803e-37,0.0410869205182729,34395.78586609936,4.038790031101696e-22,1.1050445350388023e-25,0.003788695256407,4.0029007288379585e-23,135.75277130570785,295454555.23653716,3.2094704203917484e-27,4.245747850875688e-10,0.0028442042017463,2.278512534770469e-35,2.242813568724511e-12,1.1114129834213326e-07,0.3492470961467106,6.598917104832913e-22,1.8875604921341465,1.1473191857069404e-22,1.1063599903097845e-29,0.0003445328874218,4.274668111986186e-21,2.044281767847485e-05,6.973673790429521e-10,1199584.331924145,0.0,0.0,0.0,0.0,0.0,0.0,0.0,6.434963526877574e+21
1591.507819713122,76135.07836248766,12.027866811987314,11.349754360075307,13.397877961079056,13.942908214086318,13.645919338025054,125409.26701257488,583677956470372.8,119614.0586420069,1210187.550367027,554670387.578035,1503168750480892.2,147912839.59550238,2.8406781423739255e+21,7.655156185153677e+19,9.40402939554261e+16,129566205472182.23,2010435135832.1997,4911785531018006.0,8.739025861775624e+16,1.8662964090005183e+20,0.1415680099669286,570589008550590.4,234992208925.745,667266087.5396327,1974342182493.294,9.352076144434736e+20,2.268825544442124e+20,1.063147381192408e+17,3.241633898093183e+19,1.1466645306376703e+23,6157928.826565217,4650671988238109.0,2.819199578683797e+20,27046907167.179523,70.05872331715729,2.0236938380820837e+20,70165339843.62866,63767.88593023199,0.0002039028283846,1054537605929971.2,411488591474554.4,9.315229927057832e+20,2665154385801.0786,157750728380.27063,2.8715940494951706e+17,1044026977518108.8,4134615357022598.5,450753991.17417973,6.810325861616079e-11,2.0165972690425115e+21,402502343752.4539,48156849675.35547,9509545.663125444,1.8437438747304329,2.221931449846927,1.096846029083156e-11,7668889168.817203,0.1579387756069784,6.078171341045836e+17,3.0303546359058305e+19,38273645828134.41,183652316573.84497,1.020382255253357e+16,7.133357246091965,2.2344189228600994e-07,2.1904633273096572e+20,8.453945326187448e+17,10216822870.641912,10019262633.32039,0.171723362314246,5.432449579027468e-16,915805588750806.0,2.2335893189503436e+23,132073474.5986255,4.789095404883926e-16,9.811848886840624e-28,2.3268675309427457e-39,1184767796.385869,4379660149276.094,38873161780815.766,18.374661334334288,6274640376.131898,2.015646465552097e-16,0.3043518368314668,3.992137546479439e+19,9.848099657806202e+17,7.44302447177127e+16,741487069327776.0,242438400955068.62,48454172868493.586,1583606908870.5752,4.273126502375992e-15,2.251217609157022e-06,1.8501171849134863e-11,0.0053274467222208,625.7913115922308,1.2340621027342946e-14,124818354291.81548,21343.14777262205,4957.667765759805,6.15165771382969e-14,29.21189184762175,3.00302307698954e-17,0.4811613034251766,1597195353.219008,4.945165914849482e-14,0.0009337064491233,27.064920290816,2.6454452514212295e-22,2.978586030322197e-07,2.2721236693038617e-05,1.8481777783316927e-09,5.2519288876826797e-11,3862.0616276695223,3.139377866076345e-17,1.0397858397412673e-23,1.4034585576500443e-06,2.804134557974525e-22,3.807119296019597e-13,0.0029786410332715,1600871.27841384,0.0,0.0,0.0,0.0,0.0,0.0,0.0,6.362432824635727e+21
1321.3378553272623,86747.46649628566,12.021075043313088,13.796978303148672,15.547824199106566,14.59744864640149,15.591463566566595,10347.190865787465,2319072878.8295636,1.757185195471741,63584.95967249997,12.752842754301858,1829702860860.6975,5861.585270285285,4232975263384846.5,46464653666532.234,3437456903.1546235,16906909689.990726,224458.41134770773,859772774.8139592,45477790.25888111,348010296.1052834,2.414695589146645e-19,77682934458.58888,1323710.6975734655,0.2629617203509523,4178.027368997734,1.1925862408495997e+22,3.265511231208852e+20,6.446674575667542e+16,1.2267071220616528e+20,3.936791699587023e+23,152003546.35607007,3442531307648728.0,1.0489309141317464e+18,30622.62846346992,9.422713687649065e-08,152063333527.254,0.1629155254819128,1.4965935244441934e-10,1.0183430298652539e-26,58352822890911.445,3131113853948.7153,7.320897529316182e+16,201789157989682.62,1.8795156423032852e+16,2.0974592340314715e+20,367370335945.8392,1.9644641531161176e+20,1.2834306262224106e+16,3.186080811034952e-30,3.993690931927613e+22,2.9094073144876013e+22,0.7448164547305838,5.2568292539803165e-06,9.167505135164264e-15,1.1360666377803496e-14,7.809782060102165e-29,338.93332148242786,7.98313945962007e-12,673171315984.5132,409829780325.7812,0.9317512169259102,9.793169754453525e-08,4072101.71017662,3.31861020141707e-13,2.7005285955312046e-24,349082430761.95,89.60666911263374,3.7174018138274647e-16,57.11135624636721,1.4900073529282942e-12,1.4799276361495498e-30,32900230.84146256,257770497499101.4,2.5234340816193836e-05,3.3028838252171237e-35,1.1770579887485475e-49,1.5136262571312155e-64,6.382098562118807e-08,236482651.1523039,414393428.9087274,8.480391517539868e-06,22367.51041952778,6.1817433560702744e-27,2.957912083160753e-09,4.009860043590577e+16,61997221072235.77,309788638367.74243,380838490.4778416,9834970.45687946,114867.21784994016,324.82253308591424,1.0503709997675844e-22,8.523548796261836e-08,8.796650127763428e-22,2.382546698403342e-07,3.960814044749491e-06,1.0898389507943164e-26,552704707.382601,2797.647651835365,5764842.307011407,3.509534372216345e-27,3.897251376091913e-05,3.5138456292491166e-32,3.5562190223658374e-08,5946.729214040822,6.008981665756038e-31,3.0758231745555505e-14,3.747570785041971e-17,2.129412927731214e-38,6.690529016562902e-16,1.2170807857459857e-18,5.939155146737894e-20,4.5036541927797306e-29,4.3741023705259833e-08,2.3206444957508237e-37,2.1584266753824066e-36,1.992345542689365e-11,1.8385053411929449e-35,3.584729506000287e-20,6.701181634709032e-12,4735.239862619824,0.0,0.0,0.0,0.0,0.0,0.0,0.0,6.310976563776632e+21
1620.150847146691,74778.01577574463,11.950660785120876,7.865406970601346,10.462943989283756,6.404018106724432,12.334809687213973,272986651.3108912,5244074141101011.0,3318794.1211166405,790.8556822853391,1287528.8110096485,3.960636461658047e+16,552094.5751604392,7151978850204182.0,208289082036349.75,3462362578310.4536,4627265907426.944,38234320787.87025,953705566431210.0,8111336517453789.0,8.649933176830778e+19,24.63644924429094,316735938.7094935,1824965.278333585,0.5670483364166663,1451.5944926110817,4.0306150802474834e+18,1.745760340483342e+19,6333926571313688.0,2.1595785560542227e+17,1.1389253708326657e+22,1.1984960422199031,3761898335.339741,1106580953354898.8,24128413.116308905,12.609943279677116,2.834523740730427e+16,172072532.01235604,32073.83600832967,0.0004185033017615,176834.12660258746,869286.3398227977,139914560.84438953,5001645.558204289,7.466262146683049,64709546.41988011,0.74257856959697,23956696.078672834,6.758681051522768e-06,2.250049951099969e-15,26.629774478021705,1.5554042572619871e-06,644481626.7688553,1801402.8123672502,5.575354311232517,6.702711356656322,6.206473607936631e-10,1077543997063.3387,423.095366617969,8.99638414658501e+19,1.3640179494912204e+21,2744662461435.042,16925024.722436555,6.604788919153951e+18,107314.63452738366,11.440177171671245,1.7513321601023135e+23,2.976941831455039e+17,36962487.683165,278252521.8649486,0.0887056510227856,5.98997102989446e-15,30183796874460.863,3.4076992396518144e+17,4544.426739914846,6.69804486604721e-18,2.5274175171456804e-28,1.219260023897788e-38,3.9563410447924303,1602593156090779.0,2.4168039322141088e+17,7293.666774750393,30826611794853.97,1.9515075242713466e-12,26463.210670862416,1.578757581530925e+22,7.31058728666128e+21,1.0330156804153167e+22,1.8227296642662447e+21,1.0972470328108582e+22,4.145576739349543e+22,2.4745722251719945e+22,5.627486114314739e-21,2.648412216397697e-06,1.2822799463454663e-16,0.0343518475587546,0.0301677434652131,1.9991030478769938e-23,89699135.21557784,2538304.2712589693,1.2097022194452238,1.5053508949414237e-15,504683.9517795037,1.0902463580239824e-17,113150.2725708662,371838197043997.6,7.71095016303855e-15,123.86071567643972,165.51153997353828,1.8896231730646067e-27,1.479330723142857e-06,9.80897641484984e-10,1.4919449561879457e-06,2.819840605146594e-19,15.380692188564003,2.701244621479807e-24,7.86839353133834e-25,0.0683390821405447,2.486123129207556e-22,3.034418882460095e-07,0.0001404270599727,68350055157.86474,0.0,0.0,0.0,0.0,0.0,0.0,0.0,6.233418862680246e+21
2595.6803308411427,89103.41506239086,11.982085782202605,11.647331699913437,11.473195963694884,14.022367325130451,11.98101686539911,248450519706.53223,1.2142265490076575e+18,699665529414531.4,9780696159.10269,564648170087482.8,3.8339600864928865e+18,130526429692.58136,4.981744627052554e+18,7.281508179071045e+17,8.526048590164045e+17,5.324948176779541e+16,15506552396101.72,7.758816057527922e+16,2391994360816022.0,3.058764875024557e+16,132293982.48709476,1377616653462405.8,1166066917068570.0,202070689630.1396,25755246703394.207,1.0099630993299576e+21,1.452863514720127e+20,1.843759081773244e+20,6.567398416225046e+17,2.664593350547084e+19,14450623.573004428,1176154057248.6052,232033522571497.44,1979901997988.5945,41240671725.49941,14391729605929.918,1411523381.7694528,11863645345.62628,50.52858816000321,1094225903902.5984,80334179112721.2,979239313565204.8,3822154680269.2217,1201365.991332901,3689311688.1797543,10281513729.166714,5268934514024.574,4.669052868969175,1.1757515590610183e-06,172314114.48311257,0.055263594007237,6344088638125245.0,3177895107980670.5,22876227725830.9,26102866356264.44,162898449.4390281,3.3557126787960634e+17,12099673126709.63,1.13988469837356e+20,3.710818625934307e+20,1.346722343614123e+17,1787085881297283.8,4.341485359289063e+20,41661983951230.875,1762199766797.0854,1.3316910392925736e+21,1.223637917165282e+19,74565861922274.08,6.284386108731327e+17,10893126210203.896,754730.0402233582,3.306413784107721e+18,2.4322070686483275e+23,1.0370010982068148e+16,1326327.307971863,2.4438878659745416,4.11864095578411e-05,421031125771996.94,1.831782743725281e+19,3.0079285499951804e+19,335691852236942.2,2.1106959429894504e+19,1414670.312205978,361998869956380.3,1.2442609600843937e+21,5.231858570925845e+19,6.309474664093147e+18,3.0261250073846796e+16,1.1295969511814866e+16,4740498916903788.0,146232344040439.12,0.0022706844827543,491.65449808716903,0.1737446162917058,43642.893429731776,2718318074.1163516,0.0065581232999081,5814216872869.586,9089072625973.977,112925.34513936384,6.149128159414268,6884991189.988866,20.20650673147625,114121015980.59727,370204511473243.8,5.939489719132888,15701733.36307783,111375336383.74329,0.0001870906026106,355491.66889708204,317413347.7539644,142818635.66059113,764.4874352188983,385899684707.1616,18.47943601955901,0.0030097439776326,125870721.4750138,3.161794279452224,2038693.4764044925,36896722.71410944,10886625758740.87,0.0,0.0,0.0,0.0,0.0,0.0,0.0,6.148174931502638e+21
1319.8752194410686,82496.89338427274,11.99788755935155,13.833534521979855,15.54621897781575,14.61611198086236,15.562713534704894,10023.158814134054,2019805704.972629,1.7587830193885623,61433.74819667391,11.812874749323104,1694015001116.58,5104.450178049333,3749051776721065.0,40912100217756.69,3198705278.9571247,15971109628.46766,177697.4108656296,734816857.1758606,32839370.969110016,228819906.09181347,1.6801502801183951e-19,75009521919.14076,1347573.072747575,0.242766578060283,3899.836939947682,1.2854699357318622e+22,3.357099368292476e+20,7.332803219261368e+16,1.1789468153412074e+20,3.658016054693396e+23,150582834.85879534,3148722340024776.0,8.755648180160052e+17,28095.641794601775,9.585985832115688e-08,102422335771.3934,0.1137479767721282,1.1576579437833036e-10,5.8185188565081736e-27,57724084349692.26,3291114636485.1943,7.209755777320299e+16,216768566615683.75,1.9382324446687324e+16,1.976389973236059e+20,387407034092.2838,2.3337100298743225e+20,1.3513647954722488e+16,2.1404626022877837e-30,4.139162940345247e+22,3.1760618169790913e+22,0.6213577371335116,4.618943529264693e-06,8.408345521974992e-15,1.0421788820990414e-14,7.388052548548041e-29,308.5282608650671,7.483889167869567e-12,562426127282.2024,324887136029.24817,0.7039681980853217,7.168312416023561e-08,3395545.941224535,2.807788026575324e-13,2.4269012214845283e-24,263986624170.53857,61.724235022685264,2.180369178528069e-16,56.42494571039486,1.5188758962432005e-12,1.5406914261354536e-30,29565867.535517745,243285928582447.72,2.4221099582935614e-05,3.3343138537956266e-35,1.2272070794948262e-49,1.6173664657308865e-64,5.606183131394176e-08,230921809.5128302,387324522.2278728,8.932198748796914e-06,23097.03354667317,6.582170040330797e-27,3.163585306800382e-09,3.5867915223752464e+16,52686955142540.61,250218829300.77588,293552075.7379517,7213490.816843039,80011.15176729289,215.41905912415297,9.373209312444436e-23,8.089681441881565e-08,7.118754316432332e-22,2.043834101585925e-07,3.5622234351947294e-06,9.452045963280536e-27,537447611.2792859,3101.3675503803647,5765111.05883957,2.7596963985118177e-27,3.317763336832819e-05,2.899477552083534e-32,3.197508852829328e-08,4929.45734511204,4.223880771094786e-31,2.3080390907077332e-14,2.640577590950212e-17,1.7645112795942212e-38,6.008986275006429e-16,1.1325597651921133e-18,6.011193621490444e-20,3.7642187098893283e-29,3.9432487049196095e-08,2.024164145827088e-37,1.950305557261374e-36,1.9626732815737808e-11,1.774664623318583e-35,3.678608132204942e-20,5.7819192908382466e-12,4340.90810752174,0.0,0.0,0.0,0.0,0.0,0.0,0.0,6.146618621624956e+21
2647.8391371770263,111720.79769945564,11.973124447998329,17.165314398863973,12.884452007355383,16.21539125449001,11.88166907334296,3774896217.624284,149513826594875.44,2.481673186153654e+19,5.165366766995582,285177851864838.94,744214340.0451876,0.0062614800407063,52229.62022095098,8043.571003029529,205964740.339224,43938134.75551262,6.235035862460713e-05,5639.442990533024,7.856083842375115e-07,8.35297865141028e-10,2.781138242301502e-09,185731.40727758413,3526015667.392344,10.439637696302151,1207.3586404363502,7108393745847325.0,153996.2364355648,2.892035475487752e+19,0.0353050671582334,1.9069548219356648e-10,2.3666350679423303e-12,1.4123639653214388e-11,2.273594390341162e-13,1.0473460883542345e-06,11.215104207950604,1.2390008407478636e-22,3.182760727888537e-22,1.3392320245379945e-12,3.113523123026247e-33,4.6456729973627355e-08,0.0704676157322348,1.1056547952955192e-05,0.0109137483570552,5.289641457494041e-23,1.2787616992178329e-23,8.720009836774071e-16,8.563329024656257e-08,6.750028056105404e-38,3.3015971785926854e-51,1.8828080336232238e-31,2.258420541956046e-49,292080023850.88525,3297417392691003.0,5.831637764838156e+17,6.642137832432001e+17,1.1366387198277011e+17,9.919331345550098e+17,9.898019884956096e+17,1981776.524792301,3779111524458.7554,538750358.0901177,2434827.4543222156,1.0052622723865075e+17,306223695404903.1,961088634066.0576,2025.4739822646889,4019241.833088166,0.0009578361472373,6.358119186546184e+21,2.9960381919481115e+21,6.229348442317241e+18,213240296.5074376,2.6270154810480715e+22,3.4870758336706298e+19,3.6827901951683154e+18,1.846785766114095e+17,8.981267790183296e+16,22324896238912.1,78992497696872.05,18756.207022698527,2.6983710211130335e+23,1.9795468925275313e+18,3.721814394540147e+19,8.946421824063843e+17,32.0961525005839,2.0968495111687438e-10,3.9222974388290765e-21,2.80819203656899e-33,1.6092058740212428e-43,1.0586926976219331e-53,4.978866929419179e-65,2.1919055215426391e-10,3.428618279262554e-09,1.436998876695711e-12,2.6512092232917672e-11,312.6398116886011,2.0830802230103908e-10,8.238932515853195,20107304324.93648,1.9052824953353147e-16,0.170066584034906,11698.79638391135,12956.09906882692,4233259501.0832696,0.0766611760936329,1.6084768397882358e-05,0.0029676515567813,374601.0460365252,0.0230692611920488,2665.002589290031,491376756354701.0,470616869134209.8,22138.505049474617,709178793.8067219,13175260.487347553,23999.330424217227,57877291243.34879,497893689683.4711,23293314443926.324,1.2068776580153235,25.933076403622668,0.0,0.0,0.0,0.0,0.0,0.0,0.0,6.069072220434019e+21
1673.522668326964,67582.45892633704,12.005812791256036,9.047986040765478,11.320348080590763,6.423468853610792,9.938505186531325,5486143543.816553,5.85393320896431e+16,26367215.579765715,4774.221475159446,100495.09909905042,67998543385225.18,16677549.133574754,1888435152359287.2,63104449414258.984,2336136478373.3604,168392083226402.22,4719685415747.97,1.591733633144094e+17,3.792170654444581e+18,1.595138281961153e+23,804895.1803856137,25139789.279244453,342355.76946138754,0.0016815449783392,3.3309814148155374,1.515750869432401e+19,5.661594720624292e+16,5.511566489734038e+16,416145915326107.25,1.3752340536294482e+16,10.8556086068714,97090901782.88132,1.0710482497804797e+17,16995678169.547731,52336.06001228409,8.053776187663643e+19,1719684802264.7,1945373930.0314827,725.0569287338066,21612.439583199844,208433.82957503185,247111.23108977888,55373927.227077246,70.81290115024136,2222659772.7227554,0.0058366857364353,553157417.7357712,0.0001074744595506,4.2929171747165955e-08,0.1043664167332359,2.873871994886376e-05,255862778.28801727,1724921.7003751849,15.941099252143058,19.082219221976985,7.021940811926579e-09,34600148620622.793,55552.341847727505,7.502746589119247e+17,6.0375337548249005e+22,4868807498236.872,822666.5046713417,7.249321485817702e+20,68433449.63528404,33.52520739472592,6.62099228317e+21,2.0220560506972849e+18,62497958.152081296,38874562.73777316,0.0485043693760565,1.6369438750078257e-14,1352771849.2759926,221954727851310.62,16.30628571172745,4.899256755723515e-19,7.11545402647368e-29,1.574512636556456e-38,0.0001814542088276,6414840083774.964,763714126437.1932,142396.32437324952,271037657422.5552,2.4107960680628376e-10,834.1179862565217,1.7174813550238314e+16,7492980720987.929,9907791593.616535,1486237.2656000298,8147.332169905006,29.37936511877801,0.0157431591666309,2.324848514279109e-20,0.0002292151372104,2.292410451699907e-15,13.812694612637452,0.3694183217617142,2.0930390859722222e-24,56898459.29849353,380160162.8526501,82.72868186756388,1.9612043792899595e-14,90778326.7319978,3.721874355778249e-16,45774103.81674542,34968572949162.91,6.102746684069047e-13,188345.77069627808,43845.10238178299,2.136966737704854e-28,2.24805683645963e-06,5.919983492617438e-11,9.10279112837717e-06,3.3760419602912632e-22,0.277463902591424,9.72451457824634e-27,7.313514280023348e-24,7.440471967694213,3.985414372442901e-21,0.0001030704705717,1.336334343439228e-07,1396102248.665326,0.0,0.0,0.0,0.0,0.0,0.0,0.0,6.042665020860552e+21
2255.114675069658,61439.60153486657,11.97947838625856,17.154393363247326,12.80425057217417,17.754432188132082,9.601378841365175,50086390.77092779,10946664427577.951,1.3228594953379556e+18,0.0008020294559782,16746326317140.61,54534.32016531443,1.0042463225855642e-06,706.9560548888227,69.10844044123064,6310504.758774827,200161.93750331,2.0634937010954537e-08,34.80731736766436,6.75621473066945e-10,1.606923119548883e-12,1.0418704887458913e-12,631.8372399482218,34436244.74189255,0.0231094439845,6.21925650900539,285837321667967.7,4.174662880921616,3.544277654648972e+18,1.085995560900381e-07,1.1508877903709244e-18,5.800088111587304e-18,2.2996564028854423e-16,9.74419980669174e-18,1.8265339383464835e-10,0.0134827935231741,3.294994665411876e-27,6.3658201445222814e-27,2.0534669458388135e-16,5.998821853882456e-39,2.1981352097419995e-12,1.9004420575623796e-05,8.096972306831791e-09,6.847145579157894e-07,7.009442765220196e-30,5.815009362269525e-30,1.4296240618305902e-20,1.3942741763125479e-12,8.801404575381705e-47,2.096223950670848e-59,3.315504555548825e-38,1.0473240404541529e-59,17099550470.68246,529452362455087.6,1.2239287531642054e+17,1.415645251475746e+17,1.2206893555053872e+16,1.144587283648028e+17,5.30545826727432e+16,168.62625477509903,639682199008.7596,47817087.24935519,392190.8604352659,4.3166710149039736e+16,18641569322451.188,388030076.5575009,0.2467682254812509,887275.023268095,5.23395377079952e-05,2.8307773531338467e+21,7.21524054407303e+20,3.470039357013499e+17,34794.18942958528,1.5620911038414155e+23,3.484552441894343e+19,4.1194378541726054e+17,1.1206620470220106e+16,1750050591855581.5,10155874054808.045,17953311223.062866,0.0040392212542275,3.752852917708245e+22,1681141536853516.5,5.604553066364227e+17,540568842346446.7,4.6422055494818625e-06,1.5537235257830035e-20,1.510526697765644e-34,7.813190932139663e-50,2.546072461468938e-63,7.989174761172352e-77,2.261677558422897e-91,3.7335102895740283e-16,2.3463864748020822e-14,4.176799099043927e-18,2.633051513446946e-16,0.164412826670722,8.621610122518894e-16,0.0088693581390361,60838409.0645146,1.7663924637354512e-22,2.2916008037089175e-05,25.71311392922938,3.7290599864328424,33391145.62811537,6.899352913143956e-07,1.1685804148308323e-09,1.1645376280328703e-06,5818.074953693877,1.2101384481054376e-06,2.4965540196246505,11199891196809.572,11582820576798.084,52.44860102036644,20627888.68538036,39958.27547581761,2.33600749448716,159126858.625399,415888342.6947905,75192491767.95735,1.963599182673712e-06,0.0001575460736478,0.0,0.0,0.0,0.0,0.0,0.0,0.0,5.965630050855427e+21
1443.5905749144024,43055.293737559754,11.986487648160772,15.361845136291278,17.658240671659325,18.17627466374362,12.664613087353962,163.40952246766977,5369619086.691786,813.6612586256043,30333.784200469978,12910518.686085075,246568655163.30045,472.092720745408,2.7347545991681888e+17,4699042298670701.0,2530708816311.949,1348601592.4822812,1582.4816069703213,8678200.49851622,21808.08046135395,12939.066603838695,2.9532088902428754e-20,113109188047116.31,16882162531.430418,34578349.16207918,237238187334.22687,6.600217741621537e+20,2.5272295735360275e+17,2.915597406900355e+16,3.2787054530981836e+16,5.2020108364689395e+17,368858.9397092653,224333611790.18024,4468886262380.073,23.671798098860577,6.727807857650544e-09,30946.22836391133,1.0596620865908145e-06,9.673577598348369e-14,5.406230519601793e-31,462614994856119.6,119705568655721.0,2.384911851314506e+21,500491354305.1392,72804874225.0637,48275813523883.07,1106055828152311.0,3829806694486414.5,351410370.25146514,2.1185843832035317e-37,3.1308881350329257e+22,1741188746976.181,134945.25107202263,8.99667915826618,2.942690379840035e-07,3.596293645249706e-07,1.1758920031885296e-19,13309.7707899707,1.6481953608091706e-08,13960434816.298048,75683668947.60347,19756.58217917524,68.33897967794596,7830997.7482350925,1.046542481289763e-10,7.898370197550338e-22,885372409.098405,133633.08179172763,2.120610162259993e-08,208156969.8130888,0.0002475392317073,2.4560311986950375e-20,126114958106.35724,1.8166765325034688e+23,2446663.8513830863,1.6804044180136314e-20,2.543534544218995e-33,2.4928543679351982e-46,31792228.196320053,270522059.58564824,5029515.168166717,0.0396058676752875,177853.21515905688,6.271496082007095e-21,8.002287529872508e-07,28114975068778.74,816649011.9867878,74524.4393656605,1.2259533387795447,0.0005290941303563,1.1992473668155072e-07,5.417083382660091e-12,1.57389842136525e-17,2.1920386051465284e-10,1.392437981628415e-17,8.318025575384286e-11,0.0097838248492557,4.2089124169244215e-17,648975378.1503774,12.459176002945044,9.380330023806598,1.4511294975520568e-20,7.121369760446358e-07,1.81506018048706e-24,4.947829393880003e-09,0.3096512345340556,7.880490382195082e-25,5.22069166130789e-16,1.2214374773448814e-12,7.783497564689104e-26,9.895454107327144e-12,3.1208713254792874e-07,2.350041464070347e-14,2.4820863746556197e-13,1.4167269353542875,2.4487124298975415e-20,1.7992147950413982e-27,4.296829459525449e-11,4.889922091499859e-26,1.6932440676898629e-18,1.4297735924891892e-07,1.8763383241976077,0.0,0.0,0.0,0.0,0.0,0.0,0.0,5.929624303191671e+21
2472.214314872602,95049.15724105056,12.017574978185229,15.233080101921502,8.619543859656027,7.073350353731066,13.484161868053528,1766084628.8100536,1873767805424544.0,1.1201789156571951e+19,0.0007241750930992,32859855.08054232,393430475709.8375,3.2301718987344563e-05,0.0006008654780801,7.690880253263785e-05,4.922067066800465,1322757.4581973276,1.5714217141274365e-05,6968.6077989781425,1.060875817345681e-05,5.678919516133947e-07,2.1756075666696334e-06,3.351931857738621e-05,1.4548253713607409,5.772033725386808e-16,9.41549509395078e-14,14331577467882.994,403759.61523647746,1.3643919032414994e+17,0.0256546700865702,2.786501783898512e-07,3.058541833534535e-19,1.433115039259321e-16,1.241256569832801e-16,2.293393770649179e-09,0.119072805863001,7.336426733957953e-23,2.4918639170971913e-22,5.472603926914134e-12,1.8769251313178737e-30,7.326560454358386e-21,3.3826266175416894e-14,1.9443132194296374e-24,7.861599425037119e-09,1.0429948475283047e-32,1.5297498480392512e-31,2.446554256245772e-37,2.6438229883620825e-16,1.0057272764019525e-50,1.083532776154364e-53,2.759103431980469e-56,4.309498391689258e-65,1222089.3181080036,30991895983.39646,9084281395235.674,10412823271584.111,2002404892745.352,2.2317927274810315e+19,2.4220728425136005e+19,40486128805.02541,2425114141770795.5,97022.50653205,0.0002039284427604,1.4044239401004014e+20,2.8655966195839283e+17,6.576256017019258e+18,1739119767.2882054,38082.05632452379,6.787889960685759e-11,2494588402023830.5,1361191438246660.8,2313118855674.85,57141.606533844126,7282763919.709791,6937261.32067866,663742.544215871,38461.617726345314,17528.178728339662,7.905026861051676e-07,9.867442372746498e+16,35116209707.18298,2.6823063876085976e+23,6.30073174644811e+21,2.222688712787274e+19,3.6834506495047736e+21,34289677.71949877,0.2607453758079845,5.710605243763118e-09,5.4792158388126105e-18,3.813205333319554e-25,2.8314940929215055e-32,1.656487510896359e-40,1.7794336391897613e-15,3.6850354109383523e-13,5.2739796195602225e-16,1.2117368388208652e-13,1.4218201075978312,8.874738490277674e-22,2.551523176548995e-09,57540942.67499215,4.5388423660279113e-23,0.0595719499626584,96156.1603189951,9218.814441206208,87387417846.91159,1724.2209505541416,0.0001589983911055,0.4385681209590317,1789203960.9401443,5.532478748539955e-11,0.0001556179117828,20929008.879301805,231110742.62241492,9.179312525153719e-11,6.149826616621897e-05,8.982899028564785e-08,301.8162672777723,21367137057.43369,22424239855.950363,13674839914149.49,49.25088766779113,13610.649729880814,0.0,0.0,0.0,0.0,0.0,0.0,0.0,5.909417247659174e+21
1633.3706791731645,72096.42303114299,11.983639851131436,13.91093837815554,14.63279473210394,7.986596911549677,11.348698984621258,436646301.3563921,828369162494.6108,267676.55867852183,676202301.1854892,295.4908907597142,7756371686102.788,60826790.23171233,103742981674584.1,3128643753454.1123,3037268533.2215796,25475336111009.586,515607694.329549,661747115488.1562,13132661367.104755,16987982139.784662,2.27950736005108e-11,39549454346.68024,13509922.78459968,0.0134773086872959,32.32623577721533,1.4567384909162531e+23,1.0373764308852974e+20,1.349887237799785e+19,2.359383632124136e+19,1.8865525855775385e+20,615373382296.1025,2.157409667398908e+17,7.599731734336971e+18,622909018.8485467,1.159902440794813,3365283147624.234,1339.7495331202365,0.0008964179290107,4.213189699545638e-18,13345972360873.977,3710228288348.6143,1579421296381.151,1.2879095203501758e+17,2.101409055615276e+18,2.1621529278615304e+21,316131709.7440312,1.9193386451399027e+22,1.1747538817602122e+18,2.775668374874858e-20,1.0799231479783507e+17,1.521391297011602e+23,19.138781309443686,0.0031880580334668,6.207384016774503e-10,7.45440794038536e-10,4.669113271245272e-21,10608314.004256085,0.0002838159466426,2253214017317.159,26172946786128.17,10.205165924314128,1.1071920583644217e-08,7606322998.639375,9.205812373548774e-06,5.604128388195765e-16,551204499546.9437,133.2589055105618,4.363684495081095e-16,3528.4488965971873,7.579800347876254e-08,3.6695295785292598e-22,1027356.5750823584,10176792809.896544,9.973509286343262e-06,7.176727462384682e-29,1.8169090408710622e-40,6.1489728721179224e-52,2.6413126647940814e-11,18543787618.29588,449626065.19784206,35.225483033618126,20758657.51978673,7.174388132628577e-16,0.0011743203360133,470129638195760.2,36607205127.2579,8682985.954065816,250.9927996899553,0.2518782162037076,0.0001605408273846,1.5917543294246634e-08,5.849881944077017e-15,3.325003636950862,1.6554625171741074e-14,5.454324644027862,0.1686310227255732,3.58469965996469e-21,14179359507.976357,8320662958.345656,775066770818.138,3.3103976368129813e-19,120.58105201988948,1.459273423343684e-22,1.5828960110440398,12867695.530273832,2.2952169281572856e-22,4.356003402465264e-06,2.732351188332517e-11,6.378030922593352e-31,5.38777961915964e-10,1.3456093913322366e-14,1.756543687925909e-12,1.3155873276102782e-26,7.971249262827641e-07,7.942292496178035e-33,8.840364985519714e-26,0.0080011700269503,1.5288741612640751e-24,2.26018573549372e-09,3.16933287619832e-08,18745839.130375363,0.0,0.0,0.0,0.0,0.0,0.0,0.0,5.865917008969736e+21
1317.4345696034873,52557.12395594615,12.028266553757334,16.490546160682957,10.92028573646347,16.119096543560783,17.072992327182355,4026.303613843592,175322635159.95972,199281727.0781947,3.1786059313857205e-11,158162.48053963543,561028712793264.75,2.4278439400869657e-10,2791766.3442785847,30168.056559638542,292714961.6148072,98478.65449657824,7.882020597665615e-07,419158.93509012496,0.013659802582849,8.900026592336138,9.195639554599556e-11,0.5900730882142278,1310.321721980567,2.696194546929085e-08,0.0004411710333949,903681523870643.8,8214547710162386.0,6.381437662244634e+17,22779721.41302209,25168369461704.44,4.45289176715293e-23,8.911246182646174e-14,2.325834609880302e-09,1.119005359241336e-06,0.0580906434920546,2.27331411562175e-12,3.033409894293906e-16,4.6906048953690254e-09,1.5017390088093817e-29,2.591637485480018e-13,1.850348081826099e-06,4.8898027744403795e-06,8.3048349589776e-09,3.359715884466573e-30,3.2221788731187107e-24,1.826836503619025e-18,6.560971852959661e-10,1.3293756770229417e-45,2.7853869183211924e-47,9.18546970464586e-31,1.8191161536551854e-54,763777.1945125867,700588724.2965822,155032959.28267518,192215364.01899263,162.30009212424756,3262321702261.5806,9404407.737668402,1.7157291408400212e+16,2635236764716157.5,80186267.7331248,117851.4143844754,3.391151526239891e+18,32506488.263120696,1498869085142638.8,7.45546379120948e+17,658842146629.1149,2.9603918418260697,95208345668907.23,305532839.6213935,0.036320053971983,141772388915993.03,5.115378871691646e+22,592650044954.4182,0.011362477946001,4.993704921030392e-09,7.758295109934773e-16,159090.51080232204,9.458813311059112e+18,5.555400773929895e+21,124702503158.2916,1.1752944168132805e+23,0.0105870191225563,1.9315148010780667e+18,4.2248376986839113e+21,2.1460964434483557e+21,3.526897334800955e+21,1.4415859463583226e+21,1.2282078519943649e+22,4.707952079340282e+22,4.399102732151238e+22,1.002168195516952e-37,1.721197639313166e-23,7.068865131399397e-35,4.016188159509286e-21,4.775264112121233e-11,1.4664036442976933e-37,0.0018124236714578,10952.831487745156,7.3376918474071155e-25,4.765222066264918e-25,0.0011744037370607,6.139837314394214e-22,140.31478247832626,62876088.67187712,6.612722572150354e-27,7.235127067431425e-11,0.0051363282329394,4.627753694982999e-34,3.236947902271708e-12,4.080498975562623e-06,5.062184786779454,1.524356926342305e-20,3.25315936579485,9.960041071079459e-21,4.395156541996091e-28,0.0009174076938656,5.053496742781533e-19,0.00020829993007,4.016745709149879e-09,599075.0193055499,0.0,0.0,0.0,0.0,0.0,0.0,0.0,5.676912658965523e+21
1594.5563064699877,90552.16174052496,11.98985926251185,7.531587032800363,9.21393182465408,10.091036640223129,6.75921290118338,79394734326.68951,6.372950349322944e+16,22365.077858715595,0.0689764187999057,5329021.750743308,2668354891.726662,876.483924064775,141490393194270.47,3845071262039.9385,817192577.211444,127942595.34696768,1223362096.9878402,501573499011.7183,5435402183255282.0,1.1893966553518018e+21,0.0291845893403993,280265.12304447044,20.041119765076076,0.0030102417316152,8.768416827795702,8532307981455.43,3522950.5296239355,168194190.30801678,2959713.075726687,17474.525866898704,1.8374727696820227e-08,1393.9875930067178,8631763393.217283,0.0253721360801231,1.987821048619944e-12,67625452551772.55,4171.057585716188,0.0001148591943775,2.4289776989774744e-08,0.0271585963896418,0.0018193103505226,207.9330696484911,0.0013263292413905,2.4109113571298953e-11,0.0044738405528929,2.147879292679187e-12,1.8106922916471732e-08,3.6305854900010956e-21,6.648616652210751e-31,1.232539333027947e-12,1.6708875906543017e-25,48150705752.96832,1653024.0379218657,0.0564466917833995,0.0680071932274777,6.016783365395996e-14,147150730844.92722,0.5441018103318653,111974543750354.78,3.391543780701643e+23,3951273540004565.0,170872118600.71884,1.9887828138026217e+19,2550.233361960513,4.0870104790903995e-12,4.1701572670561423e+18,8.92661285111107e+21,104823181477653.92,16433484.430634083,5.043414440795912e-05,2.8997024293495967e-20,14608748.517090326,1.7987406478529292e+19,1944.592944553742,2.300578444122939e-22,8.43074228769048e-35,3.614862975005592e-47,910.8394193195916,1348831.9966198716,20.2671536111296,0.5979775363085581,334.0405327807224,1.2095098501797573e-18,2.8856953633781375e-09,118370618.04219364,4.996832166361857,6.459608284922575e-07,1.0942952118669192e-14,6.10977254169482e-21,2.091153817120113e-27,1.1660539032623876e-34,4.514001858828178e-28,7.958233267266988e-08,2.0140160632247536e-22,0.0194931721893291,1.0967256126675728e-09,1.1693330492047988e-29,36693786.11666451,21.1779427621672,8.823175305584056e-06,1.2860998703726205e-17,1992396170.5151265,1.0970544201593697e-21,5681311.075513818,179855494514.52948,1.0876566062699994e-15,6836149.597941616,9.949803383298509,4.931264991476594e-30,0.0018083630814178,6.715888021274425e-14,3.315480144977833e-07,8.325953765975139e-21,200810.42639124865,8.769195540041556e-28,3.723159726184434e-30,0.1623096032722363,1.7102674143718288e-29,7.775743663396069e-09,9.674694479461984e-15,1742618.3321735775,0.0,0.0,0.0,0.0,0.0,0.0,0.0,5.662026139205785e+21
2021.5543343175789,49445.68486484554,11.983118272965054,7.723352383007779,14.104307010040769,15.86398662805401,11.461858034322134,14561285.356317883,403740382652521.6,1276.4593133586895,9934925621.9765,969709203606.3668,1086526535391270.0,3649922068.410549,4.348433683783125e+19,2.977633260356887e+18,7036743230.618536,94119459.7004495,37520704993.9428,5971634.793876141,741473004370.4365,952128706551.5416,1.5224374421815532e-17,4.615631506401804e+16,55217844.8337782,647313983078.1375,337448832130675.6,2558184130761474.0,4301239483765.4062,732964.7218363294,2.116535788084441e+18,5.93153014163244e+18,32885655716.25974,1641536052942112.0,4.2644223566071224e+16,0.0002034770849326,6.3374717523864534e-24,816840770157.7909,0.0122611679279129,1.6197459309413711e-19,1.3715469994859104e-24,6.729311283171692e+16,21222805087.160156,1.1257048952400444e+21,471311095.8995236,47080560860370.82,2.786743390892544e+16,11155287534.296185,37911.97327955443,193040051848.56067,6.765723610436912e-43,9.635803562152833e+20,20053707670826.633,280911279241.49243,183.1936423578062,5.050139676488561e-10,5.909369985554853e-10,2.889015832250235e-25,57181.434918513885,1.4061434536229034e-10,1073405442951746.6,1.2852163576594524e+16,310350697612.1197,2179301546.365729,17133600.39596199,1.5624345044187007e-11,2.0605303745387868e-32,595098366537490.6,3366067492663.8076,10397.733170371645,7577160.33277739,1.1506211204368948e-08,1.7173628119088275e-26,686857615102911.6,1.7500940358869308e+23,94331.26593706392,1.8750132922336695e-26,3.0959617758072986e-42,1.9101764896029745e-57,829656108058.4568,8270573.558312495,275139.3010935832,7.312713995919487e-07,0.0207690925588272,1.859278032768604e-26,4.9534965688823877e-17,2.426205304929493e+16,7503513663317.289,6823289581.187374,425287.617720179,1390.9812547961933,3.846209208020313,0.0011384001145132,1.6699257601081332e-05,0.2107814007968048,8.060667317806782e-05,0.8782089936757411,1.7561104554436,4.10666544925321e-05,2166500188398.264,5.748563048172414e-06,3868479.145498934,7.602139627814721e-07,508.665173281296,2.1286674396321632e-15,1.6981887348438297e-05,6150935.051712101,6.859659178894999e-09,0.0017231064599755,6.059765503179487e-06,3.5892110275292656e-11,0.047380235282308,0.0003591477237116,2.574323232516972e-16,0.0161221710910002,3020038.3280104706,1.4381108412219865e-13,2.0149465160906898e-18,1.2553347217716158e-07,1.826551524099496e-23,6.429437406174787e-19,244.7147719477028,3711117.449002331,0.0,0.0,0.0,0.0,0.0,0.0,0.0,5.651485174474314e+21
1675.7193585617997,41110.71728397753,11.991957182782778,7.75189278578986,12.166216499993435,13.165976851826448,7.864893986288976,3257148.3100863006,2541103397846780.5,846.7960051279669,13766866.847433666,2814526312.442361,3660496619473.222,2021980646.739665,5.87729810471523e+21,1.974747451862735e+20,223198646202068.8,608254991794.0331,23865327848551.305,24090353246525.586,7.973364487247745e+17,1.3968680323515362e+21,6.911744685045161e-06,1891371456496273.5,788255123.8209401,3440819909.782512,6746783977176.11,1.2684699630551002e+18,248167932791903.6,141037759864.23654,6.041520176520963e+16,1.0325535498640414e+17,85401471.21054822,3.140314596498818e+16,1.4399145650936477e+21,216261.91770183013,6.250385837684832e-10,1.926199812526343e+21,1278780034.672214,0.0013593433519751,3.044339852897971e-08,4440731251816161.0,1300971466263.309,1.3297331701072475e+21,12986603904.036936,1498232943845.9578,1.9518844882386117e+18,2646176195092.201,10605268238.250431,6231437234.937941,1.2499640002750535e-20,4.17787711286583e+21,4500055509867.12,301480328475.2996,62250.17368564484,1.7770665446522746e-05,2.126864868418396e-05,2.4452465196809823e-19,46324368.582501754,2.326363936811481e-06,1696122200302497.8,1.0917431316548964e+20,240120142190812.28,1089958399585.2952,40193224126187.35,0.00012034866385,2.8868700979728725e-21,6.26852073034009e+17,4.148480360242203e+18,148308952125.51907,32952424.227310523,1.283776464956664e-06,1.366030517795592e-23,1952542479391.4077,1.5927553305109523e+23,370372.9772725629,1.0973066255529088e-23,4.972874331454628e-38,3.457648206450304e-52,3632005724.639826,10562268.517038677,65633.08564577761,0.0001401691912352,13.617734727513836,7.552738982346848e-24,1.3039954265339938e-12,47835697834501.82,1096968968.8083909,76222.19937061913,0.5985471637323745,0.0001722345061536,3.2662982024843755e-08,9.182304271832653e-13,1.2533484525935541e-13,0.0003871648284399,5.166172099059675e-10,0.978015241115584,2.4252807166094934,3.021899581269618e-13,2449818802461.956,0.5739853248932136,371623.7682129953,1.6258015192021389e-12,2318.9691456171954,9.480962921555205e-19,0.0357138804645645,45864215.2288422,2.143551830096609e-12,0.2065592896769991,0.1884466921647072,1.152832225825063e-20,3.733153685562962e-05,9.211601985715305e-08,1.3972412262151297e-13,4.711012521251506e-10,119726.82566074395,4.192857542098755e-19,4.485929560449923e-25,1.397186324331361e-07,7.387872625801286e-27,5.988982177787784e-17,1.3336954645278471e-05,43697.15964676424,0.0,0.0,0.0,0.0,0.0,0.0,0.0,5.599763469263101e+21
2278.702488152977,79826.99337070233,11.969892593149684,12.989006106076076,5.416853256253789,11.942037266449608,11.412151326847855,244804526.41862676,5916213224727875.0,3.4620263402757325e+18,9.526036512296704e-07,7407794324160.755,52256803228.03344,5.355764454757612e-07,100.3357860824002,10.12550610286192,1803133.8337736556,180180.2407243808,4.7097120938076795e-06,13800.116959914816,6.491290901417714e-05,6.565672256909609e-05,0.0002173574771933,0.2194621536499877,23677.65304264837,2.9994631221787325e-06,0.0007608935390649,491166015675.8643,5879.944865430714,1.200261778738562e+16,8.35864273502045e-05,6.73931539536458e-10,5.923557049319962e-24,9.257743174972668e-20,1.6493528305488657e-18,1.2794117484632836e-10,0.0374553358846469,1.167581357399426e-22,4.9015900976670525e-22,6.267157911086423e-11,2.357333521010147e-28,6.619961055884434e-19,1.0816572814586204e-11,7.302703062056267e-16,1.1878641175206169e-12,5.6508715102220645e-39,1.940642251355632e-36,2.3101767685607232e-30,3.6431832311411795e-21,6.296016661593136e-59,2.3142852842576095e-54,2.2134890714133145e-51,6.082931398127514e-75,3405817908149.2993,2.094769409131956e+17,1.0125385725284146e+20,1.1699097593196003e+20,2.2545885482941235e+19,1.2778730492906694e+20,1.3315301179510532e+20,71985650976.81497,1.4681191459386064e+17,4163674723223.462,11876816888.551516,1.97900098342616e+22,2.0867692582731485e+19,1.3783839934798388e+21,46232210834.60084,32619183177011.973,345923.67400176823,2.317705458400553e+21,1.3141382114820896e+21,1.49108233001698e+18,11438850101.141748,1.8164047241868923e+22,9.775579227861017e+18,6.115148090207177e+17,3.696834685907847e+16,1.3321756399480412e+16,512192744384.25824,3.3885428543936144e+16,6107005835.327729,1.9580709883717267e+23,6.16818449459231e+21,7.277746075085899e+18,4.32724135029646e+21,3385089.008695429,0.0094691399736718,7.686204439773796e-11,3.2445325284806104e-20,8.772097514078351e-28,2.3110717396696047e-35,5.407663568905932e-44,1.6788986655707017e-19,1.253988322582685e-16,8.1454599538571525e-19,6.179670514474651e-16,0.0475313451289264,1.3217685661714872e-19,1.2084810855476118e-05,965842.1014910584,6.986989636139482e-28,0.0053110236453677,64237.56728417704,1747.6103445169354,162706609304.10843,1248.2461462168746,0.0001272463713586,1.4765290338504218,418094826371.1005,2.4143012797998885e-07,5.335176954362964,3117967283712.7246,89522575118562.33,2.9092952212316203,12583460.42498196,4641.907036792509,2.6230556137841177,1853659132.706561,856906398.2893643,1846390177961.7075,0.6781577549053632,650.1063103019178,0.0,0.0,0.0,0.0,0.0,0.0,0.0,5.590206756634453e+21
1209.7558550575857,21897.801413436136,12.004814125342971,6.480013138715498,14.248722622370572,10.250980592603405,12.339438105143612,168213.88769413496,1741619756.6417572,8.566851119833279e-09,1120.9883003023306,0.0014343738497163,11359274684.025747,1346.5867626974534,262217186455829.97,1766828687056.8113,58.976992025789606,15348.926931321235,1372871.6094899704,13947.002316777583,9765257400.526031,2274522472604.59,3.623108346190502e-30,85844744.43029404,0.0005420139092917,4.582551645244812e-07,0.0182165481671019,8573936242779629.0,17373084029240.287,18514.9429874618,5.274619373779812e+18,3.8874290592426345e+21,6666565.532454101,1.4600734516199634e+16,1.6366575771806787e+20,2.57949800815276e-07,8.841448241613544e-32,2296085419505861.5,0.0002224425528872,2.141041373962183e-26,1.9789009285846508e-35,150194600277.56616,5696.3497886888845,8584279683411.889,34026911.98696595,7198305313711603.0,3.273227100741755e+21,18.04635159538459,202561824.4573462,8676036989264944.0,8.818405510239739e-51,3.1729452386095698e+19,1.2343991061705352e+23,0.0010222488474039,2.450150238361595e-15,6.906242181728043e-31,8.689253691505297e-31,3.504611634663775e-52,4.544618109678601e-05,5.608820209411135e-26,60144713978.26936,9046857493290.455,0.0248089390182657,1.2336320591629428e-11,27.34448264639445,3.393881108627401e-26,3.2756458670300795e-51,577503455688.7677,80.82869976134876,2.5449731063746098e-18,6.219000821286234e-09,9.936366338767353e-30,2.5860471353360347e-55,1126.8081892384591,9081564024.819782,1.6412187549834222e-17,2.943985854622839e-62,6.991149749729105e-84,3.153044052021648e-106,3.781327583229527e-16,0.5591623861638827,0.0974651433016673,1.304364600859404e-20,2.511821261652963e-11,1.064748636206226e-49,2.8062393007025796e-31,53686869445581.23,4438600813.231603,1227265.4141169104,117.0957372753475,0.1843192717633411,0.0001116356125412,2.0203672235136533e-08,1.0887562244203508e-29,7.782125627190387e-08,1.9766652585287262e-27,3.5595336822884782e-06,2.6429124438608663e-16,6.944614066226239e-36,250218329.97808653,2.15219580566525e-08,126504882.18412843,2.3345200279869338e-33,0.001000600951755,5.827151951610285e-45,3.8991889394332594e-13,62803.93303828755,2.6221792482950084e-36,1.6088648759469e-12,6.681699045062437e-26,9.855053591570231e-49,1.3155735373081153e-18,3.971313444947187e-33,4.996490232572246e-35,2.815667581640236e-40,7.738950844987296e-12,2.2963815993314004e-55,9.238420855958697e-51,5.897483265765039e-18,8.688422702982585e-56,1.4401968429379405e-33,5.1540471736925655e-19,2945.0275772122905,0.0,0.0,0.0,0.0,0.0,0.0,0.0,5.558955010270391e+21
1445.0773583974035,49844.54135854412,11.98263617150812,12.710149312264312,15.717516966231305,8.226023779408914,8.809317894707727,19132409.620207664,5281346810.168316,9.26203467395306,5394119.809549308,0.3738012108705398,4272424335.7488713,80201.45396546085,1242507222761.0486,21456254332.516636,125604.92996197131,2435670763.2107325,254964.6551766625,14925804.168673314,3323008.889045725,1867337.7395757048,5.2724911958007685e-22,545962028.5781752,887.5985068610985,4.704511940850218e-06,0.0319775535315491,1.218350604563671e+21,7882794733491038.0,585773868589148.4,9.505150549423811e+16,2.5189990882490704e+16,11089886116.569605,6313186810387204.0,1.188896756727603e+17,75.43758623783735,2.5489326112773196e-12,755734173.3865938,0.0002859585710114,3.106296222971043e-15,1.5077759612823374e-30,377837639699.7042,1057867041.9550992,53048884313.03941,160034207194962.7,3.653320774139455e+17,2.2875682162444354e+20,45678.84743547528,2.2121674783403016e+18,2.9925459617404614e+17,1.9938524626184855e-36,1.9892791083251316e+16,2.483586239573305e+23,0.0037350096382347,2.7145216779193143e-09,9.75340078985028e-19,1.1917891721921496e-18,4.325203891098333e-33,143.6355070731201,1.9763752501212306e-12,230857993.0713088,70523596814.42145,0.0005202769193526,5.0160363883608573e-14,79632.12627870959,1.1975641655312512e-14,1.808989166822416e-31,13937231.834559215,0.003329457715716,1.4374187319789733e-23,0.0649978814925482,8.574980711137545e-16,9.521524291714592e-34,60.80724067111344,140444560.57750726,2.1243548152630176e-11,1.8142945973444704e-41,3.044317110961704e-56,3.3290269180541338e-71,7.088223114895866e-16,51038.27574760622,15.984347503920093,4.91824681176814e-06,0.3645470729724006,8.791181644383508e-27,1.8137707005121526e-14,8141487029.9451,4009.043352822449,0.006200325249368,1.722649254138725e-09,1.2587451561991364e-14,4.838613714327885e-20,3.6986240733291926e-26,2.6278628260858502e-20,0.0045093579199398,2.2095012249390783e-20,0.0016306827165533,1.616937107772914e-07,1.9533226265392577e-27,354803015.35182154,29151.83259613204,31877668821.925003,1.366257654118984e-25,0.0813724141085273,1.868672445776144e-31,6.148233761172469e-06,587.3308522821964,7.138171871988069e-30,5.808185344578636e-11,1.1000900473326445e-19,2.1741887731975054e-38,3.3513489401928794e-14,8.998876328974567e-22,9.332401980871096e-21,1.8672557039088e-33,1.2975882995784482e-10,2.0240799364801917e-42,1.9606930132674398e-34,5.649065710168961e-08,5.739266525804393e-35,2.4495328953057768e-17,2.3084781886159803e-14,3735.87014963233,0.0,0.0,0.0,0.0,0.0,0.0,0.0,5.546911971202467e+21
2306.1388464374277,84719.21916044794,12.02757814989179,13.795688938586403,12.579996898076706,7.45598776533106,13.333898292761146,1199268793.128082,4540884482994088.0,1.582686135208545e+18,35.79206735583908,2173652568.110696,12180584814694.129,12.510398814265688,385873.0913985915,40375.70101300024,2352655493.840441,1168430524734.3848,64.75674964385414,54432040311.388374,515.6235874897784,304.81658590425013,150.9832897956143,1511.2518535527772,54267647.88688785,5.003169977829369e-06,0.0011867021531371,4.2991661092738345e+18,10046062454905.9,3.479199995376917e+22,469167.6622892039,678.3558816578841,5.791497338972556e-09,4.852599287884808e-05,0.0004988079147989,4557.28005152035,149834292875.44855,1.4245040813819453e-08,2.213099796008612e-08,317.29405045490336,1.8099653223562417e-15,1.1976311941327896e-07,0.6177153419590032,2.4879153795996333e-08,324.81022011398227,1.3043111296127947e-16,2.5378711630208712e-14,7.223897036530404e-16,7.507914717312603,3.9202162941024444e-29,1.2866897370801935e-27,5.114178015640172e-29,9.234369162039236e-38,623231886.0686067,12807937443174.508,2192979866517554.0,2530775690458026.5,186353403164635.6,3.426125793719203e+19,1.3730798008954137e+19,10338183249897.25,6.574265676828598e+16,459492363.0342848,292.5935068070391,2.9798558865026816e+21,1.3277152218822482e+18,1.870290328023813e+21,4021925703084.8296,2086673818.7897491,0.003605010873068,2.0967421869432435e+17,4.51825359893734e+16,20833303899250.25,586008669.3442501,865253225487593.8,194107242990.42175,1892749883.2519903,43441576.51971024,6202527.796804515,7.001956184916628,2.613732344981566e+18,89564760642080.48,3.0032393362723196e+22,1.551117336252104e+23,4.820075179248072e+17,4.045504331368522e+22,141517183393.2909,78995.74074299836,0.12780794544573,1.0477825993394296e-08,5.6061253052411033e-14,2.9629085196272005e-19,1.3660768926442926e-25,2.5935978838282165e-12,2.1004968060913817e-08,7.519350110464683e-12,6.273178151449903e-08,105102.4669931785,4.455794956445972e-16,0.3173797223121763,13076166912234.164,2.5679091184132767e-12,0.0019311073104901,226641.28741534607,216.64863420835988,187849066237.706,746433.6043163148,3.0286227087433765e-05,3.722838286547814,14673160278.245537,3.5542250986225725e-11,0.0075666392707207,102627684.01258913,12837158717.176628,7.411324462268615e-08,3.1820639493038936,4.196254111909837e-05,0.5684281184722262,3731561515.83277,56690619.2090448,1328679473429.6335,61.45284158441152,642632.94503582,0.0,0.0,0.0,0.0,0.0,0.0,0.0,5.517229286403266e+21
1476.4876994318568,32696.03372596322,11.995851674888396,14.20301636207427,16.917476647321063,18.692785388167373,13.737922208903957,205.0492331459671,4457572550.284546,72.52922941463852,39391.012675194936,29007831.704232708,1141437199066.861,270.98943072362545,6.323914227699385e+16,1210425436796183.0,21392868928.179977,15707671.056188866,342.73284004577505,41695.0662624498,1677.5388535144718,364.84848176818593,2.4272100384010552e-24,81589835013441.67,418114369.6768808,31355085.30099695,175800521566.45483,1.0374368647173618e+19,1.067414955634402e+16,15473694179968.787,5.265091583197761e+16,1.747509372742241e+18,208512.99686818063,36015629441.04801,252542567473.7359,0.0019409688035679,6.7936767192218025e-16,386.9735640245815,6.213342121355384e-10,7.126096183777566e-20,4.930755702503323e-36,147843579247209.94,1136911103143.0688,4.551339828063916e+20,5790778664.046645,13540107429.003485,3085961839793.819,3764000493906.0654,436304318892.24713,30866788.265254885,3.871858268152005e-46,1.114642548305477e+21,54369408138.494125,135873.20721659978,0.3164991532834457,4.269509502797418e-10,5.200351755346908e-10,8.774441840143578e-24,444.1061889961732,2.9055688460008147e-11,27929737687.48336,23171729524.717995,8049.107804569157,27.445208946770293,85712.81652580672,7.962759847524804e-14,1.836967683445889e-27,724515854.4736606,19496.31891164556,2.147323628134578e-09,12947862.357678937,7.860450925979819e-07,4.813404012759794e-24,555186236829.5063,1.5880969218352475e+23,142548.10329468906,3.190258085182407e-24,2.4263752517650853e-38,1.3743515563743293e-52,57365557.67441145,42632843.46501115,1991293.8192010748,0.0001252708539599,909.7388468957314,1.475215536494357e-24,1.9484544324412048e-10,275341808503054.2,23062921084.26568,6030750.929093313,263.7414035848019,0.3192658365762674,0.0002104607038938,2.6374416284145992e-08,1.2664740791783598e-16,2.7523846654343177e-10,4.4228178396139586e-17,4.373671130958406e-11,0.0004043482083453,3.145529729873242e-16,286407963.76507044,0.007388190090083,3.102899644793593,1.1344147492185832e-19,6.265415301816866e-07,5.299107647701925e-25,1.4427648958881854e-10,0.4977579238187648,3.1699325938387324e-24,3.061818743236371e-16,2.7826033173709592e-14,1.9511563249514073e-24,2.7330874967044102e-11,8.388753316887296e-08,5.92749605800609e-17,2.916341187671982e-12,2.0064998007227324,1.1927187568215071e-20,1.5132052122999544e-27,3.575183496739224e-12,1.1059055757683647e-27,6.02628936850925e-21,3.477295257336396e-06,7.257594803614347,0.0,0.0,0.0,0.0,0.0,0.0,0.0,5.477203288316121e+21
2359.246129597921,100095.15890296796,12.0184313732969,14.114606434116586,7.218309286722356,5.779873032006682,11.324556606985968,1429674155.4112482,3377420581456789.0,6.71633813790345e+18,2.8573291852877507e-05,8556105.69209896,8370914112.66083,5.010898029757341e-06,0.0002066036620671,2.312981469512742e-05,3.061824752803494,781785.6094672966,1.1748129110953725e-05,17543.79099987016,4.092079436335829e-05,1.081608771989169e-05,5.163153918856131e-05,1.9704877473663804e-06,0.1659678756178835,1.794974069152441e-17,3.7551601652654715e-15,4130330971791.721,4763.3256394913005,7.767969719096294e+16,0.0001120645017336,6.824542769588602e-11,1.8576700785087706e-21,5.9218228918201875e-18,2.6567751894969965e-17,1.4942750084383095e-09,0.2773501671056836,2.0694434968651917e-22,9.196179023016276e-22,7.400508156771889e-11,7.469246021829083e-29,6.389197239066535e-23,6.9965201174989955e-16,2.2811358888070963e-26,1.765366696047037e-10,1.4009961080887982e-35,1.1484392724348605e-33,6.952115621353384e-40,2.96611957090606e-18,1.8111228998724463e-54,4.41156287752063e-53,7.59704282702722e-60,1.5181365734878576e-69,1237851.5876879434,60095482861.55465,27117827428412.11,31224409160061.152,6980913072854.436,6.5399655610928366e+19,8.055962699078178e+19,3504769849.155787,2.1781769254972036e+16,432585.249833215,0.0006507045411069,2.359873233241493e+21,3.8535293431356073e+18,1.4360933979638331e+19,651683939.2416364,864856.4166558891,2.390148926659251e-09,1677285637148404.8,1086318527750289.8,1706662262150.9053,923.718409372888,4433727267.006319,3553845.3538586935,360992.0599859719,24863.572985836898,11532.389745917031,1.355696759775306e-07,4167210796430849.0,67073270.13746637,3.0336758977405094e+23,5.5798323461607306e+20,1.8579524717488816e+19,4.1980292911558866e+20,40961.19074126362,1.1758187895163577e-05,9.762035924656051e-15,3.911795418154342e-25,1.0597396180398622e-33,2.9093849939008785e-42,6.736547324679727e-52,6.4348842538044696e-18,1.6751082675250198e-14,8.691507135163882e-18,2.3913418213458553e-14,0.1540604158411988,2.5022723408715382e-24,3.0870510287345836e-10,31808142.414138235,5.981358652912256e-25,0.0058177341556388,178306.7245836626,1600.8857237145974,335685385189.3802,222.3521917014099,5.041307603912292e-05,1.9067863889593155,15249422564.254654,6.308479911345126e-13,3.4604141388943274e-05,2030087.4440069844,272184483.15312606,1.9297491912961587e-12,2.2574944992812088e-05,2.889042439712107e-09,9.781923576796494,15457204599.65303,1946453919.1304636,14749760125839.152,0.1182089938640537,401.79735898177125,0.0,0.0,0.0,0.0,0.0,0.0,0.0,5.224103960997285e+21
1325.6430528306637,76036.78474594922,12.01620495128001,13.84040510812588,15.53479657665521,14.611127872017509,15.570705153487568,10701.787542396558,2475324319.2313085,2.153496801419863,71682.36399808431,15.66848885856172,1896996547860.1704,6379.191119914427,4303818937871128.0,48061162452562.016,3715656498.3334594,17813079963.106304,229957.30114877693,864840077.7214934,43436532.87131223,311438872.8830201,2.7642097015057954e-19,86123869291.6869,1544420.676377962,0.3264350885309346,5021.940263277562,1.1988606094310887e+22,3.1196254319774564e+20,6.801980457318197e+16,1.161862682043658e+20,3.4049574753585935e+23,162297536.61209038,3306694948534233.0,9.378237067095068e+17,31338.239922097426,1.075717577737402e-07,129235541919.41364,0.15312860870785,1.5731734211280826e-10,1.0729019518919071e-26,61423148861726.94,3390276068937.5625,7.664632925558456e+16,208810587401574.0,1.8182368863495908e+16,1.8818704651710435e+20,394196809251.79034,1.8956532324679624e+20,1.1905362921040868e+16,3.2755983172970176e-30,3.739439366133112e+22,2.4743766975436156e+22,0.8854213993454749,6.596189304491632e-06,1.2464599015325086e-14,1.5438291022406733e-14,1.1917620973684475e-28,390.5613224848651,1.0370535128870808e-11,671388652231.0308,410345741217.6106,1.0543845879959723,1.1937716327585958e-07,4320021.90305549,4.1456932047906323e-13,3.531134606924323e-24,331969245231.2154,94.65314067856492,4.3965199256593284e-16,71.37865346577195,2.087884773732981e-12,2.3958323874044096e-30,36542231.864494994,294295952373369.1,3.369639149951322e-05,5.744373752558183e-35,2.2886887381553397e-49,3.365307369169802e-64,8.828121594064939e-08,257743049.71365124,424729271.7303679,1.0998152603226944e-05,25430.55210332898,9.542916938321336e-27,3.728216585380075e-09,3.80430346102969e+16,56537039994791.77,271234727093.7729,316346738.90975237,7816928.146967766,87857.69179185736,237.31301859060832,1.5863327391454358e-22,9.538950881338169e-08,1.259696364045407e-21,2.553045922316016e-07,5.115037897234362e-06,1.7566072326341074e-26,565561744.163051,2998.9753902399316,5641152.882701174,5.364200432977453e-27,4.1903252416719107e-05,5.730560117794807e-32,4.0031169393094055e-08,5718.4438592924225,9.083382880434128e-31,3.4082495208079933e-14,4.921548704546279e-17,3.848950255710251e-38,8.478291961424059e-16,1.924189732809233e-18,8.006743472551798e-20,7.791911014040011e-29,5.3820621534623384e-08,4.353896359980009e-37,3.789103643459813e-36,2.4103511215969653e-11,3.267980983957251e-35,4.727766535753164e-20,9.066249438768067e-12,4761.657791480339,0.0,0.0,0.0,0.0,0.0,0.0,0.0,5.199364054989222e+21
2625.887014592746,106620.05751752589,12.034345572398838,16.321202926653,15.413201279719184,14.459033940450045,13.152883966756244,2705357929.722823,1130787632421603.5,2.0254229048978285e+19,10560.36804765543,76730761771420.1,105465327195.31258,109.8773169969673,349402106.6355695,52652640.07813388,1345536312312.3872,850341846359.8943,9.710726814464158,948808744.4110366,1.097633939449188,0.010392230452389,0.0282783821666846,135698510.29249987,2544083739543.5176,2301.944811326787,277206.4537558121,1.782270137223284e+19,60806307086.10995,7.179706390167369e+22,13379.682427496637,0.011980260595913,1.2344313534669826e-05,0.0006912269737462,9.986261120258232e-05,435.8449327810276,4510423843.622721,3.905751380950655e-12,9.288902633243532e-12,0.0382157736167491,5.6236468519642744e-21,0.0860419659888411,133381.511072392,7.194341347304517,62425.736762592525,7.47011374535406e-13,1.6454145392483853e-12,1.3848034263938087e-06,1341.3862402221714,2.3746651856128547e-24,3.8816510978660926e-32,7.952892910969408e-19,2.106575368027374e-32,673554669130.5952,7494380313904930.0,1.2602088749071483e+18,1.4364404383262313e+18,2.2327710927099024e+17,7.202433994366231e+18,6.503228996411571e+18,2424753173.041927,255088138487476.8,10862504690.113134,15560694.332549624,6.663219742930875e+18,1.734749101641151e+16,8434676017847874.0,21606265.98236575,725409496.3948195,0.426617005684803,1.7708035812226913e+21,7.60678143703612e+20,1.383683307825275e+18,9678092503.085274,2.7191225246899183e+21,3.109768235365432e+18,2.606269431912249e+17,1.1908274891860018e+16,5149994880481391.0,629077353243.9513,1.109907238248325e+16,422132159.72731465,2.165537875844713e+23,2.7822362422912224e+20,2.5205485894650847e+19,1.1612075430755089e+20,754606.5890280546,0.0007663738742805,2.230111815808593e-12,2.52380060403821e-22,2.2595333818607353e-30,2.302262901114775e-38,1.696490553411374e-47,4.087895833208499e-07,5.325927599310279e-06,2.3569398702679265e-08,3.597286787134127e-07,6178192.206627522,1.249204783429392e-07,5029.235756801686,36903695299158.23,8.37232116129417e-10,1.0769286874330746,66006.34415564434,79916.04086243772,23854800988.88095,74.39642660682142,0.0008473572860872,0.1321014816376181,205527377.75081635,0.0050198092887872,518.9424149469451,134424467346328.95,94535784652231.72,1782.3184301577494,50190550.25453759,1007647.6528859108,16393.6507051001,36166783966.49101,354142229449.36414,13774966319696.268,161.38502757561952,2878.7708856824165,0.0,0.0,0.0,0.0,0.0,0.0,0.0,5.128685354991254e+21
1309.618689959677,46949.57487454954,11.998909016354402,16.473090306317125,10.843366153676916,16.071885299340742,17.08119345149919,3448.64245107165,144793768544.4825,150790159.5304842,1.7901927200380683e-11,111109.20064595027,485086837049868.5,1.3589575534427255e-10,1818795.8615062735,19041.301917151424,187523002.3301017,64413.55069979308,4.592944728786518e-07,278108.9877589919,0.0084361051842488,5.7718331313428655,4.5906878099611985e-11,0.3518934674819426,782.9552827659599,1.3403735235319388e-08,0.0002327547524364,692037851357299.9,6386350612488159.0,4.9205360458309786e+17,16344876.497815968,19731510345925.3,1.9472544891091202e-23,4.4107129881357213e-14,1.223677962067288e-09,5.56244207612968e-07,0.0286049252127503,1.1390561080984138e-12,1.3897225577618683e-16,2.119168495294854e-09,5.3233908320622015e-30,1.1946514349122852e-13,8.913054963430121e-07,2.3374900996669273e-06,4.2355298595601256e-09,1.2378611688529722e-30,1.270339592443976e-24,6.454004055633014e-19,2.9431706790553604e-10,3.7177657714102984e-46,6.177329499172934e-48,2.6620157008862104e-31,4.1940169465507726e-55,531017.7876888434,485358251.2006132,101976315.935357,126558271.10336068,95.00233851223533,2575375614050.9736,6552703.448520928,1.4839583516602024e+16,2280436958037194.5,56858330.18584364,74812.50191757991,2.903672156408938e+18,22671486.62653535,1076326867789485.2,6.556465147142216e+17,493975743864.512,1.7235482039554082,71341115776075.33,204120341.71033084,0.0204712470827207,110856628537366.5,4.223978754650913e+22,403608978120.42224,0.0057618171405445,2.269671450625258e-09,3.031981871643269e-16,94698.29569827254,8.210701515986487e+18,4.991231784708265e+21,93581240415.07578,1.03892341749196e+23,0.0063437297112071,1.5542730505823557e+18,3.975865796739596e+21,2.007742279869907e+21,3.287084931949557e+21,1.3682246898215546e+21,1.1686195485153123e+22,4.4437487907017765e+22,4.1758516761630505e+22,3.6129048902805454e-38,8.954371962037943e-24,2.6178930625015256e-35,2.10799911618577e-21,2.3552820990776725e-11,4.814453752500035e-38,0.0011418464311821,7475.08372859077,3.434253854342051e-25,2.2279254362626103e-25,0.0008721024763476,2.803981624458183e-22,105.3989366732029,53007479.58213635,2.9388054679578964e-27,4.733684361543792e-11,0.003032853433612,1.7511084728831471e-34,1.9575703892502156e-12,2.1754166197857554e-06,3.3097286476450174,6.419715519919457e-21,2.1326427708088533,3.9770107342196266e-21,1.881641775136945e-28,0.0006478784241267,2.327437008785259e-19,0.0001381154370638,2.333336150724591e-09,499409.4117047937,0.0,0.0,0.0,0.0,0.0,0.0,0.0,5.103956670055164e+21
1274.4637733833931,66411.69028872285,12.018006793831365,15.964055315298424,11.200799305225818,13.19689825545572,14.184496794761277,0.0279103127146068,78515287.06609593,158532551050420.53,7.546598053217711e-24,4017.492479522649,0.0947625173755614,7.348049425465186e-26,3.7204730446317303e-10,3.3616725993817463e-12,0.1364096336341079,0.0002762597523616,3.95206911533916e-25,1.6826499274954789e-06,1.2555556026385477e-23,1.423239417773136e-23,4.961333299071647e-22,3.614347674554872e-14,0.0003121257887698,1.1036135148879569e-22,2.5268944675813744e-18,4680186220.066147,1.7808482600751187e-05,1.3212753896657189e+19,8.161645492863205e-21,5.717418762132001e-30,1.5403322459467875e-47,8.19241869630644e-41,3.986075155890491e-39,2.058856072848956e-23,1.4982385702320876e-05,5.1519772749224934e-48,1.5941555736261853e-45,3.3720407889323487e-25,1.242173875691089e-58,2.255837869085611e-38,7.940193373092689e-25,9.76375276200801e-32,2.634321147632799e-26,2.68514171609919e-66,4.983885862552699e-63,1.5469460326810104e-49,2.3592300053295888e-32,1.3629350347644849e-93,8.925763696094734e-87,4.020421019322602e-80,3.812994648043067e-114,24.14831283153008,83473473623.12929,5.299740222607516e+16,6.6074283118247736e+16,1.1039387029076226e+17,4351841893134879.0,2.3825072645783348e+16,0.0038318839796157,2027840092.0696447,3.7400010436758055,0.0005495742157432,9.448708389374505e+18,109309484287087.31,3.3784259798546182e+19,0.0002414406310403,55.59688841088536,1.4762182409701632e-14,1.3385337573749322e+19,8.637202746988744e+19,1.511485593095254e+16,0.002534211196181,6.047190025234848e+20,9072411959916154.0,486085976678727.4,442735427730898.7,112711856520308.8,55.30359784329613,6280390824.757326,0.0017217323076531,3.639671656731041e+23,3.325116224770924e+20,3.332063261816315e+16,1.2359672294448472e+22,4.4246935272285904e-10,8.354634625141172e-26,5.16620098270103e-41,8.995039064533477e-57,2.9876573673493983e-71,4.207335703594778e-86,1.5603319751198103e-101,1.1516833864858351e-46,4.337243908040454e-41,1.2482217837990832e-46,1.4037627381562716e-41,1.6365141364143634e-15,1.8554569047009564e-47,2.5153867832359858e-21,1.890695064805517,6.189334386801633e-54,5.160488589125895e-25,4.793806287415005e-12,2.238279784012578e-15,2.348890673829846,2.0183649444945842e-16,7.097799033432919e-30,1.9063516249542135e-22,0.1392744784837186,2.1460138113037831e-32,5.860606641333637e-19,5045.457670663583,21050180.915844154,2.416752118827788e-19,1.7349328458133737e-07,4.49516142696636e-13,8.4277127535873925e-19,0.008211294679852,0.0056280682118339,5020.192766972438,4.316322466582972e-21,1.3679592073447457e-15,0.0,0.0,0.0,0.0,0.0,0.0,0.0,5.053242664519621e+21
1870.4164173077415,79496.40477674687,11.99148479204066,12.516902127526496,15.943021536370797,18.108860216881386,17.880922248976766,44403399.97673771,40536167865022.68,52249894.0116459,178792.54827302502,117123282563.60889,3.9493996762981344e+17,33424.861000285026,4062129555176401.5,210552310034616.88,266915967032.95508,1617542628.807336,264550.51289324544,62086268.62643742,4675762.576669149,4932957.602851017,1.710703875703915e-12,3714094753578.2393,2101690118.3927417,27723858.358045418,24251920004.80826,3.302823760948274e+17,8.026867980496288e+17,46665494272953.234,4.198290105799314e+17,3.2532803542500906e+21,178.7771610041575,14189118.69660017,334705248.42062294,0.2121393576259744,1.3325826897577303e-09,1199.5853972192556,3.7939576568616978e-06,9.614572242482125e-12,5.8992387862255426e-24,1535921653.236007,337605038.6815644,94137465673961.48,4612978.550118475,161.68107635349494,95682.42369195966,84071.9281755025,154930.26989176197,0.0001561748881324,7.699402513023386e-38,7430850.119621512,8.160702979475199e-06,16770696876.741217,4993139.6081089955,4.0480272069567445,4.779105321947552,3.845848543171164e-10,1847955219.1606724,0.7087716179233813,2.1163552253245907e+17,1059664433428928.4,11882455821.780056,83240166.05639571,612198480495.6417,0.0425180168667463,2.0058338755652848e-08,7.291942691495008e+16,112539179777.77708,52.16479477812294,769186799210.0398,199.26280423364895,3.064808942082581e-11,2.77390020721866e+17,2.3841729756582277e+23,10884558067.389702,3.5179120445141506e-11,1.0131880266812238e-21,7.730050435160787e-32,165318156987.44354,1473992657580479.5,8.559847994491037e+16,13199.886141598889,2041312863433.8557,2.155754377250226e-11,988.175395694567,2.4080591175159508e+22,9.039829495045976e+21,1.0085926009942454e+22,9.386701497110664e+20,3.980401189161863e+21,1.292730950274931e+22,5.11466252260972e+21,4.724719635122565e-13,2.3355713758941175e-05,1.5640539014407134e-12,5.870171678991945e-05,0.1997679020577264,1.3679621816293045e-12,3527631474.0033727,1564.449802671005,0.4770243198881415,4.058051006872947e-11,248.28751604018444,4.4131966452468555e-14,4.398252388514435,12344350754.094769,1.2562216361409105e-13,0.0001474053600227,0.0003519165376099,1.4854949967455818e-15,0.0189446700964946,0.1460324510981982,4.567345956154896e-05,4.632523728884625e-06,6651164.306966985,1.1975780202534096e-11,4.3639545552193106e-17,0.0347090919224246,3.585426365531153e-16,4.8249412374415975e-08,214.6694232305336,12146622094.85714,0.0,0.0,0.0,0.0,0.0,0.0,0.0,5.007514141468648e+21
2458.4307040964486,140193.632923043,12.048171439290703,7.650848279318103,13.364009327108729,8.22375873704255,13.617830763384656,604686756538.3125,1.2621914066296536e+17,5450359.518985517,59111070718252.83,13359644217.412573,1.3914121605430925e+18,194571251534823.25,1.890666305601137e+18,2.3823737744397498e+17,8575125267.015899,4813684580921.454,7153921123092842.0,1888965058643.3916,3.6792159106444224e+17,1.4926020922045668e+18,1.5661756341704131e-06,1364319291923185.5,33054910.452067915,10377001.738612575,1742724865.1790495,7.627195689551283e+17,8.203070013656747e+16,4061658214.360043,8.983100827826953e+21,3.8645593532823414e+23,2389792646983299.0,8.810849234442402e+19,5.815957912338719e+21,32687.012826538736,5.25579644558927e-13,1.8372872457899915e+19,33262505.949583452,2.271251152035613e-07,6.76094153073215e-10,2.8420409534539668e+16,75005095120.10626,3715975059809813.5,36975827134812.445,8.139536157878602e+18,9.183606561354142e+21,24387025.021959268,70564371663.24048,7.390855388003177e+17,1.1328157847803642e-23,4.825539085259556e+17,3.117508700166995e+20,36621693875.03471,517.6222922223773,8.242784844055661e-08,9.453286596899545e-08,9.556771275550696e-21,822076079.1483564,0.0004677109342324,1.0609214874833623e+19,1.2395050009422266e+19,217412286634.90527,209105.46361690588,399007820604.9758,0.0004096867529536,1.1252937492564844e-20,3.401124835362651e+19,6491008129967.015,364.3319483174192,585456.0621386821,1.6835661913399894e-07,1.4641587030729878e-22,93132181721811.05,1556506299087906.5,0.7504814518309558,1.929266564652146e-26,5.891892663197687e-40,1.3898781368044653e-52,69.31244602157842,195329574602.59103,268517798170.3775,0.0726162004924024,7026.094853042121,3.000055567416776e-18,2.1851909619473483e-09,4.804421811295332e+20,1.381578181597981e+19,1.1448137055407153e+18,4203407456753337.5,1110232711179834.0,310983030212010.44,6918417005411.233,0.3127855040524332,10734865.536881164,6.960764505944238,263589181.5809175,12084.21931054696,7.210770359514081e-05,39671621761358.914,599.2490127883347,136306575812709.38,0.0081256222187798,2281228154.5511813,6.948448558062667e-10,1166.3061857451175,166205281614705.34,0.001564942710928,722717.1257252572,0.840789269764188,4.4425229471800745e-11,21.80234419183433,1.1154596082599167e-05,1.0501653859201556e-11,3.768320800064514e-08,4348.379450112545,2.0019944518421868e-17,2.9728165482647434e-13,3.7305373321712834,1.2804541443058865e-17,1.292340652882619e-09,384326.3740146346,17557485167457.123,0.0,0.0,0.0,0.0,0.0,0.0,0.0,4.94174314137677e+21
1235.5850736220511,43749.89198490206,11.99827752471862,15.116990601655631,10.884998897017082,15.335592583579023,17.07520766115021,964.057447956094,77656315163.78554,4423173.948160515,6.614651498066853e-12,4970.146230104148,134142786785201.72,1.7479024012331304e-10,17171827.960894052,130560.26264826563,733278470.0324745,195943.2823530703,3.284743710855667e-06,3621689.310149384,0.4021145947077092,1669.961916399442,2.2833045740412454e-10,0.3668550022650693,409.0347105150356,3.526974949413772e-09,0.0001117047971593,2792483546388518.0,3.614778713806229e+16,1.0452883846271032e+18,83763346.13686696,297964055418614.56,6.814871229174858e-23,1.998718396996865e-12,3.8102619723349034e-07,2.3585203755085248e-05,0.2656592600938628,2.9729876836040107e-09,7.212011440057327e-14,2.3119158765737465e-07,1.3994566234084634e-27,1.1293907973872676e-12,6.448911951684112e-06,5.057065167905416e-05,3.4422771593435227e-08,9.347613949680343e-29,7.047787914773788e-22,3.951380171444421e-17,3.9235876905008734e-08,2.1220892418245817e-43,5.129305485261244e-44,5.480031874326156e-28,4.1577382660648504e-51,79209.50697286021,34272958.83714136,2094980.8251141105,2625961.392845607,0.2951644476761659,429126132913.86456,151842.0924478944,1.5246447397719474e+16,7257070996595490.0,38323618.078755304,26151.050981554217,4.070594893072131e+18,1966198.41625991,36397363272878.49,2.952064623870512e+18,2167801002550.6511,3.458568768328955,3002241671992.5303,1323110.4933354857,1.171383564411903e-05,17586578316426.924,1.5303962961654657e+22,10261827529.77841,1.796454398062137e-06,1.151629466668018e-13,1.6441922391308905e-21,1996.817369112604,1.1588478093305544e+18,1.1998054423964208e+21,1238373374.0225544,8.647661713751932e+21,4.245619633343803e-06,2.4601697076611948e+16,3.1099884802233095e+21,1.7806735776666595e+21,3.379932867534765e+21,2.0360232138974948e+21,2.148055511922264e+22,9.074979505069267e+22,1.0876191032343142e+23,1.1070743830012715e-40,1.977609647870692e-24,3.898448069184909e-37,1.8822431532923357e-21,3.110528668918216e-12,9.085351767785015e-41,0.0027600701231416,6162.048396728271,3.1771492994577013e-24,2.865845943678998e-28,0.0002129494235432,1.3946171687551838e-25,14.161340004901769,55925760.52542182,8.391870277068956e-30,1.1922205034220917e-11,0.0002771758622184,1.1366294350565287e-38,2.5686943805954076e-14,2.2077664462999523e-09,0.0229837729274739,1.944793968181907e-24,0.100066732213373,3.4570643337846804e-25,1.316136112235719e-32,1.260737243624342e-05,1.6693133335506161e-23,6.975188673191192e-07,8.721862872053336e-12,127209.8049622703,0.0,0.0,0.0,0.0,0.0,0.0,0.0,4.907461625726657e+21
2823.3279915279304,102860.04537330646,11.999422477687627,6.973297894411336,8.567423487760827,8.323171795268639,5.168809325196008,277954962422864.44,6.748529349691331e+19,69153444515.44542,2467063241.3381114,1896677184672.3877,916218321881.9888,527941335306.82153,2200531287847856.0,398171658882091.5,6382079660.459706,1102041760502.9685,723021773376824.2,22735113642504.734,1.1584721411543148e+18,1.656649364959208e+20,927.0937188984874,71648684073.6281,921059.2284530526,11431.651153335646,979226.8051761822,458603075964908.9,5602759.674299547,1240221949.0267372,2822265717.630636,5869.899754221192,104192.60717355469,56663252883.66058,115726080089048.84,295.8581037093006,1.5584362264331155e-09,2388657843257136.5,6720841.0086781755,0.0123517043456878,0.0045210088711874,1734429.2803091283,1371.9962310759709,378929.1829179678,149474.59093188206,137.83499517589286,3742649.0250255656,2.3384567678001765e-06,0.0394498611135247,1.94418180064484e-05,1.529652457233349e-23,5.613396631937575e-05,4.511874079372169e-09,346389129562472.56,2685854470.423421,426.6934445928917,483.2477970487194,1.0431705414674125e-07,373291654207143.06,483308.4427866533,411932216755527.5,2.2500627574163025e+23,9.831277703335094e+16,876545635069.3154,4.223184484327997e+18,25525896.888630297,1.9417745832989288e-11,6.61819695915294e+16,9.480181387621604e+19,16271695056058.309,20154227753.32506,11.653728426434366,4.042966761568953e-11,478687009.7503803,8.15245592480043e+16,202269.61614516607,4.5344202374153345e-14,2.8076514220829013e-24,2.0130464003732112e-33,423794.0809167817,63874210.330595426,7.521433717669354,525203.6679091824,984.779957385708,1.57825289789892e-07,4.964237256917549e-07,15100320.296645338,0.0612197320817991,7.067451896003697e-10,2.7718291206188527e-19,9.495521750893418e-27,3.990787822681415e-34,1.0973347410652569e-42,3.362191051311448e-05,77861.84992355722,0.0324498114897986,92911313.36494777,1090.066322286934,5.6593754307717367e-08,74481083967.71516,50160.294534124056,184998.6905702188,46.63985379391857,287540744736855.1,0.0026608223283651,64666205117.75798,548481026107.1232,982.5219556556788,24097245812127.5,590462389.2402493,1.2065584119219617e-07,1209359.1283135978,0.2886285595373507,0.0643912655479082,7.225881325719921e-05,229116572.59145272,3.885468749346743e-11,4.074592049259455e-08,7239107.227665063,3.8552716234468287e-10,2.7051057098284135,0.3711456643043395,1209218340.1280005,0.0,0.0,0.0,0.0,0.0,0.0,0.0,4.901694034032802e+21
2817.253344933954,131353.40453189932,11.994622552500196,8.737837268120337,13.166989865742837,14.498340315420071,14.895817439631507,211080500439.6189,4.5213229330759264e+17,91089847864.0362,646408644689.1427,2255125943871562.0,7.574978372882796e+19,955447307059.7744,5.150775914496843e+18,9.271338625734504e+17,20547541898885.03,2825341491494.684,9111841900465.57,403809158523.3125,101921088936711.9,101561604786756.38,0.0010368087945422,2.390439230257377e+16,423808032390.73425,4661847490997.339,403245399452981.25,1.7465155706289715e+17,1.8092711954784006e+17,651771044660.245,6.523617811871901e+19,1.164875127642057e+22,7545974111.191596,28960368517940.742,412934527657840.2,1997.067709469745,1.99613349320854e-08,404045628347.1612,1543.4889478548057,5.409103486738888e-06,6.578452909468478e-11,159689855415977.84,175736418809.5987,4.423817268387206e+16,15312048721.685629,2799394914.7081637,532932686117.5457,103343864.55532122,1571772.176410925,108486.1868091046,3.256993516407413e-26,500254144481.33936,7023.30277635384,2843838033567126.0,30397813681.814697,6599.111567499318,7475.15670542626,2.1808303295314803e-06,3426094771373.7183,5989.56886888323,2.355832450487159e+20,1.051182483144988e+19,5599992226708137.0,61753616693485.64,271746400074069.28,2187.354294749315,2.689339120128349e-07,2.62415632681047e+20,3.767778294154033e+16,53953902553.4224,33429901997328.902,26148.643728387095,1.2149009197970565e-07,4.907730135697741e+19,1.2565284855905064e+23,415976455731.7043,1.687475917763989e-07,1.4130441879876712e-17,1.362387099935788e-26,778670343779054.1,7290558410638754.0,7.310525176744838e+16,953164.6646522398,155506259194.25305,3.802960754570666e-07,106.36905954419476,1.072152257199078e+23,3.674378589882575e+22,3.586405932315603e+22,1.1938770066983693e+21,3.461502297140791e+21,1.2285787951587232e+22,2.8612725364031325e+21,10.465011758996186,15715.95570235106,70.17784757333752,130116.97633222053,3411428.939366498,21.864184732229536,19589380102424.93,20175.247945745577,10582653.025742844,363.5747239811898,1477527900.308957,0.0285140846872899,459578.7042672026,244218560125945.4,52.503245478391506,837997.3845818827,315956.4449896316,0.1655241969694117,1094779.4848039297,578987.0770924173,0.1123996027661769,127288.60864882635,265192947441.85928,0.0935144263981351,6.244265664842058e-05,7359.559365559348,8.25401137462484e-07,0.0037541828088823,36750720266.641045,77588892813630.16,0.0,0.0,0.0,0.0,0.0,0.0,0.0,4.873496309249334e+21
2039.5467594281224,87537.07337586375,11.995816344273653,8.853465681394509,10.693827584514343,11.335279104817644,4.791217083304799,1764491349383.5515,1.5159524256214144e+18,3224493534.9874444,3526307.7521872427,551072175587.1627,6709964050.598442,4075421000.3161182,1.7005457760288078e+19,1.2003700432576364e+18,5412745360927482.0,174873964847094.38,125954199162195.3,3.4255630035075748e+16,7.363030552563987e+18,2.8232102565006673e+22,2178895.6746262014,6277802073482.706,14530653994.021349,42571239.828507535,20975208574.129578,1.3050939644389391e+18,11662353834.750622,720239922093744.8,3197101598.8328314,44363.022705561365,3045.634153063116,422374724252.99133,3.2409583366973576e+16,612202446.1583397,72.18564251861537,6.365850198332532e+18,201954098600.35025,10145213.931182034,548.1886088448472,2405354752.7677717,1406353709.5362206,15761529476533.352,72992253.14703092,1049.4391908653913,1813712921.6359308,82900.20586207481,2637145.65051454,0.0011544828287259,6.699552840185921e-11,918030.9506228196,2.9607742530247862e-05,503717834124962.4,637919313604.022,3583723.966781493,4189356.035190474,0.0044467619131096,433047486446921.44,2325440.159159779,20705929367967.727,1.4404970051329523e+23,1.7069373176097183e+18,5411891958270794.0,3.750101716824394e+20,807647718.8680997,2.0955223149648416e-05,3.533334195762333e+16,5.491180488656047e+22,2.7527639821825395e+17,7821858009661.929,25684.107312498712,8.760451591202774e-08,1892227683.5105076,3.444647895779421e+22,43346129540.49937,4.2931584252070934e-08,1.5297093597060128e-17,2.1137315409017414e-26,90932731239.35748,98409588.98460533,17.039287672870103,3600589.992913592,470120.32357079815,2.202384270478899e-07,0.0023793278253949,742661.1735619272,0.0012440052839418,6.1202252252998915e-12,2.0199292433491332e-21,3.5528647161490257e-29,5.341141362637305e-37,8.472764059036366e-46,8.767611128484954e-14,8.391972555632693,1.288509456524051e-09,107897.08337951289,41.25955236218702,9.558425244891066e-14,29023181784732.938,659232510.0108038,34852.80667786027,4.7528830017837144e-08,219823798290.5485,2.629932849573422e-10,14016006248.314484,12591730991.617935,1.4084977291614702e-06,2631711290.6172824,5712523.872802618,3.5631330200089595e-16,3231.8021609552684,0.0049516700234577,60.97068239661964,5.8454377535279215e-08,77156784229.86319,1.0642723287405592e-12,8.479786203988265e-17,35211.187513976496,1.3848809838362913e-15,0.3706389078782051,2.1332629206393812e-08,2466118.134203372,0.0,0.0,0.0,0.0,0.0,0.0,0.0,4.857188988108214e+21
2853.641139059694,97754.17599666638,11.99652451742696,12.705407494705195,9.767296028492984,16.14276784548575,10.488421065809137,791354645783.0416,7.937839574625253e+16,2.981710474523259e+17,41212.06277918149,4092217813764934.5,86465341663009.64,8927.598159823232,53042467951.964966,9848258181.671265,535964138578.7408,56151171807.474106,11889.270071233565,1155348514.9834757,18297.55374307034,2536.35516567264,0.2060731614029559,1842490323.0505805,81443509133.52988,553567.9960282563,45193528.31958,2.033887777151911e+16,20704901011.910954,1.886056401409422e+17,3231945.538759513,526.882409684265,2.2342383931585536e-05,0.0110649315949744,0.0217007271202482,0.673202633964086,42.42584267156263,4.7360813652644514e-07,4.95015278540985e-09,0.000106124379248,1.411977409044105e-17,0.5771161104026906,1503.603600232651,198.1620552764505,97.3144011918858,3.5332328611496733e-13,9.019690975846288e-12,5.5854503047195865e-08,0.0010269887058775,6.591017619533366e-25,8.9905995038168e-35,4.858351880996444e-18,1.8765560314153535e-33,757650357022134.4,2.0244243249240516e+16,1.1572726642983348e+16,1.3094537688987126e+16,10739572318949.684,1.5605013837250148e+18,7710829729826378.0,39065931250140.8,2.5563255982677187e+17,212935352281029.03,3372960272176.2354,1.6605114641869386e+19,410048021362049.4,304123978880.5005,6236682784880.557,197744672019146.8,68596602.22382522,1.4130424227898946e+20,3.090221245832387e+17,4260416316437.3975,79226828278575.16,2.4793966333586516e+23,2.489469019361238e+18,8434877749624.458,1978116638.0870416,5523333.522950299,2745490680742860.5,2.062339570316802e+16,198146902469.6873,7.824395040948014e+18,1.07654787954787e+18,9749651182080.934,2021607457527391.2,111527893050.96968,38254.553571692246,0.0373284640170644,1.213900563832769e-09,3.4971386038602586e-15,1.2495338627302526e-20,2.8787526446400055e-27,3.2771979550577637e-07,0.0034507037054741,3.109528870111126e-07,0.0040763229229563,28342.01939835663,9.630790911863888e-07,4535418.714597007,20895457425.64739,9.304700634258604e-08,35.45504857572371,916916523.9548582,7066.656306231257,699161842701.9767,130954460.52873103,0.7848071679246164,86005.94473118252,1283622837.3916178,0.1753456032172545,7334193.190934672,1081148296178.3168,4315941994610.7754,155111.79580317202,2095903891879.9907,300364.30082458176,113.59405959451544,82039035468.88258,3468091.726249946,110864211868.77556,19631.084155255143,291875183.9619279,0.0,0.0,0.0,0.0,0.0,0.0,0.0,4.854328923125958e+21
2445.802991076823,50469.01151214751,12.00757724960284,10.948547731797074,14.438170880964485,15.798218656446965,8.59621185406973,743691020.8269817,3395671596365902.0,321503083.67343175,4232192601718.441,114475028337016.69,32484843305313.97,407824773417.3365,4.282925147984188e+19,5.319040596776712e+18,12915256369633.98,727263836931.0831,448783013861.6065,8427423772.282343,695885726107.2091,84710313486.9434,3.539567446405411e-10,1.0112190381796434e+18,1641318521511.724,71163979174642.75,1.227798149605207e+16,4.2240849158011576e+18,11384879005351.186,1509824572486.9695,1.795553289479643e+16,20029525661522.59,14198358128061.73,1.6263029647670224e+16,3.2379454473314024e+16,798.5332108562975,5.729795552848947e-11,86159442311.48872,10.012234618446044,3.0612030336994055e-10,1.0462308577789922e-17,1.7409167861251297e+18,314616586784140.44,2.33038140273714e+21,15782020424866.16,4173871617010670.5,1.4325971312942296e+17,83126115138541.44,177025646084.51364,30977174384623.973,5.499694521736029e-30,2.0813942491200443e+21,1112739393871757.2,9176244966783.65,8676373.410169424,0.0902642165749793,0.1035709655153598,6.63535183907234e-13,1453569650.1558208,0.0522725866559722,7278348948379.41,1.0016723767954696e+16,1614474625821.785,14845453594.128325,21516878798.51633,0.0013445011245322,4.1770918130036505e-21,690236931817.676,1451244776747.653,21370.88579522772,346668340270.2746,6.331912184157447,3.4040081794014773e-13,20924302651378.17,1.449871027406441e+23,4277470367.366142,4.30213097789554e-13,8.345673352496068e-25,1.229810360248886e-35,55790230048963.21,306266670.6549452,10666.399571516518,286.0902466608186,744.2737308031349,7.131411870055748e-13,1.4831671584303697e-08,290908345520.92236,207812.8201454664,0.4279671383798195,3.946612605199592e-08,2.5981453872795257e-13,1.8037252384820675e-18,1.001975764125604e-24,13.732399098929712,982.240073709107,9.091175189725716,713.8065741425999,1206899.9920927892,30.550380980206516,40019622521231.49,279.46245136010873,1108491607.225741,0.1266205377946906,77476.31737131278,7.185772449204558e-07,2.6726855744116578,149855.66410425547,0.0006992432265247,0.6793969458255075,0.8446570212313235,0.0002154609427668,231.12727779528777,4254.419902532472,5.185016368303494e-07,1936.2021765936283,482552084.90961146,6.715723083747797e-05,1.0154678371627462e-08,0.2826420020111146,3.0344767676307135e-11,6.374970798041251e-09,5627.383954376972,534532.9431659462,0.0,0.0,0.0,0.0,0.0,0.0,0.0,4.84391673508217e+21
2354.2418559188263,89561.78387022055,12.013855980795624,13.170216624558693,9.616736529703356,12.691748399886684,8.963957530657659,371292459.083438,8825361709458670.0,5.153260669274882e+18,0.0591441653723618,30606132577510.703,331055208.15409356,0.0281053302282658,4579613.694186471,509511.8307830507,54821536333.47911,3666732695.0396256,0.1802469386991304,223802552.63585964,1.722896584112469,1.247159062887126,3.7131307380507823,15823.897263554676,1080113125.422879,0.5329350980826458,112.79131628526224,7368876130122670.0,346506.43976502866,1.1240802851092396e+20,0.0099055247316504,2.49586989200022e-10,8.479852522377521e-15,7.514231129785486e-11,9.253108471508543e-10,0.0338318309865015,4114301.036775415,5.2530618570710466e-14,1.857440384378755e-13,0.0098004315171401,8.557293136077241e-20,1.129589064507845e-09,0.0101174914457849,1.557274383744226e-06,0.0006729634247573,1.4342778322676568e-25,3.2378728859788677e-23,8.398624242144131e-17,2.0697766967050292e-08,4.06315945676756e-41,1.6244163389055436e-37,2.5213712444668082e-33,7.595477167052279e-53,11992198108242.771,4.715144253152855e+17,1.7058472006978945e+20,1.9645818490938147e+20,3.475732087922102e+19,1.3735049577825282e+20,1.3373390403755794e+20,376176439.07659423,1.559325245078901e+17,11415732867890.867,64387985679.223785,1.3667401163961675e+22,1.735682536621692e+19,1.736339090665454e+18,190386406.5426195,62594376968433.5,1709622.5827265666,4.927193475371507e+21,2.5276583259252295e+21,3.1091597678970716e+18,137355202.074885,6.283277042610456e+22,3.9259682644256694e+19,2.4692718867622784e+18,1.3472725301465542e+17,4.9143467414811816e+16,6898226059113.721,133697507279067.31,88146.33655612112,1.8838189253240057e+23,1.4560059530148751e+19,8.939292439875415e+18,8.709601926600071e+18,67.02677536178366,7.81548339944e-10,2.6362143493323803e-20,4.311149726290137e-32,4.7509169665990465e-42,5.293105203584e-52,4.989281894518123e-63,4.5446252003080115e-14,9.15319894134503e-12,1.6747457446743574e-13,3.5567470082626076e-11,2546.2626471542976,6.65271563672573e-14,0.6723142887983543,12054098381.994318,7.4230721153168215e-19,0.0506160227405806,122349.59156890704,11241.287272130005,187227616758.4887,6.375420786410788,0.0011779659121043,3.461113290918003,829639820032.7974,7.4394919314756735e-06,32.224488435228295,20781506444627.062,169122517833441.25,89.16864382488707,81948221.70910767,106995.80520348682,24.986977204579524,3137528612.6627965,4090076186.3143888,2396680993255.2188,0.0161057070082072,4.231198671033834,0.0,0.0,0.0,0.0,0.0,0.0,0.0,4.820096920249703e+21
1889.0440397483455,54345.66864596588,11.992250629116658,15.929050002115458,11.188132123466726,14.783964721416654,7.926587251348438,443473.3035534309,4638448913704.605,2.341263617394285e+17,3.706836176725002e-09,37201087573.92826,26.486825751426895,6.400262794460183e-11,1.3758111807018203,0.0739822030272659,299224.39050465607,8378.467057168697,4.4302566166150793e-11,29.027943896667153,6.713072857672406e-11,6.1397645340675586e-12,3.0486319224209474e-11,0.015187152934736,27873.889847579856,2.959875753476856e-08,2.418131662052837e-05,15521275433171.158,0.0021076042044283,7.073474938193548e+18,3.721591746838745e-13,1.479196173000985e-25,5.296343251248907e-26,3.340239957806071e-22,6.740736303021874e-22,4.817894786950683e-12,0.3227869753199166,2.150836578092818e-29,2.454546081728798e-28,6.683005834891996e-15,1.4075595518617634e-38,9.046662384140756e-20,6.13013397563064e-11,1.122454982241402e-15,3.7157705258068185e-12,6.210984624645346e-40,3.107543824966351e-38,4.93778297505215e-29,5.0202000901750295e-18,8.852701086576416e-60,3.812944099270853e-61,1.8056207419013905e-50,6.178416164983839e-75,493918835.95482385,479268963761432.3,1.3417314181762335e+18,1.582200566892039e+18,4.746456594333008e+17,7.218432850373791e+17,1.0395623774080972e+18,1.3000243863269978,10515671079591.637,31350887.85750868,52779.082999110455,1.993853737183648e+19,5714615604961239.0,1563875934452.757,0.0402919648298085,25535546.366728947,0.0003084603106885,7.34760821518063e+20,7.063368817511835e+20,4.307665112531587e+17,4.408848414765555,1.3220519290710551e+22,2.455985944688235e+18,1.180234332049993e+17,1.2572599418559746e+16,3713971577198405.0,2837625046.6107016,319181471.77085376,1.0104659046900156e-06,1.9366979861839215e+23,1405144210603152.8,1.335058621113183e+18,2466658484676250.0,8.299596078242852e-11,1.7816242622102328e-27,1.1349861057591102e-43,5.87733340361616e-61,1.4127075053765025e-76,2.634528474778631e-92,5.884932148867032e-109,1.982728521129504e-24,4.4101747102898144e-21,5.8286110660446535e-25,1.0016011989824308e-21,0.0001732507891217,1.350041406372877e-24,1.123069840608697e-07,2266693.2188292635,1.0837763203224874e-30,1.0843770319285027e-09,0.2669560802775754,0.003926976066584,15113239.09019525,6.46612037969856e-10,3.265732211409877e-13,1.6846858862931322e-08,195129.81628285904,1.1675541958711322e-13,5.947931843887674e-05,24959606672.44475,1378790750899.588,6.776245978470165e-05,4006.992298690639,0.6060815653405366,4.569364803232442e-05,1399347.1363984763,1117882.7935163826,6790412064.913174,2.7539613891717543e-12,7.056825737206651e-09,0.0,0.0,0.0,0.0,0.0,0.0,0.0,4.819492876482645e+21
1333.612329513341,86485.60258803521,12.01134003814924,16.631198269983656,15.508342171492064,16.02796582051943,19.342664529292964,24529.34606706498,54639814142.72173,39047232.18680578,3.2396749665952568e-06,33590.28130098937,904971594430828.0,5.293270627630725e-06,4632594094.536749,53389102.38576188,55876759702.29646,173914661.89339623,0.0033452172265368,151905477.5822357,10.882298725243064,1356.205960244345,2.9482679976132936e-10,5547.3520039568975,1364148.7053291963,3.8020747288188854e-05,0.5513342169459784,5.482931021888305e+18,5.802014572328649e+19,4.245184693039514e+20,1703380993051.3723,1.886864957209206e+18,2.408441864514695e-13,7.915994934023886e-05,0.3855383157828791,2.573578202048119,1683.3682457596676,1.857103909104993e-05,3.3051325674374585e-10,6.500566875132835e-05,1.367652545042884e-25,0.0001304991423084,94.72519685970464,236.9543739941351,3.6533533401289784,8.167469009303355e-16,1.4420681801583218e-10,5.775231643182491e-07,1321.721296792366,1.7962948055011002e-26,8.192081535156042e-36,1.2396273398554598e-13,1.1549600751227051e-30,34995.71235427792,3594657.888852285,98273.82859625104,121600.06345544796,0.0144991413949447,123882771273.6774,51173.83536138855,5842557783024304.0,157772829703154.3,745683.2421972787,142.20383535170245,2.306177864577012e+16,37293.75681434979,24046471618.1326,5.1849624394034984e+16,1155555480.7457094,0.0001900731893951,1971637592551.5764,888230.3360575273,1.658569391834989e-05,29067622772573.855,8.104169993798532e+20,1544407043.733251,6.665215426300872e-07,4.0688222952990585e-14,9.553060252976301e-22,508.0064685749552,1.682721117209229e+18,1.106108679977439e+21,2762456179.153312,2.2402469245045448e+21,4.1199676863764795e-05,4954839428068037.0,6.885954849562985e+21,4.2492696591405663e+21,8.447227003397698e+21,3.994163064837566e+21,4.064197034497519e+22,1.9008376471373396e+23,2.1076040026943873e+23,5.6888219203306895e-33,9.165054555159229e-18,8.025338504239442e-31,4.4363619130334923e-16,3.3665662237797436e-08,1.043097644842235e-33,67.75934108525914,41516589.25646135,1.5370679404688118e-14,1.061710067862061e-25,0.0020198301736654,1.595119530920533e-23,26.20894019644953,100277355.02068242,3.450433009904579e-28,3.400439020048416e-11,3.53238368024826e-06,7.774206834858766e-35,4.144721756249038e-12,3.796262025504916e-08,0.0683693649447475,2.1344821427532743e-22,0.3663277560816509,1.7279609242512708e-23,6.163866612685814e-29,0.0009196203773211,6.79174391406331e-21,2.6386830286505555e-05,3.270541121159118e-09,4627667.40076131,0.0,0.0,0.0,0.0,0.0,0.0,0.0,4.800041743164114e+21
1772.0326023972716,81341.73993905813,11.995959370641788,10.76646487778286,10.580640859463546,10.256677086308388,9.047060164646584,16996782586.166616,2.60044551160548e+17,2732030112.273504,1371.414832412373,656308983.0637554,6713433989326.526,5501211.377694513,1.0131375019155763e+17,4269214757603393.0,1918351066398055.2,238815232092332.6,1269454539093.9404,2.2393871833223014e+17,7.322286914792806e+17,2.369051347327862e+22,151134865.4630563,2337006141.4444327,427561674.4614957,295.25195097848797,379683.87293566286,6.148702348188048e+18,712015316290845.0,2.8986325824150566e+17,690740222643.294,412838654148.57874,0.085600836368364,340187244.4842668,265237614466056.53,11849924390.95809,7196891.98512709,3.440727771061162e+17,193093909243.1151,45303774050.62196,8846.421421775392,57749.39390012845,5455049.750632981,251002085.2626219,1928574.8707641845,0.0083399336407928,173667.7441287072,3.2096676876379484,2903964.8495459748,4.211076519628236e-10,5.7121779560946596e-08,0.0782677222078392,2.0117218482549943e-12,1970805353732.512,184472012429.28748,33982567.94430861,40383446.902971864,0.4798531294315643,2867803294458321.0,155865044.57777622,8.084655242147765e+16,2.0770785697382608e+23,3.5562911775291416e+16,6726910108680.366,3.6250533922734768e+22,209721277465.5947,530311.8450209768,6.935344493579194e+20,1.0804274637840262e+22,1176428532842216.5,2128897858880.777,83505.33647553451,1.3405881743424705e-06,137515445958.00995,2.17719085320158e+20,896442708.1681497,4.3132637968047115e-08,1.9192390300519878e-16,1.745243670527841e-24,980582.5792704736,8299685394047.938,26341598519.86268,211263437.84268367,4158994135117.485,2.5301341632659967e-05,347306.45352156856,31182239242817.457,489160010.586148,23008.40658025608,0.1043922783600166,1.9443210079003025e-05,2.580304137771288e-09,4.584513019049e-14,1.8041041253820313e-19,0.0001149574093258,1.5975897566488967e-14,6.990977015024026,4.27519203511062,1.5915129396008334e-20,3442538619.188822,4745917982.801068,0.3857941158480595,5.793772218556175e-12,857328949.1219277,1.7532591399598577e-12,5324823349.82612,4373930620007.486,2.8720412474207363e-10,4950215.253034655,37699208.24594961,1.3369541646629674e-22,0.0429547437740243,4.028411869448665e-05,17.92413375842739,4.741952008724797e-14,1443746.9722770243,2.7554537271582596e-17,5.059995162086758e-20,1247.0769980879677,2.1717028873712967e-16,0.3701154073336687,2.496969067958722e-07,175623109.26463512,0.0,0.0,0.0,0.0,0.0,0.0,0.0,4.777990552550228e+21
1683.84528706139,68806.5459134289,11.987909627695288,11.14622659132536,8.256355544218083,10.488137216931856,12.22483876843917,23905013.321475476,9085177141595728.0,94978143553.41176,0.5795186357577766,609416105.8529432,7.505927886552491e+16,270.61911636768355,123649595512100.08,4238979790152.435,446178289699808.56,6929122915886.855,9858693.331264012,861508374316247.6,1005424174839.751,5408884679547490.0,279633.349354871,13285134.343867265,520140684.7683413,4.69887248341783,8874.575668611202,4.126792634626397e+18,1.4971094524097942e+19,4.297221988749573e+19,40771888941110.125,1.2331373028640732e+18,1.2345230599899204e-07,132.92007235277865,18578092.101029847,25595105.7863182,657928984.6949261,257142628.3731523,16997.931061465857,161405792.63192636,0.0004497287210459,1.0753026987358236,28797.0259707709,54478.61789506258,1601.4087573092647,7.055573366700178e-11,0.0002787196505642,0.0003615675479417,3903.771232950268,1.0244198372541543e-20,1.884992402185162e-15,2.0145064494355223e-10,2.4473528128666796e-25,208037299668.96783,4047194748982.654,112314630722.73927,134338009543.93256,156553.74459525876,1.6010884712387482e+16,81839253117.40106,1.1009630672563097e+20,1.1994340646047003e+21,518155692059869.4,437004087124.99426,4.1771967880285825e+22,13402419958965.51,5.22466739109327e+16,1.2751289111214664e+23,2.7370178234200216e+19,630769063288.8392,643519686027537.8,2535470559.200869,2.828036899245455,7385821202958323.0,5.384211620741074e+21,1331217258764.5244,0.4206207712668463,1.923282645593304e-07,1.384191964974696e-13,26190651.21831062,2.030432153417137e+19,2.30932687249956e+21,1485262566185.9866,2.4329261054749683e+21,8.68317355792155,2.3261272550122144e+16,1.738492591359262e+22,7.488500282625675e+21,9.764315479404746e+21,1.418788076029604e+21,7.630796290697578e+21,2.7235226512560426e+22,1.428053233904396e+22,1.0550245163015317e-21,1.1383128505673842e-10,1.3535315432923265e-17,9.04232203192172e-07,4.97992481455702,4.672299209513999e-22,110335.6711886906,1254522208.0131943,3.4160166462490893e-09,1.2567662122827992e-12,58905.90637627756,6.988959779799663e-11,84598176.85585563,20073265137054.938,5.419923121102833e-12,18.0128167727464,118305511.39631043,5.57048164610042e-22,5.904174983385549e-05,0.3363045324336917,1858.0110149840132,3.679855732233184e-12,31127.024094312816,3.1870800390737985e-13,1.0882446261221789e-17,108.73311774762593,1.6076798277992793e-11,4.5596842586881,0.0530253929401765,6089697041.813481,0.0,0.0,0.0,0.0,0.0,0.0,0.0,4.692469024774501e+21
2868.5148572072194,90376.23969222132,12.035631713088971,13.502788977133957,12.096629175910312,11.39112011878024,10.613799364829116,44320472413.18181,1.4024426792192544e+17,5.008782128567179e+19,190224.3625717425,258145346096454.47,1560787749048.4968,67716.40119316749,20776272456.931675,3905762058.201773,31816615283746.816,60176845209248.945,145343.92911292502,2020199686837.5056,358380.1674098269,79945.4506253122,162620.23257380736,455788144.2352166,3034153464071.8115,8089.272955383018,645266.3233097338,1.247767582688457e+19,215924879735.4665,1.740248010507156e+22,230766.9509330967,0.620892558371939,0.0004191593829677,0.3241402001330341,1.018406151611399,725192.7113850851,1042540892833.295,6.093660987996633e-05,9.956724983447912e-05,48067.442571457475,1.26243938843881e-10,0.5825147143322863,223826.47672021497,10.827735411719456,258913.13698105307,2.6030565318355302e-11,1.0535344130786916e-09,1.8987725115942504e-06,1594.6453360118414,2.002442568368149e-22,2.960992552823255e-22,4.395097388471889e-18,2.2672354691363423e-30,78594409606471.81,3.165908164652234e+17,2.78605652457814e+19,3.151018965236385e+19,4.084183358930093e+18,4.21878856107616e+20,3.3015862127207553e+20,1154718567028.708,7.25548152648365e+17,35914084892270.25,32674833650.87687,7.119774396634837e+21,2.8777301532352127e+19,8.187422883092407e+18,300231494471.204,53503943441114.75,1853409.027357104,1.3062264421888062e+21,4.504541528659231e+20,1.0029988245657588e+18,81626293445.96983,8.033089491314765e+20,1.314136962130778e+18,1.1369887377468526e+17,4207689574824062.5,1878961463423242.5,557706572150.2128,5.592767027295238e+16,9041663075.41834,1.9840332407640137e+23,4.36393131020311e+20,4.075486895124131e+19,1.2828171485737396e+20,33200490.659458168,0.1950096183690062,3.25704826227455e-09,1.7961500432730584e-18,8.835234328235961e-26,5.41861554424752e-33,2.1277023720094767e-41,3.4513752809741085e-05,0.0008620947223772,5.3059182042209453e-05,0.0016554684391515,649591175.516676,5.77650438962157e-06,57481.48311104442,105976740687831.06,8.902636411466792e-08,1501.579758775268,88603776.51970449,45418460.029260546,10105626932667.451,204262.3600388847,55.61262571334497,14336.308008678338,19988111867944.92,0.2704943287822826,25749.954931827568,218529401961953.53,332651184844701.9,12570.671955579975,390516096.6769987,3748714.418435333,457511.9608187933,742556346701.7656,2039943821902.6333,154843337163323.88,7929.647772554909,280171.7800531788,0.0,0.0,0.0,0.0,0.0,0.0,0.0,4.649898614309862e+21
1421.319342713135,33498.111265580745,12.020101917432822,18.448858612516887,20.04376884450062,17.38702799655353,12.683412313854271,3021.998176158009,159596.41908497232,72.09535723368612,2386028.393024518,41.814238074252465,470913995.5856091,1.7194220859369715,10806544051.970852,172115418.40820587,16588.312494743324,1232495.321203116,0.0002982912406728,0.3855557214118748,2.2200551012770105e-07,6.957516686569334e-12,2.5257774691826512e-37,76998212635.23366,1992611.2007291075,0.1147289944401123,907.2899386969216,1.873372893748122e+22,2.0092084337627704e+16,1.4518264425753955e+17,1.2464200013465038e+16,660574809145842.5,4923141898.371252,189251383252.8769,204921951.3921903,2.819972636726185e-05,2.3359275664138867e-16,2.7875329799348143e-09,1.3292179269861052e-20,3.4891722764092675e-29,1.395769415470693e-54,52794424781873.914,2621321429775.39,2239017014329967.2,1666456222916034.5,2.0072723271944448e+17,7355095075357291.0,26987948591.080036,5.031998679071791e+20,1.553224412772013e+17,5.1130981549735136e-58,8.560420161946198e+20,1.5061114076011798e+23,2.004112707483582e-05,2.2879652331108543e-10,1.1405899674927885e-18,1.3972161793514053e-18,5.947641612862112e-32,0.0613722115994322,9.730269600053708e-15,1254.2164310358423,118.28947228332632,1.4456630608341524e-10,2.8918334974788338e-18,0.0020620668036846,2.9093482617138536e-21,1.8955869114540087e-36,0.0038896541785001,5.2507626847212694e-14,1.6085486004279657e-36,135.9601189061279,2.120648712826605e-11,2.41539082892302e-28,1428.2542494204913,6540788929676.024,9.579913986920376e-06,9.673891290372618e-34,1.9426535737887102e-47,2.288704161882694e-61,3.93679994871085e-09,90098.84415106782,4.918358120949699,0.0005943915822894,10.683273322237795,9.475393458755768e-24,6.6232904531411255e-12,177904850.85382015,13.771583364019069,3.3645674452485617e-06,1.5619865900135533e-13,1.8320808058249804e-19,1.100251091401731e-25,1.3611162957580891e-32,1.5829809342336586e-17,3.8284972233915873e-07,7.021307408654046e-22,6.984796317662499e-12,1.692330674159244e-07,2.5522961540625587e-22,13533590.896626752,1244.209295384877,3957277.487651351,4.108737196207015e-27,4.406057212865223e-10,8.396043261163027e-32,5.439155403775129e-13,7.034004193786819e-07,9.284715613749338e-36,1.1203879819997906e-23,2.30988813219079e-28,2.1315407660613236e-33,6.010675865027489e-16,3.3582955277796096e-15,5.133302450481387e-20,6.628923114032589e-26,7.87825850134023e-10,9.931805015746545e-34,1.5166339763779862e-30,8.665723315520559e-11,8.484451322246497e-30,5.0718102346271735e-19,3.9212740285369086e-12,0.0881742657377718,0.0,0.0,0.0,0.0,0.0,0.0,0.0,4.646029249612616e+21
2308.957597690762,74007.87148428545,12.017002529046724,10.757003218485048,6.903654145964199,9.712191260766913,6.920097337839096,7562174165219.899,7.52056892825603e+18,4508432397783.813,53092.575611796165,471186569707.43353,3699166075986.4526,30085108.801729817,189707895677432.4,19922961583700.883,3196689247063.7383,7609437729587.096,251067936315.5621,573424259829926.9,3216934702180596.5,3.063826607123282e+18,11904120.050052809,463302531.7713001,45891064.7457571,326.08891721049326,76819.98837000626,1.6965929058825154e+16,11825446160.850077,378540531399564.7,202033191.6036876,86386.80754348767,0.0122775271452335,164288.98878828628,2717158921.4288087,190058.1178882516,47.61188748199348,204832853237.37436,887294.183195776,96907.88861797274,0.5411740124922851,52.52278120894629,743.250418618528,2261.1933536810816,1866.156902399444,3.912785239335198e-07,0.1222670998233446,2.6034875066147004e-07,0.1676678907956948,1.6868671085377103e-16,5.957250346256674e-18,9.495077123740376e-12,5.64139165753694e-22,219089512331077.47,12424544385388.377,5905259366.0614805,6814045010.459967,1403.5443673721002,1.5728886489344166e+17,176448213608.0143,5085297489630372.0,1.7538480883377992e+23,2.6106267284032656e+17,35050933590171.625,2.195064488152927e+22,27639269049821.703,88240.34165160981,3.198863907652485e+18,1.9084188902923355e+21,1145478900029105.5,124403985402896.28,74948033.59647448,0.0972745395093045,37464428196.13503,3.828998840270047e+19,24241213938.418613,0.0018619288929059,1.1946301299478876e-10,4.788836783398864e-17,67018020.6821024,2188268278513.8235,22307201.661764603,236172895793.8949,357463077801.1096,10.735365378783415,260070.2467867736,12709946829.01286,2120.98313061827,0.0010257458557348,2.5070159685705297e-11,4.006651883453072e-17,6.333885383653646e-23,8.719039518993303e-30,6.550247371025449e-13,0.1946002360409696,3.066371720655624e-09,939.7498471764102,114.3489450509186,2.3672588704046332e-14,598144659.5195158,892761118.290312,0.0334166755782743,0.0005524121978729,2351643499050.8076,0.0001713679288666,5367226258304.345,2277324665522.065,0.014119080650341,63514822137.89574,29556575145.150623,1.3385082889441917e-12,10328.524987715384,10.239483615825874,132098.37117214687,5.734866764052721e-07,895185213.2027065,9.015102829278151e-10,2.7969229594277257e-10,66305858.81017435,7.62727047862486e-08,65596.85717645143,0.0031595130199836,1212751970.3149672,0.0,0.0,0.0,0.0,0.0,0.0,0.0,4.555888136970962e+21
1259.6028378139692,35069.80763729975,12.00190514707426,11.591169768882969,12.956368379829655,7.495942914463749,7.94398112345336,6998757.736958025,64612815758.225105,0.2585624930359202,8258.928550800882,0.0029860051795519,892103774.7928016,96619.83555549193,1020553116499382.2,8643403896953.552,1042777495.2779968,1440172356812.1565,686424248.6039779,10989908033051.428,29881727313664.637,4.554405869642587e+16,7.741936481608625e-12,68001372.30828495,1700.913886375527,2.190335760308296e-07,0.0056636426459474,2.767381538737027e+22,1.3769837151342418e+18,2.285587623963287e+17,1.856817569473613e+17,1.9765752483091535e+18,35565079.9384611,2.964706071208662e+17,1.9888682535260978e+22,761459960.8814598,0.0045217048808245,3.444249927212639e+19,25602652.236717373,0.0438313367035331,5.0466864812897014e-15,88761922353.68327,9858657662.072428,633087594338.9283,240265231959829.84,1.545062851141443e+16,4.0078725300781155e+22,5520707.566992153,1.6899394657533163e+21,1.5808971438309714e+16,1.4501149778874598e-17,1.1743395311887672e+18,1.054929179639686e+23,0.0213778635341034,2.115813362682575e-07,3.4855079818715126e-16,4.3542915595165277e-16,1.650240315422502e-30,9416.027498573998,1.15196811724108e-10,43917160066.816086,2233446867566964.0,4.19365721001789,7.520243954861227e-10,29365173330.580868,6.444031690845506e-10,2.2302823279700377e-23,3483285705056.347,85019.86727714787,2.5071002330867793e-14,0.0327309829099382,4.8183094031736605e-16,1.7187565222883266e-34,29.71405046509925,956466225.0435712,2.7922741696103797e-11,6.813105431894985e-42,1.4315938555005045e-56,7.72194446143557e-72,6.857364761766463e-17,171879.6939508172,640.8293235629808,1.6831488655428468e-06,27.2403060899814,2.8061133321276043e-28,2.4106228073876253e-12,62773239923.93839,148459.2034406613,1.1550597757893464,2.6465201170810636e-06,1.1202787468378831e-10,1.9679602518247888e-15,9.361780720070803e-21,1.472843947551532e-28,1.3880128054713749e-05,2.0518937642880544e-25,0.0055631759452466,1.3936008885827537e-08,2.9981214855134866e-35,1820618274.6068351,8763241.818155918,5645447579.754702,3.860914501190894e-31,1.0917724861658824,4.602247195664241e-36,0.0015789650966095,754687.5813841365,5.8252672745744746e-33,4.0784446006047736e-08,7.166178505633171e-16,1.3099223913300644e-47,1.1029054218051564e-16,1.7892891084966396e-26,3.8642247846585854e-20,2.8079266162465582e-40,5.88862600632733e-11,1.3513610589525966e-48,1.2481910509896153e-42,3.999682252948189e-09,2.7905767983807744e-41,6.19962325908212e-18,5.241695782654037e-20,4110.177073895607,0.0,0.0,0.0,0.0,0.0,0.0,0.0,4.548556643826394e+21
1487.5895883532608,64622.0044153502,11.98560018730006,9.228062015315553,13.29761188123128,8.082778817925634,11.028889123901168,167231107.51408955,2440375104502.836,3.44364243132334,18241001.489605796,22.156573633235293,3467478346074.563,55891180.27365284,5674776845893216.0,112524370893223.05,68075864.23973188,94737810008.05267,29892326966.091537,109499999180.36888,60660348680415.625,5526729689902292.0,5.969775939715623e-14,18261324638.98432,3251.3287957734738,0.0044324845801958,23.262848415456144,1.1861673018922656e+20,3.103008706526117e+17,6113199683685.677,4.807156145693127e+19,3.737280396663648e+21,31261504315.949368,2.0806534183208205e+18,6.031370915958246e+21,59894.38816865879,2.566808377053636e-11,1.9095854458557844e+18,117972.17790731348,1.6677970139029608e-08,8.498949496816689e-18,10776407107870.65,2746046626.7253394,16420000800207.809,25463090628601.973,5.99599141178768e+17,5.604965707033526e+22,1618526.3558332913,1.8824162880332556e+16,4.546164757631966e+17,8.150523902490449e-26,4.1943438775372943e+18,2.426377937674711e+23,46.42959700902665,3.7788505500914896e-06,1.8806442185560118e-16,2.288149650038927e-16,1.5328105507946372e-31,8893.335604126254,2.3278537061143163e-11,37510014374827.01,5324468924694644.0,1190.0569903491185,2.3667048677154452e-06,693313561.9568179,2.8192910999736483e-11,1.9728235811640808e-27,422505972453485.1,1198323.998698457,3.9936046743871704e-11,0.3201775647449111,7.689622980669349e-16,1.9824341025963528e-34,972107.5164605082,52174675890.678246,2.021871512232886e-09,7.61967363953965e-41,2.280989870431532e-56,5.323333338358925e-72,1.4003096033473006e-11,4486684.62426254,521172.38226573134,2.088641804524306e-07,3.2655076362665336,1.1006607840364463e-28,2.7043339759007808e-14,1966265211626336.5,428518917724.2896,290957881.58869034,32238.336234359675,100.62628108131686,0.1730830524758295,5.572737080171461e-05,1.4078867526726425e-19,0.0954288956525178,2.1100953071029805e-17,6.634345214492581,4.877606528899412e-06,1.999987249536473e-25,41313954645.98121,2291.263731829948,295476550497.91766,1.7099193845012697e-22,264.65057637974553,2.8521988702705176e-29,0.0020926879045839,471014870.8846671,2.2366723687808587e-24,6.589868385646767e-05,2.1996051055427177e-13,4.337508253350135e-36,1.690836132056551e-11,4.4252841244383814e-21,4.070834835562756e-20,2.9639681117373882e-30,5.844611783228429e-07,4.479748819280927e-40,1.979343820725732e-34,1.256339029354969e-07,4.638834157573081e-36,7.905904186894468e-18,2.4023804645364472e-11,15736209.661507212,0.0,0.0,0.0,0.0,0.0,0.0,0.0,4.531537901843298e+21
1224.6854043108044,66583.185728969,12.01033623320153,13.056671168619795,16.708122739964438,15.277230453657388,18.020153876214756,2520.429010422502,37983461294.50742,5.1280940673258,0.0013395814563755,1207.052819140797,110618979705445.69,0.0232434867993332,1238153368853795.8,8951590639924.127,93013804235.91862,60300266.8647431,308.7579358337799,756119076.7704766,27492504.817787133,81831286914.09645,2.4116508945700277e-14,34649396.88814098,70046.0393233569,0.1062677696079774,3700.000863147253,1.665076758771394e+18,2.296051706244428e+19,1138848388692408.0,2.5911769700655908e+16,1.1036118385066864e+23,4.658436462550404e-06,110332.691473689,15374509025.050829,2.841586912598957,1.0294978335749917e-07,48807219.76302536,0.0018558875647716,1.9026700429878577e-08,1.904791152285597e-23,35770.388449077225,395799.31815342425,722897344976.8271,5431.121748362409,0.0024546381571004,13671.582406534577,318.7197047571051,4605721.591561203,1.816296567158406e-09,2.759150765818626e-34,901176.8038175212,1.3217248638473193e-08,12545.47235771782,9.752358744904436,9.92144134896744e-07,1.245556286550064e-06,2.0987682213907757e-19,352832.4097231207,1.8496093626293164e-07,8340359394882542.0,2534636596779671.0,4152572.346623057,1012.4137623251391,2525084377905.335,1.5908168950772166e-06,1.0477281507106283e-10,1.0995391111457268e+18,170228168091.8401,0.0513410142226077,1459361.238832709,9.68309584073695e-07,1.1826264721182829e-23,5263602865139.801,2.0464019572796089e+21,1825.675229397548,6.530307843914249e-25,6.359330248141024e-38,1.290652889986882e-51,67.61599125580813,1737221005814.5444,1975105788495301.2,0.0025597224600383,24111618136.93923,1.1088253179610568e-23,0.1067712256225568,3.05013436426132e+21,1.7988644343907628e+21,3.529850120341804e+21,2.2762607653673244e+21,2.5075707241782867e+22,1.0879098096411948e+23,1.368274682896738e+23,3.3009974557982225e-33,1.1796188650013646e-15,8.04401541138614e-30,7.545455910742611e-13,1.8291717269055932e-10,9.942851436706257e-34,950460.678740818,18.47179466080742,8.083074236554729e-07,1.697666042679066e-29,0.0002939131942756,1.4374451083788864e-32,3.5949455378179424e-05,98099755.10753624,3.04109715162115e-31,8.922344422638768e-12,1.8897584901925433e-11,3.088875827040106e-40,1.6426319174520092e-14,1.8691611188045958e-16,5.4311080247580965e-14,2.668101847777684e-26,0.0309782576641714,7.87688280546274e-33,1.84631282201104e-39,4.3763332659414074e-11,4.7510584425318634e-36,3.9570923767162786e-18,1.1435837762038204e-12,330739.61248865037,0.0,0.0,0.0,0.0,0.0,0.0,0.0,4.4772683078204255e+21
2750.197177029463,53777.43276751808,11.97147038568339,14.128761555772204,16.64446454236275,16.195644194273054,12.760826443495112,3792788398.1073585,47618430610098.48,95830446628.09184,2082938142027477.5,19153875626947.5,1.2240851945290888e+16,458170319171.7264,5.445843493589236e+16,9237481304146136.0,373345307398.749,3251219832322.969,713065744.1009774,71570248.92463659,1339450.8817000173,219.52510127729417,4.369434687862509e-15,1.42284055549547e+18,44687111975488.445,3224545332519.7734,311542060206287.9,1.8068336474158649e+21,4.030695594424567e+17,1.2024160803510028e+16,7.087754625841144e+19,3.137089941822011e+18,1.436596049646115e+17,1.0468088331421693e+17,250839050914739.5,3565.32781434051,1.0890848405808841e-07,5057.975443521876,2.8661221986208897e-05,3.2279815286229593e-13,3.1137393985524775e-26,5.51473728769376e+19,1.1852336659846418e+17,2.6912666368934904e+20,6.877537306378566e+17,3.708226972969938e+20,1.2431055975467686e+19,6066694652107650.0,9.277480982064714e+17,7.93421460598122e+19,1.822557208029211e-33,1.0524193032563753e+23,3.3690406085288908e+22,3581839557.513954,67477.07118788704,0.023378879430318,0.0265382197564807,1.0903296626996685e-11,592212721.3553087,1.4429825846840123,5760260130155.364,183484204136.60095,1104201.0630823963,161.78848903968944,8277402.804266497,7.939585161435206e-05,6.7563328733490874e-18,996555288.474414,1240.1099338495906,2.685490084944576e-09,572666280205.2751,637.3537764084683,3.7611652707778525e-09,108517240450544.62,2.4137615847946703e+19,97336516.73872398,7.043485038074448e-11,8.369025886480807e-21,1.0731863210331914e-29,1309384297.8235326,2110930612539.0156,4781541537.275215,1756455.484965255,82640430.2612651,8.069438667757042e-07,0.0832996481097409,4308009796465151.0,306948585442.2137,62417912.23288015,452.395534484394,0.2764913667724855,0.0002018125485337,9.990293855734922e-09,584303.5986417369,1069754.892791932,623.585752438629,1386.183123614437,92607244.27665216,16881.46127966328,31980290944542.125,7301515.967542097,5649577103684.139,0.5244882920024827,3127.1434059483818,7.023153728342119e-05,1.779036664071073,142190.38768440837,1.0345305697288648e-05,0.0002094878917591,2.8893311433426132e-05,0.017509734887615,171.95209629416922,210483.99346742616,6.467914343230849e-05,273.5310331438008,806140.8897389887,0.0003200705833953,0.0008988850781024,167.08258902040276,2.4356450853017994e-05,0.0001344212120836,112888683.43715791,288059657.65811574,0.0,0.0,0.0,0.0,0.0,0.0,0.0,4.3575634622735843e+21
1588.8946957617784,72382.18960395516,12.037156250048476,16.540249991601897,11.695004927839616,16.59679682287959,16.737041390839174,2173051.0521647297,9251349786493.275,124460627732.1862,3.046883943506548e-05,423687033.2308188,2.3843848754997948e+16,6.156656153355781e-05,1013224027.6597372,27108252.648266785,37044729972.421326,61957733.914139286,0.0139822910351355,39009795.98396566,10.19627068312763,364.5234702682076,3.200602710863064e-07,12049.066633281089,5503065.905330338,0.0111882808961192,33.553651371124516,2.800324586372382e+16,1.1173899006936387e+17,3.5342734978525143e+18,14141693492.304358,836677028725102.0,4.1994556972795846e-15,5.400778509557697e-08,5.4953087908573955e-05,0.0063942144273636,20.311567060508676,1.069202507634462e-08,4.0262076193858286e-12,4.480542604242625e-06,3.35193838190993e-24,6.023924077727532e-07,0.2632251222294964,0.4441187243072892,0.0020866001671553,2.9694010616423404e-21,9.088744796445612e-17,1.4774972811575568e-11,9.998654374049316e-05,2.2851222471869382e-34,1.0173188117660279e-39,7.0599624083742475e-22,5.6019727819622386e-42,607607970.0331703,132914058338.5178,28229503646.70885,34027583959.63684,181267.7040443718,133406323875503.66,2960375317.380448,1.5964218958371875e+17,8038108429525109.0,8031180436.460401,31101457.66124607,2.9938296192466324e+18,2213973195.8226247,1406218236327973.2,9.560936624138447e+17,2974287379896.0947,464.8368810730379,8611552947829954.0,159399543184.44778,537.660485763041,1.175338111420015e+16,1.4655535855246865e+23,91927280311897.23,382.9979561840273,0.0008482254576549,2.1544076843689387e-09,597070725.9282749,7.709441189612274e+19,1.1306594331284331e+22,21158370178408.777,1.229567261811033e+23,244.42189417494953,6.470865262108061e+18,1.0584794992659036e+22,4.274689731529782e+21,5.291030396284387e+21,8.67597167609711e+20,4.6523828017373386e+21,1.5212466112933577e+22,8.160163833103825e+21,5.411085067464547e-27,9.995953096795422e-16,3.902821746254551e-25,3.9256946628700024e-14,1.5622891503916168e-05,1.2663249065931854e-26,47.932564506726045,12393394.042012133,6.166723990235405e-17,4.768582487301007e-17,8.115780411722119,2.567425498863187e-14,148621.94229241766,7491725192.751549,6.273265775863786e-19,4.172187283588654e-06,6.7254424087456135,9.77110340006323e-24,3.948623479000481e-06,1.0062355522201534,30656.33639669373,1.6456217486856999e-12,43172.71865182629,1.0771827983547005e-12,5.290584649815659e-19,25.815503171388883,1.6085723297620275e-11,7.653339493593369,0.0024028482515149,452250512.79668343,0.0,0.0,0.0,0.0,0.0,0.0,0.0,4.3573087061961794e+21
1713.7972821420665,34745.15267086389,12.030510566291008,7.738606867372024,12.193421377048107,13.185841475003828,7.878857119538458,5466880.771236749,3731423576503573.0,1466.482202837694,33791619.50748883,5419855345.722458,4773876119079.5205,4246297865.3427095,5.441843760932492e+21,2.0058174200616295e+20,166773648568132.88,621049804915.452,37406579716554.6,19848638377490.64,8.864035479392527e+17,1.1321069695735862e+21,7.148408775019552e-06,2694054911447828.0,859957470.9110157,5749784700.550212,9487475347124.602,9.707035824219407e+17,155905161421954.28,81496130051.99463,6.228551582914013e+16,7.047557418789636e+16,201518535.96934637,4.339530122934159e+16,1.4023247575825226e+21,147592.095889915,2.5929969912284716e-10,1.5285922994168455e+21,1015977185.7652184,0.0006698293535569,2.797160306415522e-08,6191525877788227.0,1224964995879.174,1.1470213493566932e+21,15054423094.794594,2666225218720.561,2.3885565601287747e+18,1958845922947.192,6332553133.944754,11502658149.57171,5.698604874468234e-21,3.301609500470449e+21,6725496641474.147,502098721870.6797,80470.80895284427,2.0595567039338483e-05,2.457814945528305e-05,3.071330666260089e-19,59424783.17774228,3.3057442345583676e-06,1854751511120751.2,1.1722752704655714e+20,317000196621487.2,1369975613477.85,34121704398621.53,0.0001434157798149,1.6044620205476573e-21,5.487362445014849e+17,3.9135361638064584e+18,170384516628.83185,40279638.31662243,1.6877289479912886e-06,2.278178430971672e-23,2345418293106.833,1.310239801627795e+23,412667.63158208766,1.7145961519514953e-23,8.268663113925732e-38,6.881120841098101e-52,5372942096.696848,10448954.361126034,50199.248124070786,0.0001907664447945,9.818723514848958,1.5280446957233184e-23,9.533866711840356e-13,41590096747532.52,830820149.1625727,50068.077202482826,0.3196285592277982,7.832008842280663e-05,1.3056454942991626e-08,3.095380915709327e-13,1.0723983609735973e-12,0.0012693422395281,3.428828541317224e-09,2.6070249094090037,5.352320013409187,2.334741121712638e-12,3143800000296.094,0.5008860222607118,760374.1777811722,1.1923128515117638e-11,4920.505468058317,5.704641341204765e-18,0.0560883928499196,56943438.01007509,1.5326951969756405e-11,0.5338923382296351,0.3769890775044482,1.2825950148798395e-19,0.0001179971464223,2.878949308404843e-07,2.0723871204882573e-13,2.6285046741790406e-09,204992.4136762661,2.107376446180485e-18,3.8862088148411585e-24,3.135004374523852e-07,3.9622673298939836e-26,1.2403126657503604e-16,5.260402623042966e-05,67127.7563400509,0.0,0.0,0.0,0.0,0.0,0.0,0.0,4.3389014353358834e+21
1303.9283808352125,37400.26965203889,12.002348582529756,9.855093898539993,7.920108504974985,12.952620578240348,8.076936864716382,52684260.83625348,261840110930713.75,3261.365205823058,5.272219887756724e-07,193350.98502368512,853990348.7444208,0.0082934751623787,280034401642361.84,2864215719800.528,757222145551.5087,117050909.66931808,60100.3900273736,1063121411395.606,2398308352393.1006,3.5407665611335946e+18,0.0163797747090737,24388.2875283361,1442.9390003299152,0.0018334664205245,33.26130125913661,678408264153366.1,12403534457.425316,12872943128435.863,1127032.4797087144,2845277.1291132313,2.1389237600342125e-14,0.1104733655567863,6673205.819779966,2.051295173161875,7.385944458051667e-05,25967481534.63872,78.76242492242532,0.8381827733311339,2.874554289123118e-10,0.0003077948603543,0.0629809122579563,13957.072970631927,0.0001383334955811,5.385272190881805e-17,1.209185679651825e-07,3.6804199208454733e-09,1.0434321609335865e-05,5.9329045549594205e-28,3.3621542126764343e-28,2.2202602013264154e-12,2.6087912655957797e-32,1908958524.4686172,46208488.35445081,248.14348108880824,308.182744852418,5.633599966177859e-09,119622052660.05176,7.372455491014852,54395388824322.36,8.884434803304666e+21,431695467891715.5,1181460176034.6829,2.9804332420824695e+20,53136.1466019273,0.0035604570180487,5.064419161264419e+18,8.134320361489627e+21,110677562527340.38,3456604086.283448,0.2413490209448955,5.671658902819647e-16,408959204.2334978,1.867910140544116e+23,41129504.169663824,3.3324302966312515e-16,3.2159385022563616e-27,1.0208062990609695e-38,742728.1922381533,384924892.4721722,470222.7025814574,53.41674237032604,131067220.31084688,8.147898529132805e-17,0.0485884222113926,14595759711.766464,14378.832340471406,0.0459970353028794,3.8018603702315536e-08,6.37411188525996e-13,4.721118884728794e-18,8.728954721959766e-24,4.476519914584561e-38,4.2586682528005175e-15,6.887110344981111e-32,2.100573300661156e-09,2.031310394783058e-12,1.256476775316766e-37,1410610.753115834,3060.419151512696,6.7887367539409786e-12,1.548587720656821e-26,24968.353975485978,5.086386829250552e-28,80802.36656721373,3264231420.2857156,4.0964782801487926e-25,2.570249160976607,0.0287987610452791,1.1291791049857703e-38,5.223301602899665e-08,4.793062776493003e-15,6.594006522215944e-05,1.0105614256915211e-24,136243.83830342104,1.5984585007283434e-29,1.5636129780326911e-37,0.0002280149214581,5.418871810098734e-33,1.2321928723682551e-09,1.7908491150425202e-19,14652.660155739884,0.0,0.0,0.0,0.0,0.0,0.0,0.0,4.270673768797003e+21
1642.15442350365,58805.08182506835,12.033357592202735,6.931136200652268,11.001557732831856,8.612004888031715,7.065025646000956,146031560705.08447,7.219614152728829e+16,21858.66912426177,65.8058053706084,1073821.4649878868,14160317894.925014,451435.059522429,1943814617157758.5,59977392103431.35,3847936471.3508487,11280896783.569662,282162790722.7148,22025571507224.52,5.232606374319828e+17,4.961663525119895e+22,0.3593597588341162,10399800.845575316,237.10535471867777,0.0113928450679666,26.185106978244303,757955405441629.1,878711144.2071741,4671215689.39133,3168408610.2454696,39109838.42064301,0.0046230192620353,112549304.94140512,288187977082836.3,109.957805817078,9.202183001437523e-10,7.621024104275884e+17,21634287.658838183,0.0653774014408805,3.157960333405039e-05,272.0797045625659,4.894420884854304,88381.13645928165,57.86700216780725,0.00114793152841,85360.6667361775,9.465334067880124e-08,0.0406763286948779,5.046030340269752e-11,5.402082560176895e-24,3.592463967874443e-05,4.834620943010635e-13,5318627175.69292,59331.656032973166,0.0008016101819305,0.0009619604628927,4.3845617912151372e-16,63759832471.22944,0.124724245634772,312167487451094.5,1.673594238702556e+23,212245566288308.47,703043695.8623731,3.272311714370231e+18,306.99395289224964,1.3447109807629438e-13,5.728901351331814e+18,2.021570228376591e+20,170208068512.3149,817153.753595268,1.274170236869378e-06,4.663214702103627e-22,5680475.345444506,9.265108414984048e+16,6.976391887515248,2.7736523282521994e-25,5.082631565677476e-38,1.2819556414487993e-50,0.858993480952784,2254443.0821340126,87.69315380171258,0.1932402040792882,166.4010323772454,3.0944426988892907e-19,6.733582646568562e-10,1327461562.1091645,170.77210139916866,6.684508325215582e-05,3.138198173598997e-12,5.173599508775462e-18,5.4596116594285586e-24,8.87163039251937e-31,2.6326099613834734e-24,0.0001023089532526,5.546003012338167e-19,12.642424443891938,3.068456077237007e-07,4.8618423406874216e-27,1069680769.3650534,938.4999236142452,1.6547468055547554,1.4581090131203287e-16,3388002144.1608925,4.3643137013591426e-21,2944082.7349921484,541609335871.8045,7.962633881226892e-15,10184805.220800351,3.9111416676663895,1.2142844958848237e-29,0.0006513918345894,1.334909978287652e-14,8.954722873622361e-09,6.5282404597757685e-22,2560.2068453328748,2.737917210738434e-29,3.6498758964035726e-29,0.2050406925188698,3.9978698583559644e-29,4.048571169755199e-09,2.583480306320753e-13,10490049.4607402,0.0,0.0,0.0,0.0,0.0,0.0,0.0,4.2536537894109194e+21
1260.4853474304884,59247.490317776435,11.971445683980264,11.45829397008267,9.57876987990667,11.745216748731702,8.65392533522811,1338893.2582138777,222373997489541.88,103047.50533387356,2.467016822355181e-06,32837.62196162795,4641531132.445879,0.0970982080390329,1.0601049794345756e+16,90133397000435.52,4180287451823757.0,546850932374.19507,2307614.7383746896,1.4004030910658232e+16,335309197682295.9,1.7077883899499168e+21,44461.89519934257,212412.7041072705,2045687.8872363528,0.0073675343937618,189.1192006665148,3.065883847152055e+18,778197839570709.6,9.743582560375497e+18,275173076.9273913,14808403329.907175,3.050729409995544e-12,84.20277278461792,18847666733.122128,107774155.65238544,95034666.36933738,371093789275092.1,107410261.36153728,27319175207.71975,0.0950946681514713,0.0796613741089532,3389.2235032860103,5956653.677783738,7.788870402260728,3.768043248871839e-13,0.003258649034301,0.0057794360327002,5966.73320984487,1.1101708855711463e-22,3.326715066162795e-12,9.105012835643052e-07,2.1117384443410418e-25,791351312.2777327,3017718327.0488214,1926773.877920915,2406742.9912672597,0.0035639133167912,12550278391612.176,60046.16802814365,768127699652937.2,2.5693588168284016e+22,520617072494298.2,996567828123.0696,1.3027440689522758e+23,1129057544.4654229,29515253.45100221,2.0439477272366295e+20,3.5240177197278294e+22,379470861087850.3,137535221338.57965,790.8050556564608,1.109287460549384e-10,1648262931.999737,1.0859290415342097e+23,1250133105.5398674,4.690987209574263e-11,3.847388026620374e-20,8.141794192504723e-30,85344.95154008431,344247166456.55023,6531913259.032963,258610.2485357716,20964959014807.82,1.7069616445397718e-11,722800.0568171919,1651949726032.402,19981491.691148516,794.8862949761881,0.0092872175338076,2.0085463354931963e-06,1.8049956465305015e-10,4.385256962668263e-15,2.4756315878965564e-37,7.858896300393125e-16,1.1556349233135289e-30,1.0577939186060983e-09,2.918359258375988e-08,5.368126733710671e-37,1060350.1099644494,71184531.01401107,9.014766906807884e-11,7.590704187949917e-27,714.58422560018,3.494842194463566e-26,397464.4687406908,2485610226.949863,3.874160358143697e-25,0.0911443118551278,59.592744765196535,8.279508950114062e-40,2.3189672969398348e-10,4.17623085943379e-13,0.0119365214160084,1.844606762734014e-25,1291.0248945807343,3.4413203262639334e-28,2.841909570624356e-36,0.000301763835855,2.4251715338661639e-29,1.8154113018302465e-07,1.5255316452621133e-18,4032.222118136697,0.0,0.0,0.0,0.0,0.0,0.0,0.0,4.22176075627703e+21
1551.9708261713854,70071.39647170863,11.987574352412071,10.251868108656009,16.2197019624659,13.59437822974476,17.137119862085278,2818216.880343899,11871749993576.33,438.9476481109334,1247.5716161757744,6599197.475858131,1.8756371497235424e+16,5958.578746905677,8083466688659525.0,194781867596385.9,2472189245.4395046,88841169.66024224,3730704.144423334,141325636.5618644,7949375915.165528,805246693916.3412,2.3175390503608302e-14,29798299235.874825,120876.9172029341,755.7342732123234,2755454.5634909924,2.805033721714294e+16,1.4889772871516134e+17,31956922623.183655,1.6385019908374892e+18,1.6442005363715142e+23,20.312613212045942,947992623.51561,2841116799212.5996,0.0213183417489596,5.1261669267016755e-15,2736867850.1927686,0.0067650652175195,5.577033677919673e-13,1.2345305168753066e-22,172733591.96336004,771888.881427863,7163307163059.453,148053.3212701226,2228.9658290113543,206012656.56198257,210.4746644177592,11152.157614601256,0.0186629695548045,4.5707386428663566e-38,160940561.0067928,0.0657057743077312,22085242.088474736,42.227024335152805,6.66798159652659e-08,8.063777132513783e-08,2.5695981800690205e-21,1307644.7652406022,1.697764869613287e-07,3.035208822332922e+17,2.908601816762031e+16,751952395.919,100696.60484146768,92670802843.69862,3.070657939702568e-07,2.1204299351807428e-17,4.632283241267618e+18,807093694942.9869,6.55508598404701,1470290.6364409658,1.6462100674804224e-07,2.7908936900189787e-24,331438284096333.56,1.9480326947903413e+20,570.1959568617757,6.99565915230546e-26,9.502110189394753e-40,1.293980447357563e-53,13390.454368770686,543799355913.5301,113379562203604.1,0.0006428332977445,8140731.146177353,3.117437123013479e-23,2.7716583850931277e-06,1.3989426564665709e+22,7.023175031243567e+21,1.086656879920838e+22,2.395762334634484e+21,1.639537482505637e+22,6.603305638353278e+22,4.569383535453494e+22,2.330054974858504e-20,6.85164012913019e-08,4.435134504438756e-18,6.71840262802519e-06,4.044164917396195e-06,1.9996138670428186e-21,309452936.96214104,0.1631591340895528,0.8130929548380815,4.287723794817365e-18,15.950774961965736,1.8932910562093113e-23,0.0026904083956422,28585621391.679653,1.1504751208254617e-19,1.3008268758946425e-05,6.753416957779642e-08,9.046328217142856e-27,8.157047121186607e-08,2.5634969073885028e-11,6.41355429922463e-14,1.0850775565976642e-16,58.2169640586537,5.253305415179054e-25,1.3049971776675675e-28,1.5772749201663708e-07,4.4739009537530436e-29,3.359727593989878e-16,0.0002333325052991,686266735.5005132,0.0,0.0,0.0,0.0,0.0,0.0,0.0,4.215667774013698e+21
1457.609235118475,46066.3024999065,12.012012338473134,15.634362018934045,19.13188766050992,13.857958941882844,15.038273465862876,131625.53380754407,2536250.005502085,4.193017616025139,7664836.144636259,7.276088105651972,224847568628.9511,42.92390968053751,6673071493.764619,120128223.17800328,216.5792832613672,333561.7149697904,0.0483535700719271,0.7496344422141236,0.0002181651344491,4.2960372616206776e-08,1.688719578746698e-36,8811458714.119177,4489.279843789503,0.0011814462971837,7.429233863643219,3.6300220165754146e+20,1.0021655873410008e+17,54342657650235.97,4.2732815842088223e+18,4.387688005655317e+19,14692871683.481886,2656406731615.0283,17257678172.19104,1.165034255245834e-06,3.931825187872493e-21,1.6326849462973117e-05,2.1831732894706092e-18,2.386793671991907e-30,7.076722926905677e-52,5724165331508.796,4750675929.487926,9386061959648.684,54433230741879.195,4.051369145511114e+17,8.671887682788726e+16,2527762.5326246526,1.8718105107984672e+17,3.192720897662857e+17,7.661186538785547e-59,3.041179328718949e+18,2.2849164132090153e+23,2.7528582751352536e-05,6.312433452984063e-12,7.6282407338041265e-22,9.309077260387429e-22,1.2387893283463942e-36,0.0229715900411704,1.1695971512292068e-16,4536495.999009017,11896.17273154063,1.3959313455527627e-09,1.9067645415229072e-18,0.0042758352883611,2.6448374724869717e-22,1.6513875532260086e-38,100.114103994561,3.102270539016974e-12,8.551670171892731e-35,0.364932513120625,1.7580701713517877e-15,7.669285075850167e-34,44717.35920222122,27068097407.265102,1.656890146448593e-09,2.0566115794012983e-40,1.2524141299320386e-55,5.246045040239209e-71,2.5734468514494796e-12,839025.4429237931,10925.673687080973,7.066975652315971e-07,1.8378306913918665,5.332645182584099e-28,3.2501716261476505e-14,16673301079233.902,360005099.7432696,24353.633849275902,0.2875260658478764,9.114287250305243e-05,1.5412350441917833e-08,5.08931565393022e-13,1.1965705235107784e-17,3.987194616909865e-05,3.6276311170818515e-21,5.3190249150794505e-09,5.723491767787394e-09,1.2315762552635757e-23,29869259.8241143,17.7935030206833,216552572.32345217,2.4705766463981452e-26,2.519148389099541e-07,1.0938948803459887e-32,5.884626789161503e-12,0.066873412727424,5.154883967592995e-34,7.934543494754446e-20,6.413246395505469e-28,1.70120746850903e-34,4.452832364979329e-15,1.4090184821820093e-18,1.1036888453989337e-22,1.554293774906284e-28,1.8987543159620508e-10,5.677805042041011e-38,3.344800438293671e-32,1.5698809191420162e-10,2.7925638809493967e-33,2.321982882817931e-20,3.6530885882307454e-10,1156.456336505653,0.0,0.0,0.0,0.0,0.0,0.0,0.0,4.204113455807438e+21
2808.960659516868,60971.977043863015,12.04069447952728,13.987693372693895,10.562723823368442,6.478606523893432,9.444955630630858,37806432351.98533,5.264201897366001e+16,3.5599927240280072e+19,623.8848622979581,1150862284.4215252,19490982847.46772,111.95354384532732,345.7049191927316,61.781147487823375,571959.8022258205,142966969440.2005,131.07695092881087,2491015059.94335,180.6220582231391,22.116790905015066,36.93975370189624,12.935154029631985,95461.38214557985,1.3371375223891579e-09,1.172199760219747e-07,7.540698438281182e+16,20809972.377505537,1.1723054084470476e+20,17.70955248844907,8.568905279366645e-07,7.56447820173015e-09,3.6299851147931112e-06,6.376789360505489e-06,5.303436847057722,9155265.966595884,9.116538165959232e-11,1.4188191026996788e-10,0.0864429734236808,3.522501173087635e-17,8.955255347968422e-11,4.151430250291202e-05,1.3829075874898771e-14,6.614891795506809,2.973049181698475e-18,7.013631481532275e-17,1.3832867011508906e-23,0.0003017656200717,1.1868384650913415e-31,3.2908705607579476e-33,1.6850269063738082e-37,8.081826714393125e-42,176120659.5690584,783153597774.4167,69881778743786.516,79178947207022.83,9352065073957.275,1.6452258880390932e+20,1.162985534360752e+20,7374117844.520534,1.5053863614687917e+17,42363524.61627329,0.2516705380545935,1.6170096452811086e+21,5.163931398935076e+18,2.93916761795619e+16,1002387901.4273964,35087938.542586334,3.1811687132864585e-06,7214109285619598.0,2287387362195596.0,4249084251513.137,6827.3896097659745,36844536757.558464,48521570.47542804,3185157.755186497,108076.88544267551,41896.475995340355,0.0001169426136654,781954344435830.9,2101009.3525258866,1.5485427466906718e+23,6.972688673588088e+18,2.4411344996903604e+19,1.941550639369179e+18,7478.443959286294,6.798645336956789e-07,1.760733010618985e-16,1.5635455636072392e-27,1.2045554284960206e-36,1.1325809421406256e-45,7.015826908093894e-56,4.8959992068129607e-08,2.7706400832378155e-06,4.018549575596216e-08,2.802099036008344e-06,868610.7430088754,5.5374231952353606e-14,0.0019984691134336,656940787594.8456,2.0053886329481683e-12,199.43531147539417,31233748.85551424,6481904.570648507,4059791970268.342,1416.7907208744916,3.4603395547667706,2091.2914986307405,1126962912210.3274,3.9341860596264835e-07,0.1004220471069813,620700910.2349496,1820320100.9960887,1.715845847726124e-07,0.0137157036272031,5.18011925479316e-05,114960.40417996031,526743500004.2824,643842470717.6061,110286723490780.77,46.35449480823987,3683.9639373398695,0.0,0.0,0.0,0.0,0.0,0.0,0.0,4.1746541083074096e+21
1204.418388840449,29179.676900134626,12.006299093298718,11.577395531579244,12.972834542654889,7.497653594639243,7.949267617338058,2280823.3014875907,17187049733.55245,0.0187271842822765,848.7490084848309,0.0002177467625994,215647888.24095625,11687.266404067148,519811276644978.56,3413958092801.665,315964898.9613578,413883739251.982,141803063.22195077,4383221125647.2344,12179710991780.951,3.4000419049279544e+16,3.291357006740729e-13,13750013.829710089,238.2620959584437,1.2801392917920353e-08,0.0005340045959574,2.2795891170285225e+22,9.989482398105516e+17,1.356318456627491e+17,1.0373432240913206e+17,1.7546688502125358e+18,4955682.6066015735,1.382222294776258e+17,1.875715836427316e+22,212048175.12035817,0.0005413589096659,3.3572327931326288e+19,8289184.086518471,0.0059267037259121,2.1803594462713851e-16,23542876774.391895,2534710591.8106685,279962018173.5335,78486178102410.88,5610428804207943.0,3.1052000198900394e+22,1521803.0779662128,1.390455953226301e+21,6523121419843110.0,7.250850045466565e-19,1.0025240487098112e+18,9.566696476745522e+22,0.001772668555057,1.1605780416567433e-08,8.595381793954937e-18,1.0823109762059149e-17,1.0875709680282322e-32,1184.2497400401123,3.6194452133186147e-12,13156498278.532215,1067952176648302.4,0.503542784502355,4.6259404935293586e-11,8765589562.654108,2.5252823390646414e-11,4.0021574501487457e-25,1475049431460.3438,19773.69376637024,1.1814847983133715e-15,0.002724365817119,1.0868220264239762e-17,6.755672555250239e-37,3.983623356036327,317336790.9983613,1.3447006715869364e-12,1.4264320544571514e-44,8.496822443452539e-60,9.292946000446842e-76,2.0491812488766645e-18,29170.153250296305,111.66818147468496,7.75814802719159e-08,3.6430183208731206,1.4463993514434074e-30,1.0335991320879628e-13,23310438210.796627,40971.08458509168,0.2412898345945563,4.991347693865816e-07,1.6819811213574102e-11,2.1624933710156367e-16,8.3996972673217175e-22,3.741733868713105e-31,8.487481212061815e-07,7.997603836239483e-28,0.0004502611843605,3.6935200213965557e-10,4.469916999346616e-38,643484051.5198514,2193637.007421339,1525736920.7358117,9.468280162015861e-34,0.1391695587117111,6.351042736095273e-39,0.0001499095074315,206619.6953283354,1.1759815116115424e-35,2.327166915217205e-09,1.1895808726483249e-17,5.90610919789647e-51,2.717414039718435e-18,8.60098809140393e-29,8.248951444445273e-22,3.716487763889228e-43,3.4464590382761972e-12,7.955685664419667e-52,8.296041556614308e-46,1.8725921772017024e-10,2.2670626217632923e-44,1.1904074000033592e-19,4.618321656493556e-22,833.7203386685845,0.0,0.0,0.0,0.0,0.0,0.0,0.0,4.1447336361388923e+21
2788.2838008573435,60135.07151505466,11.995439868985375,15.72819944743898,20.11814996936008,19.600064146896298,13.661184987378029,20880206.102140374,17630604415.997726,1873385818.99494,3081318007960638.5,22233836676214.496,42033992663467.53,205772527.6730309,16421108971902.01,2881983508459.2007,1660490.9820977575,17782578.539644532,92.2185012513463,0.1165196523497232,4.906678578364638e-05,2.3051406661991852e-12,1.2674295564376208e-32,1.5642525566415867e+18,712117701377.6481,3437281641180.628,311667075627982.7,2.7543404772238533e+19,17891793810572.934,2646704345204.194,2.3606618647830803e+17,28065019889552.484,2.21994336989499e+17,42701985729008.21,28970766.278578673,8.991086469191518e-08,5.85827198985753e-22,5.6115231582823106e-11,5.1032044396542745e-21,1.1924245838985939e-32,9.494054517416729e-51,6.399307947977217e+19,1885453818593739.2,2.3848385127812504e+20,1.3068516915995982e+16,5.449701445394868e+20,5037186725498764.0,85315448857385.75,234226017509573.9,1.2661533573028209e+20,1.2200420493262024e-61,1.0229833693738514e+23,5.288901842074422e+22,1264901.9896148564,0.3464249334398424,1.8470890559556814e-09,2.0941734735839072e-09,1.422652358963211e-20,3320.821216086054,1.3458974840593744e-07,5948440.481698407,19389.789324457874,0.1149927167834072,1.512722129990261e-05,0.0127891562011272,2.2323929003116906e-15,1.1464081424957721e-34,0.3048649243037137,3.670787590417702e-08,2.527099544948949e-23,8944593046.892998,0.1636357063766693,1.6941081473763454e-14,328986104958.7558,1.8539378035540054e+19,1343458.9325405676,2.8246683055074296e-16,5.525180961697202e-28,1.210649919392902e-38,1147246079.7409098,104388431.50327618,669.9328874762892,500.9586257630134,58.04441742180703,4.271640568365183e-12,9.425527036447363e-10,39666254444.711075,8397.614458810003,0.0050679204638176,1.062901463396697e-10,1.914978092942984e-16,4.1790504605742675e-22,6.069463736717228e-29,306689673.93840045,7940.278942520911,95.6184089282224,0.0030350621781446,150549.40782075268,7775274.271572181,151866493097.1367,8.414433107198008,37231940800.04151,0.0788529225993256,0.0059782767643637,1.5632762070023088e-07,4.8405132396693393e-08,0.0006878868445284,4.9601204978417e-10,1.3882704328616853e-13,4.406854887747858e-15,8.7162378999199,1.0809949790449347,1038354.622654996,7.817085953243746e-11,95818.57207503516,3666.915266253078,0.0017274749216442,0.0071395750510425,0.0161895076824228,2.578926999619641e-06,2.0181863898120718e-10,130422686.35178496,4729.758866675599,0.0,0.0,0.0,0.0,0.0,0.0,0.0,4.141154146609336e+21
2366.496978980523,58924.65249595573,12.011940157729114,14.47912467164273,15.51023190032615,16.059296868166673,10.497942952996803,234097979.96659175,867670774158255.6,170530430283.22748,2898657897557.2417,52867517885704.91,381155511068264.0,123933166885.13464,2.734847884735433e+19,3.089379633637201e+18,9555643842642178.0,433676793866794.94,69880874704.29788,2359887779030.624,58270626282.62608,3697947478.171947,1.0471200956562956e-05,1.098770388083196e+18,2171642483777542.0,58970095416739.39,1.2132517076731696e+16,8.996596467812165e+21,4.5209473348503904e+17,3.965544306392664e+18,4.634388984711866e+17,1.2041049770833312e+16,17449424124339.057,1.3071404726467158e+16,1.4034999659200912e+16,441104635.9153509,45.23766006086066,6567793949.062747,703.1937354952175,0.0312337818025373,8.535019072988599e-14,3.306853525236665e+18,8.384823998083424e+17,6.533875697455301e+21,3.726457680020604e+16,1.1892926407393678e+16,2.3219107929561392e+17,4.388623392594082e+17,1.3141996064323013e+18,143662683297530.47,2.35850201167504e-19,1.8665909830725336e+22,1.0971852046474616e+16,1866111630137.3164,2127884387.2511213,22883.85721536727,26341.335777422613,0.0001430217965096,398987612749.2446,11955.06292424625,38818451709605.43,1342808083041662.2,157793373731.99756,1370350396.317238,3422333453399.3477,139.15944112135782,1.2399891927764877e-08,1748425888420.2595,75587084677.46503,306.00730810654653,238590567072170.44,3747632.791208117,0.0001451976985214,241870429825290.0,1.4610492337017347e+23,2906362664959.0537,0.0001769672766277,2.95556843375637e-13,3.3592161894078667e-21,27455782855066.355,4445933645512.293,3097545378.6510434,181096922.1954922,13897029131.78296,0.0002776672475501,252.19352405364057,79570509878760.38,1000726785.8483572,36390.53580599269,0.0634575066321838,7.516329982967573e-06,9.053035879205975e-10,9.154901244806572e-15,4.745903708341397,271.770465757733,1.5474590733956584,93.9733870571108,593076823.8948967,10.594121054396902,26480020647248.77,262698875.43592313,861201771.4410094,0.0112556808216451,7381.793668027026,7.311019011536302e-05,324.70166233590453,387172.1715809037,2.408625537510097e-05,0.0199243325179713,38.30908226526888,2.9777243323291687e-05,34.88892129863349,2036540.8422618168,0.1476999899995005,493.5741376984072,124251846.0509821,0.0176181871719583,1.8707219258645351e-06,62.57251231697255,8.548688545647348e-06,0.0014261314540442,38589.85398536971,2889697.27548389,0.0,0.0,0.0,0.0,0.0,0.0,0.0,4.121126692008011e+21
2876.407298343883,70755.43534324404,12.006420155468746,12.656979943300012,7.881883763414744,11.343914147346467,5.287067174941775,73142749990.88023,3.4629151934530496e+17,4.16135406592733e+19,94.99873049347448,703958429094153.5,57067294.5118,80.3789604598909,60526503.026054926,11453202.270230236,72947624979.6285,54177492466.80813,405.882001998344,4306726508.154006,2347.197142353659,1230.882265836654,1622.6271369238916,569686.2741720628,2974694449.7682056,26.635023066850557,2098.8389438877357,4576686494166517.0,2805.709452871558,5.003354553084542e+18,0.0038849206595749,3.6458050558426353e-13,9.777075962727124e-11,1.749379138998599e-07,1.2889961437811771e-06,0.5682385070205149,504153.5151106872,4.392038313002812e-10,5.740836926444762e-10,0.1698481281460169,3.379656401360359e-15,3.40755431326794e-07,0.1015731436402582,1.593642766447507e-05,0.0458966225228814,2.7849717341498138e-21,2.6288606515418793e-19,1.0325912636412007e-15,1.0099556298663177e-07,1.00831048293002e-35,1.0543613192880449e-33,1.412809537335516e-30,5.271350504681965e-47,509597544740714.4,1.6110244987018143e+18,1.1249848418960351e+20,1.2720548455872337e+20,1.326519159594411e+19,8.239764236448357e+20,5.193953265073658e+20,100162010.15537524,4.2075751128875633e+18,550380877604528.2,1299763565802.0037,3.2439476053232205e+22,1.0745607164988613e+20,664603266610254.1,61607136.02280863,1924328832180595.2,423649416.69989693,2.7541285471260524e+21,7.632436090805433e+20,1.3830313870207775e+18,7721212.229793995,5.361093151626716e+21,7.170274633941391e+18,4.062791069886605e+17,1.2087337619826396e+16,4369935960990069.5,10117382391818.94,1601930288839.9614,9.125388070848874,1.2945322573727284e+23,9766018767553952.0,2.1874960023372227e+19,2298167882335090.0,0.0423230431090313,8.840738793476547e-15,5.249891115434822e-27,1.024321746969623e-40,1.7891419717536422e-52,3.907114183267663e-64,5.442514693273303e-77,1.1883339324341337e-08,6.978497756927777e-07,4.3099202286174064e-08,3.1669048017421924e-06,389698.53905425133,5.139596052107586e-09,113.13468314093508,49789446699.84569,3.262124642302214e-14,2623.534124260557,356574167.1548987,62495754.75821054,31785658721708.44,28.33768951883346,233.14551337811525,140677.05126218873,146750019246920.72,0.5274564977436955,115502.05804207416,310626520613574.3,902424646826024.0,60708.07181466762,4361365658.673549,14368363.085403545,268989.4767463765,997590554463.0442,925671228733.1672,165275889934768.0,0.1978560808763328,16.45047172992165,0.0,0.0,0.0,0.0,0.0,0.0,0.0,4.0814474699072655e+21
2678.2072796488105,121827.79343547612,12.005301161141649,6.979467318003896,9.396833374741252,11.579216158260005,8.059892112396653,93860769305606.77,3.4804438462273954e+19,34252056117.003536,5920556638.464567,575126760979245.9,556336577752434.25,1407337601595.4863,1.4759880738525606e+19,2.3410343647602074e+18,62987144999886.195,9061232927264.518,2625999751924917.0,224157372912784.88,6.110944965530118e+18,1.2122156372075455e+21,5823.512320375912,292180683719669.75,5912366722.436223,28347335345.198456,3103539060648.065,6473226560323298.0,90870896624.85104,27972685971.92743,21017617606404.27,68616715404.49254,2302671.0069616884,2388131111665.8306,7096535224712840.0,38583.62485298077,4.752698008034578e-07,1.5408075617244134e+17,460502250.7105043,2.1908254241086302,0.2297092268593903,62582915595.845695,96558064.00059126,20921787139723.336,9819717.455452656,40302.9305191141,1761222926.33722,1558.038827093308,62.26489115510115,0.0451024731592117,1.9262648224917871e-19,257705.89984455408,0.0001215914358124,1.1573202637261128e+17,1396361727328.822,277124.5044773065,315316.30350858544,6.442242238865345e-05,255702747520405.38,306211.4807553918,2.8818933718578333e+17,1.636020685582621e+23,4.08244900908633e+19,2.979820098520391e+17,4.674097607555422e+18,18463328.8972784,4.21617423737475e-08,5.654678277680971e+19,5.641645504608936e+22,4.860599604314877e+18,12821687002689.48,7177.855486577683,1.87494966186506e-08,253843734897004.56,6.579509913656939e+22,112019801932.92528,1.7777354548743838e-08,1.0599615576887169e-18,6.333408311770368e-28,111002779973762.9,62599172298.07326,9411337.663080135,399267.0192692154,1643208.432285783,7.264949598930274e-08,0.000866962976261,14485638564992.611,62407839.41593325,769.0932366010177,0.0003549936797051,1.3324251618490969e-08,5.810594972346046e-13,1.782786444990892e-18,1.79858303169521e-05,90255.79740292137,0.0223708902617833,133615224.03588869,3961.341173715906,2.7072390972388515e-05,261674669631369.12,463512.8935957445,3700938.5902902386,3.183627494262485,64115915410982.16,0.000263358731174,24351439766.64521,241490860585599.25,61.60076502892423,3575567766112.411,226756075.252424,3.921653734581794e-06,131852535.68504776,64.16663349028066,24.510920986512513,4.927744081198722,47064366270981.414,3.2947217013059515e-06,2.665089504955724e-09,1815572.5469744129,5.4843440881702526e-11,0.8251197061704533,61.69225594017786,427180145604.1354,0.0,0.0,0.0,0.0,0.0,0.0,0.0,4.0728428383149606e+21
1211.2543895775011,29044.018558035157,12.005468355434123,3.721740169666879,6.0747456088989775,10.756765678485168,9.72434409323644,15724654.991304956,213074710756710.1,7.844559702916795e-11,9.874420245134732e-13,193.61383718989083,2345883910.752018,1.3917548721419054e-07,3263882689.2676086,22149936.935897797,6.335584114295245e-06,1.316838904373745e-08,16.475253169633348,0.0013974629878127,13551749970.809046,3.657805006234206e+17,4.5684131945882713e-29,0.0093038670569704,5.048076014034536e-16,6.4492116421843435e-12,2.5294319328170445e-07,0.0605858593803977,2.4447019623988617e-05,1.123057922802481e-15,879.1157209051079,126902.29958361284,4.810836583829399e-24,1.2004739841376567e-09,1.5550224062667342,1.834722433821517e-31,4.6584543316201504e-60,302817.26241152285,2.5736687095179944e-16,1.836425005169512e-42,2.8631201732019365e-39,1.3347702081815243e-14,4.309410152816433e-24,9.43000943114655e-08,2.0390253985119078e-25,4.1781819458854526e-30,2.1922029633105623e-19,1.411792483983592e-36,8.311610598030976e-42,4.145970563918252e-45,6.275129100143936e-89,2.3360234723072265e-31,4.767218056130564e-53,16205864.59968868,3.342286857935857e-07,8.1948024828470035e-25,1.0308192491024058e-24,3.67056375861158e-48,0.0482967390904181,5.271283646602205e-25,1455269676764825.5,1.283297539696016e+23,45878900218869.94,2915098003.075552,3343080370.607692,3.736370561452508e-20,5.291346744821891e-50,1.6311078685671935e+21,1.7294355472961709e+22,8418027673279.3955,7.1133264405319286e-06,1.0027901328776151e-28,2.3314927302855828e-56,29669162.70752535,1.4731247717674792e+20,2.3905295548886662e-09,3.387833120203938e-58,7.089350199884448e-82,2.8441735402178653e-106,0.8230126970000516,0.0009919834229007,3.42850951109717e-05,1.028861199641773e-24,3.815505948909405e-16,7.596974089241749e-56,3.743362464675495e-38,2173688354051.4167,35959191.25623161,1988.422553912255,0.0377542613974431,1.1868246960937029e-05,1.4389139331128255e-09,5.1968959576446774e-14,1.1748315379916648e-46,6.300734547041569e-21,2.4840579454757848e-39,3.370398238668587e-14,2.6766635911502093e-30,9.538970256861148e-48,2.418213435120158,1.2115669716922964e-25,8.116769907714681e-21,3.597109924167243e-30,11320.479315961851,7.761182631247016e-44,3.7833089987155534e-08,138001110805.56906,4.78852275761716e-28,2.194542112799251,1.1529410080653143e-14,1.6942925355280668e-45,1.6583698827551727e-11,5.433275288176146e-32,4.5747011623505533e-32,5.889319752197052e-32,11.939537072292683,4.179286018871106e-49,1.0655637772843783e-54,4.952050534085258e-18,8.475491515255952e-62,1.0546635241792196e-35,1.2897305955348888e-21,55364.39406363651,0.0,0.0,0.0,0.0,0.0,0.0,0.0,4.037111369898981e+21
2884.9291167243273,69417.32189821948,11.994809429200828,11.93286938082908,16.574896555796784,16.055649129230638,14.146513547021016,7229171087.68076,99399153140310.3,2571963884.323134,6505015391345901.0,51537026586694.64,3.2378756864318336e+17,1516486202928.8594,7.466150200589888e+16,1.4227542704122576e+16,5247361982.062608,57289331463.09823,2086845997.3193848,1249728.8660701965,3277825.4740931233,468.04648239716926,2.202572328322577e-18,2.6045798256796887e+18,790260367764.1835,8590413126864.487,668108229830670.5,1.6968226959153455e+19,5.7052699830424664e+16,1077092452147.9916,1.3832591507649627e+21,7.001832148741591e+20,4.266376659122712e+17,2.0434614702728227e+17,408936641343711.06,0.6126575457175192,1.841339712342178e-15,10668.927933960038,8.276084932486226e-07,8.231198058616695e-19,2.2594606047912498e-29,9.94983352505557e+19,1702987847444331.8,3.124659757731129e+20,1.1248965711828776e+16,7.59518989058398e+20,1.9356076908583215e+19,75653230307095.31,89223996274051.31,1.766857530976929e+20,9.57115905991241e-41,1.1263749766586304e+23,5.81430137026947e+22,10283275887.227526,1890.0999402324,7.765097923741838e-06,8.778020190507396e-06,5.465923640473627e-17,13867076.22574496,0.0005225869965461,156266765348638.28,328523564921.5915,3041723.8249287033,498.758566612217,147433.2708022643,2.9745571424796025e-08,3.3971627385339325e-24,26348788661.888027,2890.648760527276,1.2569020616368189e-08,11536429264.01613,0.1906622177435677,2.0884537180490756e-14,3030948392129286.5,2.558268677689582e+19,2078608.5140651723,4.2522332076335287e-16,7.5478952807987915e-28,1.6403766451933592e-38,3522455654.79401,527401771126.2425,16382686705.841032,465.5176634874524,186039.6916368761,4.81048870715741e-12,2.6001171863782017e-06,1.29464609463074e+18,1489399066785851.8,4869742797776.315,520405540.85443896,4997834.281341997,60189.94267362683,46.05273115172712,9456819.076318974,4632530.652526545,9374.91903248787,5756.746009083012,4617179.543363383,282635.19399478333,48611182635910.01,1048.171154141343,13343557014806.805,8.999565568117546,9981.06175218165,1.251081578206208e-05,0.0514996905669834,4224884.785617242,0.0002226124175302,0.0011151249390928,2.097552460116445e-06,0.4667163996763576,832.7818533978618,14762.29377024614,2.1567405453438204e-08,3546.3949281097307,2087938.9748889764,4.9391764112474285e-05,0.000198706364994,5.962058432956718,3.904934431156615e-08,5.8190118108056064e-08,12904141868.274288,8958458130.3004,0.0,0.0,0.0,0.0,0.0,0.0,0.0,4.0276323476772424e+21
1850.376621043134,63641.57994826763,11.98936865130565,12.53079931592005,15.942328703215049,18.03793702047229,17.906348249192,39361309.80958256,33239155254393.047,38845218.012534305,104382.7008358599,73899910312.52873,3.3105134147335846e+17,20248.193906157092,2953492299939357.0,147030476595350.56,201244221436.3841,1268160272.12464,176547.05058998702,51797678.20850402,3513597.1815845384,4123482.706875706,1.1459899842557805e-12,2309085206647.012,1385555002.8031058,13488899.29831984,12719939787.125307,3.030401058160102e+17,7.54555445222494e+17,45680751630371.695,3.3685806477420954e+17,2.93785396143154e+21,91.71257297990329,8909710.118919952,237222024.745932,0.1566097158898878,1.0895612311828563e-09,873.3698995281254,2.60547603297641e-06,7.253079758033627e-12,3.3727195982779866e-24,831775712.7335677,204976689.34381288,52760317123008.47,3045854.1161488667,81.07803248910201,54851.47873408609,41061.20606608175,111361.97496943628,6.644514118177056e-05,3.9686739835819094e-38,3222977.743813318,3.2859672467401903e-06,10931640846.979445,3432826.9907215605,2.7549070467720176,3.2566150752322485,2.3849699860820077e-10,1518837633.8650742,0.5259489603033923,1.8575482297046672e+17,966073484061867.2,8310141014.744988,49903246.49208664,584161110015.1776,0.0330211675356358,1.8207125522979085e-08,6.836345547028942e+16,88324041507.55821,30.53098737325199,559096661581.8164,132.47063474354422,1.732828821319193e-11,2.0237382738208733e+17,1.8315334345186245e+23,6911671846.11073,1.717670834536545e-11,4.5414129060236515e-22,3.0245051968696916e-32,82444122545.50955,1316588472333911.8,8.047296990292478e+16,10297.423849177152,1976554239628.6152,1.3352557903983136e-11,897.596646142814,2.266725697038402e+22,8.498599698807511e+21,9.485939248107943e+21,9.086109965315148e+20,3.885450272528883e+21,1.2546550316910172e+22,5.027755306718614e+21,1.4366232232726894e-13,1.3373206679117238e-05,5.15187357158174e-13,3.571698989034559e-05,0.1004706814303048,3.651139863770036e-13,2555186659.980789,1424.2553324203573,0.289885801244373,1.4811879970703755e-11,192.94937809785344,1.6592203354529394e-14,3.683184228644899,11421562806.715307,4.493677912295412e-14,0.0001018582667945,0.0002011081757246,3.914927869231826e-16,0.0107150446146396,0.0633011828777348,3.2058645763618404e-05,1.38566822080376e-06,4128643.670283066,3.5384238152910996e-12,1.4431524730700418e-17,0.0256487221038022,1.3809368887774524e-16,3.4873524570399913e-08,99.71885721864908,10550396830.253817,0.0,0.0,0.0,0.0,0.0,0.0,0.0,3.9556442595491263e+21
1360.883742894153,34658.917488198465,11.985093547123125,9.897436075422505,7.905877408617651,12.89318828023407,8.049441625843961,167085667.8092263,631905852223822.4,22462.889091390283,9.289851341659538e-06,1121188.096400963,2346780292.4034595,0.0949946738012083,520070838877878.06,6657631115647.173,1513556280442.5986,424788508.79814833,322119.11981243914,2170058859250.37,5298916684607.104,3.443474059540995e+18,0.0929189301246765,136148.98472651013,7592.934366297815,0.0176647057830032,210.34433246155297,1294413363805591.8,20868844001.078777,22362239665694.902,3502101.128608387,4631769.178225081,6.827691484607898e-13,0.912555127299417,22262258.568405073,9.350415962803073,0.0003286869546616,47406915007.427536,259.1940729123857,2.7841825617804803,2.156789865387286e-09,0.0032157090344175,0.4603581948822356,53568.037287022205,0.0014194141675229,1.745094649267156e-15,1.5095325096481786e-06,3.4721131451502934e-08,7.664443738329827e-05,4.0947794731449326e-26,5.824174315377521e-27,2.690876688993068e-11,2.134491965838588e-30,7412196802.8773155,175802760.2842874,1303.048048506221,1607.0886781274778,6.4617722382621e-08,379604546978.5104,54.146888432195695,92794660854288.94,9.580321910670051e+21,907139873012627.6,2584745432504.069,3.309073037154814e+20,241209.68751050296,0.0117809276441828,4.778590622305634e+18,7.164252338570461e+21,173151759805641.66,12122480725.271368,1.8236919399434215,1.3663496199275974e-14,1088756749.9668844,1.6372906484063792e+23,134962411.4855765,8.06984529910525e-15,1.6172879070950994e-25,1.430240130119584e-36,3146820.944743322,982770113.0574852,922825.9529899266,372.6850661450661,281129735.62151414,2.6764037863413337e-15,0.1938382973455036,21586620875.827225,21754.4559306338,0.0701445025996982,5.0014566703311833e-08,8.08450030543479e-13,6.2203841352101634e-18,1.084132590593088e-23,1.7594454771906508e-35,1.3924310368161825e-13,1.391852170441248e-29,4.0105949403350574e-08,5.1511528184942096e-11,4.5529684459283577e-35,5644341.631004403,13347.612157249649,1.4163764360500358e-10,1.9904517049895563e-24,135332.83712073506,7.375012745165818e-26,385633.6671728406,7057553396.1986065,4.6933352186584505e-23,21.265411737331984,0.2618397987310302,4.961413076138119e-36,9.259988590383276e-07,1.7727602300109597e-13,0.0006140854352403,9.882424417791916e-23,648047.970872988,2.1793152280368476e-27,5.75907307252636e-35,0.0027085366468046,1.1362865352304798e-30,2.1858133324359212e-08,7.790621816502118e-18,55159.97391447025,0.0,0.0,0.0,0.0,0.0,0.0,0.0,3.918647276820218e+21
1955.5975132108429,64808.103225981446,12.027054168491915,10.684826570818284,13.658063681673047,12.165722931639571,12.877619019788698,879257169.0262499,206129748643958.16,1550004.6745046724,328460203971.10693,133723523.89631556,6579248181068825.0,121240604180.11826,1.2681131676468626e+18,7.731199151983558e+16,648943862129.3665,18734618889050.715,1488801886358.8274,1283344747448.0215,37401258929072.266,58917591343833.49,4.041808239560222e-09,949737789262664.0,3828074103.7796254,3408425.7811803636,2204949697.5477724,8.87103936199297e+20,1.6051278665441034e+19,871264374900285.5,1.7596712032164868e+21,6.957225566305803e+22,116612366127047.1,9.40675723479574e+18,3.1253150918828006e+20,13640560.53134665,4.618897942645732e-06,5275955284168260.0,190361.50370929297,2.6820772893238685e-05,2.9234127174207064e-14,1.445740396341701e+17,180729160062114.4,1.384515305484277e+18,9835297179553494.0,2.4373154831758193e+19,1.924456094965299e+22,4091784525229.989,4.47113695137085e+17,9.64813703976326e+18,2.0980116850779375e-21,1.367715460937365e+22,1.3291866486830564e+23,38461860.2680556,83.29522489136735,6.344103176158701e-07,7.451217049681069e-07,7.8995227276098e-19,83831251.56458162,0.0004371942640968,6708516425553219.0,8053568590228070.0,47025250.64040943,109.8222593187664,34894980901.57098,5.002466005892335e-05,8.408262480934132e-18,4061794479106541.5,641862251.048725,0.0003981735488055,4477905.251950002,1.497177220657024e-05,3.9847159771992876e-20,1447702779985.033,2.2104010747099436e+16,19.577159298951003,1.4793839267795136e-23,5.4243657408457366e-36,6.443288711321842e-48,15.634834929354914,171363280882.04742,66417486277.110016,2.907008601135489,1546231.9380263083,1.0824258033890346e-16,8.728098869670343e-06,2.0630752014704335e+18,6385622412818809.0,58367052820699.06,39695095722.38009,1335371809.5132968,36435622.58584056,112357.9328325293,9.830410670493949e-07,564.7880860394692,5.401149317118433e-06,2541.517267929021,1133.8194224280207,8.61949680110772e-10,5938062994720.6875,475762.6887334638,1916176040368.8728,4.395335555224171e-10,19072.889742764513,3.821876361134603e-15,2.2526479055102735,3846853150.585026,3.380081707077883e-12,0.0416006475604705,2.967684958215178e-05,4.666107993030108e-18,0.0004087403316773,5.584033287050682e-07,3.3577803800709883e-11,1.5674346133677845e-12,17.691032032645218,3.839408297945766e-20,2.7652273046532714e-18,0.0128423649669733,1.1086097883530492e-19,1.7583781302244018e-10,3.1553592021788366,2134644762.1464496,0.0,0.0,0.0,0.0,0.0,0.0,0.0,3.917217604977088e+21
