T_K,P_bar,abund_H_dex,abund_O_dex,abund_C_dex,abund_N_dex,abund_S_dex,e-,H,O,C,N,S,C1H1,C1H1N1_1,C1H1N1_2,C1H1N1O1,C1H1O1,C1H2,C1H2O1,C1H3,C1H4,C1H4O2,C1N1,C1N1O1,C1N2_cnn,C1N2_ncn,C1O1,C1O1S1,C1O2,C1S1,C1S2,C2,C2H1,C2H2,C2H2O2,C2H2O4,C2H4,C2H4O1,C2H4O3,C2H6O2,C2N1,C2N1O1,C2N2,C2O1,C3,C3H1,C3N2O1,C3O2,C4,C4H6O4,C4N2,C5,H1N1,H1N1O1,H1N1O2cis,H1N1O2trans,H1N1O3,H1O1,H1O2,H1S1,H2,H2N1,H2N2,H2O1,H2O2,H2O4S1,H2S1,H3N1,H4N2,N1O1,N1O2,N1O3,N1S1,N2,N2O1,N2O3,N2O4,N2O5,N3,O1S1,O1S2,O2,O2S1,O3,O3S1,S2,S3,S4,S5,S6,S7,S8,C1+,C1-,C1H1+,C1H1-,C1H1O1+,C1N1+,C1N1-,C1O2-,C2-,H1+,H1-,H1O1+,H1O1-,H1S1-,H2+,H2-,H3O1+,N1+,N1-,N1O1+,N1O2-,N2+,N2-,N2O1+,O1+,O1-,O2+,O2-,S1+,S1-,comp_H,comp_O,comp_C,comp_N,comp_S,group_index,point_index,sample_MAE
1425.777015451068,17388.968694542815,12.00003211681388,18.091916057258047,15.248470431148498,13.673691906295,18.012206600159505,0.2048719424067045,4.344944812182984,2821767428337747.0,4.305974547367629e-17,64229.95521912656,2.0020007065244675e+17,7.7218361175474e-28,5.834885330371525e-15,9.437228539985326e-17,3.087221166604492e-07,1.7543569330538355e-08,3.2593091452181675e-36,1.3523027613979838e-19,5.851199869583164e-44,4.4430854647620275e-53,2.1413802668482348e-51,1.7489768689010802e-09,1.546131439257037,3.6847572469648225e-18,2.8312422476653233e-14,9955046379538.725,4200022386303937.0,2.629170811106162e+21,79.2261266009855,1593806798.566375,1.3720404252376613e-36,1.2322914946953896e-39,3.2143102938470096e-47,5.3165594129447704e-33,5.1715237480279266e-17,2.756144647169589e-73,4.6934329905617775e-71,1.4506526620917909e-52,1.1752580390083616e-100,1.8564158566818338e-29,3.0846815319185644e-17,1.0011726844155025e-24,1.4737318857441816e-17,8.301431569052041e-52,7.303201863103219e-58,6.527924925871025e-39,2.2119146791749297e-21,1.0034388781481717e-74,1.179538461061376e-122,9.107163724609156e-65,1.4597564812726998e-91,7.676015763558133e-07,300.1128796209882,52460551.314024344,64233193.49614853,98987453.15153132,58378136.67441676,336214666.46070594,13226600.974355971,7.810067691985669e-08,1.3606788452717967e-16,3.717446109338501e-21,46.780800465895965,0.0024931330319246,7.419099060577075e+17,0.0010095427469406,1.1934684653482672e-24,1.3278123780114926e-48,6.919162857952552e+18,3.901199411497843e+19,1.6501643088328788e+16,825107774394038.9,1.2020314805908027e+19,661028880754769.1,90044125224468.94,65211257930830.81,28266809467720.156,10.978516429945325,8.833624486439707e+22,8.833624486439707e+22,8.833624486439707e+22,8.833624486439707e+22,4.854756338159483e+17,8.833624486439707e+22,8.833624486439707e+22,8.833624486439707e+22,8.833624486439707e+22,8.833624486439707e+22,8.833624486439707e+22,8.833624486439707e+22,8.833624486439707e+22,5.6439039060272855e-36,4.513684371270717e-34,6.130091672030813e-45,2.0337477614979915e-43,4.395478690272181e-17,1.2324006590066535e-37,1.881479590593587e-17,1502.685983467626,6.707331598246979e-44,2.3457532418848817e-27,7.939584908564941e-19,1.65734685695303e-18,3.331643480729661e-08,4.7201817655680914e-07,1.3479882704653182e-40,5.326973745500631e-37,2.4774632987863343e-24,7.034190482134014e-26,6.241707475418518e-17,3207474.7469439795,5998742.445841461,2.6875638904942718e-15,1.0180491252928205e-07,1.4129462506136603e-09,1.2451649349459392e-12,0.2204677599014523,229.82547255162683,45483.45522031581,32.16944438051704,2398.4707283533753,0.0,0.0,0.0,0.0,0.0,0.0,0.0,2.9639416710563793e+22
1453.9136641762066,16843.4406505904,12.000998701630255,18.07135653554987,15.270042042316678,13.6652855803675,18.008952378657952,0.5197818481040458,12.683320808353647,4051429952516583.0,2.9193623858756615e-16,134872.90157283976,2.743685775515236e+17,8.779103537259436e-27,3.072135013452266e-14,5.463424630012893e-16,1.0654975710383786e-06,7.79170014907161e-08,5.406470266222005e-35,9.47686680260764e-19,1.3426787787611569e-42,1.4501295095564352e-51,5.960406976019108e-50,7.2850260793352925e-09,3.9944712511181906,1.9334041207755217e-17,1.2438233749777408e-13,16739761364214.928,5996807817343730.0,2.702098231527082e+21,230.55015905533668,3159848402.289689,2.4116178649080675e-35,2.461335204841597e-38,8.810529933840737e-46,6.72925626748877e-32,2.617421871789593e-16,2.370005481685273e-71,3.2926184849242103e-69,4.139478558927245e-51,3.011996739982573e-98,2.035409268129197e-28,1.847892310929528e-16,7.18577264258917e-24,1.0194092606123554e-16,2.9577289790347143e-50,3.49767190780876e-56,8.797946742281263e-38,1.7042876144449552e-20,9.952657578234732e-73,7.100509807004015e-120,4.3315046581099917e-63,3.140556386917614e-89,2.735918605474373e-06,673.8397853805927,85839726.68187313,104793669.02214524,143328677.73782212,121449451.0912809,633856010.2208278,29801565.819639426,3.260611954201324e-07,7.524657333633003e-16,2.091108307549088e-20,125.5529237651996,0.0077177604089673,7.271579312685514e+17,0.0035627661943746,9.196053328581776e-24,2.627570409369979e-47,7.459314618003284e+18,3.69791594114689e+19,1.6248013808930064e+16,1114653734874942.0,1.1338461007059771e+19,693016386147567.5,88819563652374.22,55759642937608.24,23700145619803.805,20.174610059336626,8.390907041238811e+22,8.390907041238811e+22,8.390907041238811e+22,8.390907041238811e+22,5.448536101390128e+17,8.390907041238811e+22,8.390907041238811e+22,8.390907041238811e+22,8.390907041238811e+22,8.390907041238811e+22,8.390907041238811e+22,8.390907041238811e+22,8.390907041238811e+22,9.153954776740619e-35,6.176147640856641e-33,1.5094262243809472e-43,4.451411278760489e-42,2.859962424431634e-16,1.9297822891239522e-36,1.0576218636109354e-16,3539.8999589981736,1.5299349750592582e-42,2.3669462604544163e-26,5.070586946988597e-18,1.1172118247362628e-17,1.2798269705636274e-07,1.82439712100296e-06,2.6068771713562975e-39,8.187193681203906e-36,2.0951193653134932e-23,5.926709330596219e-25,3.2669977757255563e-16,6025234.934101915,9653423.938847952,1.1981789126354741e-14,3.051430993891821e-07,4.611274501540522e-09,6.190228406471697e-12,0.6193598877615563,571.7769359439754,96171.82734683524,91.22023173553032,5834.533152728319,0.0,0.0,0.0,0.0,0.0,0.0,0.0,2.8274392998892544e+22
1464.8096531333288,132486.92973202543,12.027666606182638,14.492870596208707,8.76788095502846,10.545018188732207,16.692598910771423,364305.1574738406,8796078247996.8,2341169927.7441773,4.098244404101361e-08,67941.77798843851,7249741054091842.0,6.935668061584999e-07,691608.5277538016,12747.31555486047,10315145.78280282,2177848.4813827653,0.0022807976739854,14569158.272615004,29.64672735869132,16935.17754076561,1.66698637340789e-07,0.3241706801378141,74.8648009374284,3.57498177804163e-10,2.151042246449649e-06,700553734302670.6,5537229387559954.0,4.736532752172758e+16,552114797.2451767,153661360225209.9,3.3081298419794213e-19,1.6409088575795595e-10,3.065167817390272e-06,4.449065164212412e-05,0.031147375350766,2.7212464628783177e-08,1.7656469527157972e-12,4.021832823015422e-07,2.8471745199331732e-24,8.902063368320152e-13,3.2449512233570845e-07,1.0203719436535117e-08,4.96165571968151e-07,3.613138487792611e-26,2.2121672484602923e-20,5.451575197867981e-21,2.972870396673481e-09,1.2205790795953327e-40,1.0966761734134689e-42,5.842451547389541e-32,3.519135273363216e-49,779141.6636329982,81294421.43701594,4635099.38584219,5652273.788417937,3.7269337341487745,37377758967186.4,94783107.21884988,4.3985244033349466e+17,1.1984276119886477e+17,117111937.88470452,1247.6525741377673,1.969844345581662e+19,644350442.3005501,234832737800556.56,2.884113141611138e+19,751154135315.4862,0.5402962387916992,1473657341200.0808,3509415.884174558,0.0007888200725631,11157301104744.87,1.6089354431099195e+18,51604862.96417028,1.643541093064142e-06,4.93046265328532e-13,1.0489638834422608e-19,1.4021289726812145,1.2239798210926862e+19,4.496586305784948e+21,180150780880.90515,1.2004500819427642e+22,0.0729562655583251,1.0335305873599272e+17,1.4607658507255555e+22,9.170367939728452e+21,1.8011948409392026e+22,6.074045073778343e+21,5.5643563672978416e+22,2.740875780992352e+23,2.609342598357368e+23,3.6185563154965977e-32,5.573817454785607e-19,3.2342553753026767e-29,2.220631232900774e-16,1.8711547796740853e-08,2.867258541952203e-34,0.0025996137660892,41849.54158099053,1.1422766745294791e-20,5.310217919193183e-20,2.330484879151234,1.0855291831109204e-17,24486.886602886952,16280144527.691433,3.461329426130472e-21,2.4265627525894216e-06,4.755854260361023,1.0216507998522011e-30,1.1456329114168884e-10,2.974402156387557e-06,0.551793088949293,6.1885927191168776e-21,0.0330308511802313,1.067821818212712e-21,1.157912645489246e-23,0.2274144612319057,4.154254458795557e-16,0.0159970595956118,6.425876527903494e-06,94426924.0079813,0.0,0.0,0.0,0.0,0.0,0.0,0.0,2.509542094913512e+22
1429.1834598525209,14779.313276565535,11.96339504836054,18.09486607776124,15.21770448812516,13.63353883208988,17.95792141398949,0.236558641285663,4.854128649126196,2885659571390417.5,4.7198817325818026e-17,61761.651789634,1.950273177795382e+17,8.831915062935377e-28,5.327020862133901e-15,8.717109613849961e-17,2.616976254366768e-07,1.7480306869116648e-08,3.823754596497128e-36,1.3954732425033625e-19,6.995032513552935e-44,5.431180591606412e-53,2.4553808242988416e-51,1.5844691850215075e-09,1.2917071335520058,3.0140347173488976e-18,2.2657604306989103e-14,8988803792493.287,3482754352392779.0,2.185286805796536e+21,73.32624956431519,1318443134.6979637,1.4644095029077536e-36,1.3081787535649667e-39,3.4736732749650647e-47,4.9972471910851895e-33,4.153640738945758e-17,3.2870252610940764e-73,5.3391342543321666e-71,1.4130281419545353e-52,1.4703382384920869e-100,1.6406487917747186e-29,2.475084352027031e-17,7.370181281010581e-25,1.3715054605432745e-17,8.370086740089739e-52,7.477155628432821e-58,4.39832497506789e-39,1.7666895959576388e-21,9.937906673195981e-75,1.1758419771733476e-122,6.345306152267997e-65,1.377131900409309e-91,7.713350560015315e-07,278.64091455524687,45817862.96365488,56079466.5080292,83292922.97527504,61183866.17418217,340491078.11858803,13412132.26041824,8.927865292899079e-08,1.4131297589118963e-16,3.395263399493833e-21,49.53390666870319,0.0026277358504714,6.083726516653216e+17,0.0010592486634199,1.2641568957552414e-24,1.3573275475417746e-48,5.994440111785719e+18,3.2537191743897244e+19,1.3524056956305388e+16,704158098681636.2,9.19159077951447e+18,500855191021559.7,64777585734229.555,45082769524989.31,19067034812246.145,7.997914765164236,7.490020232988683e+22,7.490020232988683e+22,7.490020232988683e+22,7.490020232988683e+22,4.607424087196665e+17,7.490020232988683e+22,7.490020232988683e+22,7.490020232988683e+22,7.490020232988683e+22,7.490020232988683e+22,7.490020232988683e+22,7.490020232988683e+22,7.490020232988683e+22,6.689978517978032e-36,5.55420214350671e-34,7.489769328364318e-45,2.596266523209268e-43,4.4585084486543155e-17,1.276473612468585e-37,1.8209762601861505e-17,1424.2941205786751,7.611268227367655e-44,2.965389005723259e-27,1.0057078362345893e-18,1.949902694968709e-18,3.877213243115696e-08,5.266868412000952e-07,1.807611019345415e-40,7.3612202605472465e-37,2.8733187075033486e-24,7.795483556401076e-26,6.915257747861905e-17,2889959.358149409,5498218.304772497,2.4167891298968443e-15,9.24171301926948e-08,1.195875726126426e-09,1.4411651630541337e-12,0.2521404223930312,238.90796483922696,49127.5195198362,33.288743092900496,2581.8346056181904,0.0,0.0,0.0,0.0,0.0,0.0,0.0,2.501551333277425e+22
1242.290185647139,88372.0978309064,12.038241698099082,11.725202763088856,11.93034478226682,13.95187515039202,9.486563613517069,1095.0980367796024,6424000786445.878,199.1098739765323,0.5386539941082166,36590.01110661366,51908315242.3971,984.8818351641615,4.3767057158923485e+20,3.4308711890367816e+18,6.533425791940632e+17,32682461001268.473,1224667995.7882,4.097984255221162e+16,9749683060922646.0,2.656752296816454e+21,0.5528279686008964,148059508102.23193,5666397922.451862,8882.312232370488,265617670.64226317,5.816841029007599e+21,2.4947991290019176e+19,7.438689398221935e+19,1816235785198455.2,1.9941619751827377e+18,0.3315318777890487,593469961311.4038,7.33553990512482e+18,567110986506.8733,7625850.415360329,2.8384425660872825e+20,258157639728.5494,991479600.7124752,0.0010433721462603,27339576199.52009,5146497322767.722,6.189145535132347e+18,4965212510.920325,25115.75434347711,12199743661832.912,10417107031315.46,1.0308752212649296e+16,3.4794678216184187,1.5565088230296848e-07,2.3796653245502016e+17,3843.1702278799594,40516452.86558432,605076.1798431735,1.3371918162122378,1.674516853404759,7.250373680880372e-12,1275624543.2470706,0.0175114564468582,405706340355678.1,3.947883981281687e+19,1323048971076.9983,5259304606.8235035,7.696262874289774e+17,15.581281650033317,0.0001115140653243,5.317208339273055e+18,4.877713555584912e+18,3575826637.939023,714476544.3035707,0.0120973131906741,4.338917010127787e-18,39267569848.864296,5.049114219066555e+23,14020202.34734859,3.8582709927479955e-18,9.451523930420713e-30,5.368153561997601e-42,472876.4258471589,15367144844.0707,5175157402.0402,1.9329877428817672,3875658430.045575,2.831624092000527e-19,0.4151446749366289,372955883566373.6,72208652498.41113,46245389.26828575,9202.502826797085,32.56084842286772,0.0466024582736935,1.867427448034033e-05,1.41612450501118e-29,1.7016684306938825e-13,3.3423810551124444e-24,1.1049403435198573e-08,0.0006957931678528,6.660437225959707e-29,1034164953.6987648,482894.780834456,0.0141711921148733,4.192230388230645e-26,0.0191040278492924,7.179246172948694e-28,0.0432276671431943,1493466.3109034009,8.866748182271077e-26,8.311774833033217e-08,0.0052696528508144,1.5524293688438845e-37,2.138710275260877e-13,7.453536854353518e-13,2.1001187784201912e-10,1.2546951308753149e-22,4.0368586929316495,8.073981093671439e-28,1.0482500027443562e-36,5.93736371492412e-10,4.2626523275140684e-32,1.2007726446455166e-15,5.059987206202622e-15,49.91048576462197,0.0,0.0,0.0,0.0,0.0,0.0,0.0,2.4296970871528975e+22
1292.9535060116932,61642.441317256176,11.98262085489178,11.732928928387112,11.922329394060355,13.952903680834238,9.47580870673942,3802.0951478920097,15608215619092.52,895.9400937104482,4.876714373904928,179808.52834433134,132359288137.95091,5966.8659590292555,3.87087408362378e+20,3.783004262428743e+18,4.1904063748710746e+17,43201918765094.25,3595086493.1435785,3.143077317048806e+16,1.2238881339636246e+16,1.5211168799789867e+21,0.8128066505866476,378316390324.5143,9206414360.060446,33826.44737399861,668397524.5628381,4.002139739308433e+21,1.4285387744682592e+19,3.1455769612297196e+19,2820207096255903.0,1.5448291022987315e+18,2.9032164479469733,1405958813009.5312,7.276198083027273e+18,346797119806.207,2072098.3121115032,1.625474400833021e+20,177797055284.74426,312019687.16199386,0.001133778239154,69617480696.90929,6223599696998.431,5.138189231056645e+18,9605913736.618135,120609.03469065572,23423735650843.348,7596595833646.35,5216745534852938.0,18.87604185414109,5.0670482906925096e-08,1.7744038503683197e+17,13275.459362108408,137246408.83024853,1355578.3082240403,2.7712682014182777,3.4466560683338408,2.182248414982881e-11,2740645562.4232264,0.0578964825280086,661879412314101.0,4.44432835278528e+19,2505469353850.769,9035421575.974531,6.022040576193807e+17,32.792000031916984,7.363449391757385e-05,4.95278894665486e+18,4.014071603976688e+18,4603622622.260382,1446360521.031803,0.0351220223227348,2.6515568313820474e-17,84738619863.25069,3.3847845604136205e+23,23175059.462416768,2.0674716501829728e-17,6.992356413119323e-29,7.32751037896545e-41,1299065.973784671,24605976412.78014,6033238333.287348,5.947020173408533,3527153894.0319133,2.6924124508723186e-18,0.4685562466042463,488068271495920.4,91075919122.82756,55357872.20081186,8972.664606953564,28.842351090561404,0.0403443931608676,1.4366990482480586e-05,2.4195176949360616e-27,3.1682580149717705e-12,3.0362282631377443e-22,1.2419208893916078e-07,0.005544038499337,9.171033019141604e-27,2134363268.280824,565652.9907694106,0.0915742492766024,4.521131784585393e-24,0.1151599479016739,5.887839486970798e-26,0.1553753486621641,3450731.3175489316,8.725610530972907e-24,7.755100887986807e-07,0.0296961511671608,4.788159974696057e-35,3.530531205446711e-12,1.3641576778952606e-11,8.385844622067069e-10,7.719871961212397e-21,15.973238234656067,4.639312507616186e-26,2.1020609492881443e-34,5.1132699225060005e-09,3.318268853430644e-30,1.0350979853230475e-14,1.738643765424536e-13,194.2482339852791,0.0,0.0,0.0,0.0,0.0,0.0,0.0,1.6789585983765452e+22
1376.4556266839609,90712.5117744502,12.00957779152522,8.710384980610332,11.689339433407188,10.395606484532772,13.505045370652024,1518013.7921745726,101274900450121.84,4437.913722745111,0.4659868080603819,147153.26959794256,1787365896283112.5,543.7527403585023,1.54739487445799e+17,2099429576548414.0,55022586803553.91,216413888080.27765,193225134.9767131,121526208191744.48,322370678389555.06,2.161036082040069e+19,0.0132368523098926,422189487.2196395,2780107.849442764,5.254209526101631,56106.83573695658,4.375825584959706e+18,4.00448372719847e+19,8846113794566221.0,6.5701178213266e+16,4.310057345321015e+22,0.0009532053228248,114534588.18904448,281916498161674.1,1845745.2851145351,0.9266745665278048,8358950446178858.0,6382789.3909907555,988.3865776493752,1.2835633427654668e-07,279967.4686905009,4380142.204254268,299633470648.18134,177079.51214684907,0.0583482736314126,5030036.043826571,701.5435114717815,25090137.710832987,3.97593449279397e-08,3.52563412637868e-18,115485.21333845016,5.1694006499451225e-08,111859727.17854904,316365.69039150496,0.3056147375350689,0.3762444540744425,2.224594116946683e-12,7827363518.552707,0.1663369004116121,7.968812044287437e+18,1.5898071997798243e+20,1489715984781.4402,357185221.0700894,6.6316265186884e+17,83.46422278997994,0.0316576907585789,4.491026135550051e+22,1.1984035017543127e+18,357179397.4479345,167417208.22084677,0.0036834017191813,4.46803084026153e-18,68475355028817.984,1.0967149935609782e+21,152571.9565404214,2.200304518349206e-19,6.389626016606884e-31,8.83351219141286e-43,2640.18517289165,88027869384961.42,4.527136266851826e+16,8.855164727904292,2885544046890.128,1.1387926116770028e-17,280.13000376667685,8.209804199088116e+21,4.879862684416146e+21,9.246003654393584e+21,3.72084559018228e+21,3.4938145712776132e+22,1.5921315124767357e+23,1.6025212449929997e+23,2.9286465101305886e-28,5.5206760540724845e-11,2.487833597395269e-23,1.7641675504001329e-06,6.4480088723574555e-06,6.178554287985687e-29,108130357.0800648,45128.36719660104,0.0011927281180226,1.3262462315265005e-22,180.12616221420808,6.0763587171503815e-25,59.521209606030816,4338898656352.944,3.8726627744906536e-22,0.0040292818448205,0.0171378460746998,2.966039133204407e-34,1.093243356763079e-09,6.691302553758518e-13,8.81786075756242e-09,3.3330365743719255e-22,45.304582148278506,9.605060156116475e-28,4.735243715566781e-33,4.15018222423129e-06,9.678174143357859e-30,4.454118600651917e-12,1.801587740182636e-09,306956784.8588083,0.0,0.0,0.0,0.0,0.0,0.0,0.0,1.591375791416286e+22
1553.3455564014264,93202.4081639529,11.996489219610996,12.669292812505024,12.475472982442332,8.114581349988036,9.84008662902902,9470743.308553956,3765888056703064.0,686688748.8596629,4278.802632872843,1164824.908077014,15059549788937.951,6333556.839935409,1.4233440804318305e+18,3.4434328999263828e+16,6.589519214738278e+17,1.3987042323655126e+17,1221799080350.527,6.878241456029529e+19,8.003547461357994e+17,2.4953275540663096e+22,1693882748.418799,17131723237.277,104958793330.76326,75.06788208468484,271672.5589516909,1.3980015590229746e+23,5.840159286874383e+20,2.403988247145737e+23,4297268487834488.0,3.362402072423344e+17,229.48424997362216,3265489219156.4033,3.0077302395904353e+18,5.1876309771015704e+16,2.849872233321754e+16,2.7957492502939553e+20,1055803839685182.4,1.990143097386716e+17,2883279.419290626,327356667.5764401,2197534785594.077,2281840756105.59,2478403903802.6514,82093.92163570247,2329710895848.5034,335748737.100798,9.145780526962374e+17,2.2712810082437676,26318.332829104893,556007906.883946,26.14509504789445,1208739851.406683,3492645096.4170623,8386204.062405961,10140413.034035986,0.4954339441099831,630097947787852.8,125535744.20320526,7.546271000670123e+16,2.840329696608139e+21,12712987464481.809,291504740.85635394,1.3687332034297815e+22,70305656486.4054,8703595845.066141,3.5591224739916205e+20,4.196201389140321e+18,1840006861.32675,388832671484.8694,66721.49218387416,1.745843266708132e-06,45503700438.957954,5.688556421552484e+18,25771542.744964033,7.488195356180852e-09,1.5579619272182247e-16,3.26647959235036e-24,68.80846004446406,659194025024005.8,107890042451753.92,1520618360.0855632,1.4872771804596374e+16,0.0001145991098191,7740621011.798919,8761381269583342.0,3470534135823.264,4235962264.118439,734674.9799932832,3963.026872590884,12.598154239218566,0.0068687794385732,2.5654169725904335e-20,7.820689931982687e-07,1.5070418271649414e-15,0.0237172881084054,2002.335237961846,3.761343587720781e-22,582170184.7757342,4106601270938.302,30.009420906356414,4.43435304426416e-16,16896.594368389586,2.966265262465588e-15,4298390.467497612,23490397262.71887,3.708238609856964e-15,4.335907638057153,982378.3552963956,5.23857909545341e-28,4.8344538511771337e-08,2.1475408939812167e-06,0.0858852973893358,1.0467164092312393e-18,5.766770501209667,7.707144602658106e-21,6.656381234621792e-23,0.8201281046054294,3.415371825204701e-17,0.0026598304465817,5.977546558398243e-08,1823916.662798977,0.0,0.0,0.0,0.0,0.0,0.0,0.0,1.4565845098321588e+22
1876.67648761572,108484.97295967428,11.976946232372542,10.605072493908414,14.271666554112446,15.894871227757498,13.151904187741234,1334728.148030213,188487378734321.0,183836.39115687177,815883613.0924917,170309130077.19073,3163759958416213.0,659639178.6795102,9.562665223809978e+19,5.018630399690013e+18,19954573939388.723,94687186419.1177,22166316603.670124,15596147471.074265,1652188728115.4175,7378508627421.945,2.8251895385697735e-11,2.0975860491003564e+16,37436485355.086494,213067429771.51053,182123587345443.5,4.211009457210091e+18,7.707035294248666e+16,1873010093534.6145,1.3179215034430423e+19,7.471555891299064e+20,3282361250.047549,1070757290590596.6,1.0644009096649837e+17,687.0700549999218,4.3133585692225e-11,7238945305781.116,74.86119353076195,1.900720394688415e-09,7.567817078043419e-18,3.4995048297902896e+16,23847701246896.8,2.6780189176520843e+21,251652575411.94263,11557547477266.783,2.870905795479114e+16,30981961877862.312,102236368579.284,45407124644.120346,1.572169401171129e-29,3.41971131990659e+21,9330654055093.102,105605528700.63318,99329.88568736492,0.0002594262111582,0.0003061579381278,8.145199667917161e-17,27574728.071220424,3.505073970124637e-05,7311379387219931.0,2.086034201333335e+16,320275117107.34033,2968684254.5745273,38163042122.49096,9.069215555033088e-06,3.1909407909057704e-19,1.0797778158367876e+16,12805563813327.928,35861.35122037588,3438692833.2120495,0.0029405382250222,1.5267788203585586e-18,2926406579057809.0,4.117204113632049e+23,64010954.0641515,2.31355102490332e-18,2.1970410615198044e-31,5.613206946327416e-44,411517048011.545,37184916750.64544,16127476263.410042,0.1469513055269456,161319.59184909292,8.274918145633999e-19,2.557781225921721e-07,1.412216253361638e+18,4023847797561902.5,34058405149325.64,23837011472.111515,764933314.6539221,18882500.108644888,56460.18160657353,9.100758249416068e-08,0.003105344737937,1.2857180386905534e-06,0.0335059814569886,462.92504733132967,3.461090537156748e-07,550490242571.3997,1.859710264102901,240764.77850789207,8.359622118416316e-09,33.99500965583395,2.893047677542797e-14,0.0018898884288225,12152056.786617655,1.13901823029408e-10,9.153389673906444e-05,0.0038799677242184,9.759032230321713e-14,0.0008251796222506,0.0264311568672402,1.9197221462801815e-11,0.0003693306259763,355232.5945728304,3.0778645521322436e-12,6.8037745034128704e-18,3.5435428545974728e-06,1.7128343479283795e-19,1.5927438148129898e-14,71.21355971994011,2787453.693256577,0.0,0.0,0.0,0.0,0.0,0.0,0.0,1.222357690118143e+22
1291.4874045816043,80625.82808583506,11.98046977011107,11.290741355786418,15.3545617227395,13.044524802450145,15.898026009885909,21203.876946879212,1182656453623.619,18.700516815954213,0.1612191880274239,8855.570951472184,335627742682273.3,15.492710035281142,5.458834505293983e+16,530226883770051.3,1297724340451.4326,2547079456.2698336,739751.8134091302,146119698911.34088,200273137667.3997,1975917256218422.0,4.871704158514362e-10,666943813.716986,357720.5460530995,3.0360565872519016,60686.8358366897,3.093796300319384e+18,2.8888054614039257e+19,536451734610339.5,2.5485996702890576e+17,3.7043668428317874e+23,0.0033766828726067,131710809.72817037,54238574046572.38,1241.1170258903353,3.592971603896094e-06,7421573681414.359,175.77470520765672,0.0001493340490081,1.4529576599387687e-16,4314227.411089128,8569965.749003958,16911808481135.89,253599.9610302161,5.013954462186527,77583471.2414885,19196.57542162567,109366332.01091142,2.74877021567483e-05,3.929734756624357e-27,723694192.7131157,0.000688092090774,530448.1336659174,115.34965593413908,5.143493614263233e-06,6.3982382430630005e-06,8.724063976702724e-19,4535270.586607483,2.0603572458755915e-06,1.3198311505598058e+17,2.6720885857345594e+17,764360219.0238197,142291.67824368065,79605332433604.47,9.178088584703614e-05,2.6241072051235575e-10,7.791121739222044e+19,97342551450521.9,440.83890864329544,1589128.9004079455,8.314825362890081e-07,1.3381993459845708e-23,11113548511050.035,9.071343922575196e+20,1318.2470173678432,5.391319163084845e-25,3.932977198103933e-38,8.818539473627976e-52,172.33009730332753,1375695956895.1912,885688862331122.2,0.0027303887381655,4359998231.100165,2.6072002907534532e-23,0.0125304841521342,3.2814303026783044e+21,1.595300668729707e+21,2.5273010001660116e+21,1.0722254176945094e+21,8.994191114243157e+21,3.2764021291170904e+22,3.04658630213721e+22,1.2765915675602704e-29,5.927160479682708e-13,1.2662857077889457e-25,1.8300706597109011e-09,5.3850950151115225e-08,2.5061077615909117e-30,21854348.812153623,54.14017977660742,0.0006201740158971,5.338838924712642e-26,0.0491218954427154,1.5248357834156082e-29,0.001463405609555,3934628950.283046,8.023013797874359e-27,2.5381311005841924e-08,4.9981891684852024e-08,3.6398300588875743e-37,9.706240119199104e-13,2.441621025330129e-15,1.1361080743168741e-13,3.159817190095851e-24,0.2352465799946265,4.140729116600425e-31,6.837005894625961e-37,6.051722797881206e-10,2.411717849656048e-34,2.6662642477190546e-17,7.10264608018943e-11,2810617.92440729,0.0,0.0,0.0,0.0,0.0,0.0,0.0,1.1365755986180483e+22
1772.0261766077888,107610.7895820406,12.001134841438022,10.807051433391662,10.56502110693135,10.251321630355031,9.023111413950655,16782070250.981833,2.9838300348393306e+17,2974955412.040831,996.1747491861272,569495985.3205343,6299376235316.9,4585508.6286448175,7.329572629916122e+16,3088531684586202.5,1511417552244752.2,216806003518209.9,1214277646054.645,2.33294695520834e+17,8.037530727479269e+17,2.984170144065387e+22,225767215.3517137,1473293351.9294808,293547052.42140317,161.5242050239912,207720.10541669483,4.864744643633135e+18,528627392020399.4,2.4975849892281658e+17,470879926971.1058,264103376155.59753,0.0451725051879626,206016533.9789016,184329404198104.3,9767027032.26748,7035396.86311999,3.148673388338056e+17,192432090003.4307,53547447742.81457,12641.61607161952,26448.741776465893,2720911.1934106355,99768460.32133906,1108439.5291969804,0.0031974558533983,76407.91701148794,1.009356986121805,1320595.5654357837,1.1728955731980988e-10,5.1097621043493786e-08,0.0164194299635159,4.070756132644289e-13,1962401408380.756,200042981780.7589,40131745.50159379,47690890.97622641,0.6171155622495283,3583575236316930.0,212100047.00174907,8.705188850145995e+16,2.7349683461782985e+23,4.06358218327085e+16,6670475761389.493,5.198299499572837e+22,327490238546.2353,921663.2667489412,8.569424978387539e+20,1.4167130593655012e+22,1536090406668028.2,2011867487854.8523,85938.07635679272,1.502389439191259e-06,111978856941.5718,1.639691146720054e+20,735189760.372242,4.1949202722892744e-08,2.032704527178699e-16,2.012894174150265e-24,640820.6939855191,8481345021122.794,25259982647.484978,250534321.80204785,4628543404334.216,3.2673193589476505e-05,420920.0926348404,27457303513489.996,404186061.0059307,17840.08855590757,0.0759562053525233,1.3275294269358791e-05,1.6532032155319307e-09,2.7563255787346736e-14,1.3268778982388432e-19,8.245137010712796e-05,1.3483533310989455e-14,5.753933060401416,3.9300637465884383,1.0158102156665116e-20,2143032854.7554832,4037693608.216868,0.2010365211107682,6.7307941882102976e-12,971320975.370452,2.2181762312085705e-12,6570106946.120861,4650437156579.814,3.8286820540990926e-10,6435438.89057062,62814523.57569206,1.174539541723674e-22,0.0368022069730924,3.854800168097474e-05,18.214410182106736,3.6156030965715205e-14,1073547.157656493,2.2879968196756416e-17,5.578578433441971e-20,1340.863335858566,2.6075806938721534e-16,0.4333766774884102,2.372346840300034e-07,162718578.19048503,0.0,0.0,0.0,0.0,0.0,0.0,0.0,1.0225251573402962e+22
2105.8968735927283,93395.67046944713,12.010762839966588,18.01750814074086,9.443075989438702,17.534086538816158,14.174143525019325,3155938.9236322376,979464260207.1448,1.312218269884592e+18,7.345498088575013e-10,1974055475639.234,20215638.534276567,2.933025814114242e-13,0.0007907166977964,6.214519587866512e-05,42.262082068538525,1.168843067329934,2.667147868855557e-15,7.404538091298177e-05,4.3332301615832394e-17,4.774121405370026e-20,2.271776625372787e-19,0.0011613567470111,425.91060515084416,1.5937837441506912e-08,6.431982108185042e-06,15032945821.219477,0.2381218666239624,1293983851885352.0,5.371710733690672e-10,1.028240839960696e-17,4.4479302364375546e-29,1.3731689027087483e-27,2.9134891736387446e-29,1.6809278628958616e-20,5.1782674478631725e-11,7.748116062469583e-40,5.32557537057112e-39,7.084398393659807e-27,6.3159745157156955e-52,3.2015757423496466e-23,2.5478804800502175e-15,2.0146497988245809e-19,1.0081503623721392e-16,8.070702682692852e-46,3.695545319684204e-46,1.4046803730236113e-35,2.6761778024350246e-26,6.879146355609895e-68,8.615958377432493e-81,5.762829937004211e-59,1.0172783824428808e-85,630001015.1724526,128047042537110.84,1.3698014417404858e+17,1.595731666660232e+17,4.0360657164523784e+16,5.132960562679717e+16,6.702556970311527e+16,21013.402327827494,26696904479.118084,674361.0170044303,3395.433571908745,1.137453217595894e+16,7862364592216.107,8724027762431.412,11.469150530655044,6086.992686461856,2.6847721760548435e-08,3.549261485555058e+21,2.736905355204228e+21,2.6670806530383365e+18,8670208.533539414,7.660719986444252e+22,2.970336297325404e+19,2.032231569949922e+18,1.6893292367915267e+17,6.205834527166826e+16,674797854741.6019,46271257849308.38,13180.421858258886,2.3821831575650943e+23,3.298182710385183e+19,4.991938773128109e+18,3.6680999909091512e+19,3.096501673025483,9.828056688478735e-12,9.127038841326352e-23,5.268880431961476e-35,1.71252216927119e-45,4.9459256709366575e-56,1.4323328595390515e-67,8.066569607625704e-23,2.3765163923467336e-21,3.6473378271294705e-25,9.850464431696825e-24,6.99330043652402e-07,1.3083924181039321e-22,4.6056405543009095e-09,1851.9041950491712,4.1793615982940725e-34,2.062353082480422e-07,0.2114989756970081,0.1947515746193366,2039297.6712371751,1.4265291010028502e-05,2.459288645323755e-12,1.3209197446300123e-09,201.1063067101917,1.015823457358612e-08,0.019999983402642,6912873147749.51,7254064157154.992,1.2485844149307948,391117.5273274597,4353.177108719415,0.2321891154097599,18791329.35836338,466534585.31653297,38794228492.33872,0.0002405286276014,0.008718186204882,0.0,0.0,0.0,0.0,0.0,0.0,0.0,9.39381702321449e+21
1352.9260370022396,92630.10002601688,11.977004064815924,13.46493900085595,11.05483093485359,14.465437815745291,8.915283629594612,8.139386413759693,10682218428.822803,213093126425448.97,7.029295843554301e-19,1453810.2579956,0.0123266321885683,1.4498100680342606e-19,0.0016659332818016,2.069143163634625e-05,59050.40287124438,9.309882143582808,1.0364959248300268e-17,0.9781510908156364,3.656601807447908e-15,5.0511763326791886e-14,1.6261416772979377e-13,1.9758113502308e-08,13.661551058286872,3.912854454386931e-15,4.9308882020314906e-11,1625291874091.8325,0.0001603766401414,3.4975547485531236e+20,2.014613744489801e-18,1.7492254895041028e-29,5.3099965761948215e-39,1.6204778013939518e-31,8.501023472412316e-29,5.179167318852962e-15,27.635030133069044,7.112800110648394e-35,4.418464835216048e-33,7.170328326936535e-15,1.4660466983292297e-43,4.775036383762214e-29,8.822906176130533e-17,1.4953770510961809e-21,1.5819955016114812e-19,1.5082197117908883e-54,2.8234525470853697e-50,1.17592269261202e-36,1.2237122396764481e-23,3.558289151900026e-78,6.632790285040971e-67,7.975566711637339e-63,2.018325620162853e-95,193092.00230437028,56489143976895.41,4.931264098447977e+18,6.087585711898503e+18,2.707462017685274e+18,7.608365329400043e+16,1.1922974519148371e+17,0.0098925202248295,3435904503196.5996,488568.9180904397,2274.506272134083,1.454162760996683e+21,1.078586204695431e+16,5.004809726350675e+17,0.0105011304039909,82563112.74980155,5.774313499281686e-05,2.069076072167658e+20,3.452787323390198e+20,2.7218556603102684e+16,0.0094354232423292,4.498467552877344e+23,3.818161986365982e+18,2.639073171222458e+16,5895446697646558.0,558634068805021.44,11487431.140250267,64130677.58360509,3.7547098730637313e-07,4.341457912669266e+22,2.310108960755864e+17,3112836351594744.5,1.802107799132868e+18,7.417493846669262e-13,4.4847614195084495e-30,8.69259575780394e-47,3.8047213573820825e-64,3.719150158331599e-80,1.7131725117043212e-96,1.8111346561730837e-113,1.5398628449009058e-41,5.517506939203047e-34,2.535884602056296e-40,3.25248566339088e-33,1.5266669587418518e-11,6.618403070847272e-41,4.875792947701083e-14,10496.786508480089,6.638961317523832e-44,3.4615106371944033e-22,1.1676558426311545e-07,1.5523385371826741e-13,4163.814055960873,4.148016735972984e-14,1.5777531310597312e-25,3.298856684512677e-16,289.91063480584984,6.311338072520847e-29,5.879036669994631e-14,38712.504829420905,6433390331.4486885,2.528481678502987e-15,0.0806961458940387,6.558114585603229e-10,5.6172704387276635e-18,1.358893117068036,0.0014707951573566,127805.29012611262,4.9568505250920145e-22,1.5805633163081784e-14,0.0,0.0,0.0,0.0,0.0,0.0,0.0,9.175299768739351e+21
1656.4268168028964,88562.73691804065,12.024458466101043,6.956056452307781,11.039768890406116,8.582897539564899,7.036770258947702,183675574030.92212,9.868859276201571e+16,34335.924542215966,91.06131118312382,1278498.1654419806,17501246434.22799,689502.0594073249,1972058396209683.2,63120474349990.61,4532193394.824541,16369995256.064814,450671420314.3668,34467852375043.723,8.56451250210717e+17,8.412843518250484e+22,1.0715838343030502,10658043.119185695,276.2986983366198,0.0114227744238094,24.519499048291987,835850427124651.6,996841973.5158354,5824308348.609108,3460568546.4561443,40356949.17643761,0.0061081735327045,141257865.6938139,369684647143571.2,195.68970038902876,2.147695047559866e-09,1.2425699393704988e+18,44592148.11068785,0.178118846814698,0.0001200785898995,268.0847246446807,5.217910523028728,66139.28986147324,72.92317242972614,0.0013157462445401,99071.78623873998,8.170113907978342e-08,0.0483089997549534,5.688368024126222e-11,2.3370246457916577e-23,2.4415463579789403e-05,4.860992362885685e-13,7019843833.402351,89524.65187278976,0.0014637512947683,0.0017545407737062,1.0444127721942125e-15,104427780906.1465,0.2688183508950863,422488799924431.6,2.373201978434302e+23,300004774087203.6,895084402.4874732,5.344086411626414e+18,724.5238695632426,4.1682495360935546e-13,8.335499223654779e+18,2.936774167674699e+20,288183089094.33624,1027241.7110733445,2.083368290528587e-06,1.0585212293626737e-21,6242501.551816162,7.237205887318762e+16,7.76424652161103,5.635604749887072e-25,1.3372657903011285e-37,4.576606227087246e-50,0.7772621681806595,3156710.6429484086,123.374137120547,0.3487466018705171,259.80820126201115,8.256155687615755e-19,1.3358372680423202e-09,1554633469.0571752,210.6487034003009,8.66883345538085e-05,4.170734192898428e-12,7.176670275752598e-18,8.004412560988794e-24,1.3524246452321476e-30,5.8251386638433256e-24,0.0001627356375818,1.3030272229967341e-18,21.760372731610936,5.892494186335287e-07,9.490153158758623e-27,1078331000.3016732,1412.2160876612038,2.1182737704585826,3.6744191487689062e-16,5491845171.83858,1.2853833851387179e-20,5354954.565261533,790331926066.2067,2.3322506341041696e-14,20955854.37487708,10.26939896835704,2.8233927694871875e-29,0.0009672414391798,2.37362197948497e-14,1.5742477584773385e-08,1.0610782106724216e-21,2739.8257886726115,5.395462307320175e-29,1.05761759753836e-28,0.3657954370558928,1.2111030871043382e-28,8.843386455303565e-09,4.826685665631043e-13,14180094.84426485,0.0,0.0,0.0,0.0,0.0,0.0,0.0,8.75677229779551e+21
1531.5811938608376,45020.10541505545,12.02000733370707,14.144828435746245,16.939364445757747,18.701159758092945,13.765414854778998,599.3296478267729,10126466704.18213,360.83021924971126,210713.5412763563,133331252.80505672,3074498786632.8867,1218.2157930933836,8.674704530793251e+16,1968647830739882.5,35774627688.34057,33979574.179141074,1008.3040921339252,67981.05666029465,2936.691529587808,399.5139461560878,1.3543720501627733e-23,221042359074951.72,1251514175.3518584,156294244.23404568,637387975674.61,1.1812456584544336e+19,1.389261979369569e+16,18958720104938.605,9.445565813613846e+16,2.4136033611514614e+18,1063362.8510401917,76801370301.92577,316090302462.0198,0.0041165805485458,1.8830325937643287e-15,416.324343771931,1.207902059043911e-09,1.8714851855681465e-19,2.8233247771336114e-35,393013891753492.25,2657109043517.7427,6.87318298292146e+20,14420622729.9054,42278349749.4286,5441568512585.958,7916683354737.842,592442091320.87,104718008.55264077,2.075668344289226e-45,1.4948998720894985e+21,127822184883.3498,536144.6870049747,1.4175347190243694,2.8216494394056683e-09,3.4186747140747192e-09,1.2124169980596281e-22,1427.5409924268004,2.0365208508805823e-10,60994076496.69533,33222567052.592014,23211.55533690927,99.20054074063854,144561.15554806602,4.517611271765226e-13,1.3739177151341727e-26,1176431502.6907766,33895.58255637412,8.206246982475183e-09,46762743.570978224,5.863777523982662e-06,1.00142899746777e-22,1769698211487.258,2.1070704571822847e+23,595384.5027700084,8.090843718165738e-23,1.2408512528968693e-36,1.7661416850170037e-50,306454256.79581904,125073472.21013036,6000662.023343207,0.0007246192579482,2697.1120310677857,3.192589298468835e-23,1.0688921523341383e-09,580645477816119.5,62119359112.3597,20548800.631137203,1009.8578555182988,1.495179482427573,0.0012766946432103,1.923129161255829e-07,5.912871196888259e-15,2.847509818884388e-09,1.4510538150029108e-15,3.4863229623109715e-10,0.0031674624957874,1.674588845382412e-14,728529064.7238526,0.0219853217749448,13.847952986651006,4.354653870310418e-18,3.1815561231017205e-06,2.5633150431626674e-23,7.645269806397487e-10,1.5678220641035794,1.2997971399509698e-22,2.4993852917752516e-15,2.231730911188209e-13,1.9804733622407792e-22,3.5488261987118064e-10,1.4968066143911144e-06,6.270227663708831e-16,1.1466095112255108e-10,11.629825677083607,6.977031815887291e-19,1.2759174847413968e-25,3.2535938595659266e-11,6.998100123623479e-26,8.565322639170743e-20,6.299016054427654e-05,30.02146883632752,0.0,0.0,0.0,0.0,0.0,0.0,0.0,8.422688676135171e+21
1333.8441639981463,70001.53130744942,11.997705446610514,13.599428482250994,9.121554948406809,6.68435761598376,9.39451047667272,145.0498769715756,10272159920.397802,453122687730086.94,1.4459375253678645e-21,20.209373194638236,0.0018581119153686,4.417856464012438e-22,2.2926787136276943e-10,2.6446446263583656e-12,0.0318494841309863,0.1663486964290192,5.2140057602100083e-20,0.0271544393017767,3.165950040353759e-17,7.366495237653398e-16,2.13824535129559e-14,1.4721312937988398e-15,4.167167526599628e-06,6.0406487145900365e-27,8.744509879695364e-23,27923075637.967945,6.038955836719244e-07,2.4883087906023035e+19,1.5436685549852785e-21,3.487364919733463e-33,4.753579633141318e-44,2.9107522108647207e-36,2.6458631224260833e-33,2.34440730133108e-18,0.2032720794634092,4.4613961145600814e-39,9.164002226322134e-37,2.3895134400990457e-17,1.537255844155876e-46,1.5316601955602482e-38,1.2782417392722007e-25,1.6546010299451522e-35,8.26413716412956e-24,7.111925309234539e-62,2.3431623026135295e-57,2.055868518008686e-52,1.5165879907558381e-29,6.921487077531225e-88,2.3837623205643703e-73,1.6924851682338015e-81,1.9646152752468855e-107,3.937727819729531,4656666127.210789,1467730634599975.0,1816059184417267.5,2501216027814857.0,2.684533466280788e+17,1.281174588941669e+18,0.0022428389976658,5538128658122.971,15.678388288584491,1.7863607160774071e-06,9.321754354289696e+21,1.745609014911144e+17,3.047222999584995e+19,0.0037195920817111,4535.272138595406,8.367300526834341e-14,1.3630195340186946e+16,7.09213261138269e+16,15319770020294.916,3.5647593673041675e-08,289038364431356.56,6376160669.580049,367774543.5923,259267225.356321,70380273.54276079,1.0892673805114309e-07,39768750.01859923,5.3397137299167635e-08,3.6911887985254506e+23,6.091735986927918e+17,6.378512460880064e+16,1.5552195850142138e+19,2.883784887210161e-14,3.63921235674788e-32,1.479365992046715e-49,1.4294899603217967e-67,2.973856717016818e-84,2.8445388796856686e-101,6.447718872748726e-119,4.3686784978921594e-46,2.413620519112047e-35,1.1513756244030581e-44,2.1837910545213344e-34,5.514462386870356e-15,4.783536512374556e-50,1.0569108955761428e-19,14376.339260264092,1.782474652254131e-47,3.446457693608648e-24,2.242280435041857e-06,5.9647921524144e-15,334828.69675669324,2.2678347751725977e-13,2.0971851171734876e-27,7.083614040870539e-15,45.8336295204165,8.087819769112262e-36,1.4743512111602758e-17,0.0450183757197264,32157112.464221172,1.318432517702959e-26,7.742745515931426e-10,1.2305747058588035e-20,1.2350950387396753e-19,62.94930531093075,0.0001563355073409,20830484.185360596,1.1538024606800926e-24,5.5995062818705237e-14,0.0,0.0,0.0,0.0,0.0,0.0,0.0,7.904430681687075e+21
1207.4406195865688,32365.235699189172,12.014280828060835,14.619201272542051,17.028350805892586,17.49146373553764,13.622241214420676,0.5839577057609988,703676351.7674356,0.1701334590574991,2.7775599167393974,5499.377490611795,16525049881.846369,1.4383459693340512,1.2814633652792942e+18,8539405921506138.0,6274147058065.496,379082289.3550155,642.492930185581,149562685.59187752,2014958.6663253976,206256469.10256848,1.4378184689516085e-19,941426590670.4211,130257113.10213444,20460.14162711849,830467626.2244306,5.17938130213318e+20,1.615300324578789e+18,2.455146071459884e+16,2.1775051591296736e+16,2.5344138937445315e+19,45.79865127837431,45254940790.55433,223909362841374.16,165.92197757928312,2.7178915664138064e-08,576355290.1733222,0.0011850200631233,5.444583660193338e-11,3.939716764528752e-28,4560424033537.015,3846046036256.7446,1.1453548790970644e+21,5402063426.000553,141065003.81118253,28379264850106.953,143709112041465.28,2039724785510312.8,467826.2119989295,6.558545963945741e-34,3.261531655734503e+22,18847650159.66648,1687.0095185659995,0.0884276299006512,5.360087499320831e-10,6.746248712997677e-10,5.7182389195413166e-24,395.71822472225034,1.0236891210220395e-11,37803244799.79968,1605060927612.7927,17809.621016959147,36.96486240529295,105826291.17747328,2.6770697681615152e-12,1.9163870512808872e-22,157731382439.693,25562793.458544236,1.381100273984786e-06,533978.4985458642,1.7946491170330807e-08,9.638118400610824e-27,6865804033.556113,1.5983952938129545e+23,5913.325595125122,4.5875727506827354e-27,2.2962115932103264e-41,2.1510937972887975e-56,25753.48342153302,17835599.253152035,4816958.271282618,5.655426097351443e-06,17655.804532584487,9.343624528102886e-28,4.1798454362084255e-09,123155350229363.38,15555749438.895767,6576538.746064419,966.8269915601388,2.332095338445542,0.0021565387153364,5.987313448713655e-07,6.2988202152825335e-27,6.871467634451374e-16,4.987016476369364e-25,1.3618042476707023e-14,1.6140756234753247e-06,1.6869293857962202e-26,10248774.846886609,0.1001867633624845,0.0032606430936069,2.1096870323198624e-28,1.4271617853275983e-09,1.1435142971208664e-32,1.222516322662072e-11,0.1433231918042141,1.005736090285053e-31,9.484320865836397e-19,2.6773310163253376e-14,8.305216124421901e-37,1.7536616947734926e-17,8.26149355384964e-14,3.2816292064005914e-19,1.0686972871571619e-21,0.0004603499527011,1.8734976390651538e-29,4.102787244458263e-38,4.188820040258605e-16,8.667016500213933e-36,2.1909496634577343e-24,1.7805436751754797e-13,0.0154979939592642,0.0,0.0,0.0,0.0,0.0,0.0,0.0,7.742953818455906e+21
1226.0960215399034,15730.796119911363,11.982692182614166,11.684546810135942,11.699770471619631,8.53701324148185,9.19362362245944,118261.10772836088,24902069614454.85,16965.989504747777,0.0036350545925335,136.35136177889035,42538901537.05459,39.792612020104535,2.1563289374754256e+17,1569252607746456.8,5.0756448527868984e+16,312099672428801.2,330296509.5424048,2.4585297905852017e+18,1.83090282940128e+16,3.3991492227819687e+22,103099.94120264138,9754651.999126043,61545052.73967573,0.0032613836636382,112.15981142306838,1.3237637176880135e+22,6.789067874790028e+19,2.8229098510293794e+22,24950501916547.293,3.89252662066256e+16,3.209136584470724e-05,466759509.497624,4.0464536778393256e+16,73767930323883.73,26106896692867.88,5.151843416138262e+19,6231158638361.305,624485969762017.1,83.59940642820594,25586.72191233043,875977748.5042081,53876334440.75769,113150915.92942657,0.042210051572309,146060605.83686194,190207.31600302548,741143096823307.6,7.965226490401539e-08,0.0754888131222073,432307.07997912064,1.4532479098813585e-06,894885.1641563715,2173716.576475825,697.9291408730031,876.0142756943657,4.722566780111266e-07,729105677821.6223,1224.7197474495654,2020798770258065.5,1.0369730858746374e+21,185880216988.1352,4867872.796214179,3.2328957410415424e+21,6635687.686531679,1579997.9311540895,1.6728408352830443e+20,4.745907382800341e+18,99771509.18682969,507915451.32651955,1.077618105391142,4.2566804675107204e-14,216978384.76974404,2.3469105460642193e+19,68038.12870691837,2.522235874215511e-16,7.844723621396258e-26,5.1292048870655696e-36,0.0871196971907217,2084287173074.4011,877860238119.3438,26488.889139744104,89986743235422.8,3.753904427578308e-13,1268649.6994385368,430021408011763.6,94738612736.9302,69412132.03017712,16636.997622645278,68.34258033065971,0.1108048744137727,5.1932611054482455e-05,2.1621805550658173e-34,1.4787747783920572e-13,3.301467203026918e-28,5.9496546490973345e-08,2.208849360019391e-05,6.971083180940649e-36,12022158.366007317,21341151048.802685,0.0002495115721748,2.7558840334873326e-28,8.951713808560052,7.321976538234205e-28,3410.8593078984773,1085959316.427489,3.1434647585103934e-27,0.0001757796002623,0.3623442018850707,8.72935734985524e-43,8.6983985553116e-14,1.5362566611626905e-15,2.759004110920062e-06,7.742318954777776e-30,0.0169362580548633,7.215820999845821e-33,1.5126844983422558e-37,6.674564306046873e-06,1.1971841827204678e-30,1.909255273732763e-09,1.0509329777314773e-17,5823.789125225362,0.0,0.0,0.0,0.0,0.0,0.0,0.0,7.722689164561499e+21
1680.997665837907,60468.94627743353,11.991816185333684,11.085346216160646,6.467632307254753,14.105487361631218,13.865017353225506,53209015.22762191,1012769260476261.6,11972067831.934776,0.0012536237688707,3583361221.2205887,6.551615383533797e+16,0.0679888480974657,204282723390.4251,6954228543.887492,98459868136.27286,241637743.6066624,290.6546018541732,3504735786.1315055,3491944.758210234,2208418569.843032,0.0019356285574083,185084.46906335387,971764.0098589556,0.3996779214905918,764.8060209913846,1281624902566178.5,4203453924539809.0,1791603064850184.0,83896146550.75314,2331768966416421.0,6.202835697185139e-13,7.982793289483445e-05,1.3150364856745886,0.0321442629207207,0.01481911936876,0.2435216768254712,2.1152921717818444e-06,0.0003596898540776,9.582128566497198e-17,3.474850649374064e-05,0.1259892075467473,11.283115177480568,0.0011159982011807,8.387046619456613e-19,3.912167636504131e-13,2.305546710325619e-11,8.706600425566989e-07,2.812232060408709e-31,3.9228414078111116e-35,2.2524225002460587e-19,1.5809705808228704e-38,141951432972.47955,369953231839.3017,1360429011.2788675,1627548961.0032218,247.68548663089476,236966850476036.4,157946048.02401206,1.1177881412735048e+19,1.5714665734608603e+19,41300329418758.99,216059117933.3937,7.321477787774173e+19,3008640117.774974,191150778098.64865,1.5111672438793524e+21,2.5685378190917827e+17,4136222561.316408,514705034119016.7,265034493.77525455,0.0381539443811614,4.0088882635575384e+16,2.0868744912150188e+23,6626353352027.808,0.0352423959501816,2.107758715965784e-09,1.966519200159273e-16,6000118738.272342,2.3783895501435e+18,2.4567270884524763e+20,25057221268.222603,3.836118406689645e+19,0.0186805862439774,48148874549455.27,1.3937213387266069e+22,5.403126002152134e+21,6.342866141908042e+21,8.338466634944441e+20,4.0433013604817715e+21,1.297921138503424e+22,6.14014123612335e+21,8.967297065282248e-25,5.576688338160936e-13,1.346093119256398e-21,5.164709717671149e-10,7.07554266023841e-05,2.4732344466934988e-24,3586.82093261371,117354.14552656906,4.0166306587363064e-14,5.3565132953055485e-14,14782.881769565449,3.973780549162008e-13,2854422.0732967784,4672697383048.821,2.6564112267092e-14,0.5111165562637149,9632.979384443111,1.2385665927099725e-21,0.0007740327349175,0.1082035621888895,445.52333197149505,5.328082196018834e-11,2641864.908256629,6.112566594145367e-13,5.2440769866818e-19,31.11180504871564,1.055811450486384e-13,0.172497716153991,0.0183825909606877,12153356165.983795,0.0,0.0,0.0,0.0,0.0,0.0,0.0,7.551848097288025e+21
1909.2140785475851,74708.94603245764,11.993526709246076,10.5957220923885,14.286836330875788,15.929404883015348,13.159122914559784,1944316.8893994496,192202666399222.5,199905.02237905632,1490495172.6817412,234680459078.10928,3456812724981223.5,849621426.2457496,6.192327245575985e+19,3.462194058174111e+18,8339808553540.723,55600153593.15067,18324110109.09058,6206932091.235846,847094563380.8456,2391717196076.9795,6.049220210005504e-12,2.323930008053972e+16,25851342273.34602,232114289356.59943,176371821901931.34,2.586248859092307e+18,3.77685718990731e+16,710173723405.1411,1.2115402330242396e+19,4.7295607728011864e+20,5770117050.821431,1024275262318188.0,6.292154636549254e+16,177.80910041268507,4.440336704815897e-12,2289929451430.9165,17.735508187301694,1.8135867323714003e-10,9.112924147383662e-19,3.7831487827335784e+16,14720633804988.004,1.8364890087293431e+21,203492296359.53357,16538102274598.744,2.4867323928849556e+16,14152270845145.348,38853172719.98307,66096120529.39218,6.419654087696941e-31,2.1646820121001e+21,11635575878874.363,103295835050.66331,61058.589279881984,0.0001107236448224,0.0001304059660754,2.7483944819618027e-17,19137316.856403492,1.951049336993824e-05,5552049861514601.0,1.3455551932188318e+16,209571605144.8376,1655894753.9422352,15656630028.021046,3.511551120725993e-06,3.743732021787775e-20,5524143921007811.0,5224952118303.15,11596.173631403795,2592792079.5502715,0.0017425156367374,7.97096725509009e-19,2660749750242993.0,2.788615636572671e+23,39939244.00286464,1.0176214793769257e-18,7.553133597043494e-32,1.6317393525464633e-44,367466959764.26794,25125227582.453808,8333295468.026821,0.1012306367057955,65621.49812369845,5.592894397116958e-19,7.859206421877069e-08,1.0659666079462496e+18,2522078338849402.0,17681247646267.184,9803180184.313623,257315803.4873981,5312657.651287248,12904.398041365115,3.837338843335536e-07,0.0070491903692024,3.572181558041649e-06,0.0516331836179729,452.5227426954277,1.1984025163021024e-06,578424296042.4724,0.9521743426299164,391096.4811858832,2.5169973640165483e-08,45.45148234453619,5.6804690303992456e-14,0.0015351367175228,10235387.38949488,2.6444492218064694e-10,0.0001099231831334,0.0022048599313709,4.387376936956343e-13,0.001626893554927,0.0371946237725564,1.2591720510834227e-11,0.0009111724454676,405110.4810764461,5.289814693582452e-12,2.1869543442301908e-17,4.688539953930871e-06,2.9613913601259383e-19,1.490637111812268e-14,162.93154721154096,3471596.780632288,0.0,0.0,0.0,0.0,0.0,0.0,0.0,7.452153120846708e+21
1340.1134582603336,43841.44376901925,11.977654971667729,8.704092246229283,11.657102454320206,10.35504392393571,13.520175997036407,959597.583895991,40239264724775.16,1367.8532038683074,0.056052706186448,31845.34179467878,893022023998207.5,58.12984986228455,3.2157291970493668e+16,380148859378574.75,11009749800051.229,47196499541.56248,22464559.21072404,25739776620558.96,44051142667815.16,3.3338966985457695e+18,0.0007013772258825,65452996.5590428,450062.9564583864,0.3707264818165636,5125.404733113686,2.075683591581197e+18,1.9055377686879764e+19,4476143952260668.0,2.130442049865153e+16,1.930011386314365e+22,5.571370842180298e-05,10470733.74856877,30668734661904.48,168069.34036190834,0.0868752891396503,612843817155420.5,328231.58056718565,51.21151712973098,1.864563931375295e-09,20662.848011491104,405452.5476738448,26018679272.92266,20918.61159799028,0.0023655443268551,249840.0587711532,24.70715738183707,2563847.2710534935,7.084876066419233e-10,1.5202480897171083e-20,2422.623700100301,5.804765986707398e-10,21129235.30681365,60953.17873887478,0.0486535899071322,0.0601544673972589,2.20775662675467e-13,2649078457.5201435,0.0338772684155249,3.6403354314061624e+18,7.068020097338466e+19,279885722656.0968,41653307.76080729,2.9178558609124666e+17,15.581010791787456,0.0067589465631705,2.0133308139812808e+22,2.6193771796384826e+17,23807869.295942187,49702492.60196787,0.0006875932463193,4.1218020981705263e-19,22202391576592.098,4.81798662258064e+20,30017.12023598324,1.2875064460575367e-20,2.403554006925112e-32,1.7841670265438794e-44,280.48442369839876,46354294368725.31,2.6025749873547756e+16,2.728032036545144,1703226121942.6133,1.365143860954932e-18,113.76937617953442,5.574072982839355e+21,3.0347263351641263e+21,5.313625966509329e+21,2.174263490353093e+21,1.9388523348268832e+22,8.014424477344346e+22,7.767665950380228e+22,4.0771462438961e-30,5.837686861366746e-12,3.5549655594112777e-25,1.771841932134201e-07,3.317964600879535e-07,5.754174483642003e-31,26424291.45304219,16676.985284513394,0.0001162968500096,3.5745656490883016e-24,55.95808324248683,1.5325345088820408e-26,20.146588268220455,2202828046699.338,7.642056115632676e-24,0.0006586902520699,0.0011013781724296,3.506852758630053e-36,1.5307854548569157e-10,3.6414552592715406e-14,1.8601081333234862e-09,6.308435662519261e-24,9.054313353690038,1.4927852031683918e-29,9.875931373244352e-35,1.176160452238032e-06,2.8737526193352646e-31,9.941571710679564e-13,1.2858981597767906e-10,162428666.0691202,0.0,0.0,0.0,0.0,0.0,0.0,0.0,7.326676027416066e+21
1786.893144421229,79720.53429012262,11.99307809245066,10.808928176476435,10.605066026799738,10.267316462554303,9.049870912122,18793179397.47423,2.853357616305867e+17,4151194226.592458,2503.8674324960175,957907933.135646,8327591455895.457,9104558.704740943,1.452776473998765e+17,6325602635263718.0,3190720908004848.0,383128964101370.56,1814444314021.509,3.190297783008109e+17,8.878210915641866e+17,2.4607047189813013e+22,268034135.9572499,4073832089.257264,848845607.0791568,630.6072292182931,762974.1185088643,9.297732969945231e+18,1134381258530686.5,4.967076906230211e+17,1047667788003.329,611357428525.1783,0.2048131509547086,645266232.0201284,425893259176942.1,26273818544.054844,20956323.34042758,4.7156192913895386e+17,331383532232.64813,102827826896.74014,18357.01760989809,132817.7538170988,13662183.92782646,563943867.482744,4491259.744702918,0.0239916769049328,418936.1751355422,11.363581411918316,8896162.518170288,1.6321157277839901e-09,2.5601375558185117e-07,0.301262855199693,9.618290569246751e-12,2617086780687.741,280255341214.42554,62169766.54850412,73803675.42946887,1.1305259417155,3752828351652306.5,264673136.99937537,9.024914543126493e+16,1.953851284882668e+23,4.166504652039162e+16,8968698767399.605,3.926182371118072e+22,320558109176.8362,1095067.7209226023,6.854751753388094e+20,1.076697693097483e+22,1394746280118881.5,3310034886376.4697,166724.1972089783,3.644826603223622e-06,191796821414.86673,2.722042214840018e+20,1561929289.0518696,1.3267638018788537e-07,7.555392233109808e-16,9.162767726569536e-24,1747563.924844612,11681951481415.965,38231381278.31555,368823918.5598665,6549861790154.3125,6.360922274540241e-05,687982.7048837047,37845175958521.766,638670589.3499562,32270.710324353386,0.1537163170679961,3.055620602379714e-05,4.37740738144116e-09,8.271946716577037e-14,5.570423105942626e-19,0.0002139223355337,4.3185133372478e-14,11.574517953212853,9.795087742862108,5.486965825055997e-20,5320152865.636135,8655532128.562824,0.8073628750789251,1.2210427067927998e-11,985845589.313629,4.310154808091357e-12,6886288204.656949,4696119208939.075,5.746568079640423e-10,5847495.6366574075,57588942.040064946,3.946294569769957e-22,0.0687341939853462,9.491484758114636e-05,34.35940288919033,1.269096327751581e-13,2152558.927058174,8.895519546483757e-17,1.4775670146285813e-19,1910.5771067871483,6.69596376364581e-16,0.6896811533479473,4.98116656327506e-07,212369543.837656,0.0,0.0,0.0,0.0,0.0,0.0,0.0,6.826382645719203e+21
2458.4307040964486,140193.632923043,12.048171439290703,7.650848279318103,13.364009327108729,8.22375873704255,13.617830763384656,604686756538.3125,1.2621914066296536e+17,5450359.518985517,59111070718252.83,13359644217.412573,1.3914121605430925e+18,194571251534823.25,1.890666305601137e+18,2.3823737744397498e+17,8575125267.015899,4813684580921.454,7153921123092842.0,1888965058643.3916,3.6792159106444224e+17,1.4926020922045668e+18,1.5661756341704131e-06,1364319291923185.5,33054910.452067915,10377001.738612575,1742724865.1790495,7.627195689551283e+17,8.203070013656747e+16,4061658214.360043,8.983100827826953e+21,3.8645593532823414e+23,2389792646983299.0,8.810849234442402e+19,5.815957912338719e+21,32687.012826538736,5.25579644558927e-13,1.8372872457899915e+19,33262505.949583452,2.271251152035613e-07,6.760941530732151e-10,2.8420409534539668e+16,75005095120.10626,3715975059809813.5,36975827134812.445,8.139536157878602e+18,9.183606561354142e+21,24387025.021959268,70564371663.24048,7.390855388003177e+17,1.1328157847803642e-23,4.825539085259556e+17,3.117508700166995e+20,36621693875.03471,517.6222922223773,8.242784844055661e-08,9.453286596899545e-08,9.556771275550696e-21,822076079.1483564,0.0004677109342324,1.0609214874833623e+19,1.2395050009422266e+19,217412286634.90527,209105.46361690588,399007820604.9758,0.0004096867529536,1.1252937492564844e-20,3.401124835362651e+19,6491008129967.015,364.3319483174192,585456.0621386821,1.6835661913399894e-07,1.4641587030729878e-22,93132181721811.05,1556506299087906.5,0.7504814518309558,1.929266564652146e-26,5.891892663197687e-40,1.3898781368044653e-52,69.31244602157842,195329574602.59103,268517798170.3775,0.0726162004924024,7026.094853042121,3.000055567416776e-18,2.1851909619473483e-09,4.804421811295332e+20,1.381578181597981e+19,1.1448137055407153e+18,4203407456753337.5,1110232711179834.0,310983030212010.44,6918417005411.233,0.3127855040524332,10734865.536881164,6.960764505944238,263589181.5809175,12084.21931054696,7.210770359514081e-05,39671621761358.914,599.2490127883347,136306575812709.38,0.0081256222187798,2281228154.5511813,6.948448558062667e-10,1166.3061857451175,166205281614705.34,0.001564942710928,722717.1257252572,0.840789269764188,4.4425229471800745e-11,21.80234419183433,1.1154596082599167e-05,1.0501653859201556e-11,3.768320800064514e-08,4348.379450112545,2.0019944518421868e-17,2.9728165482647434e-13,3.7305373321712834,1.2804541443058865e-17,1.292340652882619e-09,384326.3740146346,17557485167457.123,0.0,0.0,0.0,0.0,0.0,0.0,0.0,6.791053828423989e+21
2323.8730366302284,108217.72106763064,12.018605694827308,13.809214464032827,12.609511671689868,7.429334472868204,13.358673658144436,1293489227.9722135,5464089139183921.0,1.7444128124416092e+18,72.95434973653258,2935061941.0315695,19983914470796.965,26.849154701685883,775350.1453158163,83009.84453576234,4313208150.693035,2014828170737.6997,141.3466057379174,97471569509.70367,1131.195941855323,677.1080098517707,329.6380849476365,3086.7401400950043,99915875.31755169,1.222049138617566e-05,0.0027777605991949,6.300090436749782e+18,21586529372235.844,4.5814391779540595e+22,1183484.0741516508,2377.8263808941674,1.90642894526556e-08,0.0001531263623864,0.0015807746997149,12195.44877912295,328661912463.9601,5.1426997479836995e-08,7.703067060288252e-08,903.883565095176,7.511540151727163e-15,3.9747297475768787e-07,1.7867977466768556,8.417940456021786e-08,863.1866791445531,6.518750243923415e-16,1.2589174519777004e-13,3.6910682486848014e-15,26.597340321204612,3.237704694767983e-28,1.1065049526267216e-26,4.518140993703406e-28,1.181952478475622e-36,887802167.9145246,16486752155252.104,2647123796930234.0,3052542789479388.5,221142538270686.4,3.831640374850293e+19,1.5170878032184596e+19,17756856847950.223,8.000498853582528e+16,676035611.3825132,488.84284114711903,3.289953462941928e+21,1.537206390781438e+18,2.557423808667371e+21,7154866039245.158,3092330208.82601,0.0070710251897494,2.4311433360800346e+17,5.136615288839517e+16,24230319893888.26,1080969416.4246302,1084114910804266.0,252850511689.4211,2487595311.7831535,55947323.26931232,8041532.516620001,11.681956591866244,3.8512419985908285e+18,190301081779714.4,2.998864209805703e+22,2.0333343840561343e+23,5.116924067093947e+17,5.127724849205845e+22,322644480049.72064,267797.9732626699,0.6437752936102833,7.713733141389793e-08,6.104599926786127e-13,4.813606801397697e-18,3.2736328185728834e-24,7.64030106266984e-12,4.349497926315504e-08,2.2744564230169902e-11,1.3455974688064333e-07,232646.04294496015,1.4691653731965289e-15,0.5965036425551291,18015553667205.3,7.707437502372584e-12,0.0036738856833319,282483.53556255886,377.23042855151425,208779922717.1891,1247144.4554805066,6.268391019104854e-05,5.33672215887729,23251984027.85984,7.868809238480372e-11,0.0109250559667345,159154291.868485,14212716929.881628,1.585430105533833e-07,4.524278603354335,8.427232834000588e-05,0.990932994102237,4145688736.144918,84335158.19511983,1392171222598.8396,140.63242987697006,1037688.4179691446,0.0,0.0,0.0,0.0,0.0,0.0,0.0,6.520749866612769e+21
2275.59977623908,108535.60054824594,11.97167401073324,13.822293695864794,12.632258544752531,7.42261355753844,13.3640444396661,783350731.8007779,3351038793110823.0,1.3877678728977388e+18,21.30513284074836,1797502850.7724931,9799344016199.809,6.950579016679238,337599.057885584,33928.18595137949,2516558765.170845,992477654301.7068,35.689469701645365,44219533741.547104,287.8437360629902,170.14054884908288,94.03851680645424,1257.0139334869089,56377724.42356503,4.261405264520769e-06,0.001089378161435,4.757105897536176e+18,10898823940852.95,4.83536954255551e+22,368898.0111407465,574.774546078148,3.090389305856046e-09,2.850595928163714e-05,0.0002972280186456,3956.3135109167342,199843625329.03323,7.0499637704744145e-09,1.2154787709308365e-08,268.1807236472287,7.924396513962703e-16,8.835288771747523e-08,0.6037710258855925,2.488339060480307e-08,262.8137532031605,6.954208308542274e-17,1.4005998723351322e-14,7.582641275489585e-16,7.942039857164744,1.799995627788417e-29,7.34519172151337e-28,4.1034496276328515e-29,4.0871615703355756e-38,479372544.1388463,12251275471238.305,2444247192570629.5,2824526249044631.5,222730433199047.88,2.9922772256812745e+19,1.2748395052856424e+19,7841033757133.448,4.860530843750994e+16,341246884.77024484,243.71707431726375,2.72048238718866e+21,1.1603358497017329e+18,2.5388416698808287e+21,2930846518126.5967,1563785315.1986988,0.0023655429857992,2.3584887478669786e+17,5.475209725267064e+16,25241472994108.61,538025288.0428898,1144556685797858.2,249548376496.99365,2594144940.859155,64218108.4704282,9429722.274797864,7.851459519042676,2.643262343667315e+18,91443104429981.22,3.259891579727504e+22,2.004941190584165e+23,4.888782607063923e+17,5.773478729449813e+22,122666192202.08354,65502.35596074609,0.1015097197002656,8.20519761485935e-09,4.238834738652372e-14,2.130529393737798e-19,9.530253298509084e-26,1.082964353974147e-12,9.071707342887124e-09,3.0626780458196692e-12,2.601662383813816e-08,77148.30130262929,2.140267717436009e-16,0.2279351954097571,12518830693696.703,1.2023554981919382e-12,0.0008536508698343,117279.86800649094,116.448316390423,123728226483.71803,443245.6893665958,1.1798000168152093e-05,1.5394642218700398,9721066013.957912,1.6515149430393197e-11,0.0041488703916187,92800403.78975052,12157180403.24362,5.130344866987358e-08,2.51395874381905,3.3779567963867164e-05,0.29835215597306,2406873449.0691934,40920415.77003826,988505204763.6783,36.91386823537085,396595.9356497744,0.0,0.0,0.0,0.0,0.0,0.0,0.0,6.306922515341225e+21
1457.115774679184,54472.88691054109,12.005328475404577,14.502240049694189,13.686309173576378,17.794519692925316,16.122546566159368,908422.9450898188,1401961203411.417,233822377.99362135,0.0011974518523489,22556869.23944375,2460412300635560.5,0.0037421275381489,1850812388938.4756,33264136381.511578,3395004785144.635,1658176545.5884275,2.358017651948961,2081710399.7143168,5956.598494963312,656400.6997235835,8.145808571927059e-08,4358327.643125656,125616199.1023385,1.8275267357973168,11526.927383048938,3.2589461106498294e+18,9.926210738115789e+18,2.760673683217834e+19,7451887063473.855,8.473317595803556e+17,3.6455455373228685e-10,0.0370260023342059,134.6938931586806,29.009507889502828,313.11486054427684,0.0396079970332345,2.982140152007786e-07,0.0010423955294795,1.6815104764210159e-21,0.4495418191429702,21152.121747390374,2331231.7892455184,77.00142747936145,1.6032041009443446e-12,1.922247636783029e-07,0.0056257681238225,2393.992338135219,2.0040844425698332e-22,1.4718705763833507e-32,1.9056721208334173e-08,2.2848119830993375e-26,47614497.76672776,617496844.4954629,4209793.164193984,5137654.7623289935,0.3844049897320206,716640644747.7604,205081.18753523365,2.771097638049242e+16,3679588073291525.0,1349153850.3476777,5784447.089516286,7.477311364190024e+16,258886.1341409943,571033638.3936245,3.4166304212776115e+17,1678486810331.1685,80.47803933672714,64209232647049.49,17395011.469162174,0.0004255067786632,1536731265512452.8,2.6710578720591846e+23,915756378865.4828,0.0003582490929114,1.227123588063769e-11,2.885126501467557e-19,78827286.98764709,5.1945418200055994e+17,7.470266202613506e+19,2228304419.3900704,6.442314817855843e+19,9.402158529027188e-05,64136267213840.93,2.020136246278142e+21,4.807089131144126e+20,3.584208362067673e+20,4.6693110108607955e+19,1.6319014313710115e+20,3.0408781254448775e+20,1.1072783117935634e+20,2.626258451036978e-28,4.315926886116666e-14,4.450678608789134e-26,3.215555746646505e-12,4.030923574110177e-06,8.492135975070795e-28,103071.86229630302,62494497.30503302,3.751059328161911e-11,1.9065584489033877e-21,0.963494839477938,4.76951575412442e-20,1273.9194763007738,2838222681.022924,2.2148364275025e-23,1.6830463449096292e-07,0.0008828881677787,7.344082739838712e-29,9.530139774514028e-08,3.501885417015313e-05,7.58878355936699,2.129808964054399e-16,12881.6474795355,4.388871219249132e-18,2.6039035167250688e-25,0.0606887240111307,1.2343889561147499e-18,0.0005061277632268,5.629930236586136e-07,87872929.4574086,0.0,0.0,0.0,0.0,0.0,0.0,0.0,6.292740190089813e+21
2188.1780262930865,78942.72735300595,12.002248966575449,7.714031531053533,11.631387692552986,12.804451182036678,6.477610054328486,3197363197.721217,5.407171792465962e+17,44113762.20789318,54187777104.411156,9327662755611.656,2599190943395.763,5798808985492.194,1.021296370455044e+22,9.08682644857222e+20,6603089856718784.0,140912749075491.38,1.1733106329285412e+16,2217590321320832.5,3.973358077319995e+19,9.48677702916737e+21,16.287514121834068,8.081546242255547e+16,335432335486.97345,2712344994206.688,869373263043360.9,3.713121191984859e+18,4104792770312.1274,3553248193660.453,1111401424357320.4,1111138742884.9248,68804078778.88712,3.4268947805865517e+17,1.5074300666880876e+21,139069329.07541808,5.7471477871698896e-05,3.331786701067986e+21,372240595858.9915,67.08398587667395,0.0941209523596545,4.8183357083896936e+16,36348868794195.195,3.133192562696122e+20,972488481845.206,18791109891752.184,1.691011068884168e+18,6350122121115.151,38021288949.20394,37796871424.740425,6.433774730656507e-14,3.945165897014973e+19,936011103706.6504,807147211166256.4,1883427013.8713636,28.206752345167516,32.72631328780473,1.5015866074125242e-10,379374923847.9188,9.19657652550586,702849721441102.8,3.1832879365554774e+21,2.0873779197037274e+17,1942786152413169.5,1.5921361870626346e+16,281.67534436644434,2.667201695837866e-15,9.405097121099854e+16,3.971553599595838e+20,1499082042510799.5,146386495109.31802,2.0125149765371733,4.38941893161613e-14,1957996228169.143,2.2567255051721453e+23,2136865945.584685,6.029579157030313e-14,8.880301962192511e-26,6.710968857711113e-37,8670703448374.392,66113137.927143134,1204.300207530146,93.29438878230071,497.3433053887073,5.3934869326797473e-14,9.137062297006176e-09,20848659816.2007,4985.460709549916,0.0034735564411362,1.3772460447071758e-10,3.2769149693112334e-16,7.2500725691249325e-22,1.515225803160214e-28,6.416197872295641e-05,129.11970482102166,0.0679682877498061,132083.761109766,478901.077289883,0.0001782620169639,138552318897523.4,4399.033984537472,265795449.33696133,0.0019926749563915,95523164.6002664,2.3177500529665435e-08,9862.95057697221,279294408.09065205,0.0075957975615774,257458.2301162757,592998.1504034918,1.022235235315124e-09,91.79522557079343,2.023916805365131,3.128580350435139e-06,0.0973766622010297,1541981286.0202534,4.783376959500981e-09,1.3691013900124024e-13,0.4462118171978506,2.3216330998798723e-15,1.33306704411964e-08,0.2753306526288651,696231.1229675424,0.0,0.0,0.0,0.0,0.0,0.0,0.0,6.256365740419732e+21
1870.448206538003,80947.93605737225,11.98590660361601,12.62528695853999,11.28309595985922,11.571676010343143,10.791703118313558,1264502.1004104482,196581097250352.44,1.9982773702302906e+17,6.168838303046601e-06,35470204226.73967,16129486.872551523,5.590649194725279e-06,205555.28289365777,10655.219410486068,51628918648.29101,1033810494.0715312,0.0002144860698942,192354449.63834345,0.0183749376577828,0.0939662850204186,0.4763510059456868,38.77668821800043,83871578.18450488,8.762844809759799e-05,0.0766454542044603,4.353109512761795e+16,4319296.824451921,2.3509007797958847e+22,0.0005911244522166,1.8698926452262342e-10,2.126872045522136e-19,8.18108340831187e-14,9.354040593140283e-12,0.0866297085933838,7950727594.700853,7.87911135864351e-16,9.526793109161046e-15,0.3527417434658568,1.3312853219368659e-21,5.529274235775773e-13,0.0004645135516862,1.0255216099687388e-08,2.097041980121211e-05,6.631185975082328e-30,1.902114886231136e-26,1.2072096130473357e-18,9.280250646348237e-08,2.2087296013478048e-46,3.017963593682091e-37,9.624319254611935e-37,3.979089449950133e-58,24621425633.82688,2.8019980046447796e+16,8.683860324781225e+19,1.0252154318033076e+20,3.1542296140651803e+19,3.4257623889932734e+19,5.023542885764867e+19,41899658.063906744,2.4909154584689836e+16,84563733225.66042,179317435.37275687,5.500727611885809e+22,1.46086331542513e+19,4.1108462672925777e+21,69981631.46281584,3882102022708.321,2641.2599516426294,8.902749753023975e+20,8.81754651818177e+20,5.185655813657551e+17,3429110.990850912,2.1843925522134906e+22,3.81330799459258e+18,1.801738870609516e+17,1.9839175287396996e+16,5787311690542897.0,4586850607.7421255,230096400779437.75,545525.3091453299,1.929639001840924e+23,1.21797235587606e+21,1.2051212518290726e+18,2.254103279051026e+21,40.146417528926435,6.15332695473066e-10,2.803073637439439e-20,1.0650778892574395e-31,1.8439907457806688e-41,2.4451934548334703e-51,3.949868303308947e-62,5.731302782141293e-22,2.294465955426524e-17,9.196833279136136e-21,2.795513776779196e-16,4.4873736076817385,5.022811326412228e-22,0.0010483784119796,22442475169.32294,1.6153835373536878e-23,6.920650760168335e-09,34.285603711185644,0.0287694034913733,2321423899.9267435,0.069578559206623,1.0386596777437024e-10,9.86992983570206e-05,5388396470.136469,1.5822145684291887e-14,0.0001633816546617,5941180518.607321,5753997585574.828,1.4929049628001531e-05,17356.299242531346,0.1475350016010014,5.869233966153391e-06,3779540.410831505,184291.98681512536,20084970636.85997,3.082057171638117e-07,0.0141234890778054,0.0,0.0,0.0,0.0,0.0,0.0,0.0,6.229743031558155e+21
1662.1362274255468,55049.49563586973,12.009231512299806,16.548906396410203,15.688763739045507,19.60879191917417,18.56613495677382,4002404.9914158992,960011769457.807,13569182695.523289,3.074260315250148,2548561095.9527726,3.813266603675054e+16,0.2080878384136008,942032936063.7418,30591954386.01056,759223432572.2684,1600542170.7868493,1.190160522798665,29850576.714019462,19.634023743608186,16.814039664432386,2.9258984455140234e-11,594556874.0969172,5360991924.382901,1175.4039675111512,2455831.2930446905,8.528374919246423e+18,2.061131630478508e+19,2.0623510937592058e+19,213212216221897.75,4.872069672436393e+18,6.012261329554094e-06,1.1713407813472685,26.583796986128064,1.7504512420456122,2.337162150760678,7.260938465437133e-06,9.450845266313427e-11,4.606961290835032e-08,7.921573436976582e-27,437.2246583477895,2902355.2607518667,180024261.94924638,23290.23625972209,3.635408132534397e-08,2.364997960075968e-05,2.3097437404543686,147953.15415730944,4.6365046803344066e-17,1.5634776973820949e-37,5.640714075986296e-05,1.124499655453502e-20,125305613.76836628,557002986.171996,3246598.109632568,3889805.285684106,0.850670912946788,360702264352.2114,342150.5828065471,8203253973961792.0,20137121428067.51,47303528.99403729,251966.65142115048,158515427775327.22,8217.713229487083,1153270.3325648026,1431815057521843.0,402438387.5480708,0.0067113417397785,691655549313190.4,514523289.4593882,0.0983905398643345,2.415877906941985e+16,2.2723382426967e+23,9269789642550.756,0.0932890230835807,8.105425579936271e-09,1.0346293681871704e-15,4812493692.775747,2.388801854839224e+18,1.874392511467904e+20,48132407977.05064,6.785656986298546e+19,0.0439650969319843,126795159666583.5,6.644870155395095e+21,1.841630209802952e+21,1.5491070017931662e+21,1.5080618651412745e+20,5.288851504058563e+20,1.2082354807546522e+21,4.154430171538555e+20,1.1895692227900656e-20,1.1552873606790559e-10,2.342569452133374e-20,1.370137008753608e-10,0.0032338484869417,3.431566493066178e-20,1189401.1516393072,107195341.18627805,4.09796680161053e-08,2.2871685886909775e-16,1.1372927065189675,2.813189270569033e-15,383.6851694732695,314616869.32064456,1.3245303046469205e-19,4.099752964086197e-08,0.0001587521042632,3.6843546324302315e-21,4.187268585552406e-05,0.9209908806303851,79.62411831233388,2.2363178103632374e-10,193888.93425956336,4.056782454384207e-12,2.6751245865325317e-18,3.0253651108762525,1.0306699863483645e-12,0.0261940063555441,0.0622170012838915,637048947.9490985,0.0,0.0,0.0,0.0,0.0,0.0,0.0,6.203604733112983e+21
1591.5819018584266,72035.29598516406,12.018090625901957,17.161019990743,18.26759387855265,14.083180872174102,12.49803936579645,1018134.9366502516,128085358.62233548,48296.09200164786,273474461.9104593,1575.972800920828,104173196990.4259,7326.189223387972,398469228956.6324,10740279173.256811,5317213.2015767945,2583903849.9456005,21.819254611234474,21467.215510322032,0.2077979185759672,9.72329030474129e-05,1.2001511125224795e-26,365385831590.1499,60649662.18453533,1.2127323186927537,3586.9281159579746,8.500784976468208e+22,1.427759480937409e+18,3.8947300664921426e+18,5.0639626108867654e+17,1.239537861614102e+17,313808149538.5048,51902687366191.766,689321177817.4197,10.746760496355073,4.522205006109549e-09,0.0237771317331365,3.324607714012782e-12,4.908699651093601e-19,1.873687669731378e-40,152290184745191.78,23943878975069.477,381266077573234.4,5.46855972924183e+16,1.8119021724361656e+18,7.225811233365398e+17,38851217133.67578,7.704686223895777e+21,1.1677199777697108e+18,5.168676071422717e-43,4.197341468099457e+19,2.350539278517775e+23,0.02999098525439,2.3870004577444992e-06,1.8659104160402837e-13,2.248630444833024e-13,4.477287810682624e-25,678.4734782149026,5.636243871651449e-09,9232309.97996776,1457061.920672835,5.223573192678349e-06,7.110526329594971e-14,197.7541843091595,5.5793521373917026e-14,1.9652620765028428e-26,729.1515395800469,2.5279156434834893e-08,1.901292752269286e-28,11468.784590307723,7.928360144651461e-08,1.0119972570613492e-22,180035.55365771448,1797165258009.7964,0.0004288376309927,2.530811044830502e-28,2.091307882090208e-40,2.0008451648486888e-52,2.7080970339910735e-08,122328314.54892308,75159.32848109548,2.9903458251081787,70627.69948582967,1.3240325785337121e-17,1.38158493860981e-06,191451348779.14005,327013.52396991744,1.7112696603519462,1.1802295011533103e-06,2.6717907933582932e-11,3.6974347980153836e-16,8.36653673604864e-22,1.1940563002143774e-13,0.0041280035019501,1.1329034721352169e-16,2.1409325977386768e-06,0.0015415968472112,9.781458160462738e-19,648019815.7129517,6346278.03357114,2048103077.7744195,1.6706203122528382e-21,5.2025921480555994e-05,3.287442785387693e-25,3.453553961338374e-07,0.1967885479950744,2.94441975341483e-28,3.6476815259647783e-16,1.420910889493141e-20,9.304894696153731e-29,6.870365863990043e-12,3.2138955967235256e-12,6.9214081403475975e-15,5.233062557380053e-23,2.523987722395352e-07,1.2611960074260297e-29,5.195587048862202e-25,4.597891857972006e-06,5.644604499117731e-24,5.029003165556882e-13,2.5517928194261895e-08,900.0007065766597,0.0,0.0,0.0,0.0,0.0,0.0,0.0,6.112055211359547e+21
1673.6044262600492,61409.23281277159,11.983105578469436,11.872838951388848,12.374278850938516,10.56222601113433,16.60985978024724,61354761.35976481,89715701782726.19,530357197.7472521,21.28730837914904,5822181.090275099,8.19897521873285e+16,113.82941847786898,744312710002.0559,24877222050.37357,18489512803.96847,23053319182.14649,49295.68594020397,33352642919.539837,60605003.20035436,3900945800.037736,7.948803235448584e-06,6476996.88108499,1770979.446936709,0.0250719004296429,49.6461902569198,1.3542870160450836e+18,6.09310518235829e+18,9.887081540667458e+16,2231723481494405.5,8.87938114608058e+19,0.0002153744404793,2946.185346503716,4972892.896851465,318.241168607065,0.3950942163704121,8764.159849737985,0.0037595811502505,0.0017147257482434,7.469421423850504e-17,24.777338638589157,4796.480805781256,16371.8694097309,22036.594824055395,6.248018096340059e-06,0.3000532806651123,3.4559231694542735e-05,19651.322482395044,4.220162059761291e-14,3.5291779695525104e-29,1.3689935342858964e-07,5.019363878514294e-17,22691460.346871197,3071577.043690474,570.1441495590972,682.4840632195967,5.04637219172173e-06,1064997434926.1244,34359.725658196505,1.3847300743941307e+18,1.415905748531499e+17,660859396.6616621,6459.178942309348,3.413709350297696e+16,64788.908925446005,15411.24811456612,1.8702876677154152e+19,419963450431.62286,1.1503754205282528,45201289912.60528,1133.2211746059702,7.687299309154902e-09,94345261517071.23,7.425167324272145e+17,1096644.1852060235,1.3308282251332787e-11,3.883582123572703e-20,1.7271368748974743e-28,35.162836445017,1.5529610677012118e+17,2.2267189997319397e+19,57511089.51724753,1.3172883740341267e+17,1.9578131101281256e-06,8144619800.190756,2.4932751519080237e+22,1.3104083212200265e+22,2.08736529490217e+22,3.7715292346656694e+21,2.4905587718346565e+22,1.081947418906181e+23,6.983906698609034e+22,9.305089191180471e-21,1.1424165141679489e-08,1.4041991889507045e-18,1.0536960470852049e-06,0.0045350371088396,4.845290075450294e-23,163719.00698032012,7625006.044956859,1.832930647311769e-05,2.7001944156643426e-15,1555.3963177901958,1.0290198611112517e-15,15745.997208313656,721158459581.0067,1.286549581092067e-16,0.0049437515129858,0.2835546614610175,1.1125751771530756e-24,1.4564922137396382e-06,6.174718588576024e-06,0.0023763475414068,1.0152985376086579e-16,10.38569145180374,5.873984049606177e-20,1.3215492425443256e-20,1.6727790318387497,1.445277644885682e-16,0.0004654517994062,0.0144592913532083,18811352330.27371,0.0,0.0,0.0,0.0,0.0,0.0,0.0,6.095503121768899e+21
1315.8581701998876,58915.42575765579,12.011206597995288,16.444985107902756,10.888620071165365,16.119721849359085,17.05314625575677,3760.170080523309,180261940645.6726,195651925.02744105,3.0693570266012657e-11,164127.46232585364,556399745851202.7,2.5017185256111935e-10,3303616.8195671095,35472.899867785185,358438766.6540557,108708.57556895638,8.747953108244119e-07,495780.5554036373,0.0163879653224663,11.52064800510708,1.2176001040466045e-10,0.6420432738571451,1480.9178780879313,3.1506883127302155e-08,0.0005217268752836,963693755076411.0,8972280690572291.0,7.075603729382976e+17,23580425.508888163,27080757012065.855,4.428498017490997e-23,9.707211564292057e-14,2.7403232564892134e-09,1.4052440196763766e-06,0.0784965305102682,3.027717329020465e-12,4.12006370940414e-16,6.849040800020956e-09,2.2962309623446377e-29,2.901632887554161e-13,2.1701050869264302e-06,6.143131152654675e-06,8.844573780217255e-09,3.4981773417437414e-30,3.6335803003572426e-24,2.430070870405126e-18,7.661448966370436e-10,1.4190919505530522e-45,4.906672139183547e-47,1.2254347575900024e-30,2.0241782018546044e-54,845055.3811424728,804258793.8056314,182876792.3579518,226781904.9387534,194.1812696657589,3451306930496.989,10074587.00491878,1.818122485269834e+16,2922152908325803.0,95165561.25883684,152380.17241493476,3.896117421912991e+18,37212993.83882147,1900021247576637.2,8.469217812177485e+17,844829935282.3899,4.294276281843079,103920557871595.69,338379582.5974139,0.040364095523764,153493296230802.22,6.108124320380682e+22,706893044000.1622,0.0137710221991243,6.147441279776513e-09,9.620485409574044e-16,198152.78984602215,9.747781583030616e+18,5.886617490644397e+21,126909778033.76431,1.2621878751005162e+23,0.0106929295294485,2.113523618605788e+18,4.3518835571207465e+21,2.2546664307837908e+21,3.780735828005746e+21,1.5837603396902632e+21,1.378536421260019e+22,5.387145182465101e+22,5.145944533349712e+22,9.184497321653042e-38,1.575898898265602e-23,6.959132308091673e-35,3.9357805759209144e-21,5.170191412208167e-11,1.469179075147965e-37,0.0019209160905586,11416.579209014337,7.12686008569268e-25,4.536747156922195e-25,0.0011387310857322,6.04081591348272e-22,141.58987138494885,63860526.40961412,6.658318860107513e-27,7.307256955836456e-11,0.0060740587722051,4.402563426741385e-34,3.1401953124754928e-12,4.317774821234337e-06,5.377822069816816,1.6504963854789426e-20,3.5728873812104185,1.1078178304361506e-20,3.995181357136871e-28,0.0008557878374886,4.8400132299670735e-19,0.0001992146327942,3.817675016520944e-09,568203.1474005011,0.0,0.0,0.0,0.0,0.0,0.0,0.0,6.086163566618687e+21
1240.609483719783,33698.9414717453,11.974605809055005,7.176688498691086,8.0497371805242,13.486569708719774,12.056161211345108,288670.54706772673,5570349182094.165,42.659761004140286,1.867048374556396e-07,20990.233357820965,67820417583857.39,0.0003095067241712,89103450177840.08,693171396894.6929,30354874706.214092,2443271.218296102,352.85097859691933,2791332345.207723,2586598915.7805085,647569999894811.8,6.643755166309486e-09,32496.686848341564,285.1219924549541,0.0011654931371477,35.35623772148804,497436314699047.44,2897590515513356.0,1460082089024.1377,902967425104.0116,1.3705510167736256e+18,4.3033123378876287e-14,0.0720639551517442,820804.022277784,0.0032869281104426,2.3153896261385803e-09,25879333.590828057,0.0052784747600184,1.061039056117601e-06,3.789393912954512e-18,0.0022448669043426,0.0978605498070169,320204.6106264843,0.0001532529833955,1.2449913053628765e-15,5.581514808345847e-07,4.5704016307686176e-08,2.8136565437737525e-05,6.424748724052671e-26,4.200606370781902e-36,1.729044565820715e-09,2.696189881197058e-29,21051263.70021167,71974.63291555554,0.0359960230633734,0.0450872034529018,4.3485087414716093e-14,250699330.44539484,0.0007652374497862,4.813350297812899e+17,3.143377524560573e+19,627135604812.9886,1516168051.352955,1.400498675467322e+17,0.6184016454493767,0.0003166904244702,5.751002428816539e+21,2.127780275598612e+18,832448867.4962735,95382676.42666043,0.000359975474578,2.8399808752624344e-20,31277133350054.07,1.8807966919928886e+23,1142490.1075574555,1.5376895355943988e-20,8.407421084950437e-33,1.055140005225163e-45,101688.63225778616,4604847906891.896,2115911378312201.5,0.0947054160989077,267280864298.1114,3.011329619714641e-21,6.413741210904458,6.729455360084708e+20,1.7605737106821395e+20,1.524448516410354e+20,4.123106499149234e+19,1.9753762643795047e+20,3.818593110132879e+20,2.0735008181319572e+20,1.6114529029091296e-38,1.5831243274004338e-17,3.475872463106377e-33,9.353025946886631e-13,1.7764289742083961e-13,4.628324856696592e-38,62924.24938884536,2.5179705429594907,5.115220489533819e-13,1.1586447712013747e-28,4.417516210037953,4.520677530848531e-31,2.296598692131284,481743880748.9333,2.1981333983404974e-28,1.692773208651208e-05,2.9102399884662924e-06,2.8047443142135393e-40,3.2376723855853256e-11,3.350908256321664e-16,1.700841936487397e-09,1.4527342421610068e-25,389.1654279450648,2.1148859038692636e-31,7.157452572147429e-40,3.4228860798668084e-08,6.787218179459559e-36,1.5622782414942687e-14,2.1958322273465383e-14,17684217.678131938,0.0,0.0,0.0,0.0,0.0,0.0,0.0,6.021876627510319e+21
2245.0059783576653,82649.35391373413,12.052253341688768,13.809067225670423,12.58574571041268,7.441652043889521,13.391316708146624,773042481.5299978,3584759158690556.0,7.17728226634992e+17,17.777586283758165,1910042408.559468,15447122638602.998,7.901866016451337,791434.1413181978,76302.57985464355,4296324963.333132,1034136095485.1788,58.85234772729532,64375680954.61861,703.4983658365529,608.1852170543623,131.893248131442,1912.5118499625917,63858769.328951485,8.586161047469518e-06,0.0023709185929695,4.448689680687352e+18,19698866104329.09,3.386026178979043e+22,808339.2575415251,2682.77487606713,3.279709462360355e-09,4.8851952680666435e-05,0.0007561219199562,5194.108784985264,143156622710.75296,3.1696196203516796e-08,3.6025319977469754e-08,433.9152500380796,2.354662338271945e-15,1.691245296872447e-07,0.9140042355941616,8.419916762276924e-08,253.53070877800388,1.0494249315105724e-16,3.201373869731794e-14,2.272050947400533e-15,8.509581897565988,3.316090221356414e-29,2.0367470670131675e-27,2.242699803414683e-28,1.032096784768821e-37,691486971.7003716,13097015059106.86,1811201521639371.5,2095867089388322.5,105026715419897.28,2.2540694129691574e+19,6.056548456407726e+18,17013290050071.14,7.618657412337318e+16,694440339.1457165,721.3256291250865,3.1372572802532246e+21,7.57621318430409e+17,1.804012562020469e+21,8926423531851.494,4698423903.300415,0.0117196374757283,2.0366631619980326e+17,3.0229142681380216e+16,8252215091296.428,1255519021.9206164,2548475328848312.0,319562746573.7534,1244268127.5297563,19720758.90835899,1764952.4365225555,19.061663071633593,3.1222340112844416e+18,215106156070225.75,1.2435539149294003e+22,1.805325790765625e+23,1.0299112681236824e+17,3.409073120906486e+22,411749753526.53345,414294.0143022004,1.2113892162482431,1.9033140227919586e-07,1.870528781927678e-12,1.7610211026419954e-17,1.5059685333653277e-23,4.102718799829116e-13,8.320971445072171e-09,1.654115428112127e-12,3.3466476620802255e-08,45237.2490410611,1.2102594307503178e-16,0.4559244168721295,9134327388188.316,1.7057029484744406e-12,0.0003524197528533,133147.5332975036,34.809341302653316,106609819255.6318,1143014.204642119,6.254942253683983e-06,2.029552911617619,7708921480.638403,6.341195317731852e-12,0.0044170021807277,41860441.53629466,7964299801.2442465,3.836438177407425e-08,5.036402626586513,1.7472879795846125e-05,0.0595058242906161,1387793914.4558997,6707916.488997501,390913326332.81665,28.17103208867072,727727.3897402538,0.0,0.0,0.0,0.0,0.0,0.0,0.0,5.957032690681372e+21
2865.426308916376,150681.6313202283,12.004849100354878,10.846616081354236,12.763423672047235,10.878560307280162,13.2200881331868,554135868161.2927,5.612175598838147e+18,30741446804908.043,43847739619597.71,352758003864851.44,6.490118920956335e+19,634055280886373.6,2.770687564239819e+20,5.195276418049335e+19,2.6601583192645104e+17,3.5842331291327424e+17,5.550435754741577e+16,4.895029872873454e+17,5.588594759180812e+18,5.086074487731064e+19,39948417.59622983,1.4848922047005427e+17,620542768615482.0,3650496352313.0977,292593668628733.44,1.852840980431232e+21,1.3499180466451726e+21,1.6226915002963205e+18,2.2836287587798255e+21,2.6026860695162793e+23,22864562558177.207,7.258647683625455e+17,9.312829751109458e+19,26070717630146.152,14752882.466020685,9.166064377543648e+18,9329740760934.305,1777734961.1426177,12030.781339836389,4.487392800597339e+16,1.0871355363512664e+16,1.1764515283234772e+18,8977101601854906.0,338424117632853.44,5.605345958139667e+17,30546299225616.258,8295318319062714.0,614240229118.1256,0.0006249818333441,2.6730861168737932e+16,1653244995915.1123,4362091441197447.0,11028354959460.977,606502533.1655238,686015185.62482,55.26636284242375,1.056346333522655e+16,5135937151.194078,1.9518942402148384e+21,1.1849555479260522e+21,8.114769845499829e+16,102862477226079.56,7.294998566464803e+18,18194144495.486893,85977.77511453215,2.0653493419340464e+22,4.935269759350881e+18,9563496827235.176,1126905845252424.0,241652583.60763013,0.3329383694118415,4.735177001003526e+18,1.5651971908038807e+21,1581473192422.5967,0.052617789084986,1.210668630871435e-09,3.3520039408392964e-16,1486800265246.5735,1.4606864208861327e+18,9.963127215252046e+18,76407356438.05418,7166081469119976.0,9.670466189959406,1311886940.514222,5.848931886587531e+22,1.4442059183505233e+22,1.0140981662616417e+22,2.355678350501495e+20,4.874100109182459e+20,1.256011700260492e+21,2.0752993497893716e+20,604.83931169722,2502162.2758532665,37881.820608171394,195618495.16137955,298116608753.29443,141.28784695149145,238491366353892.8,124031143945.27362,61904944814.33994,4521.968393029092,44549249897.436035,85.72880165098793,3194232731.382412,4370461796002207.0,6777.771285183097,289881594.49525785,63667043274.32092,0.0277019769574912,440518.1513878489,14460014.04917798,2257.923329538484,1827.0646029548,9461521395.132582,0.3404667397277688,0.0211304355456266,5743905.354763815,0.0595231863253606,748.1477827585176,25169507496.102978,147231651662767.47,0.0,0.0,0.0,0.0,0.0,0.0,0.0,5.846440409980283e+21
1246.3991524853395,31039.8239812316,12.007546893028296,7.186151660669689,8.098140303878742,13.463685130843713,12.043089278124944,319011.277258737,6414498499681.76,49.08431123839508,2.832173016135054e-07,24810.61998203234,73862428318597.9,0.0004639081405857,103985096110354.16,830395939666.5991,32817435371.84063,2941880.5372283347,502.93255542145135,3265139265.1062956,3454255628.3597627,816477890107545.2,8.676926439418157e-09,41507.02180292972,332.1349363082304,0.0015271001878405,44.10119864249469,534845934258436.5,2970428224199876.0,1426000271314.626,1082781254753.2552,1.4745956543680172e+18,7.593057892132516e-14,0.1128315375655567,1201028.8480555166,0.0042056403044994,2.4921195036370727e-09,38103143.480712585,0.0076449812340993,1.2967255116987383e-06,5.987677295759985e-18,0.0033467451075221,0.1285327622807473,408877.0242573841,0.0002175335090244,2.388945642598424e-15,9.954371655267711e-07,6.458264076813987e-08,3.827816176336896e-05,1.4604224248539046e-25,7.264537571536598e-36,2.972442010338952e-09,6.783334814334996e-29,24673708.192640636,77301.6736345913,0.036863239478118,0.0461358760001464,4.479825359952776e-14,273832955.68890923,0.0008466711761117,5.152296911029819e+17,3.424031079082452e+19,710967545047.7936,1662350361.8321047,1.406233173760521e+17,0.6720497665444085,0.0002706885451293,5.969111111948817e+21,2.2643771022019515e+18,947179877.702425,97667530.30458602,0.0003702580534181,3.0707938260659636e-20,32675197899371.85,1.717136315628302e+23,1117339.034270092,1.6015652049505903e-20,8.755732440537543e-33,1.1372719428241005e-45,107384.33210110095,4567376446198.33,1969557892585551.2,0.1002482633695706,238590487840.21124,3.507388942222758e-21,5.6524868102119665,6.598513438091983e+20,1.6749160994881225e+20,1.404470410473015e+20,3.612482774736829e+19,1.667397456507592e+20,3.132283648525519e+20,1.634313882476773e+20,3.633591029338965e-38,2.4942573155462764e-17,7.535795930105602e-33,1.4384974567587142e-12,2.776556014120808e-13,9.952801559001271e-38,74711.50844227771,2.6462182727226256,8.300657062020429e-13,2.19521750753403e-28,5.402513864813338,7.980002681947412e-31,2.5423811430918133,512429087895.1943,4.269376828737102e-28,2.2596260409952223e-05,4.01513929668779e-06,5.683555249112124e-40,4.2132128678899565e-11,4.673734760818117e-16,1.7322639466189892e-09,2.3787286226814194e-25,418.22691779799607,3.305651701971193e-31,1.3556165391153487e-39,4.0557836576473795e-08,1.1057822947183508e-35,1.7818151005667238e-14,3.4155266099651595e-14,19308225.060091022,0.0,0.0,0.0,0.0,0.0,0.0,0.0,5.801414013337086e+21
1664.6347704536115,57831.57024810755,11.967993849527945,11.89465557322658,12.40516267721746,10.59389090479505,16.594939724979927,55371774.526613235,79819658757376.42,469771305.16741514,17.663886887665818,4976647.534492932,7.385041276996693e+16,95.81702817032716,766107151292.6394,25036286344.102356,20292281630.323036,23400081785.343464,43512.582320997615,34835236260.125084,56796297.48000658,3855626896.7449336,7.586618120841029e-06,6147487.411295984,1815247.64462922,0.0229436220229705,47.376878470393166,1.50947269530661e+18,6.845602365114832e+18,1.1942241355874398e+17,2196324419282607.5,9.280732586540542e+19,0.0001862073288661,2833.1886597548864,5085305.305531884,363.4873760775694,0.5217469279366539,8985.92508145893,0.0039007515195747,0.0020469914272277,7.224206421119783e-17,24.397473422468053,5258.503507784095,18155.836733994292,22918.296009558933,5.9697257445687614e-06,0.3066434717066863,4.155043149637269e-05,25081.825708522465,4.1250586749403367e-14,4.416052344235221e-29,1.6518433525612892e-07,5.3299535968375666e-17,19623933.72879727,2859301.5512036653,551.6646443015828,660.8284749185477,4.84687581732457e-06,991000858347.9778,31568.037857005187,1.2714488829419758e+18,1.3275229858560822e+17,590612513.4839613,5855.2499751152,3.429672925393906e+16,60678.90055182919,17099.956476688894,1.7704424673364582e+19,397767107218.44714,1.016878319524163,43669089737.200935,1088.7341346129033,7.056313133453367e-09,86886771553512.4,7.820142837994244e+17,1086071.6102880116,1.2438801466189082e-11,3.6193426335741613e-20,1.5596722194506694e-28,32.18932360374837,1.5140682548814586e+17,2.2202800463613604e+19,54667265.00148948,1.4037227563153296e+17,1.71081204127331e-06,8755446998.247274,2.380909385801549e+22,1.2432711135318564e+22,1.969782308727005e+22,3.5959777620617824e+21,2.3724131046431713e+22,1.0217605654039522e+23,6.604721637070184e+22,5.5718740613676035e-21,9.042022001764482e-09,8.734914557650052e-19,8.564474877456618e-07,0.0037307392864763,2.980837177193169e-23,163086.4249983617,8526424.471136766,1.6787276132638426e-05,1.5886666264339054e-15,1294.9779005726546,6.42935997145906e-16,14274.290864039818,656951174014.1025,7.438933565818152e-17,0.0038321875159397,0.2208247367348297,6.070347812650692e-25,1.129533399609422e-06,4.641291808844172e-06,0.0022688066023352,6.564890112544029e-17,9.367937602007911,3.9432977422608393e-20,7.737955156397936e-21,1.4237728551566586,9.622864253218752e-17,0.0004088628582901,0.0097281603959479,16662555148.716778,0.0,0.0,0.0,0.0,0.0,0.0,0.0,5.734521760878432e+21
2653.0266337009093,93418.7232631496,11.998177851166504,13.811193938740566,8.51143370078386,12.121607789822528,8.49797780150337,6474997912.047872,2.982728635915943e+16,2.410230229588579e+19,0.5417932035672082,107418979742543.98,731117108.647711,0.1272015624967874,368390.29841540294,57022.58154064326,1352933267.5249128,807963872.442218,0.2434095350438318,20025178.932047512,0.587897029165783,0.1200296324589297,0.3593406958851197,6866.846318592696,121091085.75829418,0.141534971175616,16.214695953396422,658347495591136.1,13670.10630720905,2.4864384417096607e+18,0.0034165206518494,1.747648366499343e-11,2.472311643415379e-14,2.7986938721945123e-11,8.635316090658431e-11,0.0003455118924992,3199.0053937069347,1.7760767515305237e-15,4.30237218650603e-15,1.560843772956658e-05,1.5229062115942865e-21,1.7132227341114436e-10,0.0002394514615413,1.4429726090127753e-08,0.0001033385981375,5.427492574378239e-26,2.505907241929055e-24,1.0606303168457612e-19,7.356333648928364e-11,6.936650830110453e-42,1.3739313727056383e-41,2.4389543841795337e-36,2.2907727175072235e-54,21315582698779.637,2.236282465127402e+17,3.706397813397787e+19,4.220778877040915e+19,6.841601367132488e+18,1.8502681095799095e+20,1.7504050940969134e+20,376555393.14501464,1.446900914178846e+17,7582114167758.004,12422161951.118343,3.5797811912589186e+21,1.0477385335778611e+19,2.7138651417037196e+16,74267160.20122547,10848360689925.066,185708.40851889207,2.2002320902640695e+21,9.81226274996083e+20,1.9495258830052104e+18,75758353.6374756,3.4283188452218293e+21,4.36412586242319e+18,4.173170883984404e+17,1.9808164247893664e+16,9169925681192634.0,1094431168240.5316,72015165093284.58,16324.27067782905,2.4367210731606293e+23,1.6713061510320036e+18,3.2388027439041552e+19,7.127028851374004e+17,29.855601807232677,1.8751403230810935e-10,3.3715417049126718e-21,2.3116094611165113e-33,1.2719922322027285e-43,8.05228915993292e-54,3.6338740532237988e-65,1.4804636390986598e-11,6.084777779970383e-10,1.869148142240677e-11,9.075410540179327e-10,3605.680883641032,5.083331947801611e-12,0.5040655727889752,2943727705.7093487,3.28725373354658e-18,22.2896583603301,3965756.474265757,1582366.3742963215,1329432118830.9702,24.398906958148228,0.411297762841587,198.720211923602,1642202892333.4402,0.0057553973396596,1717.897486550555,107617986579432.16,258327465584352.75,1931.099037516561,160501342.09662834,1077237.3782694717,15314.512219186823,94936870647.7918,291482681219.6364,35845847260812.445,0.7574613699199083,42.7993690519073,0.0,0.0,0.0,0.0,0.0,0.0,0.0,5.646746944181178e+21
1953.3994490777256,87284.3173774153,11.99137613017696,9.242690463198295,9.736117027704218,7.849940373879276,6.125021883985635,1551498065231.234,1.1780402903748296e+18,1187347406.887328,14414.78315310903,41380119.39871203,35693558225.50128,31127060.122099154,107390097444758.31,6520973307705.039,43511205119.62931,3893082306866.4624,2249475317284.9883,1564001762947271.2,3.3328861829859245e+17,3.0927009646283656e+21,129170.3858027792,13585944.079051498,43451.73632252175,0.0154132150137016,10.045544320770372,3.2124948777609004e+16,3216749703.449495,25050630325148.64,440047906.2476358,97185.067546236,0.23389837029177,112204169.54077326,21991074108169.848,599806.2019965624,0.1276881575276184,1.2645943597978294e+16,357860661.3807901,31675.976706479163,1.4464149939184774,94.43604963192251,94.19805491007172,293.94036802943623,15957.566053210869,0.0022582147607514,10533.028541495964,3.1296175714742234e-08,26.717611624475833,4.0709404893266895e-11,1.3703307038882939e-16,6.0664319911141305e-09,2.5821427165004063e-14,69598217252.3055,119538654.83684722,717.510057306214,842.8312992804465,6.983218696921744e-07,378061678250935.7,1539701.5786401315,213110455687470.2,2.711227304289277e+23,499470919016313.9,372091771.8402645,9.309708334499444e+20,1031526679.1028932,0.0006050000902409,7.57025707041667e+17,4.019396812636836e+19,45720982622.54157,1108653035.1765,2.8984107440739435,5.988209188732016e-12,2509279.045743115,2259439977563761.0,1549.0541015018505,7.097249594118663e-16,2.0354496401092767e-25,1.8817995586427315e-34,0.4959066350602921,738071414.2151868,1587.3935628330646,1765205.75407467,5296105.608291332,5.067646583192865e-08,0.0234343511631998,62509679.327366024,1.068032513358906,5.389700611294489e-08,2.0294454680789041e-16,3.772272809005962e-23,5.678962580304808e-30,9.680511757234042e-38,2.2639717531067458e-17,0.0441817335074616,7.308304072550144e-13,1165.9582994701595,0.1262271406404507,6.347447261556217e-21,154028800.13723773,24255537.11735573,6.980757719970601,1.29779883552934e-09,193638275801.3768,8.929004582115469e-12,18177332979.48628,219412855363.2621,5.8055364066751467e-08,2433186189.71815,2455617.411065402,7.412903906831943e-22,0.2234519508606219,7.35342530747993e-08,0.0116722394972586,8.168352728460799e-17,3161.9460005897236,1.5764755816561445e-21,1.0943122249765197e-18,17559.050236322033,3.513966895550388e-17,0.1892509973615924,9.03890441046978e-09,20756198.247664828,0.0,0.0,0.0,0.0,0.0,0.0,0.0,5.410531003649987e+21
1723.287062964397,54461.44893189039,12.002308975788532,14.01211269292381,7.06104280275013,9.274270319260763,10.620237998602022,650127.0838144132,5831731716477.622,5.556018499180508e+16,2.725274760678731e-14,13221942.734712295,20588.04909815067,4.6956880636352406e-15,1.02709377526176e-05,3.871672277773306e-07,9.911395156252372,19.12573803237322,5.4871064412303404e-14,0.8263461389204275,1.7036494211648936e-12,2.870032762067169e-12,2.1150159961540908e-11,3.963572225739948e-09,0.0393386574619037,1.8302835595828177e-17,2.896452201107559e-14,19575825192.305714,0.0121219039481541,5.092564626920186e+16,1.64625390379941e-13,6.816864172842662e-22,1.0444277196438047e-34,2.813233483208773e-29,1.1893467021979624e-27,1.2633781988757184e-16,0.0002164334887887,2.501581185687753e-33,5.51645599434806e-32,3.5637786725110545e-17,1.0581117694934238e-40,5.8798956941887194e-30,3.508219151111342e-20,2.018282563377389e-27,2.178496289259753e-19,8.372521061290365e-52,9.753112541985343e-49,7.147648243477129e-44,1.6792186622897716e-27,2.364752907828976e-75,8.424626297381912e-69,2.394386572604695e-69,8.523654748102736e-94,1683872.4039367086,8417947721586.645,6.959510746143752e+16,8.299428936130194e+16,3.510166674439895e+16,2.9809631190998876e+18,5.638254717800622e+18,10914.0132773181,241821659226100.6,1430959.1698431417,12.720150959094513,2.2053144661100968e+21,3.337775987755881e+17,1.3810268676373789e+19,4356.628952982196,23188908.952605195,3.1389749233024044e-06,2.919167156791367e+18,4.129094703676532e+18,1958465479137105.5,20.637877211825835,5.4136718600040736e+17,60870389783466.08,3019958346200.092,490417349959.3578,141391179450.4178,53.27306654008857,1397778323240.8103,25.51535903076303,2.261164441313941e+23,4.035037419405868e+19,6.613238809634819e+17,1.3039348040510725e+20,0.0006574670927379,5.1368639315110785e-17,1.209501108474487e-29,2.969832289050402e-43,2.830641549937721e-55,1.849770528554191e-67,1.7017955047788043e-80,1.1160284226550699e-32,1.1517344906753495e-25,4.777794069106264e-32,3.2032293128203833e-25,1.8943476657882936e-09,4.933741706569794e-35,4.729937106998679e-13,36275.87361288194,3.9928765876308087e-38,2.623466307051372e-13,0.8818192247725408,3.968071709440462e-06,309929907.63562953,3.623873332945987e-05,4.772876864914088e-16,1.429216207023336e-07,407178.235417551,4.563444106163492e-21,3.404395296365537e-08,249747.278244151,54755332133.838135,1.6467591518927418e-13,0.1061049651277157,4.269758764758032e-09,2.0737002227745806e-09,1326449.182872825,624.3040847263981,17070846106.99425,2.828339933553477e-12,3.1592617318975064e-05,0.0,0.0,0.0,0.0,0.0,0.0,0.0,5.366232309690334e+21
1422.2831923639717,40196.04428819514,11.977508133368774,18.456960155423857,20.01972684375113,17.399436313871153,12.652817263714152,3149.7520182896797,166794.82221483873,90.91241422306943,2544044.145524814,45.9501896933642,479432852.6382704,1.8790284728916848,12306559663.174704,196660598.05109736,23174.171867988945,1622531.308834366,0.0003324834832086,0.5191193644167558,2.519178499238362e-07,8.045228512840544e-12,4.502324355886488e-37,86405669854.43257,2737731.7665932933,0.1389627747660353,1092.0960222610215,2.368101755025306e+22,2.542605340864939e+16,2.245810677536401e+17,1.2989356117701228e+16,683854685852657.6,5410945307.654239,210297531423.9101,231752931.78609204,4.811487179029833e-05,5.982736014111029e-16,3.3245205015090804e-09,1.959717864980286e-20,7.726439899857036e-29,2.7164183371917856e-54,61102608525588.875,3697992019338.721,2733426886436878.0,2206941784419510.5,2.254591441611385e+17,8401913012795539.0,41809192775.79099,8.302782477387081e+20,1.8028373900830458e+17,1.5796894112306726e-57,1.1099076263910344e+21,1.7907628083252675e+23,2.2582560209343153e-05,3.158246755274984e-10,1.9386194962468698e-18,2.374551985382018e-18,1.2532448326220855e-31,0.0789154251631898,1.5524144931533574e-14,1307.8546793503824,126.00303740833834,1.665079270043667e-10,3.568147549707366e-18,0.0026927398421992,4.753993278214838e-21,4.6432619273515205e-36,0.0041472332666037,6.158359087911703e-14,2.1014552430691437e-36,181.71914131689212,3.5130938148652794e-11,4.98862721868358e-28,1556.0255472019062,7482205416223.378,1.369512941098085e-05,2.1392672716926585e-33,5.321951026540552e-47,7.801174858631141e-61,4.935792793007066e-09,112280.41668692332,6.123297075095371,0.000918636187367,16.272154373762685,1.836311562965578e-23,1.2476849693143194e-11,179990720.3342877,13.978946891113951,3.4257848756325767e-06,1.591633490385814e-13,1.8713885884409305e-19,1.1278443385977055e-25,1.3981690465218878e-32,1.7252310945365442e-17,4.220601883895719e-07,7.815824911510615e-22,7.879278111400432e-12,2.2383767139011306e-07,2.9744724329481377e-22,15482189.810383312,1998.9041110187563,4427800.63413119,4.446366894473475e-27,4.774607172961346e-10,1.1153610678066728e-31,7.208785421896759e-13,7.54067488208212e-07,1.034677760870128e-35,1.2602830257829785e-23,3.133447198142355e-28,2.438197770872929e-33,6.880251990640911e-16,4.537282201547384e-15,8.739293131071712e-20,7.938752647152674e-26,9.467843774491923e-10,1.464777879737234e-33,1.9804325522318494e-30,1.1286130739387488e-10,1.3462906872864184e-29,8.142627286946312e-19,4.059962078628793e-12,0.0923987859776714,0.0,0.0,0.0,0.0,0.0,0.0,0.0,5.363174787199439e+21
1422.4179027385694,46878.93894352313,11.9997830281188,14.492152274256416,13.718322569013852,17.7802298507734,16.110247299563927,488406.5992720778,822459996813.6199,96879113.79292896,0.0002842417502599,8183749.25198901,1474349604572647.8,0.0010323992137637,1195349655081.4824,19110754747.04778,2389454187613.435,943932549.8622644,0.8977159750649866,1484692010.3723094,3341.710651226625,524382.7907141943,3.3180204458401766e-08,1709038.5886393203,57467015.83891753,0.4882968229399854,3834.137717810296,2.795306062630582e+18,9.207887881249584e+18,2.813124355231887e+19,4437618578368.289,7.159935376084585e+17,6.722816312315757e-11,0.0128243144162636,69.43028329674675,16.2490552200284,227.59756446621265,0.024098382966438,1.509574480893204e-07,0.0006704939491699,5.389550983495881e-22,0.1344052267393191,8627.21410060265,1064743.9013421752,29.034731835725747,3.111264791723976e-13,5.6954396346401074e-08,0.0019234129916508,1286.770854652606,2.767523230556447e-23,4.3630283963809704e-33,5.345930767666766e-09,3.0542696157776547e-27,19779497.077099904,293588878.5018917,1914025.6056488876,2344393.838990185,0.1315425734068608,413246178233.8708,86433.23870206357,1.9776125760664372e+16,3052990525568134.0,716906574.4600363,2726407.028118837,6.925222914056948e+16,130148.09138612617,439161675.0461863,3.0828034526189414e+17,1302713550763.7166,38.872888985660495,34314800938635.9,7052325.578039277,0.0001065467717597,849069160105986.5,2.355450675739136e+23,458850642017.603,8.107971182643901e-05,2.1441199790455368e-12,3.342968355862009e-20,27663419.66366495,3.664204577219524e+17,6.128973514990932e+19,1039037516.924302,5.634222771204886e+19,2.2115695225715085e-05,45911790372917.01,1.6963978598501193e+21,4.043308145922206e+20,3.040849856643738e+20,4.334211086099967e+19,1.5637359961853687e+20,2.8923359894552268e+20,1.100199057240639e+20,1.2541414888336332e-29,7.303920429536856e-15,2.7926297273091617e-27,6.703772264023637e-13,8.452246179081882e-07,3.836352401816971e-29,47337.25306861738,38805878.58966492,8.502444855647077e-12,1.4290838235501197e-22,0.3648045190112737,3.805789835026161e-21,584.4374246999495,1764674052.4646976,1.6364139887968164e-24,4.7436350868622654e-08,0.000257533825992,2.8325122121203812e-30,1.8999299261074093e-08,5.565925953545457e-06,2.714993803797276,1.6314858862999808e-17,4626.801949097408,3.1972304146692156e-19,1.3755957464089048e-26,0.0186253504962812,9.913589148325501e-20,0.0001427429490587,8.117485183661812e-08,43982895.37227282,0.0,0.0,0.0,0.0,0.0,0.0,0.0,5.254441931167628e+21
1311.3800993294176,81805.7560002616,12.005407394144466,13.136799828007986,13.128889197334075,15.046528719551205,14.495286142257433,70823.70861879681,3803131482114.29,879763.624316517,0.0030679001963652,365797.05444380746,420829651884687.4,0.5865882850905443,2.3054546656582376e+16,243099222940299.03,1.3069375885294474e+16,1470161244338.5312,49413.27822074449,159139601303212.66,22529872156.672325,383446463532998.5,0.097083253875757,180924950.99270925,2203972716.954678,21.82604298316268,373940.2963705365,6.05946300543247e+20,4.6779678780646584e+21,2.3562288855557512e+21,2225859976982346.5,2.2108053462466453e+21,5.317800427411364e-07,29459.091656309974,20274629328.352375,280080628.6681536,433049990.05473286,12072320045.718405,8232.914814388625,3778432.4708434176,1.1581615474101467e-09,9798.00839996549,396436313.2154799,577883837684.4305,611884.5520003897,5.288340408802332e-06,134.42811112575677,140837.29000085496,36079413389.998375,2.5440492859558693e-13,1.0153676816888885e-15,1669.1227200599526,4.5118027394413814e-14,44075689.180027835,220840086.18294176,257151.84204761317,319068.6555215877,0.0013473159447629,374322651896.64954,5366.345915650414,3.237853429466653e+17,1.4907227577526328e+18,118175634982.59514,484570516.7807562,1.0421833463032617e+19,466898.3451370218,554565962.2396089,3.5846754346477525e+20,2.5499586641352636e+16,7202267.38407968,1267836359733.122,20392.412902785352,1.1641717803102614e-08,299022820939798.94,4.074640766831147e+23,22276625211.14052,1.0199908317553602e-08,2.2559998706795602e-17,1.708148502218281e-26,2989928.0794678866,3.8981316102698376e+16,1.9737153596816077e+19,2996204.621184287,2.6905964623771233e+18,1.1706638859807223e-09,225219849645.20212,2.840371599788314e+21,1.2056365422980584e+21,1.658345316073638e+21,5.770552354092759e+20,4.1349642009251666e+21,1.3222720355455918e+22,1.0417004676332751e+22,3.454286273143014e-31,3.098009669057757e-14,6.2573133120643635e-27,1.8307426671656536e-10,2.8898831506722505e-05,1.428945928231162e-30,11497454.709432129,729670180.6716311,1.831342247175621e-07,3.3568385838070065e-25,0.4652804835858116,2.326435160746277e-24,307.20795590218046,23067275175.443928,1.12659364730283e-25,6.536987078037829e-07,0.015019824972133,3.344521464779566e-35,1.3220355238300034e-10,2.105870935800866e-09,0.0065887274056107,3.637326595645032e-21,429.81632132729135,1.2492111524180828e-23,6.298317885732287e-32,7.61337956223781e-05,4.197202047676682e-25,9.017807152082741e-08,1.1170345368100447e-10,8662410.505354641,0.0,0.0,0.0,0.0,0.0,0.0,0.0,5.253218259654457e+21
2325.001067504351,84221.37536735863,12.00416951310916,11.732416018643038,11.29302389405778,15.92451749288926,13.259499893872391,28598741051.54531,4.465173457792157e+16,35616511414102.74,5422927.368713921,46150972921660.56,8.018290379123613e+17,16172465.870093608,7175864017906189.0,769367737573501.5,805381982577710.5,24289861474394.062,688404892.5675945,9513698751220.062,44512884293.92059,215376329154.7092,43.12955722085401,3540582194299.1772,2310483350682.154,218725739.4158128,49583779675.13592,9.307322879903273e+18,1.2705311257737285e+18,1.364229599352767e+18,3467540340881948.0,2.7662497521592077e+17,103.80250480593926,6716292.925813402,560167103.2037729,1760683.442360802,19295.656022699735,1198697.4516370003,36.35119439393035,173.43884000922588,4.745012178964154e-09,33408344.34831618,3021288078.728519,109299478556.4494,94094635.30539578,0.2589787387038603,403.7747220930248,7093.570689514514,4257786.221049188,9.435672290355088e-09,1.5220891641998922e-20,3.1478433036684197,2.516585095316183e-12,113134682128422.58,42361849794028.11,137464382295.01428,158510033238.03848,232786.8193421987,6324637763779160.0,50776943284.89319,5.771293897274059e+18,5.284402698297514e+18,697242726265369.4,7841570600332.158,4.3826637178265815e+18,41679231037.29849,1122176058.716294,1.882437770142644e+19,2.5772036376654964e+16,7475027262.7903185,7.683100801250786e+16,329003143149.0893,3153.8714482647315,6.741568495641466e+17,2.617723724256128e+23,1241982394438927.5,5034.418389982462,0.002294725890658,6.6959138003847646e-09,44314563752986.8,3.1145419265506647e+18,6.124917715675307e+18,12347807166641.072,3.3123456513443676e+18,4291.9690267728565,16914805582225.154,5.140173975188939e+20,1.7012479947070214e+19,1.6307280309332426e+18,7783000847119531.0,2455286523802689.0,772174586477879.2,20929630160892.316,2.6416418854113945e-08,0.0712138387594992,6.362323857113144e-07,1.783425056209891,129483.64815875728,7.893272452267158e-08,14976770824.5299,11838108438.241516,0.9180736109278071,0.0014043895420487,50908197.74449876,0.002909900728475,758017731.6407925,8903812634738.021,0.0001945704059011,7837.0366565133645,11631886.52227792,5.80110239052256e-08,3796.059381609657,2328100.914357579,1999792.2892956892,1.799463607837569,24231056081.016068,0.0193324889389831,9.46452147058933e-07,1863488.6496188685,0.0016182829782577,12651.872944099592,261875.69714351295,915255734852.4824,0.0,0.0,0.0,0.0,0.0,0.0,0.0,5.186036268471208e+21
1452.4289981383197,78245.10877483235,12.018884516687944,13.790353369985043,10.9359750243949,13.028678759857472,13.329730616088884,47.449264536825794,46471222344.31308,598916020649151.8,5.173847132809486e-15,10474380.918425929,335170.34531609615,5.866718420684966e-16,0.1724217633326553,0.0030512800636742,920655.1225693134,823.4080741926156,1.3721777566069307e-14,37.88222720222967,1.2978265249128009e-12,5.330581509186608e-12,5.0119143898610735e-12,1.0685794955290275e-05,904.6264139949468,2.261480132407199e-12,1.4683275354912901e-08,48032246518131.86,21547.58492236086,1.197981162088657e+21,5.300747661745681e-09,9.20208354156778e-14,7.961280580522643e-33,3.126203752100988e-26,4.263586257032332e-24,7.689541124574531e-12,711.5561089065064,1.621437930693493e-30,3.4289474228926985e-29,1.0246509345598477e-12,6.62692620327432e-40,5.5568696596260236e-24,7.840510918318182e-13,1.6183490901473874e-17,5.3197498127872986e-15,1.8421285292036435e-46,8.308762203028425e-43,5.652906229759838e-31,2.606910633003302e-18,1.15037711105812e-67,1.2985760187543764e-60,3.3872573598549124e-54,6.824413562885775e-83,800672.0678186308,30422555537194.125,5.933827841573399e+17,7.245159849683844e+17,1.5018271136366214e+17,6.821204405466989e+16,5.389680827005524e+16,137415.51377413273,4542047324608.489,833693.5066985458,1868.1040405536833,2.6953326874957447e+20,2477170896272258.5,6.978485371582997e+21,62163.96515504677,38788859.621704906,3.2989514287484566e-05,9.032203701452503e+19,6.789503052925144e+19,4484503899290898.5,109972.8360249614,7.407162480354119e+22,6.781938627082546e+17,1978207048342298.5,188445145960764.53,12076691548339.637,10275137.153319402,208098437148285.75,4450471.249860357,1.6685381117538017e+22,7.641897954222603e+22,1850811636640848.0,2.1322605185033117e+23,41.9465545378509,1.4553117582938935e-09,1.5835138279382837e-19,3.0430417238343372e-30,1.5568083086079814e-39,4.224454461660441e-49,2.2552627329732704e-59,1.6186556234897346e-35,1.011124027662706e-29,1.011615656593652e-34,2.754680319506492e-29,3.0930974218358284e-08,2.758897614581399e-35,1.463260069565859e-11,144025.6450998096,4.773574884151207e-38,8.489457982827053e-19,1.7090532418474615e-06,6.163047741346829e-11,6670.812679019109,7.836789597700139e-07,3.5012758997147973e-22,1.0212337966886832e-14,1713.42981835962,4.470988077501937e-25,2.318272662662619e-12,739978.6670468174,1652013923.7873073,7.539139184871186e-13,0.1798669837341422,4.4414735953547297e-08,8.957084570080024e-15,8.471477359746359,0.1291675042566163,201070.6211057135,1.1202318958725009e-12,6.628075432256547e-07,0.0,0.0,0.0,0.0,0.0,0.0,0.0,5.165562086960771e+21
1387.6457902673008,126362.62088172667,11.98212532719478,8.18401192637326,15.592499455776046,14.93345536693535,9.042269567664128,45597.63382433909,5738270596.467385,0.0001195731081291,972122.3000188608,177.49734244098764,4899973217.44993,50591.43295379471,9041283470990140.0,127796862673593.56,61738.60412964395,309290.7810169952,755079.5057894172,7544.570810778208,51703757.25635903,143967539.69572723,4.3699493331727017e-29,624964422463.7734,77.15303868987172,7.522055789804421,74389.03939194178,1.1526074747928029e+17,2350772763711.9307,4340720.202936858,2.276343597001454e+17,3.026310477881232e+17,2739105628.0268035,1.240803590021189e+16,1.2489807316157486e+18,3.109344210129784e-06,5.58050312481995e-28,77222134677.98842,1.2443150411802532e-06,6.934475764752777e-26,1.2834529770387883e-36,574428103617836.2,159538025.39784718,4.482564860084578e+17,7838812531.428183,2.0773643467911846e+17,7.259974321157818e+20,28971963.22238124,24475408558.6303,2.0094027822670144e+17,2.254040435564018e-50,3.256411111071169e+23,3.331290110333415e+23,6.049770135518431,3.229926114364968e-10,6.271154203407928e-24,7.710651028756234e-24,9.976646166962854e-43,0.0088321201616805,4.14500682518121e-21,966106149.2043222,375129546980.7682,3.4749582106442753,7.347591499791249e-07,29.803287138055826,9.19162294412412e-23,2.6947359488224937e-47,235779588.39718905,115.08443345625469,1.609263748390244e-15,0.0034903226487535,1.6739236924527093e-21,4.755262389419667e-44,163354.04129058833,820050436810376.1,2.751049315915953e-09,2.0517774495242335e-48,1.2904573511098671e-67,4.075982679002419e-87,2.304332751358825e-06,4.51124120798316,0.0050417238515564,4.530964907257372e-15,2.714349828247727e-09,1.4650374218538375e-40,5.592563903594697e-27,45825099593.99135,62365.02553303057,0.2698543361758511,2.4105274126569274e-07,5.127301790577252e-12,5.36564083452995e-17,1.2183486720052151e-22,4.427526010717351e-20,3.1356715258541936e-06,1.607055185015007e-19,4.380746466156594e-06,5.403588970664975e-10,8.055282910869594e-24,3663232758.941806,6.370394772254383e-07,77126948.59055054,6.3832750961343055e-25,0.0002877248215097,5.66364848762565e-35,1.759743683340597e-12,13.355716299328108,8.806246205784324e-29,3.354660466142342e-13,2.242811573379369e-21,3.2410654803877075e-35,3.93286448036611e-14,8.817115490569465e-22,1.0125410666309967e-28,2.4230136504622907e-26,1.1219039545443736e-06,1.4060613654693539e-39,1.084566853347729e-38,3.0040593075192828e-15,3.7892853440659396e-43,6.572441172769262e-29,3.3619188433741597e-13,21.676308418152683,0.0,0.0,0.0,0.0,0.0,0.0,0.0,5.161340499694056e+21
1993.796576390709,96282.36608586131,12.010856225515443,11.186068947694228,7.46635338607006,9.290418438419994,7.768331424014518,342084119465.0961,1.357639094839827e+18,274550963803.94843,355.04682418863626,3272853686.4446163,3031796488789.501,579978.4566933437,50064741308066.016,3267764096171.699,2586599087896.583,6216845037366.841,28473813131.92365,1806607922322238.5,2757058883268195.0,1.709318380473432e+19,19647766.415230017,10369756.847775154,4065440.679343014,0.6334419679725033,360.98173654747785,4.7882894054845464e+16,284773513597.3409,4527991905299805.0,379864327.52041495,4210829.912257807,6.826385601249218e-05,18434.043444681283,2352149465.691919,1102923.5440115838,3624.050472910893,842181667851.4363,3603688.094658213,4984665.04637169,1.7963904596983582,0.8683741622526985,95.98945524368368,88.2179633705211,403.5975984596255,6.447608512786928e-09,0.0190809851805733,1.5373830435749854e-08,0.7432055403294192,1.4699156989160589e-18,3.357209438248129e-16,2.5505238203822105e-13,9.680658265076298e-24,4195235518303.165,891294752035.4078,741873420.0688524,869434928.3563913,116.12912528912304,5.899818359284597e+16,39276516655.95439,1.3467025421574486e+16,2.08727342114507e+23,2.144758277079836e+16,730925473085.5448,8.985345367573361e+22,19602878985248.594,9994478.51151599,3.435983084637911e+19,1.1350271671721812e+21,61312154277738.76,9256688101898.39,3864797.490804797,0.00145366160665,9479159838.660202,4.3554772173864945e+18,571986290.2431978,7.773979347448613e-06,3.54119997412469e-13,5.68355890633731e-20,71977.11593610849,7611945632530.971,925656233.8437488,50941407371.82615,6433182573138.323,0.3009394328500632,4346067.402189576,267302500921.1055,283798.2928098013,0.8875145718601426,1.967994189265622e-07,2.2347159074979613e-12,2.108812240215554e-17,2.1785935177183937e-23,1.011594433975239e-17,0.0001998613844061,2.2860014750927677e-13,3.815602664274824,2.5184234606759626,1.2426240763331357e-19,15854800.683740975,885032228.6121608,0.0002667468540036,3.594815450624129e-08,43574595886.59611,3.1898949683116276e-08,486510466170.4158,2234100904033.3896,1.3475452805761155e-06,546197065.6913967,2706130134.1744227,1.5793307293712934e-18,3.812816306274176,0.0087378011584512,2504.619214116227,4.811001548643333e-12,1583809.495544244,1.2924890179177043e-14,6.0894290472774156e-15,727951.252239313,2.0242063240872152e-11,1110.6327595540893,1.2461815921634464e-05,293366181.0729213,0.0,0.0,0.0,0.0,0.0,0.0,0.0,5.032782637592148e+21
2266.603015959205,79323.15917921014,11.99268586414992,16.00448539418207,18.650693889567084,15.072520267435864,16.212768548649787,80707236.0657443,20904722484.849987,504895247.63879144,27454799559016.004,1549205261.763405,1.385669694760506e+16,59952674.16486888,3044292363004.1753,302269075503.60284,9121413.43145382,3679345423.799275,2098.480917036386,1105.3449424517994,0.1160976442277955,4.6891645723883635e-07,3.835624826259154e-26,1633846963589808.8,29643782938.770344,5089821.4744427735,1330704919.1736553,2.7937214112087676e+21,9.604019482637627e+18,1.1506866078508214e+16,7.79935534695799e+20,1.8757836096737863e+21,5802187085006743.0,376409977807880.06,26934567282.34565,0.0574697450204544,4.728963417720279e-13,2.821641434926277e-05,1.8994729488950085e-14,6.828990964322758e-23,2.0443193671872987e-41,1.6678560521312714e+17,469268050938094.9,4.6952449462627784e+16,2.1156057021470608e+17,1.9651078696393268e+20,2.7322987269872864e+17,827013681469.0914,3.947310023106463e+18,7.322497016738216e+19,6.659913149647558e-48,1.6428051681408628e+20,2.4758054218448208e+23,2762.5378539686335,0.0285233674088602,2.254672076506609e-09,2.6065004677318934e-09,7.940024365633586e-20,74300.4845958783,1.220159316268325e-05,74436706732.58607,2073047.3432818055,0.0132973927932924,8.968375689665846e-09,46.77719001009782,7.452437151289583e-12,4.022492545546824e-24,187858.8040702436,4.175303030066142e-07,3.784250286343541e-24,84356938.858873,0.0075786017255959,1.322200938505412e-15,722175085445.0817,1036112960882866.0,84.76735571959061,1.2865101720763875e-19,1.2329515726120916e-30,6.909408220578356e-41,6.171734100890281,1514904400617.3225,79327634517.64949,4784.903640947166,46805650.36795988,2.6610098878020507e-11,0.0052545803816505,2.6772312462476947e+17,212932432080481.84,491682797383.3631,59734337.934676245,460907.99828964,3444.4679380000953,2.3046038000081275,10.720600908290988,1242.8996387705056,0.0002056348998097,0.0240615423547122,2338.8545259420816,0.0020160050198427,33184631111.5826,311845.31019083393,254079314652.687,3.9017647146053675e-08,0.0769938020819469,2.135803427685188e-12,3.304472735513881e-05,457.6742770692164,3.547815790084404e-15,6.457156614044317e-12,8.863790999236899e-15,1.0230856797736076e-10,0.0003700441055032,0.265611171722537,1.8293772010019328e-10,3.267747894188895e-07,0.2282483895386974,8.519481017518887e-14,7.95130704839584e-10,0.0934841702202124,4.540730175605963e-11,1.5165219667123488e-08,408552.3076133626,60627621.551486075,0.0,0.0,0.0,0.0,0.0,0.0,0.0,4.967942585026982e+21
1647.4197381543488,61575.65015363614,12.015794960224827,11.133355258904905,8.248881437334996,10.524949133008022,12.22985940515411,14505691.891906483,6149405302034916.0,42309383369.26168,0.2027545363970118,283949628.71182406,4.974958191236078e+16,109.43745083094942,100350921877605.72,3138764169473.7656,343714395288433.8,4392671790426.2446,5275175.1623034915,669011108818362.1,748786144132.6443,5456509762479144.0,130581.70618933754,7104905.290799485,278116175.5484939,1.913537796259419,4287.9338471229485,3.5143463098274115e+18,1.3371938342717063e+19,3.710832563313306e+19,29041565617147.586,1.1399849470130648e+18,3.824364452231149e-08,69.28826384812852,13566610.85109951,15663298.897247162,388456134.6389176,225614049.07512647,11437.164135884785,102722733.94039533,0.0001973386060914,0.5003440169137992,15171.4995274692,36376.02219715058,770.0165638765335,2.4605465061009028e-11,0.0001394299231268,0.0001836628412269,2367.524392092692,2.9360107246346558e-21,7.07981408665541e-16,1.064341724573236e-10,7.364074478009588e-26,110834538317.41669,2127084846814.9688,50495380915.89748,60570481816.47753,49899.355474485936,9507233305981722.0,33709175217.797455,8.60386886985983e+19,1.096081584139244e+21,344125172405307.1,271779643806.0556,3.697097024632658e+22,6508920574369.955,2.74557812085049e+16,1.230265657595489e+23,2.5115337274669912e+19,420784253799.9103,360935738726088.4,1015695433.8540912,0.687271725296754,4735635471047173.0,5.193556500703874e+21,730019001393.3512,0.0972400453825141,3.2104983241195014e-08,1.484503462466711e-14,12603461.819611335,1.358069468530695e+19,1.7187115142632157e+21,644666669237.4261,1.7086182493129783e+21,1.9537022743777563,1.2370159994238278e+16,1.484746078097278e+22,6.324040658097563e+21,8.190337159296345e+21,1.2602223987993946e+21,6.855596835815455e+21,2.398372386941325e+22,1.2841921718001726e+22,1.0581735770227852e-22,3.0283894646220317e-11,1.7289317759815522e-18,2.92285410657967e-07,1.4530686481353048,4.6235678369701283e-23,66265.10923017222,729315752.031337,1.2343021864671288e-09,1.708028665773922e-13,28045.980324086308,8.867540894584463e-12,41638870.846803784,14004743212596.527,7.48088884718058e-13,6.986536981398592,43814272.17369088,4.511310846142984e-23,1.70562609149375e-05,0.0734999117093506,668.9851653319987,5.263825757857841e-13,14714.87298316522,3.8816430215537364e-14,9.718090215443885e-19,37.95827221143093,1.7715514456062233e-12,1.3226407712244366,0.0115966959518564,3475971426.013828,0.0,0.0,0.0,0.0,0.0,0.0,0.0,4.923381590036611e+21
2443.4055004202573,70977.00532954531,11.957507693955018,14.55428234524194,13.049240808695243,17.118062603440453,16.745538916109073,7563476864.421579,2529685410240712.0,161793636795525.94,15810348.118252896,116875943923718.22,1.1116122167448605e+19,1153458.0597987135,129283356083417.6,16011476012380.977,20072967149964.586,1075543220045.4852,965050.3971783164,9451514274.336027,1139324.8366214836,105498.1785992069,0.0001145519366472,3998739220949.214,3346618469768.7607,291556864.1153027,50562339867.01979,8.363181037318469e+18,7.81839852198192e+18,1.5419113987602102e+18,2.375093840993683e+16,9.249826167840014e+18,203.8134649911763,178763.51464240465,271004.64716493024,1769.262723913366,33.71615450604413,0.4119821863304296,2.4484641630582573e-05,0.0001989401546561,7.403831842970325e-18,26432522.412084542,2473390961.4109554,37373889471.8571,118382902.35122664,0.2319608460693394,6.072011640738735,2630.026258050609,2659132.212827991,6.5960341186939345e-09,1.5322204137530826e-29,0.4927630271633468,9.149657315706454e-13,7091496804528.585,3456416353941.397,18452485012.531456,21174737168.27776,69210.20364259013,556319918262027.4,10201730024.78608,1.8869819822900657e+18,5677451147875041.0,946831993339.033,9076899536.449326,6283703692647735.0,198776191.6087553,57012247.515849285,1.357532624792053e+17,647831763384.7557,7437.635152353997,1.835851147371883e+17,1711482535233.1338,46718.79444023195,7.474261774139876e+18,1.5816146462413374e+23,2364697327618733.5,61596.40778659191,0.0609894355880994,4.572609556371782e-07,62236278355339.25,5.406463575555438e+19,6.544612731947727e+20,74192904968167.42,6.785476694737021e+19,93473.32760889916,691318066323737.5,3.475566183890004e+22,8.59736590372152e+21,6.131472776251583e+21,1.9620615608457976e+20,4.4756000777981395e+20,1.0754544205429035e+21,2.070757242830186e+20,4.779561846051696e-06,0.0375927156530037,2.402945515657149e-06,0.0207262407071426,168697.0540618284,1.1105404692512143e-05,1640902424.4451444,2913609090.5311017,0.1651703811730752,0.0086932391081155,589932.6740111049,0.0253924260600742,10507737.12179172,400163855766.2104,3.6202261288573016e-05,3.874887244332105,17523.033513895938,2.018388188600671e-05,2402.6104019717413,211889896.58037695,1443196.8523614176,192.84348767716384,5321103662.188961,3.431965920766212,0.0004709320836914,1458610.690572247,0.7304878388225539,16871.29840667824,180182530.8968227,1881181269032.7024,0.0,0.0,0.0,0.0,0.0,0.0,0.0,4.893946797291437e+21
1337.0875177968717,68948.07598082925,12.017617157335938,16.668607856501332,15.526016273739382,16.0036054636087,19.353330830029968,28864.9154333765,52178765906.151344,39925245.86306394,3.5871854565370218e-06,32029.048129029496,929897274147827.4,5.168583930324163e-06,3471197869.670944,40553251.15093388,38246941450.726456,144027568.901546,0.0028235638388123,109966872.95082316,7.879138029211615,845.6631253383824,1.6923553370569056e-10,4909.187297736899,1093957.2516964828,2.9807059391663036e-05,0.4213201303093559,4.824084734381826e+18,4.895651705058079e+19,3.377521423655671e+20,1640393508683.792,1.6884004035803372e+18,2.571900567210765e-13,7.04903948582572e-05,0.2941284723990905,1.654958614146146,894.0058375924858,1.1192152867436236e-05,1.8774888837232612e-10,3.055885784528256e-05,6.086676523641167e-26,0.0001115982393411,72.08882066391237,163.41446420099842,3.3117274296104804,8.120746382495586e-16,1.2248829730879697e-10,3.5586324397638485e-07,993.2507835888508,1.7395015897069296e-26,2.745411677740615e-36,7.932959116852432e-14,1.0512327051214507e-30,29479.567163877007,2750416.3306738557,69734.87998753808,86250.62544750031,0.0098113906399111,109391901417.71857,43243.71331357105,5279379066664868.0,129874776767318.44,547799.9437494024,89.74811323925967,1.7295197317896082e+16,27706.190376457045,14007016449.328611,4.091304718557613e+16,728922327.0587335,9.631652409398424e-05,1658317419090.1938,711836.2923972794,1.2969924717379178e-05,25547915134686.09,5.90467568604608e+20,1108747847.6801486,4.4682536603488564e-07,2.5932123658651533e-14,5.892565207868844e-22,349.05225566284344,1.565466420414409e+18,9.786705559802304e+20,2570772602.9252186,1.8754500975954103e+21,3.830800451896855e-05,3917203439278694.5,6.585230623538021e+21,3.9324722193070183e+21,7.558246144780324e+21,3.4228133257253335e+21,3.358268626571135e+22,1.521377573353745e+23,1.624313891139745e+23,6.93276775749021e-33,1.1559350189974553e-17,8.502748437115525e-31,4.902177422958509e-16,2.8597051092715837e-08,1.0840477035341233e-33,64.46956243456536,38321334.50458273,1.7548491915255562e-14,1.1764493425180415e-25,0.0022226944618336,1.6192302258561136e-23,26.02727310382293,100849295.92005344,3.436855506287152e-28,3.4754140671943234e-11,2.483483386272201e-06,8.787514421954755e-35,4.6402211495435995e-12,3.3579538642874864e-08,0.0608795930994556,1.88739135621656e-22,0.3244898165069623,1.4178823332391618e-23,7.314757894694885e-29,0.0010663068790661,7.083436967492998e-21,2.851066377473022e-05,3.622501158468352e-09,5317474.1381798815,0.0,0.0,0.0,0.0,0.0,0.0,0.0,4.767606527728431e+21
2406.9446683299466,108447.72141837736,12.006092816296528,12.2580067727517,6.212060857185082,9.2981326801758,9.837827625659829,4702721927.393293,4.12444665264262e+16,6.417621052467074e+18,0.0008571641742968,1993670098491.3516,35177844726.35473,0.0013086281668731,4965.4682105035445,589.1620964128258,43545258.57533898,87477011.6372906,0.0244549045489254,16503856.824695371,0.6590686202755394,1.373658222900506,3.493801954698758,6.463041640481485,312443.960874708,1.0084903978875954e-05,0.0018939017583575,40033468675783.336,146018.07674701096,4.287779790966563e+17,0.0069084187308381,1.1609098657628732e-08,9.261965063138681e-19,2.0260815878717235e-14,7.02038997511138e-13,1.4291447564004564e-05,893.6666527601609,4.440863619706254e-16,1.3437548602511257e-15,3.612935008013462e-05,7.410366299621291e-21,3.538663290526276e-15,2.0398136253609865e-08,1.443632056368545e-13,3.819476281721875e-08,9.92239831044382e-32,6.084280499289997e-29,4.5999961982469437e-26,4.897019210486769e-15,2.2623843138939776e-49,3.7564858707326884e-43,1.3330246974621486e-44,2.8400612254931313e-63,2522843958077.021,7.072118766503799e+16,2.025050163567138e+19,2.327166583923122e+19,3.7291413152973855e+18,4.9510046601219506e+20,4.417122571561183e+20,126341961430.27824,2.0897911184524017e+18,7308413311296.571,1651686650.3575797,1.320507703897112e+23,1.8172142223084945e+20,6.899083231942685e+20,196152316502.06036,113681620843457.88,532029.9453963132,1.9822054836653258e+20,9.120149910940611e+19,1.1341944337970285e+17,568410295.2487797,9.291146672823902e+19,6.140866763823733e+16,3558888305299189.5,173979380598687.6,61285521867229.89,639494289.6882445,9954793643604536.0,485431395.88947946,1.6846075909561548e+23,7.398305922577351e+20,9.000961318301912e+18,3.817536542905622e+20,474810.2582198797,0.0004465252134643,1.212308248958492e-12,1.5233474914864286e-22,1.3341076153530934e-30,1.210626945256193e-38,8.997375454658623e-48,1.8124314198817015e-16,1.418885860002303e-12,1.999145240679741e-15,1.6900169170271176e-11,11.980954914632909,1.0204109631532369e-17,0.0022232436039836,534028962.6195091,6.399175897000358e-22,0.0837827664637721,6457895.22300966,13746.765236250509,6785062362931.17,20253.78996521051,0.0068673457851818,752.2798810880407,6013135923625.217,1.901145335822393e-07,25.924944462046984,185027182276.44012,57955670280696.63,0.0579724752420238,1768836.8387717644,55.226787916759086,11.03374173448978,40878731257.2939,1096055678.2948797,25103719782259.125,0.4262332102249432,4398.631446690529,0.0,0.0,0.0,0.0,0.0,0.0,0.0,4.741511938933002e+21
1826.6686944993255,64480.61002131909,12.007300572178178,10.829725894627176,15.169653407554918,7.974275978836707,14.54531681910732,1716319013.09791,1813978429570.8516,5710.066395583727,36647721142.47446,14205.206671091284,2040082056647116.0,516016314.7566663,31533004285411.832,1494827283237.125,472681.3725099291,9298691893.553556,351133812.21489835,28425962.470235456,560078184.9972827,51910010.43074436,4.8901476307659765e-19,293797270662.5054,39850.270482262706,0.428318461845234,442.3871739853759,3.872929630861703e+19,7.580093499119437e+17,1329527330069.2512,1.326671068828998e+21,1.0191029968661116e+23,18552052411220.74,1.5981959731927597e+17,3.420493395079115e+17,10.514523722082188,3.669732563481929e-15,6268283634.872142,0.0036682530446576,5.071146690678455e-16,3.857200659772786e-27,60343038182341.44,3595609559.722561,1340101148095.369,176122599865110.6,1.0750904840569526e+19,5.935251773886616e+20,125251.1049574736,1012672449145511.6,4.866659631114433e+18,8.059905048034551e-37,2.7257886773933596e+16,1.5173645160690684e+23,151.71122109102186,1.0698854482861134e-05,1.7856502399301808e-15,2.114115534135262e-15,2.9081425565110407e-29,17498.114319021428,1.1271683851202802e-09,84006906946796.06,4160578167293.7056,8.717529782404068,1.4588977432432478e-08,559698.5606407599,5.190870109193556e-12,1.1697367707638825e-27,2324422086853.109,7.395572760208926,4.177568429523854e-17,26.85502319306781,1.2023413770548165e-12,2.721581851241129e-29,353970029.8845726,15005812787.58882,9.466720063305664e-08,7.585359442316172e-36,3.807241915939051e-50,4.527801844725119e-64,1.344256024607711e-09,1844709768.7927184,915567488.2501242,0.0003377977006013,642.9257441756605,6.973519506406325e-23,5.689377835233631e-11,1.226862183976131e+18,3505450574606691.5,29879083288690.47,22619033340.521248,745821141.82697,18255246.04103119,56704.42187757532,4.536515232250371e-10,231.35554760617023,1.2440767188032063e-10,46.152706031009245,0.0085292162276446,3.30634588363939e-16,19734927575.233185,1915.0953290253265,3632004455185.352,6.010853008860167e-15,497.75744218395215,1.469218029595616e-21,0.0021896910830387,277719528.8877896,1.2352463634156133e-18,1.5820510074538018e-05,1.424744493201846e-13,5.180803552908348e-25,9.101340887533849e-08,3.2222471459958286e-14,1.5677302895453616e-17,7.178840623102679e-22,1.3181489032196494e-05,3.8027252585486103e-31,1.5761194746702145e-23,0.0001888095139123,3.818875513130479e-26,5.2614391978447096e-14,0.0059585522083989,3424312690.4726543,0.0,0.0,0.0,0.0,0.0,0.0,0.0,4.6596109766853987e+21
1692.8380349983715,38431.6883343763,11.99970554010517,11.096089965412672,6.501440170943385,14.115644757803397,13.90185256957285,69734492.03113139,929264020913937.2,11146714556.571274,0.0015797965053565,3547306888.501221,6.868545248088394e+16,0.0663552892508291,124265133530.55298,4354980199.147573,43880828306.53399,147383001.04850012,210.47908527324057,1625408805.3359904,1846464.7024635016,860081098.7004701,0.0004997468921902,158464.98082716338,599646.8272994477,0.2899526967836243,525.5920407255213,877978573656953.0,2610608948187527.0,880630967604937.9,77673269699.38043,1829407430444746.8,7.340040370785013e-13,6.495257768454329e-05,0.779735057923197,0.0104687560441838,0.0025352022490006,0.0895702208527189,6.099138820338583e-07,5.482324226372769e-05,1.499039481497494e-17,2.809446300252024e-05,0.0705737758979716,6.323550500408312,0.0008279773839084,8.6361888690110065e-19,2.913213322939324e-13,9.175341305835523e-12,3.907954785462782e-07,2.7846622075605235e-31,2.733723803282211e-36,1.109991762902873e-19,1.392851749400931e-38,109201282586.5145,205982026974.33688,573576908.1683716,685574012.9155724,83.9258774555873,163316845323281.2,88088215.44642743,9.018494442966634e+18,1.063020805488171e+19,24023788762810.637,99736501693.0604,3.6053382431351136e+19,1291375497.703774,38251698610.51729,9.247500128517884e+20,1.0935299513116125e+17,1227847169.3451447,346221851659898.4,142936144.11806774,0.0173745536452444,3.300888021826805e+16,1.274933800197106e+23,3489225517440.523,0.0126722183955588,6.056029289746301e-10,4.684686857903633e-17,3551509133.5399113,1.7916946705129108e+18,1.6465927254986477e+20,16951124298.325815,2.050636729698154e+19,0.011215268457598,20257985884741.754,1.2409312768593666e+22,4.443459285233843e+21,4.811307172908799e+21,5.716746261819587e+20,2.542154187850522e+21,7.558706933387024e+21,3.2693402623811733e+21,1.500974147791707e-24,8.573628045838811e-13,1.692140746293128e-21,6.0521701041666e-10,4.933749816963133e-05,3.2311852825177663e-24,3311.0296845533016,73138.59512085322,5.0634283617065775e-14,7.307911789187328e-14,16961.36588916556,3.992783194271136e-13,2335313.6695474386,4370873458786.677,2.924255749703028e-14,0.5074273375948318,4531.922822441815,1.9083806564784597e-21,0.0009972641958726,0.087715106977885,278.00639561731003,5.327888752223579e-11,2263118.5829686807,4.635410789600217e-13,7.26357898457611e-19,35.00326966700127,9.859305761291993e-14,0.1483102714560742,0.0244819432812423,14942968890.0799,0.0,0.0,0.0,0.0,0.0,0.0,0.0,4.464745237407172e+21
2220.9312497033793,46048.890990833184,12.02795527903565,14.47787242039254,10.419208784314469,15.106871053473196,6.878337161859202,76357415.03936397,419727864803767.75,9.182926477991025e+17,0.0006374050140438,9989079594119.771,31533.534830726945,4.031948880317638e-05,36048.65554692609,3360.9762607770695,329974872.34830576,10709734.839357125,4.494687901741648e-05,96828.35888774625,8.183345249108528e-05,1.0661280686144656e-05,5.154313635427302e-06,554.2963565860164,31769413.638215806,0.0155442192463353,4.567753864145583,380728279222726.06,4.057095024026994,4.997745231683012e+18,8.928914994343294e-08,7.7130383990298e-19,5.92299853403495e-18,1.4399976285795766e-14,3.3991270116263116e-14,6.491207308673364e-07,52.05522950728767,2.7738937053424076e-20,4.906580740187503e-20,1.71882395947696e-09,8.60242659505229e-29,2.447643200369203e-12,2.383475555117367e-05,9.607804107974929e-09,9.23257041673598e-07,1.0443694136886686e-29,4.936343472173666e-28,2.1232330674514542e-20,3.0474280041511988e-12,1.6086673423537906e-46,5.7437995019406565e-49,6.486174186996442e-38,2.679065181825171e-59,513110730103.87366,1.6620393917240608e+16,3.724654233574946e+18,4.314818180015788e+18,3.266822871458527e+17,4.3309640121994455e+18,1.747424621202371e+18,4983.31101372427,1346079086925222.8,75422837810.1894,527788213.1389979,9.423555700303656e+19,3.132700200987038e+16,535692048247.1423,381.1492257278343,77483699139.1702,159.79907325813645,1.9619974110956783e+21,4.4211759513602005e+20,1.72263696684461e+17,17513.035471529627,1.205141473004094e+23,2.1066966214929543e+19,1.762068024286298e+17,4245349193609887.0,554998974807969.94,4814101153556.145,10997359825.40311,0.001867664223908,2.710521014161122e+22,1112497059936865.8,3.028595901582095e+17,325541391538752.6,2.186925859854487e-06,5.187826345407258e-21,3.5802215459803675e-35,1.3598555127403194e-50,3.1752485353774875e-64,7.014564774715207e-78,1.4308523244186743e-92,7.796711509344203e-17,3.214113786144607e-14,4.639826793462338e-17,1.882587544638926e-14,2.952542010719033,1.5821021194731202e-16,0.0164443216924573,139099634.50800863,3.885461842104366e-22,0.0001918527860103,1632.5523141513838,31.803597225861427,2278617537.025648,3.840338383400084e-05,4.620263767039064e-07,0.0031133210494778,190233232.23206252,1.462199599147761e-07,2.3092716542943403,2393204152104.2983,13346308420035.94,7.54108815495136,21831828.501059588,5556.314408236343,0.3537761996262754,193475522.22469556,74132598.41258648,87554558995.2073,3.2100773308995466e-07,0.0001676030083824,0.0,0.0,0.0,0.0,0.0,0.0,0.0,4.441615965922653e+21
1198.6495468973333,38206.10534537694,11.99803192999774,9.118018646007712,9.17553057789358,8.245642032380234,11.56721903353234,276511.8697435564,105111159480471.69,16.851351761277865,4.770774318570994e-09,1.9129726691334352,402746100081.07904,0.0004730779744345,288642570139.03735,1843495784.4228952,198979938.21838632,22120807.72458127,43059.610701560654,1717887218901.8335,28189182478376.633,5.948910149109466e+20,0.0060611824637797,0.975178393272515,0.0194889104059315,9.280056269832286e-12,4.080106933135959e-07,193363144800395.7,18242915311856.49,1332578023236.8972,1533015277.5775373,59567536301560.195,2.0788450199424726e-16,0.0468340323505009,48576400.50692813,0.692555319174662,2.3233332766533994e-06,4365951899810.4946,1146.791231498987,1.0743426482250973,1.452794935709744e-09,1.2417219829021524e-08,1.5997194847396131e-06,0.0018296317145116,4.341298328656614e-06,1.8869013842339253e-18,8.029248580086036e-08,8.183897651879384e-17,7.37763953990061e-07,1.6061461908738324e-29,3.688304019443581e-28,3.6692759815617427e-19,1.853860321851505e-33,111721.23387823114,839.2626766634007,0.0006836100428744,0.0008615352677894,8.984775002768198e-16,8008488848.881747,0.025235444551031,1.7794554241158304e+17,4.927114176549908e+22,233793765292.2539,233779.5004727121,4.610491026297261e+20,1276.0410458174908,0.0584227698333977,1.4658849887281855e+23,6.983443691921036e+19,290164869.06821877,29157.158098144217,1.210000945908749e-07,7.454417611917588e-24,81682540.69155282,3.856888384622722e+16,0.1587556425645605,1.7205029279802056e-27,1.0715338509472579e-39,1.180953073468047e-52,2.2397376654973626e-06,62917213031.39024,527334563623.3013,0.0797582270444483,9191076913.129156,1.403575007046417e-21,0.2763418665532381,9.962476127459122e+16,370005385626462.7,4614050810904.473,20605385773.84436,1478432755.144349,40100367.80589903,332569.68487484806,1.0216923263052854e-41,6.178104826278019e-19,1.619019250619551e-34,2.390527725996564e-12,1.1082262847003274e-13,1.3483809698582525e-44,6.652613560710603,2.6874021444717116,9.436792435074471e-15,2.5240573261218558e-29,107.62953701905734,1.9082842088745184e-31,134.75809086074122,379332754607.70746,2.1706179569499875e-27,0.0116549649526606,0.0235024419898801,2.164610634652603e-46,2.9052290099095e-15,4.908404413259215e-21,1.251521649172083e-12,1.7958460052248452e-34,4.746315738100733e-05,4.223130505595988e-40,3.2523071316772946e-42,2.2020343377369548e-08,1.0908690717117691e-37,1.5239742237730374e-14,4.372463410731189e-18,209398.08992092824,0.0,0.0,0.0,0.0,0.0,0.0,0.0,4.4140178246741147e+21
1483.2778843085491,66223.6006715456,11.951079769144236,12.96791380970339,13.25772591034664,13.241158950890997,14.004607567533697,1458052.5689528903,144841560313978.72,51500209.04058773,72.15015369511792,23270223.584693585,7085341073254657.0,14210.64942130569,1.883674440181607e+18,3.684436536175337e+16,3.783015257087607e+17,434466958679414.7,498449880.8588511,3.2563105348183544e+16,66846066532925.125,4.008762999997642e+17,1099.438673887884,90542290710.1641,272021949033.428,24841.212756544708,133746254.27502938,9.034581829227024e+21,5.173336126463788e+22,7.873618037226432e+21,4.5919734413621005e+17,8.06602888961593e+22,0.5616594992306811,2541347652.731354,487386721954817.5,1342357744660.639,162905416544.54184,627651860590706.0,628994004.5817213,25115286185.725407,0.0028402835108824,242147048.04254597,1060441850829.7054,458266856448183.7,8242156959.021584,50.70046860938083,314518144.34734166,3385650588.453613,492362142788109.25,0.0001728009445341,1.6222509266253925e-07,2419846267.774217,0.0004297900628291,3129161448.1918783,4288136344.2764816,3518520.4433914404,4282745.446591818,0.0459777531149255,8731488023441.014,365186.591974644,4.941082497215273e+18,2.0785603533483508e+19,5213709705034.66,12086492227.774763,4.5440230647960265e+19,28516108.72168552,1249345747.4452124,3.612898094043488e+21,3.4658404728120096e+17,815914533.9613245,5831363316231.291,224753.8244833279,9.077666959067348e-07,2326102933366226.0,7.185708516517471e+22,43203159578.24361,4.076184157244976e-07,1.9620733564792678e-15,7.233895546604107e-24,20472266.055966347,1.548752156825456e+17,3.97170407597545e+19,52491337.73067563,1.9157175948505728e+18,4.2326180783616883e-07,256862802857.91312,9.065331113513696e+21,4.2861222335416374e+21,6.318556044768661e+21,1.5345383479668247e+21,1.04275990509533e+22,3.886868618006337e+22,2.728261059485357e+22,4.9260027374416146e-23,3.4016302833047615e-09,4.8143646224740045e-19,1.5307018169885356e-05,2.123377187008734,8.218966833500273e-23,1956158539.7410383,26113119016.956287,0.0509828732758903,8.514086436181364e-19,139.92161643413328,2.3711957912751608e-18,18754.66428668228,572441002876.7655,7.022514617854197e-19,0.0021260798297906,84.87352912989532,3.7405987567957406e-28,1.552455645419164e-07,7.462416565818996e-06,0.1099297072764949,3.2737411365057324e-16,6795.197014536569,8.152353092960084e-19,2.4827474854325016e-25,0.0170080923239837,1.012747582999264e-19,1.7565291894653876e-05,4.434097330673186e-06,295186822.21398467,0.0,0.0,0.0,0.0,0.0,0.0,0.0,4.2226222236705756e+21
2868.928146499617,80984.9696426145,11.980579860133217,15.269035332133525,12.562946321924942,18.465986521468484,18.856274162075767,7683485585.623706,116434984707950.95,184667738136649.1,21437808.385136556,2463911072915088.5,7.744243684736095e+19,6323.201021269004,18414896299.16416,3463033674.3316183,103676284.98418924,20618370.13713175,11.239207406412849,573.4060845429607,0.0229460222774545,4.238723426010029e-06,1.1681442700259735e-16,488069456052.6654,11942739431.19402,82527863.00733916,6578875314.565991,5151053106101773.0,4415497795733947.0,26406176395831.277,1284903108747370.0,1.7110916861153846e+17,5.304949091556161,3.394304262153227,0.0088300324886379,8.498303784489448e-08,1.6509622363599128e-12,3.628767521858344e-13,2.181691978502913e-18,1.4227707962953614e-20,6.997752856473276e-36,70058.32072068383,98891.81057427436,12376998.464822682,12024.935531746612,3.696240543565948e-05,1.2382924320814532e-06,0.0008963560357761,0.0305320599303067,3.19446826044054e-14,2.79544431006125e-54,6.33648167719383e-08,4.059392292181403e-20,621569195265.6727,9203570905.068476,2978923.5185344806,3369109.278708002,1.607295557720716,1288027124361.717,3710328.0553736906,4.7467626197788504e+16,498793919255.6786,235268464.57844225,2037735.4241941744,17993110327.9706,267.94000278890206,0.0510134261850624,10223483606337.29,290218.2369685586,7.942393165669435e-05,4.5792986498905976e+16,58120715255.6074,476.6151999904282,3.85500702537732e+19,7.276737793750464e+22,438517724464414.4,514.3059851158218,7.005157388465364e-05,1.151757916154774e-10,482111458262737.7,1.0199535510928306e+19,8.16571214887249e+19,2688954514135.122,2.924756085169547e+17,2035.3876449590489,316365183932.1698,8.153242560294237e+22,2.372709930434732e+22,1.9634054175677556e+22,5.36307647557274e+20,1.306944623494237e+21,3.971536574020053e+21,7.725511460949192e+20,0.0225889346111995,0.0168272484252133,2.8762272691460965e-05,2.676562182304387e-05,1290.26087304648,0.0359834350870297,10644642.220614484,27863.376918435773,0.0001948275462143,7.249844127497522,12744.41036879523,0.8062176084067397,5341.9109908176215,1453278597.0619168,0.0002225864677057,0.0017108661241629,0.2428550128362651,15.022437843880008,42600.6093487837,44439458375.9368,7429.0391576813345,6629879.067820764,6137118287.480457,7271.856393640796,9.809475650075148,474108.6343524071,160.6351204394543,363.64768454719933,2283731937561.2646,2406528989694.336,0.0,0.0,0.0,0.0,0.0,0.0,0.0,4.212639763406502e+21
1454.0905275431526,74159.55153273107,12.012043535822048,6.358369521627091,6.356373988549274,10.620023963589112,9.49477006692786,1447608343.263698,1.191510951569484e+16,19.52156473378286,3.810260776792245e-07,471271.4868114766,175160385395.88498,0.0107274948510427,129953770294.8264,2312424420.9428716,21612.69605027756,455.0955667500037,61797.47526163339,5180286.616443541,1435143888603.3823,1.4496756783470044e+18,1.3759140187393552e-09,32.97270705360375,8.6664847422191e-05,3.048072816795562e-07,0.0019587822576146,104141077.65928198,23747.272096991303,80.57396550649885,190733.1666739484,1661722.217576253,4.083841946885881e-17,3.8928814760293505e-05,1303.0096288432212,2.2894009909150665e-12,2.046689516539584e-25,30743314.546467207,2.0508627897928812e-05,5.92667166782792e-16,7.918669417914498e-19,1.1953915908289863e-09,5.198230774122894e-12,0.0001464060018508,8.251852344851595e-13,6.488637730862394e-23,7.174035820906147e-14,1.1159278671832886e-23,8.560854763806093e-22,2.834128229601372e-36,7.216703146119179e-51,1.4855062440357742e-25,1.1590543241951048e-43,8950831942.483896,10568.620417953249,6.460136564946974e-06,7.886431373739428e-06,5.182005409911513e-20,547383869.8755698,1.3726565653053713e-05,1.78102075811599e+16,2.864965521885379e+23,2303670318626500.5,222698316843.43228,5.289353657803075e+17,0.1564543977322131,2.155671362992372e-16,1.9925810595181387e+21,2.6328176650087972e+22,245616561952570.6,124795.52529945876,2.9720159905663883e-09,6.279643582382356e-27,2474935425.1128464,1.3712581058361836e+20,40.32089265455249,1.194013397370019e-28,3.600617844926251e-43,7.356887369203816e-58,852.1513226003067,3375034.1988675036,36563.98491736715,1.6913801096950642e-05,38.37010632111774,6.059037011724826e-26,3.379797665639114e-12,11007793478428.812,194827255.34097737,10810.957771231906,0.1055453843689881,2.7506931326257617e-05,3.8093822063148554e-09,1.035414538742528e-13,4.337836624313547e-35,2.2418219570278207e-14,6.692546669278035e-29,1.5122917804765132e-08,6.046665569460867e-16,3.18009076917337e-36,1327.9854036444094,2.937932361957087e-07,7.185681562322536e-15,8.09163711541467e-21,13254276.047958571,1.8316474550765743e-26,1603.342764073311,3029216999000.22,8.350406611084861e-19,20080.813498015512,0.0299583115531696,7.542966046769397e-34,3.1789021845912587e-06,3.652778755184384e-17,2.1554072948614975e-12,5.2833232289406393e-23,10292.015381979803,9.756864986570036e-32,1.0854265239046523e-35,8.298185693421993e-06,4.799605411317998e-36,6.183945601660834e-15,2.1125250613688264e-14,10350960.020559411,0.0,0.0,0.0,0.0,0.0,0.0,0.0,4.1608454777661324e+21
1936.11464415021,111951.71260272885,12.023321378468212,16.98433694082799,12.726918058638493,10.542406009693702,17.856338011001274,192245721.81918576,141488332314057.03,24127447235953.824,6.231042231091653,137099148.76350185,9.041088361955464e+17,1.945557298689756,36931835.02107462,2172309.779820549,395284138.46385306,7657460688.143692,21.315929440183925,453702600.80980366,487.0800613772652,690.3348229003232,1.595490082402293e-05,29404.79688525654,2528046.832599785,0.0001309514411558,0.0905509988689957,5.09411734584001e+17,1.5129336831981322e+18,1.0729112669675796e+19,7117160561027.072,5.021027824008484e+16,6.033776909946597e-08,0.0047675874933352,0.1443591470418046,2.680448717817508,407.4712708439416,1.6723278100183626e-06,1.1597876529706302e-09,7.288528373386301e-05,2.0542224015827674e-21,0.0001211008767265,3.394277999416326,0.0018448183627086,128.92950039871354,3.7824315604829593e-13,2.7557957328991116e-10,2.9891880939416818e-12,3.914618265825426,3.95513871962064e-24,5.15894356462084e-35,1.3575859039363697e-20,1.5869961275902164e-30,33231636.83486299,1528105935.7396922,233520305.5841547,274586548.02977026,5420.355682775899,1168048299527603.2,112640370918.1243,7.862488559583602e+17,4973310476552420.0,35408298.72762306,111.25786937859122,4.54486181265603e+17,10985723702.51096,139697696248804.95,4.131873964732315e+17,438252239.7498928,0.0002644823862267,105447247393055.5,6594921428.53755,307.6979603067209,271402739833389.16,4.166439375090447e+16,630770108.2877434,0.1547419849478696,1.064363990624632e-06,2.2689929039514223e-11,30.967918420005635,5.046197242013176e+20,3.2892562433418547e+22,956528818466123.2,9.90593017961404e+22,587510.6160174536,1.0696192986216495e+19,5.050583357194264e+22,2.508902541223248e+22,3.685547590987449e+22,4.131461981484242e+21,2.249602791737485e+22,9.809400328590988e+22,4.9154747265753895e+22,4.2887637691666754e-17,2.564449825230023e-09,2.071331534211868e-16,9.977867028068578e-09,1.282431150975006,5.1685989021835814e-20,51.2874007528525,1337931967.0305052,2.806828734243746e-10,6.034479501819902e-10,3039.625104053633,1.09118751788502e-07,7771713.012599435,115127791603.3895,3.731222359661073e-12,0.0048890811317558,823.7695558707057,9.04254893706688e-18,9.26004307488588e-05,34.10966490824197,3779.951443506176,5.246397717484707e-12,6.719132293253341,2.5735807653864016e-12,8.604117797961326e-11,48420.92333713856,8.000296881627357e-05,13165.550773483235,1053.7479450320002,73731464594.08734,0.0,0.0,0.0,0.0,0.0,0.0,0.0,4.061579791462276e+21
2414.1199091145772,63532.25919935304,11.996967790655972,15.26936912500041,8.5940605540917,7.059902356575242,13.5003872475637,1310545269.0021286,1087669938929198.2,6.955536998306346e+18,0.0001743505476399,16240672.064672286,201392189682.52972,6.678992110845332e-06,0.0001800973552084,2.155214789834518e-05,1.595379322049272,430074.8537438837,3.091435076469313e-06,2025.58942127172,2.0546351176287343e-06,1.0590297583459805e-07,2.9230064796269133e-07,9.58180778924311e-06,0.4658173646881265,1.1641372681402862e-16,2.1517921918664173e-14,7525188513454.423,150713.34184633757,8.095899566015608e+16,0.0072417543067062,6.549447500946184e-08,3.5133946745801633e-20,1.8622242713181692e-17,1.590875032439865e-17,3.3199225237308435e-10,0.0210635983985724,6.400719535529254e-24,1.997237463747229e-23,5.440226776282416e-13,7.443862369578306e-32,9.807030274920213e-22,5.6126884137435934e-15,2.935151091274815e-25,1.3983385216926255e-09,6.859199460419089e-34,1.0319772127769716e-32,1.7776434070079836e-38,3.2538381286567693e-17,2.9424569798668237e-52,1.3157073179841679e-55,9.43200733939016e-58,6.78419750416327e-67,516026.2266558075,14559325911.84325,4254724448753.7446,4888078105177.324,813837497546.2096,1.3278882142657898e+19,1.2327949211243196e+19,18109603938.452957,1362101327608474.5,37240.21325958681,6.427907981512882e-05,8.675521594207057e+19,1.2703364811464022e+17,2.6691995709093166e+18,701174649.0749868,14296.992205745346,1.3319200207950858e-11,1594499318578129.5,761242673527415.0,998093775491.759,24759.060190428485,5360373905.938654,3757718.307727495,238744.546725518,12109.358789516917,4469.772093140266,2.99040918002461e-07,5.722882406461318e+16,15226595284.626348,1.8393944433546895e+23,4.256012196859327e+21,1.0510591059628855e+19,2.2670374994326116e+21,14628461.070130654,0.0759310257997816,1.1375359620213523e-09,7.838781363970181e-19,3.781680985606696e-26,1.8965929914016896e-33,7.756484017497762e-42,1.5614736281037618e-16,7.863962055572697e-14,4.281198335482007e-17,2.3354985264259513e-14,0.238703057435289,6.677745246007604e-23,8.65502649959608e-10,27776036.819324546,6.3526582056501694e-24,0.0096773182612381,46740.34863269335,1605.668171768719,49179255001.856285,778.1980657367046,2.0147665811596668e-05,0.141198034355443,410806673.79071754,6.875890733857076e-12,5.865344568944623e-05,6124410.091745879,129746938.86518236,1.5076055906625302e-11,2.89785062928802e-05,1.4663369856592902e-08,52.385665189263015,12036785700.281263,5126687441.371187,7559318032869.295,10.199627606553587,6780.765646793332,0.0,0.0,0.0,0.0,0.0,0.0,0.0,3.9706261833022513e+21
1292.0903525457422,35433.00659665217,12.018691885075,10.350077987043074,14.170821075246897,7.086648908136844,9.220670033525034,8890826.278843794,13351574403.243702,0.0046931392895129,32058.91665151053,0.0016649619245945,2887913278.839253,34270.39034500655,21806584396020.99,212347229669.5248,127409.3198640342,1365804451.580603,18135547.37044083,870172682.6159912,54337469291.51042,5937425327433.003,9.004650944747003e-20,24132113.481209327,3.1763560454421276,2.0373805680715985e-08,0.0004053186189917,1.4734331949780936e+20,1.1687400101833034e+16,6267281307782.495,4.2279765569188064e+17,5.189912240060945e+18,130145711.861333,5.58876408770079e+16,2.5464286801952755e+20,352.61048090267525,6.154045513713006e-14,4324165288749857.5,25.316987822428132,1.297141618323357e-12,6.4808136903180055e-25,30266984301.280823,14705178.302586457,21624699847.482662,2369782017189.39,3.721354057850452e+16,6.367797640628437e+21,1172.321043233018,4.813679976267772e+16,3.96137575679448e+16,3.955122396574398e-32,3.474821831645953e+16,1.9128642620186488e+23,0.0011097796395686,5.924921189254457e-11,6.5113112962726785e-22,8.099096635849711e-22,2.7360066354640343e-38,12.612230681845936,1.4203825481060242e-15,12626419108.278782,33415959292152.65,0.017752365471386,6.094295774767897e-13,2445473.6689101574,7.034394373077367e-16,1.0280761327201521e-33,82762126540.75153,25.02496432566332,2.3502203672126256e-19,7.295627881390611e-05,9.455413893524395e-21,3.7860254875218175e-41,17.620444906939174,30776281.09930391,1.1147129189524043e-14,2.811729118281002e-49,5.078528843674699e-66,2.828730961102711e-83,1.0969703579276609e-18,2904.440593739255,15.860417449428237,1.6829496354213619e-10,0.0022560335771433,4.0157371922491795e-34,1.6033541013838697e-18,238529427367.4056,986758.3848682216,13.299635103422467,4.792064117131732e-05,3.418186400935544e-09,1.0597216803526929e-13,8.377132535447957e-19,6.35140997766113e-27,4.9124108907299614e-05,6.989794056399026e-25,0.0016852275940382,7.130972731578721e-11,2.2962161809347406e-34,326069420.705555,264.5237193622852,9846209642.821022,1.5228663639046932e-30,0.2316319237772761,1.0695543513397108e-37,1.6921634464089029e-06,156215.0592762449,2.5547897254456788e-33,1.344216825814002e-09,4.246052810140851e-20,1.7359351810514206e-46,7.64884558949602e-17,2.7810340667910536e-28,5.359963857314225e-25,2.731253951249173e-40,3.366894639396349e-12,8.822037625980747e-51,4.335475783537428e-43,6.324805183674013e-11,3.7317938146688703e-44,6.873926343689604e-22,1.5231988980687737e-18,10045.246389846172,0.0,0.0,0.0,0.0,0.0,0.0,0.0,3.9650294921428625e+21
1215.7229010945175,61020.65167256225,11.99403131641113,9.98326821242462,10.975443534968491,14.008213877071771,13.490555731152767,29585.270853093367,2017450525139.8684,1155.4874825495162,8.1075322859678e-06,10891.103330237293,66707298673231.305,0.0095570406820352,8988064918480803.0,62304105795932.23,215579972567888.72,9954556224.70854,9172.59899102814,8714460128275.129,60439515501.88713,1.3149486267301296e+16,0.0002920031145559,3264288.1650563357,2160773.392795326,0.1134613039825857,4275.918825985102,4.947942409626827e+18,5.096523945775126e+19,1.1153171886704306e+18,158306844996420.06,5.553107331977678e+20,2.61516630337809e-10,500.21700610035896,5179565884.955443,94716.87447130129,361.26291434058606,72297177876.8355,797.0528047906062,856.2920363574368,8.919786528509004e-12,31.089070301781575,119074.65038833838,9515859246.867954,122.15020911709048,1.424023354742199e-09,0.5945992353170735,11.907069365906557,370402.25114561943,9.493234626385593e-18,1.24676096824406e-21,1.0289948664666175,6.941291494235028e-19,7646232.259306574,1931369.9145949616,59.89431868277287,75.29097399486959,3.543636670936966e-09,5759934984.488253,0.835104929693151,3.446120623233471e+17,9.809549112795177e+18,177937747993.53418,540495426.1771643,3.1450379428155556e+18,492.6676021171866,2633.2472754483615,3.181405798429462e+21,5.381349110259705e+17,114697994.00944518,4682729852.782451,0.8709872885795534,2.771994377145117e-15,40067766919728.23,3.301825829521296e+23,74471840.96202351,1.919361105276637e-15,5.2791251600118e-26,2.862770443290815e-37,101947.00697995284,343768437011658.5,2.994438654854166e+17,186.21228614951423,1595935802933849.8,1.953130419468997e-16,2037040.926579928,1.5063410219564304e+21,6.451952892425745e+20,9.222945357735325e+20,4.460894263554775e+20,3.609907697676939e+21,1.1345945898741968e+22,1.0526538796609678e+22,7.664782085253053e-37,9.257342510672484e-17,1.3257815189000176e-31,4.101419457172651e-12,1.440533228835577e-09,2.941702938690032e-36,1387706.6111845088,221581.33667661916,7.154446829803376e-10,2.938374895664783e-29,0.1952972391730878,7.870475022583929e-30,7.915323301967589,56423225313.629974,3.370479440219455e-29,3.432267680764342e-07,6.828859060407726e-05,8.50120244984412e-41,1.7500011851055586e-12,2.6478697160323252e-14,6.840168574297929e-07,1.221265166799112e-25,52.99894552606096,1.0971215592666049e-29,1.3546501332549428e-38,1.296279255311182e-07,1.2537854407997847e-32,3.518821950742017e-12,2.821294732566845e-14,2737544.5037544565,0.0,0.0,0.0,0.0,0.0,0.0,0.0,3.9238521661932244e+21
2889.892419919691,49933.64715275368,11.992498904507112,11.963714610086264,16.5441589402753,16.03243252476346,14.126319821316228,6837592051.908907,96387012599040.88,2377022724.7678185,6271442342214571.0,52972698563160.66,2.8120702887541997e+17,1384492539440.775,6.561599642441199e+16,1.255485675062389e+16,4120838525.213614,45674560768.99765,1792705972.1524982,941314.36037149,2644430.5694725625,355.1369792666866,1.3724847006703597e-18,2.446821415451929e+18,662013124725.4275,8118430457533.264,626620631651191.1,1.400251420452826e+19,4.0093934947025864e+16,792264210928.186,1.1011057943218908e+21,4.7007418231257675e+20,3.803693514361542e+17,1.6966061710805344e+17,318848988124241.0,0.3812658563482809,9.129369793814092e-16,7496.736529096355,5.24957946066011e-07,4.14091502987293e-19,1.1797098775063549e-29,8.654854677519078e+19,1311856746271371.5,2.657195123605722e+20,8768883424805333.0,6.191723062551638e+20,1.476712018996346e+19,53331232273993.28,56466679500476.83,1.3383636956846144e+20,3.3789077865025966e-41,8.197446789437899e+22,4.043864156127179e+22,10011358855.033829,1641.4364582448004,6.056814870931131e-06,6.8458975905681345e-06,3.8617969132580987e-17,12053525.768200357,0.000411801266646,128368294067294.56,299436355612.8568,2794469.561480839,456.74116374051783,119951.59573452215,2.2177701453926755e-08,1.7123381176443337e-24,20436659520.185055,2495.0811758034633,1.0431585788989022e-08,10479595598.683096,0.1567881799464034,1.5669570786603772e-14,2618455161056570.0,2.526766953069634e+19,1878551.743720503,3.176892977794641e-16,5.106202195717211e-28,1.0092429624480275e-38,3568925940.9237056,408122522707.2171,10759910513.15961,383.9411828091151,128062.45087807436,3.644303507242481e-12,1.6163928794840317e-06,9.480506638270732e+17,931038384078320.6,2598193369371.6514,236261024.10403907,1935050.3081779876,19908.972011118654,12.983231074889398,10445910.563471189,4177201.763730286,9760.844180030184,4898.018972813633,4129075.383091627,310328.552348949,41949702639685.88,724.745579914377,10911868423157.871,10.161655647484968,9083.313702460408,1.2628332061614464e-05,0.0416993397270864,3219101.2368357545,0.0002394357216239,0.0009763987906738,1.8323171414784337e-06,0.5622551792932496,807.9391115771825,15151.3864161518,1.6461389998923225e-08,4135.93960127395,1967472.145509378,5.174288158569882e-05,0.0002138541287021,5.145973320518841,3.710021017162516e-08,4.514529014538428e-08,12758883552.02023,7234833526.659034,0.0,0.0,0.0,0.0,0.0,0.0,0.0,3.9037517220869135e+21
2244.269108676842,53898.065237299896,11.999688609141884,13.378573254870798,17.13520603386187,19.284069001981013,18.69108471436927,71751091.79011014,13883299240178.023,1704981442.3025389,277565378.0250032,14242045226245.775,3.3769800065120686e+18,480641.05853938626,364811100406959.5,35135967847029.355,4743956921.822633,151529774.71262732,13967.462769834494,36771.23215593666,651.7913897943993,2.199038405427669,2.7164515859128266e-18,225607534802468.7,18054877107.71913,7593007893.751043,2100630201971.6091,1.6814613294904835e+17,1.635838222175872e+17,3067831446886.45,2.793705115650704e+18,2.041957534895492e+21,807776.586559043,47069476.16181762,2844185.1410164633,0.0001120377949563,1.7731616323506726e-14,0.0018073826326907,4.908919783445055e-12,3.395199923593802e-19,1.1580319387254735e-32,314633570461.52246,4081412737.425322,1182592249435207.2,150393477.05943868,408839.9488859114,487144.22400513594,1204539.7800578962,191596.63084436476,2.0359134898830233,1.4332708076828235e-47,783810442.1130826,0.100140917365022,20085055113.70228,911669.5056581356,0.3016470185401135,0.3490684072307605,4.1763058356106366e-11,208945672.41735244,0.1340158761013278,1.4493593425578828e+16,1151544915293.3118,78648820.8099338,613830.0581229139,113619008.15058118,6.532422991477931e-05,1.963913762284927e-13,29646968082133.277,2077114.9175464928,0.0001509846012306,3647555435548.5254,1292.7611177447318,8.41123735920834e-10,2.063244484055244e+18,1.4405934189152811e+23,43023373309.683846,9.53135862531694e-10,3.607364748182963e-20,7.700193596029884e-30,8039444573495.65,1636211133968066.8,2.478493322666663e+16,70786.3888169909,226884450354.1205,1.394894818833683e-09,102.36802905720936,1.982373880957146e+22,4.379610572739907e+21,2.811897136239976e+21,9.70801458741175e+19,2.0953690304062262e+20,4.33084577332601e+20,8.134899845305573e+19,6.76746029422684e-05,0.0120902093801376,1.0641404015737363e-06,0.000189571580356,70.39721489772437,0.0001500951611923,5026981285.387036,76.91600718816507,39.28268277633196,1.4362532040090563e-05,47.9468536450408,3.397782452379059e-09,0.092056002312299,90788949.94192322,9.916662771708842e-10,2.836163487362221e-06,1.1520674415379426e-05,4.967529664820685e-07,3.0580218483084787,7947.585261145439,3.1755420933717315e-05,22.743297024945917,26364801.866567314,2.4781907322624963e-05,1.4874745422764139e-09,0.3069032616831196,4.0285695254514076e-10,2.067811998754533e-07,65166791.760401145,14826005609.98596,0.0,0.0,0.0,0.0,0.0,0.0,0.0,3.8093866211162697e+21
2567.048171428301,67890.17566900067,11.999486219137983,17.43739848439388,13.512440874766002,12.29807300507746,17.605893407218513,4531609215.006715,1233752297651615.0,1.5438578850721926e+16,921890.8486878345,787866990245.2434,2.042828264104931e+19,14853.167360484456,1271239429.685369,180387785.263503,6129897396.915141,201445844144.1187,2229.3547019811444,360605305.4988687,440.92572059086734,7.157247725814201,1.9893237817329995e-05,266654832.61434844,6457370837.779127,63.82233723143839,8595.069584809333,3.656584132827038e+18,3.2368184026113567e+18,1.9168390395972915e+19,475395398691543.3,1.2727297678329912e+17,0.1735700995864393,19.25576764912985,4.873757069034468,32.65224852266405,549.9943087816453,4.252127548536118e-07,1.0929176890496475e-09,7.52436526543629e-06,1.3064578234183505e-21,26.75882826060988,58853.897655955734,48.055738171352246,1514876.6996237647,1.993485720580645e-06,8.00982986798692e-06,1.7599073115837895e-06,8529.624767917268,9.561742603963949e-16,4.17621262341752e-34,1.368702182885345e-13,1.520066932669187e-21,10664735867.14267,152412703653.0191,29812160791.73883,34051835837.337685,5425905.150289139,9385328107111454.0,8595530692895.388,7.390625255866799e+17,479973153997743.7,280269804.76841795,6488.048944331845,1.5940975655182364e+16,35952363634.58792,7749586959761.765,1.0648288518868314e+16,32555202.639762465,0.0003659244143186,2.6741600739235164e+16,11892746989437.637,19992399.00898084,3.1162824891968476e+16,7.703777558094771e+17,780515731150.2185,61714.025994399635,2.9162680732683057,0.0012189895071035,1891422.0833977433,2.807269740528135e+21,2.902147784719138e+22,2.1066209998201363e+17,9.416751286279026e+22,20505117418.13584,4.217673515835248e+19,4.378431177021922e+22,1.1129853948279323e+22,8.12200656566682e+21,2.4087888590442503e+20,5.472883677013436e+20,1.3815906806822069e+21,2.6041190781679452e+20,6.582474339962704e-06,0.0009149319102293,6.284795111254876e-07,0.0001003691851665,368763.5388278963,3.381497202273769e-08,25281.459559967767,17970690371.456272,3.081979545859807e-05,0.1710007451139698,134711.18681412353,15.775977433532988,64856688.04666871,50225438214.19467,0.0001911098585499,0.3307076844032287,163786.965226953,6.815130989366112e-06,9.165170508100672,459397979.6355528,3252647.2746856757,0.0599543334893349,20904.982974977847,0.0393302121145763,1.816688681905499,55408007.33329488,58673.70361678808,24226000.10091466,6331276017.994749,1193686803143.0366,0.0,0.0,0.0,0.0,0.0,0.0,0.0,3.594833600173771e+21
1711.988368929292,34583.405192454324,12.019297787979973,12.903285760260127,15.081966337273384,10.2350129027182,7.024877887843255,216958896.66390297,603930133967.9639,58482.06251455463,3771936140.227223,15109.532027919977,3667946237.4526258,78665438.5052656,300988626856493.25,11046529740646.783,381148611.99175346,486739989217.5127,115744059.2599934,2588806751.7995515,459184350.7925451,98060087.74292064,1.0245955267371202e-15,886432752590.9397,11720109.468093827,5.397052253525484,8977.157443169608,4.6796455932976143e+21,590036485846661.8,1.628417883853473e+16,5630838427584553.0,5051970661018.303,2622725436179.5806,9.540095092506504e+16,5.162856922199998e+17,92458.88959490244,2.782289288547166e-07,15424242915.563042,0.4193749240748973,4.731413038819634e-10,1.2736980042196633e-23,237328929253360.7,1956308555126.917,129214860732545.3,8284845551181526.0,4.091868717476099e+18,6.146066440579142e+20,1058144133.427043,1.7112362954232404e+19,2.0509772232121905e+18,6.077093197557147e-29,5.058249153764989e+18,1.4093979468407936e+23,232.19574474508275,0.0015404664227028,1.6211481371786534e-11,1.9348923625861875e-11,9.85328231375584e-24,395953.9603222137,8.968333798211439e-07,236736128.1064765,3172004062461.298,24.41660738374875,3.039630868199151e-07,38186809.98393698,6.463403954281273e-09,9.753626316514772e-26,11660138.718351675,50.44854851042511,1.0305888477397365e-15,4692.035696691516,8.015675044883632e-09,4.3777370438259224e-24,5199.084491681863,1092156786937.3328,0.0001387513399758,9.497991106027997e-30,1.868430618852978e-42,6.3081673019834655e-55,1.2525192501198674e-07,332689.1363746941,1.2582588353541602,0.3147368628231698,12.978964399678176,1.0125267079931025e-18,5.152321627245037e-11,25330375.093014985,0.3961454932785402,1.8693555267118324e-08,9.372749210148684e-17,1.7998985009114705e-23,2.3480649415989203e-30,4.364643673647294e-38,2.7783798214367442e-12,5.683178741494409,1.4810854305926504e-12,1.9418389566633831,0.0995504187289058,1.746741799082868e-17,42257598372.56868,3991606.852928119,404993575102.7158,4.40474876135343e-17,31.82668077504417,8.701433223519496e-22,0.0150510523723691,293.7426363610659,9.340419037907816e-21,5.637913659529807e-07,1.6431091167763472e-12,8.106428643890802e-27,1.3068643103526137e-08,7.89677199495765e-13,3.9790094223778864e-14,4.930377357503753e-22,6.713851238628525e-05,1.6249957632422584e-29,3.537187052730606e-24,0.0005021766179879,1.5086668364266123e-24,8.158330129565937e-12,9.443201526171283e-10,2080.894792904647,0.0,0.0,0.0,0.0,0.0,0.0,0.0,3.511803683217591e+21
2369.9903459391367,40620.59807488136,12.000019150639972,8.21618823792021,10.345714387211384,16.153489296486924,15.40706111864252,14403753626.507524,1.1645767385654036e+16,744770661.5088334,499424.8940966286,46933146619877.17,5.036836972176591e+18,279493.37664586067,51107776447185.414,5798254259951.687,75266149.83861138,4024749.009472316,2049341.856324824,285923.7575571558,22172703.438375764,18283176.824061047,9.488336509511383e-13,158891365811.68246,1320636.6849808914,7399509.974546256,1510235356.1077762,6246713182627.282,4061614657754.364,11572427.899975607,1000647622343900.0,3.330090597942616e+17,0.4958005123089917,4776.337303120371,66533.20701759432,3.7241505545728394e-08,6.765634158596925e-20,5.361566501956057,2.444841121245787e-09,1.922596470053108e-18,2.2098555077441452e-25,78953.26082745883,83.65120936799649,131360253.30213012,4.361303001836926,5.5082437564043327e-05,0.0139190111824243,6.1608188664161075e-06,1.04916731452008e-07,1.1021155053379105e-13,2.9243622782884845e-49,1.0208496248962634e-05,1.3773945772115517e-18,21691645347466.92,104063595.13902004,4.7414709651988005,5.457062221295415,1.2667142077454523e-10,22649500446.562233,2.9036467599752447,6.707045300077648e+18,2.341182512647985e+17,23920908869276.656,178514534178.46115,2512252918057.8896,0.4420019757214977,8.997164560149869e-12,3.941907359721398e+18,148739829586590.62,6903845.861651124,882602332537.837,59.229667314118224,9.88313282027058e-12,2.7413649253394616e+18,1.0729662693725136e+23,9220174437.136082,1.0341266649034495e-11,7.378354277888461e-23,3.6006316124355306e-33,17853651570462.793,246894423421756.8,2218613331475576.5,3329.1717522680015,3237378363.2207017,2.2142986282524277e-11,0.2503465904444678,1.3467963830985145e+22,2.197340087433853e+21,1.0364381519950344e+21,2.337013217949709e+19,3.587454820341145e+19,5.609070697746582e+19,7.347234146810426e+18,1.4448504998840536e-08,0.0028486672689176,6.137283631739475e-08,0.0128526999244251,0.0951101431197712,2.763964085449276e-08,228655077.81632295,0.046896893350744,0.0014586721917249,0.0027149186828476,6049570.310487102,7.436958881905216e-08,1116.7321094102458,4036394161641.178,7.651347760542059e-05,217.30830030111352,6.43289891050226,4.783217967133416e-07,1902.516063867872,131.18989643204964,0.0001408876849491,6.608949324125514,5668058591.477042,9.996870695881157e-07,1.468365670996708e-10,16.600756439260085,2.7927734279520218e-12,1.604697830921924e-06,8950738.93596532,2309302682101.878,0.0,0.0,0.0,0.0,0.0,0.0,0.0,3.498377843559141e+21
1587.4633934178005,53144.04146297672,12.0225850037655,13.607574388612663,13.149399421611484,15.136785824710271,17.24479874017499,10730084.400355944,16740728997008.176,1367986261.9338188,0.923150903625542,82492938.24783088,3.059978929160142e+16,3.454478129793385,11790587890239.73,314202343623.16296,4895731774079.41,40346317417.588005,1461.4028513204112,47162662539.44376,1989496.2468767837,132626511.19868742,1.459399748536882e-05,74824842.04963377,388993867.5605491,13.81867958617581,41750.07014554525,1.0035768672955308e+19,5.242400617564144e+19,1.4426283581794173e+19,577202506383109.1,4.511966799530021e+19,4.0129411064352495e-06,97.14076005039178,184576.73342342855,2761.511819563644,1134.797051357427,122.60186004777763,0.0005195199172264,0.0747294202793238,1.6369645013743317e-17,117.8999486633951,589562.8497234245,17767842.993678115,23131.94539105406,9.042435305557705e-08,0.0051733945675155,0.2108258604666615,404077.8708724412,2.1878452155051696e-16,6.428071778110657e-28,2.8109075762429704e-05,1.7041688509507731e-19,218981119.04000565,544927082.883827,1308547.895220322,1577506.6549006167,0.0942324826424173,2732213408801.179,679301.1040490525,3.797331249419866e+17,2.7117527858102844e+16,5377731933.274912,4179207.480873898,1.1480342570862738e+17,941639.5038029712,101583583.55026142,4.223667593825542e+18,3716873378256.365,212.20377201772857,19238252680827.117,3994813.883342916,0.0001501037690882,3031058940894836.0,5.925685882789131e+21,41288948344.72407,2.1471475921451687e-05,5.337344453462519e-13,1.513845065043947e-20,4714592.135367111,1.12660307099639e+18,2.168497059027941e+20,2644103823.0310154,2.0495435615930503e+19,0.0003379475515006,12131012413799.264,1.7941302878537148e+22,9.461182511553249e+21,1.5294676275675993e+22,3.284560167628789e+21,2.3021556075112385e+22,9.825942956369328e+22,6.892095125484365e+22,3.0787340853017437e-23,1.5100161160832163e-10,4.129543915471349e-21,1.1005319784483926e-08,0.0019499924059424,1.4490893758879585e-23,1509305.935138945,250894093.7796864,2.992888106446839e-07,1.5956830795472828e-17,72.97545907592192,9.74975680694438e-17,15232.765538151783,89462907262.51686,3.8658463567252343e-19,6.843328954775304e-05,0.0905986763539227,3.4961953685471024e-25,3.7994959146172943e-06,0.0004277729406214,3.8584137133473937,1.214423576713906e-14,8539.718235964583,8.985916946812012e-17,1.0752541095842897e-21,1.4165609536463226,3.7551336215209173e-16,0.0047420395729663,0.0005826094766854,2909348815.5684366,0.0,0.0,0.0,0.0,0.0,0.0,0.0,3.487218734030151e+21
1837.2775226097312,52940.89790762147,12.03296126082992,12.597293066481155,11.26734054661174,11.53459120924082,10.804821747662489,994449.237180442,131840458098655.77,1.190522410742411e+17,1.8371560435423472e-06,16477100388.941738,11561569.144602854,1.653280809698576e-06,82487.98794268742,3997.531361906654,21496398916.26963,458935758.6440748,6.959157912874118e-05,88436797.16971703,0.0067846125646612,0.0386900839478015,0.1293369419316224,12.83712202191857,29902531.17309852,1.9298062310350456e-05,0.0191308129950417,2.6899895355696576e+16,2673678.0415271535,1.5805582001514404e+22,0.0002877319643988,1.0663285908450984e-10,3.7293594317168893e-20,1.876159827688696e-14,2.450976633255468e-12,0.0231716678520779,2405018218.280291,1.882337930249103e-16,2.0165787440493417e-15,0.0832859785474185,1.767501736909805e-22,1.0622454569269797e-13,0.0001054516670534,2.088342443944814e-09,5.469774119582924e-06,8.176792011981152e-31,2.736906343669019e-27,1.3941882765406461e-19,1.989377725361776e-08,1.5126915434118946e-47,1.715697796115343e-38,6.820806701781332e-38,1.8160084330839197e-59,11274265496.382824,1.3694675163056088e+16,4.075486435314678e+19,4.8217943143507755e+19,1.238223818791234e+19,2.2524790684709507e+19,2.7205699585484964e+19,30277781.69860207,1.861223373444579e+16,40655570366.73521,66754001.42550566,4.330942535055749e+22,7.969784027726916e+18,2.6688875296475547e+21,52702541.710699886,2111981852592.767,823.5960516722697,5.113322720905689e+20,4.2622723672660666e+20,1.8688990515248614e+17,1952028.8507432377,1.4101481035913845e+22,1.7502924843165775e+18,5.0901525768161384e+16,4746619908445227.0,1078113158778083.0,1442492916.6662989,179069497174514.94,444786.7578959684,1.2165474710368992e+23,1.0590060364067422e+21,5.051189621810362e+17,1.720730835936483e+21,33.58718126867513,4.942058729753931e-10,2.1672746885532236e-20,8.311533648801613e-32,1.4038750414920836e-41,1.7738327702473753e-51,2.815796391848509e-62,5.984472117922406e-23,6.3598496368049834e-18,1.02454852131148e-21,8.005087315164319e-17,0.9885976448112735,4.2245599313822676e-23,0.0004304318336984,12852550438.535,3.611541074042457e-24,1.252535622459963e-09,20.212974530240324,0.0053422102570167,1513852529.2826197,0.052774429850278,1.6971737956925932e-11,4.4669879153298936e-05,1753018874.5837867,1.7838299963294255e-15,6.080399120728804e-05,1499451986.997019,2927321161025.0327,2.0807478208659756e-06,7550.346844249775,0.0196757147021646,9.42518637837868e-07,2142995.825464116,37264.005042325174,10718662112.189508,8.590139371416404e-08,0.0103270244852468,0.0,0.0,0.0,0.0,0.0,0.0,0.0,3.4744772287360333e+21
2079.5199046009034,45202.81610743843,12.00107955626884,11.381411692395044,10.099614119788145,16.456486290156015,16.97201120795624,1056958556.9991026,718190683050868.8,5276819867.572129,164.84983132034114,1219807670191.0466,1.9930817774302377e+18,61.602328285636666,200087585618.63107,15080624657.694511,60725143.68947309,1756146.6637486054,558.1542857389195,106828.90464773036,9238.012549550787,10234.372578428936,1.1575877323699808e-12,277392515.0666872,590850.9811101356,2938.505019729601,1281811.2631836133,29542111976486.707,56724027629102.41,14859578648.538033,19867343124718.055,5.083364162551385e+16,3.4249519614457773e-06,0.1174476110368907,2.543509732514736,4.587761710741976e-08,4.6939651453180404e-15,5.64025927911763e-05,1.9929709266932495e-12,8.763251007261277e-17,8.677204868978845e-28,2.597146588853699,1.2738811082706842,16870.214971845704,0.0551334698276646,2.3841456834417628e-11,1.1334279291062493e-08,2.188157594674951e-09,3.4263450638019876e-08,6.704315306229603e-22,4.888459549328149e-50,5.681699101396724e-13,3.670669291328939e-28,362851460055.70135,426222170.94406575,2465.002893645604,2875.475793936816,3.6027476104710375e-06,206484834103.20447,1325.1610315359578,1.9582067241269583e+18,1.9699628644304908e+16,376421984550.97784,1607994612.173996,48140769488845.29,146.76746212047337,0.000676359105937,1.0307759417056814e+18,3448438824013.3213,10045.057734810203,13900835694420.96,53404.57196180195,2.401810092759454e-07,7.376346928583725e+17,5.792931570196574e+22,100653523566.7453,1.5656245938875156e-07,6.499873313052691e-17,1.1334693543174207e-25,324093786573.9408,2.665461766794808e+16,9.476384201580516e+17,5508671.498522891,112967967868043.1,4.963715486684158e-07,642340.2842866508,4.076032878444795e+22,1.5280475053041677e+22,1.6785574711066888e+22,1.1807978612946895e+21,4.57754803250719e+21,1.5530393354574645e+22,5.389922170348323e+21,2.4141726694016828e-14,1.9882015800843784e-07,1.0688647628386549e-13,7.92521004211577e-07,0.0017395566163111,3.4080124432726874e-14,490756.7848822862,7.50745848651608,1.4603183331977984e-08,1.712632960129679e-07,55795.06452796891,9.126114373638331e-10,3182.388330757805,535229239441.5272,1.800981630329124e-09,0.2777138483442373,1.1818414632824106,6.653525298957946e-12,4.196120621265048,41.57211906032082,0.0569766455441457,0.0009300447461903,90133016.04327393,1.7492005998620234e-08,1.0566780781072129e-12,28.56813961505447,1.3611080356958089e-11,0.00031522909168,33734.26237487584,339352874637.001,0.0,0.0,0.0,0.0,0.0,0.0,0.0,3.472131065410782e+21
2283.500813222149,99401.8845190054,12.019820699494437,10.915851091202631,13.74119633198472,14.724796273595333,17.22959458445699,4612969540.634512,2757464642521900.0,11870480606.01078,25588762.354845617,2707549489978.9673,8.804495635644553e+18,6460354.826150095,399437123885959.2,40568171866396.9,23349522223.817493,6823668494.821499,25266010.44175737,233782359.1414573,154362763.7913261,69350514.4834358,2.5444328156511155e-09,1982803403075.6536,693498384.1724616,9574974.211821085,2400283213.2752337,4.015958793655592e+16,7.85015474300438e+16,3178613505337.079,3.49709557302789e+17,4.5355391446198426e+20,4005.671522620466,27386371.019528013,216227763.9025331,0.1782004694754704,5.495855331722611e-10,3110.040432462688,4.31257783529242e-05,5.807718174077293e-11,1.4243998685446542e-20,150821185.40638503,7914608.229075687,56227881563.949455,2525207.6551914387,94.55821819004872,14345.6318956889,14.666228092648732,616.7170804303221,2.6690695784796657e-05,9.255874976853548e-37,108.03625477408136,6.417463756147098e-08,559303174268.7206,111596079.18035224,176.80267530295535,204.23848056071628,1.3074533942329014e-07,194739086387.46173,674.8328924738711,5.437733811027964e+18,3.0384741826130164e+16,305400086186.1005,303390486.48599964,13301895465061.92,47.42815753387675,5.362777653100214e-06,1.5610656338824463e+18,1061190763707.0682,1810.504403874767,2709349466656.8965,5098.146975828517,1.9425475214684477e-08,6.693637702112044e+17,2.185651929438619e+21,3967895432.0479617,2.7707661822613847e-09,5.557797036213028e-19,6.695682947843089e-28,22437712868.9858,1.84893577735794e+16,5.415903173169279e+17,2179560.663033481,10870945230278.352,2.749767894086769e-07,25211.22571048174,9.174621210985963e+22,4.206953313286973e+22,5.5965366637838645e+22,3.854060179329111e+21,1.7055726447955706e+22,7.372616479972384e+22,2.821547016184732e+22,2.708353925040463e-07,0.0624260460254143,5.859493268534487e-07,0.137526617024017,104.58744698043786,7.396137821382557e-08,1968446331.9820695,4779.439360527179,8.496415602810876,0.0001524246920014,557879.2259847405,1.6328993281780297e-07,4567.1546611144995,1726535405184.5789,1.6549157441382895e-06,5.901708350149254,7.4559732555166836,5.488977892701607e-09,36.658242183737045,214.21219552787645,0.0063610227677335,0.0220223812642274,28939859.66215996,1.1520605948127482e-07,5.53865686568131e-10,117.53238288793426,5.776893766390678e-10,0.0003843419762005,6794244.090296153,2012099419547.6636,0.0,0.0,0.0,0.0,0.0,0.0,0.0,3.4624485376743063e+21
1476.768064854096,46040.04279951993,11.969022201555418,19.788776608534334,14.429834357211668,14.16196151049972,18.754996425795134,27.83399819115357,61278855.49595003,2761972633439456.5,3.8751045032362614e-18,18596.75186740736,4394.318053204918,3.6456162145060147e-22,5.3766098530947747e-11,1.030032620950405e-12,0.0006875012204726,0.0007948443794606,6.2969991769391784e-24,2.8836156523171572e-08,4.2071825525436e-25,1.2493568245540354e-27,1.1952748054650039e-26,5.086139627662689e-12,0.0009846975344489,1.2470443112406739e-21,6.980137267217884e-18,38223483707.89937,0.1507212857439304,2.153563113942124e+18,1.9722225131594643e-14,2.503434849650031e-21,1.9996392598756024e-39,4.705886777851168e-36,4.50395284037002e-37,4.949262184729807e-24,2.473405540576475e-09,1.2919787406329756e-49,7.857465878693418e-48,1.2869188828946836e-30,4.4364377240389946e-64,8.985691870166638e-34,2.6074034905848546e-22,1.7539473729767766e-30,2.089004672111238e-21,1.2628711265975777e-56,3.92779941321305e-56,5.350004306673604e-47,5.776569661419467e-28,2.80838998958816e-81,4.720894260630568e-91,4.081521810537976e-74,4.814160982577897e-100,1.191344254841453,104856219.38181128,5352028378041.539,6518700255313.479,4169437351441.105,230952955322420.2,572904664840433.2,1.4701335231089527,4349580.005446592,0.0009644140317796,2.093746907197618e-09,608044531889512.0,21466483058.28934,2708027879401014.5,0.0005211820069641,3.188886482204075e-05,3.0700341467595005e-23,3.130369906812531e+17,7.203363668340552e+17,167462569786002.5,1.3604712887179191,6.432449125760391e+16,2193391792088.132,70659373332.23044,20367406083.71016,4377387316.71371,0.014885615151659,6200229031909.741,1109.2449660125756,1.8027277938755525e+23,4.996108901745237e+21,8.072114476353224e+16,4.053619799820756e+22,0.004054321896291,1.302231295551263e-15,1.3057210041757087e-27,2.188220831697671e-40,1.0155309681917132e-51,2.5672657836071556e-63,1.23330596823339e-75,9.336567179578324e-38,3.667486167295889e-33,4.454639885243678e-40,7.966010059459719e-36,1.5262075010250008e-13,1.4757426650614192e-40,2.409096936928265e-18,139.44323933920373,4.013673369982461e-45,1.1727434182132895e-20,1.1675273107668248e-09,2.0710594970327e-12,10.154051120709894,3.543319663478998e-12,4.48707354355926e-27,7.82916526686114e-21,2.0182942273726924e-05,9.419899603881682e-27,2.3780280678068796e-15,15152.889740704148,7345491.018175321,8.90930750069584e-18,1.1055518772104953e-07,1.378736278421011e-12,4.3334121286249074e-13,18.435297266583873,11.94045027876584,1176120.547371247,1.0018169239680689e-13,3.779869688797009e-09,0.0,0.0,0.0,0.0,0.0,0.0,0.0,3.4028275093474897e+21
2486.7450366655103,86697.42015566466,12.003731782345277,14.785874913804346,13.607549966180787,11.29734797424691,11.411368794326751,1718192569.587014,3569068756701769.0,1.0833180355878857e+19,297.81641677498305,1518998709264.1172,12628886506.411728,23.00868025347912,15237005.031198392,1982381.664299764,105503088972.32394,727191425187.363,18.910639150678993,6571405218.973594,21.39179520029683,1.9291662571016477,5.937603181728379,515103.69382170285,18737514761.05493,0.3761174230771832,59.52019942733553,4.201477022725882e+18,3508779939.2799106,3.3452421066641625e+22,276.9428536921035,8.580933054910473e-05,4.3814552711044383e-08,3.325932894521098e-05,4.824771801121809e-05,641.949833800491,23563582495.443817,8.723502596362794e-11,2.605857096155492e-10,4.028089668455648,5.586193468096322e-18,3.9400225529610573e-05,148.72601509102822,0.0003956464266563,872.5363787963321,4.979065429544024e-16,1.2111274629161642e-14,1.4904714632272968e-11,8.046212489851108,1.7013619810178947e-28,2.7018051971766432e-30,6.8221928374866365e-25,2.46658192487738e-37,97970134862.65514,2085639361450571.2,5.27071655767568e+17,6.038186387183881e+17,1.0359829599132013e+17,3.6401122762342138e+19,3.534863329525969e+19,2241417676.7270856,7772049707076832.0,13287164546.139566,1141393.884451404,3.7888807494345785e+20,7.219109824970008e+17,3.4276838858100186e+17,164821405.47372288,8752619848.91248,1.187771348280574,9.332667442617147e+19,4.531771370978214e+19,7.065959870135938e+16,74408314.69846171,1.190639871199125e+19,1.0526386345083406e+16,825607008923934.9,42573416479087.805,17592061860195.756,59185111.78890014,2647133550838544.0,27583810.39423888,2.1814642357687334e+23,1.4032578113295562e+20,1.7043820422768863e+19,7.229021793635053e+19,31389.658827806845,7.145531433599705e-06,4.682447825249362e-15,1.3284152672510843e-25,2.757244427294727e-34,6.145151191951053e-43,1.0699858461033942e-52,1.0334125015466871e-09,1.4119433697578697e-07,5.210060637054591e-10,7.942621600503815e-08,1014335.448413985,2.0843324219711558e-11,34.03187301197015,13420065672259.666,5.607418025117463e-12,0.1708562893735651,173011.17116113135,22394.797496468545,130714610177.26004,86.17029854545014,0.0008085213344453,1.455770675452722,11324350840.802568,3.952236832948737e-06,6.951465927261507,1046160417028.2668,6955186520082.406,0.2387475705408499,101373.61234507576,201.58279320186236,439.6264405027608,19143684641.001945,26317302058.010967,10603135245181.371,2.1766780908811247,397.9031228656837,0.0,0.0,0.0,0.0,0.0,0.0,0.0,3.3633318132823333e+21
3006.7220031178767,75830.08207699994,12.011757302924693,11.129741988758864,14.067189368990489,16.34450906170663,15.790530300849316,84247203106.3102,6.3968746162925816e+16,2997182611419.2866,2124925461581.6655,8621214976536218.0,6.753945498579739e+19,182329902285.15463,3.2017219571880384e+17,6.715430195984348e+16,11851279913041.352,2108899080461.5151,79438410704.10674,16030488349.119106,37764585769.41849,1689706829.5392847,4.251065421063373e-06,4.043121217918666e+16,6153762769600.84,13443068043758.623,874071757217390.0,1.0581009590716047e+18,4.675120794192512e+17,33371940966519.465,2.861099282113386e+19,1.5146335576082324e+21,17052714811.851408,2026963680725.4573,1227114146972.3213,499.3242862479733,3.95695925935211e-07,4876634.417724358,0.2533907510641247,5.8808193993455296e-08,9.208528900405189e-16,194790432252898.6,1416832253091.9453,3.1432373769504252e+16,141858586456.98856,2845332702.266779,20140649241.7741,525791118.88959235,47820100.29490882,90769.19041546366,1.2758934602598978e-29,172830255328.66736,3090.3697393486714,636263637610197.0,59120851290.48477,144432.3903644224,162707.05864218483,0.0007378117126076,5058953139498.184,141174.08161366417,1.1666945117270262e+19,6.526661210542958e+16,63798004061523.84,849238224409.824,15045858042831.4,2899.1909978406647,1.0530058581195946e-05,6.756624570595985e+17,18533105535141.89,3725185.4506099066,783322185348180.0,9264814.131536478,0.0008743479058989,4.884665380921821e+19,1.462913341197152e+23,10958284287814.56,0.0014101303611463,1.8037177235581297e-12,3.126858590051267e-20,3219814766246191.0,5.413864609083838e+16,2.039814384456348e+17,276962707.87159604,9040482555945.32,0.0028869992422612,85491.6116611339,2.8050204154550788e+22,4.486826177107652e+21,2.0319707975627631e+21,2.7983455530282693e+19,3.6527609790184112e+19,6.232384921105529e+19,6.389411113026693e+18,1765.6971461778098,13526.184656921818,577.3362177218831,5676.537799361246,58943965.05991311,4011.0666978335,4408365588187.808,326684.2522514509,3009647.9492525565,4848.384015991264,62218217.742196165,3.584903491760992,152651.36404914895,2313514041713.3633,50.739255060075656,3722.259535538968,35203.77142535445,76.25747701636598,1544127.624756807,412341300.62783104,7.817179503764733,23602939.01008991,170437403936.41202,195.95765911370947,0.1941610108617978,59949.209174063624,0.0150866580501991,0.3540828236327225,1324142628706.2102,14563039047426.496,0.0,0.0,0.0,0.0,0.0,0.0,0.0,3.347221511399378e+21
2000.689205446948,28315.07491701778,12.004741270632334,16.05279976539588,20.033344326028377,19.2215327289832,13.051156997757744,477427.4833869698,106152807.07796496,218580.58436825976,579114101236.4678,650983790.6338335,280311421114.5866,68959.11200198178,977468080161.5952,64572220628.99577,36411.75944668013,498815.3275917277,0.2424047437624236,0.0104882290940761,1.669787948729326e-06,7.3919942606291e-13,4.821659149090122e-37,2878124601178180.0,808246243.973396,32801262.80309581,18279352328.922543,4.973566075423608e+19,25767559201521.812,3362893266867.049,4.9432033030460536e+16,46414642775751.484,160774561942468.9,3012824477575.299,27331869.24748681,6.724115005509306e-09,1.1387151270083942e-23,5.273766086854408e-11,1.6739651533709573e-22,1.195669688820591e-34,3.4889246582532385e-55,3.4898784182632723e+17,27170990748799.477,6.085366948716686e+18,642667264333852.8,2.123734509349517e+19,4448773263420291.0,1118890570889.6282,1168634392365039.5,7.067856833588477e+18,6.897582730194538e-65,3.6670901555583e+22,6.575172447516816e+22,60.90210221103035,9.281961104054898e-06,5.6489597847025776e-15,6.617713039224147e-15,6.627149342503085e-28,3.3594067860685244,1.6806269850675877e-12,90511.0789802956,1165.255477746424,2.2470252763489298e-05,1.3904569704628607e-10,0.0003606492099032,6.098919857812e-20,1.3837561948928071e-39,0.0166890474844652,8.468582623232919e-11,6.38282838405147e-29,1286377.2849284,4.02038149670425e-07,1.1569658282863412e-22,158383924.75363618,1.4163243235748008e+17,14.351794986617406,1.120865183352618e-25,3.818663605608252e-39,4.652060653196162e-52,461.77586652938624,503305.17951134633,5.28804889368011,0.029136885094854,0.3026632536874908,1.3440649278120672e-19,1.5191853633548854e-13,2094372154.7923255,195.1680397109896,5.3546199990758e-05,1.0328528962616708e-12,1.0264942624815098e-18,8.51451065735277e-25,7.688429637302087e-32,0.0148946364690469,0.4413003603286824,2.4220677558039605e-08,6.095458736822931e-07,0.1714230304212017,3.2982514530378316e-05,5658203511.59606,0.9039035370893403,803832954.8142619,2.6590358646692613e-12,4.659489127841304e-06,1.7044348056812433e-18,3.707570350112724e-11,1.9886890607714867e-05,7.39086728258928e-21,4.4583072928155284e-18,6.931755918750079e-22,3.0287551567498173e-13,1.0545376895947546e-06,0.0010526869903598,3.4502294811542835e-16,1.5403837344606038e-07,0.0738689995100267,3.027715157115338e-16,4.587291908541819e-15,7.814021282797957e-07,1.0619087143726013e-17,8.746601840892504e-16,1.0209863815618312,36.11899255257136,0.0,0.0,0.0,0.0,0.0,0.0,0.0,3.33016938294441e+21
1933.1197678633216,93640.74303864376,12.004019522628075,16.97745436470316,12.73135943478652,10.557653741253134,17.85701036595356,188157284.94759977,123960919980069.3,21126608675638.68,5.7429919548733,121039503.46047989,8.56530601633899e+17,1.6229246933666008,29724833.05657264,1738677.611020299,291674064.0495112,6038327181.092963,16.226874974536145,324926507.00941116,339.3995752898826,439.5557456430403,8.198784864239174e-06,25721.020393202907,2033543.3771088887,0.0001041767216239,0.0727871383458759,4.55913152326531e+17,1.318748044997539e+18,8.837677535751687e+18,6653822236911.0,4.63153801643428e+16,5.4233540567780326e-08,0.003967900596424,0.1100068395642534,1.7093730975018029,219.29096105007625,1.0371134726413066e-06,6.508062528116781e-10,3.447950766472362e-05,8.312795086340914e-22,0.0001031747984216,2.680022285657911,0.0014857402360444,109.45894540309617,3.3648294309597017e-13,2.24895084663937e-10,2.139106975378059e-12,3.0451760869813502,3.4142849945579684e-24,1.687766699923801e-35,1.0400537319698064e-20,1.3497424407614432e-30,26537931.02974253,1121392675.555116,156097462.28416333,183581013.93905184,3262.853516566402,933841380151728.0,80995038929.78978,6.750144663321057e+17,3981490615957960.0,25710361.093195807,74.40240416040763,3.340071603280429e+17,7157881387.637286,75118387607380.56,3.223408810171934e+17,291138759.20169574,0.0001429250837939,86600638790183.53,4880074292.656924,203.09155932165427,237313864293206.12,3.5562603865509e+16,478348806.4662489,0.0941635953425607,5.838380648206965e-07,1.1142125119289847e-11,23.42622631271898,4.399415936881879e+20,2.8034646515969925e+22,769135641757571.9,7.966319883774921e+22,417406.9433960805,7.777401614841117e+18,4.719759842385829e+22,2.2754708080777752e+22,3.2448353754009016e+22,3.5449023366533465e+21,1.875810701520032e+22,7.933238819030549e+22,3.8656391695864265e+22,3.629278736930334e-17,2.3460687506548214e-09,1.5959087024063202e-16,8.289616580320695e-09,0.9555987912792754,4.041591235658555e-20,45.60294167604731,1085932274.6043987,2.5703973606945957e-10,4.749947623905884e-10,2630.867729455372,7.86737626960888e-08,6199968.0575752305,99098762665.03938,2.6372389301764756e-12,0.0037490053885777,510.26005290334814,7.10966418558268e-18,8.014550806615524e-05,26.206231411615196,2804.778824458446,3.949455837457201e-12,5.542226883161052,1.764222484497437e-12,6.768111329896835e-11,42162.41280084717,5.8629571585883256e-05,10425.536657654737,924.4758128836236,69863175835.00969,0.0,0.0,0.0,0.0,0.0,0.0,0.0,3.262163488210818e+21
1742.8518361273907,42934.1211266033,11.966283891380172,9.299657572916583,11.479271489052785,15.607283852478531,8.141578563900175,16415552.439832188,2287645476911640.0,58074.20305997685,542399.0462761626,10985925660.112448,503392220690.299,28118790.784363072,2.4773157136832643e+19,9.77281997465432e+17,17174143726563.297,64140837924.88673,92441350193.49808,810245468310.4799,787572656035873.5,3.690332244047478e+17,1.9535205035448065e-06,36362245694077.95,252732599.33868727,109396399.23386575,159061181623.29367,1.7539735053347776e+17,2116228928239.119,317313169549.6646,45918239187860.086,3333205438769.074,26106.3418104349,1756351789811.5017,2.0313640573770948e+16,1154.5546746002967,9.86958633023099e-10,4077199286576401.0,71819.1971585987,2.338151742429809e-05,1.2463628012366507e-11,683661062136.2734,2684740243.6608315,1.1164445860536547e+17,30659685.645584673,2332527.629807017,734074434976.8251,37493789.479460075,1744094.8320109183,85.93048069841802,7.351397725475253e-26,20810175416372.566,357.5927757441156,423161553545.2764,1490972.0331995666,0.0093265953956747,0.0111063646701539,3.906750758355134e-15,873295167.4338888,0.0013865047278744,79493022738008.19,2.641880421997864e+19,104209868217499.48,544689378577.833,171334561110482.72,0.0244548687686595,9.516260902855197e-18,9240521339090490.0,4.651109648514631e+17,13573955280.89782,1548489844.5382466,0.0018120676789773,7.712617286488824e-19,291864968226.1315,1.783654363612133e+23,18584470.195941698,6.937418215339242e-19,9.274035050625327e-32,2.331366399473558e-44,14106732922.167423,23815968.015199088,8223.19534063014,0.167584176493489,469.8133732628779,4.753994127223319e-19,1.2203423449201603e-09,282713291097.4571,443069.4714903895,2.0882171422832645,9.9421310038819e-07,1.879826996443239e-11,2.4754252305925265e-16,4.496170051174278e-22,2.0961256251442785e-14,5.171654886936331e-05,2.5728531767800964e-11,0.0421895260925178,0.4740959312176791,5.3079883410406793e-14,80675574231.37663,5.416066480834097,182.10394888481912,1.158838030951405e-11,8111.687834305841,1.2693021304913094e-16,1.9626407437984212,5496476.273706386,6.763891804042316e-12,0.4705560777400587,0.8000752109155536,4.586440481130454e-19,0.0007061817173188,1.0735947257095098e-05,4.989896194077238e-10,7.101123572987645e-09,980770.2330380792,1.3963789764438622e-16,2.4426844035464196e-22,3.0815891103999965e-05,4.6375321482226483e-23,3.04327743073579e-13,6.08621872895813e-06,16383.78361864651,0.0,0.0,0.0,0.0,0.0,0.0,0.0,3.208135829921645e+21
2853.2272636979146,63971.678340207225,12.022947340828292,15.28660255734236,12.578446808857604,18.476093116817168,18.87198441214371,6622232912.730803,101447038202833.02,153787372806351.84,16710100.920712773,1939499528914528.0,6.800902401302638e+19,4635.609141308633,13126792243.645351,2436369488.5734167,68608234.49721245,15110845.60962454,7.910077198376519,398.24231092628753,0.015600697116997,2.7709758538720973e-06,6.009069396718204e-17,355689756754.7888,8134020164.657922,50741838.37024196,4145275197.0132256,4281363479478126.5,3433860064942032.0,20540383386014.17,1035186477517792.0,1.3307040531263998e+17,3.686245341283317,2.3412164308950603,0.0058842879409938,4.884078178141509e-08,8.236877810692714e-13,2.1051823759019817e-13,1.1371513073768869e-18,6.526259245352899e-21,2.745126442887295e-36,45329.66038934273,61134.86376342299,7408484.542653746,8320.407333272464,2.3743515585659784e-05,7.769925679247932e-07,0.0004393908731043,0.0185095240269373,1.8015637187801183e-14,7.749865157275677e-55,3.007264551481645e-08,2.0884498128764104e-20,459842149708.0568,6356403606.8421545,1878717.9238141093,2125795.3818220627,0.9007728814846946,1031312297760.4722,2632678.6924429047,3.9353481848243096e+16,418645232163.2483,165552026.18271515,1246144.110894672,14067490786.706242,179.30002983917274,0.0280463964845452,8047574529385.563,197015.9806361751,4.1524285506737e-05,3.467373332022826e+16,39179491905.806885,278.90386672337706,2.9617150755772584e+19,5.601513860944367e+22,290330599404995.06,262.415494873749,3.1796383167297294e-05,4.585423345218854e-11,294025428608009.6,8.392606083125438e+18,6.354801237961636e+19,2087662748373.399,2.2669575700897146e+17,1342.402339072039,219998416216.61676,6.917201277086253e+22,1.8689389521467743e+22,1.4365566040179143e+22,3.68085944321704e+20,8.353710618677806e+20,2.3509918865643424e+21,4.267068945797673e+20,0.0157704962425223,0.0117195370000403,1.9170192285059177e-05,1.773455658845676e-05,906.8492931388848,0.0220281277545299,7345117.64497347,19053.130154554132,0.0001288036040474,5.37035923168035,9812.688927457768,0.5536416318993621,3871.696097504516,1105760933.1558588,0.0001521552160366,0.0011771037887015,0.1654265661577621,9.843996793767166,29093.26303711795,31523599101.227596,4586.452312673002,4148348.7701351303,3959518219.305832,4153.269369818011,6.943787670368596,354469.35368784337,109.7708880822339,247.64890363343835,1833550395551.757,1923908911855.9668,0.0,0.0,0.0,0.0,0.0,0.0,0.0,3.1973816046480565e+21
1298.3098881571009,14874.88628723934,11.975658808675927,12.819208733005391,17.110317678676644,17.338247182115655,11.756742584646542,12.634769016821004,2530511535.5191064,0.0456706323143481,181.39445287099605,89251.40542046209,10051138049.123194,31.583021911826,7.1261380412106e+17,7121491614102617.0,32695418983.658657,8582504.363198692,2620.8319116308517,875825.3065192943,1213422.1286570004,20644504.898586854,2.3266162603583266e-23,5231604695300.283,5324787.676545194,205809.0008405375,3899871750.702951,5.021670602737779e+18,1215534036401662.2,1645099570033.9678,6062626050607020.0,2.138440706376662e+17,3203.55889136656,201444718044.3056,141487935070739.75,0.0123114782714128,1.2990334362851524e-16,65671721.06053098,3.2044282199350953e-06,9.961092176045738e-18,2.0581538643332462e-32,28648846147626.863,103996461057.04068,7.977058503334575e+20,398360511.91568863,3727560738.837913,97792551841239.92,1517152676359.8582,246192656108.59976,17583539.89463007,1.3832727766606569e-42,2.414690565679091e+22,351688840773.05365,9723.200565781235,0.0040324438648326,3.5811473216965746e-13,4.4508261328049595e-13,1.282228445977968e-28,19.212222406722265,1.8561707505304065e-14,7119854706.890691,987884073815.399,24802.849534001005,37.42596140629926,564862.4492915215,1.488526149678572e-15,3.936946440530587e-31,7460687109.437047,5413142.9861989925,4.068250854520327e-07,28734.474070930733,3.1685068340123703e-11,1.129297340533952e-30,2673482357.112003,5.803290662918254e+22,190.60760399008615,3.6715978048103566e-31,5.617609769467581e-47,2.742295752437264e-63,108555.48662581832,78046.08763636422,1280.213320949504,1.2771528607810733e-08,0.4626146909526246,2.837740582883937e-31,2.7500181354747057e-15,2393244695790.918,30737002.86022335,1283.8921762619038,0.0140813292123811,3.09688092752073e-06,2.9858148235389566e-10,7.25850139017519e-15,4.135150249325003e-23,3.7135928120276754e-13,7.214306829049137e-22,2.049783251963932e-12,4.50892947144546e-07,6.479935937564897e-23,84617826.43734346,9.607081554497328e-05,0.287054405332512,3.6723546665940423e-25,5.996220464751618e-08,2.0365737522615854e-31,3.3613536644369946e-12,0.1126322327511283,1.0407143514976092e-28,6.254928042374141e-17,1.7206968364894125e-15,1.2332091168838456e-32,5.803374085855633e-15,1.1559018196294857e-13,2.2889049074035946e-21,7.137009923674846e-19,0.0096015189588706,1.865024166539528e-28,5.370579749409651e-36,8.154094826117879e-16,3.372872394161805e-36,7.227615719213703e-26,5.863225188039611e-12,0.0451018868253823,0.0,0.0,0.0,0.0,0.0,0.0,0.0,3.1923653135383627e+21
2773.416191285745,73200.188780958,12.0655737262754,8.710081302772512,13.144485036159448,14.461373221306063,14.91377543751566,175368870068.13437,3.2583028016357555e+17,51800954810.6544,291115126713.93823,1151481099936262.0,5.521240715330286e+19,387967521618.66895,1.981925669768226e+18,3.4328019401731565e+17,6179862730744.597,1113448107871.2134,3541622710308.904,146714080205.90344,38628879441738.414,37029956227656.11,0.0001765285643394,9095717511286212.0,128548462756.16252,1109772879859.653,103129160094828.38,9.219281697761574e+16,8.384454511213918e+16,275429654564.8576,3.4495097049509376e+19,5.923832700306232e+21,2267184790.7593236,9187035587707.082,127790154464748.28,376.6737678554701,2.351477043207035e-09,97013374962.3624,263.3023405287957,5.96041123043474e-07,5.5027660336510435e-12,40061747823431.68,37445597435.33771,9092498786785490.0,4415731903.270801,623897143.5209774,119463410988.77928,10720238.8770516,279367.26225061686,15435.160102811076,8.099391510317681e-28,45480730500.40778,713.3308429129647,1306282410512926.0,11093796753.476095,1794.2343886137764,2035.1986946555487,4.078885124264776e-07,1873205776979.1887,2234.6078722055004,1.5650242072128248e+20,7.32425539933887e+18,2396730993892760.0,18035371994581.258,149474524724807.75,741.7045852954453,5.1667601244640815e-08,1.615954012195512e+20,1.5662655931225196e+16,11597319257.081686,14801436014346.86,8006.901885227259,2.3901045695871743e-08,2.48807895725051e+19,6.181176893863844e+22,127954123002.83447,2.2870131259314985e-08,1.3219882387930153e-18,8.437831915791861e-28,199429664343825.75,4267485083644989.0,3.875299208306806e+16,428951.75088844047,74248051365.19217,1.0318730259997545e-07,35.92980313991996,7.531336470358593e+22,2.214908016212673e+22,1.8577165203494232e+22,5.468195199952849e+20,1.3727630734501442e+21,4.1515268663219894e+21,8.41712535813343e+20,2.6621803379104536,6531.1269523291885,16.81254816829817,50380.07631062455,927542.3371545624,3.8951577051474886,8147193789580.164,7499.16036251776,3525451.125910865,127.07839851699651,951282464.1556607,0.0077574364324049,240819.30817333507,161812363683417.75,15.651437602116838,418789.3101934164,97683.0418669748,0.038541304124832,473210.1559356405,165142.93225729538,0.0341336904556381,26633.07728758563,99823508222.82436,0.0145582343187298,1.721131699574849e-05,3915.86158332996,1.9936406118516825e-07,0.0014768256279984,16067016088.74675,55106384905168.88,0.0,0.0,0.0,0.0,0.0,0.0,0.0,3.1779184984531544e+21
2295.547841528113,60840.472898967855,11.995292673239868,13.16112231068799,9.610386789482757,12.662692340246634,8.984629852951215,258042038.91226164,5138431876795933.0,3.1431509480088207e+18,0.0141713235141429,13610649708367.229,177110135.74747136,0.0060764400712449,1464435.8569333465,151121.11563868733,19878336451.29194,1364436319.6628604,0.0394016770575493,78631440.72614886,0.3958453833025135,0.2939397085136089,0.6526943374507331,4487.116801066287,361369330.116995,0.1001076504855236,24.36380555035881,4376897224893309.0,159172.96738792805,7.95927497265331e+19,0.0032030113729883,7.445390196708783e-11,1.0451239245021014e-15,1.1369649987483478e-11,1.4753032297266982e-10,0.0066229399073313,1089512.7311574763,6.237190345806287e-15,2.0866675768500525e-14,0.0014979588493125,5.176043351284537e-21,1.6147647388662762e-10,0.0019062392231929,2.489485734392742e-07,0.0001405210198881,1.1135635188937911e-26,2.7544100686326163e-24,7.226553403050888e-18,3.501851573173304e-09,1.504485549814212e-42,3.897165228873504e-39,1.0623909789550343e-34,1.6560384535959294e-54,4781648323651.805,2.2006054232320806e+17,8.251045623757205e+19,9.52638470681759e+19,1.4921794992806418e+19,8.535637730053213e+19,7.258436664921214e+19,185042714.61919415,9.351182834888808e+16,4375424008063.458,19372442916.138577,9.468864633144875e+21,8.635085931912101e+18,9.572521968293462e+17,89194811.72302358,25037773163895.7,346979.1394457117,3.032187430381985e+21,1.392787423627155e+21,1.3342168233240146e+18,59601383.209758155,4.25622554484635e+22,1.96447633734776e+19,8.453179184569036e+17,4.13715488085446e+16,1.2391926038807436e+16,2175075038961.373,85423799213743.83,46017.586626658536,1.333564252524233e+23,1.1460085880641036e+19,4.344422364082497e+18,6.425146316073833e+18,33.07997994842005,2.8495751543627616e-10,7.117808015585806e-21,9.099034431898852e-33,7.536876125981972e-43,6.134586319233497e-53,4.385998740274413e-64,3.649334665324593e-15,1.8553187158240215e-12,1.3177553873202792e-14,6.8643374557027535e-12,468.5850101002356,4.397451422423717e-15,0.2231839290465522,6555494708.7977705,1.1036061928157283e-19,0.0073554103051358,56546.67428225547,1833.7283622133475,105800775216.56828,3.059629428108037,0.000138745120614,1.0802164395256089,210583656298.69388,7.328155599220962e-07,10.247461811646971,5527255957932.944,90562645483200.12,11.714186224928351,32659446.66322858,14514.182615149366,3.798849610143782,1661070672.8948653,878311125.6469958,1290680694425.333,0.0032443134629355,2.124849350464274,0.0,0.0,0.0,0.0,0.0,0.0,0.0,3.100150808665973e+21
2499.7985684727514,63708.65272952043,12.003219339098584,10.723030708359904,9.526156203473636,15.39022548431378,11.58982028019265,243405219922.5004,2.860388203498183e+17,39672713269784.43,12079220.41682032,212963080812493.2,3.018578283163069e+17,68736905.19150482,5060312390425482.0,667976454483465.4,113851905775124.0,6511089847335.851,4070057933.0419626,4296649581967.277,329280320473.70544,2134059784702.3513,76.95635442569508,2424671258351.4014,284439829825.16736,229894522.25235736,35413458830.23992,4.759347931520211e+17,8852075453923098.0,1.2197744282215296e+16,224540295869708.62,1497504896893610.8,62.19361886220049,3276884.609605797,339849979.72177774,48067.71638332189,18.455850059469498,3391911.170904125,34.104648213937395,5.4911365625848365,1.4277290843631816e-08,6517457.660823674,77605755.10666607,7680725164.38604,3724877.7925752727,0.0237801821768086,40.98924840087666,33.39216280606307,3666.975143190607,2.8876576597764526e-10,8.6621759700326e-23,0.0162428337128301,1.4277639795100034e-14,1012795394806524.8,69631234922533.26,58193333584.58444,66633954843.42829,38975.73801520563,9589011787212626.0,31827575279.32871,3.931217178852133e+18,4.471108478476357e+19,9994106925813122.0,107891143039479.77,7.056667209558475e+18,47732067378.80044,5219665.676640764,2.1071802100846805e+19,4.7150587628269114e+17,631871850703.9237,4.0904596031019944e+16,67559571788.583466,368.17199894378433,2.2203465918533213e+17,1.8448288050855245e+23,575892445307355.8,538.8484492160275,9.4513414784604e-05,1.3506416648831435e-10,127509236166804.94,2.035341254539934e+17,4.671900720755843e+16,2584066204426.72,3.45024140557756e+16,722.9039008178148,59932246278.339294,1.614478249552716e+19,8.256811183138085e+16,1215026310781095.0,765957618174.6702,35598754604.64204,1786656236.5967095,6953048.007103973,3.9235594426325075e-07,0.7806489357509603,1.43377142635244e-05,31.989362890369456,78865.2889803368,9.852298431119757e-07,20503899561.1422,679450983.1159446,1.0130347594211406,0.1356976543682159,1913415653.837519,0.0578987825877296,4628471110.852557,20030841535042.062,0.0482900679441038,1254230.7983656928,140133483.55659068,5.619321363339018e-06,137231.72504296122,4086194.848177063,1375967.7544760015,38.49629208719229,229681932499.94397,0.1075607787001671,1.595878740447179e-05,9508711.860643402,0.0029748158081056,17475.148862007856,476181.2298567313,1270549755332.7742,0.0,0.0,0.0,0.0,0.0,0.0,0.0,3.0690095335067437e+21
2190.676097412964,61869.531961551394,12.009010552255225,9.4577616568129,11.33643066385714,14.979019391841303,8.177831491646105,3662920049.5787783,1.248557693166666e+17,401814611.5322754,2092461508.1840904,9140243289728.936,27310227288050.227,50626845152.28825,8.247234146044548e+19,7.364445249238808e+18,471419892894197.2,10661317257852.256,23034550716726.695,37850358144989.33,1.7507575277318354e+16,9.392576246057242e+17,0.1294050428586149,2917552438405911.0,106854724300.73326,94127563393.52403,29968169898632.293,1.2209955641321587e+18,13932349860804.049,10304838334220.912,431339330535739.1,4413675616806.398,98898146.50542542,109731553225983.58,1.0831909516677587e+17,783069.4186521042,2.523118842207677e-05,1.2290473423698202e+16,12245336.053780742,0.1720910725720026,1.4363490991315527e-06,64809401370639.44,429177241813.8486,3.950553438240853e+17,12121924377.191416,995718647.582196,20075156796899.414,2645409481.230136,153516594.68704426,74812.49808866056,1.0556337060344285e-19,68928971911111.195,68513.30842078467,178882330092741.12,3684728508.490908,489.971915628182,568.4125445955345,2.3332559728321154e-08,776767173040.2991,168.57156311967884,1668225372777678.2,1.6514291265403398e+20,1.0427641425950078e+16,92536289776910.08,7296017320671642.0,1166.4413120845484,8.864724031433885e-12,5.03400190816684e+16,4.454412731875208e+18,3682795501784.8423,1256176198667.4148,154.4224581357075,3.031718877659462e-11,19585979971493.434,2.042585733459499e+23,17453948402.665638,3.967793224590728e-11,5.2244698979578655e-22,3.545138993199526e-32,7672587618607.364,6126358860.613913,1148922.4736429094,7504.678586786728,405832.0396850759,3.929181526399423e-11,6.65204195078978e-05,2242201489033.139,5546589.3641364565,39.97304481178059,1.635141248199329e-05,4.0213311280021274e-10,9.208472572524844e-15,1.9883863882554574e-20,2.3190919590852324e-06,5.6588579830576595,0.0005532542517497,1305.596328833412,33286.683804701184,6.129563948596324e-06,5589352740232.138,14547.426883215368,426295.7539586621,0.0004368168788431,25110663.60407356,4.4942591602207814e-08,22840.690681723005,747323979.0062622,0.0003784048640088,15516.0329251303,56980.25166247346,9.56417847965847e-10,102.91816716731933,16.059334045592117,0.0002706524268592,0.0846894159340532,1611872455.0041535,3.694455555284181e-08,1.1839652789592182e-12,4.607248054077949,1.7564449929404933e-13,1.223281537439684e-06,2.692764424537754,8261508.338610186,0.0,0.0,0.0,0.0,0.0,0.0,0.0,3.052492827618014e+21
2471.141965720106,48483.12030486416,12.00583300716216,14.58133615210204,13.022543114713004,17.12576351047369,16.774823795950546,6896843814.1708355,2306899199467656.0,177411265308985.06,17508866.102933727,122941023056961.95,1.1051368360671269e+19,968320.0436547552,68711040669015.39,8784130655341.719,9003961090231.389,638620772187.3439,585150.7089354657,4174468166.317386,491006.5582399933,32655.907542784094,3.173694273071337e-05,3080371513108.4824,2140080489514.9656,199734577.15661624,32654721653.617455,5.613581195699957e+18,4.468743099384224e+18,8.555888278580677e+17,1.7685540416954038e+16,5.443346467448475e+18,181.0083538764648,105681.86100334492,113773.93130652315,537.6202509232635,7.148657763078674,0.1032273260565679,5.592325837303719e-06,3.1464026669549465e-05,1.0270305933156909e-18,16475158.717077224,1219812955.6006663,16602937433.974,74910304.35430095,0.1515878715008421,2.765540481835048,817.0361906579267,991666.2656326542,3.573386521102988e-09,9.113651551595126e-31,0.1411501402671314,3.756089446772837e-13,5668560617645.123,2300791355765.834,10772554136.44094,12348508116.470594,37834.86525868201,439122131304818.56,7591352740.39976,1.4104889325351316e+18,3709872981799965.0,558555245297.8613,4432779584.359096,3437909533664886.0,111387295.86102988,18515881.846002,7.518826795521269e+16,272464998321.9618,2261.3128105893466,1.4978516808017507e+17,1302466172206.3328,35191.3927973903,6.063791587252319e+18,1.0399100587867908e+23,1573652314936107.2,38138.289771260745,0.0352182203736223,2.554172458866163e-07,42260733146816.76,4.4376685697119396e+19,4.4665388159370625e+20,67983588147845.72,4.538986134956588e+19,89389.62882199395,423171979929027.1,2.729449384590764e+22,5.860402892803248e+21,3.624171017908423e+21,9.827495009968148e+19,1.9316771059765992e+20,4.049254512557712e+20,6.691661081639383e+19,1.0760047215758455e-05,0.034905113004615,3.959427013018113e-06,0.0142440350019975,172763.71188401847,2.027833628085174e-05,923477268.3400002,1411450620.9770646,0.1058410752345652,0.0182559058263415,463316.9016173692,0.04518635329244,6744074.777586986,235888878768.62195,6.030863527993124e-05,2.6078479212674033,13623.782577705742,5.142352503111247e-05,2274.815389453513,315589200.4659083,868311.1499857185,324.925732663355,3420168259.2877955,5.078852402304075,0.0011898057501509,1326342.390729957,1.4191667357634714,13555.26383810967,346654847.58806455,1500350183156.9304,0.0,0.0,0.0,0.0,0.0,0.0,0.0,3.048762266696148e+21
2170.359925043841,69924.50085720755,12.021913065036443,13.388949479275146,13.850544285645578,11.583637392045397,16.68247776633603,3270791167.3000607,3120637847268499.5,2333279262273.939,13583475.18877086,32230695592.05795,4.311682726655838e+18,9763989.247521697,90042352847777.8,7805362554321.396,3816488228550.2007,17963351520557.625,137998664.45303413,1929300884399.8,3309230992.869029,5549175661.664442,0.0338800602084182,98197981100.37146,27094810692.988274,13076.510599155648,4399108.304787518,7.992993725218981e+19,1.6662547001482455e+20,5.103702958846093e+18,6.363735724057615e+17,1.275090432649661e+21,5631.073275136139,209580120.54566216,6535280900.208998,2544350.338460762,4601.711231003033,632025.1908215211,4.350165509684781,3.4259940009834553,2.6951263722762186e-12,18989449.428305022,988610903.7906824,587146446.5946827,5996627758.715225,538.3697513507282,347457.3235467649,247.53956713160144,5624606316.983353,0.0003448001519647,8.895200992645726e-22,7.877169881866356,2.92237525215953e-06,18689020566.091396,2890493117.999924,2751920.875514566,3195586.4275767487,0.8827127441478989,140520739942717.7,204088538.17911655,7.881076961890811e+18,1.2913618787860376e+17,33180579768.734413,1299503.2927606064,4.261126644872177e+16,42217955.710447624,3364240.2943383134,7.217522191910213e+18,445984989109.41504,42.41511742648822,35515354697003.67,29503511.72308135,0.0370658181970123,1.3816470866962128e+16,4.123611246154559e+18,2208290396.7288685,0.0002153938322105,1.9191530190731495e-11,8.504303965603681e-18,556631.5158821059,7.31925401844407e+18,2.5610582450666553e+20,326074379116.3076,3.714535994968784e+18,10.39221635173688,4190026140959.2646,6.928228088385859e+22,3.0744500671604735e+22,3.978609690624513e+22,2.98492152262254e+21,1.3259356899536768e+22,5.4246152658559236e+22,2.1230109797986393e+22,9.511884285444656e-09,0.0354107458456572,6.962467193715949e-08,0.2476231486592512,41307.384042380654,1.130060781965344e-10,206012010.1212008,6683474993.971821,26.900750864757555,6.143013573546335e-06,589971.0126715444,4.666700212647128e-06,4097399.9554707967,3596312029608.225,1.5156921295392424e-07,9.663493074458628,6737.362451863943,1.8105538341180945e-12,0.3274157920057367,317.05499746811034,52.63774657161848,8.712558047062384e-07,27190.09096127046,2.717104475198118e-09,3.866375061112965e-09,26048.8717229466,4.6361202638282406e-06,49.13344637627246,281202.1311142516,1309641856905.54,0.0,0.0,0.0,0.0,0.0,0.0,0.0,3.023124779475054e+21
1783.6208838000011,36968.53917179355,11.988114454583332,10.093603012809057,12.334723689220082,14.194981534734357,14.39875422742866,273195111.65774935,1605485546315389.2,188650057.96242705,17324.687188413358,16107547870.424252,1.8390829743694605e+17,369580.1539785993,1.1114752016207766e+17,4804978076169282.0,117685733406855.56,779797868954.0868,436707654.12673086,3826649164842.331,1271949002538.649,209396622085757.2,0.0050318735722314,520096270475.6411,5245415231.571456,1406588.5731263552,1724685475.8026996,3.3386238475238395e+18,9.322616207258128e+18,8642449467046774.0,1.7476233117688013e+17,2.373244426380197e+21,10.543097469299468,200668898.78744045,788744670650.6274,112449.98846747374,0.2095629486415762,29809467303.954018,993.1303326409898,0.7189244186443993,8.665592728678225e-11,125965096.06672785,633354716.9812429,9819251595163.086,11581802.510583697,9.362999230220868,975668.3713581448,70408.90061069351,8492479.113315422,4.710060382273505e-06,1.577781034656253e-22,290489.73705095495,2.092539603377301e-07,257970548193.33847,1335821455.9047048,14169.260955385264,16824.574589080406,1.21407365312245e-05,1011821822257.3892,3356.8357797594877,1.1711454220738548e+19,6.528884402460064e+18,24237738841433.88,92639404990.79572,6.3351329137943096e+16,23888.5981431649,4.386823553692622,5.245536326093365e+20,3.726099616417091e+16,487356526.0726226,2733761620926.114,6492.262475597561,6.606410105490195e-09,7.540745309566022e+16,8.648391723421748e+22,22982447904.823746,4.2754671543338915e-09,1.1487739130801542e-18,6.514453789441297e-28,9384713294.328432,1.2497448388668462e+16,9.405073872960522e+17,809728.9850765356,340481443156997.1,6.421265134834689e-09,1693842.4727492344,1.9440876897967087e+22,7.474679479677139e+21,8.607379229204786e+21,9.390955597723212e+20,4.260416464499466e+21,1.3894793933253962e+22,5.99703594901072e+21,2.3120699264381113e-16,2.190390005586631e-05,1.0596203239581912e-13,0.0069814043168518,1.2409774699555045,4.060655551538867e-16,10362591729.551872,2207658.346810937,0.6359550836317562,4.008177411270837e-12,81588.44337786685,6.812540131837176e-14,27661.442760736973,9133397130707.695,1.0955320620596742e-12,2.762487144320111,33.303961703087545,3.8279071155547824e-19,0.0168330053007684,0.0048166816884584,0.0200600554713877,2.297213526659424e-09,9778882.846516505,7.69642940704187e-14,3.916901140664176e-19,1.2879131348065662,8.735192437846357e-17,2.2181770925273705e-05,0.6671905413446891,70083666249.99289,0.0,0.0,0.0,0.0,0.0,0.0,0.0,2.928718410221796e+21
2521.3649639260134,44145.59074910419,11.9998128359339,17.481963218357354,19.390408509656776,12.656057644466518,12.436280376412768,66124099.264845945,13556714263.157309,32189193997.769817,360321268534030.3,800855523.5385861,3947344483079.358,84693977.17879723,16066328569.869917,2171481756.377244,241372.5121012245,4696092702.987569,199.8033363965544,126.2233194098181,0.0006364338264852,1.6368214895018648e-10,3.11746348573167e-27,199907030654333.12,15468297320.61094,62909.94069955477,9274641.371609248,7.407488296020427e+21,1605827466681127.0,1.2484289191780006e+17,6.545984022268231e+16,4813261972242.246,4.352029846080395e+16,85982451581291.48,350886801.2027019,0.0223648411587321,3.7713272334783265e-12,6.146369054443083e-09,4.3708404077706856e-17,3.067568755736135e-24,2.462048076740406e-44,1.2690244417043876e+16,96133715017346.3,42095154901130.46,1.534412803896265e+18,3.660865065544392e+20,2.446788944160054e+16,2935738736.7806273,2.1347348057037124e+19,1.0692643763942131e+20,3.4870101892124816e-50,4.909635271098566e+16,1.1891062386161884e+23,157.59562061610384,0.0071630833207116,4.113802123514674e-09,4.706689600322277e-09,1.988007188318893e-18,309193.7183370677,0.0007441903893102,2110360.532203568,83925.57390507411,6.296516656838844e-05,2.139014161855558e-12,8.792158528687427,4.587385241444492e-11,2.520303374039219e-26,0.4593808451144126,1.17227858045205e-10,2.269129983103157e-29,96445525.05940507,0.1145940599763596,4.696209915655906e-13,9038279.581999224,1770570967600.387,4.226003033501742,2.151302329482611e-18,2.714784813174828e-28,2.867451555864603e-37,0.004540813587474,1748311981.7849352,4594.248488587813,1389644.3280953958,192806.3809636045,3.0408279827106705e-07,0.0002375426006785,2326521621.8697577,140.6637313913789,2.4452779814266755e-05,1.790013644889837e-13,9.782038124701436e-20,5.826398332297822e-26,2.658074875993631e-33,68244.81253960928,5941.203805823744,0.1003465355878759,0.0098754619473217,293473.5573459385,0.531061826413826,389215486.8878799,1828236.587955356,161716209581.86612,4.1150878458560625e-05,0.023602888278452,1.1758470079324211e-08,3.721576540186383e-05,0.0026203509998167,6.257061582911208e-13,7.001786003463124e-13,3.9589871814617273e-14,1.4039205705804584e-07,0.0001388079809845,51.85117219503813,5.699477325034553e-10,2.5601234670263317e-06,0.0006305383841234,4.920668188569193e-12,8.288437439003686e-05,1.952257473655013,9.62489709020679e-06,2.478885796942246e-06,35001.39764973994,4101.688605424938,0.0,0.0,0.0,0.0,0.0,0.0,0.0,2.8980331459240945e+21
2330.3126789350636,63328.29486362348,12.005189792117138,8.772476725014872,12.83708201804189,7.628310021027121,12.142751750230822,423067217926.4236,2.0043350466660304e+16,26029291.490676407,42482448042987.734,625491289.3824598,1.3547203997939202e+17,54665114127965.32,2.949430003465546e+17,3.18380758719668e+16,22875382208.885353,54638945523792.59,993743683223557.6,9196183682806.898,2.734599530590388e+16,5.6433403394136504e+16,5.668488383071251e-06,344128165039875.9,154630499.15537345,277948.7318987418,62219650.97184822,4.69505238361331e+19,1.0474265652464812e+18,4734189290629.607,4.221750795902798e+21,5.417155241635954e+22,5945807538899978.0,1.6144357105100053e+20,5.729100230147327e+21,8634927.527986651,4.498361877291786e-08,2.3008712770646615e+18,49011976.418014,0.0001110996210022,8.641210657679994e-10,2.378581885570177e+16,1466422979384.0146,970448217982061.2,3591949841392102.5,1.064996673766e+20,7.0398909809700505e+22,320550495.1211031,797249199907953.1,2.856610316486552e+19,6.979414484478731e-20,1.4947678039594166e+18,5.5032399756818616e+22,661976394.0612442,170.79701218532915,3.861225678799095e-07,4.4513671245988363e-07,4.619546768153304e-19,1972611811.110104,0.0112049794443683,4.200112205218422e+17,1.0113413771239026e+18,1750284874.16499,253.4501200037211,578644243871.9344,0.0039628331219926,8.245752923296852e-18,5.882323490994545e+17,27550459129.48189,0.0457503904123532,706758.4250472833,2.1364693540311596e-06,1.4641081244944802e-20,1462211514745.0195,43026812864879.18,0.1466342285302971,3.004763419146999e-25,9.66683724935203e-38,2.006863359464755e-49,0.0983137848459576,361935474514.30255,115745429655.32388,6.222874415336205,264014.19128631084,1.563986113880506e-15,9.478277897426622e-07,1.39686504816795e+19,7.58684832658342e+16,1193161462492124.5,929752878797.6108,48057646580.069695,2482739354.889224,11016934.142602129,0.0159555172485505,8107647.880363214,0.164580437983302,87183549.34486076,21681.99060410386,6.11218328348095e-07,20543860482122.64,602256.2464871056,740158093948718.1,4.991542368379051e-05,334017564.5998558,7.153578651336322e-11,3413.56763077155,9296639957447.828,3.0129255030844393e-06,22774.76589699,0.0502134515679258,6.292824019393296e-14,0.7591303006292046,1.613713833670663e-06,1.8637982735420747e-10,2.3958722998029255e-11,59.81072117912872,1.7938325698040893e-19,5.4774177510347594e-14,19.746218824665796,6.344874402562616e-17,9.355630900802602e-08,3375.6568825436757,2226317016195.8184,0.0,0.0,0.0,0.0,0.0,0.0,0.0,2.881702185737838e+21
2323.763604288232,51092.844753936035,12.006712775775496,6.278546625077527,5.332836977166681,10.473003192223894,4.321792726957302,36491139581156.56,6.933539561348875e+18,167078510.0210408,2417.8755646228187,2816397724880.743,9851926026.443754,1130070.6919866628,31385092514948.656,3359651116525.175,16741708.682473725,8138136.624423952,7556920176.058691,500027526.2449554,76826873310461.16,5.8415683083343624e+16,0.0002612252462032,98345095.00806764,305.2763263172989,373.8875049744573,85008.10061423818,20051051914.84384,33.89318855502548,13983.203087255217,19370.26415787466,0.019205932757667,2.097032720098582e-05,214.0308122962517,2806818.021523552,1.990912910674293e-07,4.933925959581584e-20,147247402.495853,0.021142058689234,2.281337079239449e-12,3.1851792294729537e-13,0.4202868024516214,0.0001812213031418,85.55944926960055,9.111471487839344e-05,2.3807565485389163e-11,5.841137840123193e-06,1.1937812042919871e-14,8.940545670445063e-15,3.923995039497846e-22,4.753723224852115e-42,5.058508489001831e-16,4.755570354231211e-29,1081882294569370.4,1926630620.481527,29.65777297333771,34.20015517602133,2.374717238948155e-10,4661726035892.948,176.90290827646675,11117679856083.275,1.289596234722788e+23,1.0463497882054312e+18,726798106886748.6,5.085285846170697e+17,22764.673502924157,1.7183300019999581e-16,5689650543408025.0,6.079996253415353e+21,1.6949580463893956e+16,22378063182.61691,0.4531806911176757,2.0484382471470405e-14,511938387.751636,1.000521517289664e+21,22358439.5927363,2.0201970623782106e-15,4.3548902820133375e-27,5.998587865693521e-38,10346189426.662613,182077.9020140191,0.004438962220831,275.43606312650815,0.921947513885526,4.5023593938831393e-13,2.2286484758463857e-11,78495.89244844492,3.2138980641166106e-05,3.811212523352384e-14,2.2528971135315047e-24,8.795288264166549e-33,3.4210274872456196e-41,1.1477291104965545e-50,8.951333551292327e-15,0.0406823394548097,3.3846513532870114e-11,159.85187093983845,3.3242407691931414e-05,1.6535740179382917e-15,536677049.4018463,0.1551522597417206,0.0002394231665185,0.0001647094616683,10114928622177.12,1.621680370545514e-09,716957311.9509457,22042680912.601917,0.0035682418759138,242550208685.848,161409.05497254885,2.6671331083396316e-12,295765.9896474782,0.0005181206504246,0.0035397116740097,5.1671310981605746e-06,117757942915.3058,2.6332089877239445e-13,3.353283301852955e-15,11206.574790610592,2.7377036247048567e-17,0.0003607901274814,2.4514043688165937e-06,14440288.62809097,0.0,0.0,0.0,0.0,0.0,0.0,0.0,2.843864676253007e+21
2735.0108206966834,57904.23951948648,11.995170720893206,10.733474093031305,9.970411337452054,12.201149110256658,11.223630970845166,1797303182716.852,1.684985214616966e+19,405764695074554.5,126199941314.18877,1035088727181513.0,1.5330252882022487e+18,10648510508318.82,8.545307050822184e+19,1.4295384739061326e+19,2.781590672825338e+18,3.878298203386168e+17,6495297981735578.0,3.301457139269649e+18,4.814229498509311e+18,3.0982614100274446e+20,126121305412.80647,5584763889788561.0,838753183937740.5,735924805379.754,72961466308712.98,6.013441210189674e+20,1.7966872256053164e+19,1.9166910259586367e+19,6.384999285889193e+17,3.9112730023060296e+18,607495603.0066792,179742595165969.84,1.6997812340919638e+17,54355474218651.84,37737970732.33038,4.959590320861671e+17,12894386258583.334,3335380621476.6133,8906108.834990725,15044415924862.1,158136455107888.25,4704220793660072.0,14869407569156.465,113697810.06819162,1520161896928.796,34713528751.5711,7060039379710.654,1671.5417675801912,0.0590799427744648,8942914299.684147,50.76463168671507,7.41881584027366e+16,6675134908561434.0,10793754883726.496,12258370101817.145,22828770.854632903,9.843224478415382e+17,10845079657992.986,2.7779675264304303e+20,2.5538042681343733e+22,8.877450323854239e+18,7.803546602297178e+16,5.489745486205394e+21,229562430759443.38,60162547675.689766,1.8620814753666276e+22,3.928446108007161e+21,1.8391754141748368e+17,1.525277357590339e+17,771303721837.8221,20141.036051916133,8.208975218287436e+17,8.858880976151773e+22,1565434590711543.2,22704.74402842077,0.0122507010870234,7.025969810400152e-08,261568627953136.1,1.2675264942601871e+18,3.888183155832777e+17,35469541759151.93,2.392560459294891e+17,70471.99996464775,1104774120295.5825,7.472107095891359e+19,7.07208300674448e+17,1.9112282507358652e+16,18599389431926.7,1514860980397.1992,146510209720.8729,968368772.6839448,0.0569103746285127,31891.613495938564,23.665448666089215,16037278.988398517,19084686392.99874,0.0995630959911416,65640626856992.48,5628502875062.016,12558239.44671219,282.4307939168815,538162881010.2051,179.29025313814353,1474903318823.1658,3469322614970372.0,2094.666958083973,13103749367.011246,12243993826421.225,0.0014083827163551,4432503.584866061,94488278.40376437,39525460.95779284,1457.2946813253457,1360923207959.325,7.954563029894989,0.0057906392534273,349836321.81013566,0.7762604501429367,1309837.7230631558,23224409.705919005,18102029649654.95,0.0,0.0,0.0,0.0,0.0,0.0,0.0,2.824660802621385e+21
1460.6940489817314,25832.31250715757,11.968715429354654,16.156991275322003,10.350690856835389,7.627194584677397,8.403304334494191,9837.475084925243,5735593484.252568,1863931330084285.5,3.773693664321914e-19,12.459254832493356,0.0003993559431831,4.504596143333427e-21,1.0204835180828337e-12,1.8557706903225045e-14,1.3541304842455737e-05,0.013542439498952,1.065670719533096e-20,6.445314605371566e-05,1.0040446854239246e-19,4.140916824275022e-20,2.9275608844172074e-19,6.515281075890246e-16,1.349177013599815e-07,1.4165026682308976e-28,8.740123258491962e-25,6586803926.226963,3.069025726055963e-09,4.001577023043827e+17,3.3012696035395487e-22,5.587826425734094e-36,3.214215978580553e-41,1.1882821726767028e-35,1.6106987215950176e-34,1.831687251971282e-21,1.0254235793924692e-06,7.0047376097960164e-43,3.920043933740349e-41,7.122404107514033e-24,2.5392883101646436e-53,1.88373179992415e-38,6.2687888855632414e-27,4.67047226064926e-38,4.610516076102946e-23,3.8358252556585403e-59,1.7092575903125998e-56,2.3095247260148227e-55,2.753234329274396e-30,1.3534617443316052e-84,8.874962427189982e-82,2.983247121210481e-83,4.2228094596831776e-104,0.1006073020402385,9392078.103337158,469320887081.2902,572552697118.4875,321753856628.1884,2.1429344393535784e+16,4.617770054572485e+16,1.7138207313691768e-05,56377151604.59989,0.0107844581040196,2.3347264482671865e-11,8.267440857732856e+18,222082449211596.4,3853187769335.547,8.003304317307731e-07,0.0500866178021691,4.872699839292509e-21,248907201673627.5,505870819095679.9,94770562890.12663,1.2545509035652097e-10,67321977142.1237,1782546.6811018968,40212.88113112956,10315.548643317436,1844.221834423128,1.0873000170101378e-11,605211.1250537214,1.3217007211895418e-11,1.280813200654136e+23,535984729508498.0,4.22388495178182e+16,3972648166918089.0,4.886966272128487e-17,1.792669674367074e-36,2.0590688977364798e-55,4.0986716393064127e-75,2.2015729297693912e-93,6.32994610510402e-112,3.5382472765957306e-131,9.555954440432844e-42,1.4316926090220367e-31,6.109952620883332e-42,4.0504456974211324e-32,3.57704098962788e-15,1.5501532957755795e-47,1.5430109666905454e-19,9686.459608460074,3.2959092004388946e-44,9.425823402200293e-22,4.1908168677940104e-05,1.7097476484966717e-13,396580.9813900006,1.8107928231048848e-14,4.2523219132577206e-26,2.9242043672283175e-14,0.0417828612611794,4.993424115609656e-33,5.687690543212158e-16,0.0150702044598227,2273798.6012149844,6.743283359285583e-27,3.615176593644139e-11,1.0190821722801189e-21,2.50891791836756e-16,5072.842351632692,0.0083207815947766,311323078.91469663,1.0362737256534726e-23,1.47763120663842e-13,0.0,0.0,0.0,0.0,0.0,0.0,0.0,2.7434711376242535e+21
1459.1894198914113,44578.18973315939,11.995580314645553,12.988586541428178,13.307204552216328,13.191066659156064,14.018956725220614,1037028.738936512,92556062684707.95,23146701.37873521,26.93818490225072,9479189.354925212,4761412103249887.0,5340.753036430383,9.95799071077083e+17,1.8019664997520772e+16,1.709192473745233e+17,213354302343841.38,211377936.4017384,1.6918699147033302e+16,33410305247004.047,2.3082739044084285e+17,263.47263896915683,37720060331.10499,101325403232.70016,6407.241151377541,39900741.67592701,6.397296382651263e+21,3.643363080397853e+22,5.045397966511295e+21,2.9845500935604794e+17,6.245892616742554e+22,0.1721823655898202,1078861666.8303854,245431117042620.72,465223538810.9785,43738678338.0813,292769551287205.1,209529082.64909583,6387570245.543072,0.0004673701344724,81775021.11867441,355355592487.66364,163893980571918.03,3280566456.174326,15.61876493262494,116933073.7259892,782600273.5166487,194381511319261.84,4.120273713104365e-05,1.5556748225990803e-08,589965283.9101604,9.73681812880243e-05,1270519791.980523,1537364643.0473025,988220.5710394566,1205774.397899334,0.0086276288155782,4453645517207.39,122064.16774479244,3.39730252614971e+18,1.5236036447373836e+19,2271178663701.742,3884485393.1735663,2.892995569292431e+19,9760889.23686301,348902561.5225003,2.6443838367595726e+21,1.7688965006724592e+17,221051016.21470687,2480864003198.224,64229.74451861456,1.5196075675172176e-07,1183646791305859.2,4.222273849539145e+22,14069072890.957348,5.0981646889863055e-08,1.6671977212375818e-16,3.7754997915551477e-25,5208384.815515443,9.364013045553752e+16,2.507291146521113e+19,20601625.90358711,1.0785354393867802e+18,8.50717606174838e-08,102160372593.81824,7.200218880842456e+21,3.2179888579974204e+21,4.504627140872547e+21,1.0965390896404732e+21,7.185254568926917e+21,2.516041756949972e+22,1.7165316547106233e+22,5.891539128673012e-24,1.0902738242909387e-09,6.289057076284126e-20,5.13579784134304e-06,0.4992935002884797,7.571057437657993e-24,973158791.50105,12943194450.715405,0.019272985308752,1.2887997772082094e-19,71.84343189232956,3.020912558310008e-19,8833.479895341117,386188740747.94434,9.590022295895728e-20,0.0008171108162975,21.238660776944258,3.194106076924124e-29,4.5659460885364166e-08,1.3188554119586945e-06,0.0310769640620287,3.5256045501792384e-17,2362.383785667196,6.852324863350712e-20,2.6396547300321735e-26,0.0067312373784942,1.1483889922860488e-20,5.305170217147385e-06,1.0751820480896845e-06,189202386.4635778,0.0,0.0,0.0,0.0,0.0,0.0,0.0,2.741997871558024e+21
2287.215888194094,28664.26841710377,12.023982973479772,14.480210724391542,10.428792229312842,15.137591067205156,6.880026420756596,207866606.1049761,618430817066720.6,1.0212755057086716e+18,0.0036266826258408,16366264312810.676,82514.17421880206,0.0001995387397535,68928.57116758126,7035.217509652861,332855264.5998011,16941432.227282632,0.000168804997525,126112.88372986388,0.0002225154702625,2.160345554307002e-05,5.605865149809541e-06,1593.1780022947148,45911636.27026551,0.0453051370467975,11.253713263571068,446718970806332.0,7.9881359581355165,2.9112413453911485e+18,4.371879689640177e-07,5.127383259349961e-18,7.653474901865058e-17,1.1175457314368133e-13,1.903417945637643e-13,1.0738809508570537e-06,22.52568348775905,1.3078090717721645e-19,1.5159427938511342e-19,1.3882570071283811e-09,2.0352369077351563e-28,1.6358178158532668e-11,7.022075469229791e-05,3.4701840374955086e-08,3.882187626107011e-06,2.403516202290444e-28,7.846783925546248e-27,1.0133854988156284e-19,1.0333635487365094e-11,9.190898405026764e-45,1.6238668875498278e-48,1.2120078332621893e-36,2.952768564737482e-57,737082392833.0911,1.2123871996244998e+16,1.5960978629889866e+18,1.843474862895299e+18,9.907978132353693e+16,3.6223410383275715e+18,1.0548282699981196e+18,11092.30474236548,1472279348952272.0,87347413703.92717,505331273.8557246,5.317980944198648e+19,1.6139276361341764e+16,113116791921.46692,691.50939373175,65515376175.17649,144.98906296380093,1.3353770482368158e+21,2.1081149965080307e+20,6.8007653060713224e+16,36455.20359608489,7.36720739441156e+22,1.1362942769473176e+19,5.6432098040264056e+16,949528575276093.2,96518011804807.3,4557808919269.276,14265887617.376976,0.0038090618957288,1.5467157306971878e+22,689149423312561.8,1.6658483748870922e+17,133683781497028.4,7.775510080761682e-06,3.2714292727887423e-20,3.992545342214127e-34,2.513467964436497e-49,1.0194399362471655e-62,4.046254572430704e-76,1.4184035283668683e-90,9.371062594643473e-16,3.936002735361154e-13,4.3945360163928034e-16,1.8831340677921538e-13,6.1796281120569185,1.4857239005816073e-15,0.068881484178567,195975842.11698937,7.055973419430848e-21,0.0008508287259377,5589.370481931719,75.34692396984636,3761482335.983761,0.0001552282768076,2.0273302055332956e-06,0.0131327133433935,156606767.47589436,8.322724021693397e-07,9.966813654240756,2534966957373.915,11595638384970.67,18.782944525751702,44440414.341173336,8166.936330077984,1.1861013405947698,449088426.65235543,100738360.183372,122183065478.57672,1.5426780176614373e-06,0.0008331951900656,0.0,0.0,0.0,0.0,0.0,0.0,0.0,2.693461730915718e+21
1423.5387121828296,29270.796195112067,12.042458444761728,17.974089748418834,13.87733903287997,14.22978848332276,18.48380508917692,72964.17087162325,159865793252.07578,2649870081.8657947,1.8500900193185453e-07,65672.39316215561,2855366914911321.5,1.2769528905087658e-07,1115519.5112385422,17903.61657158879,59072665.17950062,3028363.210984017,2.0980874049697683e-05,902914.269467883,0.0147253965803846,0.4361657753585067,1.9917243289392813e-11,8.490230600719217,7545.891524860341,1.9064604359435968e-08,0.0001486157837593,4.632645434383224e+16,2.898258376941592e+17,1.2315509565827568e+19,5335242739.291363,1620283043150350.0,2.738632555001661e-17,9.771156868788967e-10,9.970811499279975e-07,0.00016424442335,1.6097796159651916,1.2553101462790668e-11,2.101824847030071e-15,6.536843744769802e-09,7.381646712535539e-30,4.1814476640076124e-10,0.0007057672146813,2.534776684441747e-05,0.0003068790132392,7.853119362876771e-23,2.7073119214482037e-18,7.622769398255968e-16,0.0002216402608729,4.3845723735171675e-36,1.6288592543700614e-44,4.982138855345411e-26,3.006489656236567e-43,30177.547880552826,11847037.017662494,2054932.9399266248,2516681.7186699337,3.787340344989324,2135203725241.728,11988158.513861692,7272359939398771.0,112039596696277.78,207194.258818052,6.138965296604591,6.7273243338592936e+16,3427347.9297520947,15325674938681.81,2.1482918480336136e+16,71007528.62839627,3.189760035269023e-06,7222569855100.973,39796866.43357521,0.0162297894640489,12794999053447.982,1.4243684379126209e+19,751059317.310072,9.616240136712778e-05,6.813857813969087e-11,2.8609689606378757e-17,13.38292868305854,1.8751659217071325e+19,5.942689824363646e+21,752090527036.0128,7.605828716563314e+22,0.4350149797092489,1.657487164297727e+18,6.186561901053632e+21,2.807625100165642e+21,4.0195353062633054e+21,1.0876830702113505e+21,7.464513715956191e+21,2.629632322476948e+22,1.9019243975436784e+22,5.881044982207814e-32,7.036277433479486e-19,2.4784652891291608e-30,1.2248918351279217e-17,1.9149422962023212e-08,1.3985995846576445e-33,0.0342393359411042,2527542.9132432104,5.034866210919889e-19,2.031514729776512e-22,0.0105296049542433,1.4343369557893011e-19,445.32348432061355,95412520.0956649,4.444709325733786e-25,2.640477371155056e-10,0.0003391490064893,1.6724938658692375e-31,2.2760890697958513e-11,8.331779737100462e-06,2.2516668122634345,7.307914364334277e-21,0.0421842009927425,3.8110329930909646e-21,2.751926245635068e-24,0.0753064347867403,5.196412369311652e-16,0.0153757537327969,1.1259410556376708e-06,12541606.267719286,0.0,0.0,0.0,0.0,0.0,0.0,0.0,2.6167244409672046e+21
2520.896579040362,27317.2414243826,12.02974616217193,11.519786678641893,15.757390245360424,15.41345931702728,13.57920264167252,1778538954.076311,198594075779743.53,144177533.88628817,195227857587736.62,3236143583475.538,6.633316697601258e+16,674220717023.846,5.210449798153836e+17,7.038723947429436e+16,35209169921.822334,168627099645.8886,23387705963.56864,66612982.31550969,1095681382.0902069,4143856.075561201,1.5908933777200846e-15,4.405886397652904e+17,153381098981.38004,561779359136.5879,82899916087504.31,1.8148458470004756e+19,6.6277943724639896e+16,1376210635078.601,5.997581573262395e+20,7.438099684289675e+20,1.284230242662975e+16,3.7356235302465094e+17,2.2421868971309492e+16,28.90629911346829,9.864626714601084e-14,84733354.80387157,0.0027068994879622,3.845344229146894e-15,1.4752115942909587e-24,1.523039772643793e+19,519492973488992.06,2.0542631257942347e+20,2042118532030536.8,5.8916147005779984e+19,5.793449114909231e+19,35077467623287.633,69751490525805.586,9.36698836463674e+18,1.2551482688998584e-35,7.1064071574524975e+22,5.678424783253075e+21,9356192910.566996,1913.188571206921,4.9390327487419884e-06,5.65095197956963e-06,1.0717687879966146e-17,20364663.80866935,0.0002200739230911,521120295065155.3,18079954355822.27,54946491.13921186,7571.690873551156,8520474.422781635,1.9933952776081658e-07,3.735231073025551e-23,1667287850572.5657,1504509.5845632232,1.7317059250602997e-05,1755311476.6287842,0.0093658395632952,1.721986293740004e-16,616244116032407.8,2.9153178845176037e+19,312064.75339959917,3.200174432537325e-18,1.8135053971280855e-30,8.596845545757154e-42,302207031.862487,132192742758.77806,5854268945.600417,28.00077717846631,65608.96942411984,2.746553171423795e-14,3.631016999515621e-07,6.594153308291181e+17,671433195485522.5,1965733267522.0847,242431578.8847776,2231421.3192163985,22381.283843237856,17.198862203553887,1361.1773872890108,86699.76567992444,29.423227679417685,2118.209396278862,388953.03052990034,42.9806766621215,23155139587298.492,542.456431511642,1288375767025.7998,0.0221470236669788,9308.552851719049,2.8462257416068986e-08,0.0660509638298084,17444650.891051505,4.944107221809441e-06,0.0040492006170199,2.0778179522072653e-05,2.0825183415516775e-05,15.089873531625894,34.79954365411413,1.2558009765973667e-09,1.5460105665530264,278937.0703779397,1.3356930255295465e-08,1.3638944128806442e-08,0.2355554366713119,7.134489652512014e-12,1.3443211277782742e-09,21669420.4850205,1857753204.2520504,0.0,0.0,0.0,0.0,0.0,0.0,0.0,2.5530895760638775e+21
1595.5391851641405,41746.52566857152,11.999401103993543,7.751877946178269,10.34807292139046,3.787328850823195,4.908548475042114,67509121697.782,4.327319212423827e+16,40975.03248507549,2.213691234185905,4.1588591719701,39170208.658110335,18801.658349868165,2269021450.986046,61828455.303956024,23480.675064046663,4845464604.112022,17471015009.98355,12674918207791.977,5.160064950601029e+16,7.512005822953009e+21,0.6034377175522195,6.7784122706618115,0.0008671332102962,5.6001312436772585e-14,1.6230432230893588e-10,477233616821382.94,2853659.1880457858,16822831460.73671,1349073.5188244109,114.63060065414842,1.8415508352342428e-05,923538.694210741,3800741802351.6953,35.94125577125961,9.021587736414238e-09,1.3344584615159216e+16,1484000.8479746105,0.1309994226046014,7.054159825841482e-06,2.052228127973518e-05,2.4504611531221948e-06,1.1862724387728114e-07,2.347456055644995,7.492560998707967e-07,92.3459338374923,6.876288242191864e-20,0.001771796759879,3.5310335371078066e-15,6.010513323118061e-25,6.855171302190856e-19,5.049324479738459e-18,25125.065592028324,1.5437108436637217,9.47376732150641e-08,1.1413070497127425e-07,1.8249287346769538e-19,179444627212.5346,1.1998545469157864,1098036016829.3424,1.5322602309856263e+23,1375033941.3869662,0.0454613332929618,1.6089567574533358e+19,3756.715853282425,2.787898301675782e-13,2.7279909647454364e+16,2065453910074168.0,12.539891898845784,22.819175906472477,1.2653255260707145e-10,1.320737373217112e-25,0.1637997781906805,10484894.597632091,2.06177404191155e-09,8.007517222447616e-34,5.3000887792181985e-46,4.118778838338144e-58,4.134985402488135e-16,35413.19102053076,0.0076927953312269,1.961451248762508,15.667166399919372,7.236070665337715e-18,2.441167528468013e-10,25013.112192914163,1.5318191276399103e-05,2.872413681917235e-14,7.045087799908612e-24,5.702600356678046e-32,2.832228049874281e-40,2.2889473905672485e-49,1.7936456642179656e-26,2.1574343869205845e-06,5.333813655933856e-21,0.3527113058981694,5.071347811195326e-08,3.5468887344772093e-34,741.0996871431086,1795.7179278857363,0.0073761235654954,1.0926004664219229e-17,1145393670.313423,1.6707379450768749e-21,5837409.635701649,1482821233.0827465,6.199644380937797e-16,2653964.6900300547,6.615810589636129,4.835447732586031e-36,1.1992938589444002e-09,1.1442258995637365e-19,6.99184716348966e-13,6.1264402351408485e-33,1.001609532431429e-07,1.1598187416424076e-39,8.534724828545022e-30,0.2509651243320735,6.970581369448555e-29,2.1626613370981943e-08,1.7511041482024042e-16,21529.303376039396,0.0,0.0,0.0,0.0,0.0,0.0,0.0,2.5403777735918517e+21
2626.8337851726365,43683.63096207685,12.01119597373766,9.23971641365968,13.0727069950428,12.027682860281566,10.924670248013896,160898351599.72684,5.917346761398854e+16,1043866774.991052,809663443396870.8,2190552673134.4197,1.1731963877879843e+17,438419546870536.25,3.920237371407394e+19,5.913129264048244e+18,7720110047509.57,172591840747232.62,2013532402184667.2,10016609941848.828,1.1821881984345262e+16,5815672337389936.0,4.166249546806287e-05,2.9337679353062355e+17,281132902170.4041,141371309298.30426,16994418450752.068,6.918940925246138e+19,2.6138612085661734e+17,14244669813650.965,1.1278780089885296e+21,1.1157882717881829e+21,7.18681040321471e+16,2.0862398284778245e+20,1.5655277519289485e+21,17873156.269472715,4.834109919944634e-07,1.6602331472955126e+17,20238428.73868686,0.0002175070300372,1.7081756281922067e-09,1.412946033810899e+19,1117879231199576.4,3.333902772936977e+19,1.8492018149362748e+16,3.293962086129895e+20,3.766153056814987e+22,24941730183476.51,1536644435568391.5,7.959519257396026e+19,1.774218826734812e-19,2.1253200892843916e+22,5.352762064176755e+22,1000786202571.3158,569208.846869056,0.0049003123185424,0.0055854043365707,4.453684549853605e-14,19288052402.207623,0.8935493612565806,1.4033772162987965e+17,6.935155246353132e+17,839278841505.7512,34079626.19139906,926161145273.4884,0.1240215486082521,1.7437841515793794e-16,6.503511060503656e+16,2911539142868.6924,2536.675105107884,2578673680.017437,0.0568155414046471,5.310307798652798e-15,305032166033004.0,2.181962109403921e+18,128307.46971319844,2.834622215631335e-17,6.643147962750686e-29,1.4751655640290768e-39,14404036.221536878,630960621236.461,26552916516.780872,570.5662194025815,807973.6215839348,3.4176964849653605e-12,1.7286564358898183e-05,9.27398890187101e+17,1043516830897539.0,3364223998484.333,421513719.12141925,4180168.3887017393,47196.86812614465,38.51887427609298,536.8119117473822,24223945.74928813,1609.0454516852149,85084763.29054917,21372534.62925503,4.647024269448008,642368456405180.8,434867.438117304,287865384720098.56,0.968831680814123,205069797.5854289,3.676924518707767e-06,3786.247276278512,254960335521.523,0.0397259425322652,21437.362367774072,25.40245137772812,2.46741335539056e-06,880.7370737693055,3.341986677383359,4.181408298961824e-07,0.0246666371922873,2400245.4112778907,7.139951185025601e-10,1.4525381015996292e-08,110.53980013100848,1.6001450389872602e-11,2.1559241849374093e-06,3070312.007119119,189721574789.15225,0.0,0.0,0.0,0.0,0.0,0.0,0.0,2.5057604999594435e+21
2124.093905269922,57692.48004619446,11.987518466851228,14.961845859212175,17.5665323631268,13.04867145348025,10.47419158681718,221942990.9769584,83729076346.29944,61291519.8842937,4270396512303.048,64705028.936411984,709497509387.3104,123625972.57043044,6959364103017.734,562647150342.9785,13763046.548703436,15595725333.46855,78126.1953825358,70398.60507489531,86.90179663529784,0.0066131939123277,5.292915122525417e-23,153296030083442.6,2048749493.3325465,59340.01809069275,22722461.69884392,2.413439914290896e+21,1167108793899760.2,7539556386628115.0,7.747145766567869e+16,42380454406196.3,1128639985324318.2,2250231684262830.5,3264612344173.018,2.6323571806596937,1.088320012860694e-11,0.4717733524234337,1.283258184567674e-10,2.297536986800086e-19,3.632915490444599e-36,1.8573687965929624e+16,51743197899473.586,2709202147974727.5,8.1383223111633e+16,8.288648915009331e+19,2.564786313635445e+18,31471166482.023724,3.0820986445296773e+18,3.166920990964553e+19,1.2210011288482292e-42,1.4763862948340513e+19,1.9417738019994365e+23,1501.2036258467224,0.0111560422185394,4.5649728372523276e-10,5.313015542380296e-10,5.452823320386849e-21,166166.1264264114,8.851066450122257e-06,53110623.3233906,157534899.86601174,0.1137838035955788,1.516097404060169e-08,2466.6506285915357,7.48287814054088e-11,3.331097314845979e-27,2059.431405954733,7.04952088409565e-05,6.7562846544271765e-22,3996363.493857626,0.0001245581362233,5.166581249927994e-18,7960274.505898202,51880503958083.55,0.8734314485793468,1.0359321990500513e-22,3.475215873667721e-34,5.3312152836790596e-45,0.0147057037262752,58939317.37682589,502.5074356870014,408.1973466740627,1506.8773757073902,3.818950035783523e-13,6.656729135865303e-08,3108007127.666206,306.4729185294856,8.833755465228998e-05,1.551300232723356e-12,1.5562251455820461e-18,1.4015738041159247e-24,1.2487333408068871e-31,0.0114951079940682,903.699393931222,3.654770136669773e-06,0.2665825881604506,197.64018827487308,4.849543685755005e-07,35220756969.947014,732191.6406465406,607388465797.4504,4.82566799162442e-10,1.2112653695924966,1.6931866661175695e-14,0.0004203406516728,2.238494598006106,4.3429848503261e-16,6.113452158050125e-10,7.211743230682074e-14,9.530610302769547e-15,4.567075153851411e-05,0.0001734628033007,2.0502451910356153e-11,2.5432785092040996e-11,0.01985078049479,3.396712404275922e-18,2.969995649466306e-13,0.0568668305766755,2.034285082780171e-14,4.525098129152567e-09,0.198088273566713,19252.07354935548,0.0,0.0,0.0,0.0,0.0,0.0,0.0,2.487461770259803e+21
1253.1563542163867,34385.93611782307,11.987006267424851,20.11778503213647,20.344832233632115,15.393112810375396,19.146854772600573,698.5746879103804,5827.3168730505595,1.375568498626106,4561.802963790907,0.0055913751557895,65714652087.62173,0.0056877528914581,177370846.4159045,1459928.1305201226,1221.2588703749802,667408.1701995473,4.490366656995559e-06,0.5529137066331345,2.2077001865718233e-08,3.7686453546083745e-12,2.369194358235122e-38,101817872.50287011,17456.637753522577,7.167240306686769e-07,0.0195543321057557,1.3793886370663932e+23,5.844924348938722e+20,7.843285977906005e+18,1.0715454849617437e+19,1.0379170549142703e+22,14494984.470829587,14480005792.934412,110010330.28042494,0.0001873735471481,5.1639644023055844e-14,2.0939137802813975e-09,9.823875259007095e-21,7.778167830123926e-28,1.2079326615214567e-55,97691010434.12494,77236107099.40013,1853892014473.9768,769664663092557.8,5000528861639251.0,1477805236464456.8,78080228.37996718,3.058560220316387e+22,3700495610389911.0,9.151562231085405e-57,1.8823382843848548e+18,1.923460806434062e+22,4.249930427439114e-09,2.868422948156873e-13,3.0854822026287248e-21,3.857979658664441e-21,8.99772011179447e-35,0.0055772620623569,4.171161975030021e-16,346787.4963603824,22.513915449944264,9.094560497510625e-14,3.800749426511786e-23,0.0020056405344842,2.5029430365469354e-22,3.4974824466246775e-32,2.992314392479637,2.078023974209328e-16,1.346477661016033e-41,0.4443751848993713,4.0356349270342234e-14,8.45078174504975e-32,5146.981917590171,5334206811.462038,8.956154055419406e-10,7.841254680321751e-39,1.0215139795769437e-52,3.2901702333910814e-67,7.33203411165815e-16,86922251.31168035,28079475.178457156,6.08012751512538e-05,95805.7400222007,5.661785302372662e-26,5.3298556666034994e-08,419198949551103.25,82837038426.80205,53959624.98203049,10558.012806629937,37.63027020461712,0.0551349978709872,2.2146862160507332e-05,4.74269481616935e-25,8.188764070937924e-10,7.25463086339861e-29,3.544700519156852e-14,4.3646876937787196e-11,2.2846189442905984e-31,328614.1685362734,30904.36999784254,280628.667949656,1.8171965152194382e-34,1.026458080640849e-11,1.450670323937672e-38,1.0259903445101277e-13,0.0006679837932801,2.8070597524586363e-43,3.666202522549843e-26,3.2704407792399275e-32,1.2239255752868866e-43,2.0700691576494703e-20,1.5577769951698056e-21,3.6417932625345346e-22,7.438729846258044e-36,3.060125547183715e-14,2.3347768988619107e-43,3.4636494557061926e-38,2.294007171762679e-12,5.6578114939694894e-36,2.2981482625292175e-20,2.3513139489824343e-14,33.61116309308896,0.0,0.0,0.0,0.0,0.0,0.0,0.0,2.398084573072367e+21
