2026-01-21 00:42:43 | INFO    | Loaded config from: /Users/yashnilmohanty/Desktop/chemCalculations/configs/x240_static_32_config.json
2026-01-21 00:42:43 | INFO    | Training with loss type: log_ratio
2026-01-21 00:42:43 | INFO    | Output directory: /Users/yashnilmohanty/Desktop/chemCalculations/runs_autoencoder_x240_static_32
2026-01-21 00:42:43 | INFO    | Loading CSV: /Users/yashnilmohanty/Desktop/chemCalculations/data/datasets/all_gas_fastchem_x240.csv
2026-01-21 00:42:46 | INFO    | Loaded: 239986 rows × 130 cols
2026-01-21 00:42:46 | INFO    | Input columns (7): ['T_K', 'P_bar', 'abund_C_dex', 'abund_H_dex', 'abund_N_dex', 'abund_O_dex', 'abund_S_dex']
2026-01-21 00:42:46 | INFO    | Using static species list (33 species) from static_species_list_32.json
2026-01-21 00:42:46 | INFO    | Target columns: ['e-', 'N2', 'O2', 'C5', 'H2', 'S2', 'C1S2', 'S7', 'H2S1', 'S8', '...']
2026-01-21 00:42:46 | INFO    | Target weights (first 5): ['0.75', '0.75', '0.88', '1.21', '0.75']
2026-01-21 00:42:46 | INFO    | Model ready (params: 2.013e+06) — state_dim=33 global_dim=7 latent=192
2026-01-21 00:42:46 | INFO    | Using Log-Ratio loss (normalized space: TARGET_LOG_SCALE * |ŷ_scaled - y_scaled|)
2026-01-21 00:42:56 | INFO    | Epoch 001 | train=6.1217 | val_loss=0.0142 | val_MSE=inf | val_MAE=9.5358e+20 | val_LogMAE=2.3533 | time=8.9s
2026-01-21 00:42:56 | INFO    |   ↳ Saved new best checkpoint: /Users/yashnilmohanty/Desktop/chemCalculations/runs_autoencoder_x240_static_32/best.pt
2026-01-21 00:43:04 | INFO    | Epoch 002 | train=1.7378 | val_loss=0.0047 | val_MSE=inf | val_MAE=7.0462e+22 | val_LogMAE=1.2156 | time=8.8s
2026-01-21 00:43:04 | INFO    |   ↳ Saved new best checkpoint: /Users/yashnilmohanty/Desktop/chemCalculations/runs_autoencoder_x240_static_32/best.pt
2026-01-21 00:43:13 | INFO    | Epoch 003 | train=1.1698 | val_loss=0.0026 | val_MSE=inf | val_MAE=8.4314e+20 | val_LogMAE=0.8314 | time=8.7s
2026-01-21 00:43:13 | INFO    |   ↳ Saved new best checkpoint: /Users/yashnilmohanty/Desktop/chemCalculations/runs_autoencoder_x240_static_32/best.pt
2026-01-21 00:43:22 | INFO    | Epoch 004 | train=0.7122 | val_loss=0.0021 | val_MSE=inf | val_MAE=1.3896e+22 | val_LogMAE=0.6666 | time=8.8s
2026-01-21 00:43:22 | INFO    |   ↳ Saved new best checkpoint: /Users/yashnilmohanty/Desktop/chemCalculations/runs_autoencoder_x240_static_32/best.pt
2026-01-21 00:43:31 | INFO    | Epoch 005 | train=0.5736 | val_loss=0.0012 | val_MSE=inf | val_MAE=4.2186e+20 | val_LogMAE=0.4629 | time=8.7s
2026-01-21 00:43:31 | INFO    |   ↳ Saved new best checkpoint: /Users/yashnilmohanty/Desktop/chemCalculations/runs_autoencoder_x240_static_32/best.pt
2026-01-21 00:43:40 | INFO    | Epoch 006 | train=0.5247 | val_loss=0.0009 | val_MSE=inf | val_MAE=1.0995e+21 | val_LogMAE=0.3843 | time=8.7s
2026-01-21 00:43:40 | INFO    |   ↳ Saved new best checkpoint: /Users/yashnilmohanty/Desktop/chemCalculations/runs_autoencoder_x240_static_32/best.pt
2026-01-21 00:43:48 | INFO    | Epoch 007 | train=0.4837 | val_loss=0.0013 | val_MSE=inf | val_MAE=6.5708e+20 | val_LogMAE=0.4496 | time=8.8s
2026-01-21 00:43:57 | INFO    | Epoch 008 | train=0.4536 | val_loss=0.0011 | val_MSE=inf | val_MAE=3.8957e+20 | val_LogMAE=0.3792 | time=8.2s
2026-01-21 00:44:05 | INFO    | Epoch 009 | train=0.4358 | val_loss=0.0009 | val_MSE=inf | val_MAE=5.0172e+20 | val_LogMAE=0.3972 | time=8.4s
2026-01-21 00:44:05 | INFO    |   ↳ Saved new best checkpoint: /Users/yashnilmohanty/Desktop/chemCalculations/runs_autoencoder_x240_static_32/best.pt
2026-01-21 00:44:13 | INFO    | Epoch 010 | train=0.4206 | val_loss=0.0007 | val_MSE=inf | val_MAE=5.8781e+20 | val_LogMAE=0.3861 | time=8.2s
2026-01-21 00:44:13 | INFO    |   ↳ Saved new best checkpoint: /Users/yashnilmohanty/Desktop/chemCalculations/runs_autoencoder_x240_static_32/best.pt
2026-01-21 00:44:21 | INFO    | Epoch 011 | train=0.4072 | val_loss=0.0014 | val_MSE=inf | val_MAE=1.0508e+21 | val_LogMAE=0.4104 | time=8.2s
2026-01-21 00:44:30 | INFO    | Epoch 012 | train=0.3943 | val_loss=0.0007 | val_MSE=inf | val_MAE=2.3842e+20 | val_LogMAE=0.3116 | time=8.4s
2026-01-21 00:44:30 | INFO    |   ↳ Saved new best checkpoint: /Users/yashnilmohanty/Desktop/chemCalculations/runs_autoencoder_x240_static_32/best.pt
2026-01-21 00:44:38 | INFO    | Epoch 013 | train=0.3804 | val_loss=0.0011 | val_MSE=inf | val_MAE=1.6152e+20 | val_LogMAE=0.3744 | time=8.4s
2026-01-21 00:44:47 | INFO    | Epoch 014 | train=0.3731 | val_loss=0.0011 | val_MSE=inf | val_MAE=2.0676e+20 | val_LogMAE=0.4043 | time=9.1s
2026-01-21 00:44:56 | INFO    | Epoch 015 | train=0.3633 | val_loss=0.0013 | val_MSE=inf | val_MAE=3.7164e+20 | val_LogMAE=0.3484 | time=9.0s
2026-01-21 00:45:05 | INFO    | Epoch 016 | train=0.3580 | val_loss=0.0008 | val_MSE=inf | val_MAE=2.2826e+20 | val_LogMAE=0.3766 | time=8.5s
2026-01-21 00:45:13 | INFO    | Epoch 017 | train=0.3561 | val_loss=0.0012 | val_MSE=inf | val_MAE=2.1859e+20 | val_LogMAE=0.3566 | time=8.4s
2026-01-21 00:45:22 | INFO    | Epoch 018 | train=0.3427 | val_loss=0.0013 | val_MSE=inf | val_MAE=1.7227e+20 | val_LogMAE=0.3480 | time=8.6s
2026-01-21 00:45:30 | INFO    | Epoch 019 | train=0.3416 | val_loss=0.0006 | val_MSE=inf | val_MAE=1.5840e+20 | val_LogMAE=0.2918 | time=8.5s
2026-01-21 00:45:31 | INFO    |   ↳ Saved new best checkpoint: /Users/yashnilmohanty/Desktop/chemCalculations/runs_autoencoder_x240_static_32/best.pt
2026-01-21 00:45:39 | INFO    | Epoch 020 | train=0.3370 | val_loss=0.0005 | val_MSE=inf | val_MAE=2.8802e+20 | val_LogMAE=0.3058 | time=8.4s
2026-01-21 00:45:39 | INFO    |   ↳ Saved new best checkpoint: /Users/yashnilmohanty/Desktop/chemCalculations/runs_autoencoder_x240_static_32/best.pt
2026-01-21 00:45:47 | INFO    | Epoch 021 | train=0.3323 | val_loss=0.0008 | val_MSE=inf | val_MAE=3.1197e+20 | val_LogMAE=0.3621 | time=8.5s
2026-01-21 00:45:56 | INFO    | Epoch 022 | train=0.3234 | val_loss=0.0010 | val_MSE=inf | val_MAE=2.1921e+20 | val_LogMAE=0.3026 | time=8.5s
2026-01-21 00:46:05 | INFO    | Epoch 023 | train=0.3161 | val_loss=0.0006 | val_MSE=inf | val_MAE=1.1725e+20 | val_LogMAE=0.2732 | time=8.8s
2026-01-21 00:46:13 | INFO    | Epoch 024 | train=0.3140 | val_loss=0.0007 | val_MSE=inf | val_MAE=2.5939e+20 | val_LogMAE=0.2635 | time=8.5s
2026-01-21 00:46:22 | INFO    | Epoch 025 | train=0.3161 | val_loss=0.0014 | val_MSE=inf | val_MAE=1.5859e+20 | val_LogMAE=0.3011 | time=8.4s
2026-01-21 00:46:30 | INFO    | Epoch 026 | train=0.3082 | val_loss=0.0008 | val_MSE=inf | val_MAE=2.2082e+20 | val_LogMAE=0.2849 | time=8.3s
2026-01-21 00:46:38 | INFO    | Epoch 027 | train=0.3033 | val_loss=0.0008 | val_MSE=inf | val_MAE=1.5517e+20 | val_LogMAE=0.2624 | time=8.4s
2026-01-21 00:46:47 | INFO    | Epoch 028 | train=0.3039 | val_loss=0.0011 | val_MSE=inf | val_MAE=1.6168e+20 | val_LogMAE=0.2866 | time=8.5s
2026-01-21 00:46:55 | INFO    | Epoch 029 | train=0.2952 | val_loss=0.0013 | val_MSE=inf | val_MAE=1.5116e+20 | val_LogMAE=0.2880 | time=8.5s
2026-01-21 00:47:04 | INFO    | Epoch 030 | train=0.2966 | val_loss=0.0007 | val_MSE=inf | val_MAE=1.2055e+20 | val_LogMAE=0.2685 | time=8.5s
2026-01-21 00:47:12 | INFO    | Epoch 031 | train=0.2856 | val_loss=0.0010 | val_MSE=inf | val_MAE=1.4913e+20 | val_LogMAE=0.3002 | time=8.5s
2026-01-21 00:47:21 | INFO    | Epoch 032 | train=0.1913 | val_loss=0.0006 | val_MSE=inf | val_MAE=1.1198e+20 | val_LogMAE=0.1859 | time=8.5s
2026-01-21 00:47:29 | INFO    | Epoch 033 | train=0.1854 | val_loss=0.0003 | val_MSE=inf | val_MAE=1.0048e+20 | val_LogMAE=0.1509 | time=8.4s
2026-01-21 00:47:29 | INFO    |   ↳ Saved new best checkpoint: /Users/yashnilmohanty/Desktop/chemCalculations/runs_autoencoder_x240_static_32/best.pt
2026-01-21 00:47:38 | INFO    | Epoch 034 | train=0.1799 | val_loss=0.0004 | val_MSE=inf | val_MAE=1.0319e+20 | val_LogMAE=0.1665 | time=8.5s
2026-01-21 00:47:46 | INFO    | Epoch 035 | train=0.1821 | val_loss=0.0004 | val_MSE=inf | val_MAE=1.0095e+20 | val_LogMAE=0.1502 | time=8.5s
2026-01-21 00:47:55 | INFO    | Epoch 036 | train=0.1803 | val_loss=0.0004 | val_MSE=inf | val_MAE=7.4489e+19 | val_LogMAE=0.1569 | time=8.6s
2026-01-21 00:48:04 | INFO    | Epoch 037 | train=0.1833 | val_loss=0.0005 | val_MSE=inf | val_MAE=7.6393e+19 | val_LogMAE=0.1816 | time=8.5s
2026-01-21 00:48:12 | INFO    | Epoch 038 | train=0.1823 | val_loss=0.0005 | val_MSE=inf | val_MAE=8.7083e+19 | val_LogMAE=0.1669 | time=8.6s
2026-01-21 00:48:21 | INFO    | Epoch 039 | train=0.1738 | val_loss=0.0005 | val_MSE=inf | val_MAE=9.2688e+19 | val_LogMAE=0.1692 | time=8.5s
2026-01-21 00:48:29 | INFO    | Epoch 040 | train=0.1714 | val_loss=0.0005 | val_MSE=inf | val_MAE=7.9826e+19 | val_LogMAE=0.1718 | time=8.5s
2026-01-21 00:48:38 | INFO    | Epoch 041 | train=0.1791 | val_loss=0.0005 | val_MSE=inf | val_MAE=7.5048e+19 | val_LogMAE=0.1679 | time=8.5s
2026-01-21 00:48:46 | INFO    | Epoch 042 | train=0.1755 | val_loss=0.0005 | val_MSE=inf | val_MAE=1.3309e+20 | val_LogMAE=0.1821 | time=8.5s
2026-01-21 00:48:54 | INFO    | Epoch 043 | train=0.1833 | val_loss=0.0004 | val_MSE=inf | val_MAE=7.1711e+19 | val_LogMAE=0.1571 | time=8.4s
2026-01-21 00:49:03 | INFO    | Epoch 044 | train=0.1702 | val_loss=0.0005 | val_MSE=inf | val_MAE=1.0784e+20 | val_LogMAE=0.1754 | time=8.5s
2026-01-21 00:49:12 | INFO    | Epoch 045 | train=0.1245 | val_loss=0.0003 | val_MSE=inf | val_MAE=5.7180e+19 | val_LogMAE=0.1115 | time=8.5s
2026-01-21 00:49:20 | INFO    | Epoch 046 | train=0.1226 | val_loss=0.0003 | val_MSE=inf | val_MAE=5.7290e+19 | val_LogMAE=0.1057 | time=8.6s
2026-01-21 00:49:20 | INFO    |   ↳ Saved new best checkpoint: /Users/yashnilmohanty/Desktop/chemCalculations/runs_autoencoder_x240_static_32/best.pt
2026-01-21 00:49:29 | INFO    | Epoch 047 | train=0.1184 | val_loss=0.0003 | val_MSE=inf | val_MAE=4.9702e+19 | val_LogMAE=0.0974 | time=8.5s
2026-01-21 00:49:29 | INFO    |   ↳ Saved new best checkpoint: /Users/yashnilmohanty/Desktop/chemCalculations/runs_autoencoder_x240_static_32/best.pt
2026-01-21 00:49:37 | INFO    | Epoch 048 | train=0.1196 | val_loss=0.0003 | val_MSE=inf | val_MAE=4.4321e+19 | val_LogMAE=0.1042 | time=8.4s
2026-01-21 00:49:37 | INFO    |   ↳ Saved new best checkpoint: /Users/yashnilmohanty/Desktop/chemCalculations/runs_autoencoder_x240_static_32/best.pt
2026-01-21 00:49:46 | INFO    | Epoch 049 | train=0.1152 | val_loss=0.0003 | val_MSE=inf | val_MAE=6.0817e+19 | val_LogMAE=0.1036 | time=8.5s
2026-01-21 00:49:54 | INFO    | Epoch 050 | train=0.1173 | val_loss=0.0004 | val_MSE=inf | val_MAE=5.1073e+19 | val_LogMAE=0.1150 | time=8.5s
2026-01-21 00:50:03 | INFO    | Epoch 051 | train=0.1155 | val_loss=0.0002 | val_MSE=inf | val_MAE=4.9975e+19 | val_LogMAE=0.0894 | time=8.6s
2026-01-21 00:50:03 | INFO    |   ↳ Saved new best checkpoint: /Users/yashnilmohanty/Desktop/chemCalculations/runs_autoencoder_x240_static_32/best.pt
2026-01-21 00:50:11 | INFO    | Epoch 052 | train=0.1136 | val_loss=0.0003 | val_MSE=inf | val_MAE=5.8406e+19 | val_LogMAE=0.1085 | time=8.5s
2026-01-21 00:50:20 | INFO    | Epoch 053 | train=0.1139 | val_loss=0.0006 | val_MSE=inf | val_MAE=5.4820e+19 | val_LogMAE=0.1252 | time=8.6s
2026-01-21 00:50:29 | INFO    | Epoch 054 | train=0.1131 | val_loss=0.0003 | val_MSE=inf | val_MAE=7.8744e+19 | val_LogMAE=0.1059 | time=8.5s
2026-01-21 00:50:37 | INFO    | Epoch 055 | train=0.1135 | val_loss=0.0003 | val_MSE=inf | val_MAE=5.9340e+19 | val_LogMAE=0.1025 | time=8.6s
2026-01-21 00:50:46 | INFO    | Epoch 056 | train=0.1133 | val_loss=0.0003 | val_MSE=inf | val_MAE=4.6126e+19 | val_LogMAE=0.0995 | time=8.5s
2026-01-21 00:50:54 | INFO    | Epoch 057 | train=0.1151 | val_loss=0.0003 | val_MSE=inf | val_MAE=6.1922e+19 | val_LogMAE=0.1069 | time=8.6s
2026-01-21 00:51:03 | INFO    | Epoch 058 | train=0.1121 | val_loss=0.0003 | val_MSE=inf | val_MAE=6.5181e+19 | val_LogMAE=0.1152 | time=8.9s
2026-01-21 00:51:12 | INFO    | Epoch 059 | train=0.1097 | val_loss=0.0003 | val_MSE=inf | val_MAE=5.4957e+19 | val_LogMAE=0.1097 | time=8.4s
2026-01-21 00:51:20 | INFO    | Epoch 060 | train=0.1140 | val_loss=0.0006 | val_MSE=inf | val_MAE=4.8906e+19 | val_LogMAE=0.1236 | time=8.4s
2026-01-21 00:51:28 | INFO    | Epoch 061 | train=0.1164 | val_loss=0.0003 | val_MSE=inf | val_MAE=4.7093e+19 | val_LogMAE=0.1033 | time=8.4s
2026-01-21 00:51:37 | INFO    | Epoch 062 | train=0.1091 | val_loss=0.0003 | val_MSE=inf | val_MAE=4.9792e+19 | val_LogMAE=0.1048 | time=8.5s
2026-01-21 00:51:45 | INFO    | Epoch 063 | train=0.0876 | val_loss=0.0002 | val_MSE=inf | val_MAE=4.2432e+19 | val_LogMAE=0.0772 | time=8.5s
2026-01-21 00:51:54 | INFO    | Epoch 064 | train=0.0822 | val_loss=0.0002 | val_MSE=inf | val_MAE=3.7850e+19 | val_LogMAE=0.0744 | time=8.5s
2026-01-21 00:51:54 | INFO    |   ↳ Saved new best checkpoint: /Users/yashnilmohanty/Desktop/chemCalculations/runs_autoencoder_x240_static_32/best.pt
2026-01-21 00:52:03 | INFO    | Epoch 065 | train=0.0835 | val_loss=0.0002 | val_MSE=inf | val_MAE=4.1673e+19 | val_LogMAE=0.0795 | time=8.5s
2026-01-21 00:52:11 | INFO    | Epoch 066 | train=0.0835 | val_loss=0.0002 | val_MSE=inf | val_MAE=3.5911e+19 | val_LogMAE=0.0733 | time=8.5s
2026-01-21 00:52:11 | INFO    |   ↳ Saved new best checkpoint: /Users/yashnilmohanty/Desktop/chemCalculations/runs_autoencoder_x240_static_32/best.pt
2026-01-21 00:52:20 | INFO    | Epoch 067 | train=0.0828 | val_loss=0.0003 | val_MSE=inf | val_MAE=4.0034e+19 | val_LogMAE=0.0783 | time=8.5s
2026-01-21 00:52:28 | INFO    | Epoch 068 | train=0.0840 | val_loss=0.0002 | val_MSE=inf | val_MAE=4.1831e+19 | val_LogMAE=0.0736 | time=8.6s
2026-01-21 00:52:28 | INFO    |   ↳ Saved new best checkpoint: /Users/yashnilmohanty/Desktop/chemCalculations/runs_autoencoder_x240_static_32/best.pt
2026-01-21 00:52:37 | INFO    | Epoch 069 | train=0.0811 | val_loss=0.0002 | val_MSE=inf | val_MAE=3.8791e+19 | val_LogMAE=0.0776 | time=8.5s
2026-01-21 00:52:45 | INFO    | Epoch 070 | train=0.0829 | val_loss=0.0002 | val_MSE=inf | val_MAE=3.3711e+19 | val_LogMAE=0.0723 | time=8.5s
2026-01-21 00:52:54 | INFO    | Epoch 071 | train=0.0813 | val_loss=0.0003 | val_MSE=inf | val_MAE=3.3305e+19 | val_LogMAE=0.0761 | time=8.5s
2026-01-21 00:53:02 | INFO    | Epoch 072 | train=0.0805 | val_loss=0.0002 | val_MSE=inf | val_MAE=3.7445e+19 | val_LogMAE=0.0753 | time=8.6s
2026-01-21 00:53:11 | INFO    | Epoch 073 | train=0.0791 | val_loss=0.0002 | val_MSE=inf | val_MAE=3.6613e+19 | val_LogMAE=0.0711 | time=8.4s
2026-01-21 00:53:11 | INFO    |   ↳ Saved new best checkpoint: /Users/yashnilmohanty/Desktop/chemCalculations/runs_autoencoder_x240_static_32/best.pt
2026-01-21 00:53:19 | INFO    | Epoch 074 | train=0.0803 | val_loss=0.0002 | val_MSE=inf | val_MAE=4.4016e+19 | val_LogMAE=0.0759 | time=8.5s
2026-01-21 00:53:28 | INFO    | Epoch 075 | train=0.0794 | val_loss=0.0002 | val_MSE=inf | val_MAE=4.0407e+19 | val_LogMAE=0.0722 | time=8.6s
2026-01-21 00:53:36 | INFO    | Epoch 076 | train=0.0785 | val_loss=0.0003 | val_MSE=inf | val_MAE=3.8177e+19 | val_LogMAE=0.0797 | time=8.5s
2026-01-21 00:53:45 | INFO    | Epoch 077 | train=0.0790 | val_loss=0.0002 | val_MSE=inf | val_MAE=3.6663e+19 | val_LogMAE=0.0686 | time=8.6s
2026-01-21 00:53:53 | INFO    | Epoch 078 | train=0.0782 | val_loss=0.0002 | val_MSE=inf | val_MAE=3.6379e+19 | val_LogMAE=0.0695 | time=8.5s
2026-01-21 00:54:02 | INFO    | Epoch 079 | train=0.0777 | val_loss=0.0004 | val_MSE=inf | val_MAE=3.7847e+19 | val_LogMAE=0.0822 | time=8.5s
2026-01-21 00:54:10 | INFO    | Epoch 080 | train=0.0785 | val_loss=0.0003 | val_MSE=inf | val_MAE=3.6154e+19 | val_LogMAE=0.0788 | time=8.5s
2026-01-21 00:54:19 | INFO    | Epoch 081 | train=0.0774 | val_loss=0.0002 | val_MSE=inf | val_MAE=3.5817e+19 | val_LogMAE=0.0720 | time=8.5s
2026-01-21 00:54:27 | INFO    | Epoch 082 | train=0.0782 | val_loss=0.0002 | val_MSE=inf | val_MAE=3.6797e+19 | val_LogMAE=0.0741 | time=8.5s
2026-01-21 00:54:36 | INFO    | Epoch 083 | train=0.0785 | val_loss=0.0002 | val_MSE=inf | val_MAE=3.7857e+19 | val_LogMAE=0.0666 | time=8.6s
2026-01-21 00:54:36 | INFO    |   ↳ Saved new best checkpoint: /Users/yashnilmohanty/Desktop/chemCalculations/runs_autoencoder_x240_static_32/best.pt
2026-01-21 00:54:45 | INFO    | Epoch 084 | train=0.0775 | val_loss=0.0002 | val_MSE=inf | val_MAE=3.0752e+19 | val_LogMAE=0.0676 | time=8.6s
2026-01-21 00:54:53 | INFO    | Epoch 085 | train=0.0777 | val_loss=0.0002 | val_MSE=inf | val_MAE=3.5189e+19 | val_LogMAE=0.0692 | time=8.5s
2026-01-21 00:55:02 | INFO    | Epoch 086 | train=0.0765 | val_loss=0.0003 | val_MSE=inf | val_MAE=4.0235e+19 | val_LogMAE=0.0795 | time=8.6s
2026-01-21 00:55:10 | INFO    | Epoch 087 | train=0.0785 | val_loss=0.0002 | val_MSE=inf | val_MAE=3.8361e+19 | val_LogMAE=0.0702 | time=8.5s
2026-01-21 00:55:19 | INFO    | Epoch 088 | train=0.0754 | val_loss=0.0002 | val_MSE=inf | val_MAE=3.6555e+19 | val_LogMAE=0.0689 | time=8.5s
2026-01-21 00:55:27 | INFO    | Epoch 089 | train=0.0767 | val_loss=0.0003 | val_MSE=inf | val_MAE=3.5295e+19 | val_LogMAE=0.0730 | time=8.5s
2026-01-21 00:55:36 | INFO    | Epoch 090 | train=0.0757 | val_loss=0.0003 | val_MSE=inf | val_MAE=3.5083e+19 | val_LogMAE=0.0787 | time=8.5s
2026-01-21 00:55:45 | INFO    | Epoch 091 | train=0.0767 | val_loss=0.0002 | val_MSE=inf | val_MAE=3.5706e+19 | val_LogMAE=0.0693 | time=8.6s
2026-01-21 00:55:53 | INFO    | Epoch 092 | train=0.0749 | val_loss=0.0003 | val_MSE=inf | val_MAE=3.7007e+19 | val_LogMAE=0.0765 | time=8.6s
2026-01-21 00:56:02 | INFO    | Epoch 093 | train=0.0749 | val_loss=0.0003 | val_MSE=inf | val_MAE=3.6284e+19 | val_LogMAE=0.0743 | time=8.7s
2026-01-21 00:56:10 | INFO    | Epoch 094 | train=0.0772 | val_loss=0.0003 | val_MSE=inf | val_MAE=3.7236e+19 | val_LogMAE=0.0737 | time=8.4s
2026-01-21 00:56:19 | INFO    | Epoch 095 | train=0.0639 | val_loss=0.0002 | val_MSE=inf | val_MAE=3.0689e+19 | val_LogMAE=0.0582 | time=8.6s
2026-01-21 00:56:27 | INFO    | Epoch 096 | train=0.0635 | val_loss=0.0002 | val_MSE=inf | val_MAE=3.5703e+19 | val_LogMAE=0.0630 | time=8.5s
2026-01-21 00:56:36 | INFO    | Epoch 097 | train=0.0626 | val_loss=0.0002 | val_MSE=inf | val_MAE=3.2566e+19 | val_LogMAE=0.0572 | time=8.5s
2026-01-21 00:56:36 | INFO    |   ↳ Saved new best checkpoint: /Users/yashnilmohanty/Desktop/chemCalculations/runs_autoencoder_x240_static_32/best.pt
2026-01-21 00:56:45 | INFO    | Epoch 098 | train=0.0623 | val_loss=0.0003 | val_MSE=inf | val_MAE=2.8680e+19 | val_LogMAE=0.0663 | time=8.6s
2026-01-21 00:56:53 | INFO    | Epoch 099 | train=0.0627 | val_loss=0.0002 | val_MSE=inf | val_MAE=2.7147e+19 | val_LogMAE=0.0557 | time=8.7s
2026-01-21 00:57:02 | INFO    | Epoch 100 | train=0.0616 | val_loss=0.0003 | val_MSE=inf | val_MAE=3.1947e+19 | val_LogMAE=0.0612 | time=8.5s
2026-01-21 00:57:10 | INFO    | Epoch 101 | train=0.0617 | val_loss=0.0002 | val_MSE=inf | val_MAE=3.0678e+19 | val_LogMAE=0.0590 | time=8.6s
2026-01-21 00:57:19 | INFO    | Epoch 102 | train=0.0613 | val_loss=0.0002 | val_MSE=inf | val_MAE=2.7646e+19 | val_LogMAE=0.0552 | time=8.5s
2026-01-21 00:57:27 | INFO    | Epoch 103 | train=0.0608 | val_loss=0.0002 | val_MSE=inf | val_MAE=2.8517e+19 | val_LogMAE=0.0558 | time=8.5s
2026-01-21 00:57:36 | INFO    | Epoch 104 | train=0.0613 | val_loss=0.0002 | val_MSE=inf | val_MAE=2.9064e+19 | val_LogMAE=0.0567 | time=8.5s
2026-01-21 00:57:44 | INFO    | Epoch 105 | train=0.0610 | val_loss=0.0002 | val_MSE=inf | val_MAE=2.8539e+19 | val_LogMAE=0.0570 | time=8.5s
2026-01-21 00:57:53 | INFO    | Epoch 106 | train=0.0611 | val_loss=0.0002 | val_MSE=inf | val_MAE=2.9929e+19 | val_LogMAE=0.0592 | time=8.5s
2026-01-21 00:58:01 | INFO    | Epoch 107 | train=0.0611 | val_loss=0.0002 | val_MSE=inf | val_MAE=2.7856e+19 | val_LogMAE=0.0577 | time=8.6s
2026-01-21 00:58:10 | INFO    | Epoch 108 | train=0.0612 | val_loss=0.0002 | val_MSE=inf | val_MAE=3.0457e+19 | val_LogMAE=0.0553 | time=8.5s
2026-01-21 00:58:18 | INFO    | Epoch 109 | train=0.0559 | val_loss=0.0002 | val_MSE=inf | val_MAE=2.6647e+19 | val_LogMAE=0.0534 | time=8.6s
2026-01-21 00:58:27 | INFO    | Epoch 110 | train=0.0546 | val_loss=0.0002 | val_MSE=inf | val_MAE=2.8038e+19 | val_LogMAE=0.0514 | time=8.4s
2026-01-21 00:58:35 | INFO    | Epoch 111 | train=0.0545 | val_loss=0.0002 | val_MSE=inf | val_MAE=2.6221e+19 | val_LogMAE=0.0519 | time=8.4s
2026-01-21 00:58:44 | INFO    | Epoch 112 | train=0.0544 | val_loss=0.0002 | val_MSE=inf | val_MAE=2.8125e+19 | val_LogMAE=0.0505 | time=8.6s
2026-01-21 00:58:44 | INFO    |   ↳ Saved new best checkpoint: /Users/yashnilmohanty/Desktop/chemCalculations/runs_autoencoder_x240_static_32/best.pt
2026-01-21 00:58:53 | INFO    | Epoch 113 | train=0.0540 | val_loss=0.0002 | val_MSE=inf | val_MAE=2.7173e+19 | val_LogMAE=0.0501 | time=8.5s
2026-01-21 00:59:01 | INFO    | Epoch 114 | train=0.0542 | val_loss=0.0002 | val_MSE=inf | val_MAE=2.7008e+19 | val_LogMAE=0.0500 | time=8.6s
2026-01-21 00:59:10 | INFO    | Epoch 115 | train=0.0543 | val_loss=0.0002 | val_MSE=inf | val_MAE=2.6315e+19 | val_LogMAE=0.0498 | time=8.6s
2026-01-21 00:59:10 | INFO    |   ↳ Saved new best checkpoint: /Users/yashnilmohanty/Desktop/chemCalculations/runs_autoencoder_x240_static_32/best.pt
2026-01-21 00:59:18 | INFO    | Epoch 116 | train=0.0539 | val_loss=0.0002 | val_MSE=inf | val_MAE=2.5166e+19 | val_LogMAE=0.0498 | time=8.6s
2026-01-21 00:59:27 | INFO    | Epoch 117 | train=0.0537 | val_loss=0.0002 | val_MSE=inf | val_MAE=2.7406e+19 | val_LogMAE=0.0494 | time=8.5s
2026-01-21 00:59:36 | INFO    | Epoch 118 | train=0.0536 | val_loss=0.0002 | val_MSE=inf | val_MAE=2.5151e+19 | val_LogMAE=0.0492 | time=8.6s
2026-01-21 00:59:44 | INFO    | Epoch 119 | train=0.0536 | val_loss=0.0002 | val_MSE=inf | val_MAE=2.6531e+19 | val_LogMAE=0.0508 | time=8.5s
2026-01-21 00:59:53 | INFO    | Epoch 120 | train=0.0536 | val_loss=0.0002 | val_MSE=inf | val_MAE=2.6938e+19 | val_LogMAE=0.0519 | time=8.6s
2026-01-21 01:00:01 | INFO    | Epoch 121 | train=0.0535 | val_loss=0.0002 | val_MSE=inf | val_MAE=2.5697e+19 | val_LogMAE=0.0509 | time=8.5s
2026-01-21 01:00:10 | INFO    | Epoch 122 | train=0.0532 | val_loss=0.0002 | val_MSE=inf | val_MAE=2.4924e+19 | val_LogMAE=0.0489 | time=8.5s
2026-01-21 01:00:18 | INFO    | Epoch 123 | train=0.0532 | val_loss=0.0002 | val_MSE=inf | val_MAE=2.5033e+19 | val_LogMAE=0.0502 | time=8.6s
2026-01-21 01:00:18 | INFO    |   ↳ Saved new best checkpoint: /Users/yashnilmohanty/Desktop/chemCalculations/runs_autoencoder_x240_static_32/best.pt
2026-01-21 01:00:27 | INFO    | Epoch 124 | train=0.0530 | val_loss=0.0002 | val_MSE=inf | val_MAE=2.4871e+19 | val_LogMAE=0.0503 | time=8.6s
2026-01-21 01:00:27 | INFO    |   ↳ Saved new best checkpoint: /Users/yashnilmohanty/Desktop/chemCalculations/runs_autoencoder_x240_static_32/best.pt
2026-01-21 01:00:36 | INFO    | Epoch 125 | train=0.0531 | val_loss=0.0002 | val_MSE=inf | val_MAE=2.6398e+19 | val_LogMAE=0.0507 | time=8.5s
2026-01-21 01:00:44 | INFO    | Epoch 126 | train=0.0528 | val_loss=0.0002 | val_MSE=inf | val_MAE=2.6414e+19 | val_LogMAE=0.0501 | time=8.6s
2026-01-21 01:00:53 | INFO    | Epoch 127 | train=0.0524 | val_loss=0.0002 | val_MSE=inf | val_MAE=2.5262e+19 | val_LogMAE=0.0499 | time=8.6s
2026-01-21 01:01:02 | INFO    | Epoch 128 | train=0.0527 | val_loss=0.0002 | val_MSE=inf | val_MAE=2.5153e+19 | val_LogMAE=0.0492 | time=8.8s
2026-01-21 01:01:10 | INFO    | Epoch 129 | train=0.0527 | val_loss=0.0002 | val_MSE=inf | val_MAE=2.6320e+19 | val_LogMAE=0.0504 | time=8.6s
2026-01-21 01:01:19 | INFO    | Epoch 130 | train=0.0528 | val_loss=0.0002 | val_MSE=inf | val_MAE=2.4977e+19 | val_LogMAE=0.0494 | time=8.6s
2026-01-21 01:01:27 | INFO    | Epoch 131 | train=0.0521 | val_loss=0.0002 | val_MSE=inf | val_MAE=2.5283e+19 | val_LogMAE=0.0503 | time=8.5s
2026-01-21 01:01:36 | INFO    | Epoch 132 | train=0.0521 | val_loss=0.0002 | val_MSE=inf | val_MAE=2.6801e+19 | val_LogMAE=0.0508 | time=8.5s
2026-01-21 01:01:44 | INFO    | Epoch 133 | train=0.0524 | val_loss=0.0002 | val_MSE=inf | val_MAE=2.4994e+19 | val_LogMAE=0.0485 | time=8.5s
2026-01-21 01:01:53 | INFO    | Epoch 134 | train=0.0522 | val_loss=0.0002 | val_MSE=inf | val_MAE=2.4529e+19 | val_LogMAE=0.0487 | time=8.5s
2026-01-21 01:02:01 | INFO    | Epoch 135 | train=0.0523 | val_loss=0.0002 | val_MSE=inf | val_MAE=2.5480e+19 | val_LogMAE=0.0499 | time=8.6s
2026-01-21 01:02:10 | INFO    | Epoch 136 | train=0.0494 | val_loss=0.0002 | val_MSE=inf | val_MAE=2.4344e+19 | val_LogMAE=0.0465 | time=8.7s
2026-01-21 01:02:19 | INFO    | Epoch 137 | train=0.0493 | val_loss=0.0002 | val_MSE=inf | val_MAE=2.3573e+19 | val_LogMAE=0.0467 | time=8.7s
2026-01-21 01:02:19 | INFO    |   ↳ Saved new best checkpoint: /Users/yashnilmohanty/Desktop/chemCalculations/runs_autoencoder_x240_static_32/best.pt
2026-01-21 01:02:27 | INFO    | Epoch 138 | train=0.0493 | val_loss=0.0002 | val_MSE=inf | val_MAE=2.3514e+19 | val_LogMAE=0.0470 | time=8.5s
2026-01-21 01:02:36 | INFO    | Epoch 139 | train=0.0490 | val_loss=0.0002 | val_MSE=inf | val_MAE=2.3845e+19 | val_LogMAE=0.0469 | time=8.6s
2026-01-21 01:02:44 | INFO    | Epoch 140 | train=0.0492 | val_loss=0.0002 | val_MSE=inf | val_MAE=2.3858e+19 | val_LogMAE=0.0463 | time=8.6s
2026-01-21 01:02:45 | INFO    |   ↳ Saved new best checkpoint: /Users/yashnilmohanty/Desktop/chemCalculations/runs_autoencoder_x240_static_32/best.pt
2026-01-21 01:02:53 | INFO    | Epoch 141 | train=0.0490 | val_loss=0.0002 | val_MSE=inf | val_MAE=2.5078e+19 | val_LogMAE=0.0465 | time=8.6s
2026-01-21 01:03:02 | INFO    | Epoch 142 | train=0.0490 | val_loss=0.0002 | val_MSE=inf | val_MAE=2.3860e+19 | val_LogMAE=0.0468 | time=8.5s
2026-01-21 01:03:10 | INFO    | Epoch 143 | train=0.0490 | val_loss=0.0002 | val_MSE=inf | val_MAE=2.4188e+19 | val_LogMAE=0.0459 | time=8.5s
2026-01-21 01:03:19 | INFO    | Epoch 144 | train=0.0489 | val_loss=0.0002 | val_MSE=inf | val_MAE=2.3089e+19 | val_LogMAE=0.0460 | time=8.6s
2026-01-21 01:03:27 | INFO    | Epoch 145 | train=0.0486 | val_loss=0.0002 | val_MSE=inf | val_MAE=2.4505e+19 | val_LogMAE=0.0464 | time=8.5s
2026-01-21 01:03:36 | INFO    | Epoch 146 | train=0.0488 | val_loss=0.0002 | val_MSE=inf | val_MAE=2.3408e+19 | val_LogMAE=0.0466 | time=8.6s
2026-01-21 01:03:44 | INFO    | Epoch 147 | train=0.0488 | val_loss=0.0002 | val_MSE=inf | val_MAE=2.3799e+19 | val_LogMAE=0.0460 | time=8.6s
2026-01-21 01:03:53 | INFO    | Epoch 148 | train=0.0486 | val_loss=0.0002 | val_MSE=inf | val_MAE=2.3339e+19 | val_LogMAE=0.0461 | time=8.6s
2026-01-21 01:04:02 | INFO    | Epoch 149 | train=0.0485 | val_loss=0.0002 | val_MSE=inf | val_MAE=2.5075e+19 | val_LogMAE=0.0465 | time=8.7s
2026-01-21 01:04:10 | INFO    | Epoch 150 | train=0.0488 | val_loss=0.0002 | val_MSE=inf | val_MAE=2.3312e+19 | val_LogMAE=0.0460 | time=8.5s
2026-01-21 01:04:19 | INFO    | Epoch 151 | train=0.0484 | val_loss=0.0002 | val_MSE=inf | val_MAE=2.3623e+19 | val_LogMAE=0.0461 | time=8.5s
2026-01-21 01:04:27 | INFO    | Epoch 152 | train=0.0472 | val_loss=0.0002 | val_MSE=inf | val_MAE=2.2963e+19 | val_LogMAE=0.0449 | time=8.6s
2026-01-21 01:04:36 | INFO    | Epoch 153 | train=0.0472 | val_loss=0.0002 | val_MSE=inf | val_MAE=2.3050e+19 | val_LogMAE=0.0447 | time=8.6s
2026-01-21 01:04:44 | INFO    | Epoch 154 | train=0.0472 | val_loss=0.0002 | val_MSE=inf | val_MAE=2.2858e+19 | val_LogMAE=0.0446 | time=8.6s
2026-01-21 01:04:53 | INFO    | Epoch 155 | train=0.0470 | val_loss=0.0002 | val_MSE=inf | val_MAE=2.3085e+19 | val_LogMAE=0.0448 | time=8.5s
2026-01-21 01:05:01 | INFO    | Epoch 156 | train=0.0471 | val_loss=0.0002 | val_MSE=inf | val_MAE=2.2968e+19 | val_LogMAE=0.0449 | time=8.5s
2026-01-21 01:05:10 | INFO    | Epoch 157 | train=0.0470 | val_loss=0.0002 | val_MSE=inf | val_MAE=2.2779e+19 | val_LogMAE=0.0445 | time=8.5s
2026-01-21 01:05:19 | INFO    | Epoch 158 | train=0.0470 | val_loss=0.0002 | val_MSE=inf | val_MAE=2.2680e+19 | val_LogMAE=0.0451 | time=8.6s
2026-01-21 01:05:27 | INFO    | Epoch 159 | train=0.0469 | val_loss=0.0002 | val_MSE=inf | val_MAE=2.3088e+19 | val_LogMAE=0.0452 | time=8.4s
2026-01-21 01:05:35 | INFO    | Epoch 160 | train=0.0469 | val_loss=0.0002 | val_MSE=inf | val_MAE=2.3131e+19 | val_LogMAE=0.0447 | time=8.5s
2026-01-21 01:05:44 | INFO    | Epoch 161 | train=0.0468 | val_loss=0.0002 | val_MSE=inf | val_MAE=2.3433e+19 | val_LogMAE=0.0449 | time=8.4s
2026-01-21 01:05:52 | INFO    | Epoch 162 | train=0.0468 | val_loss=0.0002 | val_MSE=inf | val_MAE=2.2781e+19 | val_LogMAE=0.0451 | time=8.5s
2026-01-21 01:06:01 | INFO    | Epoch 163 | train=0.0462 | val_loss=0.0002 | val_MSE=inf | val_MAE=2.2747e+19 | val_LogMAE=0.0442 | time=8.8s
2026-01-21 01:06:10 | INFO    | Epoch 164 | train=0.0461 | val_loss=0.0002 | val_MSE=inf | val_MAE=2.2663e+19 | val_LogMAE=0.0441 | time=8.6s
2026-01-21 01:06:18 | INFO    | Epoch 165 | train=0.0460 | val_loss=0.0002 | val_MSE=inf | val_MAE=2.2568e+19 | val_LogMAE=0.0441 | time=8.5s
2026-01-21 01:06:27 | INFO    | Epoch 166 | train=0.0460 | val_loss=0.0002 | val_MSE=inf | val_MAE=2.2807e+19 | val_LogMAE=0.0439 | time=8.6s
2026-01-21 01:06:35 | INFO    | Epoch 167 | train=0.0461 | val_loss=0.0002 | val_MSE=inf | val_MAE=2.2609e+19 | val_LogMAE=0.0441 | time=8.5s
2026-01-21 01:06:44 | INFO    | Epoch 168 | train=0.0462 | val_loss=0.0002 | val_MSE=inf | val_MAE=2.3025e+19 | val_LogMAE=0.0442 | time=8.5s
2026-01-21 01:06:52 | INFO    | Epoch 169 | train=0.0460 | val_loss=0.0002 | val_MSE=inf | val_MAE=2.2996e+19 | val_LogMAE=0.0440 | time=8.5s
2026-01-21 01:07:01 | INFO    | Epoch 170 | train=0.0460 | val_loss=0.0002 | val_MSE=inf | val_MAE=2.2658e+19 | val_LogMAE=0.0440 | time=8.5s
2026-01-21 01:07:09 | INFO    | Epoch 171 | train=0.0460 | val_loss=0.0002 | val_MSE=inf | val_MAE=2.2713e+19 | val_LogMAE=0.0441 | time=8.6s
2026-01-21 01:07:18 | INFO    | Epoch 172 | train=0.0460 | val_loss=0.0002 | val_MSE=inf | val_MAE=2.3156e+19 | val_LogMAE=0.0440 | time=8.5s
2026-01-21 01:07:26 | INFO    | Epoch 173 | train=0.0461 | val_loss=0.0002 | val_MSE=inf | val_MAE=2.2626e+19 | val_LogMAE=0.0440 | time=8.6s
2026-01-21 01:07:35 | INFO    | Epoch 174 | train=0.0456 | val_loss=0.0002 | val_MSE=inf | val_MAE=2.2433e+19 | val_LogMAE=0.0440 | time=8.5s
2026-01-21 01:07:43 | INFO    | Epoch 175 | train=0.0457 | val_loss=0.0002 | val_MSE=inf | val_MAE=2.2534e+19 | val_LogMAE=0.0439 | time=8.5s
2026-01-21 01:07:52 | INFO    | Epoch 176 | train=0.0455 | val_loss=0.0002 | val_MSE=inf | val_MAE=2.2475e+19 | val_LogMAE=0.0438 | time=8.5s
2026-01-21 01:08:00 | INFO    | Epoch 177 | train=0.0456 | val_loss=0.0002 | val_MSE=inf | val_MAE=2.2452e+19 | val_LogMAE=0.0439 | time=8.5s
2026-01-21 01:08:09 | INFO    | Epoch 178 | train=0.0455 | val_loss=0.0002 | val_MSE=inf | val_MAE=2.2574e+19 | val_LogMAE=0.0438 | time=8.6s
2026-01-21 01:08:17 | INFO    | Epoch 179 | train=0.0456 | val_loss=0.0002 | val_MSE=inf | val_MAE=2.2510e+19 | val_LogMAE=0.0437 | time=8.5s
2026-01-21 01:08:26 | INFO    | Epoch 180 | train=0.0456 | val_loss=0.0002 | val_MSE=inf | val_MAE=2.2578e+19 | val_LogMAE=0.0439 | time=8.6s
2026-01-21 01:08:34 | INFO    | Epoch 181 | train=0.0455 | val_loss=0.0002 | val_MSE=inf | val_MAE=2.2529e+19 | val_LogMAE=0.0437 | time=8.5s
2026-01-21 01:08:43 | INFO    | Epoch 182 | train=0.0455 | val_loss=0.0002 | val_MSE=inf | val_MAE=2.2767e+19 | val_LogMAE=0.0438 | time=8.5s
2026-01-21 01:08:51 | INFO    | Epoch 183 | train=0.0455 | val_loss=0.0002 | val_MSE=inf | val_MAE=2.2669e+19 | val_LogMAE=0.0437 | time=8.5s
2026-01-21 01:09:00 | INFO    | Epoch 184 | train=0.0455 | val_loss=0.0002 | val_MSE=inf | val_MAE=2.2337e+19 | val_LogMAE=0.0438 | time=8.5s
2026-01-21 01:09:08 | INFO    | Epoch 185 | train=0.0455 | val_loss=0.0002 | val_MSE=inf | val_MAE=2.2650e+19 | val_LogMAE=0.0437 | time=8.4s
2026-01-21 01:09:17 | INFO    | Epoch 186 | train=0.0455 | val_loss=0.0002 | val_MSE=inf | val_MAE=2.2568e+19 | val_LogMAE=0.0438 | time=8.6s
2026-01-21 01:09:26 | INFO    | Epoch 187 | train=0.0455 | val_loss=0.0002 | val_MSE=inf | val_MAE=2.2696e+19 | val_LogMAE=0.0438 | time=8.6s
2026-01-21 01:09:34 | INFO    | Epoch 188 | train=0.0455 | val_loss=0.0002 | val_MSE=inf | val_MAE=2.2437e+19 | val_LogMAE=0.0438 | time=8.5s
2026-01-21 01:09:43 | INFO    | Epoch 189 | train=0.0454 | val_loss=0.0002 | val_MSE=inf | val_MAE=2.2334e+19 | val_LogMAE=0.0437 | time=8.6s
2026-01-21 01:09:51 | INFO    | Epoch 190 | train=0.0454 | val_loss=0.0002 | val_MSE=inf | val_MAE=2.2563e+19 | val_LogMAE=0.0437 | time=8.6s
2026-01-21 01:10:00 | INFO    | Epoch 191 | train=0.0454 | val_loss=0.0002 | val_MSE=inf | val_MAE=2.2371e+19 | val_LogMAE=0.0437 | time=8.6s
2026-01-21 01:10:09 | INFO    | Epoch 192 | train=0.0454 | val_loss=0.0002 | val_MSE=inf | val_MAE=2.2715e+19 | val_LogMAE=0.0436 | time=8.6s
2026-01-21 01:10:17 | INFO    | Epoch 193 | train=0.0454 | val_loss=0.0002 | val_MSE=inf | val_MAE=2.2838e+19 | val_LogMAE=0.0436 | time=8.4s
2026-01-21 01:10:25 | INFO    | Epoch 194 | train=0.0455 | val_loss=0.0002 | val_MSE=inf | val_MAE=2.2600e+19 | val_LogMAE=0.0436 | time=8.5s
2026-01-21 01:10:34 | INFO    | Epoch 195 | train=0.0454 | val_loss=0.0002 | val_MSE=inf | val_MAE=2.2424e+19 | val_LogMAE=0.0437 | time=8.5s
2026-01-21 01:10:43 | INFO    | Epoch 196 | train=0.0454 | val_loss=0.0002 | val_MSE=inf | val_MAE=2.2515e+19 | val_LogMAE=0.0436 | time=8.6s
2026-01-21 01:10:51 | INFO    | Epoch 197 | train=0.0453 | val_loss=0.0002 | val_MSE=inf | val_MAE=2.2496e+19 | val_LogMAE=0.0436 | time=8.7s
2026-01-21 01:11:00 | INFO    | Epoch 198 | train=0.0454 | val_loss=0.0002 | val_MSE=inf | val_MAE=2.2710e+19 | val_LogMAE=0.0436 | time=8.9s
2026-01-21 01:11:09 | INFO    | Epoch 199 | train=0.0454 | val_loss=0.0002 | val_MSE=inf | val_MAE=2.2528e+19 | val_LogMAE=0.0438 | time=8.6s
2026-01-21 01:11:17 | INFO    | Epoch 200 | train=0.0454 | val_loss=0.0002 | val_MSE=inf | val_MAE=2.2502e+19 | val_LogMAE=0.0436 | time=8.6s
2026-01-21 01:11:17 | INFO    | Training complete. Loading best checkpoint...
2026-01-21 01:11:18 | INFO    | Test metrics | loss=0.0002 | MSE=inf | MAE=2.6388e+19
2026-01-21 01:11:18 | INFO    | Loss history saved to /Users/yashnilmohanty/Desktop/chemCalculations/runs_autoencoder_x240_static_32/loss_history.csv
2026-01-21 01:11:18 | INFO    | Exported inference helper → /Users/yashnilmohanty/Desktop/chemCalculations/runs_autoencoder_x240_static_32/best_model.py
2026-01-21 01:11:18 | INFO    | Summary written to /Users/yashnilmohanty/Desktop/chemCalculations/runs_autoencoder_x240_static_32/summary.json
2026-01-21 01:11:19 | INFO    | Loaded config from: /Users/yashnilmohanty/Desktop/chemCalculations/configs/x480_static_32_config.json
2026-01-21 01:11:19 | INFO    | Training with loss type: log_ratio
2026-01-21 01:11:19 | INFO    | Output directory: /Users/yashnilmohanty/Desktop/chemCalculations/runs_autoencoder_x480_static_32
2026-01-21 01:11:19 | INFO    | Loading CSV: /Users/yashnilmohanty/Desktop/chemCalculations/data/datasets/all_gas_fastchem_x480.csv
2026-01-21 01:11:25 | INFO    | Loaded: 479981 rows × 130 cols
2026-01-21 01:11:25 | INFO    | Input columns (7): ['T_K', 'P_bar', 'abund_C_dex', 'abund_H_dex', 'abund_N_dex', 'abund_O_dex', 'abund_S_dex']
2026-01-21 01:11:25 | INFO    | Using static species list (33 species) from static_species_list_32.json
2026-01-21 01:11:25 | INFO    | Target columns: ['e-', 'N2', 'O2', 'C5', 'H2', 'S2', 'C1S2', 'S7', 'H2S1', 'S8', '...']
2026-01-21 01:11:25 | INFO    | Target weights (first 5): ['0.75', '0.75', '0.88', '1.21', '0.75']
2026-01-21 01:11:26 | INFO    | Model ready (params: 2.013e+06) — state_dim=33 global_dim=7 latent=192
2026-01-21 01:11:26 | INFO    | Using Log-Ratio loss (normalized space: TARGET_LOG_SCALE * |ŷ_scaled - y_scaled|)
2026-01-21 01:11:49 | INFO    | Epoch 001 | train=3.9582 | val_loss=0.0046 | val_MSE=inf | val_MAE=4.8281e+22 | val_LogMAE=1.1902 | time=22.5s
2026-01-21 01:11:49 | INFO    |   ↳ Saved new best checkpoint: /Users/yashnilmohanty/Desktop/chemCalculations/runs_autoencoder_x480_static_32/best.pt
2026-01-21 01:12:11 | INFO    | Epoch 002 | train=0.9440 | val_loss=0.0013 | val_MSE=inf | val_MAE=4.7226e+21 | val_LogMAE=0.5077 | time=22.3s
2026-01-21 01:12:11 | INFO    |   ↳ Saved new best checkpoint: /Users/yashnilmohanty/Desktop/chemCalculations/runs_autoencoder_x480_static_32/best.pt
2026-01-21 01:12:34 | INFO    | Epoch 003 | train=0.5599 | val_loss=0.0013 | val_MSE=inf | val_MAE=3.8350e+21 | val_LogMAE=0.4216 | time=22.5s
2026-01-21 01:12:56 | INFO    | Epoch 004 | train=0.4820 | val_loss=0.0010 | val_MSE=inf | val_MAE=4.8606e+20 | val_LogMAE=0.4278 | time=22.4s
2026-01-21 01:12:56 | INFO    |   ↳ Saved new best checkpoint: /Users/yashnilmohanty/Desktop/chemCalculations/runs_autoencoder_x480_static_32/best.pt
2026-01-21 01:13:19 | INFO    | Epoch 005 | train=0.4344 | val_loss=0.0011 | val_MSE=inf | val_MAE=2.4551e+20 | val_LogMAE=0.4161 | time=22.3s
2026-01-21 01:13:41 | INFO    | Epoch 006 | train=0.4056 | val_loss=0.0011 | val_MSE=inf | val_MAE=3.3894e+20 | val_LogMAE=0.4099 | time=22.6s
2026-01-21 01:14:04 | INFO    | Epoch 007 | train=0.3765 | val_loss=0.0008 | val_MSE=inf | val_MAE=3.6968e+20 | val_LogMAE=0.3385 | time=22.6s
2026-01-21 01:14:04 | INFO    |   ↳ Saved new best checkpoint: /Users/yashnilmohanty/Desktop/chemCalculations/runs_autoencoder_x480_static_32/best.pt
2026-01-21 01:14:24 | INFO    | Epoch 008 | train=0.3688 | val_loss=0.0011 | val_MSE=inf | val_MAE=2.8901e+20 | val_LogMAE=0.3323 | time=20.6s
2026-01-21 01:14:47 | INFO    | Epoch 009 | train=0.3461 | val_loss=0.0011 | val_MSE=inf | val_MAE=3.0148e+20 | val_LogMAE=0.4043 | time=22.2s
2026-01-21 01:15:09 | INFO    | Epoch 010 | train=0.3405 | val_loss=0.0011 | val_MSE=inf | val_MAE=4.1415e+20 | val_LogMAE=0.3699 | time=22.2s
2026-01-21 01:15:31 | INFO    | Epoch 011 | train=0.3260 | val_loss=0.0011 | val_MSE=inf | val_MAE=1.5091e+20 | val_LogMAE=0.2954 | time=22.5s
2026-01-21 01:15:53 | INFO    | Epoch 012 | train=0.3222 | val_loss=0.0006 | val_MSE=inf | val_MAE=1.5416e+20 | val_LogMAE=0.2713 | time=22.1s
2026-01-21 01:15:54 | INFO    |   ↳ Saved new best checkpoint: /Users/yashnilmohanty/Desktop/chemCalculations/runs_autoencoder_x480_static_32/best.pt
2026-01-21 01:16:17 | INFO    | Epoch 013 | train=0.3164 | val_loss=0.0007 | val_MSE=inf | val_MAE=1.5884e+20 | val_LogMAE=0.3006 | time=23.3s
2026-01-21 01:16:39 | INFO    | Epoch 014 | train=0.3015 | val_loss=0.0005 | val_MSE=inf | val_MAE=1.2458e+20 | val_LogMAE=0.2324 | time=22.7s
2026-01-21 01:16:40 | INFO    |   ↳ Saved new best checkpoint: /Users/yashnilmohanty/Desktop/chemCalculations/runs_autoencoder_x480_static_32/best.pt
2026-01-21 01:17:02 | INFO    | Epoch 015 | train=0.3136 | val_loss=0.0007 | val_MSE=inf | val_MAE=2.3322e+20 | val_LogMAE=0.2870 | time=22.9s
2026-01-21 01:17:25 | INFO    | Epoch 016 | train=0.2908 | val_loss=0.0006 | val_MSE=inf | val_MAE=1.6484e+20 | val_LogMAE=0.2508 | time=22.3s
2026-01-21 01:17:47 | INFO    | Epoch 017 | train=0.2854 | val_loss=0.0010 | val_MSE=inf | val_MAE=1.3793e+20 | val_LogMAE=0.2823 | time=22.5s
2026-01-21 01:18:08 | INFO    | Epoch 018 | train=0.2812 | val_loss=0.0015 | val_MSE=inf | val_MAE=1.0857e+20 | val_LogMAE=0.2837 | time=21.1s
2026-01-21 01:18:31 | INFO    | Epoch 019 | train=0.2809 | val_loss=0.0014 | val_MSE=inf | val_MAE=1.6704e+20 | val_LogMAE=0.2919 | time=22.5s
2026-01-21 01:18:54 | INFO    | Epoch 020 | train=0.2687 | val_loss=0.0013 | val_MSE=inf | val_MAE=2.2291e+20 | val_LogMAE=0.2962 | time=22.7s
2026-01-21 01:19:16 | INFO    | Epoch 021 | train=0.2744 | val_loss=0.0011 | val_MSE=inf | val_MAE=2.9614e+20 | val_LogMAE=0.2874 | time=22.1s
2026-01-21 01:19:38 | INFO    | Epoch 022 | train=0.2711 | val_loss=0.0009 | val_MSE=inf | val_MAE=1.2678e+20 | val_LogMAE=0.2834 | time=22.7s
2026-01-21 01:20:01 | INFO    | Epoch 023 | train=0.2645 | val_loss=0.0006 | val_MSE=inf | val_MAE=1.5406e+20 | val_LogMAE=0.2168 | time=22.7s
2026-01-21 01:20:23 | INFO    | Epoch 024 | train=0.2634 | val_loss=0.0012 | val_MSE=inf | val_MAE=1.2857e+20 | val_LogMAE=0.2768 | time=22.3s
2026-01-21 01:20:46 | INFO    | Epoch 025 | train=0.2657 | val_loss=0.0008 | val_MSE=inf | val_MAE=1.0573e+20 | val_LogMAE=0.2401 | time=22.6s
2026-01-21 01:21:09 | INFO    | Epoch 026 | train=0.1625 | val_loss=0.0004 | val_MSE=inf | val_MAE=9.0123e+19 | val_LogMAE=0.1456 | time=22.6s
2026-01-21 01:21:09 | INFO    |   ↳ Saved new best checkpoint: /Users/yashnilmohanty/Desktop/chemCalculations/runs_autoencoder_x480_static_32/best.pt
2026-01-21 01:21:31 | INFO    | Epoch 027 | train=0.1570 | val_loss=0.0003 | val_MSE=inf | val_MAE=7.9727e+19 | val_LogMAE=0.1426 | time=22.3s
2026-01-21 01:21:31 | INFO    |   ↳ Saved new best checkpoint: /Users/yashnilmohanty/Desktop/chemCalculations/runs_autoencoder_x480_static_32/best.pt
2026-01-21 01:21:53 | INFO    | Epoch 028 | train=0.1551 | val_loss=0.0003 | val_MSE=inf | val_MAE=1.0077e+20 | val_LogMAE=0.1250 | time=22.1s
2026-01-21 01:21:53 | INFO    |   ↳ Saved new best checkpoint: /Users/yashnilmohanty/Desktop/chemCalculations/runs_autoencoder_x480_static_32/best.pt
2026-01-21 01:22:16 | INFO    | Epoch 029 | train=0.1552 | val_loss=0.0004 | val_MSE=inf | val_MAE=1.2700e+20 | val_LogMAE=0.1463 | time=22.5s
2026-01-21 01:22:38 | INFO    | Epoch 030 | train=0.1549 | val_loss=0.0003 | val_MSE=inf | val_MAE=6.2244e+19 | val_LogMAE=0.1296 | time=22.4s
2026-01-21 01:22:59 | INFO    | Epoch 031 | train=0.1517 | val_loss=0.0005 | val_MSE=inf | val_MAE=7.1439e+19 | val_LogMAE=0.1353 | time=21.3s
2026-01-21 01:23:22 | INFO    | Epoch 032 | train=0.1510 | val_loss=0.0010 | val_MSE=inf | val_MAE=6.8536e+19 | val_LogMAE=0.1694 | time=22.5s
2026-01-21 01:23:44 | INFO    | Epoch 033 | train=0.1560 | val_loss=0.0003 | val_MSE=inf | val_MAE=9.3712e+19 | val_LogMAE=0.1479 | time=22.6s
2026-01-21 01:24:05 | INFO    | Epoch 034 | train=0.1549 | val_loss=0.0003 | val_MSE=inf | val_MAE=7.4367e+19 | val_LogMAE=0.1219 | time=21.0s
2026-01-21 01:24:28 | INFO    | Epoch 035 | train=0.1496 | val_loss=0.0005 | val_MSE=inf | val_MAE=7.9830e+19 | val_LogMAE=0.1425 | time=22.4s
2026-01-21 01:24:50 | INFO    | Epoch 036 | train=0.1495 | val_loss=0.0004 | val_MSE=inf | val_MAE=8.3099e+19 | val_LogMAE=0.1337 | time=22.3s
2026-01-21 01:25:13 | INFO    | Epoch 037 | train=0.1531 | val_loss=0.0003 | val_MSE=inf | val_MAE=6.1339e+19 | val_LogMAE=0.1293 | time=22.8s
2026-01-21 01:25:13 | INFO    |   ↳ Saved new best checkpoint: /Users/yashnilmohanty/Desktop/chemCalculations/runs_autoencoder_x480_static_32/best.pt
2026-01-21 01:25:36 | INFO    | Epoch 038 | train=0.1512 | val_loss=0.0004 | val_MSE=inf | val_MAE=7.6848e+19 | val_LogMAE=0.1429 | time=23.5s
2026-01-21 01:25:59 | INFO    | Epoch 039 | train=0.1460 | val_loss=0.0007 | val_MSE=inf | val_MAE=8.5656e+19 | val_LogMAE=0.1648 | time=22.2s
2026-01-21 01:26:22 | INFO    | Epoch 040 | train=0.1452 | val_loss=0.0004 | val_MSE=inf | val_MAE=5.7259e+19 | val_LogMAE=0.1208 | time=23.2s
2026-01-21 01:26:44 | INFO    | Epoch 041 | train=0.1470 | val_loss=0.0010 | val_MSE=inf | val_MAE=6.8831e+19 | val_LogMAE=0.1806 | time=22.2s
2026-01-21 01:27:10 | INFO    | Epoch 042 | train=0.1442 | val_loss=0.0008 | val_MSE=inf | val_MAE=7.4608e+19 | val_LogMAE=0.1619 | time=25.7s
2026-01-21 01:27:35 | INFO    | Epoch 043 | train=0.1450 | val_loss=0.0005 | val_MSE=inf | val_MAE=6.5929e+19 | val_LogMAE=0.1435 | time=24.9s
2026-01-21 01:28:00 | INFO    | Epoch 044 | train=0.1465 | val_loss=0.0004 | val_MSE=inf | val_MAE=1.2019e+20 | val_LogMAE=0.1488 | time=25.0s
2026-01-21 01:28:25 | INFO    | Epoch 045 | train=0.1406 | val_loss=0.0009 | val_MSE=inf | val_MAE=7.7786e+19 | val_LogMAE=0.1714 | time=25.0s
2026-01-21 01:28:50 | INFO    | Epoch 046 | train=0.1449 | val_loss=0.0004 | val_MSE=inf | val_MAE=5.8659e+19 | val_LogMAE=0.1155 | time=25.4s
2026-01-21 01:29:18 | INFO    | Epoch 047 | train=0.1413 | val_loss=0.0010 | val_MSE=inf | val_MAE=7.4374e+19 | val_LogMAE=0.1654 | time=27.4s
2026-01-21 01:29:45 | INFO    | Epoch 048 | train=0.1460 | val_loss=0.0004 | val_MSE=inf | val_MAE=5.6502e+19 | val_LogMAE=0.1212 | time=27.3s
2026-01-21 01:30:10 | INFO    | Epoch 049 | train=0.0981 | val_loss=0.0003 | val_MSE=inf | val_MAE=3.8430e+19 | val_LogMAE=0.0814 | time=24.9s
2026-01-21 01:30:10 | INFO    |   ↳ Saved new best checkpoint: /Users/yashnilmohanty/Desktop/chemCalculations/runs_autoencoder_x480_static_32/best.pt
2026-01-21 01:30:34 | INFO    | Epoch 050 | train=0.0936 | val_loss=0.0003 | val_MSE=inf | val_MAE=3.8210e+19 | val_LogMAE=0.0810 | time=24.5s
2026-01-21 01:30:34 | INFO    |   ↳ Saved new best checkpoint: /Users/yashnilmohanty/Desktop/chemCalculations/runs_autoencoder_x480_static_32/best.pt
2026-01-21 01:30:57 | INFO    | Epoch 051 | train=0.0944 | val_loss=0.0003 | val_MSE=inf | val_MAE=4.3140e+19 | val_LogMAE=0.0842 | time=22.9s
2026-01-21 01:31:21 | INFO    | Epoch 052 | train=0.0925 | val_loss=0.0003 | val_MSE=inf | val_MAE=3.8902e+19 | val_LogMAE=0.0869 | time=23.8s
2026-01-21 01:31:45 | INFO    | Epoch 053 | train=0.0903 | val_loss=0.0003 | val_MSE=inf | val_MAE=5.1850e+19 | val_LogMAE=0.0776 | time=23.7s
2026-01-21 01:32:09 | INFO    | Epoch 054 | train=0.0896 | val_loss=0.0003 | val_MSE=inf | val_MAE=4.6412e+19 | val_LogMAE=0.0852 | time=24.4s
2026-01-21 01:32:33 | INFO    | Epoch 055 | train=0.0902 | val_loss=0.0003 | val_MSE=inf | val_MAE=3.7749e+19 | val_LogMAE=0.0900 | time=24.0s
2026-01-21 01:32:58 | INFO    | Epoch 056 | train=0.0912 | val_loss=0.0002 | val_MSE=inf | val_MAE=3.6473e+19 | val_LogMAE=0.0704 | time=25.1s
2026-01-21 01:32:58 | INFO    |   ↳ Saved new best checkpoint: /Users/yashnilmohanty/Desktop/chemCalculations/runs_autoencoder_x480_static_32/best.pt
2026-01-21 01:33:23 | INFO    | Epoch 057 | train=0.0900 | val_loss=0.0003 | val_MSE=inf | val_MAE=3.7266e+19 | val_LogMAE=0.0773 | time=24.4s
2026-01-21 01:33:47 | INFO    | Epoch 058 | train=0.0879 | val_loss=0.0003 | val_MSE=inf | val_MAE=4.6065e+19 | val_LogMAE=0.0807 | time=24.6s
2026-01-21 01:34:12 | INFO    | Epoch 059 | train=0.0896 | val_loss=0.0003 | val_MSE=inf | val_MAE=4.7524e+19 | val_LogMAE=0.0907 | time=24.2s
2026-01-21 01:34:36 | INFO    | Epoch 060 | train=0.0883 | val_loss=0.0002 | val_MSE=inf | val_MAE=3.5891e+19 | val_LogMAE=0.0770 | time=24.5s
2026-01-21 01:35:00 | INFO    | Epoch 061 | train=0.0887 | val_loss=0.0003 | val_MSE=inf | val_MAE=3.8789e+19 | val_LogMAE=0.0796 | time=23.9s
2026-01-21 01:35:25 | INFO    | Epoch 062 | train=0.0890 | val_loss=0.0003 | val_MSE=inf | val_MAE=4.6524e+19 | val_LogMAE=0.0885 | time=24.7s
2026-01-21 01:35:50 | INFO    | Epoch 063 | train=0.0878 | val_loss=0.0003 | val_MSE=inf | val_MAE=4.6224e+19 | val_LogMAE=0.0849 | time=25.0s
2026-01-21 01:36:15 | INFO    | Epoch 064 | train=0.0877 | val_loss=0.0003 | val_MSE=inf | val_MAE=3.8507e+19 | val_LogMAE=0.0810 | time=25.0s
2026-01-21 01:36:39 | INFO    | Epoch 065 | train=0.0887 | val_loss=0.0004 | val_MSE=inf | val_MAE=4.4844e+19 | val_LogMAE=0.0996 | time=24.1s
2026-01-21 01:37:00 | INFO    | Epoch 066 | train=0.0883 | val_loss=0.0006 | val_MSE=inf | val_MAE=3.5245e+19 | val_LogMAE=0.1001 | time=21.7s
2026-01-21 01:37:25 | INFO    | Epoch 067 | train=0.0893 | val_loss=0.0003 | val_MSE=inf | val_MAE=3.9627e+19 | val_LogMAE=0.0867 | time=24.3s
2026-01-21 01:37:48 | INFO    | Epoch 068 | train=0.0650 | val_loss=0.0002 | val_MSE=inf | val_MAE=3.1707e+19 | val_LogMAE=0.0622 | time=23.4s
2026-01-21 01:38:14 | INFO    | Epoch 069 | train=0.0640 | val_loss=0.0002 | val_MSE=inf | val_MAE=2.5101e+19 | val_LogMAE=0.0549 | time=25.9s
2026-01-21 01:38:14 | INFO    |   ↳ Saved new best checkpoint: /Users/yashnilmohanty/Desktop/chemCalculations/runs_autoencoder_x480_static_32/best.pt
2026-01-21 01:38:41 | INFO    | Epoch 070 | train=0.0634 | val_loss=0.0002 | val_MSE=inf | val_MAE=2.5714e+19 | val_LogMAE=0.0572 | time=26.5s
2026-01-21 01:39:03 | INFO    | Epoch 071 | train=0.0631 | val_loss=0.0002 | val_MSE=inf | val_MAE=3.3773e+19 | val_LogMAE=0.0582 | time=22.6s
2026-01-21 01:39:29 | INFO    | Epoch 072 | train=0.0623 | val_loss=0.0002 | val_MSE=inf | val_MAE=2.7070e+19 | val_LogMAE=0.0562 | time=25.5s
2026-01-21 01:39:56 | INFO    | Epoch 073 | train=0.0628 | val_loss=0.0002 | val_MSE=inf | val_MAE=2.5082e+19 | val_LogMAE=0.0538 | time=27.5s
2026-01-21 01:39:56 | INFO    |   ↳ Saved new best checkpoint: /Users/yashnilmohanty/Desktop/chemCalculations/runs_autoencoder_x480_static_32/best.pt
2026-01-21 01:40:22 | INFO    | Epoch 074 | train=0.0622 | val_loss=0.0002 | val_MSE=inf | val_MAE=2.7636e+19 | val_LogMAE=0.0573 | time=25.7s
2026-01-21 01:40:45 | INFO    | Epoch 075 | train=0.0612 | val_loss=0.0002 | val_MSE=inf | val_MAE=2.6239e+19 | val_LogMAE=0.0529 | time=23.4s
2026-01-21 01:41:10 | INFO    | Epoch 076 | train=0.0621 | val_loss=0.0002 | val_MSE=inf | val_MAE=2.4999e+19 | val_LogMAE=0.0611 | time=24.8s
2026-01-21 01:41:34 | INFO    | Epoch 077 | train=0.0614 | val_loss=0.0002 | val_MSE=inf | val_MAE=2.4126e+19 | val_LogMAE=0.0511 | time=23.9s
2026-01-21 01:41:58 | INFO    | Epoch 078 | train=0.0610 | val_loss=0.0002 | val_MSE=inf | val_MAE=2.6205e+19 | val_LogMAE=0.0558 | time=24.3s
2026-01-21 01:42:23 | INFO    | Epoch 079 | train=0.0621 | val_loss=0.0002 | val_MSE=inf | val_MAE=2.8358e+19 | val_LogMAE=0.0567 | time=24.3s
2026-01-21 01:42:48 | INFO    | Epoch 080 | train=0.0614 | val_loss=0.0002 | val_MSE=inf | val_MAE=2.3935e+19 | val_LogMAE=0.0578 | time=25.6s
2026-01-21 01:43:14 | INFO    | Epoch 081 | train=0.0614 | val_loss=0.0002 | val_MSE=inf | val_MAE=2.4301e+19 | val_LogMAE=0.0511 | time=25.5s
2026-01-21 01:43:14 | INFO    |   ↳ Saved new best checkpoint: /Users/yashnilmohanty/Desktop/chemCalculations/runs_autoencoder_x480_static_32/best.pt
2026-01-21 01:43:39 | INFO    | Epoch 082 | train=0.0602 | val_loss=0.0003 | val_MSE=inf | val_MAE=2.3074e+19 | val_LogMAE=0.0655 | time=25.2s
2026-01-21 01:44:03 | INFO    | Epoch 083 | train=0.0601 | val_loss=0.0002 | val_MSE=inf | val_MAE=2.6876e+19 | val_LogMAE=0.0522 | time=23.8s
2026-01-21 01:44:27 | INFO    | Epoch 084 | train=0.0599 | val_loss=0.0002 | val_MSE=inf | val_MAE=2.3676e+19 | val_LogMAE=0.0578 | time=23.7s
2026-01-21 01:44:53 | INFO    | Epoch 085 | train=0.0604 | val_loss=0.0002 | val_MSE=inf | val_MAE=2.1490e+19 | val_LogMAE=0.0524 | time=26.0s
2026-01-21 01:45:17 | INFO    | Epoch 086 | train=0.0589 | val_loss=0.0002 | val_MSE=inf | val_MAE=2.9393e+19 | val_LogMAE=0.0540 | time=24.2s
2026-01-21 01:45:44 | INFO    | Epoch 087 | train=0.0593 | val_loss=0.0002 | val_MSE=inf | val_MAE=2.5396e+19 | val_LogMAE=0.0556 | time=27.3s
2026-01-21 01:46:09 | INFO    | Epoch 088 | train=0.0598 | val_loss=0.0002 | val_MSE=inf | val_MAE=2.3623e+19 | val_LogMAE=0.0537 | time=24.8s
2026-01-21 01:46:33 | INFO    | Epoch 089 | train=0.0592 | val_loss=0.0002 | val_MSE=inf | val_MAE=2.3344e+19 | val_LogMAE=0.0555 | time=24.3s
2026-01-21 01:46:59 | INFO    | Epoch 090 | train=0.0595 | val_loss=0.0003 | val_MSE=inf | val_MAE=2.4277e+19 | val_LogMAE=0.0599 | time=26.0s
2026-01-21 01:47:23 | INFO    | Epoch 091 | train=0.0593 | val_loss=0.0002 | val_MSE=inf | val_MAE=2.7004e+19 | val_LogMAE=0.0539 | time=24.0s
2026-01-21 01:47:49 | INFO    | Epoch 092 | train=0.0587 | val_loss=0.0002 | val_MSE=inf | val_MAE=2.2527e+19 | val_LogMAE=0.0493 | time=25.4s
2026-01-21 01:48:16 | INFO    | Epoch 093 | train=0.0487 | val_loss=0.0002 | val_MSE=inf | val_MAE=1.8845e+19 | val_LogMAE=0.0451 | time=27.5s
2026-01-21 01:48:42 | INFO    | Epoch 094 | train=0.0476 | val_loss=0.0002 | val_MSE=inf | val_MAE=2.0454e+19 | val_LogMAE=0.0443 | time=25.6s
2026-01-21 01:49:08 | INFO    | Epoch 095 | train=0.0476 | val_loss=0.0001 | val_MSE=inf | val_MAE=1.9966e+19 | val_LogMAE=0.0422 | time=25.8s
2026-01-21 01:49:08 | INFO    |   ↳ Saved new best checkpoint: /Users/yashnilmohanty/Desktop/chemCalculations/runs_autoencoder_x480_static_32/best.pt
2026-01-21 01:49:31 | INFO    | Epoch 096 | train=0.0478 | val_loss=0.0002 | val_MSE=inf | val_MAE=2.0249e+19 | val_LogMAE=0.0409 | time=22.8s
2026-01-21 01:49:55 | INFO    | Epoch 097 | train=0.0469 | val_loss=0.0002 | val_MSE=inf | val_MAE=1.9446e+19 | val_LogMAE=0.0448 | time=24.5s
2026-01-21 01:50:22 | INFO    | Epoch 098 | train=0.0474 | val_loss=0.0002 | val_MSE=inf | val_MAE=1.8821e+19 | val_LogMAE=0.0428 | time=26.7s
2026-01-21 01:50:48 | INFO    | Epoch 099 | train=0.0470 | val_loss=0.0002 | val_MSE=inf | val_MAE=1.9680e+19 | val_LogMAE=0.0456 | time=26.0s
2026-01-21 01:51:11 | INFO    | Epoch 100 | train=0.0470 | val_loss=0.0002 | val_MSE=inf | val_MAE=1.9803e+19 | val_LogMAE=0.0437 | time=23.0s
2026-01-21 01:51:32 | INFO    | Epoch 101 | train=0.0469 | val_loss=0.0002 | val_MSE=inf | val_MAE=1.8491e+19 | val_LogMAE=0.0451 | time=21.5s
2026-01-21 01:51:57 | INFO    | Epoch 102 | train=0.0466 | val_loss=0.0001 | val_MSE=inf | val_MAE=1.9498e+19 | val_LogMAE=0.0404 | time=24.3s
2026-01-21 01:51:57 | INFO    |   ↳ Saved new best checkpoint: /Users/yashnilmohanty/Desktop/chemCalculations/runs_autoencoder_x480_static_32/best.pt
2026-01-21 01:52:22 | INFO    | Epoch 103 | train=0.0461 | val_loss=0.0002 | val_MSE=inf | val_MAE=2.1034e+19 | val_LogMAE=0.0432 | time=25.1s
2026-01-21 01:52:45 | INFO    | Epoch 104 | train=0.0466 | val_loss=0.0002 | val_MSE=inf | val_MAE=2.0372e+19 | val_LogMAE=0.0433 | time=23.6s
2026-01-21 01:53:10 | INFO    | Epoch 105 | train=0.0459 | val_loss=0.0002 | val_MSE=inf | val_MAE=1.9089e+19 | val_LogMAE=0.0406 | time=24.5s
2026-01-21 01:53:35 | INFO    | Epoch 106 | train=0.0458 | val_loss=0.0002 | val_MSE=inf | val_MAE=1.8680e+19 | val_LogMAE=0.0415 | time=25.5s
2026-01-21 01:53:58 | INFO    | Epoch 107 | train=0.0461 | val_loss=0.0002 | val_MSE=inf | val_MAE=1.6110e+19 | val_LogMAE=0.0398 | time=22.8s
2026-01-21 01:54:20 | INFO    | Epoch 108 | train=0.0458 | val_loss=0.0002 | val_MSE=inf | val_MAE=1.8599e+19 | val_LogMAE=0.0449 | time=22.2s
2026-01-21 01:54:45 | INFO    | Epoch 109 | train=0.0461 | val_loss=0.0002 | val_MSE=inf | val_MAE=2.2204e+19 | val_LogMAE=0.0461 | time=24.3s
2026-01-21 01:55:09 | INFO    | Epoch 110 | train=0.0455 | val_loss=0.0002 | val_MSE=inf | val_MAE=1.7943e+19 | val_LogMAE=0.0427 | time=24.4s
2026-01-21 01:55:33 | INFO    | Epoch 111 | train=0.0457 | val_loss=0.0002 | val_MSE=inf | val_MAE=1.8722e+19 | val_LogMAE=0.0434 | time=24.2s
2026-01-21 01:55:59 | INFO    | Epoch 112 | train=0.0454 | val_loss=0.0002 | val_MSE=inf | val_MAE=1.7424e+19 | val_LogMAE=0.0397 | time=25.7s
2026-01-21 01:56:25 | INFO    | Epoch 113 | train=0.0455 | val_loss=0.0001 | val_MSE=inf | val_MAE=1.7436e+19 | val_LogMAE=0.0380 | time=26.4s
2026-01-21 01:56:26 | INFO    |   ↳ Saved new best checkpoint: /Users/yashnilmohanty/Desktop/chemCalculations/runs_autoencoder_x480_static_32/best.pt
2026-01-21 01:56:50 | INFO    | Epoch 114 | train=0.0450 | val_loss=0.0002 | val_MSE=inf | val_MAE=1.8177e+19 | val_LogMAE=0.0409 | time=24.6s
2026-01-21 01:57:15 | INFO    | Epoch 115 | train=0.0450 | val_loss=0.0002 | val_MSE=inf | val_MAE=1.8423e+19 | val_LogMAE=0.0398 | time=25.1s
2026-01-21 01:57:41 | INFO    | Epoch 116 | train=0.0452 | val_loss=0.0002 | val_MSE=inf | val_MAE=1.6302e+19 | val_LogMAE=0.0396 | time=25.6s
2026-01-21 01:58:07 | INFO    | Epoch 117 | train=0.0454 | val_loss=0.0002 | val_MSE=inf | val_MAE=1.6763e+19 | val_LogMAE=0.0405 | time=26.0s
2026-01-21 01:58:32 | INFO    | Epoch 118 | train=0.0444 | val_loss=0.0002 | val_MSE=inf | val_MAE=1.9459e+19 | val_LogMAE=0.0454 | time=25.3s
2026-01-21 01:58:57 | INFO    | Epoch 119 | train=0.0449 | val_loss=0.0002 | val_MSE=inf | val_MAE=1.9069e+19 | val_LogMAE=0.0404 | time=24.9s
2026-01-21 01:59:22 | INFO    | Epoch 120 | train=0.0444 | val_loss=0.0002 | val_MSE=inf | val_MAE=1.6589e+19 | val_LogMAE=0.0400 | time=25.3s
2026-01-21 01:59:48 | INFO    | Epoch 121 | train=0.0446 | val_loss=0.0002 | val_MSE=inf | val_MAE=2.0781e+19 | val_LogMAE=0.0411 | time=25.7s
2026-01-21 02:00:13 | INFO    | Epoch 122 | train=0.0444 | val_loss=0.0002 | val_MSE=inf | val_MAE=1.6491e+19 | val_LogMAE=0.0401 | time=25.1s
2026-01-21 02:00:38 | INFO    | Epoch 123 | train=0.0440 | val_loss=0.0002 | val_MSE=inf | val_MAE=1.9712e+19 | val_LogMAE=0.0456 | time=24.5s
2026-01-21 02:01:02 | INFO    | Epoch 124 | train=0.0446 | val_loss=0.0002 | val_MSE=inf | val_MAE=1.7982e+19 | val_LogMAE=0.0397 | time=24.7s
2026-01-21 02:01:28 | INFO    | Epoch 125 | train=0.0394 | val_loss=0.0001 | val_MSE=inf | val_MAE=1.5345e+19 | val_LogMAE=0.0360 | time=25.3s
2026-01-21 02:01:53 | INFO    | Epoch 126 | train=0.0391 | val_loss=0.0001 | val_MSE=inf | val_MAE=1.5136e+19 | val_LogMAE=0.0350 | time=25.6s
2026-01-21 02:01:53 | INFO    |   ↳ Saved new best checkpoint: /Users/yashnilmohanty/Desktop/chemCalculations/runs_autoencoder_x480_static_32/best.pt
2026-01-21 02:02:19 | INFO    | Epoch 127 | train=0.0392 | val_loss=0.0001 | val_MSE=inf | val_MAE=1.5320e+19 | val_LogMAE=0.0351 | time=25.3s
2026-01-21 02:02:44 | INFO    | Epoch 128 | train=0.0390 | val_loss=0.0001 | val_MSE=inf | val_MAE=1.4920e+19 | val_LogMAE=0.0354 | time=24.8s
2026-01-21 02:02:44 | INFO    |   ↳ Saved new best checkpoint: /Users/yashnilmohanty/Desktop/chemCalculations/runs_autoencoder_x480_static_32/best.pt
2026-01-21 02:03:08 | INFO    | Epoch 129 | train=0.0389 | val_loss=0.0001 | val_MSE=inf | val_MAE=1.4432e+19 | val_LogMAE=0.0362 | time=24.8s
2026-01-21 02:03:33 | INFO    | Epoch 130 | train=0.0387 | val_loss=0.0001 | val_MSE=inf | val_MAE=1.5180e+19 | val_LogMAE=0.0356 | time=24.5s
2026-01-21 02:03:57 | INFO    | Epoch 131 | train=0.0387 | val_loss=0.0001 | val_MSE=inf | val_MAE=1.5220e+19 | val_LogMAE=0.0353 | time=24.3s
2026-01-21 02:04:21 | INFO    | Epoch 132 | train=0.0385 | val_loss=0.0001 | val_MSE=inf | val_MAE=1.5149e+19 | val_LogMAE=0.0340 | time=24.0s
2026-01-21 02:04:44 | INFO    | Epoch 133 | train=0.0385 | val_loss=0.0001 | val_MSE=inf | val_MAE=1.6708e+19 | val_LogMAE=0.0358 | time=23.1s
2026-01-21 02:05:09 | INFO    | Epoch 134 | train=0.0385 | val_loss=0.0002 | val_MSE=inf | val_MAE=1.4769e+19 | val_LogMAE=0.0356 | time=24.3s
2026-01-21 02:05:34 | INFO    | Epoch 135 | train=0.0382 | val_loss=0.0002 | val_MSE=inf | val_MAE=1.4952e+19 | val_LogMAE=0.0353 | time=24.9s
2026-01-21 02:05:59 | INFO    | Epoch 136 | train=0.0383 | val_loss=0.0001 | val_MSE=inf | val_MAE=1.5156e+19 | val_LogMAE=0.0365 | time=25.3s
2026-01-21 02:06:23 | INFO    | Epoch 137 | train=0.0386 | val_loss=0.0001 | val_MSE=inf | val_MAE=1.4644e+19 | val_LogMAE=0.0349 | time=23.6s
2026-01-21 02:06:49 | INFO    | Epoch 138 | train=0.0383 | val_loss=0.0001 | val_MSE=inf | val_MAE=1.6162e+19 | val_LogMAE=0.0348 | time=26.2s
2026-01-21 02:07:17 | INFO    | Epoch 139 | train=0.0383 | val_loss=0.0001 | val_MSE=inf | val_MAE=1.4602e+19 | val_LogMAE=0.0347 | time=28.2s
2026-01-21 02:07:41 | INFO    | Epoch 140 | train=0.0359 | val_loss=0.0001 | val_MSE=inf | val_MAE=1.3856e+19 | val_LogMAE=0.0320 | time=24.4s
2026-01-21 02:07:42 | INFO    |   ↳ Saved new best checkpoint: /Users/yashnilmohanty/Desktop/chemCalculations/runs_autoencoder_x480_static_32/best.pt
2026-01-21 02:08:06 | INFO    | Epoch 141 | train=0.0357 | val_loss=0.0001 | val_MSE=inf | val_MAE=1.3554e+19 | val_LogMAE=0.0326 | time=24.4s
2026-01-21 02:08:30 | INFO    | Epoch 142 | train=0.0357 | val_loss=0.0001 | val_MSE=inf | val_MAE=1.3490e+19 | val_LogMAE=0.0326 | time=24.5s
2026-01-21 02:08:55 | INFO    | Epoch 143 | train=0.0356 | val_loss=0.0001 | val_MSE=inf | val_MAE=1.4342e+19 | val_LogMAE=0.0330 | time=24.2s
2026-01-21 02:09:19 | INFO    | Epoch 144 | train=0.0356 | val_loss=0.0001 | val_MSE=inf | val_MAE=1.3630e+19 | val_LogMAE=0.0322 | time=24.8s
2026-01-21 02:09:20 | INFO    |   ↳ Saved new best checkpoint: /Users/yashnilmohanty/Desktop/chemCalculations/runs_autoencoder_x480_static_32/best.pt
2026-01-21 02:09:45 | INFO    | Epoch 145 | train=0.0356 | val_loss=0.0001 | val_MSE=inf | val_MAE=1.3448e+19 | val_LogMAE=0.0321 | time=25.4s
2026-01-21 02:10:10 | INFO    | Epoch 146 | train=0.0355 | val_loss=0.0001 | val_MSE=inf | val_MAE=1.4701e+19 | val_LogMAE=0.0324 | time=24.7s
2026-01-21 02:10:34 | INFO    | Epoch 147 | train=0.0356 | val_loss=0.0001 | val_MSE=inf | val_MAE=1.3456e+19 | val_LogMAE=0.0325 | time=24.2s
2026-01-21 02:10:59 | INFO    | Epoch 148 | train=0.0356 | val_loss=0.0001 | val_MSE=inf | val_MAE=1.3432e+19 | val_LogMAE=0.0329 | time=24.9s
2026-01-21 02:11:23 | INFO    | Epoch 149 | train=0.0355 | val_loss=0.0001 | val_MSE=inf | val_MAE=1.3760e+19 | val_LogMAE=0.0321 | time=24.0s
2026-01-21 02:11:48 | INFO    | Epoch 150 | train=0.0353 | val_loss=0.0001 | val_MSE=inf | val_MAE=1.3225e+19 | val_LogMAE=0.0329 | time=24.8s
2026-01-21 02:12:12 | INFO    | Epoch 151 | train=0.0353 | val_loss=0.0001 | val_MSE=inf | val_MAE=1.3628e+19 | val_LogMAE=0.0325 | time=24.7s
2026-01-21 02:12:37 | INFO    | Epoch 152 | train=0.0353 | val_loss=0.0001 | val_MSE=inf | val_MAE=1.3765e+19 | val_LogMAE=0.0327 | time=24.2s
2026-01-21 02:13:02 | INFO    | Epoch 153 | train=0.0353 | val_loss=0.0001 | val_MSE=inf | val_MAE=1.3208e+19 | val_LogMAE=0.0318 | time=25.1s
2026-01-21 02:13:27 | INFO    | Epoch 154 | train=0.0352 | val_loss=0.0001 | val_MSE=inf | val_MAE=1.3817e+19 | val_LogMAE=0.0323 | time=25.7s
2026-01-21 02:13:51 | INFO    | Epoch 155 | train=0.0353 | val_loss=0.0001 | val_MSE=inf | val_MAE=1.3069e+19 | val_LogMAE=0.0321 | time=23.4s
2026-01-21 02:14:16 | INFO    | Epoch 156 | train=0.0341 | val_loss=0.0001 | val_MSE=inf | val_MAE=1.3465e+19 | val_LogMAE=0.0308 | time=25.3s
2026-01-21 02:14:16 | INFO    |   ↳ Saved new best checkpoint: /Users/yashnilmohanty/Desktop/chemCalculations/runs_autoencoder_x480_static_32/best.pt
2026-01-21 02:14:39 | INFO    | Epoch 157 | train=0.0340 | val_loss=0.0001 | val_MSE=inf | val_MAE=1.2796e+19 | val_LogMAE=0.0310 | time=22.9s
2026-01-21 02:15:03 | INFO    | Epoch 158 | train=0.0340 | val_loss=0.0001 | val_MSE=inf | val_MAE=1.2987e+19 | val_LogMAE=0.0311 | time=23.7s
2026-01-21 02:15:27 | INFO    | Epoch 159 | train=0.0339 | val_loss=0.0001 | val_MSE=inf | val_MAE=1.2821e+19 | val_LogMAE=0.0311 | time=23.8s
2026-01-21 02:15:51 | INFO    | Epoch 160 | train=0.0338 | val_loss=0.0001 | val_MSE=inf | val_MAE=1.2850e+19 | val_LogMAE=0.0308 | time=24.7s
2026-01-21 02:16:16 | INFO    | Epoch 161 | train=0.0339 | val_loss=0.0001 | val_MSE=inf | val_MAE=1.3239e+19 | val_LogMAE=0.0316 | time=25.0s
2026-01-21 02:16:41 | INFO    | Epoch 162 | train=0.0339 | val_loss=0.0001 | val_MSE=inf | val_MAE=1.2994e+19 | val_LogMAE=0.0310 | time=24.3s
2026-01-21 02:17:05 | INFO    | Epoch 163 | train=0.0339 | val_loss=0.0001 | val_MSE=inf | val_MAE=1.2756e+19 | val_LogMAE=0.0310 | time=24.0s
2026-01-21 02:17:29 | INFO    | Epoch 164 | train=0.0339 | val_loss=0.0001 | val_MSE=inf | val_MAE=1.3298e+19 | val_LogMAE=0.0308 | time=23.9s
2026-01-21 02:17:53 | INFO    | Epoch 165 | train=0.0338 | val_loss=0.0001 | val_MSE=inf | val_MAE=1.2973e+19 | val_LogMAE=0.0312 | time=24.8s
2026-01-21 02:18:18 | INFO    | Epoch 166 | train=0.0338 | val_loss=0.0001 | val_MSE=inf | val_MAE=1.3283e+19 | val_LogMAE=0.0308 | time=24.2s
2026-01-21 02:18:42 | INFO    | Epoch 167 | train=0.0338 | val_loss=0.0001 | val_MSE=inf | val_MAE=1.3031e+19 | val_LogMAE=0.0317 | time=24.9s
2026-01-21 02:19:09 | INFO    | Epoch 168 | train=0.0332 | val_loss=0.0001 | val_MSE=inf | val_MAE=1.2488e+19 | val_LogMAE=0.0306 | time=26.1s
2026-01-21 02:19:33 | INFO    | Epoch 169 | train=0.0332 | val_loss=0.0001 | val_MSE=inf | val_MAE=1.2750e+19 | val_LogMAE=0.0306 | time=24.6s
2026-01-21 02:19:58 | INFO    | Epoch 170 | train=0.0331 | val_loss=0.0001 | val_MSE=inf | val_MAE=1.2567e+19 | val_LogMAE=0.0306 | time=24.9s
2026-01-21 02:20:23 | INFO    | Epoch 171 | train=0.0331 | val_loss=0.0001 | val_MSE=inf | val_MAE=1.2675e+19 | val_LogMAE=0.0303 | time=24.8s
2026-01-21 02:20:23 | INFO    |   ↳ Saved new best checkpoint: /Users/yashnilmohanty/Desktop/chemCalculations/runs_autoencoder_x480_static_32/best.pt
2026-01-21 02:20:47 | INFO    | Epoch 172 | train=0.0331 | val_loss=0.0001 | val_MSE=inf | val_MAE=1.2557e+19 | val_LogMAE=0.0305 | time=24.1s
2026-01-21 02:21:08 | INFO    | Epoch 173 | train=0.0331 | val_loss=0.0001 | val_MSE=inf | val_MAE=1.2575e+19 | val_LogMAE=0.0303 | time=21.0s
2026-01-21 02:21:31 | INFO    | Epoch 174 | train=0.0331 | val_loss=0.0001 | val_MSE=inf | val_MAE=1.2630e+19 | val_LogMAE=0.0304 | time=22.9s
2026-01-21 02:21:55 | INFO    | Epoch 175 | train=0.0331 | val_loss=0.0001 | val_MSE=inf | val_MAE=1.2573e+19 | val_LogMAE=0.0304 | time=24.5s
2026-01-21 02:22:21 | INFO    | Epoch 176 | train=0.0330 | val_loss=0.0001 | val_MSE=inf | val_MAE=1.2621e+19 | val_LogMAE=0.0305 | time=25.5s
2026-01-21 02:22:45 | INFO    | Epoch 177 | train=0.0330 | val_loss=0.0001 | val_MSE=inf | val_MAE=1.2689e+19 | val_LogMAE=0.0304 | time=24.3s
2026-01-21 02:23:10 | INFO    | Epoch 178 | train=0.0330 | val_loss=0.0001 | val_MSE=inf | val_MAE=1.2691e+19 | val_LogMAE=0.0302 | time=24.8s
2026-01-21 02:23:33 | INFO    | Epoch 179 | train=0.0331 | val_loss=0.0001 | val_MSE=inf | val_MAE=1.2619e+19 | val_LogMAE=0.0304 | time=23.6s
2026-01-21 02:23:58 | INFO    | Epoch 180 | train=0.0331 | val_loss=0.0001 | val_MSE=inf | val_MAE=1.2603e+19 | val_LogMAE=0.0303 | time=24.3s
2026-01-21 02:24:23 | INFO    | Epoch 181 | train=0.0330 | val_loss=0.0001 | val_MSE=inf | val_MAE=1.2581e+19 | val_LogMAE=0.0303 | time=25.2s
2026-01-21 02:24:47 | INFO    | Epoch 182 | train=0.0330 | val_loss=0.0001 | val_MSE=inf | val_MAE=1.2628e+19 | val_LogMAE=0.0304 | time=23.9s
2026-01-21 02:25:11 | INFO    | Epoch 183 | train=0.0327 | val_loss=0.0001 | val_MSE=inf | val_MAE=1.2538e+19 | val_LogMAE=0.0301 | time=23.9s
2026-01-21 02:25:36 | INFO    | Epoch 184 | train=0.0327 | val_loss=0.0001 | val_MSE=inf | val_MAE=1.2520e+19 | val_LogMAE=0.0301 | time=24.7s
2026-01-21 02:26:00 | INFO    | Epoch 185 | train=0.0327 | val_loss=0.0001 | val_MSE=inf | val_MAE=1.2404e+19 | val_LogMAE=0.0300 | time=24.5s
2026-01-21 02:26:25 | INFO    | Epoch 186 | train=0.0327 | val_loss=0.0001 | val_MSE=inf | val_MAE=1.2620e+19 | val_LogMAE=0.0302 | time=24.7s
2026-01-21 02:26:49 | INFO    | Epoch 187 | train=0.0327 | val_loss=0.0001 | val_MSE=inf | val_MAE=1.2568e+19 | val_LogMAE=0.0302 | time=24.6s
2026-01-21 02:27:14 | INFO    | Epoch 188 | train=0.0327 | val_loss=0.0001 | val_MSE=inf | val_MAE=1.2441e+19 | val_LogMAE=0.0300 | time=24.3s
2026-01-21 02:27:38 | INFO    | Epoch 189 | train=0.0327 | val_loss=0.0001 | val_MSE=inf | val_MAE=1.2508e+19 | val_LogMAE=0.0301 | time=24.6s
2026-01-21 02:28:04 | INFO    | Epoch 190 | train=0.0327 | val_loss=0.0001 | val_MSE=inf | val_MAE=1.2488e+19 | val_LogMAE=0.0301 | time=25.3s
2026-01-21 02:28:31 | INFO    | Epoch 191 | train=0.0326 | val_loss=0.0001 | val_MSE=inf | val_MAE=1.2602e+19 | val_LogMAE=0.0301 | time=27.2s
2026-01-21 02:28:55 | INFO    | Epoch 192 | train=0.0326 | val_loss=0.0001 | val_MSE=inf | val_MAE=1.2389e+19 | val_LogMAE=0.0300 | time=24.4s
2026-01-21 02:28:55 | INFO    |   ↳ Saved new best checkpoint: /Users/yashnilmohanty/Desktop/chemCalculations/runs_autoencoder_x480_static_32/best.pt
2026-01-21 02:29:19 | INFO    | Epoch 193 | train=0.0326 | val_loss=0.0001 | val_MSE=inf | val_MAE=1.2460e+19 | val_LogMAE=0.0300 | time=23.3s
2026-01-21 02:30:11 | INFO    | Epoch 194 | train=0.0326 | val_loss=0.0001 | val_MSE=inf | val_MAE=1.2401e+19 | val_LogMAE=0.0300 | time=52.4s
2026-01-21 02:30:33 | INFO    | Epoch 195 | train=0.0326 | val_loss=0.0001 | val_MSE=inf | val_MAE=1.2400e+19 | val_LogMAE=0.0299 | time=22.1s
2026-01-21 02:47:13 | INFO    | Epoch 196 | train=0.0326 | val_loss=0.0001 | val_MSE=inf | val_MAE=1.2418e+19 | val_LogMAE=0.0299 | time=999.8s
2026-01-21 02:47:36 | INFO    | Epoch 197 | train=0.0326 | val_loss=0.0001 | val_MSE=inf | val_MAE=1.2448e+19 | val_LogMAE=0.0300 | time=23.3s
2026-01-21 03:03:36 | INFO    | Epoch 198 | train=0.0326 | val_loss=0.0001 | val_MSE=inf | val_MAE=1.2503e+19 | val_LogMAE=0.0300 | time=959.8s
2026-01-21 03:03:58 | INFO    | Epoch 199 | train=0.0326 | val_loss=0.0001 | val_MSE=inf | val_MAE=1.2456e+19 | val_LogMAE=0.0299 | time=22.2s
2026-01-21 03:04:20 | INFO    | Epoch 200 | train=0.0326 | val_loss=0.0001 | val_MSE=inf | val_MAE=1.2419e+19 | val_LogMAE=0.0299 | time=21.7s
2026-01-21 03:04:20 | INFO    | Training complete. Loading best checkpoint...
2026-01-21 03:04:21 | INFO    | Test metrics | loss=0.0002 | MSE=inf | MAE=1.6232e+19
2026-01-21 03:04:21 | INFO    | Loss history saved to /Users/yashnilmohanty/Desktop/chemCalculations/runs_autoencoder_x480_static_32/loss_history.csv
2026-01-21 03:04:21 | INFO    | Exported inference helper → /Users/yashnilmohanty/Desktop/chemCalculations/runs_autoencoder_x480_static_32/best_model.py
2026-01-21 03:04:21 | INFO    | Summary written to /Users/yashnilmohanty/Desktop/chemCalculations/runs_autoencoder_x480_static_32/summary.json
2026-01-21 03:04:22 | INFO    | Loaded config from: /Users/yashnilmohanty/Desktop/chemCalculations/configs/x640_static_32_config.json
2026-01-21 03:04:22 | INFO    | Training with loss type: log_ratio
2026-01-21 03:04:22 | INFO    | Output directory: /Users/yashnilmohanty/Desktop/chemCalculations/runs_autoencoder_x640_static_32
2026-01-21 03:04:22 | INFO    | Loading CSV: /Users/yashnilmohanty/Desktop/chemCalculations/data/datasets/all_gas_fastchem_x640.csv
2026-01-21 03:04:30 | INFO    | Loaded: 639975 rows × 130 cols
2026-01-21 03:04:30 | INFO    | Input columns (7): ['T_K', 'P_bar', 'abund_C_dex', 'abund_H_dex', 'abund_N_dex', 'abund_O_dex', 'abund_S_dex']
2026-01-21 03:04:30 | INFO    | Using static species list (33 species) from static_species_list_32.json
2026-01-21 03:04:30 | INFO    | Target columns: ['e-', 'N2', 'O2', 'C5', 'H2', 'S2', 'C1S2', 'S7', 'H2S1', 'S8', '...']
2026-01-21 03:04:31 | INFO    | Target weights (first 5): ['0.75', '0.75', '0.88', '1.21', '0.75']
2026-01-21 03:04:31 | INFO    | Model ready (params: 2.013e+06) — state_dim=33 global_dim=7 latent=192
2026-01-21 03:04:31 | INFO    | Using Log-Ratio loss (normalized space: TARGET_LOG_SCALE * |ŷ_scaled - y_scaled|)
2026-01-21 03:04:55 | INFO    | Epoch 001 | train=3.3013 | val_loss=0.0052 | val_MSE=inf | val_MAE=3.8256e+22 | val_LogMAE=1.2002 | time=23.7s
2026-01-21 03:04:55 | INFO    |   ↳ Saved new best checkpoint: /Users/yashnilmohanty/Desktop/chemCalculations/runs_autoencoder_x640_static_32/best.pt
2026-01-21 03:05:20 | INFO    | Epoch 002 | train=0.6942 | val_loss=0.0016 | val_MSE=inf | val_MAE=2.7313e+21 | val_LogMAE=0.4774 | time=24.4s
2026-01-21 03:05:20 | INFO    |   ↳ Saved new best checkpoint: /Users/yashnilmohanty/Desktop/chemCalculations/runs_autoencoder_x640_static_32/best.pt
2026-01-21 03:05:44 | INFO    | Epoch 003 | train=0.4786 | val_loss=0.0011 | val_MSE=inf | val_MAE=3.6896e+20 | val_LogMAE=0.3701 | time=23.9s
2026-01-21 03:05:44 | INFO    |   ↳ Saved new best checkpoint: /Users/yashnilmohanty/Desktop/chemCalculations/runs_autoencoder_x640_static_32/best.pt
2026-01-21 03:06:11 | INFO    | Epoch 004 | train=0.4258 | val_loss=0.0011 | val_MSE=inf | val_MAE=3.0696e+20 | val_LogMAE=0.3875 | time=27.1s
2026-01-21 03:06:11 | INFO    |   ↳ Saved new best checkpoint: /Users/yashnilmohanty/Desktop/chemCalculations/runs_autoencoder_x640_static_32/best.pt
2026-01-21 03:06:35 | INFO    | Epoch 005 | train=0.3957 | val_loss=0.0009 | val_MSE=inf | val_MAE=1.5894e+20 | val_LogMAE=0.3523 | time=23.8s
2026-01-21 03:06:35 | INFO    |   ↳ Saved new best checkpoint: /Users/yashnilmohanty/Desktop/chemCalculations/runs_autoencoder_x640_static_32/best.pt
2026-01-21 03:06:58 | INFO    | Epoch 006 | train=0.3660 | val_loss=0.0010 | val_MSE=inf | val_MAE=2.6149e+20 | val_LogMAE=0.3313 | time=23.4s
2026-01-21 03:07:22 | INFO    | Epoch 007 | train=0.3547 | val_loss=0.0011 | val_MSE=inf | val_MAE=1.4243e+20 | val_LogMAE=0.3128 | time=23.6s
2026-01-21 03:07:46 | INFO    | Epoch 008 | train=0.3385 | val_loss=0.0005 | val_MSE=inf | val_MAE=1.6128e+20 | val_LogMAE=0.2613 | time=23.8s
2026-01-21 03:07:46 | INFO    |   ↳ Saved new best checkpoint: /Users/yashnilmohanty/Desktop/chemCalculations/runs_autoencoder_x640_static_32/best.pt
2026-01-21 03:08:10 | INFO    | Epoch 009 | train=0.3163 | val_loss=0.0005 | val_MSE=inf | val_MAE=1.7772e+20 | val_LogMAE=0.2636 | time=23.7s
2026-01-21 03:25:59 | INFO    | Epoch 010 | train=0.3081 | val_loss=0.0008 | val_MSE=inf | val_MAE=1.2975e+20 | val_LogMAE=0.3115 | time=1069.4s
2026-01-21 03:26:23 | INFO    | Epoch 011 | train=0.3017 | val_loss=0.0006 | val_MSE=inf | val_MAE=1.4671e+20 | val_LogMAE=0.2826 | time=24.2s
2026-01-21 03:26:47 | INFO    | Epoch 012 | train=0.2931 | val_loss=0.0009 | val_MSE=inf | val_MAE=1.3268e+20 | val_LogMAE=0.2673 | time=23.7s
2026-01-21 03:27:10 | INFO    | Epoch 013 | train=0.2860 | val_loss=0.0009 | val_MSE=inf | val_MAE=1.6385e+20 | val_LogMAE=0.2528 | time=23.4s
2026-01-21 03:27:34 | INFO    | Epoch 014 | train=0.2823 | val_loss=0.0007 | val_MSE=inf | val_MAE=1.5871e+20 | val_LogMAE=0.2757 | time=23.6s
2026-01-21 03:27:57 | INFO    | Epoch 015 | train=0.2754 | val_loss=0.0009 | val_MSE=inf | val_MAE=1.3599e+20 | val_LogMAE=0.2886 | time=23.6s
2026-01-21 03:28:21 | INFO    | Epoch 016 | train=0.2729 | val_loss=0.0006 | val_MSE=inf | val_MAE=1.1031e+20 | val_LogMAE=0.2186 | time=23.6s
2026-01-21 03:44:23 | INFO    | Epoch 017 | train=0.2559 | val_loss=0.0005 | val_MSE=inf | val_MAE=1.3482e+20 | val_LogMAE=0.2148 | time=962.3s
2026-01-21 03:44:48 | INFO    | Epoch 018 | train=0.2653 | val_loss=0.0009 | val_MSE=inf | val_MAE=1.7953e+20 | val_LogMAE=0.2578 | time=24.6s
2026-01-21 03:45:11 | INFO    | Epoch 019 | train=0.2549 | val_loss=0.0008 | val_MSE=inf | val_MAE=1.5362e+20 | val_LogMAE=0.2633 | time=23.6s
2026-01-21 03:45:35 | INFO    | Epoch 020 | train=0.1624 | val_loss=0.0003 | val_MSE=inf | val_MAE=7.7192e+19 | val_LogMAE=0.1375 | time=23.8s
2026-01-21 03:45:35 | INFO    |   ↳ Saved new best checkpoint: /Users/yashnilmohanty/Desktop/chemCalculations/runs_autoencoder_x640_static_32/best.pt
2026-01-21 03:46:02 | INFO    | Epoch 021 | train=0.1556 | val_loss=0.0004 | val_MSE=inf | val_MAE=7.4165e+19 | val_LogMAE=0.1389 | time=26.3s
2026-01-21 03:46:25 | INFO    | Epoch 022 | train=0.1533 | val_loss=0.0003 | val_MSE=inf | val_MAE=5.8953e+19 | val_LogMAE=0.1205 | time=23.7s
2026-01-21 03:46:25 | INFO    |   ↳ Saved new best checkpoint: /Users/yashnilmohanty/Desktop/chemCalculations/runs_autoencoder_x640_static_32/best.pt
2026-01-21 03:46:49 | INFO    | Epoch 023 | train=0.1551 | val_loss=0.0004 | val_MSE=inf | val_MAE=7.7824e+19 | val_LogMAE=0.1480 | time=23.6s
2026-01-21 03:47:13 | INFO    | Epoch 024 | train=0.1499 | val_loss=0.0003 | val_MSE=inf | val_MAE=7.0453e+19 | val_LogMAE=0.1192 | time=23.6s
2026-01-21 03:47:36 | INFO    | Epoch 025 | train=0.1497 | val_loss=0.0005 | val_MSE=inf | val_MAE=8.8491e+19 | val_LogMAE=0.1582 | time=23.6s
2026-01-21 03:48:00 | INFO    | Epoch 026 | train=0.1470 | val_loss=0.0008 | val_MSE=inf | val_MAE=8.0402e+19 | val_LogMAE=0.1572 | time=23.7s
2026-01-21 03:48:24 | INFO    | Epoch 027 | train=0.1499 | val_loss=0.0004 | val_MSE=inf | val_MAE=9.9757e+19 | val_LogMAE=0.1429 | time=23.6s
2026-01-21 03:48:47 | INFO    | Epoch 028 | train=0.1510 | val_loss=0.0006 | val_MSE=inf | val_MAE=7.1347e+19 | val_LogMAE=0.1524 | time=23.5s
2026-01-21 03:49:11 | INFO    | Epoch 029 | train=0.1494 | val_loss=0.0003 | val_MSE=inf | val_MAE=1.0598e+20 | val_LogMAE=0.1273 | time=23.7s
2026-01-21 03:49:35 | INFO    | Epoch 030 | train=0.1466 | val_loss=0.0004 | val_MSE=inf | val_MAE=7.4104e+19 | val_LogMAE=0.1402 | time=23.8s
2026-01-21 03:49:58 | INFO    | Epoch 031 | train=0.1435 | val_loss=0.0004 | val_MSE=inf | val_MAE=7.1127e+19 | val_LogMAE=0.1279 | time=23.6s
2026-01-21 03:50:22 | INFO    | Epoch 032 | train=0.1423 | val_loss=0.0005 | val_MSE=inf | val_MAE=6.7952e+19 | val_LogMAE=0.1345 | time=23.7s
2026-01-21 03:50:46 | INFO    | Epoch 033 | train=0.1463 | val_loss=0.0005 | val_MSE=inf | val_MAE=6.7166e+19 | val_LogMAE=0.1424 | time=23.8s
2026-01-21 03:51:10 | INFO    | Epoch 034 | train=0.0959 | val_loss=0.0003 | val_MSE=inf | val_MAE=4.6228e+19 | val_LogMAE=0.0800 | time=23.8s
2026-01-21 03:51:10 | INFO    |   ↳ Saved new best checkpoint: /Users/yashnilmohanty/Desktop/chemCalculations/runs_autoencoder_x640_static_32/best.pt
2026-01-21 03:51:33 | INFO    | Epoch 035 | train=0.0957 | val_loss=0.0003 | val_MSE=inf | val_MAE=4.0583e+19 | val_LogMAE=0.0822 | time=23.7s
2026-01-21 03:51:57 | INFO    | Epoch 036 | train=0.0943 | val_loss=0.0003 | val_MSE=inf | val_MAE=4.7371e+19 | val_LogMAE=0.0982 | time=23.7s
2026-01-21 03:52:21 | INFO    | Epoch 037 | train=0.0945 | val_loss=0.0003 | val_MSE=inf | val_MAE=4.3946e+19 | val_LogMAE=0.0838 | time=23.8s
2026-01-21 03:52:21 | INFO    |   ↳ Saved new best checkpoint: /Users/yashnilmohanty/Desktop/chemCalculations/runs_autoencoder_x640_static_32/best.pt
2026-01-21 03:52:45 | INFO    | Epoch 038 | train=0.0933 | val_loss=0.0004 | val_MSE=inf | val_MAE=4.6729e+19 | val_LogMAE=0.0939 | time=23.7s
2026-01-21 03:53:08 | INFO    | Epoch 039 | train=0.0916 | val_loss=0.0003 | val_MSE=inf | val_MAE=4.8688e+19 | val_LogMAE=0.0871 | time=23.6s
2026-01-21 03:53:32 | INFO    | Epoch 040 | train=0.0920 | val_loss=0.0003 | val_MSE=inf | val_MAE=4.7046e+19 | val_LogMAE=0.0929 | time=23.6s
2026-01-21 03:53:56 | INFO    | Epoch 041 | train=0.0914 | val_loss=0.0003 | val_MSE=inf | val_MAE=6.5331e+19 | val_LogMAE=0.0913 | time=23.6s
2026-01-21 03:54:19 | INFO    | Epoch 042 | train=0.0918 | val_loss=0.0003 | val_MSE=inf | val_MAE=4.5071e+19 | val_LogMAE=0.0851 | time=23.8s
2026-01-21 03:54:43 | INFO    | Epoch 043 | train=0.0902 | val_loss=0.0003 | val_MSE=inf | val_MAE=3.6858e+19 | val_LogMAE=0.0873 | time=23.7s
2026-01-21 03:54:43 | INFO    |   ↳ Saved new best checkpoint: /Users/yashnilmohanty/Desktop/chemCalculations/runs_autoencoder_x640_static_32/best.pt
2026-01-21 03:55:07 | INFO    | Epoch 044 | train=0.0900 | val_loss=0.0002 | val_MSE=inf | val_MAE=3.6085e+19 | val_LogMAE=0.0750 | time=23.7s
2026-01-21 03:55:07 | INFO    |   ↳ Saved new best checkpoint: /Users/yashnilmohanty/Desktop/chemCalculations/runs_autoencoder_x640_static_32/best.pt
2026-01-21 03:55:31 | INFO    | Epoch 045 | train=0.0912 | val_loss=0.0003 | val_MSE=inf | val_MAE=4.4044e+19 | val_LogMAE=0.0815 | time=23.6s
2026-01-21 03:55:55 | INFO    | Epoch 046 | train=0.0885 | val_loss=0.0002 | val_MSE=inf | val_MAE=4.0514e+19 | val_LogMAE=0.0733 | time=23.8s
2026-01-21 03:56:18 | INFO    | Epoch 047 | train=0.0881 | val_loss=0.0002 | val_MSE=inf | val_MAE=3.9864e+19 | val_LogMAE=0.0737 | time=23.8s
2026-01-21 03:56:18 | INFO    |   ↳ Saved new best checkpoint: /Users/yashnilmohanty/Desktop/chemCalculations/runs_autoencoder_x640_static_32/best.pt
2026-01-21 03:56:42 | INFO    | Epoch 048 | train=0.0905 | val_loss=0.0002 | val_MSE=inf | val_MAE=3.4514e+19 | val_LogMAE=0.0716 | time=23.7s
2026-01-21 03:57:06 | INFO    | Epoch 049 | train=0.0880 | val_loss=0.0003 | val_MSE=inf | val_MAE=5.1497e+19 | val_LogMAE=0.0852 | time=23.7s
2026-01-21 03:57:30 | INFO    | Epoch 050 | train=0.0889 | val_loss=0.0002 | val_MSE=inf | val_MAE=4.4219e+19 | val_LogMAE=0.0738 | time=23.7s
2026-01-21 03:57:30 | INFO    |   ↳ Saved new best checkpoint: /Users/yashnilmohanty/Desktop/chemCalculations/runs_autoencoder_x640_static_32/best.pt
2026-01-21 03:57:54 | INFO    | Epoch 051 | train=0.0888 | val_loss=0.0003 | val_MSE=inf | val_MAE=4.9535e+19 | val_LogMAE=0.0900 | time=24.0s
2026-01-21 03:58:17 | INFO    | Epoch 052 | train=0.0885 | val_loss=0.0003 | val_MSE=inf | val_MAE=4.1419e+19 | val_LogMAE=0.0830 | time=23.7s
2026-01-21 03:58:41 | INFO    | Epoch 053 | train=0.0868 | val_loss=0.0002 | val_MSE=inf | val_MAE=4.0100e+19 | val_LogMAE=0.0719 | time=23.7s
2026-01-21 03:59:05 | INFO    | Epoch 054 | train=0.0890 | val_loss=0.0002 | val_MSE=inf | val_MAE=3.3767e+19 | val_LogMAE=0.0645 | time=23.5s
2026-01-21 03:59:05 | INFO    |   ↳ Saved new best checkpoint: /Users/yashnilmohanty/Desktop/chemCalculations/runs_autoencoder_x640_static_32/best.pt
2026-01-21 03:59:29 | INFO    | Epoch 055 | train=0.0878 | val_loss=0.0003 | val_MSE=inf | val_MAE=5.2335e+19 | val_LogMAE=0.0908 | time=23.9s
2026-01-21 03:59:52 | INFO    | Epoch 056 | train=0.0886 | val_loss=0.0002 | val_MSE=inf | val_MAE=4.9508e+19 | val_LogMAE=0.0768 | time=23.8s
2026-01-21 04:00:16 | INFO    | Epoch 057 | train=0.0863 | val_loss=0.0002 | val_MSE=inf | val_MAE=3.5544e+19 | val_LogMAE=0.0650 | time=23.6s
2026-01-21 04:00:40 | INFO    | Epoch 058 | train=0.0871 | val_loss=0.0003 | val_MSE=inf | val_MAE=4.0656e+19 | val_LogMAE=0.0856 | time=23.7s
2026-01-21 04:01:03 | INFO    | Epoch 059 | train=0.0872 | val_loss=0.0003 | val_MSE=inf | val_MAE=3.8995e+19 | val_LogMAE=0.0877 | time=23.7s
2026-01-21 04:01:27 | INFO    | Epoch 060 | train=0.0852 | val_loss=0.0002 | val_MSE=inf | val_MAE=3.7177e+19 | val_LogMAE=0.0743 | time=24.1s
2026-01-21 04:01:28 | INFO    |   ↳ Saved new best checkpoint: /Users/yashnilmohanty/Desktop/chemCalculations/runs_autoencoder_x640_static_32/best.pt
2026-01-21 04:17:02 | INFO    | Epoch 061 | train=0.0878 | val_loss=0.0003 | val_MSE=inf | val_MAE=4.1528e+19 | val_LogMAE=0.0797 | time=934.7s
2026-01-21 04:17:26 | INFO    | Epoch 062 | train=0.0870 | val_loss=0.0004 | val_MSE=inf | val_MAE=4.2081e+19 | val_LogMAE=0.0780 | time=23.9s
2026-01-21 04:17:50 | INFO    | Epoch 063 | train=0.0846 | val_loss=0.0003 | val_MSE=inf | val_MAE=4.8243e+19 | val_LogMAE=0.0900 | time=23.7s
2026-01-21 04:18:14 | INFO    | Epoch 064 | train=0.0869 | val_loss=0.0002 | val_MSE=inf | val_MAE=4.2034e+19 | val_LogMAE=0.0749 | time=23.7s
2026-01-21 04:18:37 | INFO    | Epoch 065 | train=0.0846 | val_loss=0.0003 | val_MSE=inf | val_MAE=3.5948e+19 | val_LogMAE=0.0769 | time=23.7s
2026-01-21 04:19:01 | INFO    | Epoch 066 | train=0.0867 | val_loss=0.0002 | val_MSE=inf | val_MAE=3.8453e+19 | val_LogMAE=0.0748 | time=23.6s
2026-01-21 04:21:21 | INFO    | Epoch 067 | train=0.0845 | val_loss=0.0003 | val_MSE=inf | val_MAE=3.8617e+19 | val_LogMAE=0.0758 | time=139.8s
2026-01-21 04:21:45 | INFO    | Epoch 068 | train=0.0859 | val_loss=0.0002 | val_MSE=inf | val_MAE=3.6965e+19 | val_LogMAE=0.0732 | time=24.6s
2026-01-21 04:22:08 | INFO    | Epoch 069 | train=0.0830 | val_loss=0.0002 | val_MSE=inf | val_MAE=4.0572e+19 | val_LogMAE=0.0717 | time=23.2s
2026-01-21 04:22:31 | INFO    | Epoch 070 | train=0.0836 | val_loss=0.0003 | val_MSE=inf | val_MAE=4.4285e+19 | val_LogMAE=0.0786 | time=22.9s
2026-01-21 04:22:54 | INFO    | Epoch 071 | train=0.0867 | val_loss=0.0003 | val_MSE=inf | val_MAE=4.6508e+19 | val_LogMAE=0.0771 | time=23.1s
2026-01-21 04:23:18 | INFO    | Epoch 072 | train=0.0606 | val_loss=0.0002 | val_MSE=inf | val_MAE=2.9031e+19 | val_LogMAE=0.0542 | time=23.9s
2026-01-21 04:23:42 | INFO    | Epoch 073 | train=0.0591 | val_loss=0.0002 | val_MSE=inf | val_MAE=2.9309e+19 | val_LogMAE=0.0555 | time=23.9s
2026-01-21 04:24:06 | INFO    | Epoch 074 | train=0.0595 | val_loss=0.0002 | val_MSE=inf | val_MAE=2.7437e+19 | val_LogMAE=0.0572 | time=23.4s
2026-01-21 04:24:29 | INFO    | Epoch 075 | train=0.0592 | val_loss=0.0003 | val_MSE=inf | val_MAE=2.7594e+19 | val_LogMAE=0.0609 | time=23.4s
2026-01-21 04:24:53 | INFO    | Epoch 076 | train=0.0604 | val_loss=0.0002 | val_MSE=inf | val_MAE=3.5244e+19 | val_LogMAE=0.0581 | time=23.6s
2026-01-21 04:25:16 | INFO    | Epoch 077 | train=0.0583 | val_loss=0.0002 | val_MSE=inf | val_MAE=3.2921e+19 | val_LogMAE=0.0602 | time=23.7s
2026-01-21 04:30:37 | INFO    | Epoch 078 | train=0.0573 | val_loss=0.0002 | val_MSE=inf | val_MAE=2.8897e+19 | val_LogMAE=0.0585 | time=320.8s
2026-01-21 04:31:01 | INFO    | Epoch 079 | train=0.0582 | val_loss=0.0003 | val_MSE=inf | val_MAE=3.0036e+19 | val_LogMAE=0.0623 | time=24.2s
2026-01-21 04:47:09 | INFO    | Epoch 080 | train=0.0578 | val_loss=0.0002 | val_MSE=inf | val_MAE=2.4389e+19 | val_LogMAE=0.0530 | time=968.1s
2026-01-21 04:47:33 | INFO    | Epoch 081 | train=0.0574 | val_loss=0.0002 | val_MSE=inf | val_MAE=3.3080e+19 | val_LogMAE=0.0562 | time=23.8s
2026-01-21 04:47:57 | INFO    | Epoch 082 | train=0.0568 | val_loss=0.0002 | val_MSE=inf | val_MAE=2.7782e+19 | val_LogMAE=0.0580 | time=23.6s
2026-01-21 04:48:20 | INFO    | Epoch 083 | train=0.0464 | val_loss=0.0002 | val_MSE=inf | val_MAE=2.2120e+19 | val_LogMAE=0.0411 | time=23.6s
2026-01-21 04:48:20 | INFO    |   ↳ Saved new best checkpoint: /Users/yashnilmohanty/Desktop/chemCalculations/runs_autoencoder_x640_static_32/best.pt
2026-01-21 04:48:44 | INFO    | Epoch 084 | train=0.0458 | val_loss=0.0002 | val_MSE=inf | val_MAE=2.2201e+19 | val_LogMAE=0.0421 | time=23.9s
2026-01-21 04:49:08 | INFO    | Epoch 085 | train=0.0458 | val_loss=0.0002 | val_MSE=inf | val_MAE=2.4205e+19 | val_LogMAE=0.0489 | time=23.8s
2026-01-21 04:49:32 | INFO    | Epoch 086 | train=0.0449 | val_loss=0.0002 | val_MSE=inf | val_MAE=2.2006e+19 | val_LogMAE=0.0409 | time=23.6s
2026-01-21 04:49:55 | INFO    | Epoch 087 | train=0.0450 | val_loss=0.0002 | val_MSE=inf | val_MAE=2.3486e+19 | val_LogMAE=0.0402 | time=23.6s
2026-01-21 04:49:56 | INFO    |   ↳ Saved new best checkpoint: /Users/yashnilmohanty/Desktop/chemCalculations/runs_autoencoder_x640_static_32/best.pt
2026-01-21 04:50:19 | INFO    | Epoch 088 | train=0.0457 | val_loss=0.0002 | val_MSE=inf | val_MAE=2.1126e+19 | val_LogMAE=0.0398 | time=23.9s
2026-01-21 04:50:43 | INFO    | Epoch 089 | train=0.0449 | val_loss=0.0002 | val_MSE=inf | val_MAE=2.1860e+19 | val_LogMAE=0.0422 | time=23.6s
2026-01-21 04:51:07 | INFO    | Epoch 090 | train=0.0450 | val_loss=0.0002 | val_MSE=inf | val_MAE=2.1266e+19 | val_LogMAE=0.0407 | time=23.8s
2026-01-21 04:51:30 | INFO    | Epoch 091 | train=0.0444 | val_loss=0.0002 | val_MSE=inf | val_MAE=2.3562e+19 | val_LogMAE=0.0446 | time=23.6s
2026-01-21 04:51:54 | INFO    | Epoch 092 | train=0.0445 | val_loss=0.0002 | val_MSE=inf | val_MAE=2.0596e+19 | val_LogMAE=0.0405 | time=23.7s
2026-01-21 04:51:54 | INFO    |   ↳ Saved new best checkpoint: /Users/yashnilmohanty/Desktop/chemCalculations/runs_autoencoder_x640_static_32/best.pt
2026-01-21 04:52:18 | INFO    | Epoch 093 | train=0.0441 | val_loss=0.0002 | val_MSE=inf | val_MAE=2.1824e+19 | val_LogMAE=0.0386 | time=23.5s
2026-01-21 04:52:42 | INFO    | Epoch 094 | train=0.0443 | val_loss=0.0002 | val_MSE=inf | val_MAE=2.0917e+19 | val_LogMAE=0.0405 | time=23.7s
2026-01-21 04:53:06 | INFO    | Epoch 095 | train=0.0442 | val_loss=0.0002 | val_MSE=inf | val_MAE=2.1856e+19 | val_LogMAE=0.0427 | time=24.0s
2026-01-21 04:53:29 | INFO    | Epoch 096 | train=0.0440 | val_loss=0.0002 | val_MSE=inf | val_MAE=2.1798e+19 | val_LogMAE=0.0427 | time=23.6s
2026-01-21 04:53:53 | INFO    | Epoch 097 | train=0.0439 | val_loss=0.0002 | val_MSE=inf | val_MAE=2.0966e+19 | val_LogMAE=0.0405 | time=23.6s
2026-01-21 04:54:16 | INFO    | Epoch 098 | train=0.0439 | val_loss=0.0002 | val_MSE=inf | val_MAE=2.0054e+19 | val_LogMAE=0.0404 | time=23.3s
2026-01-21 04:54:40 | INFO    | Epoch 099 | train=0.0435 | val_loss=0.0002 | val_MSE=inf | val_MAE=2.0014e+19 | val_LogMAE=0.0411 | time=23.6s
2026-01-21 04:55:03 | INFO    | Epoch 100 | train=0.0440 | val_loss=0.0002 | val_MSE=inf | val_MAE=2.3116e+19 | val_LogMAE=0.0398 | time=23.8s
2026-01-21 04:55:27 | INFO    | Epoch 101 | train=0.0430 | val_loss=0.0002 | val_MSE=inf | val_MAE=2.0242e+19 | val_LogMAE=0.0432 | time=23.6s
2026-01-21 04:55:51 | INFO    | Epoch 102 | train=0.0435 | val_loss=0.0002 | val_MSE=inf | val_MAE=2.2096e+19 | val_LogMAE=0.0407 | time=23.8s
2026-01-21 04:56:14 | INFO    | Epoch 103 | train=0.0432 | val_loss=0.0002 | val_MSE=inf | val_MAE=1.9835e+19 | val_LogMAE=0.0395 | time=23.6s
2026-01-21 04:56:38 | INFO    | Epoch 104 | train=0.0385 | val_loss=0.0002 | val_MSE=inf | val_MAE=1.8658e+19 | val_LogMAE=0.0358 | time=23.6s
2026-01-21 04:56:38 | INFO    |   ↳ Saved new best checkpoint: /Users/yashnilmohanty/Desktop/chemCalculations/runs_autoencoder_x640_static_32/best.pt
2026-01-21 04:57:02 | INFO    | Epoch 105 | train=0.0378 | val_loss=0.0002 | val_MSE=inf | val_MAE=1.9543e+19 | val_LogMAE=0.0356 | time=23.9s
2026-01-21 04:57:25 | INFO    | Epoch 106 | train=0.0378 | val_loss=0.0002 | val_MSE=inf | val_MAE=1.8960e+19 | val_LogMAE=0.0351 | time=23.4s
2026-01-21 04:57:49 | INFO    | Epoch 107 | train=0.0375 | val_loss=0.0002 | val_MSE=inf | val_MAE=1.9134e+19 | val_LogMAE=0.0349 | time=23.8s
2026-01-21 04:58:13 | INFO    | Epoch 108 | train=0.0377 | val_loss=0.0002 | val_MSE=inf | val_MAE=1.7868e+19 | val_LogMAE=0.0344 | time=23.8s
2026-01-21 04:58:37 | INFO    | Epoch 109 | train=0.0375 | val_loss=0.0002 | val_MSE=inf | val_MAE=1.8544e+19 | val_LogMAE=0.0356 | time=23.8s
2026-01-21 04:59:01 | INFO    | Epoch 110 | train=0.0373 | val_loss=0.0002 | val_MSE=inf | val_MAE=1.9097e+19 | val_LogMAE=0.0344 | time=23.9s
2026-01-21 04:59:25 | INFO    | Epoch 111 | train=0.0373 | val_loss=0.0002 | val_MSE=inf | val_MAE=1.7983e+19 | val_LogMAE=0.0333 | time=23.8s
2026-01-21 04:59:25 | INFO    |   ↳ Saved new best checkpoint: /Users/yashnilmohanty/Desktop/chemCalculations/runs_autoencoder_x640_static_32/best.pt
2026-01-21 04:59:48 | INFO    | Epoch 112 | train=0.0372 | val_loss=0.0002 | val_MSE=inf | val_MAE=1.8625e+19 | val_LogMAE=0.0352 | time=23.5s
2026-01-21 05:00:12 | INFO    | Epoch 113 | train=0.0370 | val_loss=0.0002 | val_MSE=inf | val_MAE=1.8046e+19 | val_LogMAE=0.0342 | time=23.6s
2026-01-21 05:00:35 | INFO    | Epoch 114 | train=0.0372 | val_loss=0.0001 | val_MSE=inf | val_MAE=1.8756e+19 | val_LogMAE=0.0338 | time=23.6s
2026-01-21 05:00:36 | INFO    |   ↳ Saved new best checkpoint: /Users/yashnilmohanty/Desktop/chemCalculations/runs_autoencoder_x640_static_32/best.pt
2026-01-21 05:00:59 | INFO    | Epoch 115 | train=0.0368 | val_loss=0.0002 | val_MSE=inf | val_MAE=1.7294e+19 | val_LogMAE=0.0344 | time=23.7s
2026-01-21 05:01:23 | INFO    | Epoch 116 | train=0.0371 | val_loss=0.0002 | val_MSE=inf | val_MAE=1.7596e+19 | val_LogMAE=0.0338 | time=23.7s
2026-01-21 05:01:47 | INFO    | Epoch 117 | train=0.0369 | val_loss=0.0002 | val_MSE=inf | val_MAE=1.8541e+19 | val_LogMAE=0.0339 | time=23.7s
2026-01-21 05:02:10 | INFO    | Epoch 118 | train=0.0367 | val_loss=0.0002 | val_MSE=inf | val_MAE=1.8654e+19 | val_LogMAE=0.0335 | time=23.6s
2026-01-21 05:02:34 | INFO    | Epoch 119 | train=0.0368 | val_loss=0.0002 | val_MSE=inf | val_MAE=1.8579e+19 | val_LogMAE=0.0348 | time=23.7s
2026-01-21 05:02:58 | INFO    | Epoch 120 | train=0.0365 | val_loss=0.0002 | val_MSE=inf | val_MAE=1.9544e+19 | val_LogMAE=0.0349 | time=23.7s
2026-01-21 05:03:21 | INFO    | Epoch 121 | train=0.0366 | val_loss=0.0002 | val_MSE=inf | val_MAE=1.8094e+19 | val_LogMAE=0.0328 | time=23.6s
2026-01-21 05:03:45 | INFO    | Epoch 122 | train=0.0365 | val_loss=0.0002 | val_MSE=inf | val_MAE=1.8307e+19 | val_LogMAE=0.0334 | time=23.6s
2026-01-21 05:04:09 | INFO    | Epoch 123 | train=0.0363 | val_loss=0.0002 | val_MSE=inf | val_MAE=1.8420e+19 | val_LogMAE=0.0336 | time=23.6s
2026-01-21 05:04:32 | INFO    | Epoch 124 | train=0.0364 | val_loss=0.0001 | val_MSE=inf | val_MAE=1.7616e+19 | val_LogMAE=0.0326 | time=23.6s
2026-01-21 05:04:32 | INFO    |   ↳ Saved new best checkpoint: /Users/yashnilmohanty/Desktop/chemCalculations/runs_autoencoder_x640_static_32/best.pt
2026-01-21 05:04:56 | INFO    | Epoch 125 | train=0.0365 | val_loss=0.0002 | val_MSE=inf | val_MAE=1.7463e+19 | val_LogMAE=0.0332 | time=23.6s
2026-01-21 05:05:19 | INFO    | Epoch 126 | train=0.0363 | val_loss=0.0002 | val_MSE=inf | val_MAE=1.8925e+19 | val_LogMAE=0.0341 | time=23.6s
2026-01-21 05:05:43 | INFO    | Epoch 127 | train=0.0363 | val_loss=0.0002 | val_MSE=inf | val_MAE=1.8676e+19 | val_LogMAE=0.0339 | time=23.6s
2026-01-21 05:06:07 | INFO    | Epoch 128 | train=0.0362 | val_loss=0.0002 | val_MSE=inf | val_MAE=1.7657e+19 | val_LogMAE=0.0335 | time=23.7s
2026-01-21 05:06:30 | INFO    | Epoch 129 | train=0.0357 | val_loss=0.0002 | val_MSE=inf | val_MAE=1.7591e+19 | val_LogMAE=0.0328 | time=23.7s
2026-01-21 05:06:54 | INFO    | Epoch 130 | train=0.0360 | val_loss=0.0002 | val_MSE=inf | val_MAE=1.8649e+19 | val_LogMAE=0.0334 | time=23.7s
2026-01-21 05:07:18 | INFO    | Epoch 131 | train=0.0358 | val_loss=0.0002 | val_MSE=inf | val_MAE=1.8050e+19 | val_LogMAE=0.0333 | time=23.7s
2026-01-21 05:07:42 | INFO    | Epoch 132 | train=0.0359 | val_loss=0.0002 | val_MSE=inf | val_MAE=1.6729e+19 | val_LogMAE=0.0335 | time=23.8s
2026-01-21 05:08:05 | INFO    | Epoch 133 | train=0.0359 | val_loss=0.0002 | val_MSE=inf | val_MAE=1.8219e+19 | val_LogMAE=0.0335 | time=23.7s
2026-01-21 05:08:29 | INFO    | Epoch 134 | train=0.0356 | val_loss=0.0002 | val_MSE=inf | val_MAE=1.7111e+19 | val_LogMAE=0.0332 | time=23.7s
2026-01-21 05:08:53 | INFO    | Epoch 135 | train=0.0358 | val_loss=0.0002 | val_MSE=inf | val_MAE=1.7122e+19 | val_LogMAE=0.0325 | time=23.6s
2026-01-21 05:09:17 | INFO    | Epoch 136 | train=0.0333 | val_loss=0.0002 | val_MSE=inf | val_MAE=1.6781e+19 | val_LogMAE=0.0311 | time=24.1s
2026-01-21 05:09:40 | INFO    | Epoch 137 | train=0.0332 | val_loss=0.0001 | val_MSE=inf | val_MAE=1.6461e+19 | val_LogMAE=0.0305 | time=23.6s
2026-01-21 05:10:04 | INFO    | Epoch 138 | train=0.0333 | val_loss=0.0002 | val_MSE=inf | val_MAE=1.6853e+19 | val_LogMAE=0.0316 | time=23.7s
2026-01-21 05:10:28 | INFO    | Epoch 139 | train=0.0332 | val_loss=0.0002 | val_MSE=inf | val_MAE=1.6420e+19 | val_LogMAE=0.0305 | time=23.7s
2026-01-21 05:10:51 | INFO    | Epoch 140 | train=0.0331 | val_loss=0.0002 | val_MSE=inf | val_MAE=1.6193e+19 | val_LogMAE=0.0308 | time=23.7s
2026-01-21 05:11:15 | INFO    | Epoch 141 | train=0.0331 | val_loss=0.0002 | val_MSE=inf | val_MAE=1.7288e+19 | val_LogMAE=0.0313 | time=23.7s
2026-01-21 05:11:39 | INFO    | Epoch 142 | train=0.0330 | val_loss=0.0002 | val_MSE=inf | val_MAE=1.6535e+19 | val_LogMAE=0.0316 | time=23.7s
2026-01-21 05:12:02 | INFO    | Epoch 143 | train=0.0330 | val_loss=0.0001 | val_MSE=inf | val_MAE=1.6276e+19 | val_LogMAE=0.0305 | time=23.6s
2026-01-21 05:12:03 | INFO    |   ↳ Saved new best checkpoint: /Users/yashnilmohanty/Desktop/chemCalculations/runs_autoencoder_x640_static_32/best.pt
2026-01-21 05:12:26 | INFO    | Epoch 144 | train=0.0330 | val_loss=0.0001 | val_MSE=inf | val_MAE=1.6047e+19 | val_LogMAE=0.0303 | time=23.7s
2026-01-21 05:12:26 | INFO    |   ↳ Saved new best checkpoint: /Users/yashnilmohanty/Desktop/chemCalculations/runs_autoencoder_x640_static_32/best.pt
2026-01-21 05:12:50 | INFO    | Epoch 145 | train=0.0329 | val_loss=0.0002 | val_MSE=inf | val_MAE=1.6228e+19 | val_LogMAE=0.0314 | time=23.6s
2026-01-21 05:13:14 | INFO    | Epoch 146 | train=0.0329 | val_loss=0.0002 | val_MSE=inf | val_MAE=1.7109e+19 | val_LogMAE=0.0313 | time=23.7s
2026-01-21 05:13:37 | INFO    | Epoch 147 | train=0.0328 | val_loss=0.0002 | val_MSE=inf | val_MAE=1.6420e+19 | val_LogMAE=0.0306 | time=23.6s
2026-01-21 05:14:01 | INFO    | Epoch 148 | train=0.0328 | val_loss=0.0001 | val_MSE=inf | val_MAE=1.6375e+19 | val_LogMAE=0.0302 | time=23.7s
2026-01-21 05:14:01 | INFO    |   ↳ Saved new best checkpoint: /Users/yashnilmohanty/Desktop/chemCalculations/runs_autoencoder_x640_static_32/best.pt
2026-01-21 05:14:25 | INFO    | Epoch 149 | train=0.0328 | val_loss=0.0002 | val_MSE=inf | val_MAE=1.6298e+19 | val_LogMAE=0.0301 | time=24.0s
2026-01-21 05:14:49 | INFO    | Epoch 150 | train=0.0327 | val_loss=0.0001 | val_MSE=inf | val_MAE=1.6758e+19 | val_LogMAE=0.0304 | time=23.6s
2026-01-21 05:15:12 | INFO    | Epoch 151 | train=0.0328 | val_loss=0.0001 | val_MSE=inf | val_MAE=1.5808e+19 | val_LogMAE=0.0303 | time=23.7s
2026-01-21 05:15:36 | INFO    | Epoch 152 | train=0.0327 | val_loss=0.0001 | val_MSE=inf | val_MAE=1.5757e+19 | val_LogMAE=0.0298 | time=23.6s
2026-01-21 05:16:00 | INFO    | Epoch 153 | train=0.0326 | val_loss=0.0001 | val_MSE=inf | val_MAE=1.5898e+19 | val_LogMAE=0.0300 | time=23.5s
2026-01-21 05:16:23 | INFO    | Epoch 154 | train=0.0326 | val_loss=0.0001 | val_MSE=inf | val_MAE=1.6328e+19 | val_LogMAE=0.0300 | time=23.6s
2026-01-21 05:16:47 | INFO    | Epoch 155 | train=0.0325 | val_loss=0.0002 | val_MSE=inf | val_MAE=1.6315e+19 | val_LogMAE=0.0302 | time=23.6s
2026-01-21 05:17:11 | INFO    | Epoch 156 | train=0.0325 | val_loss=0.0001 | val_MSE=inf | val_MAE=1.5771e+19 | val_LogMAE=0.0297 | time=23.9s
2026-01-21 05:17:11 | INFO    |   ↳ Saved new best checkpoint: /Users/yashnilmohanty/Desktop/chemCalculations/runs_autoencoder_x640_static_32/best.pt
2026-01-21 05:17:37 | INFO    | Epoch 157 | train=0.0325 | val_loss=0.0002 | val_MSE=inf | val_MAE=1.5961e+19 | val_LogMAE=0.0299 | time=26.3s
2026-01-21 05:18:01 | INFO    | Epoch 158 | train=0.0324 | val_loss=0.0001 | val_MSE=inf | val_MAE=1.6202e+19 | val_LogMAE=0.0302 | time=24.0s
2026-01-21 05:18:25 | INFO    | Epoch 159 | train=0.0324 | val_loss=0.0001 | val_MSE=inf | val_MAE=1.6009e+19 | val_LogMAE=0.0298 | time=23.7s
2026-01-21 05:18:48 | INFO    | Epoch 160 | train=0.0323 | val_loss=0.0002 | val_MSE=inf | val_MAE=1.7277e+19 | val_LogMAE=0.0301 | time=23.6s
2026-01-21 05:19:12 | INFO    | Epoch 161 | train=0.0324 | val_loss=0.0001 | val_MSE=inf | val_MAE=1.6078e+19 | val_LogMAE=0.0301 | time=24.0s
2026-01-21 05:19:36 | INFO    | Epoch 162 | train=0.0324 | val_loss=0.0001 | val_MSE=inf | val_MAE=1.5959e+19 | val_LogMAE=0.0304 | time=23.8s
2026-01-21 05:20:00 | INFO    | Epoch 163 | train=0.0323 | val_loss=0.0001 | val_MSE=inf | val_MAE=1.5974e+19 | val_LogMAE=0.0300 | time=23.9s
2026-01-21 05:20:24 | INFO    | Epoch 164 | train=0.0321 | val_loss=0.0002 | val_MSE=inf | val_MAE=1.5827e+19 | val_LogMAE=0.0306 | time=23.8s
2026-01-21 05:20:47 | INFO    | Epoch 165 | train=0.0321 | val_loss=0.0001 | val_MSE=inf | val_MAE=1.5855e+19 | val_LogMAE=0.0299 | time=23.7s
2026-01-21 05:20:48 | INFO    |   ↳ Saved new best checkpoint: /Users/yashnilmohanty/Desktop/chemCalculations/runs_autoencoder_x640_static_32/best.pt
2026-01-21 05:21:11 | INFO    | Epoch 166 | train=0.0322 | val_loss=0.0002 | val_MSE=inf | val_MAE=1.5948e+19 | val_LogMAE=0.0295 | time=23.7s
2026-01-21 05:21:35 | INFO    | Epoch 167 | train=0.0321 | val_loss=0.0001 | val_MSE=inf | val_MAE=1.5916e+19 | val_LogMAE=0.0297 | time=23.6s
2026-01-21 05:21:59 | INFO    | Epoch 168 | train=0.0321 | val_loss=0.0001 | val_MSE=inf | val_MAE=1.6379e+19 | val_LogMAE=0.0298 | time=23.8s
2026-01-21 05:22:22 | INFO    | Epoch 169 | train=0.0322 | val_loss=0.0002 | val_MSE=inf | val_MAE=1.6589e+19 | val_LogMAE=0.0304 | time=23.7s
2026-01-21 05:22:46 | INFO    | Epoch 170 | train=0.0320 | val_loss=0.0001 | val_MSE=inf | val_MAE=1.5663e+19 | val_LogMAE=0.0293 | time=23.6s
2026-01-21 05:23:10 | INFO    | Epoch 171 | train=0.0320 | val_loss=0.0001 | val_MSE=inf | val_MAE=1.6175e+19 | val_LogMAE=0.0295 | time=23.6s
2026-01-21 05:23:33 | INFO    | Epoch 172 | train=0.0321 | val_loss=0.0002 | val_MSE=inf | val_MAE=1.5922e+19 | val_LogMAE=0.0301 | time=23.5s
2026-01-21 05:23:57 | INFO    | Epoch 173 | train=0.0321 | val_loss=0.0001 | val_MSE=inf | val_MAE=1.5813e+19 | val_LogMAE=0.0295 | time=23.8s
2026-01-21 05:24:21 | INFO    | Epoch 174 | train=0.0319 | val_loss=0.0001 | val_MSE=inf | val_MAE=1.5866e+19 | val_LogMAE=0.0293 | time=23.9s
2026-01-21 05:24:45 | INFO    | Epoch 175 | train=0.0319 | val_loss=0.0001 | val_MSE=inf | val_MAE=1.6048e+19 | val_LogMAE=0.0297 | time=23.8s
2026-01-21 05:25:08 | INFO    | Epoch 176 | train=0.0318 | val_loss=0.0002 | val_MSE=inf | val_MAE=1.5778e+19 | val_LogMAE=0.0303 | time=23.6s
2026-01-21 05:25:32 | INFO    | Epoch 177 | train=0.0308 | val_loss=0.0001 | val_MSE=inf | val_MAE=1.5109e+19 | val_LogMAE=0.0282 | time=23.6s
2026-01-21 05:25:56 | INFO    | Epoch 178 | train=0.0306 | val_loss=0.0001 | val_MSE=inf | val_MAE=1.5240e+19 | val_LogMAE=0.0287 | time=23.7s
2026-01-21 05:26:19 | INFO    | Epoch 179 | train=0.0306 | val_loss=0.0001 | val_MSE=inf | val_MAE=1.5184e+19 | val_LogMAE=0.0286 | time=23.9s
2026-01-21 05:26:43 | INFO    | Epoch 180 | train=0.0307 | val_loss=0.0001 | val_MSE=inf | val_MAE=1.5613e+19 | val_LogMAE=0.0286 | time=23.6s
2026-01-21 05:27:07 | INFO    | Epoch 181 | train=0.0306 | val_loss=0.0001 | val_MSE=inf | val_MAE=1.5357e+19 | val_LogMAE=0.0288 | time=23.6s
2026-01-21 05:27:30 | INFO    | Epoch 182 | train=0.0306 | val_loss=0.0001 | val_MSE=inf | val_MAE=1.4993e+19 | val_LogMAE=0.0286 | time=23.7s
2026-01-21 05:27:54 | INFO    | Epoch 183 | train=0.0306 | val_loss=0.0001 | val_MSE=inf | val_MAE=1.5224e+19 | val_LogMAE=0.0284 | time=23.7s
2026-01-21 05:28:18 | INFO    | Epoch 184 | train=0.0305 | val_loss=0.0001 | val_MSE=inf | val_MAE=1.5129e+19 | val_LogMAE=0.0282 | time=23.6s
2026-01-21 05:28:41 | INFO    | Epoch 185 | train=0.0305 | val_loss=0.0001 | val_MSE=inf | val_MAE=1.5200e+19 | val_LogMAE=0.0285 | time=23.6s
2026-01-21 05:29:05 | INFO    | Epoch 186 | train=0.0306 | val_loss=0.0001 | val_MSE=inf | val_MAE=1.5133e+19 | val_LogMAE=0.0285 | time=23.7s
2026-01-21 05:29:29 | INFO    | Epoch 187 | train=0.0305 | val_loss=0.0001 | val_MSE=inf | val_MAE=1.5184e+19 | val_LogMAE=0.0283 | time=23.7s
2026-01-21 05:29:29 | INFO    |   ↳ Saved new best checkpoint: /Users/yashnilmohanty/Desktop/chemCalculations/runs_autoencoder_x640_static_32/best.pt
2026-01-21 05:29:56 | INFO    | Epoch 188 | train=0.0305 | val_loss=0.0001 | val_MSE=inf | val_MAE=1.5388e+19 | val_LogMAE=0.0284 | time=26.9s
2026-01-21 05:30:23 | INFO    | Epoch 189 | train=0.0304 | val_loss=0.0001 | val_MSE=inf | val_MAE=1.5249e+19 | val_LogMAE=0.0282 | time=27.3s
2026-01-21 05:30:50 | INFO    | Epoch 190 | train=0.0304 | val_loss=0.0001 | val_MSE=inf | val_MAE=1.5107e+19 | val_LogMAE=0.0280 | time=27.3s
2026-01-21 05:31:18 | INFO    | Epoch 191 | train=0.0304 | val_loss=0.0001 | val_MSE=inf | val_MAE=1.4889e+19 | val_LogMAE=0.0282 | time=27.2s
2026-01-21 05:31:41 | INFO    | Epoch 192 | train=0.0304 | val_loss=0.0001 | val_MSE=inf | val_MAE=1.5435e+19 | val_LogMAE=0.0282 | time=23.8s
2026-01-21 05:32:05 | INFO    | Epoch 193 | train=0.0304 | val_loss=0.0001 | val_MSE=inf | val_MAE=1.5037e+19 | val_LogMAE=0.0281 | time=23.7s
2026-01-21 05:32:29 | INFO    | Epoch 194 | train=0.0303 | val_loss=0.0001 | val_MSE=inf | val_MAE=1.4969e+19 | val_LogMAE=0.0285 | time=23.9s
2026-01-21 05:32:53 | INFO    | Epoch 195 | train=0.0303 | val_loss=0.0001 | val_MSE=inf | val_MAE=1.5274e+19 | val_LogMAE=0.0285 | time=23.7s
2026-01-21 05:33:16 | INFO    | Epoch 196 | train=0.0303 | val_loss=0.0001 | val_MSE=inf | val_MAE=1.5106e+19 | val_LogMAE=0.0281 | time=23.6s
2026-01-21 05:33:16 | INFO    |   ↳ Saved new best checkpoint: /Users/yashnilmohanty/Desktop/chemCalculations/runs_autoencoder_x640_static_32/best.pt
2026-01-21 05:33:42 | INFO    | Epoch 197 | train=0.0303 | val_loss=0.0001 | val_MSE=inf | val_MAE=1.4916e+19 | val_LogMAE=0.0282 | time=26.1s
2026-01-21 05:34:06 | INFO    | Epoch 198 | train=0.0302 | val_loss=0.0001 | val_MSE=inf | val_MAE=1.5345e+19 | val_LogMAE=0.0280 | time=23.8s
2026-01-21 05:34:30 | INFO    | Epoch 199 | train=0.0303 | val_loss=0.0002 | val_MSE=inf | val_MAE=1.4899e+19 | val_LogMAE=0.0286 | time=23.6s
2026-01-21 05:34:54 | INFO    | Epoch 200 | train=0.0302 | val_loss=0.0001 | val_MSE=inf | val_MAE=1.4954e+19 | val_LogMAE=0.0280 | time=23.6s
2026-01-21 05:34:54 | INFO    | Training complete. Loading best checkpoint...
2026-01-21 05:34:54 | INFO    | Test metrics | loss=0.0002 | MSE=inf | MAE=1.4985e+19
2026-01-21 05:34:54 | INFO    | Loss history saved to /Users/yashnilmohanty/Desktop/chemCalculations/runs_autoencoder_x640_static_32/loss_history.csv
2026-01-21 05:34:54 | INFO    | Exported inference helper → /Users/yashnilmohanty/Desktop/chemCalculations/runs_autoencoder_x640_static_32/best_model.py
2026-01-21 05:34:55 | INFO    | Summary written to /Users/yashnilmohanty/Desktop/chemCalculations/runs_autoencoder_x640_static_32/summary.json
2026-01-21 05:34:57 | INFO    | Output directory: /Users/yashnilmohanty/Desktop/chemCalculations/runs_autoencoder_x240_static_32/diagnostics
2026-01-21 05:34:57 | INFO    | Loading best_model module from /Users/yashnilmohanty/Desktop/chemCalculations/runs_autoencoder_x240_static_32/best_model.py
2026-01-21 05:34:57 | INFO    | Device: cpu
2026-01-21 05:34:57 | INFO    | Model: 7 inputs → 33 outputs
2026-01-21 05:34:57 | INFO    | Loading CSV: /Users/yashnilmohanty/Desktop/chemCalculations/data/datasets/all_gas_fastchem_static.csv
Traceback (most recent call last):
  File "/Users/yashnilmohanty/Desktop/chemCalculations/src/diagnostics.py", line 474, in <module>
    main()
  File "/Users/yashnilmohanty/Desktop/chemCalculations/src/diagnostics.py", line 100, in main
    df = pd.read_csv(CSV_PATH)
         ^^^^^^^^^^^^^^^^^^^^^
  File "/Users/yashnilmohanty/miniforge3/lib/python3.12/site-packages/pandas/io/parsers/readers.py", line 1026, in read_csv
    return _read(filepath_or_buffer, kwds)
           ^^^^^^^^^^^^^^^^^^^^^^^^^^^^^^^
  File "/Users/yashnilmohanty/miniforge3/lib/python3.12/site-packages/pandas/io/parsers/readers.py", line 620, in _read
    parser = TextFileReader(filepath_or_buffer, **kwds)
             ^^^^^^^^^^^^^^^^^^^^^^^^^^^^^^^^^^^^^^^^^^
  File "/Users/yashnilmohanty/miniforge3/lib/python3.12/site-packages/pandas/io/parsers/readers.py", line 1620, in __init__
    self._engine = self._make_engine(f, self.engine)
                   ^^^^^^^^^^^^^^^^^^^^^^^^^^^^^^^^^
  File "/Users/yashnilmohanty/miniforge3/lib/python3.12/site-packages/pandas/io/parsers/readers.py", line 1880, in _make_engine
    self.handles = get_handle(
                   ^^^^^^^^^^^
  File "/Users/yashnilmohanty/miniforge3/lib/python3.12/site-packages/pandas/io/common.py", line 873, in get_handle
    handle = open(
             ^^^^^
FileNotFoundError: [Errno 2] No such file or directory: '/Users/yashnilmohanty/Desktop/chemCalculations/data/datasets/all_gas_fastchem_static.csv'
2026-01-21 05:34:59 | INFO    | Output directory: /Users/yashnilmohanty/Desktop/chemCalculations/runs_autoencoder_x480_static_32/diagnostics
2026-01-21 05:34:59 | INFO    | Loading best_model module from /Users/yashnilmohanty/Desktop/chemCalculations/runs_autoencoder_x480_static_32/best_model.py
2026-01-21 05:34:59 | INFO    | Device: cpu
2026-01-21 05:35:00 | INFO    | Model: 7 inputs → 33 outputs
2026-01-21 05:35:00 | INFO    | Loading CSV: /Users/yashnilmohanty/Desktop/chemCalculations/data/datasets/all_gas_fastchem_static.csv
Traceback (most recent call last):
  File "/Users/yashnilmohanty/Desktop/chemCalculations/src/diagnostics.py", line 474, in <module>
    main()
  File "/Users/yashnilmohanty/Desktop/chemCalculations/src/diagnostics.py", line 100, in main
    df = pd.read_csv(CSV_PATH)
         ^^^^^^^^^^^^^^^^^^^^^
  File "/Users/yashnilmohanty/miniforge3/lib/python3.12/site-packages/pandas/io/parsers/readers.py", line 1026, in read_csv
    return _read(filepath_or_buffer, kwds)
           ^^^^^^^^^^^^^^^^^^^^^^^^^^^^^^^
  File "/Users/yashnilmohanty/miniforge3/lib/python3.12/site-packages/pandas/io/parsers/readers.py", line 620, in _read
    parser = TextFileReader(filepath_or_buffer, **kwds)
             ^^^^^^^^^^^^^^^^^^^^^^^^^^^^^^^^^^^^^^^^^^
  File "/Users/yashnilmohanty/miniforge3/lib/python3.12/site-packages/pandas/io/parsers/readers.py", line 1620, in __init__
    self._engine = self._make_engine(f, self.engine)
                   ^^^^^^^^^^^^^^^^^^^^^^^^^^^^^^^^^
  File "/Users/yashnilmohanty/miniforge3/lib/python3.12/site-packages/pandas/io/parsers/readers.py", line 1880, in _make_engine
    self.handles = get_handle(
                   ^^^^^^^^^^^
  File "/Users/yashnilmohanty/miniforge3/lib/python3.12/site-packages/pandas/io/common.py", line 873, in get_handle
    handle = open(
             ^^^^^
FileNotFoundError: [Errno 2] No such file or directory: '/Users/yashnilmohanty/Desktop/chemCalculations/data/datasets/all_gas_fastchem_static.csv'
2026-01-21 05:35:01 | INFO    | Output directory: /Users/yashnilmohanty/Desktop/chemCalculations/runs_autoencoder_x640_static_32/diagnostics
2026-01-21 05:35:01 | INFO    | Loading best_model module from /Users/yashnilmohanty/Desktop/chemCalculations/runs_autoencoder_x640_static_32/best_model.py
2026-01-21 05:35:02 | INFO    | Device: cpu
2026-01-21 05:35:03 | INFO    | Model: 7 inputs → 33 outputs
2026-01-21 05:35:03 | INFO    | Loading CSV: /Users/yashnilmohanty/Desktop/chemCalculations/data/datasets/all_gas_fastchem_static.csv
Traceback (most recent call last):
  File "/Users/yashnilmohanty/Desktop/chemCalculations/src/diagnostics.py", line 474, in <module>
    main()
  File "/Users/yashnilmohanty/Desktop/chemCalculations/src/diagnostics.py", line 100, in main
    df = pd.read_csv(CSV_PATH)
         ^^^^^^^^^^^^^^^^^^^^^
  File "/Users/yashnilmohanty/miniforge3/lib/python3.12/site-packages/pandas/io/parsers/readers.py", line 1026, in read_csv
    return _read(filepath_or_buffer, kwds)
           ^^^^^^^^^^^^^^^^^^^^^^^^^^^^^^^
  File "/Users/yashnilmohanty/miniforge3/lib/python3.12/site-packages/pandas/io/parsers/readers.py", line 620, in _read
    parser = TextFileReader(filepath_or_buffer, **kwds)
             ^^^^^^^^^^^^^^^^^^^^^^^^^^^^^^^^^^^^^^^^^^
  File "/Users/yashnilmohanty/miniforge3/lib/python3.12/site-packages/pandas/io/parsers/readers.py", line 1620, in __init__
    self._engine = self._make_engine(f, self.engine)
                   ^^^^^^^^^^^^^^^^^^^^^^^^^^^^^^^^^
  File "/Users/yashnilmohanty/miniforge3/lib/python3.12/site-packages/pandas/io/parsers/readers.py", line 1880, in _make_engine
    self.handles = get_handle(
                   ^^^^^^^^^^^
  File "/Users/yashnilmohanty/miniforge3/lib/python3.12/site-packages/pandas/io/common.py", line 873, in get_handle
    handle = open(
             ^^^^^
FileNotFoundError: [Errno 2] No such file or directory: '/Users/yashnilmohanty/Desktop/chemCalculations/data/datasets/all_gas_fastchem_static.csv'
No runs found to aggregate.
================================================================================
LARGE DATASET TRAINING PIPELINE
================================================================================
Datasets to process: ['x240', 'x480', 'x640']
Baseline model: x160_static_32
Skip training: False
Skip diagnostics: False
================================================================================

================================================================================
Training model: x240_static_32
================================================================================
Config: /Users/yashnilmohanty/Desktop/chemCalculations/configs/x240_static_32_config.json
Dataset: /Users/yashnilmohanty/Desktop/chemCalculations/data/datasets/all_gas_fastchem_x240.csv
Run directory: /Users/yashnilmohanty/Desktop/chemCalculations/runs_autoencoder_x240_static_32
================================================================================

✅ Training completed in 28.6 minutes

================================================================================
Training model: x480_static_32
================================================================================
Config: /Users/yashnilmohanty/Desktop/chemCalculations/configs/x480_static_32_config.json
Dataset: /Users/yashnilmohanty/Desktop/chemCalculations/data/datasets/all_gas_fastchem_x480.csv
Run directory: /Users/yashnilmohanty/Desktop/chemCalculations/runs_autoencoder_x480_static_32
================================================================================

✅ Training completed in 113.1 minutes

================================================================================
Training model: x640_static_32
================================================================================
Config: /Users/yashnilmohanty/Desktop/chemCalculations/configs/x640_static_32_config.json
Dataset: /Users/yashnilmohanty/Desktop/chemCalculations/data/datasets/all_gas_fastchem_x640.csv
Run directory: /Users/yashnilmohanty/Desktop/chemCalculations/runs_autoencoder_x640_static_32
================================================================================

✅ Training completed in 150.6 minutes

================================================================================
Running diagnostics: runs_autoencoder_x240_static_32
================================================================================

❌ Diagnostics failed for runs_autoencoder_x240_static_32

================================================================================
Running diagnostics: runs_autoencoder_x480_static_32
================================================================================

❌ Diagnostics failed for runs_autoencoder_x480_static_32

================================================================================
Running diagnostics: runs_autoencoder_x640_static_32
================================================================================

❌ Diagnostics failed for runs_autoencoder_x640_static_32

================================================================================
Updating comparison metrics
================================================================================

✅ Comparison metrics updated

================================================================================
Creating comparison plot
================================================================================

⚠️  Not enough models to compare (found 1)

================================================================================
SUMMARY
================================================================================

Model Performance Comparison:
--------------------------------------------------------------------------------
Model                     Test Loss       Log MAE         Log R²         
--------------------------------------------------------------------------------
x160_static_32            0.000150        0.022354        0.999358        [BASELINE]
--------------------------------------------------------------------------------

================================================================================
PIPELINE COMPLETE
================================================================================


================================================================================
LARGE DATASET STUDY - FULL PIPELINE
================================================================================

This script will:
  1. Run FastChem for x240, x480, x640 (sequential)
  2. Merge FastChem outputs
  3. Train models
  4. Run diagnostics
  5. Update comparison metrics

Estimated time: 6-12 hours (depending on hardware)
Log file: /Users/yashnilmohanty/Desktop/chemCalculations/large_dataset_study.log

[22:41:57] Checking prerequisites...
[22:41:57] ✓ Using FASTCHEM_LOGK: /Users/yashnilmohanty/Downloads/FastChem-master/input/logK/logK.dat
[22:41:57] ✓ Using FASTCHEM_COND: /Users/yashnilmohanty/Downloads/FastChem-master/input/logK/logK_condensates.dat
[22:41:57] ✓ pyfastchem installed
[22:41:57] ================================================================================
[22:41:57] Processing dataset: x240
[22:41:57] ================================================================================
[22:41:57] Found 120 shards for x240
[22:41:57] Running FastChem for x240 (this may take 2-4 hours)...
[23:02:52] ✓ FastChem completed for x240 in 0.35 hours
[23:02:52] Merging FastChem outputs for x240...
[23:03:33] ✓ Merge completed for x240
[23:03:33] ✓ Merged dataset has 239,986 rows
[23:03:33] ✓ Dataset x240 complete!
[23:03:33] ================================================================================
[23:03:33] Processing dataset: x480
[23:03:33] ================================================================================
[23:03:33] Found 240 shards for x480
[23:03:33] Running FastChem for x480 (this may take 2-4 hours)...
[23:45:06] ✓ FastChem completed for x480 in 0.69 hours
[23:45:06] Merging FastChem outputs for x480...
[23:46:27] ✓ Merge completed for x480
[23:46:27] ✓ Merged dataset has 479,981 rows
[23:46:27] ✓ Dataset x480 complete!
[23:46:27] ================================================================================
[23:46:27] Processing dataset: x640
[23:46:27] ================================================================================
[23:46:27] Found 320 shards for x640
[23:46:27] Running FastChem for x640 (this may take 2-4 hours)...
[00:40:58] ✓ FastChem completed for x640 in 0.91 hours
[00:40:58] Merging FastChem outputs for x640...
[00:42:40] ✓ Merge completed for x640
[00:42:40] ✓ Merged dataset has 639,975 rows
[00:42:40] ✓ Dataset x640 complete!
[00:42:40] ================================================================================
[00:42:40] Training models
[00:42:40] ================================================================================
[05:35:03] ✓ Model training completed

================================================================================
STUDY COMPLETE!
================================================================================

[05:35:03] ✓ All datasets processed and models trained

Results:
  - Comparison metrics: plots/comparison_metrics.csv
  - Comparison plot: plots/large_dataset_comparison.png
  - Individual diagnostics: runs_autoencoder_*_static_32/diagnostics/

Full log: /Users/yashnilmohanty/Desktop/chemCalculations/large_dataset_study.log
Traceback (most recent call last):
  File "/Users/yashnilmohanty/Desktop/chemCalculations/scripts/run_full_large_dataset_study.py", line 282, in <module>
    sys.exit(main())
             ^^^^^^
  File "/Users/yashnilmohanty/Desktop/chemCalculations/scripts/run_full_large_dataset_study.py", line 276, in main
    LOG_FILE.write_text(f"\nCompleted: {datetime.now()}\n", mode="a")
TypeError: Path.write_text() got an unexpected keyword argument 'mode'
