T_K,P_bar,abund_H_dex,abund_O_dex,abund_C_dex,abund_N_dex,abund_S_dex,e-,H,O,C,N,S,C1H1,C1H1N1_1,C1H1N1_2,C1H1N1O1,C1H1O1,C1H2,C1H2O1,C1H3,C1H4,C1H4O2,C1N1,C1N1O1,C1N2_cnn,C1N2_ncn,C1O1,C1O1S1,C1O2,C1S1,C1S2,C2,C2H1,C2H2,C2H2O2,C2H2O4,C2H4,C2H4O1,C2H4O3,C2H6O2,C2N1,C2N1O1,C2N2,C2O1,C3,C3H1,C3N2O1,C3O2,C4,C4H6O4,C4N2,C5,H1N1,H1N1O1,H1N1O2cis,H1N1O2trans,H1N1O3,H1O1,H1O2,H1S1,H2,H2N1,H2N2,H2O1,H2O2,H2O4S1,H2S1,H3N1,H4N2,N1O1,N1O2,N1O3,N1S1,N2,N2O1,N2O3,N2O4,N2O5,N3,O1S1,O1S2,O2,O2S1,O3,O3S1,S2,S3,S4,S5,S6,S7,S8,C1+,C1-,C1H1+,C1H1-,C1H1O1+,C1N1+,C1N1-,C1O2-,C2-,H1+,H1-,H1O1+,H1O1-,H1S1-,H2+,H2-,H3O1+,N1+,N1-,N1O1+,N1O2-,N2+,N2-,N2O1+,O1+,O1-,O2+,O2-,S1+,S1-,comp_H,comp_O,comp_C,comp_N,comp_S,group_index,point_index,sample_MAE
1138.3307337669678,79888.59895817096,12.120305377960122,9.15915393800416,11.999928468300268,10.211697576738445,10.456166620877012,2406.409936653793,108447936348769.12,4.927836930283305e-15,763490.6132277194,5.1478266604356456e-12,60332635.011702344,476269506653.45825,1.083117310871374e+17,507894124134963.75,0.2826555461624278,453240582.93491626,4.286216318045592e+20,270632102665646.72,5.083151580270199e+23,5.083151580270199e+23,1.19667760737241e-14,23043.134428286932,2.1011335701204252e-12,3.1550911004466706e-18,2.482792676092161e-13,2759119894906084.0,188333768387.79492,0.090957802375686,1.6164611585802117e+21,9.310423133675268e+22,122569872352560.28,5.083151580270199e+23,5.083151580270199e+23,1286.5088114693067,7.839231099024478e-32,5.083151580270199e+23,9.537103760915746e+21,1.5782179373788403e-10,0.0001989950409833,1041432711883.828,0.9194045489486634,18556431.448597163,51369646815.0678,5.083151580270199e+23,5.083151580270199e+23,8.494490124852091e-06,486971620150.0526,5.083151580270199e+23,1.9952022014030158e-20,5.381039327014611e+22,5.083151580270199e+23,1.8124009780940253e-06,5.862266978842668e-23,1.2879261526921712e-43,1.6388523509767971e-43,2.426691635462991e-70,2.361169316147909e-05,9.812202177553744e-32,178452965865511.72,5.083151580270199e+23,30.679371948299018,8.845032147219594e-16,20041794.63926429,3.3510515931065537e-26,2.5435315584020634e-62,1.1553097784484308e+21,105665236980.27228,2.12099164679266e-11,6.549492720102755e-22,3.9580368901343885e-48,2.080381712388071e-79,3.878853004482562e-07,4.2435248344319416e-05,1.192662051049794e-37,1.450814737298291e-93,1.3934302737502787e-120,1.5738116822052935e-148,8.60295741663106e-39,4.36025201929458e-08,3.181142938258417e-10,9.574025265353024e-32,3.39438073261241e-23,8.372922315332733e-67,1.8251587060286968e-48,21178090457.15283,46246.26843932367,0.3471717681789485,1.156174141052744e-06,5.3093943222108505e-11,8.324554946423937e-16,4.5565675361397085e-21,5.382895756928365e-28,1.7810040393508848e-06,7.401572984864977e-20,49.85020906303604,3.705935344299254e-12,2.4126511502051167e-41,10488.198875713477,2.173144024613647e-15,421015943051348.2,2.585593962891395e-30,1.537592452551444,6.904047452046772e-47,9.55622443986234e-15,11520815.57391862,9.05962219277432e-28,0.0003236670502248,4.6496656318927066e-15,3.559073011644144e-59,7.079367448099313e-29,1.0175895757120859e-46,1.2965640824301291e-54,7.089334126500732e-57,2.147092869507693e-28,4.441233498468968e-77,9.389269048860938e-59,1.2827746193251685e-25,2.856808282668564e-68,2.1374033529108144e-46,3.455616773860696e-22,0.858014581418267,0.0,0.0,0.0,0.0,0.0,0.0,0.0,9.221597737176479e+22
1254.1175760815042,76768.4849640993,12.176889201548908,5.003971121767651,12.14922860026308,10.648737795948776,5.343364446281414,49013.4343559731,385762847331886.4,1.148492546552006e-13,27098844.34155457,4.142694131878116e-08,884553.1351916607,2181460009584.0483,4.708020975110107e+17,3891747316683277.0,0.2612378704747223,20153791.672031384,1.1049994791699302e+20,1075011190872.99,4.4336502713991874e+23,4.4336502713991874e+23,1.6016172629036802e-17,4239758.508123123,5.843068210388589e-11,2.1606411493560937e-13,5.847673940525962e-09,63208960170036.45,3527759.289962932,0.0002887135840441,8.131217425979875e+17,1.0271319507575082e+16,489791047226577.5,4.4336502713991874e+23,4.4336502713991874e+23,0.1674111116093394,2.986645915842804e-37,4.4336502713991874e+23,4.5934239663324045e+17,2.3554944782250685e-16,1.9564051395495883e-09,23152523607140.805,1.4630907516059262,3088472794.6504707,2048120410.6970503,4.4336502713991874e+23,4.4336502713991874e+23,5.9888200879303846e-05,36602610.391605906,4.4336502713991874e+23,3.084784155879929e-29,1.013832207781536e+23,4.4336502713991874e+23,0.0020341779860154,1.1044524901158108e-20,9.619383812302207e-42,1.2026144297283037e-41,2.2912652183134967e-68,2.9868804574273355e-05,1.826677462012574e-31,301120313360.2093,9.55434110760986e+22,2800.7040161488817,8.392436591560726e-12,685361.4832490054,7.070112496995332e-27,8.396491257638772e-68,1.6723961634172957e+17,409724616479.9007,1.2517996529491598e-08,2.6243710801669723e-19,1.9462640487424293e-45,3.3529702756516256e-76,4.960948833499233e-07,0.2731586944047413,3.7848004923825025e-33,2.2292866295080333e-88,2.36981980014996e-115,6.263600483864222e-143,2.772040341768413e-31,9.402721218141162e-11,3.99039318212185e-16,4.086357358420332e-31,8.312545430734613e-27,3.153960506592758e-65,3.765711421132431e-52,73627.8565257037,0.0001921816845996,1.6530668663977297e-12,4.258439833010723e-21,2.0024963589110803e-28,3.876523468659928e-36,2.0535623233018234e-44,4.3546431826344824e-23,0.0003378546764986,4.2815269388215873e-16,942.3670043617348,1.9925968014467875e-11,1.5006497229864955e-34,933321.0307036076,7.946871830255457e-17,645642821536843.6,1.8904680951652957e-25,47.36643930787683,1.2173364221637645e-42,3.8010134354923486e-14,39994.64515142685,1.896805509100919e-23,0.0111019466079764,1.1031859500375311e-14,1.4346709832089566e-50,1.0754218151070905e-23,1.401835765387994e-41,1.2103593135412425e-51,6.071236311280363e-48,1.1108630343040607e-22,1.5432040369343974e-68,4.5449527986991965e-53,1.328412537782746e-23,5.910920168554772e-64,1.0792031149225424e-44,4.860149704100955e-21,0.0312415100567522,0.0,0.0,0.0,0.0,0.0,0.0,0.0,5.941255992112242e+22
1866.5903529708175,42494.018375674066,12.037153981940634,16.323657770004644,10.09415958066046,15.497167510209126,16.21232641566399,22866.718555951673,4623787.916567301,5.218146448493461e+17,6.187134380980122e-11,110310495959.07487,9.67768674024845e+18,1.3794671650616298e-18,1.783285876896886e-07,9.172944903134748e-09,0.1246296020676639,0.000740443799378,1.31696246375748e-24,3.405699236063277e-12,2.8192858277078e-30,3.594295430595653e-37,1.3337498127687363e-35,0.0013365528645541,8078.2177298842835,9.787215282901496e-09,8.684077743503186e-06,1315170718961.517,81353253922588.3,1.9870471568281976e+18,3909.2425966466426,784867880.9043697,2.313107494963288e-29,2.259019030252538e-31,6.457189044813965e-37,4.6020007138622816e-26,3.288543157917088e-14,3.262522942214964e-56,1.0779676130642223e-54,3.102833228972861e-40,2.3986738255063374e-76,2.0631259963588216e-22,4.895093745045275e-13,1.3078649958711157e-17,6.613072858678708e-15,7.980863478449261e-45,5.737130697053282e-49,4.6058265235437484e-32,9.134855632701408e-22,2.8632252838062435e-66,5.028598968227878e-101,1.4438065750644391e-55,5.6730354713038705e-83,1882.2068445348775,5979509821.10128,51108486484759.1,60353373333565.48,50395761373460.336,2227595190421.623,8852086376368.441,619554352253.7682,14.605102263739608,0.0001600569759351,1.119077077187667e-06,89902601.30863547,63434.01800662973,8.713450859296609e+19,25598.742511916356,1.8349082255996532e-10,9.791720550221232e-27,7.860196679680461e+21,2.1148835542990697e+22,3.332290949259376e+19,6.803670318220526e+18,1.648904494300029e+23,1.114107763185296e+20,3.822892925223619e+19,1.1443431105843014e+19,8.988176608608652e+18,157255029390.14185,1.648904494300029e+23,1.648904494300029e+23,1.648904494300029e+23,1.648904494300029e+23,2.320677029555548e+19,1.648904494300029e+23,1.648904494300029e+23,1.648904494300029e+23,1.648904494300029e+23,1.648904494300029e+23,1.648904494300029e+23,1.648904494300029e+23,1.648904494300029e+23,2.7428005505955804e-25,4.242649137784342e-24,1.0917260209292255e-31,1.2774992998223605e-30,1.5957641806455694e-10,7.961622045324426e-25,6.884561214403852e-10,34618.85309529571,3.3577597946979e-35,7.537761280987391e-15,1.4770582792447708e-08,8.707814477738848e-08,2.803260559543607,19.230920722063715,2.752959855265767e-24,1.0157069855117022e-21,1.0542525309359992e-11,2.251046044414732e-12,9.20815635428419e-06,2568395013240.801,2580412938359.0273,0.0073886132276524,3381.0776278183953,201.29475394163404,0.0007096152181958,182422.0604033584,63388412.68614375,2667483889.5469804,8928747.02822318,157877791.52499765,0.0,0.0,0.0,0.0,0.0,0.0,0.0,5.472612001251113e+22
1819.09770130862,52738.7378003694,11.947602112513184,16.259481087833,10.204444094274969,15.525249120305274,16.172618206241896,7908.245088788847,1487543.5177235275,3.7316639832869894e+17,1.5142861423691008e-11,61822746556.1142,7.426520873463384e+18,1.9182709450034931e-19,6.571019347189531e-08,3.065885597055446e-09,0.0733823211418877,0.0002809830540151,1.2023352548915263e-25,7.805201918923835e-13,1.7818275745105242e-31,1.527068025623734e-38,7.112073226388223e-37,0.0006491897124096,6618.29482332188,4.483711496401574e-09,4.769986524864172e-06,1404081150359.1433,108273097811147.42,3.631536389859881e+18,2424.221845998403,761335662.6729656,3.720512960954906e-30,3.0773340323581656e-32,6.125202038433734e-38,1.0319748431123092e-26,2.0225344877411247e-14,8.919293235748521e-58,3.746548520076841e-56,2.8987699739275867e-41,2.1164546337967328e-78,6.44973898206288e-23,2.952340174160894e-13,7.574585744218913e-18,2.865068341345537e-15,1.0911848667770993e-45,5.629496911513527e-50,2.515359139644164e-32,6.3890352509897125e-22,2.3649051039525016e-67,5.973455909122135e-103,3.632996793678105e-56,3.685024301849551e-84,592.9822642293991,3136319049.5079937,38292478822336.03,45359068714976.12,44158712120923.93,1054759860711.7092,4793418582033.19,276109318684.19403,3.153996134973764,3.106106419049716e-05,2.552499344282006e-07,31724270.12696596,19927.833738119545,1.0051507863914114e+20,6952.223059795394,2.4450283990528536e-11,5.693027844798081e-28,9.074979212664096e+21,2.881053469152123e+22,4.4941297738446275e+19,6.364906450726537e+18,2.0998604014860975e+23,1.5826186353092028e+20,6.168301213754452e+19,2.1987341395049804e+19,1.8204363534062592e+19,145160464365.60226,2.0998604014860975e+23,2.0998604014860975e+23,2.0998604014860975e+23,2.0998604014860975e+23,2.287788278443009e+19,2.0998604014860975e+23,2.0998604014860975e+23,2.0998604014860975e+23,2.0998604014860975e+23,2.0998604014860975e+23,2.0998604014860975e+23,2.0998604014860975e+23,2.0998604014860975e+23,3.001753811173503e-26,4.582992179879984e-25,7.532451215762369e-33,8.301576014753074e-32,4.480083205410567e-11,1.0842939083131758e-25,2.2371070255514136e-10,24557.96048018727,3.7612236391710545e-36,7.420423368076644e-16,1.9306530923675304e-09,1.347627516722402e-08,0.6423414889701132,4.50158496507932,1.3414562825514583e-25,5.1953436779333684e-23,1.2114801950352629e-12,3.3103920359712345e-13,1.832915791114357e-06,1839132771220.931,1853974681141.363,0.0025153128232724,1436.5267930483149,97.3879731733224,0.0001550190621628,59466.89998943465,29289942.544120084,1206465246.2748306,3559389.5375303715,61068028.11379697,0.0,0.0,0.0,0.0,0.0,0.0,0.0,4.790916869646014e+22
1220.7587682758133,69764.51745315753,12.094524321338625,9.117275400526612,12.07456069343334,10.245949393782938,10.48815272543291,104964.014038001,266170070705.06183,0.0037486419322962,619.4511609321321,0.2619448955991001,39668115672.450645,83857.63587905573,1.299250336745289e+18,9222418624597810.0,83065784721.95169,204614169953.1446,8927588837.363693,20257118691821.625,6437742190816122.0,1.5435046479960293e+20,2.8876439568211967e-11,4411105162.248804,7673.148602654275,0.0032428903463124,116.87795667427768,7.9063722858716e+20,4.292316025485602e+18,466630533301129.4,5.379802165804812e+18,9.413664681395696e+21,1200094.813186086,2.3913658812185456e+17,2.703539380624612e+23,35722656.51880891,9.506611675962844e-07,5.114859058408519e+22,1587038844.147798,0.011927052293499,7.398960275713897e-13,2530959759334.366,24688998716.580544,1.391439677580715e+16,1314709566137.9612,369299958260806.4,1.6752284678143978e+22,2855103231.950664,5.7391400130454394e+17,150312452863041.97,2.5117558542785343e-18,5.402797885305976e+21,6.310138594092017e+20,21.187969525821707,1.4125243300646377e-05,1.1985052430670069e-15,1.5054857088513997e-15,2.036566675312818e-31,2069.569912678805,8.672430784540853e-13,23421496855144.754,1.428757277714709e+17,55541.68479594424,0.0033828647832256,121557241328.93105,5.843906567408434e-11,1.1284485674039336e-24,2.441101294763475e+16,18414450323.282505,1.0005314577500725e-05,0.2825093265779738,1.5072500263534112e-16,1.4337733800072788e-36,474244.1856622288,129889468928019.0,8.907074527571165e-08,1.9834052459864518e-41,1.558162536023056e-57,2.4901204243631156e-74,9.456954995507261e-10,536556.4217347752,242842.131865035,1.60021615591007e-09,6.467852375738197,5.228730215241753e-33,2.3311228321665144e-14,448265006975796.9,102814303562.51776,78565260.86122523,19982.13431496841,86.03451319330277,0.1450030836207411,7.14088669780029e-05,2.5878975874109847e-29,2.3725140374979273e-08,5.015183812544139e-25,0.0001194056050398,1.1572377306098145e-08,1.9664963668848727e-33,5688603640.2177925,321.11087617834113,9863506.850888863,1.878241707755873e-30,0.0881912552803688,1.3480225013213948e-36,9.330288097693856e-06,12358786.001101833,2.5581217154150436e-31,1.9479351121209165e-08,1.2609287337877554e-13,1.0282320517854952e-45,1.48835724731146e-16,6.522087515950951e-25,3.802260038797246e-22,2.5168238696355843e-35,7.833301797757209e-08,6.192279072704681e-45,2.1301594880497472e-44,1.3997654861310405e-12,4.91394557113443e-44,1.0486068469654616e-22,7.150196535487487e-18,5288.1888901277325,0.0,0.0,0.0,0.0,0.0,0.0,0.0,4.588564825097207e+22
1754.186426359663,28271.46299888249,11.964064940195374,16.124708632636494,10.190812763422164,15.623194263302654,16.106678612773035,2225.6634865817896,703167.94536421,1.3413019132444846e+17,1.5296626938108413e-12,18272508850.929382,3.9748864348571034e+18,2.095997568486287e-20,2.0341503259264233e-08,8.234942288467736e-10,0.0263120586694675,7.741892675309694e-05,1.75297018855652e-26,2.543130071042617e-13,3.745878963817815e-32,4.4364413662119414e-39,9.869004336214971e-38,0.0001219737621643,1559.0323446281366,5.314900980806736e-10,7.364213548178579e-07,707369989541.7098,59227509165737.49,2.344057571713117e+18,744.9436305883145,353357334.7976485,1.5977723499310732e-31,2.5555920228724042e-33,7.40091107977121e-39,1.4948036166358989e-27,4.364187774459218e-15,1.0693642858995225e-58,3.733478099113095e-57,4.1745979777242816e-42,1.0191635707255e-79,5.002855154447566e-24,3.487473225412299e-14,9.894228951592192e-19,3.0479135277020515e-16,2.89440399953687e-47,2.26433735899954e-51,1.3841756126062514e-33,6.262207050321064e-23,2.3646783038728194e-69,9.342359001487632e-105,8.667242899264091e-58,2.0357232658731204e-86,186.58073421161225,1213340926.9916391,14586131411136.855,17355428199018.318,12381244868799.422,512010507340.4548,1657282427914.278,164964283189.65048,2.0539369326852825,1.1887883594908785e-05,8.489283225677882e-08,24710219.306560107,7683.13048822291,6.953466495377408e+19,4975.098262447203,1.3335992980223203e-11,1.5729384473908275e-28,4.493284992834321e+21,1.0631621658642766e+22,9.582981556078442e+18,3.1191659765878354e+18,1.1673181930335792e+23,7.278679578491497e+19,1.172308543850257e+19,3.1599120392050145e+18,1.654897184679258e+18,41811261663.38812,1.1673181930335792e+23,1.1673181930335792e+23,1.1673181930335792e+23,1.1673181930335792e+23,4.501118197573577e+18,1.1673181930335792e+23,1.1673181930335792e+23,1.1673181930335792e+23,1.1673181930335792e+23,1.1673181930335792e+23,1.1673181930335792e+23,1.1673181930335792e+23,1.1673181930335792e+23,7.147289053112492e-28,1.854601652920995e-26,2.255952266570633e-34,3.9410773971302066e-33,6.053618882738998e-12,2.4361169341220295e-27,3.082215466387212e-11,5264.7353043214725,1.2558940746758612e-37,4.7621828000858113e-17,3.2409291155276256e-10,9.776579509107454e-10,0.1427964321434004,1.3856453232986776,7.620192979957016e-27,5.4852705170911116e-24,3.452479161648009e-13,1.0622879767019431e-14,1.5821348420926356e-07,345379722818.0669,355106830429.9874,0.000187805755606,256.3686743220248,7.106761611268016,7.546059822319299e-06,8973.43900038553,2481963.4027271033,171670149.07580373,558421.434493415,15881944.693302616,0.0,0.0,0.0,0.0,0.0,0.0,0.0,3.672507428628434e+22
1164.2807697188985,18522.291127753593,12.11753570138842,7.877282924485331,12.033357767248509,7.28712803003085,8.823314617577465,11650.746674903608,62406833765233.02,1.8238810173686944e-13,851027.1562542537,2.9725527610442933e-12,14769937.871546611,137164708114.63928,2027672095510863.2,10902425341199.504,0.0629901793016628,737766669.5035002,2.6106146809219228e+19,104134986187788.4,1.1522685250587585e+23,1.1522685250587585e+23,1.0974688176753567e-14,2516.5216709394867,2.514296016059118e-12,9.465760150486896e-20,5.755281806085283e-15,9036034940482784.0,75139819408.80994,3.1964391287139127,8.254169680322637e+19,4.215414062543617e+20,37957124896930.18,1.1522685250587585e+23,1.1522685250587585e+23,1761.983396280697,1.369723296360961e-29,1.1522685250587585e+23,1.066929193798138e+20,2.2784497751431982e-10,4.700978229630015e-06,32113266608.64525,0.2594787728432422,61234.41837386124,90448438909.03964,1.1522685250587585e+23,1.1522685250587585e+23,1.0628172058641993e-07,1534264378071.527,1.1522685250587585e+23,3.7637697378117035e-21,1.3321426493309645e+19,1.1522685250587585e+23,2.755730246203559e-07,1.0022786768360109e-22,3.0453811473980754e-42,3.8586553550589723e-42,1.0499387784939051e-67,0.0001832441876032,1.4461064609361417e-29,10981409887199.965,6.330579290779797e+22,1.0782949902632684,6.2776431015570195e-18,27560174.04639803,1.236416580699562e-24,1.3157352247013274e-59,1.6644501295957471e+19,733663608.5367755,1.3801075773086148e-14,3.1722351897557106e-21,3.484054762368163e-46,4.216361906992616e-76,1.8389921276143612e-08,1.5291475486261778e-06,1.0922157967009585e-37,5.815998554551399e-91,9.894465425253281e-117,2.3726283497677e-143,1.5944943050838364e-40,1.1627867750853957e-07,9.523786101666164e-11,4.070093114831061e-29,9.260735993099924e-22,1.04136490086828e-62,8.261427511685241e-46,468807362.3760057,136.73372800843177,0.0001356534481918,5.4301948574611426e-11,3.207295529456096e-16,6.766014015039134e-22,4.699015491162867e-28,1.65663937244753e-27,6.967340489360347e-06,5.104424582121733e-20,47.38011866831952,8.195509939830466e-12,1.3947232809823111e-41,2250.963717267654,3.227232696197718e-13,242345916851049.6,6.98588415891866e-30,3.4891729650441357,2.2903278935827745e-45,2.290045886087065e-13,1977150.727515411,7.665883833170297e-28,0.0003192261954657,3.218370054553645e-15,1.1964048930592853e-58,1.9456264508808595e-28,8.620511774946386e-46,3.119621388905655e-52,1.8825877396389027e-57,5.223853960070708e-29,1.6399605287980388e-76,1.6357566568515349e-56,1.5936573648377993e-23,4.023680090988036e-65,3.8628524004708694e-43,1.8955365123458005e-22,0.612689205919691,0.0,0.0,0.0,0.0,0.0,0.0,0.0,3.469030375597861e+22
2277.0838472830837,57138.70290011989,11.895741367480802,17.834168870185636,11.02692899488144,9.441044604664862,17.73574980017152,5418981.206052553,605377979.833444,1.0137900898987772e+19,5.221890106672754e-06,6165575.622549205,9.976062442155205e+19,3.042212698763282e-13,4.9102679581897895e-11,4.944551434852085e-12,2.63048274337841e-06,0.3087711081463186,2.78120183159586e-19,2.453766680020745e-09,3.9895693545621823e-25,4.1969139750169775e-32,1.2154320155763974e-30,1.029849456515444e-06,0.3315954805778456,1.1850048980644289e-17,3.0181765051847137e-15,8208347492387.801,189593890192220.2,5.98811236046544e+17,898281.394957622,14044808177.2584,1.8194793617316476e-22,2.9728009866137193e-25,5.512711663371069e-31,3.794655279516694e-22,9.88627066557921e-13,4.179581948760012e-49,5.2033968144056513e-48,5.921125876079554e-36,7.886444874250488e-68,1.7396887599467914e-23,8.510054472640346e-16,1.6401955516136382e-26,1.1002798687822272e-10,9.782593572022873e-37,3.50057807285413e-41,8.646724549479369e-40,5.69025042616518e-18,6.0942823092232235e-56,2.1696912233395492e-91,1.5608102889711864e-60,3.312151668775904e-71,0.2936819335798596,53894.7178532644,77457098.86979865,89502082.84108467,51053152.300638765,38910788897996.9,119960013960103.1,14247782724888.111,1562.585693642061,3.72712404525196e-08,8.994539649258358e-17,628229148.9888933,1948988.3105934483,2.2141078028478612e+18,949670.5935000856,3.0383613633339185e-14,2.7978426505039127e-35,5783401675642517.0,9709098542617670.0,32487454496291.96,18491969285774.727,13035947387.59714,20658023.43433737,11277195.90338325,2018673.3817797569,2148468.1075384994,3.0635677727769293e-07,1.8174734361412533e+23,1.8174734361412533e+23,1.8174734361412533e+23,1.8174734361412533e+23,1.867933526275904e+20,1.8174734361412533e+23,1.8174734361412533e+23,1.8174734361412533e+23,1.8174734361412533e+23,1.8174734361412533e+23,1.8174734361412533e+23,1.8174734361412533e+23,1.8174734361412533e+23,3.9872645494532877e-17,1.5302089046957542e-17,2.009301584154126e-23,7.825887406820425e-24,3.5686256079976132e-06,2.659355989264046e-23,1.2742226831100165e-12,1069676.8545581242,4.82638469354391e-28,2.334640255645009e-08,0.0001460557661123,0.0228936834992115,1105.1700222688105,5522.205908751621,5.778321275013297e-17,3.449920346557606e-16,5.991417936816692e-08,8.602924747186993e-12,9.837343644520325e-08,339550348.37616867,14782283.16234616,8.904955263470414e-11,1.989487612667091e-07,4.224091991074241e-07,329.9649746179014,120923051.23973677,323362480685.0444,357935294278.407,56277541437.59242,27710134108.54939,0.0,0.0,0.0,0.0,0.0,0.0,0.0,2.7622247501067232e+22
1186.9581356832437,22958.52693743324,11.91825457491422,8.790975016463841,11.799931144083496,7.777484722944634,7.413218916738426,39707.283907192344,115439848754480.05,1.8503363777826904e-11,1278594.541564321,7.949051504095358e-11,8672514.209357813,194858553843.37515,1.2353063206535094e+16,74492213003672.61,15.04934584259545,22013800576.680504,2.9648927098303738e+19,2727205119141039.5,1.4009587086558668e+23,1.4009587086558668e+23,2.5317316156390868e-11,22863.512734990592,8.35914139159709e-10,1.234440998133951e-17,6.047231767781451e-13,1.6477942545474224e+17,448495814231.3249,2095.8680982339965,1.7875258734258326e+19,2.2895661781551346e+19,26746866008763.83,1.4009587086558668e+23,1.4009587086558668e+23,903626.087528367,9.893585924522325e-24,1.4009587086558668e+23,1.7087126054173695e+21,5.194553186218268e-06,0.0059920997873091,138767027537.05948,35.27812106389084,1723338.5010490986,1345793993534.573,1.4009587086558668e+23,1.4009587086558668e+23,6.172529995573483e-05,251021487997449.7,1.4009587086558668e+23,1.2482978142068248e-15,8.057220321677425e+19,1.4009587086558668e+23,7.078902963588333e-06,9.625523716312585e-20,1.3008263589050777e-37,1.6423321260380005e-37,2.522178357281464e-61,0.0147541949279876,6.753739547190824e-26,5957690263547.702,9.15033363583261e+22,23.856983794880808,1.5402122308600065e-15,1529445799.6742315,5.31809063924419e-21,2.393478445974571e-53,7.86139770178913e+18,12257262019.953447,3.95115795512858e-12,2.4803914400690347e-18,1.5230815236537176e-41,1.2568657084596876e-69,1.155948249398298e-07,0.0001694298322084,8.963092220917599e-34,1.889381098848581e-83,1.759461374489957e-107,2.687610184115304e-132,4.2899861495820685e-37,2.4853719164102097e-06,6.220441703127254e-10,1.5712809094578668e-25,6.837232852142397e-19,3.3501523276808444e-57,3.1599023194645613e-41,70158034.08321422,7.2333833363176785,2.514793026511776e-06,3.2581750151303384e-13,6.592151174817663e-19,4.947370460213011e-25,1.163653236368046e-31,6.419357371436439e-27,2.7228022445787454e-05,1.6597537366208134e-19,166.21223488719096,3.4814665193204917e-10,5.639449785402125e-40,32717.570939008114,6.430169576278191e-10,260725676485898.47,5.200710681562356e-29,18.510471149652027,6.8605189234587695e-43,4.3080380581567735e-11,2300539.724118375,6.3404194209451434e-27,0.0024763638432718,3.251822231859392e-13,1.541872334633623e-56,1.746950279325045e-26,1.1856957180148509e-42,2.876983085384081e-47,1.2249060603978344e-54,2.6052814895061113e-26,4.767961260657339e-72,6.692778853092599e-54,4.051194383881828e-21,4.667362822390809e-61,4.555254040074004e-39,2.4096056490614067e-22,0.8013584359710697,0.0,0.0,0.0,0.0,0.0,0.0,0.0,1.9050708502356746e+22
2313.6762489330945,73231.04084704176,12.058207836006558,17.77523160794732,11.051430084786956,9.225082956902757,17.715642466503216,9136791.026509209,1165286110.9320288,1.345569668792306e+19,1.6378085885320853e-05,6461619.007873829,1.2632688458916594e+20,1.3876659185636222e-12,1.0882189792713276e-10,1.1498534321770136e-11,5.203619403276012e-06,0.9627709106451832,1.7155791448840522e-18,1.0808028527396812e-08,3.2462071825386356e-24,4.574766026211467e-31,1.4962445914027798e-29,1.8099535936093135e-06,0.5071085985636641,1.6912444209665938e-17,3.9392069064412806e-15,13936631932661.49,321932448741462.75,8.788129416616626e+17,1974061.5639657164,27575507113.52269,1.0979513432513933e-21,2.1424323618498126e-24,5.2316172704239876e-30,2.958092616635469e-21,5.9427947329878225e-12,8.881331038802225e-48,1.1079270676568467e-46,9.700346413362792e-35,4.4795216286693313e-66,5.958011474350641e-23,2.3635061972873388e-15,3.263339978845319e-26,4.5836165044079557e-10,9.978035385990744e-36,4.5891279339314204e-40,3.1113153594179293e-39,3.2984642923258546e-17,1.2547105887519847e-54,3.295804672421635e-89,1.1519548111347964e-59,1.2031305939290448e-69,0.4494691962133286,72145.97290781797,98020985.05792142,113082820.6713107,67441908.36503196,69501536743950.93,225999911856505.44,25926827492354.984,4019.821731947466,7.966966696268287e-08,1.400612713805043e-16,1425538204.8009613,5286466.928469349,4.4647229409759457e+18,2427863.6909856624,8.605693653209237e-14,1.0390911542131088e-34,4763475650758093.0,8301677169350936.0,31524308770766.555,16708227299442.877,6514692163.863233,12119122.83859074,7890643.580644337,1464298.3346830383,1710016.2033421064,1.557859010783689e-07,2.292499955249256e+23,2.292499955249256e+23,2.292499955249256e+23,2.292499955249256e+23,2.682553109353788e+20,2.292499955249256e+23,2.292499955249256e+23,2.292499955249256e+23,2.292499955249256e+23,2.292499955249256e+23,2.292499955249256e+23,2.292499955249256e+23,2.292499955249256e+23,1.8827730207556783e-16,7.138111593251749e-17,1.3090571059745792e-22,5.131777563228905e-23,1.3060732981543823e-05,8.875278223752583e-23,2.706122071748631e-12,2483964.3152942257,3.4523406029780625e-27,8.168937563922586e-08,0.0004355246996611,0.0719722587169813,2803.5409248100923,13647.072449820584,3.1492131688627135e-16,1.8007654747996048e-15,2.632821322336327e-07,1.7689111084650248e-11,1.7073957025010673e-07,357845334.83588004,17203450.69706637,9.505198117689592e-11,1.865346234831291e-07,4.272553483135743e-07,796.7601120191905,234820257.27616885,605667333242.293,665087664605.3201,99588477352.65236,48831685040.37473,0.0,0.0,0.0,0.0,0.0,0.0,0.0,1.8645187974569195e+22
1264.2256533708105,18657.312743775423,11.90873782132309,8.72461631234409,11.822120726284956,7.78379427656064,7.452613692884159,284062.40978340775,269689693189737.4,3.7009130519794744e-08,12854958.459992835,1.5680831899643933e-08,80738187.03655277,557464049593.8451,2.2372111511009828e+16,193361723249282.3,2765.934959992441,900196520947.4729,1.425090448238401e+19,2.5131458340208692e+16,1.068910172415754e+23,1.068910172415754e+23,3.465891624639883e-08,427305.78825205175,1.277686672361333e-06,6.476135979684887e-15,1.6118952307595323e-10,4.23480383259796e+18,17202582660377.764,4167968.9533758434,2.0402839743448973e+19,1.6915351496324993e+19,70132812100433.86,1.068910172415754e+23,1.068910172415754e+23,270086455.695357,2.3119476547246427e-17,1.068910172415754e+23,1.089929284071443e+21,0.026966185451042,0.4131216419015432,708573921917.0326,9158.703940328269,20675627.45784373,51387084196364.52,1.068910172415754e+23,1.068910172415754e+23,0.0282164514290347,5.0597558626173064e+16,1.068910172415754e+23,2.6649079531451173e-11,6.132668157555267e+19,1.068910172415754e+23,0.0004172855388553,4.9549988125396145e-16,1.0100378611946194e-31,1.261000075963819e-31,6.1681212867942275e-53,4.8431102426210995,7.683313312136759e-21,14672645852047.346,3.340671991506473e+22,298.4546534216869,2.4057961560255394e-13,52939167024.511635,1.5858781610701386e-16,6.362391286469337e-45,4.251294798825941e+18,21555205681.745457,1.1555253252590314e-10,1.9743041597328928e-14,3.7444199119019366e-35,1.7826667205608012e-60,1.2011402821910411e-05,0.0189654858731336,7.49798667348e-29,3.1665301960431716e-73,8.542124315259111e-95,6.0753995089669544e-117,7.022006814997802e-33,0.0018574388929554,5.584601437727993e-07,2.899304562569212e-20,3.4828973816340727e-14,6.683410051913655e-49,3.918148375496749e-34,443631138.03575814,86.82090803716842,5.581774776756647e-05,1.0420378604290946e-11,3.6302657410532106e-17,5.2838579238928496e-23,2.0645084543411153e-29,8.299925592799426e-24,0.0008356228238386,4.1964626772478084e-17,1229.7978704346513,2.839301588483697e-07,7.512410052148441e-36,406027.8683289745,6.352872487070888e-06,391832573972598.8,6.312375682021521e-26,179.32831964526642,9.144370092716774e-38,3.082118563076904e-08,9423422.480829442,3.6326003865251875e-24,0.0268244532521947,1.6464861554516016e-10,2.7818156618284496e-51,2.343693796091801e-23,3.651676317901746e-37,1.119286432534212e-40,2.3317081040481665e-49,4.9764728271381784e-23,1.3897716363152616e-64,7.000702574330588e-48,2.1997151793792496e-17,1.7879587975773292e-53,4.24979753983025e-33,1.6651169537453377e-19,13.998366006493589,0.0,0.0,0.0,0.0,0.0,0.0,0.0,1.347654467242116e+22
2353.8501469190664,46615.91826892658,12.069070924949967,17.680904064419206,10.98700437603542,9.3470478857757,17.646938050187202,16304487.50310341,3075025361.661745,1.2892733342588004e+19,4.750101036318403e-05,14127096.42101495,1.3597613297655102e+20,7.887392162609223e-12,5.978800246650115e-10,6.64855017101087e-11,1.797841010331856e-05,2.591902593248937,1.7688395214055493e-17,5.5295025502501394e-08,5.913772688344967e-23,1.4970736824750206e-29,2.802556848024088e-28,5.903572131250941e-06,1.0125055426853722,9.201224821580539e-17,1.9491340536687143e-14,14942327688126.951,289288242715112.9,5.727564237342049e+17,3287347.6019039312,34142166697.71204,5.497041488006276e-21,1.705489297188423e-23,7.345881140275875e-29,1.6942820036745052e-20,1.3005538356571419e-11,5.088901012242636e-46,4.5146998993426523e-45,1.5036765672926397e-33,6.357008295171635e-64,3.4010590422861545e-22,7.659630562703236e-15,2.177251827787101e-25,1.098705554410499e-09,7.514448685235582e-35,5.935113355688775e-39,2.379528612080022e-38,6.866038306950117e-17,1.717362625426928e-53,4.965674323527014e-87,2.2965061592865392e-58,2.5934886407855083e-68,1.934102458079259,191064.5941642992,173534357.46581733,199858481.36730117,88677555.5177685,120168544100179.56,293412550669552.4,53995953064493.66,19001.209605033448,6.436016977774405e-07,1.6817742431362429e-15,4184062868.3497214,13307781.883830791,3.461049562998934e+18,9552388.686817272,1.2342793224906998e-12,5.4455051968953035e-33,5720345278882677.0,7360174819383227.0,22686370526377.6,26142677497780.695,13494438086.41542,21121184.75426463,8348075.621278965,1142415.856366783,1044569.5523443472,6.840346707057365e-07,1.4344061878445956e+23,1.4344061878445956e+23,1.4344061878445956e+23,1.4344061878445956e+23,1.4068349847883265e+20,1.4344061878445956e+23,1.4344061878445956e+23,1.4344061878445956e+23,1.4344061878445956e+23,1.4344061878445956e+23,1.4344061878445956e+23,1.4344061878445956e+23,1.4344061878445956e+23,8.233381438122141e-16,3.232299187369205e-16,1.060757762837443e-21,4.39034881575273e-22,4.0703467176819446e-05,5.585516596556501e-22,1.1051981945626094e-11,2698874.2435972,2.120680255161996e-26,3.970638335870082e-07,0.0018736422629724,0.2215006902333484,7205.804807805544,40274.54523967339,3.226677275719015e-15,1.8485640749146695e-14,2.0044126942152085e-06,7.725141839621689e-11,6.532859504293035e-07,545139723.1706368,21672601.831563216,4.3045082754676053e-10,7.720215656776524e-07,1.2966656176117618e-06,1407.437306425166,345200287.8884266,579539142182.7075,661914168985.6167,149334612147.48587,76465865385.73518,0.0,0.0,0.0,0.0,0.0,0.0,0.0,1.284333405238818e+22
1408.8602192150602,15841.600816517312,11.996720596285012,8.888704806868622,11.879397100629689,7.776227123964411,7.489296247640275,4301316.8719433425,3094604276779353.0,5.916905929837188e-05,744299825.4030141,2.7705350656577383e-05,1588951151.6497383,13409423258026.371,1.116717837337072e+17,1702878889988465.5,201548.26050282983,14327049559036.57,6.19907130995743e+19,1.152254813838921e+17,8.144189613419264e+22,8.144189613419264e+22,3.902639844637832e-05,27956554.62253892,0.0008725461489793,3.4891031983492476e-11,2.993392944689581e-07,1.072676548878356e+19,48354180194188.42,100937004.29171164,2.233802307894532e+19,5.504316228867123e+18,744384622749735.9,8.144189613419264e+22,8.144189613419264e+22,4672403460.672293,5.5301055181633634e-14,8.144189613419264e+22,1.0409351395732264e+21,3.8748346475288926,58.72124992465452,9228095666349.156,585624.0047976611,442506243.6994891,374354889797999.5,8.144189613419264e+22,8.144189613419264e+22,2.9043520489466257,7.81969616280036e+16,8.144189613419264e+22,7.684284571320943e-09,4.001694531880294e+19,8.144189613419264e+22,0.3301287479272354,4.5127957363717235e-12,2.5199420850874735e-26,3.0910868141653463e-26,1.3465476325240934e-45,1346.4077613159818,2.1636132862473063e-16,106763025401704.5,6.167910993509179e+22,61694.32744668288,1.140133889706129e-09,1275443735497.6978,1.633083262022266e-12,6.59830017808558e-39,8.540917360238964e+18,609890312172.6582,3.577751307713032e-07,1.1846458710215134e-10,1.8989333270692468e-29,2.059439303292725e-52,0.0045163464301343,5.822713142854035,7.872297217766773e-24,7.673311489057747e-64,1.5941588334716865e-83,1.836085761238218e-103,2.4037962165960134e-27,0.3678303638196739,8.66987090659031e-05,5.80440032235855e-16,5.380037999977264e-11,8.171400483810784e-42,3.526236329253801e-29,2777705168.391557,878.2872649454938,0.0008788030422108,1.7221358353335316e-10,8.344216407356809e-16,2.04016500839145e-21,1.0472008178610564e-27,1.518248723857487e-18,0.1887387379266432,1.7620866006969704e-12,87953.08814958828,0.0007573552696365,2.3161105456804556e-29,9338748.066997929,0.0012895136688044,1157745466490683.5,2.0692483628864507e-20,13011.484393445431,4.928121799214786e-31,1.96425387272294e-05,101931976.7869151,1.0996065223214e-18,7.009645667131341,1.226828478137122e-06,3.425881096197203e-43,5.713356988220883e-19,1.0403539718778772e-30,7.863785881262012e-35,1.3279636648233608e-41,9.001758568735415e-19,2.2240921164834023e-55,3.2303723860585014e-40,1.140039349438148e-13,2.404501539100485e-45,7.363280817335478e-28,4.347912761961586e-15,498.6910946649791,0.0,0.0,0.0,0.0,0.0,0.0,0.0,1.0926383940174327e+22
1358.7797838926354,18186.765209622557,11.922295519102311,7.598387943325652,11.805661530829315,6.896438376125223,10.15109491207334,2972723.9357094364,1569979318368144.8,5.103239586259284e-07,141674809.3149458,1.9538158750615674e-06,29237004202.406506,3770646381461.3687,4.083605827704129e+16,518616134998852.5,2883.5603073605175,427237687263.5202,3.366885768408492e+19,5709870642689363.0,9.694448339381915e+22,9.694448339381915e+22,3.7686476078639595e-08,4011030.1382798273,5.4529875036004e-06,9.466665789222014e-13,1.14419201600668e-08,5.195993357024261e+17,108651517982507.77,219093.30031969052,7.334120234742029e+20,1.2815173803663442e+22,172130344921032.88,9.694448339381915e+22,9.694448339381915e+22,9819994.584257316,2.044516597530352e-19,9.694448339381915e+22,7.438046058991693e+19,0.0004726238814122,0.0960760123426203,1564240602905.0725,5516.990981127944,50072988.48150148,9062312192679.926,9.694448339381915e+22,9.694448339381915e+22,0.0129109038225284,203363579993193.0,9.694448339381915e+22,4.24792547609217e-14,6.88279581210783e+18,9.694448339381915e+22,0.0335839817933791,1.9391265615072033e-14,3.456635093031917e-30,4.26422585222492e-30,4.0559272178379904e-51,22.722118128617364,7.653357818721351e-20,3013894255225867.5,6.278147746033924e+22,10767.524977902029,5.681864017602436e-11,52698285971.711296,8.889547838957727e-16,3.3549890580243336e-43,4.062781936419509e+20,224801175622.8526,2.5307665326708992e-08,5.231485725935924e-13,1.863146666006597e-33,3.258945969331687e-58,0.0251848897293327,0.5658258284555481,1.082729480651078e-26,3.5690776809246924e-70,1.6954860077161574e-91,3.517361339849686e-113,1.9072963223332053e-29,0.2986271117226931,0.0036547795626976,2.0587769902385068e-19,2.0909597616780976e-12,3.404427804368993e-47,3.430829986276303e-32,3549772099121.765,46155678.973353885,1921.1170408374503,0.017780221750423,3.715877771155732e-06,3.6867369741714934e-10,8.314240325428822e-15,1.2967430288153284e-20,0.0385074622025531,2.6922562549928272e-14,28978.806636192792,2.608920191455479e-06,6.241416406722454e-32,3118806.14758379,2.3461487424868363e-06,671920041143867.5,2.3173321573127663e-22,6056.103251481872,2.079857323215517e-34,4.217112785420001e-07,4213353585.0825305,1.4063381053155054e-20,2.402989367666955,5.3523914713162694e-09,4.001085352097009e-46,2.8748556690374895e-20,3.7967492538485784e-34,1.1542778291278423e-38,1.5589435396343726e-44,3.909576754849979e-20,8.26499242903217e-60,6.130076667917501e-44,1.1187404006594505e-15,3.0016525130226456e-50,2.1652966139078296e-31,4.747963910045054e-15,12596.345565858132,0.0,0.0,0.0,0.0,0.0,0.0,0.0,1.0037737395964925e+22
1914.826585234253,201083.45489820788,12.020201737368684,13.406706651057352,14.296056888486667,13.906414882059536,12.621463125172175,82214209.18413265,366794938455834.3,340299003.5850258,99698663918.79968,1018824736.7967345,3168630440700070.5,101897281816.88144,2.7189252241788076e+19,1.5365310864302945e+18,5707500079368392.0,9800145711621904.0,3878256496788.433,1948581565929203.2,314567470115570.9,1563401693418862.5,0.0103848505844438,5874251874250586.0,10125192666631.814,240597669.93624523,179217099207.05133,2.414811617081846e+23,3.0653518693899174e+21,1.0258162592289351e+20,6.515858548013282e+20,2.156611846146042e+22,23165558703380.33,7.057337672320689e+18,7.602051893291112e+20,5262766641094.871,316804.7822771733,9.005872928841563e+16,1114867267.4620209,27537.27638176341,3.1025194647141013e-07,5.753277697601914e+17,3.4177054393348755e+17,1.0634817661007611e+20,1.202528042011941e+18,3.873911927283249e+18,1.017772689152716e+22,7.758119248547707e+16,2.049113987445529e+22,9.380905738678024e+17,1.8716323450696772e-09,4.5136178750847014e+23,9.719268687674962e+21,804963648.9380913,738297.3161642394,2.1127150714153156,2.487424724145006,8.459184147398698e-10,57435493219.13908,94.68242018112532,9102681331154030.0,4.520351119049592e+16,2902336359.7290754,91796.22491317525,81777859288923.75,30.485229137287867,6.756771565794487e-07,1.6114728202209616e+16,127075526299.18906,2.1211234687826575,17061216181.013824,18.47683840249266,1.3885629974586536e-11,9722938463503.877,4.415221448357408e+18,1046745.2204394372,7.081938107865838e-14,8.462716619109204e-24,2.9827209010952893e-33,25071.418969430877,35637798070138.98,10200573706847.36,267746.7622448106,143378903141.31683,2.474849406445922e-09,274.8655009248195,8.288656616595763e+17,1716160324928660.8,10524156119779.822,5065755317.303365,116064291.34189504,2099615.353565336,4446.457905732619,7.451727300340085e-07,19.40828813106009,1.2296108245063272e-05,253.25283840720311,2191186.5192046226,9.256697188975616e-09,5749439855541.639,5741295830.83438,61472801044.43332,1.4537802479017743e-09,3602.830653371076,5.122708655330468e-12,187.73320349335827,677568738.453291,2.780385437919515e-11,0.0162757879726265,0.5833617422029744,5.862820508188861e-17,0.0002977306593455,0.0068547608397108,5.389308957785271e-06,4.5241150668403703e-10,277.92846069352265,4.147000512375607e-15,1.126962902447377e-15,0.3273564613230935,2.3063587683790325e-14,1.6474999457040648e-06,4.265017502941906,129085276.53058426,0.0,0.0,0.0,0.0,0.0,0.0,0.0,8.929641662441507e+21
1412.375555614086,15856.094540078211,11.883317547912192,7.517015852161573,11.8203617210284,6.914485826690016,10.08907675075537,22216635.10712532,772613360632715.9,0.0013813362283906,174537878.7942798,0.000264449278999,154726048101.63895,730413855281.063,4.768886020625603e+16,736243695941891.8,1814359.4880773376,15379258578865.086,7.702596708228685e+17,2.8503489369140452e+16,8.131351806311499e+22,8.131351806311499e+22,1.2133140286307194e-05,53324479.40427403,0.0348309188282476,5.943301739657846e-10,4.982322921451056e-06,4.672561487114898e+19,1.927002536908642e+16,9184146259.4022,4.3854052614577416e+20,9.606907252019758e+21,36118604566818.8,8.131351806311499e+22,8.131351806311499e+22,5080925798.194815,2.6473136644972367e-11,8.131351806311499e+22,2.995641902587529e+18,4.919402241785097,0.2100866530884952,3649088623506.895,4767250.884388778,1435047986.7803912,358289392878767.25,8.131351806311499e+22,8.131351806311499e+22,41.617164535995286,3.089617309003863e+17,8.131351806311499e+22,5.090803429072394e-10,5.545491505993648e+18,8.131351806311499e+22,0.7331133831755117,2.1016341409776949e-10,2.508126644336136e-23,3.0754137918519026e-23,2.9376621550649995e-41,7163.874410140132,2.5312032622941774e-14,2408670613434297.5,3.5036914328120307e+21,31503.62316843709,5.056570162373173e-09,1523454289101.227,4.425669112150323e-11,7.136365756172313e-33,4.436284855016839e+19,70616671118.33371,8.814165428449021e-08,2.3090602734609715e-08,8.106338657491192e-26,1.9676171996347575e-47,3.804210654235333,434.0196340317642,1.324918056781488e-20,6.354832059316229e-58,2.886005715951883e-76,7.38391378683309e-95,1.6935228065120522e-24,748.9282123711857,16.02682534896226,2.8468463098883373e-13,2.277892989911325e-06,9.163637562035196e-38,3.243665215546072e-23,24079389481538.42,702235913.6860304,64758.35017001539,1.1595911698700827,0.0005165573407276,1.1659693890051193e-07,5.495473261628938e-12,8.715793352987478e-20,0.2219109878233343,2.319481755294102e-14,23875.20695968798,0.0001867125981387,1.1470160144376069e-29,84754224.26815413,0.5981269318176261,265928627521573.4,1.3267731748433081e-21,16459.69062186809,6.677630406010346e-31,0.0005179874181896,11289516471.762371,1.6664351642156452e-20,2.1588563720762095,8.074919954797327e-08,8.562608018410553e-43,2.810480134482143e-17,4.7636170486922915e-29,1.6456806840725877e-30,2.647760587593193e-40,3.5689720656574104e-16,9.48294105080098e-53,1.9372258714809527e-39,1.3290752565273051e-11,2.9347760679764263e-43,1.8424193056562805e-24,1.017075934193071e-13,239443.55310705712,0.0,0.0,0.0,0.0,0.0,0.0,0.0,8.064665623602077e+21
1285.8740747199197,12329.763451554303,12.03233800695655,7.409847041627549,11.987433057884148,6.848616423870227,9.9693012610777,1271150.1517101503,114643035751586.16,1.6260038478285575e-06,6512666.692555228,1.785603044209746e-07,4579022599.253093,69656931063.69337,7213391029122453.0,68428626460690.984,18131.05991317326,1377176766172.72,3.8321859490849024e+17,8928598864767152.0,6.945012338693121e+22,6.945012338693121e+22,3.2230336294276e-08,737848.8480366732,4.2434946411300024e-05,7.6957255394093e-14,1.608084058671309e-09,1.6828094465931864e+19,2416828206822926.0,314021783.3997803,1.8757332782201363e+20,4.429791333630555e+21,7002377493316.287,6.945012338693121e+22,6.945012338693121e+22,405936405.50445014,1.3376369261350335e-14,6.945012338693121e+22,6.316252907566974e+18,0.0608868116943459,0.0057719802360597,244214852369.1747,53672.29128392804,25814460.06341534,63155038236396.5,6.945012338693121e+22,6.945012338693121e+22,0.1552386286824903,1.6430022754564403e+17,6.945012338693121e+22,4.8490987949609075e-12,2.9235375250835615e+18,6.945012338693121e+22,0.0011866811786147,2.7554863369267663e-14,1.26560073967964e-28,1.575497625629722e-28,2.1067895203379373e-48,45.50790486068025,2.0165628515475866e-18,201383047714597.25,2.9988548122835015e+21,194.0251328363311,8.727900126074903e-13,94894407244.97034,1.0051620766518584e-14,5.120649080584828e-39,1.3458205024720478e+19,2880333770.915695,3.169598798660363e-11,3.599669158550249e-12,1.8510530291690602e-31,2.8097699610999787e-55,0.0036914001716445,0.5415194460620214,7.297358182889796e-26,2.7454029020714012e-67,1.9762282396124827e-87,4.23876510324444e-108,2.1148676317313073e-30,2.0153358571156756,0.0202456598041929,2.5260650324766016e-17,6.93185248496776e-10,2.183326069063864e-44,1.9885868657888822e-28,725251186208.3312,5338683.30850444,128.2681055351765,0.0008389460304138,1.0722933509681773e-07,5.905393918622632e-12,8.38679300785188e-17,5.4943575675412285e-24,0.0015184140829984,6.2173066530030284e-18,527.63778525641,3.5056549769094925e-07,2.6397421288634606e-35,1694786.108829117,0.0019466983573343,91028682086780.1,5.030991940983852e-26,295.959600115373,1.5116150687562155e-36,9.520437766127652e-07,396271517.0050688,8.139618056895457e-25,0.015557315919134,7.50350134253658e-11,6.8745407318917275e-50,1.177561021892625e-21,6.376130451034189e-35,1.6745840800430943e-36,1.6963262696024136e-47,7.954152905174342e-21,2.2873510234865848e-61,5.7765118153136655e-46,3.3627419050810448e-15,2.3036972017681552e-50,1.513305401721459e-29,1.0703735548056765e-17,2510.7004672071344,0.0,0.0,0.0,0.0,0.0,0.0,0.0,7.84959095940242e+21
2247.704710046184,37382.82304769772,11.95206677703496,17.800866908423593,11.042554511479503,9.340668307137337,17.725026448599415,3584064.684246186,585973611.5427107,6.809065194091561e+18,2.803548683699875e-06,3715850.559616755,8.118601925313896e+19,1.9934249852502652e-13,3.6608606406594446e-11,3.5425717868798336e-12,1.8285902922722104e-06,0.2351693258057175,2.3617904344892224e-19,2.336588433648394e-09,4.4823914669798775e-25,6.159778598150976e-32,1.1618447529329606e-30,5.591264204961961e-07,0.1714435357660854,4.788265198586877e-18,1.3131190117268904e-15,6211541265227.523,141948690827535.8,4.3393639122692045e+17,640127.6226591351,10869485265.004152,7.855194436105621e-23,1.8435117281616504e-25,4.529639445319676e-31,2.6409197835241083e-22,6.146827002755315e-13,4.880364412885008e-49,5.1494738941502833e-48,5.237892169308643e-36,8.139721782167959e-68,7.516529196987848e-24,3.710352221924778e-16,6.956479462035324e-27,5.477744285352089e-11,3.77949847026723e-37,1.8270712156919268e-41,2.6338068311749763e-40,2.527950046751837e-18,1.8204435586035818e-56,1.3646802028429e-91,4.2744241606305944e-61,8.547745024098983e-72,0.2152666448818734,37457.32719757098,47873539.9137013,55391013.70331299,25852899.25587738,34004885757976.957,85158561647567.61,14290953122944.531,1979.3003786651516,3.4475551463096394e-08,6.77400592527843e-17,749271124.7601366,1702756.5243926535,1.762138926959783e+18,1196268.3263515148,3.704645428289301e-14,2.842532727677207e-35,3610208663445927.0,4988137826978744.0,12763077452301.137,12462660304246.56,9077651282.833986,10696790.576789172,3637477.042930616,536601.5346747405,448969.3971327572,1.317845169279465e-07,1.2046185779236488e+23,1.2046185779236488e+23,1.2046185779236488e+23,1.2046185779236488e+23,8.469607960193937e+19,1.2046185779236488e+23,1.2046185779236488e+23,1.2046185779236488e+23,1.2046185779236488e+23,1.2046185779236488e+23,1.2046185779236488e+23,1.2046185779236488e+23,1.2046185779236488e+23,1.4992342475265536e-17,6.025628038859505e-18,9.630335868125537e-24,3.8668567155281356e-24,2.3384772813396507e-06,8.346593054777023e-24,6.023544492520336e-13,540111.3385568286,1.8434509572931975e-28,1.3543875360185897e-08,0.0001002554841497,0.0123155429926978,735.9066731390636,4378.196410519951,3.865757883917229e-17,2.47975043557233e-16,6.760399923558073e-08,2.9174521653340297e-12,3.9786238790602904e-08,169801204.26054293,5993619.632050432,3.252936551433781e-11,8.386376330786634e-08,1.369484458325811e-07,132.73317241515872,60380720.432335794,136196955683.36617,157337202511.15677,34112043840.38096,17473288826.394234,0.0,0.0,0.0,0.0,0.0,0.0,0.0,7.717469884364664e+21
1341.422885237681,102190.61172137696,11.9406010414785,8.185545900864746,15.384606635418583,15.172480777163068,9.138417098504556,764.0265121009417,1582252089008.4944,0.0025188018785944,1812.0503397231005,476753.0267556237,26128375597.793655,71725.0681826031,5.47704664364296e+20,6.507774792458078e+18,331059367609.4564,99997586.56262966,1050092137.8532336,2074706615.367447,77785040501218.45,2.2271354121206195e+17,1.5149743559142915e-16,29655111786155.023,358921.27524140186,2446410.670925403,33500810746.96216,1.124503162373782e+17,29435269754854.27,426498276.4013668,1.89333846788122e+16,4.833227920829511e+17,55295.52037370228,388441443129659.5,4.2958861796249166e+19,0.7365469060809223,1.182078065022575e-18,1.2579144145415916e+18,1203.4477273965383,5.834282141758505e-13,1.823790342440062e-20,287632299217410.2,9867430130.363665,5.093184820655825e+21,35662623.118549176,71138166207.78703,2.8338467805315066e+17,263529489472.3387,231587561.81584704,656535700.0030464,4.319526668450118e-34,4.466038299329848e+23,16356382368752.203,12081497.949672896,0.0614001455626958,8.701666380068279e-14,1.0756890724832817e-13,7.083982383997499e-31,184.73697183691712,4.243997646806168e-15,4061020544542.758,1.0517814089539006e+17,6082876191.38529,13034723.83518659,765798864.0091063,7.441559225000678e-14,2.847062937712058e-33,854113053993641.6,215129309921305.88,10983.908741415724,1296.5979502981509,3.2170766582178866e-14,3.4896641578227773e-35,9338189719.932386,9.940672010813362e+22,11.247812825303477,1.5682787877698888e-35,5.246505078953552e-53,7.025680181748761e-71,862811.6227536373,2386.4454404494095,38.08559720254225,8.856600779112014e-12,0.0001539408899895,8.091021634203946e-36,1.838066974073567e-20,4598381659727.492,71625121.36652914,3586.7870376418346,0.041827434837474,1.0656741867640223e-05,1.2607196880412647e-09,3.4893551434677083e-14,1.8234408793379257e-22,1.4843868773004475e-10,6.03611442031114e-19,1.7154144354806765e-07,9.472708375565508e-07,3.6952419098533735e-22,9215745260.196651,1.258467814747256e-06,88.66319742552076,1.9833007697885957e-22,0.0017382116833721,1.502790861013308e-30,1.0998212083798024e-09,1916.2278227084712,1.6299914448074814e-23,7.962202717970182e-10,1.5066632361244818e-10,7.467573225608603e-32,1.8231217187429047e-12,1.292053682130418e-15,6.782157292987193e-23,1.867667486089344e-18,1.5056181246742242,7.848546629368011e-30,2.5663275619861934e-37,1.7007185549458765e-15,1.2994727410732427e-39,2.556876831421939e-27,5.16462170600418e-12,3.712397045343456,0.0,0.0,0.0,0.0,0.0,0.0,0.0,7.427932110188189e+21
1297.7319184123196,20759.214038730617,11.999883327024188,18.13092659659827,15.313626884015749,13.6261281992544,18.05806654902361,0.0026759007703658,0.0224334853498262,406515577569621.0,4.7373952387274655e-21,1399.0246801019405,4.136582769701631e+16,7.415616262685019e-33,2.724984073753563e-18,2.71668374475297e-20,1.135156132186354e-09,1.8537067503049823e-11,5.551828488337766e-42,1.7033161953839433e-23,2.322209346227041e-50,3.566827757290293e-60,3.2570472488526435e-58,2.2093020039738914e-12,0.0204455952957519,1.3801467238477825e-21,2.6270413358557536e-17,1220336543521.8103,1230573476488948.8,3.6363170559328513e+21,0.6710433549276293,99154629.54891944,2.238850790174505e-42,1.2782118553058853e-45,8.112533120440217e-54,5.809072925063012e-38,5.062090286938409e-20,3.0350887781083564e-82,1.337245611164976e-79,3.431921709346167e-59,6.195541562968287e-112,3.236371453053763e-34,1.0715885562096667e-20,1.4548376309490974e-28,2.560586353130841e-21,7.014200298621298e-59,1.663670331508942e-65,6.706072365472962e-44,3.8862360103435e-25,8.838829868195982e-84,2.471215572230204e-135,3.1548091960297137e-72,4.7522098531027234e-102,1.369804594583093e-09,5.163118506050413,4152148.473679877,5160878.907837434,13396535.434149452,1543091.4506101352,13425710.645600935,263565.40828343894,7.905155813162595e-11,3.1475957108518953e-20,7.582919786662665e-25,0.4105906956744846,9.684761126400923e-06,8.828528456393624e+17,2.4872749111487636e-06,6.205016200768989e-29,6.62506976338775e-55,4.114770865935148e+18,4.089166516108552e+19,1.3080093450513384e+16,175800839228044.5,1.482598114699751e+19,436280003236441.0,67921228463401.92,93694757318565.92,41107808943075.36,0.4355750404877705,1.1586243128137002e+23,1.1586243128137002e+23,1.1586243128137002e+23,1.1586243128137002e+23,2.0509826446868963e+17,1.1586243128137002e+23,1.1586243128137002e+23,1.1586243128137002e+23,1.1586243128137002e+23,1.1586243128137002e+23,1.1586243128137002e+23,1.1586243128137002e+23,1.1586243128137002e+23,4.8724018754646193e-42,2.0658221418801425e-39,7.66146183456753e-52,1.026304657353338e-49,4.448624385155904e-21,1.2205912222062067e-43,7.689173107432529e-21,45.08570138136647,4.320975236217984e-50,1.455222973247769e-32,1.1299592510277746e-22,7.323567052633282e-23,5.7635007833258665e-11,8.91719568426908e-10,3.695126891859307e-47,1.0500839532523133e-42,5.104311708847176e-29,8.608097829796325e-31,1.9273306624088964e-20,75279.35714569462,631961.5500701586,8.085934978859392e-19,5.165254039153369e-10,1.9131966211912724e-12,2.1366775015499642e-16,0.001547171556649,1.2266773418021897,1240.7820060120737,0.1092673562081657,39.66546825624955,0.0,0.0,0.0,0.0,0.0,0.0,0.0,5.814808377533649e+21
2383.914956287885,36483.36688440297,12.09889406490151,17.73717586825487,10.97627316496596,9.311732123549747,17.68372644623298,24649143.639098793,5008788650.52319,1.3556038881459927e+19,8.075774703329528e-05,13877226.904614676,1.4277796251068776e+20,1.7600215636872957e-11,7.245548098327893e-10,8.361578135990235e-11,1.687440631220445e-05,3.645740673030051,4.8973123526764575e-17,9.983532917142776e-08,1.993280303032171e-22,6.217574654057188e-29,9.127644216035385e-28,6.084318524709436e-06,0.7925897057601966,7.654607739632716e-17,1.5135848201432545e-14,13375276184436.035,226790181245203.16,3.874626236800102e+17,3718219.710685096,31002849107.29301,1.0901302824173008e-20,3.813973705985453e-23,1.9975382180394726e-28,2.8237399301849956e-20,1.268424158528746e-11,2.4912544510549265e-45,1.8719903038560125e-44,3.6315649016652505e-33,4.5836210246384767e-63,4.130089284780555e-22,6.686574986182344e-15,1.648416257672729e-25,1.3845328442203874e-09,1.572674007175997e-34,1.4803282078098722e-38,1.6925922140158798e-38,6.648054868019677e-17,4.3538166782881285e-53,2.708080293304203e-86,2.371081343974948e-58,7.175988787754799e-68,2.5012164099653984,188398.04916234847,138558185.78673157,159378395.2013784,61888488.65303507,156170201593349.72,335952153265215.44,73720815357620.6,38050.39501305069,1.0588374290136235e-06,2.054089674335798e-15,6429623123.215361,19844639.48932208,2.570644682119895e+18,16667792.061390623,2.48079141813114e-12,1.2574503450212642e-32,3944426351345681.0,4416603236481941.0,12692823670252.46,20049031798175.39,7094413746.226147,10626457.703885335,3439665.041385045,409366.5738751998,339917.3297848014,3.45516102437814e-07,1.1084621537048108e+23,1.1084621537048108e+23,1.1084621537048108e+23,1.1084621537048108e+23,1.1235635834035362e+20,1.1084621537048108e+23,1.1084621537048108e+23,1.1084621537048108e+23,1.1084621537048108e+23,1.1084621537048108e+23,1.1084621537048108e+23,1.1084621537048108e+23,1.1084621537048108e+23,1.900615850428615e-15,7.537615936598134e-16,3.085564814798637e-21,1.3080284778467833e-21,6.416560533531632e-05,9.34944303477719e-22,1.3308437560689372e-11,2626090.1004439015,4.842058427413513e-26,1.0156110134284571e-06,0.0043194705206531,0.4409423199551062,12394.781357935515,70273.40623154193,1.1421354258255676e-14,6.453279396955159e-14,4.993628306695753e-06,1.2639009865720472e-10,9.562749306267673e-07,450202772.0095319,16658058.458979229,4.0248374075562344e-10,6.659296543288803e-07,9.835018674893922e-07,2325.297997491647,491554785.99978685,665363041397.0197,770153860409.974,201021295423.20645,104616062898.0238,0.0,0.0,0.0,0.0,0.0,0.0,0.0,5.546037115862005e+21
1672.265864088989,15236.570028742575,12.046731325532551,7.5335021614139475,14.300190363657975,14.254050662493256,8.025955925938499,0.1843149478725816,1.5619904104922504,7.995869094242273e-25,533352688.21484447,6.59931109229746e+22,29104.604919069538,5.063169126099935e-05,3.957624454912653e+21,1.318348732235906e+20,1.5235880403275636e-13,1.6184557910403024e-29,3.911916578984183e-16,4.1657183386637475e-43,8.59611079125878e-27,9.87976371373334e-39,4.71919936364792e-119,6.599311141466159e+22,0.0008154479656638,6.599311141466159e+22,6.599311141466159e+22,5.4420703779997776e-08,8.837960740520892e-20,6.172038444326512e-42,20676996335.99006,299.2675406729679,139852014017.52463,34430.96066194027,1.038993281414175e-06,1.5927186616291314e-76,4.7609198236597656e-145,5.748882576395766e-37,3.792283107680729e-76,4.161493284985019e-142,3.5920161652229193e-150,6.599311141466159e+22,57.4614500244502,6.599311141466159e+22,2.257668608298597e-14,1.060710825683646e+17,91147539.79655053,1.2544019750578822e+17,8.206747266991031e-40,1.8517503173089116e+16,1e-155,6.599311141466159e+22,5.7434974210999045e+20,4564349750.393071,9.588494443898029e-25,2.7478330599163692e-61,3.2896039565271975e-61,3.729328393845318e-102,2.8653390714919226e-35,1.4163758802571406e-75,8.732855113598316e-09,4.4012536543329975e-11,0.0023664386769063,268915799.4981292,1.645700514154311e-44,4.744800690768586e-89,1e-155,2.0990175020913928e-21,2.6871647085583043e-14,1.497450473256073e-23,8.009131821344856e-07,3.0797318020380315e-47,3.18531390960582e-91,3.8984365540046374e+17,6.599311141466159e+22,226274.5284667287,6.415091019339452e-78,2.872420336107365e-119,1e-155,6.599311141466159e+22,8.562378069016582e-29,4.4411507133727215e-39,1.3450111737072042e-58,1.1297273150692703e-61,6.9412740811155185e-105,1.073621863969742e-101,0.003218765634686,6.09332554741196e-16,3.4965920527649023e-28,2.2812655223247572e-41,5.430516373040662e-53,8.494531466847418e-65,1.9772844523775175e-77,7.281716843783447e-05,8.669664121472939e-10,1.9577191109571096e-16,1.4221948058967117e-21,1.0117114692873529e-33,4416850842.446697,1.4915925694858176e+20,1.435353753513478e-60,36.6161100573952,1.4494109484195123e-20,8.179047902378819e-20,8.555028255611382e-54,1.2871997737256344e-51,1.3856260127277025e-23,1.2202552912976435e-35,4.556782604420685e-39,7.64444024365488e-67,3.867645068083725,49.63365772992188,3.455624093268852e-14,1.9680546492628635e-61,6.599311141466159e+22,6.599311141466159e+22,3.750457799335046e-12,6.142450808663939e-45,7.647095825838938e-42,1.0510496664567558e-73,3.2816384156278874e-78,1.6113625859389475e-06,2.0317720857831638e-11,0.0,0.0,0.0,0.0,0.0,0.0,0.0,5.263737206606362e+21
1941.750502008891,228740.71332493107,11.827982844196733,13.39948063402177,14.272548039319894,13.858277488573494,12.618591941781125,137471027.78812423,194626414544858.97,490885726.0385133,196342902780.1309,1098588560.3469038,4028561466874927.0,79349054265.16252,1.0219700691343935e+19,6.074281597998194e+17,2041923283525914.5,5504817104022351.0,1107901164899.6104,419424436732898.25,32081464745862.477,57803256851170.805,0.0005023612930372,6484064090113848.0,10347120795348.52,218866220.04970655,148432810574.67383,2.6905576678486033e+23,3.3809042808714156e+21,1.0501785302224368e+20,8.792567325331333e+20,2.5613909235143115e+22,53895868310012.2,5.281405402911402e+18,2.02536957384313e+20,1321241959631.0234,69465.988512661,3978866594209236.0,52794975.95818889,1149.699827986558,3.1550479739030183e-09,7.587718146624503e+17,3.890515706835487e+17,8.149559587748684e+19,2.0330647021761477e+18,9.316109572297058e+18,8.565677618634432e+21,7.06905335872219e+16,3.1198776455198662e+22,2.7872760852270623e+18,2.1723668914880493e-11,4.817197256422648e+23,3.1102676894566884e+22,345040341.85074776,294886.7591531203,0.8514751259912079,1.0008792283689385,3.8152985446693535e-10,30256626514.17716,56.45863631594357,4523698009681888.0,8697139471619966.0,471735586.6218442,10973.114108048956,14800786804347.754,7.111223277880523,1.3131464931626906e-07,3053986653307277.5,7405665329.121678,0.0448265166509775,15349004388.120224,18.51278029342562,1.6975095292936522e-11,8916568295408.426,2.2566799068471132e+18,676388.3946013118,6.307374794176728e-14,8.35954355177547e-24,3.478442074220226e-33,13344.238286298783,41678838447120.58,11413477611163.977,362173.5067866135,150991624700.66483,4.45000927749794e-09,312.37229660052753,9.297208814073932e+17,1966890938507271.2,12300091579266.443,5826691709.077391,134783178.71406952,2506061.770475296,5328.797614833794,2.3089335828350793e-06,56.281149190426795,1.4272913238476088e-05,281.6336322308282,1492455.824732034,2.0472058478203113e-08,7533132680354.246,9246846198.966648,166286565013.83694,1.4770828893090055e-09,2938.079801041019,4.994399811567172e-12,138.83455197638045,452735566.9508697,1.1997224778484116e-11,0.0063661322918237,0.0577685786741395,1.3107801805501612e-16,0.0005289748813569,0.0081905792216172,7.250522510678124e-06,5.234897467747199e-10,266.510287935991,4.854773982061521e-15,3.1155745749158532e-15,0.6837667551362681,5.2475134823829935e-14,3.523454554370114e-06,7.894239115778662,225582564.35184893,0.0,0.0,0.0,0.0,0.0,0.0,0.0,5.125596524797843e+21
1319.9903377873409,259026.32144180295,12.096497547421084,8.297580057148634,15.43911711975229,15.056714460729538,9.119278802462429,12704.86135659636,8850512604.8496,4.00846738703168e-05,89073.89727275778,30.889726576748984,2621570558.932565,32342.85964941195,6.16610821027967e+16,673196917260202.5,1194456.2658592046,2291804.9216661844,4917027.940807395,460657.5569759791,3967301103.076891,120706737759.86958,4.583985975353574e-26,282695678533.55084,115.276998520954,2.3865264359959073,38304.278879116784,4.211711940111859e+17,16981988031757.514,54528470.2829981,2.6304293820458554e+17,1.2587517655735565e+18,315085451.37740755,2.8737544594096412e+16,3.4887018301043982e+19,0.0005772637021255,1.0149198107462719e-24,77978231276532.98,0.001968292402176,1.0323212854109745e-21,4.3800334059818486e-32,313977105487096.4,406073992.151758,1.0196542561455534e+18,10272470593.52994,5.845890100923588e+16,2.602169607954299e+21,179606601.4126016,361613911404.0227,5.883975848424067e+16,1.7280537038885836e-44,1.2190704708166934e+24,1.9939639020181317e+23,7.100889753802348,1.1982187796058176e-09,4.954873379399373e-23,6.141267993617055e-23,9.898990811483024e-42,0.0307071434559181,1.6938020595357514e-20,3803248258.045695,6216448174964.334,35.14360290747913,9.324657988009169e-06,1474.980551991878,2.7767735927818048e-21,1.9088270739674344e-44,7798529461.556183,13453.724251060006,5.422355970996479e-13,0.0033459602294948,2.0478529194558468e-21,4.726820270946305e-44,119204.7376878534,1651099389434249.5,3.741714791658899e-09,2.6653321473351068e-48,2.230264256692416e-67,6.6865707232981925e-87,9.94531967752632e-07,8.111182717319084,0.0209990321052516,4.621433532817318e-15,1.841027346496144e-08,7.75555842787329e-41,5.731638725126216e-26,85612444202.40625,194220.1903017813,1.4244867034020527,2.5800703853187293e-06,9.790373777910867e-11,1.6771749285673214e-15,6.972671905550403e-21,1.0816178017396858e-22,1.4851195415385077e-07,3.588111807184802e-21,1.6393291998184232e-06,4.058522277988034e-10,2.8413555014764984e-26,2559617403.365538,2.9218876235274165e-06,15241028.433329845,9.641405105036484e-27,0.0001841456575796,2.3001032855718076e-36,4.027679742013735e-12,42.172980722298405,6.45295915978074e-30,5.608005131056564e-13,3.9846745118129945e-20,3.681444812858842e-38,1.9915565742170427e-15,5.336827136452691e-23,1.02531631646925e-28,2.039916219433903e-28,3.395911163505973e-07,2.491842995145068e-41,3.5439906339297336e-41,5.662852361676813e-16,7.312120087615023e-45,2.4114039488797264e-29,7.116260545713297e-15,8.50041516237032,0.0,0.0,0.0,0.0,0.0,0.0,0.0,5.123773313872857e+21
1408.1552900642298,22200.28206395491,11.96168979789761,7.425229670396804,11.86394865656374,6.750216390826128,10.092904514676434,4975392.187043395,2977857212192673.0,2.50348277698028e-06,831552898.089348,7.55854884125064e-06,67517651237.96773,14626968665227.275,3.4574199544221636e+16,525912516760738.7,2694.9753511339236,684149853637.3402,6.626055703044094e+19,5380696547341989.0,1.1418910227554586e+23,1.1418910227554586e+23,7.353590798027128e-08,8799834.870959539,1.1878935275053804e-05,3.036645075406335e-12,2.6173666777194127e-08,5.309150269848348e+17,102978432606930.12,216158.38861835067,1.0931850930630756e+21,1.165767106161589e+22,952824514861518.6,1.1418910227554586e+23,1.1418910227554586e+23,10779280.589106536,2.384163889187937e-19,1.1418910227554586e+23,5.264945163936558e+19,0.0003660930588786,0.120106776899684,3326659822746.763,9161.20661987621,44868967.05525425,20973441213976.164,1.1418910227554586e+23,1.1418910227554586e+23,0.0145340913833981,219191466797976.47,1.1418910227554586e+23,3.869191531863754e-14,5.328267892816385e+18,1.1418910227554586e+23,0.0879065270694038,5.195202438358103e-14,1.2494316281351824e-29,1.532733450556895e-29,2.860893153180137e-50,55.83263487922668,3.842169303064335e-19,4431531116478749.0,5.8189741595344465e+22,16071.933634248868,8.258457871130019e-11,51994314220.36944,2.833006971630081e-15,9.220970785879565e-43,3.4674950077281115e+20,155877775206.16537,2.4559329411151425e-08,1.404773844488837e-12,9.650646589162312e-33,4.466141172211474e-57,0.0534033012753039,0.4512406732446555,2.5986709908452496e-26,4.6286934108874413e-69,4.122892699337179e-90,2.029333350311642e-111,5.092304928880386e-29,0.6761320799668944,0.0068678391569751,1.0613770494225092e-18,4.28278408146629e-12,6.3485901262515885e-46,1.2049901296056475e-31,5106615794416.354,69363420.72439687,2981.9387530975137,0.0251499375931263,5.2381988179856875e-06,5.500826856153655e-10,1.21402770753885e-14,1.3988285155431017e-18,0.2453709628669319,1.5892083236733466e-12,111775.2915537553,3.0209987371954774e-05,5.9414429182003355e-30,3456802.876473263,3.202719497377844e-06,1744489776434682.0,1.626321810257241e-20,14538.7889112216,1.671951655404113e-32,9.50036095085266e-07,4944326233.259406,8.408430458604736e-19,7.575190159601243,4.05234427990562e-08,7.604086278403672e-44,1.8037896906996404e-19,1.0258442984339495e-32,4.6715933328751593e-38,8.336963172669029e-43,8.02177010677122e-20,6.01297374169551e-58,1.1162933692304816e-41,5.617487409507308e-15,3.613971232975675e-48,1.561307587121853e-30,1.5293854216744606e-13,24741.05433642735,0.0,0.0,0.0,0.0,0.0,0.0,0.0,4.949514515924058e+21
1705.0969014203886,15427.96737481492,12.119554823197996,6.434632166533356,12.034713891749508,9.60175970645574,10.811582683425303,218296752.2326743,6.153792962904725e+16,0.1412681904803193,263570787153.706,34.88214242687741,25670583238927.574,616646516042169.1,7.081765416809252e+18,2.556573391605863e+17,24816757.647690207,11555681886009.078,1.0428795506846315e+20,6966872762345454.0,6.553546178233299e+22,6.553546178233299e+22,8.396387205870964e-05,177042612708.80225,6.538154549103265,0.0027179806135253,4.661946613990678,1.0718995665028916e+18,1027080807373752.0,10444764.036906434,3.369204189637845e+21,2.3868995276279804e+22,1.5132001345476916e+16,6.553546178233299e+22,6.553546178233299e+22,56191909.866315626,1.3108909196693232e-15,6.553546178233299e+22,1.1086851786805766e+18,0.0096622696082663,1.0404367507603147,3901079981180929.5,91855781.1757402,6001857139997.837,144496329814252.56,6.553546178233299e+22,6.553546178233299e+22,11029.92845052739,73351033429072.27,6.553546178233299e+22,2.6821334813042353e-13,1.6041572760002314e+21,6.553546178233299e+22,60019.96992023873,1.1095888585755358e-06,3.171366200270891e-20,3.787085852754911e-20,5.061204894438489e-38,110087.54166470788,6.521811409132143e-13,1.865352013259671e+17,3.7287224289925234e+22,717714955.7400702,0.0233825254965139,1246777103864.2048,5.291556383043338e-10,4.761471913103472e-34,1.0429475236339462e+21,171773563642431.62,0.9589800837421542,3.128532097783689e-05,1.405287809496233e-22,1.959499725608118e-43,95788.9399922456,7610724.368933803,2.439977993175422e-15,1.1157755708035409e-51,5.7819831919146213e-70,5.035940649887208e-88,2.0396148252342885e-15,6514.787842418946,189.26274535620232,2.1138930051026426e-12,7.162017750653213e-07,1.687942251988247e-35,7.55426049665154e-24,1398130280093893.8,164423404431.59296,58390103.75184304,2228.7300992084065,3.231426353380581,0.0031648230206355,4.449339755388447e-07,1.4087341643155603e-10,416.1751494901284,8.572747348936397e-06,16098382.62879888,1.8672398324455115,2.3397708662171045e-18,9487289808.805649,0.0026250903979118,2644569142720470.0,3.0547581620686584e-12,3351345.777292151,1.6650771564183625e-22,0.0044539914466332,249687678302.00995,7.099670479765808e-11,6253.810296729319,0.0045538654772978,1.241125139809373e-29,3.0478869334764376e-11,4.0374055495674986e-21,7.533682090019654e-28,2.214374983964979e-27,4.5306950272280557e-10,1.9804703526415775e-40,5.8137154716472725e-30,1.2781606720032112e-09,7.19367670665628e-36,5.61057239575933e-23,4.918350797472477e-06,15607605.65736637,0.0,0.0,0.0,0.0,0.0,0.0,0.0,4.523211206609558e+21
1358.5550370630845,37367.86507464171,12.069610056123574,18.23345682952701,15.132637237393508,13.706636645398545,17.914844326039695,221.35711140384748,565096482.0411344,2664570405406.134,7.608808284889832e-15,6398.159377677231,92467011.04817133,7.325360948572301e-17,0.0026334198076119,3.341585721478997e-05,977.7854683463646,43.846609748393774,2.3690408048943974e-16,0.2120899450329861,3.735301273651931e-15,2.3206007957402155e-15,9.56559544564382e-19,7.132471734247924e-07,5.101226335057697,5.5379322908957285e-16,6.7041333227928026e-12,148018076180878.06,98312009.68713042,3.283888876047826e+20,0.0001258779301305,7.0001680765647e-06,5.007861498014796e-31,6.5336152402795515e-25,1.5289346705805806e-23,1.0384536900543273e-13,0.0598169725125655,2.8569236801134276e-32,1.952868578456352e-32,3.4326511766153666e-18,1.72499489123808e-47,1.5066194660626954e-23,2.798659322798435e-13,1.59594901670799e-18,1.392714678401969e-13,1.1726022606142574e-42,9.747844662100725e-40,1.1711104710991756e-31,8.93624011201017e-16,2.4481959838410467e-62,6.199910576221452e-67,6.43848402570013e-52,1.1619778404491336e-75,39.77813150622671,120812351.482263,113132265152.9861,139567604117.56506,696136884.4051028,42972126170212.695,758869221274.2543,3448635.887870394,8185921603.45811,4.616570158127421,8.029593943330463e-05,3.613637207020185e+16,3189088822.348669,1.058361898351513e+17,168266.66090803783,34.92319776090249,4.670519409613614e-15,9027859878106234.0,168617057302184.66,154447120.06824037,262610.88151709165,6.152243755674555e+18,616104881907.1722,557591.3776978563,1389.3392320003986,1.5100869703172837,0.6795764809434788,4968943714400017.0,193262544866.62827,5.653652803843556e+18,1.831161839112202e+23,4888444347.439974,1.5765823565143334e+22,35726761.95681218,1.474683657722048,1.9486412116045197e-07,5.728963760106941e-15,3.801700339117029e-21,1.1973277227699628e-27,8.574488322638078e-35,9.202820623863151e-39,1.543094669645831e-28,6.917659596888847e-39,4.2023844034366865e-29,3.553709874441595e-12,1.4606642990649056e-40,4.1530138812613005e-11,262084.33415958055,1.4643856405025007e-34,1.0985661895043564e-24,1.6252910596561414e-07,5.183620416386876e-18,59.55567152687293,0.0003602468438062,2.4087778234678194e-29,2.3252647988182642e-17,1.7582041489189632e-05,1.7233667383712152e-32,7.011139449027821e-15,0.0868258220186499,78066.09777735086,2.22624094339477e-21,3.1589030120789955e-05,6.200050161320654e-18,4.215506551780809e-21,0.4359682041602162,1.0880083439423437e-08,443.14096210057704,1.9868698977571125e-13,0.0029759263845982,0.0,0.0,0.0,0.0,0.0,0.0,0.0,4.161932669687116e+21
1337.689742983988,17569.589253363265,11.962031692942524,18.01239700379011,15.263928807127654,13.78828729722745,17.977308158445283,0.0111131105868029,0.1579563607611301,704115140977131.6,1.22378432344724e-19,7223.655593536685,6.918945821182044e+16,5.264900533859689e-31,7.680960419950535e-17,8.994649503125007e-19,1.4637699536629316e-08,2.5051440778179286e-10,8.558269836670855e-40,5.702394728576314e-22,7.096753053913966e-48,2.2650077463622712e-57,1.3791436295589014e-55,3.6637832219218157e-11,0.1410122117639224,4.953723676541594e-20,6.971192037075115e-16,2778708951857.3994,2073319133683784.8,3.3589558288286446e+21,4.045695306339816,304491959.41152316,2.9227578231749966e-40,2.3688632912120845e-43,2.936612468544328e-51,4.951425726215214e-36,7.987013779285407e-19,9.989325361989686e-79,2.914001157455587e-76,1.4167856087198016e-56,1.4815396037208846e-107,2.7753261306338413e-32,3.0867565036040693e-19,8.904120698936098e-27,6.427293546832047e-20,3.055504721446044e-56,1.3685667705110305e-62,1.1198698620295044e-41,1.09899539085735e-23,2.183927662562864e-80,2.206611311461527e-130,4.794423506589308e-69,4.37691804803929e-98,1.985804351017561e-08,32.012973260821795,14075091.9205956,17407311.193093482,34506160.90430771,5739582.519022152,39559087.68648483,1172317.714787464,1.169303945506012e-09,1.099688640123948e-18,3.990826912748861e-23,2.69194229857035,7.563765013383871e-05,8.380644777243139e+17,2.7080464250831952e-05,4.349079476762137e-27,3.839467486900438e-52,6.429755251827348e+18,4.808494289134069e+19,1.5326903293522022e+16,420747651798264.0,2.8907247168342524e+19,951180469953330.2,116918822725026.14,118173445608325.4,46909369327962.23,3.8466780572744863,9.513118988052614e+22,9.513118988052614e+22,9.513118988052614e+22,9.513118988052614e+22,2.051222092848743e+17,9.513118988052614e+22,9.513118988052614e+22,9.513118988052614e+22,9.513118988052614e+22,9.513118988052614e+22,9.513118988052614e+22,9.513118988052614e+22,9.513118988052614e+22,6.423874185804188e-40,1.5097562312029244e-37,2.346653183523038e-49,1.9095914088387e-47,1.3346269470668957e-19,2.222154804450771e-41,1.8237425352270112e-19,146.36803069518945,7.551734837564992e-48,9.76159871522375e-31,2.581161545496431e-21,2.32493023389852e-21,5.21661576347598e-10,8.539258510017527e-09,8.543087774161042e-45,1.2159025485058472e-40,3.116057308418345e-27,5.452424061522345e-29,4.027622960353025e-19,350855.2705591373,1567685.4017848105,2.552383073222311e-17,6.1506779661622885e-09,3.3253979156395754e-11,3.5360538406079176e-15,0.0071939474047438,5.8830332850939,3338.2917427953253,0.729441493122841,150.99066197941494,0.0,0.0,0.0,0.0,0.0,0.0,0.0,3.878053779724343e+21
1328.288555559608,22629.044203651145,12.072422804996856,18.182068809740485,15.25129707353237,13.723429376295584,18.048147896069036,0.0069939999867086,0.0753569677375381,755845654132512.1,3.623666104968003e-20,4016.536098793574,6.201159777140239e+16,9.232649446778483e-32,1.3505852860123353e-17,1.5241385013192255e-19,3.751938914054119e-09,7.834174444509968e-11,9.38318389756068e-41,1.0816130624078455e-22,4.967337191826284e-49,1.001243271034672e-58,9.924301062657916e-57,9.740612019289448e-12,0.0558576565665679,8.942185300249978e-21,1.3488347357144242e-16,1751350541734.3298,1412543034824121.0,3.1724057044261195e+21,1.688378606458702,149670470.60170332,3.728525085324634e-41,2.0831405047341014e-44,1.6542173152216781e-52,5.7676959596276234e-37,2.0335404369504132e-19,1.891292973202551e-80,7.38699110409756e-78,7.807020178625469e-58,1.472107079760951e-109,3.161852935822485e-33,5.503525534716645e-20,8.888626784983184e-28,1.458685676219228e-20,1.8475389023491332e-57,5.342219292874322e-64,6.757756592371867e-43,1.8477261751783187e-24,5.539352925852301e-82,9.388682961770948e-133,8.940044424780568e-71,5.129185393977338e-100,6.507329783816529e-09,15.530657238470033,9553935.472751228,11829368.675362822,30383118.741130013,3861949.202378112,34200724.674032114,627002.7613298355,3.5143607020272046e-10,2.199637599854858e-19,5.8909214175639736e-24,1.1880515471158686,3.905082580466515e-05,1.0507142876197138e+18,8.809170133378002e-06,5.538468777510639e-28,1.8226868688773902e-53,5.730988031260636e+18,5.572237796945621e+19,2.164737766988991e+16,281611069953483.7,1.6303940779271651e+19,636770197584195.2,122571210509183.66,162047756959435.1,80161715070896.12,1.2430711710183733,1.233929926499725e+23,1.233929926499725e+23,1.233929926499725e+23,1.233929926499725e+23,3.705467105483742e+17,1.233929926499725e+23,1.233929926499725e+23,1.233929926499725e+23,1.233929926499725e+23,1.233929926499725e+23,1.233929926499725e+23,1.233929926499725e+23,1.233929926499725e+23,1.4977428337163635e-40,3.073370785488668e-38,3.367968309983177e-50,2.343266628021357e-48,3.979359878157108e-20,3.900837993625492e-42,3.8992790374730815e-20,90.41741262192691,7.866104187562244e-49,3.1768466000217983e-31,8.203490433050079e-22,1.0944554305989224e-21,2.4981743687337076e-10,3.343524041239303e-09,1.5630808154144913e-45,1.9882020870698867e-41,7.046412041078143e-28,1.9513435189273034e-29,1.4179533676899831e-19,278604.67128249916,1336099.4805744234,8.693281421607125e-18,1.9982504314148687e-09,1.5820814390306938e-11,2.587662463435393e-15,0.0053735367950646,6.970410585090334,3443.8707812220605,0.5447162851139917,97.8079039979288,0.0,0.0,0.0,0.0,0.0,0.0,0.0,3.816362472255834e+21
1353.3264596600031,17369.387554786106,11.96423349588964,7.610538132000609,11.87389093552514,6.847590868022092,10.045663409889228,1772584.3694985777,1167707770683505.5,3.6725130034192313e-07,177273010.68697697,6.185614232194051e-07,17333701370.467297,3961261784288.1704,1.890043272150462e+16,235108738061200.03,1140.0904894585435,429288860158.6556,3.061319443758183e+19,4881745712945099.0,9.29605425527502e+22,9.29605425527502e+22,1.6412415681382206e-08,2078496.9515047893,2.443514399448052e-06,1.7369547717718433e-13,2.1826030174851494e-09,6.867011539192101e+17,94550421362600.64,251193.92245271613,7.012028070408791e+20,8.465307826641315e+21,332525665503724.2,9.29605425527502e+22,9.29605425527502e+22,10932969.553649798,1.6874743513553354e-19,9.29605425527502e+22,6.459974677738612e+19,0.0003033197076085,0.0432878954348198,1247610331488.0254,3911.486193415473,16314180.11520668,16721051736222.242,9.29605425527502e+22,9.29605425527502e+22,0.0054297994680562,542846265181680.25,9.29605425527502e+22,3.485378240700084e-14,5.363707891592467e+18,9.29605425527502e+22,0.008902627194646,4.4293836252276995e-15,6.591374256411431e-31,8.13658532154947e-31,6.188392733618671e-52,14.172862436755196,3.799433870687019e-20,1506637408956491.0,4.058777686620575e+22,2437.4107040418676,4.771831916458929e-12,29223841620.098495,3.722476160511046e-16,6.9639862672816835e-44,1.730818934634063e+20,44492044427.93451,1.4270540463044895e-09,1.4922702103289854e-13,4.257917685764818e-34,5.75453042114261e-59,0.0055768508413559,0.0794369959283928,1.1571901925304728e-27,2.3457781928246675e-71,8.957804212468273e-93,1.4538842438991951e-114,8.620258064628512e-31,0.1533131156192685,0.001251319694471,1.272775376648908e-19,9.382431567874954e-13,1.5687088886215243e-47,1.2502179612679892e-32,1450531525601.554,12249938.243154837,331.60850055303615,0.0020249761541342,2.76369970581536e-07,1.778358951831133e-11,2.624534987380362e-16,1.835708444311777e-20,0.0301925608639871,3.270006099893839e-14,19268.34007205997,3.3014636834351697e-06,3.3151957963484025e-32,1105758.7146758004,1.6391590599606376e-06,895713373809702.1,1.7993046180240902e-22,2773.1842234076603,1.3736168529505034e-34,1.680590618924149e-07,1367220843.697322,8.904387118571051e-21,0.8537788243786568,2.972216053658436e-09,1.279988671068047e-46,5.446092846254847e-21,1.313095319900677e-34,1.7166544696581943e-39,2.1338928977759357e-45,3.1146758834630337e-21,9.435421487986982e-61,4.603599030327007e-44,5.079124696934046e-16,2.04240255695798e-50,8.147483316437967e-32,3.2872189899531117e-15,4812.679268719506,0.0,0.0,0.0,0.0,0.0,0.0,0.0,3.7607007700908754e+21
1384.8487888686234,24871.96862006111,11.966288927506625,18.136663791884978,15.209833801778991,13.5841989220115,18.043307321360786,0.0519049001654979,0.6767022100262289,1870000460399388.0,2.2426426181920893e-18,18332.93110477565,1.3265692996915965e+17,1.4606873483132242e-29,3.1708282030177125e-16,4.436527226892712e-18,3.6833504482642244e-08,1.605777120792305e-09,2.769442400464786e-38,4.934428147747463e-21,2.422862886999498e-46,8.593831639513497e-56,7.014619965448295e-54,1.6989440822861244e-10,0.3589330934551996,2.2311708994320805e-19,2.248983838468119e-15,5020061845988.857,2918198120723639.0,3.24049071036514e+21,16.102304412603623,624733626.5197467,1.616114546073203e-38,9.552978186446676e-42,1.2296657411394986e-49,8.791888053378321e-35,4.6018580387498336e-18,1.1769628062478107e-76,3.151532961359667e-74,5.11353576247164e-55,8.049952296730697e-105,3.987575663606064e-31,1.92115494493286e-18,3.6420798291405116e-26,8.310706681937614e-19,3.218352017643845e-54,1.441432695584086e-60,1.013358038442758e-40,1.1813765188378255e-22,7.902426575789729e-78,2.736731445547179e-127,1.7334866629856364e-67,3.4155332627444544e-95,7.809903463255685e-08,71.23503948790531,23263548.712036826,28612561.01669902,60967676.11325799,17559247.86595676,135403364.23447543,3280320.760821041,5.631657063265206e-09,5.661244849259701e-18,1.3363996730861566e-22,7.6269931369671164,0.0003766379395403,9.247754352230724e+17,0.0001009295709643,2.393620636836596e-26,4.4761571073994826e-51,6.295274532981139e+18,4.976861689845421e+19,2.2894144862145188e+16,495376429834712.8,1.0321498779197098e+19,556640366145300.1,110461155886397.23,114706236348341.4,59030348325236.88,3.0201324971038677,1.3008419174641225e+23,1.3008419174641225e+23,1.3008419174641225e+23,1.3008419174641225e+23,6.218357385434655e+17,1.3008419174641225e+23,1.3008419174641225e+23,1.3008419174641225e+23,1.3008419174641225e+23,1.3008419174641225e+23,1.3008419174641225e+23,1.3008419174641225e+23,1.3008419174641225e+23,7.396136430436283e-38,8.438045853559138e-36,3.3957868060298414e-47,1.4827056624978478e-45,2.1411822797271578e-18,1.5106584630702577e-39,1.2128258221403697e-18,547.2009298801756,5.5654476257096175e-46,5.23991523228054e-29,3.92380313245526e-20,7.892530956455456e-20,4.120048254328434e-09,5.3823194908357425e-08,8.918529504833e-43,5.5081012850546426e-39,5.337985780496777e-26,2.2932343929935016e-27,4.6322107872801524e-18,1191343.0638862508,3577345.4983061533,2.0528459500016654e-16,1.5688950013949223e-08,2.0027577227929908e-10,1.1804549070416077e-13,0.0549833183883278,72.21881909025902,20162.745588451377,6.6939836165112405,694.0200713225898,0.0,0.0,0.0,0.0,0.0,0.0,0.0,3.751687466208726e+21
1334.6918559630644,114782.25117150272,12.100662704901284,13.69113595059861,15.55845777353505,14.618324921482168,15.75430681083338,265.3982796518298,1393445025196.535,121.18788180119984,1607.1710776521695,83637.5147079088,23300816664770.11,65328.27796953229,1.3305640731002506e+20,1.5399470887826954e+18,4809272813236055.0,6285133296935.72,1020751608.9403336,136201082738751.77,81902138698920.12,2.5206765780817786e+17,5.073390046127359e-07,6486013952921.677,4767629865.642296,108182.11083162802,1556306029.6052015,7.804840900049017e+21,2.081321553877294e+21,1.805143260765393e+18,2.065727233362046e+19,5.710024957584651e+23,56779.2595386015,456264732476884.5,5.4788536047086895e+19,3294496044.4349413,19.28860028291608,1.6413941749782518e+18,88396394.26789905,155.71908957232534,6.993926817527074e-11,72553784290567.3,156538122024657.4,3.113605141997917e+20,2522698337209.0674,90506677757.21603,3.9364289377618266e+17,1085423878634250.0,1.27532551152248e+18,948839657.9850594,8.416036696447981e-15,3.675869278493574e+22,28760431700908.008,2169011.338585914,666.4549144766307,5.485665461979538e-05,6.786847146703084e-05,2.45798322918572e-17,9503231.73934127,1.1935158230416408e-05,3739189935233793.0,9.939226675512003e+16,1145812649.1315289,526702.6942501903,43499656291750.125,0.000216181745595,3.1343525197047066e-11,8.23021668895893e+17,43809185037784.05,440.0740240238108,14551947.541116552,1.990454505649165e-05,1.1368653225119705e-21,1801563136266.1072,4.689804610374275e+21,27420.44107985467,1.1005158206458306e-22,2.0383645055095165e-35,1.4601505484745828e-48,7294.739564985807,129472643937.30827,2139171825122.5251,0.0256627596085738,514121233.1282957,1.17936753181012e-21,0.0034429064145821,4.4264657501569106e+18,6.9029509034688776e+16,3466897549790519.0,41293487358723.25,10606499548794.63,1253996437438.0415,35083015875.07303,2.826982769691961e-22,4.869766232768171e-11,9.877713678667468e-19,5.8524233503503754e-08,0.1192286591673251,1.2465877586189252e-22,833427117.9399151,1901.647206392003,38.053607730919886,2.7572040189729057e-22,0.0005537000323788,1.2424479981183796e-25,2.1448549590925387e-05,682434.0982704111,2.242558543516915e-23,2.3567666301654185e-10,1.6425889229049677e-05,1.984353548459676e-32,1.1158164239622233e-13,2.767215966144148e-11,1.6283309138495925e-14,1.2755254289473697e-19,0.023170454057345,3.109505441156384e-26,1.948218727604189e-32,3.0527371520922327e-11,6.355888053242593e-30,2.641145280784773e-18,8.380729807343945e-09,1268.8793073507145,0.0,0.0,0.0,0.0,0.0,0.0,0.0,3.700266643871273e+21
1550.899982669033,18544.870773114457,12.022688111326673,18.08353679539128,15.21759105076998,13.680535090081456,18.06874035543574,10.337305121226269,310.9317608129433,1.4125510557076394e+16,7.892163611718809e-14,1389348.169640119,7.697691822127375e+17,1.0053261056654789e-23,3.0170707863973216e-12,7.247462801908491e-14,3.046546894577139e-05,5.0337528845527175e-06,1.686450789096101e-31,2.1398983736859595e-16,9.644645001811487e-39,2.619725122892372e-47,8.036162750995524e-46,4.131722180969775e-07,55.43663367106454,2.243261862858139e-15,8.226708619903168e-12,60485690111620.38,1.3384407629244812e+16,2.2803551337767103e+21,4418.848525737286,18618640813.773525,8.388819109216776e-32,1.0575642484890064e-34,8.508752514805396e-42,6.943152427210277e-29,1.824269295508196e-14,5.809504698722399e-66,4.707273860753496e-64,4.2375876753543773e-47,1.9726018522879048e-91,1.5627285180580444e-25,2.3194898896916622e-14,1.417467533146626e-21,2.0527769344822505e-14,6.0584448619411695e-46,1.5043298825163485e-51,8.947401369014519e-35,3.3792388503801968e-18,3.303607326304327e-67,3.415791659811491e-112,1.3578241691124916e-58,7.637280041908436e-83,0.0001239622977756,7835.793960167729,407104709.2895147,492370816.2533413,512899664.5688047,1127725584.0072758,4783186126.407206,332445651.4253104,2.042412665568611e-05,1.1285493925228788e-13,3.2580705446894292e-18,2149.9469910042735,0.2308876916327888,7.279006283929341e+17,0.1356224505768486,3.2502708497194278e-21,1.4975527991991793e-43,1.0302640730050476e+19,3.7721268852625555e+19,2.079756158539677e+16,2935566978779842.5,9.082075258767436e+18,862625320596040.6,112444183743348.92,49964995733728.78,22170379926088.03,131.7471392600164,8.660774629855854e+22,8.660774629855854e+22,8.660774629855854e+22,8.660774629855854e+22,1.0723800078305274e+18,8.660774629855854e+22,8.660774629855854e+22,8.660774629855854e+22,8.660774629855854e+22,8.660774629855854e+22,8.660774629855854e+22,8.660774629855854e+22,8.660774629855854e+22,3.7875801699027916e-31,1.601941157118846e-29,1.9291108358742065e-39,4.1961726000702087e-38,5.983363717561733e-14,7.019604846296195e-33,1.6068981042493487e-14,42851.69785468138,1.2591790675992015e-38,2.851036192684858e-23,1.5399475282166834e-15,4.154076747462445e-15,8.600438103079716e-06,0.000116342233261,2.0313473662696616e-35,3.310031716508788e-32,1.0822883650860855e-20,4.811662556810583e-22,6.303325869464596e-14,46639862.719309635,54623821.44203099,1.2712154995363745e-12,9.883191837904217e-06,2.0246200631725362e-07,1.0661116843669803e-09,18.778561950227076,12175.007821452216,1314723.6492955617,2472.4062012882564,104533.49266936936,0.0,0.0,0.0,0.0,0.0,0.0,0.0,3.6985408058840653e+21
1778.8138326110382,21865.105876819965,12.091860136867178,7.591883563602409,14.410887143725375,14.242314107419814,8.065198456604701,3.6880641902169806,17.256949806536756,2.939738071962381e-23,11875137649.77569,8.903029260993593e+22,226602.90311813215,0.0028961313267141,5.696845303743923e+21,2.436880767168259e+20,1.0255671607733516e-12,1.1009358942920617e-27,3.973991805106802e-14,6.217566419469025e-41,1.3518907889675896e-24,2.5912167097497847e-36,1.666739844610148e-114,8.90302932732633e+22,0.0038979284297719,8.90302932732633e+22,8.90302932732633e+22,4.3378153431884746e-07,1.5732305301864506e-18,1.923584290154323e-40,167993761814.0926,3036.791750348035,5513204279699.0,1252698.049476715,5.7548102142211835e-05,2.3519248114117336e-73,1.2769629706512066e-140,2.807969514610869e-34,1.5517335145258057e-72,3.2651976361580674e-137,2.7863147476284195e-144,8.90302932732633e+22,363.50054213782687,8.90302932732633e+22,1.0897075992400684e-12,3.8405588212326953e+18,4691810608.017712,1.878662936056636e+17,1.0859395086493511e-37,1.4607805239940882e+18,1e-155,8.90302932732633e+22,5.048626350916585e+22,16281650658.314322,1.439836992818799e-23,2.5654574614366013e-59,3.04723886354597e-59,3.6133071601249103e-99,1.8326152890954424e-33,9.969508944818176e-73,1.653594370440246e-07,8.168742609520266e-10,0.0176422014737892,403881757.1128501,1.3508752054758033e-42,8.129368144744015e-86,1e-155,8.531834656652625e-20,3.164991528980428e-13,2.7070964303504693e-22,2.640642967606091e-06,1.0317843047001068e-45,1.6950098044059568e-88,5.5868064986147744e+17,8.90302932732633e+22,133628.46757546763,6.582734243837681e-76,2.913220406116733e-116,1e-155,8.90302932732633e+22,2.6367858067979357e-27,2.5952952277120188e-37,2.151931438331218e-56,1.2356677449344356e-59,2.705726134984677e-101,1.0181824013979112e-98,0.0318647391937986,1.5805855396654453e-14,2.349250343949612e-26,3.332872753862451e-39,1.9557037590979112e-50,8.219620397941375e-62,4.593740480188557e-74,0.009591677737168,2.080828678779801e-07,5.0823019329877615e-14,7.628072630588848e-19,1.1198622948826206e-31,101519542148.73547,6.527552764662837e+20,6.715566465882626e-58,4842.330027282885,2.5025315924947073e-18,1.2045625169772062e-17,7.21868364970696e-51,7.01312804418425e-49,1.821067997176573e-21,7.70385593726941e-33,4.478151097082194e-36,5.047726663476341e-64,120.86883595220183,1259.4695139058506,2.917455880214742e-13,4.5044873802383025e-59,8.90302932732633e+22,8.90302932732633e+22,2.629723308808876e-11,3.5447782751580875e-42,2.7912261908444108e-39,1.3854838887994648e-70,8.04928032952375e-75,5.0569127234807166e-05,1.2141339566520176e-09,0.0,0.0,0.0,0.0,0.0,0.0,0.0,3.5159588553414866e+21
1632.3848906468256,30192.857197898094,12.06385513361858,7.68074272140771,14.231405049035596,14.09706830658873,8.049149949752936,0.0543889117737883,0.2430748323510527,3.5675354044894545e-27,535721659.3356867,1.3396716307720093e+23,18789.355957065,1.4355539774749991e-05,1.1566399095590967e+22,3.47915537702371e+20,4.6103616861913456e-15,8.302139021481928e-32,3.63879832168921e-17,6.434812047930753e-46,2.775402373304017e-28,1.0742820935821699e-40,2.6224188965771305e-125,1.3396716407533408e+23,6.841467765751624e-05,1.3396716407533408e+23,1.3396716407533408e+23,1.6135003120121282e-09,2.8196611690620428e-21,2.0394270902046337e-45,46734624994.01808,922.5441782873884,396479437115.0418,41847.6208085506,4.4152202607318274e-07,6.6945329966915895e-81,2.31515975251431e-153,1.7298279029635616e-38,9.31991845917344e-80,1.1575048470115189e-149,1e-155,1.3396716407533408e+23,15.325861132197886,1.3396716407533408e+23,1.145504067310294e-15,1.1085230003916924e+18,341835892.39236987,4.931245821515554e+17,1.9118921816750428e-42,5.029200092202469e+17,1e-155,1.3396716407533408e+23,5.322301105510732e+22,2584024515.869231,5.86667623872953e-27,1.550663748295985e-65,1.8623325296115426e-65,1.5750336245475977e-108,4.2287068310152286e-38,1.5267778181928962e-80,1.6268945877244823e-09,2.297881934004204e-12,0.000411327607173,206341456.96363407,9.097173211430536e-48,1.4760705833072987e-94,1e-155,1.187785109745109e-22,1.6080874591045369e-15,7.17234712935908e-25,2.1925704717403428e-08,6.36154321666141e-51,4.1405428724057223e-97,1.151764963516914e+18,1.3396716407533408e+23,28690.735314337428,3.745929804119356e-83,1.2812675687243343e-126,1e-155,1.3396716407533408e+23,6.126487547852253e-31,3.65137783340671e-41,6.396546820561599e-63,9.363950561291506e-66,1.7437736768609157e-111,7.166354410886064e-108,0.0028109701489835,5.362354942932383e-16,3.116482640895417e-28,2.2112913681698835e-41,5.440064124334936e-53,8.492683804325924e-65,2.0648125390585316e-77,3.542015268743628e-05,3.302075453016868e-10,2.9941188213160964e-17,1.6158468108109573e-22,4.256372100746723e-36,10050490361.773932,6.674241101140081e+20,1.570395905682787e-64,63.35541679939804,7.349921117718327e-22,4.4256233913655745e-21,4.4090550252022915e-57,7.92866389125196e-55,1.1698930066503072e-24,1.5125389866786317e-37,4.715940129094277e-41,7.48901986893122e-71,2.179029669723631,30.443884376671637,6.445878384589398e-16,1.8566954330885874e-65,1.3396716407533408e+23,1.3396716407533408e+23,1.733643986155277e-13,8.914456167941942e-48,1.3378636481659841e-44,2.1145344523640836e-78,5.126091739374294e-83,5.890894004307031e-07,5.71231065129283e-12,0.0,0.0,0.0,0.0,0.0,0.0,0.0,3.4166122488408383e+21
1764.1503190875194,14648.19268610352,12.113404120284658,7.5415758840376,14.207502052540269,14.124114122106718,7.926531376689681,2.4939988931506716,22.6206909121093,6.085690543182105e-23,6416914618.974228,6.0140241905869e+22,173783.82940789667,0.0024811086562772,5.541189695995533e+21,2.2942472761835576e+20,2.702049596509788e-12,3.0545972875463313e-27,5.6641065022327474e-14,2.791629803861182e-40,3.263389285259443e-24,1.0491107225117688e-35,3.905538675990597e-113,6.014024235394873e+22,0.0059888973160888,6.014024235394873e+22,6.014024235394873e+22,8.878811600631712e-07,2.9055908567037377e-18,1.0915349807057297e-39,103772413324.97289,1825.947042662169,2239581642247.936,921973.8766944068,7.188466652806227e-05,2.1004635037083412e-72,8.57142592555632e-139,8.488780421203064e-34,1.177446977114206e-71,1.84913779198362e-135,1.135848877201576e-142,6.014024235394873e+22,436.08299508995975,6.014024235394873e+22,1.4278802505263017e-12,1.2778470890473147e+18,2674364481.2904825,1.546656320494703e+17,3.3462147628905662e-37,3.554724768256883e+17,1e-155,6.014024235394873e+22,9.809186416085451e+21,17372656285.201126,4.218879811704897e-23,1.9616400866477754e-58,2.3324227794029644e-58,6.743835015691926e-98,6.329138287209624e-33,8.340669641805171e-72,2.025095399360236e-07,1.7945323742932374e-09,0.0306595192512953,607462917.0308133,8.097764438371369e-42,1.0858443577646766e-84,1e-155,1.6957872488693237e-19,9.290604623386317e-13,9.460493389750045e-22,5.2589456514288725e-06,5.029864288132661e-45,1.9078699176181976e-87,3.752746193890483e+17,6.014024235394873e+22,233879.0974100496,6.449877616080148e-75,7.010883019599e-115,1.5232362586826082e-154,6.014024235394873e+22,5.598682214672053e-27,5.079896367523772e-37,1.2181232023348527e-55,7.366260376503474e-59,3.3447837207726526e-100,1.5167086791688079e-97,0.0237359391771582,1.0405385642852356e-14,1.368806118047827e-26,1.7584291496480204e-39,9.191486311073726e-51,3.402531954625253e-62,1.6997939602004772e-74,0.0041102912107103,8.245212672345519e-08,3.5745689382989905e-14,4.8816992056784145e-19,2.915731270584511e-31,38368851257.34959,3.063167544541714e+20,2.676524743427284e-57,1679.7590469245124,2.291793767357117e-18,1.1262221265979896e-17,1.7806121012228184e-50,1.831509569696288e-48,1.7325337049458425e-21,1.0681731684031111e-32,5.860635881034088e-36,4.133444794347061e-63,54.18720888610932,580.1761921029124,5.139686548222911e-13,1.708957579901778e-58,6.014024235394873e+22,6.014024235394873e+22,3.332824140239471e-11,5.123855824474799e-42,4.282974330809109e-39,5.956633215980317e-70,3.1911323384714503e-74,3.233440698738749e-05,7.137454493174014e-10,0.0,0.0,0.0,0.0,0.0,0.0,0.0,3.411545022449218e+21
1576.4048051753548,91285.42644113157,12.000183881527388,16.695185121485405,11.685710803716985,16.52221456566052,16.70028029128478,1645116.7662581347,7480557801632.064,131529553441.17268,1.256767402237226e-05,322451100.2855779,1.982483879724301e+16,2.516544965093928e-05,548974480.5713925,14184532.965795867,28278427269.556484,43163860.80576316,0.0059615344822143,27535268.650126956,4.62323895925132,173.98076233706882,2.3554459902059506e-07,5939.78452347345,3899070.5457008346,0.0050605891501143,16.196672960779274,2.32652520419242e+16,9.193649525039405e+16,4.243069836920094e+18,7427984702.523104,471893507282484.5,1.0167564562552481e-15,1.4946402749993633e-08,1.6215914014519144e-05,0.0036447632944078,23.59141127977065,2.9761269143495334e-09,1.4564468193643837e-12,3.2787207518356052e-06,1.3036778139563327e-24,1.7321987361019245e-07,0.1140225807144617,0.1490477344747487,0.0008581554573908,4.621663554412145e-22,1.5210255233037728e-17,3.949955445106539e-12,3.9690904188038726e-05,2.0310236227509735e-35,2.913858926560795e-40,8.197414313548974e-23,3.1188971468912093e-43,456311329.7705136,142706759688.94855,41057965740.077866,49544692148.72271,332551.2508808416,147457111999327.44,4092752935.7371216,1.325171913077166e+17,6830870714056737.0,6150602643.623141,23640590.854671355,3.611441580025364e+18,3056383937.0536356,4018618948186685.0,8.064227673395081e+17,2415800287526.7163,319.3475694133255,1.0104004157064856e+16,236534147231.9099,948.6459152031592,9816678568210960.0,1.4956674806955233e+23,108825590622218.16,674.6261431507592,0.0018982143962452,5.857447229732222e-09,476217155.2066202,9.24261900850423e+19,1.3724881480016363e+22,31813912103402.07,2.158070033322033e+23,411.5641369475852,1.4688610098085482e+19,9.420803092839632e+21,3.683837339050044e+21,4.423037437538424e+21,7.208178324782336e+20,3.775403028049057e+21,1.1916045422477315e+22,6.26573057523075e+21,1.5183860151676347e-27,3.3986442325344313e-16,1.1258530215955388e-25,1.3471637995562463e-14,8.86396030126046e-06,3.596569270471573e-27,22.583762873335235,11707996.101686371,1.447715719855336e-17,2.291347518707273e-17,5.251487190392517,1.7267907184768822e-14,139914.75968775398,5445629549.165227,2.8439880856465625e-19,2.342609842741525e-06,5.976362382237533,4.183524811674003e-24,2.292310731816387e-06,0.9024261246460158,39956.651583772145,8.895751305094441e-13,30738.847575085423,7.874216536532996e-13,3.3204789350733837e-19,22.74641228686862,1.571141853747267e-11,9.03190881897732,0.0014336389085783,324940912.32512987,0.0,0.0,0.0,0.0,0.0,0.0,0.0,3.3521940447679443e+21
1585.1496520803755,7146.705495260777,11.97285386064092,14.561301161313397,11.443603964111375,10.556740349893792,14.51739210870321,530.8794695363018,81550.90911071993,1.353641494070727e+16,2.7306616124700694e-13,4120696.7567420257,8.562981648093256e+17,5.167961836358956e-21,9.76018454692218e-10,2.5842920257315232e-11,0.0042285368612184,0.0006522848813351,1.116228641303298e-26,3.872118987422177e-12,7.786138584048831e-32,2.6545052894529135e-38,3.035277449647766e-37,1.2015321449939931e-06,65.41506750429633,1.1473119179279515e-14,3.5081694007727165e-11,33083974499339.277,4994666542813922.0,4.985384451620948e+20,5168.536345048163,11852030829.180696,3.7471946721993536e-31,4.709965727900848e-32,4.587744974656264e-37,7.435089622928865e-25,3.3423523217000246e-11,7.737122026345936e-57,3.370280852411967e-55,5.2962374311729116e-39,2.7054448597000107e-78,5.969635570915759e-25,3.153358905637498e-14,4.862518711526426e-21,2.3328197596493333e-14,2.7105543977062234e-45,7.962078910440366e-49,1.887328587607776e-34,1.3810411560598525e-18,2.0598305028714296e-66,1.168412098334694e-99,7.671831836678669e-58,5.1260172393069343e-82,0.0552793697298632,1439184.0664219004,35798984176.86308,43165750342.12061,26355603903.89055,138102161694.84818,350480862223.001,53817407172.54182,0.6753904517131807,6.902258373476404e-09,2.813860840793477e-13,29875098.87340086,2460.581168852787,8.431846548996572e+20,3041.4540526251053,2.443131477029256e-14,3.599141009790296e-34,1.0194874253971171e+19,2.1652938810368004e+19,8227582063791635.0,4459466080027438.5,1.6413685561393895e+19,1151283372145942.2,61805400289553.76,15727370459196.191,4528964153649.252,655.5245142633988,3.265519890885962e+22,3.265519890885962e+22,3.265519890885962e+22,3.265519890885962e+22,3.495982921218825e+17,3.265519890885962e+22,3.265519890885962e+22,3.265519890885962e+22,3.265519890885962e+22,3.265519890885962e+22,3.265519890885962e+22,3.265519890885962e+22,3.265519890885962e+22,1.628676911571142e-31,2.2448436666842047e-27,1.1123639811954931e-37,8.302694437634512e-34,5.828307223124346e-13,4.0359323970056095e-33,1.2517761474362677e-12,432041.4140314603,1.4472628299415116e-36,1.3559383681931069e-21,1.7769266878362368e-11,8.634035915974055e-14,0.0389308654891336,0.6443773596819472,1.646442959760279e-31,8.223683533319268e-26,2.1676298420638807e-15,3.0157908004993844e-22,9.403296053852464e-12,4142168.721764868,1063466629.5819136,5.744672138165794e-13,0.0011528246983321,4.4017074470949995e-08,1.855763669495507e-10,705.9613187870199,688.735494222851,24429073.85849703,294.45997456157636,4127562.3109408,0.0,0.0,0.0,0.0,0.0,0.0,0.0,3.2823406967342807e+21
1721.7300693189404,20738.975153503925,12.092821820002603,6.328691256533717,12.000201724784583,9.488152839995896,10.779440840223923,285063648.66667646,8.592809122716774e+16,0.136949107552665,405326037532.626,46.28571880969498,35007107838795.19,1051266202426212.0,8.533161674114902e+18,3.204847093924134e+17,20919476.45797836,11098374088686.188,1.8591948539801367e+20,7234794155497258.0,8.72446780401136e+22,8.72446780401136e+22,0.0001034599055654,216395050183.0736,5.467526696111614,0.0035673180011323,5.683997920266951,7.680340589334312e+17,823605053104657.8,5089229.502765614,4.354162742610522e+21,3.1490372673907947e+22,2.3975935175774516e+16,8.72446780401136e+22,8.72446780401136e+22,43259683.56029482,4.796094487534781e-16,8.72446780401136e+22,1.668172663346205e+18,0.0069688164395167,1.7935649029254497,4951276722075785.0,75581085.59080285,6222879666373.231,129567726485298.16,8.72446780401136e+22,8.72446780401136e+22,8607.00898094852,39801498227293.32,8.72446780401136e+22,2.2124750702976085e-13,1.7593394910159191e+21,8.72446780401136e+22,88694.51269060608,1.1281810485152547e-06,2.3596912104190343e-20,2.814327594189815e-20,2.988467199327278e-38,111237.64491105484,5.278499117978399e-13,2.7957178852296163e+17,5.3970265528546e+22,1138012952.5520654,0.0364136193167304,1251412855046.331,4.707447442010111e-10,2.18873764500952e-34,1.684308867175251e+21,279584538920311.44,2.0182500716395246,2.620929794790668e-05,9.311709480114048e-23,1.1021147730243151e-43,126482.88978690308,7041680.425397004,1.970615689044738e-15,6.1212707653932835e-52,2.4978209503198254e-70,1.8011837345965868e-88,2.432263995807334e-15,6052.862313086955,191.7995992006478,1.4174291259587581e-12,4.4569343819808347e-07,1.0280102546727672e-35,3.626038173708414e-24,1952028761408480.5,263500196769.1646,107209557.69049084,4560.540646820008,7.516724847333021,0.008483454963126,1.350171983202058e-06,3.5298143600906056e-10,757.923020071943,2.283545977729766e-05,31795548.571084447,2.3822995155006916,5.628836375297591e-18,11605514433.687838,0.0015962629091589,4125616116106973.5,8.104289645667542e-12,5731184.951216751,3.112105462729601e-22,0.0051349355836958,413390982699.6201,2.2079694612493055e-10,13788.238670768733,0.0074655988491184,3.3299839993832533e-29,5.2303197320949664e-11,4.8273381894100475e-21,5.500237448967945e-28,4.4366431483427435e-27,6.000318925866424e-10,2.9097084201945493e-40,1.0715574620537189e-29,1.4483997218038302e-09,8.282098776928987e-36,4.710444306676144e-23,1.0284815965424924e-05,23887262.47185658,0.0,0.0,0.0,0.0,0.0,0.0,0.0,3.278061994535016e+21
1429.3735520085122,65170.34964707522,11.804435115567705,13.73522374264773,11.035353828646384,13.116037209397271,13.418785980062491,8218.575758136372,519472435132.6117,6394039027010.8955,4.848418375192641e-12,5228506.593963755,2309207377.786057,9.672184100805864e-12,4887.781090209702,80.0354516746466,529203404.93164086,420410.2172134256,4.460114277817202e-09,357655.6411261406,8.687071675171332e-06,0.0007182708393894,1.584689957915378e-07,0.0136631920834909,24539.35225401719,2.192570339618572e-09,1.6462294185568944e-05,2021496070965984.0,9243478097.93308,1.082595713832354e+21,0.088478809920014,0.01874680129807,1.5351050710030204e-26,1.4580910880670634e-18,4.122020665587407e-15,2.8817534505959453e-06,116287.13010008167,4.436610497867629e-19,1.5906178596563746e-19,2.043961051145762e-06,1.1024150362079568e-29,1.4438944814716054e-17,4.794718791039405e-08,5.447360037006817e-11,3.1575427142930613e-10,8.938812698947369e-37,8.500188834698425e-32,7.316340833156464e-23,9.121283211528347e-12,1.0835839116588754e-54,4.453121433340956e-47,4.883495990281945e-41,1.5304478046189242e-66,6962075.966018231,5541376757043.731,2009640195326140.0,2459679827070178.5,8068267570727.039,1.4438861225986278e+16,177484932348521.94,16928060478.074272,1017480024418342.8,135908654.51367927,275067.20337050024,1.2439947183606197e+21,146007583093522.78,1.9358580157407088e+21,142463881598.0767,129453883833.2548,1.2517504482615704,1.1165432376024408e+18,1.338371835108675e+16,12298993793.160528,702173930.2251989,6.518034699689982e+22,7856072248216256.0,4961835406.487743,7625271.178952932,7127.254782473394,4798855.614056643,3.05988900091469e+16,7000068394053.773,3.690045572917038e+18,2.4820713476663464e+23,4979216166.742805,1.1614544221684491e+22,3498194133.1753693,1175.7143054355815,0.0012450298275975,2.4575403616419327e-10,1.2425585631761505e-15,3.246697926550697e-21,1.726536379414262e-27,2.002646818649276e-35,1.9791000087654555e-24,2.3886511798142706e-33,9.859526452811812e-23,3.114327453907889e-08,3.217633291576799e-35,5.4318971770138395e-06,24497046.07617796,2.7592747244961276e-29,9.271273749365756e-21,0.0037354282285624,1.343763726467353e-14,317196.2483196226,23.033255827186128,6.030608298997255e-23,2.9220963457849155e-10,223.81647210531807,1.9299775486685615e-28,2.0336340794334848e-10,15.652572030805471,78357550.70581944,5.017676553232745e-16,22.803785879725897,5.476132416729448e-13,9.329438268021548e-20,19.37570420899069,3.4022355004759725e-08,8328.118889954914,1.1474755609127948e-11,1.0594749429623365,0.0,0.0,0.0,0.0,0.0,0.0,0.0,3.211569702287305e+21
1917.996142562901,162013.0669438961,11.983240247990318,13.400390583420029,14.28300389034619,13.944278226053203,12.65328990348248,20643091.263255753,5649646170669326.0,2697045483.7509904,11906982014.2433,74092653402.0824,8345409824399011.0,180987190047.26773,3.191182192916786e+21,1.814293774750128e+20,5.052476511219287e+18,1.2701977685890616e+17,101534667237278.52,3.742005397917979e+17,1.2099708639565306e+17,8.851325097267968e+18,3494.399059606365,4.7192300399793304e+16,611490852313299.6,136134224058.93063,100276510257903.4,2.0444498419532464e+23,6.634217048644804e+21,6.522865039557147e+20,1.9039828539440064e+20,1.5885371281230149e+22,310895327292.686,1.374352427222541e+18,2.1743288864013067e+21,860317176509752.8,2933235632.110884,5.737340200508516e+19,5433215255134.124,7609587581.7494335,2.635012850069474,5.200858439554296e+17,2.3032344778618673e+18,6.494670878107452e+21,1.1786867009322374e+17,5750009194619232.0,2.2142749480178015e+20,4.042386160054844e+18,1.657815391794015e+21,157301782294339.16,0.0112800429726984,3.479803225066452e+23,1.811306506971094e+17,871166353804.6875,6011196978.299357,130645.36375871745,153787.04525494584,0.0004022200572461,6706058593711.622,85119.67183941841,3.5605979814649754e+17,1.0248513099572744e+19,46481199743941.1,102145418596.75308,1.39643599339431e+17,407068.16874452383,1.3005511159684264,9.334134508986003e+18,2.9915595147629804e+16,529737699.7503594,9212385080341.947,76669.71909963866,4.47626833570208e-07,1775156734691536.8,2.1171930101270987e+22,39160061624.18278,1.5844549552371934e-07,1.4542967000757887e-16,3.9665121111042937e-25,8706661804.59977,705057896301728.4,513799716820438.8,15976610.693793444,21253565232829.93,1.159048188121585e-06,311937.62545621593,5.504535831890887e+18,2.9245051958325696e+16,460083783233565.0,565730040032.3549,33212496696.284225,1542777894.9794583,8366249.268072865,3.9774214417090505e-07,0.5732623820357132,9.698180585015216e-05,110.8449864494743,123046028.12306774,3.420724982576271e-07,11133831884712.79,9100397136.328203,198372897.76882836,1.024459688901296e-07,13794.685290293495,2.7253496447278446e-09,5390.280917455621,6484272090.095963,2.9388023817644738e-08,0.9483684587118524,65204.895371087914,1.969243051030061e-14,0.0054271599088911,16.211310532796134,0.0054702759216869,1.0125274811257218e-05,339261.29199383344,7.051282810535192e-10,4.086776172574736e-14,0.6403757352769174,6.199790561686689e-12,2.4520129674468475e-05,49.74058024258835,83395728.41776122,0.0,0.0,0.0,0.0,0.0,0.0,0.0,3.0879291776081314e+21
1237.4995956424648,105441.9299179889,12.123410407182735,5.959562779361559,12.57366103707714,12.125257083912818,10.256133324788005,10683.73431270606,557204708747.1794,3.415326982877288e-09,716.1168195899514,12.998963516992545,53090324017.20343,129002.74219583086,2.882736044280957e+19,2.2110618303673677e+17,884050.4148170829,99021.68009978296,16316365013.957676,12406626.59440126,1.3376866807948238e+16,3.729975789936035e+20,2.801026467029688e-23,92736539317.37456,0.0738687638505085,2.2238895463964226,69284.15968572104,198520945505044.75,972794185709.0457,53.01649855206553,3.2243483448404895e+18,4.2545432962895955e+21,730881.9817887702,1.409705800105682e+17,1.7982204881775217e+23,5.7766906437250265e-06,3.333458268277634e-32,6.586751168274344e+22,1170.7592427734992,1.924661273875628e-21,8.072781006184415e-25,28314640823531.33,114175.8365767095,2.9772980923407693e+18,252903.69536889257,97103213465850.05,4.889905686323844e+21,166978.8710849201,19719.90930644401,21971263068868.777,1.4681980325861593e-43,3.160862403463179e+23,4.194135495021673e+19,1413.9597346210603,4.3776810042120646e-10,1.940352242061627e-26,2.431479566453739e-26,2.0181260537741177e-48,0.002228815468213,5.835414078876956e-25,41062991951651.23,3.498428070769313e+17,4630555.527853277,7.727760038831832,140691.21994023825,5.140984082833794e-23,1.833590328987698e-49,5.386112603832975e+16,1755273339803.764,0.0484763609022638,5.513940460570224e-06,1.7930274991652025e-27,1.189233888446773e-53,16976160.361929834,9.080108909984451e+16,4.5900856235922426e-11,4.454501035394261e-57,2.1037722634609263e-79,2.238463896513674e-102,3.076179491767456e-05,0.3275041947298267,0.1276818666990014,6.851101491309863e-22,1.7382263303655548e-12,1.7867222978678882e-51,3.627728902821667e-33,457099717958678.06,99654514875.5896,71979382.44030869,16399.675750758575,65.72521150702144,0.1057847647401458,4.8118160741793014e-05,1.2767698821758954e-27,2.3239882364516574e-09,3.0371767725351084e-23,1.5018161045655316e-05,1.6003394147030288e-13,2.5506031472754072e-30,7297651122.221823,3.432874759383102e-12,355122.74401417316,2.266182482870123e-28,0.0167096194187752,7.93498487427713e-41,7.918670727887894e-13,1610991.130459927,4.579848868380569e-29,6.593330790546973e-09,6.8037021646016234e-18,3.3215047231721386e-42,7.435812923606537e-16,4.195112158646182e-28,3.327295447968279e-34,1.3088437690644982e-30,6.719998293112723e-06,1.6876798575634463e-46,1.120140351207756e-48,1.0536605464882033e-19,9.953201779078247e-55,4.240443725804445e-36,3.6283704981383054e-16,540.0646761491154,0.0,0.0,0.0,0.0,0.0,0.0,0.0,3.0712053546455264e+21
2208.152618813246,83457.39665888847,12.008098954495226,14.341922670301594,16.215230315847077,15.915385745606336,14.173051758085336,47176555.863671824,586349488951667.5,8247721467.051464,1786837490254.0786,1507307726279.7085,3.744044883988375e+16,175434841576.5708,3.1586026702410568e+19,2.892132083404169e+18,3014078251080833.0,536890214309479.0,311922884941.68964,7617598985318.918,914380966606.3676,190706010904.856,8.78630687487646e-06,2.965895641642475e+17,178927414480239.25,1381386837004.0754,419790720038389.94,1.3421248593846772e+22,1.855928456942941e+20,1.859164258641744e+18,3.711088272194211e+20,4.339785438990874e+21,55918646935866.516,2.2721786714091235e+17,8.641885982360983e+17,1771506804.7410216,15.633159300618225,1663137238907.298,29370.288018263644,0.1131628582754477,1.1350511812748905e-12,4.390285679187806e+18,4.619010102896761e+17,3.2455366814135217e+21,1.00078166991505e+17,3.485521795375119e+17,2.676808669447669e+19,2.4689679036391622e+17,1.2552734886765804e+19,1.776595564934457e+16,9.68913856823513e-18,2.483966427122659e+23,1.0295298861196737e+19,119980413718.2848,40824256.0044415,93.35302739348543,108.208969073701,8.049573906213029e-08,62152755540.62938,245.5697425417739,9224272424236490.0,3012370882186405.0,27791640404.065727,33645323.04168515,2208203067567.354,6.859213467692206,1.6979178039011886e-08,1109375914605353.2,45893269940.635994,23.464425509391397,3237060400816.262,7185.639240975023,2.667688798289646e-08,3624818367857555.0,3.6874271571585967e+21,6064324003.121423,4.738497228964461e-09,1.1254443006898188e-18,1.4194700908245605e-27,22481636489.479347,137819881629950.48,30768119024126.848,2551966.6327365832,148262677317.57367,2.6355224248062125e-07,432.137037204045,3.514301427519407e+18,1.0698910828825046e+16,94813601012402.2,46845947409.02676,1409675394.0595498,39865237.9527442,105019.52075841864,0.2494967927483874,58.333901633223874,0.2350362252361387,53.6923360400428,185514078.39862832,0.088576066187585,6157653385152.547,32727464.266636357,2585860239.0226893,0.0002850605903163,1454.1038511505662,4.91365028399245e-07,21.53981381822988,47604140.310399815,1.0384687501036146e-06,0.0040150346157603,8.27073616450137,2.2804795609296474e-08,0.216676098500184,4790.839479956179,0.0001451831582136,0.2310205684188429,396385.2361196907,1.735284874074018e-06,3.378514317768613e-09,1.1319556236852573,7.778881710632012e-09,5.20243398728735e-06,447409.2583899266,132084768.37374188,0.0,0.0,0.0,0.0,0.0,0.0,0.0,3.0230119104034326e+21
1303.8655320031778,6902.818709144356,11.983759831401947,7.48973164370023,11.8727323661522,6.911897146153453,10.106401473410124,678663.6290283395,448629948608708.0,3.656140084894482e-08,26663601.390981153,8.027923079292967e-08,4476125430.653155,719730871620.2235,1.0131907551460592e+16,103603232715331.22,307.7905353853311,114280472288.69444,8.953308507996587e+18,1781397654519278.2,3.834514461862426e+22,3.834514461862426e+22,9.060454741441035e-10,513827.7718789022,3.415882664370651e-07,1.6061004166806512e-14,2.9150747231958366e-10,3.8647108190097395e+17,37084271848033.3,82402.3825030816,2.996986022891887e+20,3.973303507264024e+21,54850924649550.43,3.834514461862426e+22,3.834514461862426e+22,1957739.58356284,8.898620769954576e-21,3.834514461862426e+22,1.9688159757704724e+19,2.644837696133839e-05,0.0023725735181526,328810124951.6259,756.2412065011436,6210339.956074616,3990918065667.1704,3.834514461862426e+22,3.834514461862426e+22,0.0009326497960687,171682776385710.03,3.834514461862426e+22,9.010492662388446e-16,2.5402212420193096e+18,3.834514461862426e+22,0.0013600242547693,3.6988862404187517e-16,2.2308995351972136e-32,2.77069644572954e-32,5.685406003092831e-54,2.3020510497864413,1.5925204841892926e-21,489263272137305.5,2.613229286014598e+22,527.8706995703753,6.010150941040116e-13,9849204611.018888,1.9696838942092376e-17,8.745889026240289e-46,7.818064596951415e+19,17076514900.73428,1.6568369790086178e-10,1.6134171906620117e-14,1.2645836709458765e-35,3.334428637745674e-61,0.0008918282531516,0.0323365633874831,7.987672202004338e-29,8.150909583573643e-74,8.830322290843292e-96,3.1454930229494333e-118,5.339692760206647e-32,0.0226699646415455,0.0001453668132563,6.727955088882143e-21,8.67451129127269e-14,1.150973660438262e-49,3.6104592839167004e-34,401736218589.8379,2076738.7296203596,34.86098348344297,0.0001512290925465,1.3305544625327263e-08,5.17123702749052e-13,5.017608638291581e-18,1.7488900009250602e-22,0.0027761325292482,4.618324996560588e-16,2349.9878674254296,1.5340902897354318e-07,2.042458460120031e-34,383495.5134006664,2.5242509295755436e-07,224667643442884.97,2.0476194595407766e-24,551.2994830834135,7.555290211927516e-37,2.0048133769670005e-08,378610691.434715,9.291257549206386e-23,0.0972868801490393,1.2623690787704898e-10,3.6166348318589016e-49,2.7937867338071995e-22,1.729742564390502e-36,4.455507759412147e-41,1.348938457174757e-47,3.0364010589733183e-22,2.396369421079508e-63,1.3527326772750503e-46,3.29506771262545e-17,5.2706241994384565e-53,1.9997144125327888e-33,7.253981486835646e-17,990.2814124721348,0.0,0.0,0.0,0.0,0.0,0.0,0.0,2.831691939275152e+21
1228.3920606925471,128807.71636246672,12.043495248593976,4.046021353668837,11.404177354933086,3.5423299817864953,10.581820074775528,5876089.357900336,96155901120605.95,1.1342398208945992e-09,0.0003176318082194,0.003986561528608,1425336926899.6846,12.614958413053534,1686211346867.4644,12402754704.790009,0.0242932036081586,5.7144002052660365,374009857.0014723,162190.0534755019,7.3605810916695e+16,4.866752803151294e+23,5.969906267682871e-21,21.706413334861672,8.328985193271552e-12,2.0028490463639005e-13,6.751153755937268e-09,63487035.78726812,10334281.2994519,8.2202008297161e-06,64115458977726.78,3.097198947281418e+18,2.1991707789583005e-07,11107547.94401914,3415169572856209.0,2.350117796915307e-14,3.0904916803362735e-41,5.79394401423399e+19,0.4395242842327722,1.6387310848814284e-25,5.127294995993911e-24,0.0044714481054652,9.179870980767652e-12,0.241439098245912,4.4808798222963275e-08,2.207268273800216e-05,270280.15054326394,4.135978750518096e-21,1.343179100117057e-15,3.290827669978928e-12,1.041320498074716e-55,1.1891155694861232e-08,4.614360364975887e-12,95.06168821149282,1.4070386418701752e-11,2.797739172353051e-28,3.510452353639117e-28,1.198212015415518e-50,0.1739842377894248,1.8550030671709736e-23,2.451246669064257e+17,1.427158319465008e+22,71018373.73704012,0.0501106498342058,2717798004.563929,3.6375512804272105e-19,1.0133612408964726e-44,7.30560501526956e+22,6442584965364761.0,13.858558704572031,8.844382077907311e-10,1.1869939241851067e-31,3.021322267453291e-58,195235.35512357735,16871026330.347448,3.1759001311323916e-18,4.815663919192326e-65,9.456550006776322e-88,3.959048896998951e-111,1.814900971045454e-15,4.2449337802753,56.38230857405133,1.080835045509162e-22,1.1085903393788955e-11,1.0055328086603125e-52,9.81704095477336e-33,4.467795614355523e+17,3146422403099259.0,73633746162812.81,559577417452.6941,73267397844.09969,3799637177.7805614,56701704.60391446,4.653789967366291e-37,6.260493402555337e-13,2.549581995510234e-30,9.093601419826184e-07,9.427171971309352e-21,4.019729039661736e-43,1238.9070766051784,3.0546312973834166e-16,7.884042105375004e-05,2.731842409380286e-29,1689.9728536984446,4.452800783662005e-42,3.904320200510717e-08,6268485316124.583,1.1475759947026931e-27,0.1253742465296736,2.6492890015372927e-14,6.6626480931596546e-49,1.2617462730768924e-16,6.359138738231586e-35,1.4440512857427398e-35,1.479846747907542e-40,6.207042829834343e-10,8.545121228340287e-57,2.5966461072125856e-52,2.1544390373961385e-17,1.2204397334982157e-58,3.8312619735041292e-34,8.533781017123714e-18,9319087.77503943,0.0,0.0,0.0,0.0,0.0,0.0,0.0,2.8308457982164903e+21
1150.188884850205,160019.63536246226,12.001274110545223,13.433734927219374,9.454815221165129,5.437676790059541,12.7556557778088,0.0136726582135638,9262144.263168637,14101869823849.355,1.5899149566679872e-27,0.0104070696485559,0.0031951658533335,5.848583023775563e-29,9.790189728919204e-15,4.890764367014141e-17,4.326137315645748e-05,6.677717309500795e-05,2.829253819708992e-27,2.2565077138272084e-06,1.1321419784789455e-24,1.358879401159753e-23,9.763697934935764e-22,4.270360689645815e-20,6.345139310760158e-09,8.382645610898768e-33,5.854450812815438e-28,5093536233.6361,1.3331734259400868e-05,2.7099043874339812e+20,8.210969846070014e-23,1.5656241897447494e-31,2.795231575998855e-52,6.413956541945457e-44,4.1694463773509244e-41,2.0575357039800018e-23,0.003424191591715,3.8850121386787464e-49,3.727900215790731e-46,1.6935408361762226e-23,7.196988868846271e-59,2.1293072836689842e-45,2.8186359743455424e-30,3.5169660291511736e-41,1.4093423708969607e-28,1.921234452971981e-71,5.3985153951998664e-67,3.1799685321641707e-59,1.864615502743445e-33,5.583315279344002e-100,2.14484857472134e-86,1.2070219267321393e-91,4.1519029794758725e-121,0.0002179706450575,11627587.265928283,46361482590740.84,58877327189574.336,180449686590758.7,3617723491275712.0,3.159563802735614e+16,0.0005502660383493,2423149468.2186675,0.0002066622540211,7.408520452790868e-12,1.5209240058817138e+20,627084200233371.6,4.752533756892125e+22,0.0002007113076213,0.0370720162662658,7.1536451493504565e-22,1906879836813646.5,2.373109679025005e+16,2865551966310.088,2.5054104904030493e-08,61968357228903.77,418820782.3194781,24611674.00161597,48100925.70266245,12021649.045960896,2.4072178565427467e-11,3752883377.4461584,0.0010109778329968,4.563221048635356e+23,4.612149320132719e+21,1.0242662273393114e+16,4.896069117395043e+23,3.746985014621959e-11,3.273968091852619e-27,9.785933371073806e-43,1.2419176874267385e-58,2.242450858660744e-73,1.411561263587356e-88,3.0189399867919854e-104,6.545302649214504e-55,1.816057787432668e-44,4.968960393340866e-54,2.913570771891414e-44,2.2965250767111556e-19,3.5277936516671973e-59,7.278188088878311e-26,34.547216138174505,3.5039084969675364e-57,1.6483527943205968e-31,6.786339000270821e-13,7.560585861119266e-21,6.7572218832377615,1.5640926090738336e-16,3.722789127563686e-36,1.0715007816430754e-23,0.0010339668448636,5.932490463574502e-44,8.068425375790177e-25,0.0001400631595236,33908.458505141665,9.519298377590676e-33,2.077899177321989e-15,1.0849938826024595e-25,2.007980392492506e-25,0.0017608054569528,8.650094744315335e-08,5450.818522435253,9.702034558083978e-27,2.0425259686839022e-16,0.0,0.0,0.0,0.0,0.0,0.0,0.0,2.823658231352596e+21
1218.5234031280766,132532.63554946866,12.032112640071992,5.9655474836440945,12.640048714314116,12.29585719108636,10.167494521644825,346.1723057653889,1867718942092.5583,1.3223306515594314e-08,16.596968827181446,2738.1821439062355,145791906230.4824,16764.93139877605,3.210559540276664e+21,2.255124269621136e+19,789881446.2948273,166681.96911037283,13524105053.96347,123972427.72320978,7.433862467260706e+16,1.3544405920826234e+22,3.4796326175320287e-20,1415608840826.6372,9.535829244222857,11515.881842497523,423331558.37886345,90762987025334.72,1910388278209.648,207.7757964061768,6.024683941720915e+17,4.1880671358324944e+21,958.4013743020196,1487858216412327.5,1.2835290230740778e+22,2.4927841753025484e-05,9.902929296872077e-30,1.3357468007935568e+23,15569.595462959103,1.74469453570623e-18,1.4425611480892846e-21,24177166373192.21,926052.4999837932,1.5812177655452706e+21,4275.848644123369,9031020437.833538,3.1329055606242555e+18,36821137.05575663,224.40772042834573,108769582.54113267,6.59814527209079e-41,5.465800002417965e+23,13884567082404.652,1650281.6393135765,4.2522644145744304e-06,1.372445109590215e-21,1.7245415207240914e-21,8.682655183771681e-43,0.0553551218576245,8.61198975615474e-23,643676139207121.0,7.612770505209724e+18,32556805376.92519,22466945.318239972,24973382.491231214,4.3405474687408655e-20,4.889141423381861e-44,5.043840143867867e+18,8.221625808497763e+16,3610304.1436435184,0.0116741533848193,2.320187736140711e-23,8.07321822707617e-49,19812968976.409332,1.6836036736688507e+22,4.191298170389186e-05,1.2673950658564594e-49,3.715987548662303e-71,2.1858783974258018e-93,1292.613531939058,7.640630567341172,13.492273493834404,2.1782312070367806e-20,3.5856735121004676e-10,2.556157352491119e-49,4.8477544191638895e-30,6535819815543392.0,5771225647577.653,16991318858.401552,16771902.756616298,278804.305041961,1807.935827474733,3.4411129528397835,1.7227640119071039e-28,2.1491792338466513e-12,2.518584732379144e-23,8.110039610753435e-08,2.4731834479061164e-12,1.4915655840981003e-28,6453230475.185826,4.765893801443296e-13,27.964272896528968,3.1438670140172183e-27,0.0020736547779546,8.662819420900337e-39,8.520876616289629e-13,1168864.4810539186,3.1481584348026203e-27,3.2838142331882503e-09,4.9329117891783125e-14,2.5219482942292648e-39,5.1386401242368065e-15,6.935198095388332e-24,2.01719900028709e-31,7.517098805127696e-25,0.0326467445419842,7.032155376162494e-40,1.7920710616277903e-47,1.675135110226482e-20,1.638860389651645e-52,4.7553727318308244e-36,6.634866225810345e-15,66.65129482753183,0.0,0.0,0.0,0.0,0.0,0.0,0.0,2.7198583124976017e+21
1530.9916088102293,20979.787826117274,12.020066289880662,18.11727371679649,15.209839683784972,13.763591048714447,18.005022160450135,5.210929910541812,130.75341945608747,1.3011072139318116e+16,2.1466441635674132e-14,984928.3575169048,6.285399929519802e+17,1.6189862525535755e-24,8.757919803072025e-13,1.984042894049227e-14,1.321395678573823e-05,1.6680757172411175e-06,1.752601639441964e-32,4.35837113118906e-17,6.6826433514259925e-40,1.1895867762827288e-48,5.3296543024371035e-47,1.701769326617029e-07,35.28677005096351,8.973075822558123e-16,3.6713702954131515e-12,44827376149671.02,1.087385331054234e+16,2.6356110705825363e+21,2009.977925534552,10636455990.82471,1.1234293624015106e-32,1.0661353439798292e-35,5.7453027132463724e-43,1.0001613170125729e-29,6.131820928168101e-15,1.2851546007972687e-67,1.3586299988081433e-65,2.8203391381585916e-48,1.9522161357938807e-93,3.136878669681285e-26,7.785309239431946e-15,4.1408433962659633e-22,5.626764390493559e-15,4.653351348257753e-47,7.845244930818999e-53,1.8062086894829928e-35,8.839306622333396e-19,1.1936420325899775e-68,2.0738435869666987e-114,9.688031217185585e-60,1.5159441033526521e-84,5.165488565583257e-05,5000.2861452742945,363427923.36226696,440348751.61688256,568145240.2875223,673332467.0915158,3493291979.521999,162726793.3882544,5.612604896457716e-06,2.921537669603185e-14,9.347919310095217e-19,893.8317554944432,0.1011285568725409,8.512942798480374e+17,0.0409956789758492,5.584567905652383e-22,1.3104985140963152e-44,1.2695623732228655e+19,5.792678093462434e+19,3.5885748433602588e+16,2710261007604938.5,1.1831220817864507e+19,1211171568749243.8,217127623080330.0,121197501127390.56,62642373236214.875,127.28524735259158,9.925330993514024e+22,9.925330993514024e+22,9.925330993514024e+22,9.925330993514024e+22,1.5239214816741612e+18,9.925330993514024e+22,9.925330993514024e+22,9.925330993514024e+22,9.925330993514024e+22,9.925330993514024e+22,9.925330993514024e+22,9.925330993514024e+22,9.925330993514024e+22,6.700296136238575e-32,2.533014327883179e-30,2.148983077918296e-40,4.049344776594958e-39,1.7453372340389952e-14,1.4220770087340624e-33,4.934195769903299e-15,26625.045172253387,1.2879814121311244e-39,6.2117729035224004e-24,3.581713127687346e-16,1.3372998371556994e-15,3.153949008302659e-06,3.663456133405558e-05,2.412757201628754e-36,3.6460965343773474e-33,2.0112558357153852e-21,1.611791380121271e-22,2.2801532395748415e-14,45467247.267495535,54260136.932906695,7.071552113248665e-13,5.654265405147747e-06,1.571037479454144e-07,5.082601573661437e-10,10.250099217306117,10250.16623801908,984714.1158953364,1436.2424729823815,53719.14341842518,0.0,0.0,0.0,0.0,0.0,0.0,0.0,2.717959636089213e+21
1454.584313985864,3335.9643921995475,12.03608312679856,12.471007468815682,18.615457955697217,18.441360715937073,15.918724888253736,0.0001057514633887,1.6483706596461874e-08,2.6728053093276165e-31,3757695.520192397,1.6611131663469922e+22,953050.987914258,1.4497124131581837e-13,6.0312813723892776e+16,1074971831960658.4,1.354960226260027e-22,8.234100494792386e-41,1.1416445590130127e-30,1.2830088789680518e-60,3.621053914370414e-47,4.998010950169226e-65,1e-155,1.6611131787232498e+22,3.980544005185303e-07,1.6611131787232498e+22,1.6611131787232498e+22,1.364348258243655e-11,1.6788935662422874e-20,1.4242056754189271e-49,10032328106389.02,469889117.79049313,3906812632.852439,0.0050691502366503,2.317030439926824e-19,7.437715448497266e-98,1e-155,1.0284550704432216e-62,9.302578537877112e-107,1e-155,1e-155,1.6611131787232498e+22,0.2311578979070965,1.6611131787232498e+22,1.0570403159468425e-18,5.9959064167364904e+16,90.49593931901543,1.6711148918098762e+17,1.4265492670676421e-46,2.5435610632014884e+16,1e-155,1.6611131787232498e+22,1.0059634272521618e+22,432.412542746586,6.892121766777005e-36,5.7011872499163005e-77,6.959565326873195e-77,6.209557367994043e-123,1.0243995031945934e-47,3.489437834767464e-93,1.3274487520794556e-13,5.416309003826085e-25,1.5229694013599066e-16,0.0005125108097429,1.350321798739368e-62,5.448049499125011e-113,1e-155,2.032692386743899e-32,2.3775236741369325e-33,1.0654949394565671e-48,5.91695310216153e-11,1.9131143353450244e-56,5.503788493565493e-106,4.685152369619921e+20,1.6611131787232498e+22,664.9804790928811,3.6419742799608776e-91,1.4907013792625292e-137,1e-155,1.6611131787232498e+22,2.477921714467228e-31,1.447196874438153e-38,3.1267653436593276e-69,3.798551752177067e-68,1.5293954959220764e-121,4.537814514604661e-113,322.0447410149064,3.079185854882663e-08,9.229513221879157e-18,4.861718545426166e-28,6.84196411796209e-37,5.1194000567399506e-46,7.512680198283173e-56,6.040558944431086e-09,1.608762805001838e-14,1.2748781357727624e-26,1.485896653182365e-32,1.5318064984815074e-45,15401672.616423624,3.266070279154863e+19,3.786986957719023e-71,0.0496416909683825,1.590668245049301e-31,1.3361017077220044e-30,4.865447720462526e-69,2.1800344775898833e-66,1.638277307837946e-30,2.2545788462530087e-53,2.79112976177158e-57,1.4736754541037884e-92,0.0003787654727538,0.0081828808108336,2.4321583413792343e-19,1.006587148601619e-72,1.6611131787232498e+22,1.6611131787232498e+22,2.2824083727110833e-17,2.111796847000413e-54,8.262820339580162e-51,1.2555592125513865e-86,8.337574847052501e-92,1.6189552319864914e-06,4.089079787195109e-12,0.0,0.0,0.0,0.0,0.0,0.0,0.0,2.710239662189803e+21
1216.1926349276764,62479.04946784944,12.049171565584238,4.124088894806944,11.408945070645814,3.5384963879597566,10.44575695651212,5828590.2936335625,87007614164599.88,1.4070037431122462e-10,4.528453768691325e-05,0.0008445733398576,299891650577.2188,2.2724660977232656,159963007638.85513,1111308230.6358812,0.0004586729484612,0.2795667487234472,92548076.17616032,10403.790051220964,2.5843363025493596e+16,2.3843624887412477e+23,7.688826804756161e-23,1.37377657353372,1.0856735132164943e-13,3.658600241820269e-15,1.3730359513923574e-10,3229709.350313873,147875.79682172512,8.688631627681187e-08,3868508554594.1055,6.001027425916705e+16,7.976927469583041e-09,643641.7755295641,282381759136276.25,7.391567516155533e-17,4.0223203822471056e-45,7.161460146805986e+18,0.0094867675128264,1.4544595770573918e-28,2.336978878768656e-26,7.147164205693653e-05,3.25862723672407e-14,0.0016506970289297,4.4011792856802117e-10,2.358588380896285e-07,4170.7502074034,1.3514981399660516e-24,8.626685219459512e-19,8.599841772073651e-15,1.3852409765269267e-60,5.321014244759963e-12,3.4194651033159484e-15,25.24975315191846,7.617527548585681e-13,2.8309801898767562e-30,3.558476472109455e-30,2.0163961989173742e-53,0.029756788672148,5.1968707440660425e-25,6.5923320505951624e+16,1.7943648410423024e+22,24969210.817564055,0.0057822612727587,687459860.3733078,1.304509895142452e-20,4.4145994739568965e-48,2.586698650392773e+22,3200742667932918.0,2.2352798246697287,4.316533383690383e-11,9.664323121907962e-34,3.7166268654133366e-61,13723.200744871689,1915166573.341283,5.227995297862417e-20,1.961258595923981e-68,6.490689605116731e-92,4.2475490448073315e-116,4.577080286094845e-17,0.1844890525100366,0.7133840393565688,2.7090974057968302e-24,1.0213973940425348e-13,3.446895402198389e-55,1.5669824261625522e-35,2.9956437821528784e+16,57119856373046.305,363432728277.78705,781207416.8274857,28125990.436073106,393584.8172006017,1624.255747048481,2.266509206141348e-38,1.0133401287047425e-13,1.665089160613759e-31,1.9092950404370137e-07,2.1173311792430148e-22,6.623860272728246e-45,113.3823982413849,3.39312133455961e-18,4.232906117139165e-06,6.767048301312837e-30,1653.7854158754617,2.16793682303002e-43,7.997278412020238e-09,2107405195484.6,3.3147639550771854e-28,0.124779611303372,3.3451972834244425e-15,3.532636034569294e-50,2.672748349963922e-17,1.2826579167575368e-36,1.4814043409002823e-37,3.8104592029522467e-42,6.088899053680228e-11,4.102653449376102e-59,8.808713662812916e-54,3.0911637991747313e-18,9.68544123636926e-61,1.0064061376639255e-35,6.692114996167226e-19,2404672.664339706,0.0,0.0,0.0,0.0,0.0,0.0,0.0,2.6839095570067625e+21
1435.8107259957474,10244.484415095232,11.895388752212792,7.440319738588803,11.806226266360618,6.745243675058219,9.96207577495414,13425713.38540558,2292522630366176.5,0.0002535175543279,721706974.7270639,0.0001007125032124,113881656441.25291,5589890686125.928,3.8369030282262136e+16,642207194092699.0,137414.211723098,7130979711115.759,9.691120974841778e+18,2.322456153873107e+16,5.167846793950264e+22,5.167846793950264e+22,6.126739224501463e-06,29489916.172594856,0.0017296992973261,8.100058239983651e-11,5.837113143346463e-07,7.951349346627217e+18,1605228088366381.2,138593840.49419618,4.966815387481131e+20,4.415714316806852e+21,272382616726170.4,5.167846793950264e+22,5.167846793950264e+22,748252809.213347,3.2492431413903326e-14,5.167846793950264e+22,1.9969742902558327e+19,0.2772259092783889,0.808278290738504,3727810851074.154,392595.8366751824,206931843.2704903,164709753667486.16,5.167846793950264e+22,5.167846793950264e+22,1.1213958526824852,1.7015455420888486e+16,5.167846793950264e+22,4.8389825696654746e-11,2.627213592393455e+18,5.167846793950264e+22,0.5221345281022843,1.3621042774430338e-11,1.6744699548285246e-25,2.048056252037576e-25,2.3833577686837365e-44,2148.938634672662,9.416601646132014e-16,3226506883525694.5,1.6804564561393235e+22,38869.69343708925,1.281612090549888e-09,676564435753.8881,2.9930358620552603e-12,1.855180747541542e-36,1.037762914123638e+20,137721941422.6383,9.258419631232597e-08,6.723616634431302e-10,2.853085969279041e-28,9.645891540120908e-51,0.5600716498192408,16.934074596362052,7.627353568926866e-23,6.317450989862902e-62,3.425552863930619e-81,1.1623882616855356e-100,2.3602047477052392e-26,49.199391421597085,0.490203566485059,4.810463634594912e-15,1.2885726885348778e-08,2.480426219648631e-40,2.1043600371960791e-26,7255931723566.538,109227154.11778024,5173.863732291508,0.0449912112992801,1.0131283353289652e-05,1.1876798084667452e-09,2.8066555236290703e-14,2.7681112178407846e-18,0.4564794111082018,1.2527657137055993e-12,87338.03124380429,0.0004379664672106,7.158721224583537e-29,16553000.90970825,0.0050044941160457,685033434936057.6,4.1366275184095197e-20,26024.48451550494,1.9919562437314765e-30,7.166172397895802e-05,6551915754.335983,1.0774373000810345e-18,8.592221926250117,4.150317234053989e-07,3.8902511736531794e-42,6.373224053137658e-18,8.134379731407406e-30,2.486879889479436e-33,1.416768909209112e-40,1.0195219512361604e-17,5.246692546575509e-54,3.7412279196171706e-39,1.1818791611955492e-12,4.2401142454140404e-44,1.73489843953501e-26,5.081442688434003e-13,78593.6685517427,0.0,0.0,0.0,0.0,0.0,0.0,0.0,2.6264866004410806e+21
2173.9720719623965,106636.79362265312,11.826918561879578,13.8155689627782,12.606973116143308,7.571719346270923,13.452794637089486,1251787495.590572,1.0534801075216436e+16,1.810904180360973e+16,2234.417090527078,6907575230.659503,6458316304789023.0,5256.709434202513,9544533226.451693,831782618.0111535,3005213912437.9927,69762161131385.95,241228.13428804695,24443107668088.836,18729861.63187532,101863243.48771182,35672.24524690128,3230836.427403842,6603381158.260936,0.0896409024400078,29.86009196534,9.24368314421684e+19,2.8118109794858333e+17,4.368761856264952e+22,146889240029.2131,424160904820.1981,0.0001443711313597,17.207808072020434,1736.9899486036174,37457801.39743496,3724620486299.163,1.810727321608895,0.0937637773495485,4061208.073430424,4.803638529906582e-09,0.0975085177348805,37317.426064179264,0.6053951874918783,1110116.8185099878,2.120935970488378e-09,4.4206216287188936e-06,2.972393425098202e-07,1177821.5273172136,2.1279747429417544e-19,2.1026663214284556e-18,1.9731913742433902e-16,2.7841384518666857e-25,13115635096.878777,15035068867435.33,107003552803029.5,124233079392657.34,259393755297.57065,3.539243300841642e+18,3.88928748387814e+16,3.858638434243877e+16,1.413649566583349e+18,75873119104.0744,611748.95174696,3.4606774111511107e+21,2.6302483309520684e+16,1.6748025556829975e+20,1.1521588274401411e+17,3303608528913.104,216.71925187275303,5.575664196496787e+16,349849453584051.56,3352341960.2092466,4251116552093.8145,1.736519044259788e+17,711947689672.4009,4006171.688718522,2695.412220966738,9.077041835941484,5006.672534104142,8.114507489635279e+19,4.12751287261286e+18,1.8769217678212444e+19,3.041329220990184e+23,4603565206256.603,2.582766786069634e+21,1.4957135504837238e+17,97168234187249.2,184052483640.42557,20134952.12256058,130778.48008716214,783.8413240351857,0.4482706112291441,4.5297455484258135e-12,2.198959823401808e-06,1.078939179969554e-10,5.0148299067224193e-05,451838.79866012174,1.1042747208669283e-14,2500.9807067086545,21746758320141.773,2.539369974037187e-07,6.12969271502741e-05,755263.4686834746,0.3461808918186175,38761852801.86179,6581808654.843306,4.98751070770349e-06,41.32433399753314,5114814067.235557,1.156633451188312e-12,0.0268063104525862,1415419.3921919498,233342183.01550105,1.1039009017713789e-07,443.4679149028482,2.5741735479013508e-06,8.870477626644119e-05,76184557.24021357,778.0273694463847,1075707876.0099757,1209.4252731602871,735156650.4122224,0.0,0.0,0.0,0.0,0.0,0.0,0.0,2.624449518251586e+21
1476.0520287089244,79379.00370370517,12.168688313735098,5.092332623679433,12.154255506302594,10.39282677732156,5.480221730115296,10177196.402131798,49697342438489.086,2.5477243678276145e-06,3504765.1829290497,8328.226338512886,270933708.9616221,271015067.7441557,1.85665498663389e+19,3.5487577222946374e+17,223185.84321536016,562492.8629341332,3860707880596.5728,16798006.94927091,2.130068695788229e+17,5.2199413280491694e+20,4.3408705334118086e-21,2122244582454.9373,0.3867753434786284,235.9227079508399,1326224.3552292068,33273150497742.3,8183409.50213116,1.7653249898850616,1131106692854806.0,9003146856627.889,1674187108.223919,3.2691081418556216e+18,2.5842382363377233e+23,2.505282084467147e-06,1.1084260275317385e-33,4.995028468430479e+22,2840.7507071044047,4.11726432078151e-22,1.0019650929083352e-22,346952930562326.6,95063.05485461844,3.119587648322684e+17,1664646.1111496692,9846417864316110.0,2.5307050899291115e+22,8260.892520283756,404.70170349771206,2023463187529350.8,8.115107783745593e-44,6.22297021504619e+21,3.224823539077071e+20,438403.21752254607,3.630942155651044e-08,1.7377925236197518e-24,2.116759521106112e-24,1.2634870412687318e-45,0.17572814025501,4.0659895109973983e-22,74539151765.36957,2.910662543677081e+18,292256676.66066736,289.17014466025074,382699.31601784326,1.252887487547176e-20,8.742357814375653e-53,21756109195736.957,7978711742992.296,2.849098220469295,0.0001325720337153,2.8475737944555643e-25,6.154390746635232e-50,38258.06577941837,1.3391059948690756e+16,4.2381139122277477e-10,1.1839333173451056e-53,3.186551550669301e-75,6.375823918312225e-97,0.001390277868007,0.0003599222368242,4.022053536267247e-09,1.5642631532575335e-19,2.73339424713626e-16,6.485931342987711e-47,2.07320545149418e-36,15671062.774113553,0.313482170782126,1.9578402967305744e-08,2.0469789577676958e-16,5.91990888256318e-23,9.31873850225694e-30,2.7903470966257416e-37,2.2107991355627183e-19,0.0012195758925542,8.690970555478153e-16,2.179873464075542,2.8614595234906896e-10,1.5946034575598049e-22,373213325697.8133,4.1898063562166645e-11,1248825807.582634,2.4679911078572607e-20,347.46139615087833,4.095504618989205e-33,2.846800242397188e-09,66315.74200934797,7.736534147625699e-21,0.0018984731900592,2.7496548017080277e-14,1.09071818024862e-32,3.895636368546894e-10,1.6930511792457742e-23,1.0721183727743453e-30,4.7765226192394645e-24,0.0083697310220299,6.930356287433402e-40,1.037202111322134e-39,6.257112811205644e-15,2.704355985338063e-47,3.7401988242107613e-31,1.62282777256891e-14,85.953430498143,0.0,0.0,0.0,0.0,0.0,0.0,0.0,2.432109031815926e+21
2198.0380567848824,79199.12997961226,12.128304289383404,13.857717917610191,12.639354571787338,7.578785316805107,13.49603121975469,2044915406.975753,2.5324248972554016e+16,7530394193597322.0,23997.36730196225,7849391153.629492,5.194639643894086e+16,110704.50547243466,130743850730.34853,11799469033.08223,12833046398054.748,377503397698637.44,9451787.084862933,253892307110578.88,1340592030.3279998,13466308095.476524,590931.3114272464,25032563.310105268,15654078314.605543,0.6555791200485053,204.64844855970344,2.154016961399201e+20,4.437304581878648e+18,3.099326018772277e+22,8259387954714.428,148836538579896.78,0.0116799746157493,2365.9354909310405,435637.16931318067,935475018.5258088,8822414359407.443,1819.6110790443456,31.929917361595045,131404013.45386589,2.524316558865124e-06,5.741759163379361,639376.0550461302,26.39101282085763,23228374.914578564,1.177041874863773e-06,0.0044052697268111,3.161435350833151e-05,49656469.716872774,9.200934015990754e-16,5.678161833408837e-15,4.884145103699074e-13,8.512252065678536e-21,29318703739.34003,10324027930099.32,23871211015168.93,27683159668191.805,20202662892.847504,2.7288517466819364e+18,1.054918778866625e+16,6.03454776319532e+17,6.269380609258935e+18,322984461000.9328,2271579.0827396866,4.743910414908812e+21,1.3886987205989988e+16,5.532562321327425e+19,3.445659459167754e+18,25771743493752.258,3374.2336714385033,1.8013238089628218e+16,39308691984168.14,139695086.18386686,29394699741211.223,1.2665763673701992e+17,197377823142.9175,144582.40014303307,33.77890027160349,0.0411896428943827,4058.312212011509,1.9864714434276285e+20,6.674991995784473e+19,2.407278934610137e+18,2.233384307637667e+23,232257419862.71753,6.456298152832116e+20,7.512021239012831e+18,3.3767659224783812e+16,442061336379463.6,326002291122.7101,14533243357.582413,605633079.3549383,2367627.13553059,5.846998284609876e-11,3.525180014326479e-05,2.6290982663674362e-09,0.0015396284150601,2452833.015965991,1.2167813173168894e-13,24886.877332171072,24094690152630.07,2.6015239218671785e-05,0.0002030258641753,2791494.369240372,0.3592326579106304,43146289051.949715,143965005668.8749,3.4044162665478704e-05,342.5734540184266,15115198083.30195,1.9140246656526642e-12,0.0491592057820877,488463.1327628596,36700041.714103125,1.246816262427939e-07,571.3954361448895,9.462770089393088e-07,5.08551354622864e-05,46732709.13191949,125.6147521685118,216358071.9883736,11076.83583217861,8411901554.7736435,0.0,0.0,0.0,0.0,0.0,0.0,0.0,2.2865321118833016e+21
1489.214117409547,6902.419060315409,11.990259614725458,18.09177879183369,15.212137660649864,13.61096035279422,18.048047404992897,2.094251572966072,72.03376942692219,4089805182106077.0,2.154367157645054e-15,214492.99737963657,3.325278435884086e+17,1.8910055096940224e-25,1.7129740799357037e-13,3.4140894338977834e-15,2.3393396223688127e-06,3.548308183307678e-07,2.8755393389102828e-33,1.1710251316588801e-17,1.654358638992937e-40,4.279671515458872e-49,6.217251746577123e-48,1.9538044903418217e-08,3.9483796864507026,4.4661499950795346e-17,2.321594132112115e-13,15132253044363.451,3699505392266529.0,8.844845663588123e+20,511.37367564892867,3671490146.729967,4.140034021464236e-34,7.729409539438566e-37,6.349602197404739e-44,8.20392955577066e-31,4.5388203834888535e-16,1.6595647931426688e-68,1.1810676602061908e-66,2.157636879704244e-49,8.248723474163498e-95,1.2939507471756769e-27,3.716866630811897e-16,1.7922261531225053e-23,3.734570980484706e-16,8.78604208884049e-49,2.324821977064149e-54,2.2673593138550644e-37,3.444838435033871e-20,7.49894595022574e-71,1.2748065478028696e-116,5.752013755233775e-62,4.444913323863167e-87,1.2884392173762578e-05,1191.223271348263,67878420.26958576,82573425.91906157,64011868.84102298,300188056.7840953,910296123.954006,102937170.5370898,4.463682882003609e-06,9.420844294513111e-15,1.7441577637066697e-19,660.9678533096287,0.0315467254262338,2.6532857279536477e+17,0.0330929500986123,2.6904936338095953e-22,2.444745579956364e-45,3.482250369143258e+18,9.673067080299743e+18,2910515727645742.5,866364219991676.0,4.498831019359688e+18,204215865459652.7,10405543764211.969,3600171021592.1167,977541733442.0012,11.642246997916756,3.357073852494758e+22,3.357073852494758e+22,3.357073852494758e+22,3.357073852494758e+22,1.7497399472144554e+17,3.357073852494758e+22,3.357073852494758e+22,3.357073852494758e+22,3.357073852494758e+22,3.357073852494758e+22,3.357073852494758e+22,3.357073852494758e+22,3.357073852494758e+22,1.4637296283367244e-33,1.3940283084205252e-31,6.250810174595003e-42,2.769108073495461e-40,1.5661221941791175e-15,1.9302177053112704e-35,5.349593112700605e-16,4128.5440376303695,4.725772066513752e-41,4.532243278734843e-25,9.704330984624172e-17,8.614919837758699e-17,8.694934280476403e-07,1.5847128168356698e-05,1.7106200231484198e-37,7.0587191900508194e-34,5.219523156642481e-22,3.801084198090936e-24,2.0477918697938858e-15,4164799.6032549897,6274892.949832865,2.334068958026033e-14,6.388034415137664e-07,4.040107539436279e-09,2.1110736813589438e-11,1.842401673686128,555.071854172133,132973.94712942583,201.22008954374135,18536.217410187863,0.0,0.0,0.0,0.0,0.0,0.0,0.0,2.2585530361684445e+21
1144.3794522841288,124200.12296991142,12.151008986500065,11.73121961265867,11.927331727660174,13.982825888943475,9.529015123275602,526.4484743598599,1299497310393.3042,24.883193845378234,0.000687268801087,903.341442746443,6267532358.444509,4.248723394331796,1.0100646434154132e+20,4.892593679458416e+17,1.017048897402014e+18,13074857193168.584,36135901.25021083,7.575444135255952e+16,2587384910794282.0,5.506813137024232e+21,1.646902303269291,2390000529.605089,824470024.3234484,48.14697977650592,3563911.555355564,6.877324718193013e+21,4.1325736490847945e+19,8.534958016761846e+20,101583155557922.48,4.776938537748601e+17,7.14389597084755e-05,3127419018.104483,3.649395627679775e+17,915364879736.3408,809945079.4167806,9.26823375152108e+19,188847748147.152,45497850372.02735,0.0018824841160024,70203849.01710026,224686258998.4546,1.4717562700049766e+17,96952314.35258488,3.14158454026656,15951463550.739737,173847472414.26498,1984801744307490.0,5.2870148427728726e-05,1.0931875874027076e-06,177708224272789.78,0.0246537607941949,3166069.2577698603,389829.19986598374,3.4241038429616664,4.3526706570949445,2.7564298800378503e-11,1124500792.544795,0.0201424443573524,182524738693941.97,6.013888408322134e+19,517290337825.2725,2039815304.1526728,8.649880057143093e+18,67.66372935145425,0.0640667016504931,1.1440010606433886e+19,1.6567380369158185e+19,5179023312.070953,408130747.1564639,0.0105209970491742,2.494917358804667e-18,5457033574.922843,7.709617528379483e+23,10007661.89442997,2.368100574843139e-18,9.642646598167158e-30,4.820063468371991e-42,26683.27813412331,17113347613.740198,10780596547.550997,1.8496131655231576,49589428448.13313,7.724641210160554e-20,11.130658982769258,180465009397898.8,35457618047.63615,23889262.92970462,6981.383536292728,28.588653602802097,0.0403999297032716,1.965568598328221e-05,4.0960021797057563e-36,3.2499014101302875e-16,5.3962158162182596e-30,8.884590369176576e-11,7.638083699709063e-07,2.468309961062453e-35,192183248.42227316,4319817.089910018,4.2783669682112885e-05,2.9704073381759555e-31,0.0038395409272279,3.0829771788310536e-32,0.089498326628589,2262037.6128030424,1.0795889731976471e-30,9.061052894753549e-09,0.0001547683345057,6.3010384648635e-44,2.706938150262372e-15,4.810271479268095e-16,6.584256760963799e-10,1.3741661329282482e-27,0.9234705710526244,3.446179618824003e-32,4.5482420897278547e-42,1.2992480711320522e-10,4.8715062410821874e-36,8.759803340917149e-16,2.88792710734522e-19,17.29294284208237,0.0,0.0,0.0,0.0,0.0,0.0,0.0,2.223456346480321e+21
1826.7688713431369,19492.857393709623,11.9415553980934,7.68846295684522,14.15497129892043,14.008228537074466,8.032642108876194,12.696701597949708,85.67313737404702,1.3106056406104952e-21,27435045755.72023,7.7287385688964e+22,827692.4736859924,0.0182223513475753,6.038361579034544e+21,2.863094781777828e+20,2.0739750230507334e-11,7.51528225936049e-26,5.847378681953199e-13,1.083587319457408e-38,4.3977984192949825e-23,1.922043472763395e-34,9.520475125386945e-110,7.728738626479989e+22,0.0370854084457454,7.728738626479989e+22,7.728738626479989e+22,6.628932359463014e-06,5.2583236833068307e-17,5.21336563972408e-38,401910955950.3856,12506.675638411294,10375010751058.965,4212468.924456457,0.0004250969359028,6.86156721871286e-70,1.257082806570385e-134,1.7338762141441672e-32,2.3260713418026977e-69,1.6880475608660272e-131,1.2489432748757391e-138,7.728738626479989e+22,2499.058411517678,7.728738626479989e+22,2.254270778701264e-11,4.488898147845552e+18,11684194280.570517,3.531388527379008e+17,2.2165528496943835e-35,1.5182444118362094e+18,1e-155,7.728738626479989e+22,3.534849990031609e+22,38937768556.72568,6.291202290079602e-22,2.4064588226904618e-56,2.8491012168708453e-56,8.986071012099426e-95,1.893921018684401e-31,2.79738638001269e-69,1.6076751190763076e-06,9.266019483631002e-09,0.1055246154706518,959302681.9713331,2.855973810677681e-40,6.076683557439703e-82,1e-155,2.0980471588020633e-18,4.2212184509667705e-12,6.1155975754096756e-21,3.346040157304744e-05,3.4347674658306062e-43,1.783275036261616e-84,7.80053571966538e+17,7.728738626479989e+22,640667.8777138707,2.699772115527522e-72,3.106823454615704e-111,8.473494562676818e-150,7.728738626479989e+22,1.7146262470975306e-25,3.448579551136042e-35,1.7764062670570294e-53,1.3689371668547688e-56,8.414339344546708e-97,2.77711687905592e-94,0.2016414223788838,2.3353619475529234e-13,8.0686364778482365e-25,2.4755153175484018e-37,3.308497334412522e-48,3.2826157955664813e-59,4.1327969254566216e-71,0.0460922402091339,1.2805735413313312e-06,5.961259166941794e-13,1.2049003871497462e-17,9.345657994369425e-30,182461436340.20453,5.921814807885327e+20,5.5538874436878925e-55,15003.19451692066,3.856106260751599e-17,1.7384948369260527e-16,2.15971139535362e-48,1.751997737380425e-46,3.928200782878072e-20,3.7391877739075285e-31,2.6085908090407293e-34,4.6519451794440236e-61,383.00265810578753,3662.982724146209,5.445105044529682e-12,3.3100972969664784e-56,7.728738626479989e+22,7.728738626479989e+22,3.4948524589343655e-10,4.9138503812494695e-40,3.203985712973581e-37,2.7263916481808375e-67,2.04637032272431e-71,0.0003279964242192,1.0269206539695396e-08,0.0,0.0,0.0,0.0,0.0,0.0,0.0,2.2173422870965212e+21
1196.3170690411025,124773.71086661505,11.947356741554724,13.339851853150956,9.217853830471023,5.337225235428648,12.871757109653483,0.6142198881944375,127505558.44095355,3254979550445.8667,1.1551597048045844e-23,0.8100976323319369,92.37310855528922,1.4850898179036527e-24,4.6003665035999527e-10,2.904934337100291e-12,0.0673075023319168,0.0156793268350062,1.7819023792016372e-22,0.0015903449591586,1.5477393326662254e-19,4.319242903019315e-18,1.826956272287683e-18,1.1586760317797129e-15,4.948335336661635e-06,4.966226038531505e-27,2.230708498362598e-22,111620559967.22676,2.559279690503101,1.6467001724238823e+20,9.785308484218774e-16,9.487506545461372e-21,1.3678508005797517e-45,4.1863891867088834e-37,5.7676681081588094e-34,3.6745003494950203e-19,0.0560123317247446,8.599955977166366e-41,4.6710720768496225e-39,1.9861053825807642e-19,1.9461467594387505e-51,4.0035747426054815e-38,1.1188504528251982e-24,2.8734883474800852e-33,6.446184442478474e-24,3.4737356105450255e-62,1.9681647280146944e-57,7.32854719788933e-50,6.648443964395846e-28,7.972773670984116e-88,1.6866517216773092e-76,4.2651579584010087e-78,2.5554072934398404e-106,0.0612428148005329,98106727.40719746,16749593323172.275,21116535933299.727,4508141246830.798,2040679640608685.2,1312826645058486.8,53.03532077884898,78968610726.74724,0.1677025989921597,7.748585835928133e-08,1.5716408404891586e+20,86289584144126.03,4.400072829330711e+22,57.10854249024809,66.40821470312909,1.5743971122223355e-16,2697993150917887.0,2294222671164895.5,28396147932.4765,0.0086871928716961,8320853418386622.0,6824976396.178763,3033629.6502709384,387939.8137951063,8648.122703676037,2.06580405303168e-07,3085433992285.163,6327.799293340487,3.2795366124782024e+21,9.687189265587493e+22,11366907363289.943,6.01321889200956e+23,0.0056926925999836,5.099233149146882e-15,1.5349451109434314e-26,1.667734387944906e-38,2.894944672751261e-49,1.892560991221781e-60,3.801616814418127e-72,8.977753256866478e-51,3.4133000001372654e-39,1.866418324543101e-49,1.7212065976514166e-38,3.023603758828273e-17,5.508024982501985e-54,1.8926125257355143e-20,746.1593425593625,1.4936468452621249e-49,1.0632093341622989e-29,2.9503529632447816e-10,1.7017258354947503e-20,79.18917318447741,2.6295457244200477e-10,1.166614538965288e-33,3.966885436869045e-20,0.0038802593114263,3.1267226540604587e-41,2.7370617148059696e-21,0.0001712007433847,55280.13963209053,1.295904044113588e-29,2.2128102314487734e-11,6.3845546975753645e-24,2.180990780656277e-25,0.0097411943139389,1.603360915248587e-09,1407.2137230287076,3.703160426312344e-22,1.1128289194806083e-10,0.0,0.0,0.0,0.0,0.0,0.0,0.0,2.1418272795636015e+21
1305.5131957743556,99348.77377696308,11.953282893206753,5.915611566773328,12.631000077523815,12.310852537777212,10.207558717739763,2874.349510995472,10759999925094.3,3.9486560386375515e-06,596.4943791706106,75098.69790668892,910773110571.6818,371192.6679644068,4.388281486844325e+21,4.5176828904624054e+19,13613409778.056429,5800922.279841916,105402308101.51428,2075532866.4095595,1.6420604396733907e+17,9.482409656824604e+21,6.050603217100352e-17,9850492841264.562,666.0525309749618,277688.3889043804,4976421857.335272,823836492400646.8,15542451851904.977,17847.39751453007,1.2557711374544364e+18,3.222280542693692e+21,25630.65159174708,5098779036638345.0,1.2016858720933952e+22,0.0048850410870177,2.3036161118747493e-25,7.372978096443476e+22,260425.73699455615,3.6329752441210806e-15,1.7880705902483514e-18,131791641131858.8,30554135.33945145,2.142607658529047e+21,183621.52976556623,67210414226.13192,5.880007639114847e+18,691132474.1859763,16347.109437266996,787890736.706562,3.0432723070831575e-36,3.819034932326297e+23,36244329043470.125,29356802.06920769,0.0008130413121615,5.045243792182856e-18,6.264693242329054e-18,1.341330858546691e-37,5.6725570169614326,4.1009532241040424e-19,2291876203566135.5,1.42868931156276e+19,261235617560.7121,264190070.05382505,549155730.8394054,1.1675490228493054e-16,1.0521517326970679e-38,8.401832793621621e+18,1.922628765159006e+17,39325364.32169808,1.5147476011705936,1.2380527468816345e-19,3.4445724724811538e-43,160834676561.3268,2.5350417792779254e+22,0.006639562150901,7.471179337292358e-44,8.43072368428752e-64,3.1560057039427657e-84,38943.68318705066,468.96904327319834,588.8070336286718,7.40675370638959e-17,1.81886711338624e-07,1.3528315890994094e-43,7.859332793549352e-26,1.5834270057158144e+16,16165694730438.33,53568433386.227104,45658676.85051456,791945.2295692678,6081.448310635926,11.624904364833473,1.0503388677500103e-24,2.5882713594350204e-10,6.349281968407962e-20,5.034844276476841e-06,2.0185973332615983e-09,1.085576233888994e-24,29773215377.70402,2.2993962188488912e-10,423.9694646149485,1.3534789902129546e-23,0.0554235558733355,5.107221083620295e-34,2.0458249674088063e-10,7307015.07583184,1.4293962129832198e-23,2.313562920550791e-07,4.2817173549805605e-11,9.423873267179591e-35,1.1057177915313176e-12,4.2623080760961676e-20,1.7956041369582804e-27,2.9801978369763544e-21,1.024674597396328,5.448748751330852e-35,4.026891085881114e-42,1.4798401091860237e-17,1.5717834885995616e-46,9.26229785728662e-32,3.921693406007535e-12,832.0980796637779,0.0,0.0,0.0,0.0,0.0,0.0,0.0,2.1301583074644355e+21
1409.5037901070543,7511.275240007966,12.026682907449022,7.705671995550475,11.944569729854834,6.921200439308397,10.01212429710755,5322333.273687622,1616205161373076.2,5.354402726207555e-05,452359269.12064755,1.9144932415654508e-05,46445686668.717606,4200371724238.57,2.3314864031935988e+16,356334010258436.2,37372.465331139865,3936875304309.013,9.974782253766412e+18,1.6294957011899554e+16,3.8597941689185735e+22,3.8597941689185735e+22,1.3261253380898233e-06,11401548.3676452,0.0003156285063197,9.713615382867396e-12,8.298275923277554e-08,5.657330964169686e+18,736956111175204.9,47200687.27752281,3.859894700309182e+20,2.734107300153144e+21,268718795523835.47,3.8597941689185735e+22,3.8597941689185735e+22,349071870.9138743,3.2533244058823762e-15,3.8597941689185735e+22,2.340233811730637e+19,0.0686241866971611,0.3165810198976095,2236200789133.836,125490.95432175483,72063964.8652146,118569805293275.34,3.8597941689185735e+22,3.8597941689185735e+22,0.2501070304779239,1.2934348072848924e+16,3.8597941689185735e+22,1.1471875440668145e-11,2.2983673846794217e+18,3.8597941689185735e+22,0.1176095460406961,1.426513664306315e-12,7.092516989087397e-27,8.699423535146182e-27,3.390191458267541e-46,625.7798303269971,9.000484784254517e-17,1607657546021890.8,1.6539525708165669e+22,11306.840499984535,1.4191282033572746e-10,303619444576.81287,3.499593366573846e-13,3.212177827089501e-38,6.617765159982955e+19,57354540256.87832,1.1892632177891429e-08,7.228196896558802e-11,1.036284894434476e-29,1.0091884356659648e-52,0.0895919542765859,2.6798712137072043,3.258711530819019e-24,2.5528129784812597e-64,4.741813194371338e-84,4.897379788474042e-104,7.631200882954252e-28,9.534939926725464,0.0648543243751936,4.662164458817462e-16,1.2355314088071872e-09,5.916768021042888e-42,7.232147325994487e-28,2334592464747.0815,21363532.97184369,618.5561086863202,0.00350205346001,4.907915862676567e-07,3.473457477428236e-11,5.155649596072681e-16,7.785217642957424e-19,0.14116626393937,4.645865926135816e-13,33867.191905644846,0.0001735402797432,8.055970573982875e-30,4642270.161324431,0.0007443541716827,508943610176710.94,9.19841156001019e-21,8378.945432229772,1.9465442199494496e-31,1.1211272716018376e-05,1881636897.667462,2.5273453132142947e-19,2.3466365522861152,1.2626465034875282e-07,2.0221689300743986e-43,4.883207750503409e-19,5.3153110851773704e-31,5.25946804727752e-35,5.241157373383093e-42,5.1541456537015965e-19,7.816624129708298e-56,2.488258024722771e-40,1.2686718357640476e-13,1.6343832712557496e-45,7.301600383527542e-28,1.0685705334956125e-13,17884.19591604134,0.0,0.0,0.0,0.0,0.0,0.0,0.0,2.1134063473789423e+21
1854.730891219083,3776.1565163557975,12.076117209959524,5.695215238582311,12.000017388576907,9.19524130235383,5.080558250707952,2086443204.275365,8.81667504701005e+16,1.8966931348191551,805678481070.5884,10809.39848736788,2826765974.1172714,393705412977333.1,7.295967901751978e+18,3.664349859139824e+17,22566326.68119858,1066262511307.0358,8.534968728273252e+18,109106184488027.7,1.4746392827878108e+22,1.4746392827878108e+22,7.474469201905515e-07,2324456954606.2056,63.00396606622123,1.894591923356195,1757.4231602685693,9.693033782112211e+16,1972145923.5819423,659133.1575129774,1.992147182250136e+16,1390759803109.205,4995587845506558.0,1.4746392827878108e+22,1.4746392827878108e+22,106355.3725678692,1.5148157051384693e-18,1.4746392827878108e+22,253389784332905.1,1.446699517008117e-06,0.0001007639349741,5920229643560768.0,65103223.12402112,49283606272867.61,7182757048980.673,1.4746392827878108e+22,1.4746392827878108e+22,12407.50315962488,80909351651.0547,1.4746392827878108e+22,1.1949499197716603e-19,1.4985655450214207e+20,1.4746392827878108e+22,4031935.3129638233,5.726034473184857e-05,2.107265194688608e-18,2.490329687441909e-18,8.51892099876763e-36,184243.59427934713,2.985341544823706e-12,3987698810912.499,6.358376539553632e+21,7664874970.0030365,6.295274010030486,174171477710.56433,4.712742458879308e-10,4.318829895072219e-39,3673658460170705.5,201729037437551.03,24.971270234583333,0.0036276512038923,4.0104793702442554e-20,2.4870658104496498e-40,235.5559219977919,3392936749.35156,6.1081351634613086e-12,3.366350716641722e-47,4.149463077307825e-65,1.3026704263464511e-82,2.2200521561510443e-10,0.5072767542967364,2.5186813061446066e-07,2.2764253243532254e-11,3.4234938220007336e-11,1.4206520214326577e-33,7.213832092370454e-28,1550087.9883860236,0.0047755301606702,4.378366823344536e-11,3.4234798504817494e-20,1.2004052163264024e-27,3.188257449190961e-35,1.0466128413614265e-43,2.477888485554605e-08,5351.684658029402,0.0002217469809733,35819729.247484386,1.8034397841749,8.568474981057014e-15,128421995571.51424,0.0010779729111884,785485040059972.0,9.086884289784247e-10,26735067.96875005,4.627419858244347e-20,0.0229719593383036,12513173.19030605,7.032203102944249e-09,36776.982640351045,0.0033002967897658,1.343031889090413e-24,8.287657749870287e-08,8.909799800911776e-18,4.9513827462439245e-25,6.113707603901706e-22,4.137372546389868e-06,7.162541627180054e-35,1.630003946800806e-26,6.474033168083908e-08,6.902258394917007e-33,4.0472377871949355e-21,1.8770300796642042e-08,4614.787935192004,0.0,0.0,0.0,0.0,0.0,0.0,0.0,2.075488639022533e+21
1412.5175999052858,137583.74680597184,11.82099781249475,12.725667320660644,12.527397928725286,14.343342192950027,11.610445741796305,771652.6255526778,183089912921534.0,10364849.233747711,3.9416654766155057,10526244.169235889,66081246545630.25,3897.608529975592,1.0049231172871483e+19,1.5522214427968957e+17,2.857038500469918e+18,611593083759162.5,970484295.990033,2.6774752228347725e+17,1054685318846330.0,4.7833527155301335e+19,47742.30702737081,47626388317.449715,232400151057.03943,21072.441844129185,176487561.36326432,7.845276633703729e+21,1.378347003014618e+21,1.1518845947206336e+22,4204066514685541.0,3.918906035539252e+19,0.018328237129184,1096293422.7497227,1737926603777245.8,8016477522320.09,2331501745238.756,4.296786830658196e+16,35360337325.87216,3241647449771.13,1.038334194815065,73238410.26565814,714306320671.2902,1139451724777115.5,1354994994.4634466,1.823232629582231,98458657.09569712,5551429471.65378,195759048048045.47,3.1077066977485e-06,7.086060503790175e-05,2222978822.6172657,7.1942049715946646e-06,6895554818.824023,14768672928.838816,13178063.040656624,16158422.674758485,0.115521813624638,12691652082432.416,335669.45459751115,2.43044873087929e+17,1.96022082744347e+20,69987550585839.42,445446229117.424,6.368563147829694e+20,138661144.29300448,531503511.7929635,1.0573337701446332e+21,3.7032620540355035e+19,434018336120.6755,6859411712406.185,180227.94379142096,3.2768985276180733e-07,64415045827425.64,6.821159223624449e+23,156033213692.07773,4.1963425619531387e-07,1.4261876522190029e-15,2.7324998822274973e-24,105900723.51801588,2389403623591967.0,2.1776397913972052e+16,15960454.34173896,5.427765836862586e+16,3.8516643768460916e-08,5782676425.782991,4.376283516583418e+18,5.438862812032627e+16,2137335415508269.2,16303600833967.611,3094611944154.713,297684431338.78516,5978073382.592494,5.720843943295214e-26,1.7385717308246078e-10,3.595479968003178e-21,4.41869140134043e-06,0.2152516318467803,2.9845794743269537e-25,2620531457.073007,26042192838.759254,0.0046706002593772,9.15588805292216e-21,135.372813906933,3.443870127722886e-20,31820.763064358136,39485586917.11094,2.719165494187582e-20,0.0042033494256829,231.52732812535805,9.932952887118775e-31,3.885226074028423e-08,4.106100694936243e-07,0.1268155926499508,1.213784892430808e-17,19505.16784713295,3.2503783965291854e-20,4.2330100739333055e-28,0.0034591255555499,4.7852682850718215e-22,3.5858911520127126e-06,1.2615390273369354e-09,3545268.9560944065,0.0,0.0,0.0,0.0,0.0,0.0,0.0,1.9958244748156076e+21
1131.4372444935434,168749.66636539236,11.988934286410563,10.037391680115558,10.928219905293512,13.917013654771104,13.539355338756058,2997.322782426786,589796633359.7473,52.80633212442091,1.6150919623436869e-07,570.2342226063455,12383811904917.652,0.0006820135513929,3.1215067620516964e+16,140999754922068.38,1190321008498582.0,11625278312.091751,4388.67148306807,48146408028384.83,247405722111.8014,4.061534091164309e+17,0.0010559527633048,876914.1526168475,1195215.6713592557,0.0162961241600401,1376.0862722535471,1.2501438356135383e+19,2.1199122150584313e+20,6.195634718707299e+18,110976569588963.6,1.7320157388340734e+21,8.019032136215233e-12,319.59708453438486,29577258482.64448,1014003.2306633588,13577.221730071871,3233504643615.957,21267.682429937548,77112.03544696434,2.2751053302720534e-10,12.20425713314516,169164.30753339807,38189201316.22298,60.10374020210682,2.0140200844276023e-10,0.8233302707475566,76.11482785121699,3045880.493296873,1.5448984351438174e-18,5.078437490370274e-19,10.676534411642626,3.9317321138320913e-19,1351988.876336073,649029.9539071281,19.999615782353487,25.47873393521149,4.896051789673198e-10,1813351016.5154264,0.0969150072079242,2.4982243404414906e+17,2.0938057274188665e+19,159705851306.6143,679774483.9528985,1.1550687642569564e+19,225.99894154777857,9632.230141767825,1.124749769636107e+22,4.007067667440082e+18,684976871.1549374,1166539773.8845048,0.0917618555085414,5.885150680463215e-17,11888811491252.072,9.565900657576524e+23,31931457.66503509,6.093528144227762e-17,7.672116067463793e-28,1.081017774174946e-39,22174.904602897423,133983994558877.1,2.4831776626432128e+17,15.138111533907187,1588582326221547.0,1.5129756951651272e-18,1139920.250544495,1.1715000048572366e+21,6.197198415163443e+20,1.130323552735062e+21,9.385939858051813e+20,1.0550208789774005e+22,3.9993658175852865e+22,5.3782680954730665e+22,4.500786168436182e-41,5.123416379472575e-19,4.3555325350527736e-35,9.871339794813292e-14,4.560917063593976e-11,3.0375948536713297e-40,636004.760904989,191326.8449663809,4.456381807877678e-11,4.807179155750328e-33,0.0110151154842827,1.859742353456033e-33,1.0335744467039654,23353914692.60516,1.0818149957864328e-32,1.3616279879444748e-08,7.887160080359742e-06,1.2708322053000237e-45,9.81207501874291e-15,8.115899562022164e-17,4.3768071119276266e-08,4.8299123481836915e-29,5.504014710860798,4.237742801553734e-33,3.4372411208196214e-43,1.892223582737937e-09,1.6986116982632527e-36,4.3612783294599525e-14,2.96820204772462e-17,251917.9876100161,0.0,0.0,0.0,0.0,0.0,0.0,0.0,1.9726105872054024e+21
1321.9461602501824,170535.6739623392,11.972078327816234,13.0886059736047,9.32286831754514,5.388211455533642,12.667807700806188,217.68978545645135,14108122203.78703,12480209771375.37,8.631877328617288e-18,119.55254833386005,724136.7803045437,4.7724285289183944e-18,3.107891726874044e-05,3.419797048168562e-07,175.6766690565451,94.5547575663884,1.0921563394198498e-15,28.79346895818902,1.3206124520985212e-12,6.035373966095519e-11,2.064918951237762e-12,9.579207873402896e-11,0.0113456126924431,3.0001017188991306e-21,4.744936471554019e-17,10991999351671.229,117657.58325673328,4.128478866483661e+20,6.3972175602340845e-09,7.98032997472467e-12,2.7329729604610073e-36,3.675295793246774e-28,6.681762101772869e-25,9.46837911689692e-13,140.90170385180068,3.494088050410523e-30,2.6203411400105065e-29,1.164554794920776e-12,4.173369197172902e-40,9.533408676465986e-30,3.544151559914081e-18,1.088178873579189e-25,2.4925330339953434e-17,4.447648231516143e-50,2.9599601265160364e-45,5.046809978783498e-40,2.2128491640406454e-20,4.029464660800371e-72,1.1037473393547677e-61,1.0408495418935797e-63,1.2042340435140897e-87,41.890413855573506,2055907917.21328,25024128765826.684,31008358440354.855,1495332321742.4187,1.438370102704758e+16,2377905291580299.5,1597064.1790513296,14892441730381.27,313.67173077125307,0.0003033588920586,1.0295078884201072e+21,592533067388125.0,9.099326883014316e+22,4958350.202108284,180061.52094962192,4.1657892287333386e-11,3703528613249769.5,677655276751994.4,4740601916.522982,119.7178019882734,2.177465690991803e+16,15039718625.571596,973148.8534945766,24312.8623316342,219.8845548795593,5.043981960088884e-05,650434315789598.4,444890180.76389,4.1897857490003185e+20,4.270817226188578e+23,2160215761495.0688,3.954687440977554e+23,6170.578157354775,3.7355205721834175e-06,7.307288827533445e-15,3.5108323444150386e-24,3.547682231962299e-32,1.6226375339183191e-40,1.7950141554148648e-49,7.098144406767918e-43,2.420268818560932e-31,3.5562182290585156e-41,4.0527947115036964e-30,1.0888923305487853e-12,6.7678457827700185e-46,1.4109360385036824e-14,375980.1023865749,2.1436049144607e-39,1.0728936541851948e-24,4.9694140256320346e-06,7.481160979888167e-17,31495.400423680578,0.0002938814057739,1.1055263131486911e-27,2.3741266994454286e-14,2.811209864183424,1.0069904017350733e-35,1.3190384093960035e-16,0.003897034567361,562482.5724796836,1.9271684006325312e-25,7.81908185666507e-08,6.931677344610525e-21,7.703943692943612e-22,2.9574440651780582,4.5362528322858244e-08,37171.370320209026,1.315306471847776e-16,3.907008763818286e-05,0.0,0.0,0.0,0.0,0.0,0.0,0.0,1.884272298351774e+21
1121.9049334839328,100858.02636534104,12.09852942669462,13.19125324312815,9.434443360938054,5.344379923696496,12.640160626563834,0.0047397364646252,6396546.499440953,3627760220247.537,4.265931955940199e-28,0.0121024443537353,0.0041848437923139,2.656050189556601e-29,5.9631890127172e-14,2.55589564306781e-16,0.0002413895767634,6.394853732828425e-05,2.7211659930591885e-27,4.04056768589116e-06,2.5165703509474307e-24,6.673692775035077e-23,1.3424701302262389e-21,9.706581249611012e-20,1.4499189728395602e-08,5.091276063049408e-32,4.746524983013905e-27,5994011690.049868,4.489963264968002e-05,3.281764118193161e+20,1.8838288928778425e-22,1.4670577703252666e-30,9.532363827676646e-53,6.951042375004705e-44,1.061153262842368e-40,3.9545493201065136e-23,0.0062123536207039,2.3738762648135335e-48,1.4700742155239714e-45,6.229239442753909e-23,2.495568371324104e-58,6.043285675897182e-45,9.835387446760978e-30,7.66195631410356e-40,1.0070093592599903e-28,1.2321954983934685e-71,8.404282508182968e-67,6.92481748156268e-58,3.086196159627947e-33,4.10734547408379e-100,1.4352756356259864e-85,4.387325135994224e-90,5.200260144428429e-121,0.0004199975782899,21875797.22762846,67564594079698.125,86215916118774.19,148908162101866.12,1989840738265709.5,9437796112430050.0,0.0012579159767449,3653013451.2092505,0.0007633959246698,1.0320018810690156e-10,2.159629665649792e+20,328462817175175.56,7.548607236581408e+22,0.0008672071603617,0.3130450953521023,2.0021111025358617e-20,3005639115157529.5,2.133882256475192e+16,1128207379400.5254,1.2964898453554332e-07,1011499974127530.8,2679895345.197464,37395731.46293513,42922824.58403322,5143005.022472905,5.203521768842051e-10,4972468871.332621,0.0042001599865128,1.1191517808116448e+23,6.633042119978139e+21,841078660887929.1,4.4489773906563985e+23,1.9602560359707688e-10,4.421582505595087e-26,3.4530325058399384e-41,1.2731630909850193e-56,6.191608524127374e-71,9.980893365753454e-86,5.83739713296864e-101,2.781811539496919e-56,2.4202771709290652e-45,4.1919101035290645e-55,7.038487038005045e-45,7.706335047211755e-20,6.130129830593624e-60,1.572699484670355e-25,16.87822308593685,1.2089091206710098e-57,9.952277311127848e-33,2.0431988000639977e-13,4.0384791802137543e-22,2.130549924785135,2.2967285044527507e-16,3.0674462277916675e-37,3.0506765208399332e-24,0.000581609481417,4.741127603183349e-45,3.3138249312891377e-25,5.829465118027064e-05,20035.485862379883,8.201379049434259e-33,8.099058274563889e-15,7.197750035443241e-26,4.5032848064821e-27,0.0002365033933713,2.740091971241741e-09,535.8007574749705,2.542817728013145e-27,1.6344995548573216e-16,0.0,0.0,0.0,0.0,0.0,0.0,0.0,1.8694140242623484e+21
1623.4339739000368,202573.19002505965,12.0010919236489,11.274558712932986,13.476024226694149,13.939035838003106,13.7804906850254,1883698.4422867745,1598238569723472.8,3055502.4102246966,230539.2079668688,1723244925.323809,1.4239286185214836e+16,46615571.92612589,7.034439210873441e+20,2.0666034991328256e+19,2.9176265128019514e+17,319147617289292.3,923134504846.9236,1.8947284568611256e+16,5.573150291206893e+16,1.6956471225646272e+20,37.76474105308888,110377086818333.8,542168235887.8563,252399045.01508307,635693244973.7948,9.20465846981731e+20,1.372025859098019e+21,1.2314653050872998e+18,2.0342409871976387e+19,3.6180559356716297e+23,93236.57944483952,81792677614893.92,6.842425690559269e+18,110265906439.70676,42024.0352841213,1.4853367596291983e+19,78831944763.94687,10735451.835708093,0.0146798348609913,16472197871129.867,68222117741055.54,1.5673868783735757e+19,318125539745.94525,151515748.8772533,372651015860429.44,19200147788356.8,335187462552336.75,36859.59936992922,4.050787798148298e-09,2.122596468937582e+17,2227323.5850512357,250106422510.05112,596744287.7080916,1598.0331944763452,1920.6381576112076,1.5669250311338156e-07,283485849546.87036,98.2502421746653,9.350762976482376e+18,1.1864825634717865e+20,306306737099465.75,2365609029522.056,4.912832092369834e+17,7204.435864361669,0.1915216487823106,5.239571833996098e+21,9.460939740272228e+18,442543619485.781,311949381870.5774,87.5365904109048,5.284214498296152e-12,1.3549355406465204e+16,5.2974517239645984e+23,6354571296.103778,7.389391469541936e-12,2.451645073019881e-22,1.0515740045644167e-32,8177762051.430195,490770199859390.94,2.5328775966274196e+16,5738.906998623566,8010627822827.955,1.393397281626069e-12,6019.411868929657,1.9155943912222464e+21,3.0698998860153074e+20,1.500620507417223e+20,9.104102448022248e+18,1.8926116459781186e+19,2.476707659264097e+19,5.100815990386057e+18,2.8071154956956835e-16,5.214609271056008e-06,1.8357009837711184e-12,0.019499879963334,340.37225443772707,1.2427546176916154e-15,203454358591.964,3372257.597081975,610.3226091843318,8.121001240084514e-14,1046.6433389832882,5.047187284033983e-16,199.4262197827147,257113290714.0983,1.2198028331356722e-13,0.0769171429801705,596.8065573757956,4.538584125940752e-22,1.363553655259692e-05,0.0001827671979623,9.787606065564146e-06,7.986140063377325e-11,168385.2515194203,6.622215951314544e-16,1.2824903891687305e-22,0.0004237577948078,3.3862814933990477e-20,1.632590155749424e-09,0.0085244838936892,164026863.37441915,0.0,0.0,0.0,0.0,0.0,0.0,0.0,1.7925579632377274e+21
1411.1232653324948,8689.829719168256,11.940833039160651,7.426649207877376,11.831932388528951,6.9533069978675295,10.011609034459545,6849814.281390226,2094696082286484.0,2.2178097891923663e-05,438869851.4214668,2.9503695068169645e-05,60004221012.73751,5108816487286.165,3.991155621697165e+16,613472930479369.1,25281.20599956587,1834353801089.2417,1.5083121524384674e+19,9483674133356064.0,4.4602893306073386e+22,4.4602893306073386e+22,5.019181174041789e-07,15834973.934089286,0.0001726489849921,2.0162003376027968e-11,1.7041610370504517e-07,2.0461116775511729e+18,334587581997768.2,6717646.976716672,4.512489943230696e+20,3.959772399550172e+21,238755458205470.75,4.4602893306073386e+22,4.4602893306073386e+22,73787685.10174094,1.0692521020100041e-16,4.4602893306073386e+22,1.997982737414219e+19,0.0091184035600243,0.1748892169984021,2846775613216.4014,62444.007131541686,131828336.75504088,40374874079535.23,4.4602893306073386e+22,4.4602893306073386e+22,0.1665662106279426,1553997882429891.0,4.4602893306073386e+22,8.197199299784173e-13,3.523151554411498e+18,4.4602893306073386e+22,0.2273863579920441,1.0872823814267797e-12,2.149817416173267e-27,2.6364218853305764e-27,4.1344510655029405e-47,322.1162518493376,1.866697194238225e-17,2600741083676032.5,2.661866108050037e+22,27278.488247007645,5.051607708108088e-10,192872580577.69647,9.087734046669565e-14,1.6212424379863867e-39,1.3366471965129908e+20,171553061045.33533,6.743270144322094e-08,4.3378179741623576e-11,2.501211078419564e-30,9.894853060612171e-54,0.1704602270178952,5.802056340577068,2.8776877168886668e-24,3.689698512222811e-65,2.754014982850735e-85,1.151474684396585e-105,2.534636346548099e-27,4.849614793593387,0.0412618505317616,7.619108689650314e-17,2.4677262453172124e-10,3.9668691307447525e-43,5.78803267436295e-29,3738814774775.0767,43109313.871225715,1572.1734715438856,0.0111673697661116,1.9690600721510725e-06,1.7566454202465938e-10,3.278606950864345e-15,6.538980216328809e-19,0.1738658401993627,4.862921860075335e-13,52146.69495246005,6.797351948644676e-05,9.952489630978517e-30,7989720.356896367,0.0001355187547472,559053585196702.1,1.0551471073437516e-20,13853.114847443496,8.83375486479724e-32,7.287201629828857e-06,3826884414.758739,3.6637407724263385e-19,4.970425325549746,8.58020142136056e-08,2.7829156145491033e-43,9.675185311452526e-19,2.709574428738198e-31,1.5949164362177323e-35,1.0233402459646712e-41,1.455727941279967e-18,6.071027524537422e-56,9.122808337016331e-41,6.65865702619958e-14,2.3299118826209584e-46,1.5269972515987504e-28,1.1848030931128212e-13,29106.642864954465,0.0,0.0,0.0,0.0,0.0,0.0,0.0,1.7296578996455216e+21
1421.6873780885824,20385.628288393433,12.019909535275456,18.078628623769497,15.177511748556554,13.65175082195368,17.936005903514314,0.1760090386854495,3.2839316940229915,3059820541476216.5,2.724416672915983e-17,58759.3743746669,1.911723867978794e+17,4.009780454905162e-28,3.4703030327695536e-15,5.5341813447549604e-17,2.237181899271822e-07,1.1987425618357523e-08,1.4181028940489176e-36,7.65266805641345e-20,2.1500548292228632e-44,1.3731572891397218e-53,8.873423981962078e-52,1.215258984752285e-09,1.3197944770533951,2.527172929598187e-18,1.9937579423480175e-14,8867016430257.547,3835924236918241.0,2.8832201127163556e+21,56.882662730360025,1212400316.543089,6.336293702452431e-37,4.948847300562986e-40,1.0915022757581167e-47,2.651769100211938e-33,3.8705051341901175e-17,6.202602101416672e-74,1.2457847771431505e-71,5.763463516309961e-53,2.312828867138838e-101,9.394171493273837e-30,1.9541052644627522e-17,5.511718357228165e-25,8.946045715483037e-18,2.902427707615283e-52,2.165683107693486e-58,3.1491463765429675e-39,1.2715346607498161e-21,2.5339409647007614e-75,1.8933573894924358e-123,2.6768866511506e-65,2.762957185401645e-92,5.752894128020983e-07,275.6769569175745,57798387.70581565,70799894.52924551,127085929.55599771,53094517.05789422,355065567.53924996,10396358.35430368,4.960556427627955e-08,8.466790595813623e-17,2.356961645902601e-21,36.30719543415539,0.0021676873400301,1.002873494067292e+18,0.0006579033827804,6.265191729340544e-25,5.485262550710372e-49,7.997599419245478e+18,5.259525895733926e+19,2.531427993699606e+16,806555967308247.8,1.2651700068899686e+19,783745479681688.8,141064730784963.75,119414816376231.6,59404249324079.96,10.689960734308182,1.0385722411230628e+23,1.0385722411230628e+23,1.0385722411230628e+23,1.0385722411230628e+23,7.150067818303872e+17,1.0385722411230628e+23,1.0385722411230628e+23,1.0385722411230628e+23,1.0385722411230628e+23,1.0385722411230628e+23,1.0385722411230628e+23,1.0385722411230628e+23,1.0385722411230628e+23,3.1793589540889016e-36,2.538257944648467e-34,2.876356488326448e-45,9.452096859285602e-44,2.87629580824245e-17,7.128842079979701e-38,1.2335749588390457e-17,1437.1704927006533,2.939853638150852e-44,1.4944803168003187e-27,5.2698817572905645e-19,1.2828812680075197e-18,2.7289820503743372e-08,3.378118680373656e-07,6.909856550436325e-41,2.7502000155426042e-37,1.456396167808796e-24,5.305500964364758e-26,4.9183129644402546e-17,3460079.5780355176,7375242.05055561,2.2761223542352818e-15,8.902327512232996e-08,1.4343061998702534e-09,1.1378635499420388e-12,0.2134629075885427,266.36627765050446,52565.984384958894,27.946729014231213,2074.849762491448,0.0,0.0,0.0,0.0,0.0,0.0,0.0,1.6888639612928338e+21
1316.977668564548,170517.67728406022,12.065176112854427,13.7875591024181,15.453345504360996,14.819761328982311,15.586919116494707,118.20233876313928,1328567985098.4802,217.9116734216003,559.5408161542006,148229.22342295,23102920254175.664,32736.775963725056,3.633046553923049e+20,3.9186781495890406e+18,4.229264913677881e+16,14891626165839.287,816289008.6805056,486087970872407.2,108766199365969.84,5.445657913191451e+17,6.844464055178835e-06,9969880349745.145,24607280827.750088,431206.9773899381,7080145624.572534,1.7997847592511834e+22,6.800220563201657e+21,1.4130217330808044e+19,1.6889266015224166e+19,7.789454078742674e+23,14058.493618951075,217138879680537.2,4.3580779745115726e+19,25811826438.35233,1654.0883678302832,2.4939890049782513e+18,367923468.67127454,7021.116635628401,1.170975323992602e-09,78513769557544.52,624579638179320.5,1.4201217917493935e+21,2940103003025.9434,19114507302.427418,1.410246027794498e+17,1.0544849785779788e+16,4.663382767456906e+18,135467876.1427376,8.647292298832984e-13,8.5837801701716e+22,3336282139851.1147,5481646.932567266,5586.888392307323,0.0013698514775926,0.0016984875741788,1.5829792607521578e-15,27402222.011899687,8.715462320646136e-05,5413951802812208.0,1.5343365054170352e+17,4414863553.293097,6167415.758078245,219297290466015.75,0.0023084960971702,5.469108549980609e-09,1.8044126989986511e+18,278857822377014.25,9050.757758861911,99537439.15812114,0.0003526341706087,4.612888258740895e-20,5552391370833.39,4.629497186072206e+22,589442.8929425167,1.372067063177251e-20,6.659060462792115e-33,1.1397146174057372e-45,135139.2787486756,432982230038.12354,10582083965004.576,0.1514717648685749,5985370649.248027,1.4105884716739755e-20,0.1087231846736021,7.260789266505627e+18,1.531183939572071e+17,1.044789296462465e+16,177536953308380.88,62825545132607.086,9996477327876.31,388039038690.68365,5.802876875432396e-23,8.934129241518306e-12,3.1412868101596293e-19,1.5982168034184937e-08,0.2397957223768247,8.078666591630727e-23,910037850.0734888,7133.541736704527,6.8896981372878106,1.1793302739457363e-22,0.0002620048427823,1.6864314593929537e-25,3.4812679175393244e-05,586860.081644719,1.2503392178272544e-23,1.227769001772819e-10,8.408189401562855e-05,1.4123779359243178e-32,8.908678958249347e-14,1.411891496885908e-10,1.728578361576376e-13,4.4783148014505055e-19,0.0860526573570047,3.241874255095994e-25,1.569565458167368e-32,2.9598008626146126e-11,2.0141580042117648e-29,7.441319605454186e-18,5.456139953423167e-09,729.240297509203,0.0,0.0,0.0,0.0,0.0,0.0,0.0,1.655551139082072e+21
1293.2267846449631,163557.51570698808,11.895439832755615,13.69546181226927,15.4573533654124,14.613406924111796,15.575868339516,5599.701325896927,4180770727.825399,1.1785397590883642,18286.547242911303,9.24974586667856,1571509719151.7114,5953.226718430238,1.9508452462989464e+16,190874041995921.75,27518747299.08576,55816743446.80252,952775.3834150372,10796864119.431496,861027703.6301038,28416934603.559654,2.5995034427223905e-17,71903468118.11298,2278500.5921366094,0.3286909025202264,6480.884146383295,1.9327614208512987e+22,8.143731011995615e+20,1.9777602386007443e+17,1.2381534617743748e+20,7.984868602182196e+23,40351184.00186344,5175038788531522.0,7.1087478879936e+18,575761.0756891578,5.83600701086227e-06,11257551454031.54,16.087415079751022,4.7901565068131537e-08,9.541406189148485e-24,49051754617680.38,5701433608704.424,1.836379008439591e+17,172902176899831.3,6195132902039563.0,3.19279279476466e+20,1312837933058.7336,4.512055720734973e+20,3596722742238594.0,9.921805321492692e-27,8.710847822104267e+22,9.35574593908172e+21,1.8788344426966688,2.416926497554958e-05,6.44651250123521e-14,8.017312356956677e-14,6.638545696765083e-28,957.545990147236,2.6461275760217496e-11,2090460301045.1848,3161426111813.915,9.11745068607838,1.6766868778629615e-06,55806244.37253075,3.986723827732607e-12,1.7912016139979422e-22,4158698276232.251,3877.931081221781,6.064113417733423e-14,96.66769899484584,3.0695715053723938e-12,3.0363879384806284e-30,51286819.00154127,879234374232746.0,7.894202484103657e-05,1.2070857142803642e-34,5.337422261792853e-49,7.323613124353769e-64,1.7342753993053973e-07,380397384.7132797,1100248567.9852183,1.0190378208679936e-05,70962.9961422427,6.05694985001783e-27,1.231789115855343e-08,6.82337361106439e+16,150417047809351.75,1079975530196.3248,2066107412.8239577,78434083.8398933,1296178.0703044806,5450.549792809302,6.2951543198984935e-24,1.7449579297564893e-08,2.09940290195971e-22,1.818972824146309e-07,4.940753630639569e-06,1.2160394707508603e-27,592952374.6880502,5231.823404212118,1859530.8682719085,8.440110097988924e-28,4.53509973319733e-05,1.4325880899779035e-32,7.964974150774011e-08,15976.934556612609,4.3410671850480014e-31,8.16134802721381e-14,5.065829224943447e-16,1.7197512196167818e-39,2.6743843866024967e-16,6.302115401768903e-19,1.074236597538357e-19,1.4028670715107668e-29,6.12772754692074e-08,1.0999911999007757e-37,1.927158383713809e-37,9.875572012378598e-12,3.9512574698578723e-36,2.6093275169083632e-20,1.4298430640869049e-12,3382.273865369685,0.0,0.0,0.0,0.0,0.0,0.0,0.0,1.6212659684162507e+21
1190.7531015447703,135991.91872829798,11.949144917741966,11.818054898194951,12.034268616547587,13.90556372352207,9.514356895864864,74.13469278220649,1356772317727.1682,10.66176689514158,0.2474556089603942,6386.330793579574,13265376383.408228,397.1462965164413,1.4992947962731674e+21,9.212425904844568e+18,9.008957550234016e+17,19980001500520.72,619123926.1542044,2.575107077359648e+16,7096276793403444.0,2.5924185822478755e+21,0.0152040447270275,278742387133.9396,4969990871.665447,10921.141476927503,516424792.7721456,1.2982672555159006e+22,4.91229668201597e+19,8.029877891440778e+19,4205196267679397.0,7.16857061281888e+18,0.8280939843222574,3539622067142.1387,6.452814876676799e+19,680215545706.5792,1785880.820665684,1.4529934408150543e+21,304475175901.3641,222368175.9342372,6.679128798106947e-05,271267632338.50415,32810176350608.516,2.1481210458306065e+20,18571329153.691425,637434.0038303885,480658307792457.2,618635855481429.2,2.5125632311685344e+17,405.8014164361142,8.298936877600844e-08,2.5604898524850684e+20,3871814.728295827,6004638.717758942,39956.86124690149,0.0271884599575187,0.0343061782097222,2.7581129320943023e-14,86998338.0381861,0.0002094107115309,95603726978996.98,1.0977366024695714e+19,209878331260.94543,942606727.1598946,9.018279288257187e+16,0.1729053784652925,2.557829601511926e-07,1.3106682338676017e+18,1.0945455537317974e+18,280122205.7103517,93676807.63155612,0.0003006641865072,1.3397211810347348e-20,12229149408.202644,8.060336362856128e+23,2333770.5153496033,1.3970213001604832e-20,6.77672628328657e-33,5.527538088104963e-46,161406.31356619342,1852310873.340505,637260847.3488908,0.0444357303674636,246166725.1233998,5.286329358130934e-22,0.0058729949685397,143194372481105.84,20783435697.67136,10157680.65082489,1826.1426980028225,5.174733166100062,0.0054729920785726,1.7995476192379774e-06,9.497062946811447e-31,9.412520045375511e-15,2.535833456019706e-25,5.999436722358112e-10,0.0002191668696077,5.7464763613009726e-30,657999381.9297086,45137.54026412487,0.0132144751822394,5.025355773818269e-28,0.0003948512322087,3.2833711119281794e-30,0.0004458340911226,63889.76129115082,6.624421150134138e-28,5.974203452067695e-10,0.0001471462217017,1.0489240198153086e-39,2.613870456962045e-15,3.2153163567735373e-14,9.802551912550148e-13,5.096467705925466e-24,0.2421667326102026,9.996080863378852e-30,3.171666063989129e-39,4.14411492614548e-12,1.034508550471031e-34,2.3623212365493582e-18,2.7378663459854614e-16,2.134557228594782,0.0,0.0,0.0,0.0,0.0,0.0,0.0,1.54770683109057e+21
1266.8239884757293,112855.93745488512,12.02721769028111,4.261415086409609,11.396934788244527,3.56612504829348,10.648453056138589,7941000.100399392,78352294664335.88,6.745957218033694e-07,0.0847434586882557,0.0130289256013706,17170049635481.072,999.1603527826388,27804412871804.023,243054301910.99725,57.0437053226339,25170.08458719497,6830170952.413028,189653660.9871948,2.8101338557171123e+17,4.085571592857311e+23,3.51513379518941e-16,2020.642429121948,9.95856966958106e-08,2.393062638597943e-11,5.830670753805344e-07,412513742816.55273,336417175636.54297,6.680240105147214,2.489567187509996e+16,4.036105450671306e+21,0.0027166454839279,20042135009.74577,1.2668715451996723e+18,2.00050627019e-07,4.6748547032458625e-30,2.3111310102537335e+21,3709.095712956656,2.5087884773770417e-17,1.870601667659767e-18,19.71868646488921,4.1383698285801255e-06,415.8038535212659,0.0310722334276769,8.098951317972448,19664738403.183952,5.5974627923265304e-14,2.8356143967152153e-06,6.307716052685035e-05,1.1183292028144769e-42,0.0424931246658741,0.0029509526164059,94.41007296331703,1.8515257787147414e-09,6.3419073023601196e-24,7.914878483808526e-24,6.660500395543595e-44,23.58857818431448,6.454928334401169e-19,8.464110069241715e+17,2.589361858790269e+21,18189851.039343853,0.0111688209560631,67943458032.23974,3.6130885022483096e-15,7.877521976458667e-36,6.61348836073916e+22,349334784854275.3,0.4071872050413795,2.6441116124214845e-07,8.618701471148462e-27,7.192647535109803e-51,1938798.1999623089,10888768330.379965,7.607742348341349e-16,9.714938790891252e-58,4.4953411742016785e-78,5.56660368953828e-99,3.318612882508333e-15,6506.545588709694,390050.89564886934,8.743247732302703e-18,1.9993666705827645e-06,3.6034529271633504e-45,3.8368706439219545e-25,1.847550407409143e+19,7.314034498816137e+17,9.504264941746349e+16,3558183926815235.5,2499889097687815.0,736550021732443.6,57971287396171.76,2.427021343590808e-33,1.4990302315650577e-10,3.2970665254644535e-27,5.966465681670477e-05,3.320687783772243e-16,1.6631533118774705e-39,49796.068257826446,2.8135642612107524e-10,0.391816055701691,8.500602015739556e-28,1431.5052212641135,2.0484771428520143e-38,4.0418555786266754e-06,14511610532170.549,1.351402915714571e-26,0.0607839741626564,2.4758824069567234e-12,1.0906266151591626e-46,5.434587787943747e-16,2.088734775795897e-31,6.867147127862319e-31,6.441491659732464e-39,8.20830909095264e-10,6.454515139101745e-53,5.916097367326828e-48,1.0870774739973295e-14,2.428012468508501e-52,3.5434036954951956e-29,1.5437535413005759e-15,79776431.49330337,0.0,0.0,0.0,0.0,0.0,0.0,0.0,1.5288406237137425e+21
1136.933274823708,112626.71470997688,11.987953013629472,13.479310256265242,13.53374817460225,16.590389168067084,12.26799743904573,1.8707326222756888,27692062453.151875,0.1919473766671342,0.0067534386396172,629.0156791583212,10237746572.855154,1.1243114805644718,3.5242091417228157e+19,1.6401452336878995e+17,3813651971287327.0,46227215039.630264,273033.82036020723,7402727177640.934,571069934961.8605,3.5089449866198564e+16,9.099496588475763e-10,27465376663.21313,104323785.64736296,478.7307986063038,38211968.61325648,1.093187681490292e+21,1.3159121071491529e+19,1.5029693042191585e+18,2661209190773033.5,2.7508478898240614e+19,0.0103538814879504,14388600686.489902,4.925081747769375e+16,13879639.570409223,1.4626829973655435,8661972524558304.0,173098.80202160424,4.951061004306931,1.0107578094338422e-14,11843846452.555037,439906867396.1243,2.8298839917958255e+19,187423233.0416226,7439.269529262778,1117586151878.1836,5091454830085.578,727834144690244.1,1.7976390769103594,1.6170976836795252e-19,7.495950591193115e+18,13344.094437367994,59040.41005023017,79.43692985326857,7.177221102886045e-06,9.134978444297888e-06,5.476264020311949e-19,248293.19404805303,4.1698018375941233e-08,8093681494328.171,3.6882371703927416e+16,268360824.6459191,1001793.609470096,57427394000234.4,3.807147432590031e-06,8.863656594853514e-13,1.4060293981221646e+16,250349877445855.16,1681.3253452651502,3383174.9242663886,8.282490612496536e-07,1.740712436338514e-24,8541994856.711957,7.162918007902951e+23,80060.33439437687,1.5736090998810991e-24,6.131337204446628e-38,2.7814180622243097e-52,17857.802875931004,308307467.7266492,398459618.2800106,0.0001549428569703,10035975.062715936,5.347085334670292e-26,2.1970966680625207e-05,644238628567891.8,246834138855.01392,325310737.64054894,191193.72720098423,1543.728129062091,4.245055463886651,0.0040884721552924,5.3089168168953634e-33,1.2465907331056869e-17,1.963522348141627e-28,9.343423452183829e-14,4.3824998116578746e-07,3.093289605296474e-32,10213420.10543403,28.124607973201684,2.914582816740858e-05,7.149032728120802e-31,3.0868961938776225e-07,7.90210418979719e-34,8.008075628320679e-08,418.7406469209257,6.614591818534647e-32,1.6851446780197222e-14,4.041457543909542e-09,4.653476497065824e-42,6.730912268920697e-18,6.010233397145745e-16,2.1767088657987294e-16,1.2639371667801495e-25,0.0027661904439588,3.255396396428784e-32,3.959587994510246e-42,3.9635233163897705e-15,5.103412007610189e-38,2.7083899152652146e-22,6.613739102096236e-17,0.116389825518387,0.0,0.0,0.0,0.0,0.0,0.0,0.0,1.4930690669412806e+21
1226.8921487095863,117955.61964865394,11.858401232013392,13.08813943270504,9.41716047112969,5.373572757906977,12.65872304952963,6.786732185107505,900606508.7704794,1652230326814.0042,5.869573620054075e-21,3.7661653381406577,14279.658522929947,2.2740494649742394e-21,3.208653447858207e-07,2.3437292135480367e-09,7.133191138321371,1.6509208089361704,6.644333067155894e-19,0.4591653424234569,1.2937498102145128e-15,8.446233288480673e-14,2.346728131257405e-15,4.146922302977581e-13,0.0002465636223932,3.753640876086533e-24,1.2819343391011381e-19,1943828854450.6997,3284.1145712504576,3.904084367883076e+20,1.2925157854283602e-11,6.585969257350055e-15,8.058944914427051e-41,4.085858175904413e-32,1.2437818565410852e-28,2.0279124210870233e-15,6.383759772698181,1.9919916407789468e-34,2.2948821432208148e-33,2.046606081859548e-15,3.740122586752992e-45,1.6925094416992136e-33,5.433870051358346e-21,9.405433541623175e-29,2.630673105666016e-20,1.6329499893763028e-55,1.9825883265660345e-50,4.895693402807929e-44,2.489396420199552e-23,4.8046704119721726e-79,7.22571382989909e-68,1.8241120901677118e-69,1.353776157537965e-95,0.8752405388751574,200482871.3994966,6104353207337.46,7661071512777.386,394681660814.9404,2498774354830267.5,401458342550197.25,23990.040216210455,1319148643672.279,6.4148426255149795,4.510373125153493e-06,3.881493383735872e+20,76917513086794.83,5.351732550298665e+22,70098.28219111174,5754.746270121864,1.167953999190147e-13,1312499222926003.8,266026912078613.1,1010355217.6536554,1.953294579494408,1.6860024258721534e+16,4712066996.961106,160643.4855540214,4770.042846476935,29.921273485861345,1.723383864374856e-06,65921559813385.4,9126135.399578596,2.4339643146850183e+20,2.677051354335351e+23,333794699343.88513,3.596749077838256e+23,47.1702129834096,3.4319314944743142e-09,8.301648273478946e-19,6.552509104223865e-29,8.880203936948998e-38,4.755764671605528e-47,7.350896999183591e-57,6.525768742068004e-48,1.358357338053285e-35,3.512967742232351e-46,1.9309249387687656e-34,2.1425143295125544e-15,5.637706340521621e-51,2.862225737158178e-17,16874.481046189936,3.503733111882479e-44,1.8898925265121315e-28,1.8475231275165842e-08,4.746148813988733e-20,662.6940823246049,7.288315987226901e-07,7.669126047441664e-32,1.302154934265531e-17,0.0285089686535339,4.5985728249670246e-40,1.3780705745316875e-19,7.329159645553755e-05,38485.486310042834,1.0675845092219763e-28,7.044948220251379e-10,9.43709310138162e-24,2.7934803624232753e-25,0.0369323735083177,2.0662999245887848e-10,1003.190607796459,6.556883133219077e-20,1.1065763534466433e-07,0.0,0.0,0.0,0.0,0.0,0.0,0.0,1.4737338738441574e+21
1428.1612291552449,239267.95021983044,11.986873083579118,13.157601180871714,13.087010355341516,14.89999454438972,14.55403034171777,713374.3516733553,38235821685975.195,55978559.01181553,0.5387672759186165,20215574.30230946,3415204341842971.0,81.0527007025156,1.6919581343025565e+17,2759033896961400.0,1.6597675675498886e+17,32651077633497.76,2835798.9387901463,2100334820470205.5,420050662968.634,2638080048134618.0,46.36767481998964,6194641453.270181,101047590494.55502,3930.417828574426,29740699.22298667,2.12367082375669e+21,1.4665741255676185e+22,1.0336155002005044e+22,1.5298716676330684e+16,4.942894245080657e+21,0.0001977008029483,1440428.8405754322,309791679279.62384,17723344549.44147,58895426035.04346,188719198532.20377,607185.0965288554,642051231.5379416,2.1044431444074156e-06,758197.7374637605,22994147061.740814,11638364042395.09,37675865.165828854,0.0013486299518266,9765.297284797382,16342667.072372656,1164167246908.1345,1.8888493469845607e-10,9.458525707688496e-12,140232.5261219599,3.1161120662898975e-11,2028886363.9784925,14656795410.618444,47937449.816249885,58680146.90090534,1.7210091431103467,9593928309629.04,1053459.8430221193,1.889635739359301e+18,5.687200371549478e+18,2996982175070.6904,24208068566.18277,6.305315412185248e+19,65414525.6985393,108197292889.21422,1.202858354346078e+21,2.1702749377302138e+17,620397573.5629779,39534171224009.85,4238778.911429148,3.4588726526882887e-05,4150282786829745.0,1.0424067259276498e+24,1112349915088.7546,5.572890009390381e-05,7.665365856107599e-13,6.3781546640328555e-21,297711325.0185008,4.111444176374151e+17,1.4241780735551298e+20,293035490.1499539,3.0355529667562045e+19,3.486025285355404e-06,12739856335694.508,7.885721666820395e+21,3.991816672043083e+21,6.368375808248235e+21,1.8992497370920937e+21,1.4478897625143915e+22,5.6963155363031845e+22,4.569279116251712e+22,2.3693168245287955e-26,1.928117049904276e-11,2.1404383063692643e-22,7.258663892335355e-08,0.0263102751372126,1.5227551282989152e-25,219749124.88221973,20391609517.78635,3.1762932740120416e-05,7.14942674299556e-21,24.02036156642894,9.380787109507734e-20,18550.08118531328,227026739256.11035,3.4865550065618725e-21,0.0001394799598101,9.205111307950151,7.766964908775027e-30,6.830209104043547e-08,5.983050909068235e-06,2.192278641263782,8.292829581699596e-17,31344.924507531618,8.160644031491714e-19,8.55645003321147e-27,0.0148921444026149,2.8607322994770523e-20,5.7645681595796366e-05,1.8183296814824945e-07,138149359.89442858,0.0,0.0,0.0,0.0,0.0,0.0,0.0,1.4724893275888246e+21
1834.4584395882853,13900.592662831026,12.09992114456374,7.589039423307871,14.258216428302593,14.122511282505432,8.09309363646776,15.388626924080306,128.70807866230075,2.274756457209935e-21,28776811926.886803,5.4883544859607766e+22,835449.0788525506,0.0261560968361088,4.770090401189925e+21,2.2982336739663692e+20,2.492191631828234e-11,1.5029920750559946e-25,1.1216721681264638e-12,2.935983604557497e-38,1.1176218115475992e-22,6.50231123686206e-34,8.373467663757792e-109,5.488354526852204e+22,0.0338447367333927,5.488354526852204e+22,5.488354526852204e+22,8.970297009980089e-06,6.632442643060893e-17,1.0610526241206646e-37,349792249774.35706,9774.96984806676,9706919204938.229,5051437.843575668,0.0006746806722595,2.5519537892974583e-69,1.0691831551482426e-133,5.250137832898001e-32,1.112322925372335e-68,1.852166000961658e-130,1.9111772959385535e-137,5.488354526852204e+22,1996.7997626250544,5.488354526852204e+22,2.944820478018966e-11,3.591385777883156e+18,12312063945.355663,1.5419872866054218e+17,3.6610650342096727e-35,1.0984932718714972e+18,1e-155,5.488354526852204e+22,2.215034395223125e+22,37905403351.77283,9.253589048479058e-22,5.484123569401733e-56,6.4895813476357795e-56,3.278699949520406e-94,4.386926784080862e-31,1.0412434236677174e-68,2.2127111871410717e-06,1.8535905800167115e-08,0.1387268559154198,793078022.9312842,8.658787693173383e-40,3.084683143223314e-81,3.1151149497182433e-155,3.9064421080858884e-18,7.361723552107565e-12,9.8419258417757e-21,3.466895635154453e-05,5.6896144774290464e-43,4.860438573837335e-84,4.921921665626973e+17,5.488354526852204e+22,414319.0575537368,4.614008423169189e-72,8.475731435379971e-111,3.7647213599571978e-149,5.488354526852204e+22,2.6044193698234696e-25,4.830945661300877e-35,4.668166930787104e-53,3.107800304689662e-56,3.7388831761275743e-96,9.978503830105528e-94,0.1829498024096695,1.995128387750001e-13,6.4861638925889345e-25,1.8515908863006156e-37,2.3211595905659756e-48,2.1722834856112313e-59,2.560883193188438e-71,0.0541790051896714,1.5641959440535777e-06,9.426866010291413e-13,1.995351704488903e-17,1.9284576214756918e-29,133618434711.21268,3.89897874511529e+20,1.344390620660484e-54,15168.136612894536,6.908818780700254e-17,3.083077501442888e-16,5.901868995705837e-48,4.6550261355711226e-46,6.119103413717089e-20,9.377528050189834e-31,6.729994991946674e-34,2.0765714622058592e-60,332.64402498018586,3139.051563377845,5.9920400973519146e-12,6.2013400742696565e-56,5.488354526852204e+22,5.488354526852204e+22,2.648457284061933e-10,1.0174186821055912e-39,6.441757910538159e-37,8.200892809544136e-67,6.40522831465229e-71,0.0003619973475122,1.1810693290757658e-08,0.0,0.0,0.0,0.0,0.0,0.0,0.0,1.466531945906644e+21
2387.566862084564,69789.09119640803,12.043474765984469,17.873099530534464,10.983596945494696,9.309422705950851,17.76559603760065,2996332521.9043593,610016968493849.4,5559108667598042.0,54.09294413133646,2645300660.2283826,6.676346651958655e+18,1.3991262788035177,10227.401659319736,1185.5236182050778,94167.19759847617,111786625.30199,0.4589373255529204,362338.5982892454,0.219702548213947,0.0080721269980123,1.9125037464186333e-08,733.2293272888234,37673.96415532909,1.7175798571868722e-06,0.0003368368863176,3381907158160120.5,2623815609735432.5,3.8618412607677944e+16,110264964129.9578,41632155254490.67,4.675209474341858e-09,1.9062960457915949e-06,1.1741382940970089e-06,2.6007339433473303e-05,0.0018205788364771,2.0734807511771569e-13,6.22615029785208e-16,1.881054049416948e-11,8.762366441875032e-28,3.190663757264425e-08,0.0002024040533381,2.2989176321730686e-09,0.2292525962430637,4.2669629285311277e-17,4.711794781775246e-16,6.003159702136226e-20,2.732954961978281e-06,7.597826777269247e-30,3.2869590062038222e-46,1.3560040255484088e-30,7.954498673286778e-39,56605969.32709749,1682483349.433043,491814359.5227745,565631645.201856,88114.7731722277,7546175286964910.0,6517596227218.225,4.086587153901003e+17,545690170540814.9,2833336.6233795015,1.0132203398249082,3.641401099359416e+16,45649194689.69786,42020950172946.96,1.0930663241137554e+16,781113.4747468133,8.83449632106573e-08,293776606691831.1,131874615074.2908,153200.6038770163,172477759979008.4,239706542872239.03,145591485.05958837,7.6456131335657025,0.0003647702106003,1.220491510367623e-07,2.2195207292040724,2.0158692147647745e+21,2.1274524440053143e+22,1.5432571254385328e+17,1.6139133026107237e+23,7408017000.927367,8.240374716614081e+19,2.0250865274746548e+22,3.9941411931650334e+21,2.275943047686186e+21,6.104297657229286e+19,1.1272086977955435e+20,2.1375563127429464e+20,3.3593020518984577e+19,1.1414873231658812e-11,6.066147210591245e-08,2.1886310135526377e-12,1.24528195641782e-08,17.240479926435555,1.0321669069624618e-15,0.1890315434136141,31627400.11673566,2.443257162568454e-12,0.0011285461277274,63444.25553658465,0.1938217808245301,71652940.04762302,46408696533.636955,1.515812801559336e-06,0.1144356664360224,29756.48071484375,2.2137604253199875e-10,0.0221200705189704,296166.3029735048,59273.29639659583,1.2594244792745908e-07,2.762040672780524,1.2234473800014757e-07,0.0087009573231788,24182653.810163997,971.5899225828872,15075459.357310943,83705149.93337244,584152115060.1569,0.0,0.0,0.0,0.0,0.0,0.0,0.0,1.4608298059420512e+21
1139.3118326978515,98057.61827087926,11.99422732500223,11.241071829042134,15.376238478516028,13.096243119651556,15.826640020285495,454.72235003102986,73902369296.40482,0.0393442626001381,9.593330126440338e-05,31.56554941082467,13878912028675.271,0.0395384063257422,5.067341344537724e+16,238876678345057.7,1010534802242.2404,279374762.4291238,23328.197554564947,109836216858.54828,117681738365.77446,1.7506076731030848e+16,1.690271814381799e-11,16577989.398083618,11514.373033863025,0.0135245533815713,1053.7129017559823,2.5098709841732475e+18,3.836162426826228e+19,629747638453511.0,4.3793741131826664e+16,5.579219255189965e+23,1.8340098645444592e-06,5985282.263835369,49346128141470.82,476.4773423726669,1.6885662897742487e-06,53983398884925.5,204.7265169318009,0.0001971157107919,1.479727032065812e-17,89277.26149748184,596204.2118478424,9139181184024.998,5708.385123795434,0.0159010091512142,5737834.140381631,3827.185750847961,48088565.06799593,4.832682267411736e-08,1.2137192795462314e-27,375405483.6453096,4.365090021569317e-06,7347.898877095082,1.8122063163155595,3.060107167601519e-08,3.8932636163368394e-08,4.479821873217309e-22,123552.1684044338,3.994990435079867e-09,2.7093605190558028e+16,2.3853539713318778e+17,81825549.61406446,13889.88473449382,68286139197833.445,9.003280539488664e-07,8.863978600201086e-12,1.1544844131084922e+20,184276754881603.56,147.1832479210357,30277.063510758675,1.421262187175188e-09,5.855881910545779e-28,524522355974.456,1.464105287758781e+21,32.37989821631784,2.402544018329378e-29,1.7905991709406313e-43,1.5803784990033044e-58,1.8119073915421728,76386453188.87341,124396061938194.52,5.83324832934284e-06,451764246.7402723,4.036165582279863e-28,0.0001880223363867,1.078400220522519e+21,5.2917968493522983e+20,8.92327691480135e+20,6.650674922744438e+20,6.853076517087163e+21,2.4152144112942183e+22,2.9648491278428134e+22,3.956442206390525e-37,4.176526211618087e-17,3.574579935585287e-32,7.705299510135529e-13,1.3001064811294443e-11,1.0411852213606084e-37,1377036.9170215586,2.828245934070287,1.1471956078679132e-06,1.0520324394216619e-32,0.0001964347189968,2.1492335026268527e-36,9.286367881126484e-06,323560936.210074,2.453618169488682e-33,2.787417100913004e-11,6.040735976258433e-11,1.3139113011675693e-45,8.197471435323882e-17,2.703598047821751e-20,8.605541522321851e-17,1.4860946674903621e-30,0.0014179442418029,7.157118725108236e-38,4.476422224046097e-45,1.9081485937941845e-13,1.0253662448390307e-41,2.448515179151059e-21,4.612627283411216e-16,36574.50048159647,0.0,0.0,0.0,0.0,0.0,0.0,0.0,1.4281656454354648e+21
1295.787700169885,122164.89763732416,12.184024540963652,13.598950503245812,9.11200734728566,6.580404963168576,9.46446570885665,39.03536650420897,5985204626.330361,312483454454726.25,7.671829665380563e-23,5.1308534182218954,0.0001141493569042,3.35902481478469e-23,5.1494794454934224e-11,5.092461430963979e-13,0.0176300737138807,0.0721159535365943,7.117863792486967e-21,0.0186320268676787,8.465427981704439e-18,3.688397455652628e-16,2.1464127282730755e-14,1.4570016523859722e-16,1.1134951178218932e-06,3.4871608366172303e-28,6.739152914254836e-24,17642324043.101803,5.1147066439005486e-08,4.346739888697775e+19,3.310601816330321e-23,1.4330209128751696e-35,6.372940020488445e-46,1.052054291850708e-37,1.9000049378105441e-34,9.135839536197094e-19,0.5410651475218717,5.509833765839423e-40,1.9584747310830135e-37,3.41225293826985e-17,5.50565331978992e-47,3.747382632834456e-40,1.035703646824995e-26,6.82377565548809e-37,6.257020482087086e-25,3.5833932958355354e-64,2.422596016238521e-59,4.50642592271481e-54,1.4223360980529493e-30,7.8916434705699e-91,4.666632233714887e-74,4.578492952605175e-84,7.573029494735874e-111,1.403657690382544,4362961758.34892,2857977750938814.0,3553192048514914.5,7387787173533866.0,3.35913077934388e+17,2.336653890368575e+18,0.0002037717931576,5979393008524.073,9.081405777411032,8.536056540959775e-07,2.556458600866026e+22,4.7232974374744826e+17,8.46389126260678e+19,0.0005410196154874,5087.367358776681,5.72548924759034e-14,1.2662468788392654e+16,1.0086718722891917e+17,25500593183266.527,1.8976435111906535e-09,227409259000578.7,5258458099.833433,517293119.8491672,572771101.1060437,199580039.4588221,2.4665141108955477e-08,6659545.906759984,1.316720064999022e-09,6.539024962358876e+23,2.9798800839388826e+17,1.011976774139502e+17,1.2885089017966666e+19,3.3310978743443663e-16,5.088455988227896e-35,2.529805183302085e-53,3.32653989024745e-72,8.725885534571672e-90,9.999389518739146e-108,2.902347228586969e-126,4.6399339243203944e-48,4.97507197169909e-37,2.058028697705051e-46,6.939786140384059e-36,1.0611803173263606e-15,4.554892085368088e-52,7.803880842362048e-21,7927.776361220821,1.8991676763194488e-49,2.212614064512121e-25,4.4525112126259444e-07,9.135903004964689e-16,187998.7869102801,1.039394311434772e-14,1.5537254457717899e-28,1.122331865234458e-15,53.360786020253975,1.7764384110959571e-37,1.0324190587071458e-18,0.013995058717232,23526418.81057791,6.88244416918386e-28,1.1335416183696494e-10,1.3259730967677879e-21,9.358777703735795e-21,17.732898273825775,4.518190200694432e-05,11550706.8564378,1.7951240622211214e-26,1.6456527686739192e-15,0.0,0.0,0.0,0.0,0.0,0.0,0.0,1.3779016037665895e+21
1121.6353848835315,173192.48715195767,12.054133842036713,10.02393673220524,11.033283697888184,14.137687014990066,13.544495612925491,2071.9723765033395,422672925564.9401,23.929653206203575,8.588919663325634e-08,382.50586132329016,9231701640527.611,0.0003564712285091,2.5906616409314936e+16,110872845770419.28,700389249763393.4,5778908281.590768,2439.822095650287,24363747489099.137,150868289331.37054,2.673927832039092e+17,0.0002373605311683,629773.1568652086,628848.0079623902,0.0105254736650002,984.0499060599832,8.18421494804747e+18,1.3627741701982536e+20,2.9960565185478917e+18,85218087978306.84,1.4803645513459378e+21,3.9233034000090336e-12,191.8840321942454,19589408854.484673,325291.32286284486,2281.9639747637184,1943920782647.5024,8012.397418414199,15159.619685764228,3.993651355408012e-11,8.01389583591764,87357.40108757096,32710388045.31174,27.90522745351609,1.0406853043740432e-10,0.4748275873694948,40.30176059437341,1175470.4092802363,7.084259819246297e-19,4.296052925220734e-20,7.829572138424297,1.8387665044267165e-19,884677.0811444303,307936.5471234321,6.341531152659677,8.09250026748896,9.290544799767252e-11,876942334.1428136,0.0276371344876672,1.850324873084515e+17,1.6130695244756136e+19,107319804449.81796,463841453.69717747,6.370698794978228e+18,64.13908532231947,1464.8500615409057,8.512383388095386e+21,2.94222819267598e+18,398474058.5484697,636872950.5901873,0.0300583543963689,1.0537568452122709e-17,9148034212416.658,1.0353019899469973e+24,18167952.970759597,1.1169415915101409e-17,8.525109360483342e-29,6.779067610515866e-41,16854.53635641354,73330414238694.61,1.3781181311530435e+17,4.932243270227519,654385659941760.0,2.4513734327388914e-19,292074.7988988978,9.6438570319863e+20,4.830578896864858e+20,8.378326185431033e+20,6.86793636685361e+20,7.420100949152992e+21,2.655986975297026e+22,3.45147226304201e+22,1.2453961432130602e-41,2.1376866638115705e-19,1.2529434174140323e-35,4.146785210829307e-14,1.5605886846861587e-11,8.781141856499082e-41,450477.3843052413,67459.08328351867,2.197952319218973e-11,1.4538312684930397e-33,0.0059152096601202,3.938668143649219e-34,0.4124839202866125,14857675381.53157,2.9807005054159714e-33,5.853947811141594e-09,2.5527898051384477e-06,3.3048952986776052e-46,4.579325974421893e-15,2.7603782067551186e-17,1.2414719823227786e-08,1.8466266548042858e-29,3.6106188853753154,1.0805415767540641e-33,6.566710428235283e-44,6.847015059472699e-10,2.6798440936390803e-37,1.0337197565065766e-14,1.2501576963474465e-17,158496.80959741955,0.0,0.0,0.0,0.0,0.0,0.0,0.0,1.335549909655587e+21
1278.380667716405,156038.0413529878,12.01759889106457,13.022820041476328,7.187242717429065,6.73031757433235,11.343662634434844,3.605228834876916,5329447047.473551,249185822442408.5,9.409559388971435e-25,16.57769066360354,0.0068800949313987,5.636850823388582e-25,9.00821681583334e-12,8.277435934800104e-14,0.0045172523186006,0.0026449014096881,1.8198994315221365e-22,0.0009804200091356,3.437816783411056e-19,2.3285331352845393e-17,1.7135017140089625e-15,1.4956900819889012e-17,1.7489765203700376e-07,1.7207395985793939e-28,3.817440687615622e-24,672040157.7277846,1.7047710085003826e-07,2.5623709809428204e+18,6.01463190706393e-23,2.7014655323862553e-33,2.019408800841871e-49,6.167249730800022e-41,1.781373149093664e-37,1.7421682285859605e-21,0.0023412383915345,8.885583735554929e-43,3.90822948561116e-40,1.530001833729974e-19,1.778504376850409e-49,9.838067585986477e-43,4.5857353189715466e-29,1.4288711985809235e-38,4.314464344074893e-28,3.5446711034858135e-69,3.892073163690252e-64,3.312007009681365e-57,5.154241101092507e-35,1.9143994996462151e-97,2.544978770651719e-79,6.484767687629926e-89,5.454840053447223e-119,6.144425348401377,28845726177.38871,2.5517532059611656e+16,3.179726235165359e+16,7.664978424137483e+16,4.101543552059682e+17,3.252382957892284e+18,0.017058035363324,8234474836537.633,57.750855919851816,3.0786827416362097e-05,5.230618859746075e+22,9.145743833669796e+17,3.436740642994717e+22,0.0653308922011143,51108.74374748918,3.255634097004403e-12,7.235397023728864e+16,6.72617165816434e+17,174609359046365.75,6.63967255979727e-07,7835201889018709.0,176491549790.92908,20318888362.68811,26585322964.485905,9939658455.971062,2.9162137058646413e-06,616829292.622588,1.1158845015358148e-05,7.789391674317113e+23,4.3843892383715385e+19,1.0892623862984002e+17,2.3220093071396852e+21,2.0641330630068345e-12,2.62750407542676e-29,1.0940636885744129e-45,1.2678531793587883e-62,2.8262182124063373e-78,2.6860245628887106e-94,6.674194102772839e-111,1.5291180645611634e-49,6.711976394613215e-40,1.0019140311025764e-47,1.3260389627649918e-38,1.5294174275409903e-16,8.85700004129954e-53,1.2030919886083162e-22,46.552750881994406,9.314150894922939e-54,3.9812545379086246e-25,4.096742512961726e-08,2.370269928392124e-15,27047.241869261183,1.0838805328056257e-13,3.449573744041582e-28,1.068480113334394e-16,483.94833704318813,1.033404535182789e-36,3.1158264951726543e-19,0.274576141774448,19731191.274672728,3.761647275682383e-26,3.02343029533038e-10,9.755702290820496e-20,1.5060807859985474e-20,1.593147837088957,0.0001311584221849,1365272.601339831,3.2524622283744394e-24,1.2049809696441976e-14,0.0,0.0,0.0,0.0,0.0,0.0,0.0,1.3170708931853162e+21
1603.9639366077092,76431.28843514473,12.07718660713807,8.369646586848905,13.340060252175876,7.096198328448623,13.636058811413488,180592314.91542643,1428740236278583.0,715.0575179209063,963536.4407161776,34255.83104262463,4033247246004689.0,236252803.93584895,1.6282326747138915e+17,4540000747843777.0,24320760365.78281,775018265639.0614,6126737725210.686,57676764402750.6,4.986034909010722e+17,2.013671789944692e+21,3.9818431600069686e-05,18040706893.305027,32877.42030548907,1.0851825894890548,3012.9551145563787,2.368032647432687e+18,1.299127797035555e+18,1184942837562.0444,4.563209597802937e+19,3.3723647890324156e+23,2764026.4878504453,3641857301213402.5,4.122689540146129e+20,827015.2811576809,4.2509754729913367e-08,1.238850785474304e+21,2097519970.0022168,0.038100446439185,1.4167639580465317e-07,18913846238.78976,31189044.96653473,679101267742.3275,4495108807.8016815,36518700651.31317,1.2311588928258227e+17,2008.4644143407625,15249914366.872316,60440723.59957854,2.8484732505414707e-19,465407450084.45966,28552890747.019978,5991082.855035326,5.262085113924995,4.783873882410545e-09,5.759009809956122e-09,1.430928468578259e-22,87236623.81341012,9.107969202363208e-06,3.247927468257147e+18,1.4048471520405932e+20,9288075158.896769,2122.803736868392,211872359401554.72,0.0008191289537319,1.123029172236282e-15,2.29130445457982e+21,385125847673556.56,515.5073142297352,2556.341833291947,2.197184894354096e-10,3.7028716674164844e-27,115663853014.48384,489428195684723.25,0.0015794557377222,1.5459511068578191e-31,1.5814216704888898e-45,1.9561385489867445e-59,0.0001562371315069,51833194148.474335,1018008607020.8492,0.0004908710667474,322720.5869247208,3.041725963734876e-23,7.680297735848291e-08,2.2445657024331648e+20,1.2800301640385255e+19,2.2325011017208952e+18,5.011881977647561e+16,3.7561390457290504e+16,1.7407937137431498e+16,1299502594496164.5,4.523067750365694e-18,0.0023746127221161,3.7899340458956094e-14,11.071650012420958,0.0041731617306393,6.103368160046848e-22,4523502060.643991,329.79583803350516,2514948.1258950555,2.285129525281051e-16,97517.21682728744,5.065337421199678e-22,7.022804802266685,10656624914484.318,3.8665843417483117e-16,7.1208369523134225,0.0013742695726297,2.6158912868294763e-29,2.6291736027120585e-08,6.8765094505837416e-15,2.944107558028064e-15,1.9544732025283216e-22,0.0131992765004823,5.487541817645726e-31,9.438487449057803e-29,1.0991687411187382e-05,1.0419429493778148e-29,1.4136363085230738e-14,1.0084419574611893e-05,5433644075.200892,0.0,0.0,0.0,0.0,0.0,0.0,0.0,1.2758483508117488e+21
1150.3286808565576,135492.0800371803,11.986905756785683,3.995849559200772,11.454043500910355,3.541568287397297,10.793261767059091,1213195.7036208643,3293163908636.9277,7.930714099511147e-11,0.0038713236595677,2.990817615630679e-06,1340674514903.3433,50.415194040997925,2396870668864.8677,11982596007.012049,0.059201255364278,320.45740036090024,862459237.5161972,3831738.5612521847,1.2199462994642723e+17,5.177117818274406e+23,1.1683551084243789e-21,29.597458136714824,2.457049515849938e-11,1.6629969183544866e-15,1.15982378877018e-10,68802344135.96294,75277436128.33804,0.02044898121396,8.313469008953363e+16,6.614928463007504e+22,0.0016448754363112,133213336465.83868,3.060835880670192e+19,4.721557202178651e-10,2.4536014318218293e-36,3.57745541620777e+22,192.20152005172423,2.7266102976465093e-22,2.6131308756271677e-23,3.566939061429881,2.6354663469939258e-08,16.777861236343526,0.0046171834849864,272.7120381018613,2708129931000.9785,2.0507761305914703e-16,8.224644384692929e-07,0.0191629240877301,1.4186753918479518e-48,0.3362607030061187,34.39020967396101,0.0221783421611415,6.610955494133664e-15,1.4745534725185824e-31,1.8725839167667767e-31,3.215466227071692e-54,0.0071946024878221,3.5210342470797975e-25,8.17265976321251e+16,3.046311875920273e+20,7439.719709562832,7.621246776454305e-08,106861239.6134239,2.4735473964144634e-21,2.4455720721585994e-45,1.054767459015793e+22,471778053174.08655,9.238804139392692e-07,3.0573241472616522e-12,2.1315949074502552e-34,1.4438372685136541e-61,3003.3781603297266,5056832.721526637,1.9181886526156416e-22,3.54324957613227e-70,3.879024352571824e-93,5.435833798929984e-117,5.641755162574027e-22,8.797600352530061,990.2471576629551,1.4341694590394966e-23,6.038437611004469e-11,1.80811598096096e-54,3.5894166916173795e-32,6.561569231771776e+18,2.3977846221310173e+17,2.9972508204264212e+16,1589924585530138.0,1200405990268535.8,316032750036672.1,28260281497668.664,1.821436502745101e-38,3.916868940597226e-12,4.891491948135109e-32,2.223903746581917e-06,1.2547297927770255e-20,2.8042520903294462e-46,4454.283533095635,2.311478149421078e-13,1.820129243945379,6.717303120405599e-34,21.38623032102631,1.7224630065351107e-46,1.189496947384558e-09,2055124943168.4832,5.376370846925973e-33,0.0001198768200386,2.9337691513243242e-18,1.9563448876639583e-55,2.0572541741272647e-20,2.5601822873402572e-39,2.694218912022301e-38,8.925097591052355e-48,1.5072671434161042e-14,5.69084283240969e-64,1.2943268188578992e-56,8.769327663391441e-19,3.110109761989472e-62,1.5190207406311896e-35,4.6473147689626504e-20,7583815.753308471,0.0,0.0,0.0,0.0,0.0,0.0,0.0,1.262786677742098e+21
1257.3998727796582,109200.4260276034,11.947501632460533,19.341116359612485,19.385009230577523,16.27854029430452,15.27976178077419,68.2763377816324,33329711.141862985,43.0516510733986,828.4624872248922,3.645652171430714,1822044179.1539135,5.292050325764161,79693788511495.25,668421630241.8691,14694855709.6649,15009204552.676828,20.822913419942868,62933019.842274494,504.82394480389905,427.28381915082184,2.2056801315828607e-21,9446488843.732422,42888443.94414053,0.0391563254931146,1031.1554662577576,5.5335135681142485e+23,5.9081859514806985e+19,8.307796443066536e+20,4.285042659893082e+16,1.0011356873150816e+18,394962.09365894407,1870973594287.0625,69965485357174.195,86628.23472741978,0.016877688392706,35721.02369529098,4.686124856389102e-06,2.6289925949309545e-10,4.6352493869150917e-32,1363312393367.9963,27840612189573.805,1.338062476419497e+16,507426822197803.5,19477085470168.06,2.822062390792377e+16,2308198645987.1934,7.447606149791216e+22,2191292456956.284,5.434016602609678e-32,3.047613930326496e+20,1.6489708210203295e+18,0.0142327336311394,2.552407972782051e-05,7.506966138596503e-12,9.38095721322806e-12,6.220612644763256e-24,868.8872866070337,1.8557199146642683e-09,49073274.46972176,639344850.318526,0.0015366281661859,3.624542672346958e-10,1519801.1095740076,5.6806319030660585e-12,1.394249270902086e-20,2140172.8378497125,0.0173369899069481,3.5217193885049205e-21,7393.620527330027,1.9059816228466896e-08,1.1706313986680872e-24,80071.5589964952,1669861273468073.5,0.0083352576617587,6.112894754521379e-29,2.2531038482015888e-41,2.1047047957804804e-54,1.47345927722064e-07,63754167.877238795,513071.0480491733,0.0507057659904046,1843095.5448617872,1.4310785312359485e-21,2.874594077399337e-05,281037883441.775,1417026.476013254,23.52086744774448,0.0001157522917595,1.0473585992668771e-08,3.920148170084822e-13,3.990077899742353e-18,1.2594089617250871e-24,1.3899967716578297e-11,9.677818936154114e-25,3.0557534081600904e-12,1.3019704660176608e-05,3.389763337923896e-28,2631115.874483477,313846.5075418849,654.8294835164866,1.6348738661493998e-29,5.575991778716351e-09,3.509425982175794e-32,1.4678849181287943e-09,0.0085583062001062,1.3285550020572224e-34,1.0960616829115991e-19,1.7695666801849057e-18,1.2929353913534709e-39,1.315516732240658e-18,3.5590349851433775e-16,1.5533258862858948e-17,3.897313515200528e-29,9.79724434763622e-10,3.3473090179442435e-35,1.7057278085450395e-35,6.6695585684349034e-12,7.074133791953502e-32,1.83928345371196e-18,9.262445688804927e-15,0.084915069779885,0.0,0.0,0.0,0.0,0.0,0.0,0.0,1.250747158441661e+21
2003.4657923412576,193951.46450632063,11.904084366105346,13.402408501457105,14.41529578195329,13.964049887854022,12.56437138185997,264432127.31267965,150837677251654.0,819781911.0733399,624444779425.2197,2109014702.1307893,5016537289121122.0,102729553421.86832,4.368595022645332e+18,2.8998745537125926e+17,586559106109528.6,2608240189624152.0,495332828695.2376,75541979144078.2,4668199092484.743,2831554734748.773,2.4852995610233212e-05,9444456114749926.0,9534575121826.51,339878623.82141626,187716537363.4596,1.8391064174004943e+23,1.6649949782060814e+21,4.467163896004945e+19,8.991445316638936e+20,1.4587951723722253e+22,178015837951740.16,4.518774608261497e+18,5.60713639284734e+19,179874787367.12714,3943.74488771768,207677430285972.4,2403225.8064498315,22.24090253375566,3.5688556492092255e-11,1.177272634054055e+18,3.2728632802073325e+17,6.269036001500352e+19,2.49955255635225e+18,2.383914044150441e+19,6.81843210001305e+21,4.2890697324093544e+16,1.647005134459865e+22,8.182667214691728e+18,9.571718887060972e-14,3.982971475043377e+23,7.748220169066426e+22,272726863.8341671,149514.9356913629,0.3298236349690094,0.3863259799755974,1.4164741223730248e-10,17274628595.488655,31.670411376593197,2235385737430179.2,2268620689311232.0,138463198.11137182,2676.236691925849,2527910689064.958,1.5862281726427347,8.113109386151302e-09,567482611800492.2,714252591.5853505,0.0023727519333144,14832927796.357565,16.962338692607954,1.8017887012028164e-11,8836700956823.643,1.3741754337786368e+18,515732.4209286215,5.4472199144049424e-14,6.788022540444047e-24,3.042683923868559e-33,14467.906637670229,32359617142283.64,5921520293557.217,393310.6612522598,69768608481.26556,6.751895212056183e-09,127.75261669558236,6.477619648748687e+17,1057981380896836.0,5086608038225.876,1713514422.9794106,29814074.73015382,433699.974999129,685.2517539304582,3.181060275017412e-05,260.35052037135154,7.109689983443755e-05,495.3287858292908,1731712.62944529,2.19386001811824e-07,9951298839057.293,6611071651.734848,476085148015.43463,7.625616979807911e-09,3637.366562345317,1.7631443860379197e-11,103.83499666681276,266381625.4933674,2.948410452883112e-11,0.0048979717686628,0.0131332909326776,1.9955021766155258e-15,0.0018894452882192,0.0236553782591303,7.894555290919658e-06,3.0650885064296163e-09,401.3289008776681,2.1842761886690613e-14,3.4725774293693216e-14,1.6008720196518902,2.85735340265864e-13,6.504000780940761e-06,35.92272369120723,351341744.6687109,0.0,0.0,0.0,0.0,0.0,0.0,0.0,1.2297974786360963e+21
1211.6920195221248,251078.047381622,12.11235833543187,13.104541668564002,13.145325534266288,14.930944153573382,14.621576219192724,5717.052973350286,1275593941953.5974,23357.160549759057,8.638759462497916e-05,18410.200368381826,78897606379519.27,0.072009191923036,1.553247419424779e+17,1056291609015448.4,8.823604550067294e+16,1971433862026.0747,50259.45200554691,1235629747406190.0,243459717246.71292,3.8722503656856376e+16,0.4204504635882235,75334528.90617114,1194719725.7711618,4.909687936721124,191808.05009878727,1.5184720470184886e+21,2.0389786712417434e+22,8.224475042977039e+21,2521506329363677.5,1.205406999356828e+22,3.605080242860872e-08,52748.797570055736,402302362977.4785,4071299783.239885,8839297543.713253,2746696181801.9663,686450.9166004348,418928416.0634428,7.934102709747258e-08,9259.910509608808,871431272.0600712,6063052636774.3125,442167.4400696479,2.667549600440975e-06,823.7048215123244,2280195.238293991,447611425895.2902,2.2705447345782298e-13,1.0875229016081769e-12,110150.88386009904,2.227420726217621e-13,9115977.373196326,54973117.56855453,39536.133900630535,49729.03715563554,5.216619701802328e-05,84775663334.31564,272.7168064355063,2.893364435451951e+17,4.527795086254098e+18,152367429520.17224,905965822.3241414,3.4505584455901024e+19,114267.84774514684,459755392.82754993,1.9150312150590945e+21,3.382945992479183e+17,91948836.25676416,196892575115.49957,817.5586798048679,5.619082209660152e-11,93317084411643.2,1.287562688210824e+24,6185810779.689929,7.638262862766012e-11,4.706179491969603e-20,5.5744500976204675e-30,682813.8182002201,9750479173736342.0,1.1200393717991604e+19,89602.95645963166,1.0950294318367958e+18,1.962949227796085e-12,31600083992.41729,2.4217398293919055e+21,1.335047746156491e+21,2.4597203750157843e+21,1.5538383907747772e+21,1.6268113001254176e+22,6.57347660529945e+22,7.905418737691013e+22,2.9409291025869736e-35,1.994263968756975e-16,3.6695521031465984e-30,6.302939424598667e-12,1.1342914868623949e-06,2.2320687277758683e-34,7021675.574310021,321907210.5765182,2.179331580403348e-08,6.211762891036175e-29,0.0245622212931206,3.9241168007612914e-28,23.978928736682732,9891636030.484352,4.9047954871863113e-29,2.8383992033427992e-08,0.0020030793222569,4.662441343400159e-40,5.731521406460848e-13,4.27333640842338e-12,0.0001344221740682,1.4950530957458466e-24,38.13257717600592,3.11229075210167e-27,9.152254846428491e-37,5.33081144541844e-07,2.117894463060433e-29,3.3327294548164237e-10,1.2372102623507874e-13,671762.5232067003,0.0,0.0,0.0,0.0,0.0,0.0,0.0,1.2281415063393067e+21
1275.0159567800506,113086.48968180075,12.09421364593218,13.506835524592484,9.108865166741287,6.594824076580406,9.37041906583928,18.02231555926044,3531173126.7994795,208066511034999.25,1.774547440455963e-23,3.4130388302026295,4.115662871795875e-05,7.663731973277666e-24,3.1739542128536266e-11,2.8746812882810293e-13,0.0149758501386209,0.0366024164833439,1.8218554606177428e-21,0.009873032516193,2.5548302115091533e-18,1.2792115444684315e-16,7.512278605238891e-15,7.001393940654021e-17,7.769870104064007e-07,1.792985500677693e-28,4.0870364756124114e-24,13822563182.927015,2.2569307753229353e-08,5.012901397491693e+19,8.096339281166494e-24,2.4203745549390113e-36,8.314261929938983e-47,1.9422990068185003e-38,4.170498240259563e-35,3.5735665374048497e-19,0.4298891162684465,1.063331759288286e-40,4.257324533799042e-38,1.4891280094191906e-17,8.542677177096078e-48,1.003404966367241e-40,4.5244181703988566e-27,3.583265047288437e-37,1.8065966813199809e-25,3.3066886150835538e-65,2.7071792785727973e-60,1.681156728948831e-54,4.728955904692833e-31,3.859247208121049e-92,5.328103230076019e-75,7.771237299075957e-85,2.4672381688790783e-112,0.9102134556141336,4044993088.142887,3313655124478970.0,4130980292620258.5,8949350641383509.0,2.52411379671919e+17,1.7928096588407588e+18,7.377974971893915e-05,4029117569332.1226,6.24048660727521,7.649892234437934e-07,2.4148682298333044e+22,3.6463301451428416e+17,7.980121210936558e+19,0.0002058373912115,4095.523218423773,4.0649334781610954e-14,1.454497173492299e+16,1.2167216532793728e+17,27717407654585.96,9.174923883293144e-10,419910116486961.6,8214782885.002965,743334799.4909819,877350582.6553252,290343530.2319528,3.2560713573645706e-08,3504773.2529235347,4.1169774527137756e-10,6.143474236615829e+23,2.381683726709485e+17,7.35177289517255e+16,1.1458802186223522e+19,8.203316572585498e-17,6.657112003237147e-36,1.768928122276751e-54,1.321317285231517e-73,1.8849980117970791e-91,1.141051352023509e-109,1.8171379882134723e-128,4.387264712855697e-49,6.548535334868635e-38,2.103816910408569e-47,9.390153747834222e-37,3.469738359314325e-16,5.888969769297629e-53,3.0972809418515407e-21,4620.665662951336,2.12154125527678e-50,3.794736900492106e-26,1.387130177545318e-07,2.1191935787511854e-16,87282.4266492021,2.485264024978435e-15,2.3227232727164306e-29,2.468852653370887e-16,25.422669305331237,2.992027975889779e-38,3.213798144652282e-19,0.008811811348789,18957702.876366615,2.765413030715021e-28,7.823707769528012e-11,6.637449964188885e-22,1.8085821892455685e-21,6.914377038647728,1.543858233362261e-05,5459003.887658353,3.0259763784733703e-27,3.8025532104852e-16,0.0,0.0,0.0,0.0,0.0,0.0,0.0,1.208450932427739e+21
1480.3588170305957,47744.570229920486,12.009490855101085,12.757553408857202,12.355631474639106,14.43566339235092,11.608936996733236,1973560.3682492296,61884816023211.17,4408934411.710423,0.0036207326310805,38449718.23832575,257870202658359.84,0.3216878209267094,81696358582310.42,1583185724076.1672,1516681551163470.8,956448139893.0532,5159.745660822164,32529332956761.24,318072896.90594,874425809133.26,19.160900035026515,8467874.746923976,2364422177.8806663,4.035509493743221,22108.26614056829,4.609769242541662e+19,1.0067276995660964e+19,3.7391197467834854e+21,939666924594.3702,6432365318278037.0,1.554068242579836e-09,3.2950939790416367,290704.4734827527,6793153.655214217,7094290717.884306,75364.2235761283,6.833334066630382,2343838.9006916764,5.427505463183525e-10,1.2467211503656914,513786.224588841,4369771.951957821,2216.0835999302058,7.923754134973982e-12,2.2659003326191872e-05,0.1629318632314448,703191.4059186795,1.4785249676050853e-21,8.21622764659812e-19,7.023779483516472e-08,2.0632169574610391e-25,2329556696.23874,296255129624.527,22238134271.061428,27076091567.033752,26083.677058907462,342057304475194.7,1281170942.4488308,8.127763597222528e+16,4.0690712134416415e+18,1764259312999.4875,7254621738.210871,8.238970648642678e+20,45220463294.41076,654686809150008.2,2.698785871056555e+19,5.387156279307753e+16,97483721.69889311,912274748605191.2,3158117451.5509233,1.1270769416404085,150633303777724.53,2.2816401654679297e+23,12041455599239.69,0.8990581836117482,3.892209605557106e-07,1.275191075668594e-13,108191123.63377243,5.2426291720955994e+17,5.15750030566071e+18,416476134577.7315,6.05627080178463e+20,0.292012302276476,7337566017823686.0,1.2845515006062168e+19,2.302327547527101e+17,1.2873223527285094e+16,119349267277430.31,30817142617180.29,4351278347100.95,116166232112.45746,1.530511318458127e-27,2.363149610985283e-13,6.81363461103568e-24,4.819439363473159e-10,0.003036448820855,4.552944764323191e-27,263447.9190796479,16954913952.649883,2.0391807363888902e-10,2.1724803845996992e-19,82.10876603687673,5.582804668851818e-17,1026003.9471872554,13245351684.455503,7.977899393711827e-20,0.0005432214241972,440.06755177509126,3.637626350424696e-28,3.478381515513345e-07,0.000745593191378,2174.884123500827,6.020585833294781e-16,28570.368231630793,1.3709576712346619e-16,1.2691482102785353e-23,2.021828598243383,4.913967857073842e-16,0.1904276840981469,1.0134542191004418e-07,15060725.877349854,0.0,0.0,0.0,0.0,0.0,0.0,0.0,1.1728912756692145e+21
1113.6148715547113,63049.405135005305,12.031169791253172,11.6971581106468,11.89482558391625,14.013818770047978,9.670563265002356,53.56011736397677,326867135079.30707,0.8469521458656899,0.0004800418737124,165.75641014487775,3312361844.1152606,2.0034854149582726,1.2916302375998562e+20,5.285266852195398e+17,1.7930853947448547e+17,2129120352918.0764,14725105.37810222,9293927403806368.0,1003125268756532.0,1.932997862174372e+21,0.0032806852612884,2729038729.7113028,143800574.01848635,25.222811370728017,2566462.012558945,3.7159620660599073e+21,2.7918108703304004e+19,7.227744802038554e+19,296102503244761.06,2.575704636471431e+18,0.0001933066451988,11434469174.698025,1.292158903992529e+18,54865976761.13512,1050464.049387968,1.231216790101005e+20,23518436692.284008,121058880.2715403,4.419394341379586e-06,304592382.2823616,185842416912.7454,9.365452915432568e+17,89969692.06802282,50.69615538690347,258553250137.3195,499585498371.8739,2098798461225844.0,0.0029528303819706,1.0807258156152722e-09,1.759006335072834e+16,7.3612422510258995,383106.7482986979,6976.5113783757515,0.007024097424817,0.0089761123794423,4.589774477028276e-15,33421601.49034963,4.6404493624150986e-05,67364055014374.914,1.351428086862246e+19,48470310664.02796,128148038.31964016,2.7628985413597856e+17,0.1094274898781699,3.183691026240401e-06,3.218793152403533e+18,1.4592865891109097e+18,100346174.7230141,15894227.066254778,3.352983325627521e-05,4.862490794149423e-22,2035321182.4321463,4.032940692429049e+23,283419.0625902273,3.1741622134696146e-22,1.0922431225215655e-34,3.6895102937243625e-48,2955.9941431916395,1390857026.0205836,1211278949.2053068,0.0090689640062501,669813905.8540183,1.723513933501481e-23,0.0137692859988268,172125557820499.72,37741738551.66235,28758255.270433698,10683.60148610203,51.16221937402069,0.0799839083841594,4.627676929216022e-05,1.1509166896325818e-36,3.431028506705347e-17,1.2199849996422723e-30,6.827883276686117e-12,1.1996919289981836e-07,5.0827019433175594e-36,67799380.74590488,43969.5441945117,3.8304472744435454e-05,1.5619213155926938e-32,0.0001264384180294,2.1505984234526032e-34,0.0004707999524105,167476.64536552108,3.023391160033557e-32,1.0610259116119984e-10,2.0638689420529997e-06,1.8541455716506428e-45,5.156881531444536e-17,1.3230028920433513e-17,4.316739223117619e-13,8.620128131962876e-29,0.0325910290079282,2.461759134882591e-34,3.226170329327549e-44,7.061727077041013e-13,7.674465656784447e-39,5.125882159155953e-19,7.9423361284587e-20,1.735250165136489,0.0,0.0,0.0,0.0,0.0,0.0,0.0,1.1666791800899042e+21
1277.468856690228,157838.52573965647,12.029682464036702,12.93347438666605,7.237120477674791,6.751893231918375,11.334274413814477,3.3434118466905933,5973945415.72133,242451098194353.75,1.2398200651631727e-24,20.83425804865037,0.0063942884405402,8.517602606629343e-25,1.8205587405533512e-11,1.66635060687558e-13,0.0091742801560482,0.004102574128128,3.171771685839699e-22,0.001748423586636,6.925817991134662e-19,5.4163790580633054e-17,3.9136367242345486e-15,2.605249201315469e-17,3.06854530949055e-07,3.847210343617946e-28,8.597806816840782e-24,926102648.5568165,2.2270604982902323e-07,3.5588391062789105e+18,7.72583941019796e-23,3.319495167085192e-33,3.647495940050998e-49,1.2981215319976e-40,4.33584274292223e-37,4.270178533075477e-21,0.0058124631711056,2.8316162760040365e-42,1.2404245841835676e-39,4.916087000981013e-19,7.254431528626411e-49,2.3478286627157327e-42,1.1080303980038703e-28,4.496322566631727e-38,7.997707472829622e-28,8.8652810538589e-69,1.1265403026698132e-63,1.4299990628397802e-56,1.3393601004129603e-34,6.545336969380352e-97,1.9873071996097404e-78,3.837347972619339e-88,2.575580344567119e-118,8.851144678645719,41825372672.189316,3.702168432993547e+16,4.613812159614943e+16,1.1038753644875694e+17,4.604002156899209e+17,3.620243325711914e+18,0.0181954921752429,10654510008847.0,95.70858877279592,6.606894668727255e-05,6.806285243089404e+22,1.168504303150973e+18,4.2284495741228946e+22,0.0801429324407887,97880.7831993606,9.105210994751122e-12,9.22989872125995e+16,8.51906316501442e+17,218086816211156.88,8.000555763654259e-07,1.318595681473927e+16,292083792142.77795,32882435135.05708,42745016334.940926,15796713958.296225,6.187677603965631e-06,577566547.4169255,9.928595090247911e-06,7.624118808057993e+23,4.143342592888398e+19,1.0442516795476493e+17,2.184294922896548e+21,1.8342399425917378e-12,2.2076827806433002e-29,8.69416873669119e-46,9.55480767521352e-63,2.0159825681154656e-78,1.81116215089913e-94,4.2613168944349586e-111,2.017516476376941e-49,8.278023987979217e-40,1.5221824933575348e-47,1.8789653939811703e-38,2.423999921376689e-16,1.5164014425394729e-52,1.9942430136206861e-22,60.201814903647886,1.603542802348189e-53,4.401600947739688e-25,4.2841240182568744e-08,2.6312185927633668e-15,28522.32206644587,1.0893623870474441e-13,4.349740527890926e-28,1.2625088814332895e-16,730.3843287925632,1.273129884359311e-36,3.6336392668374513e-19,0.3553380122802553,23558983.66694266,6.164049635036188e-26,4.6745792352683e-10,1.5993085363825038e-19,1.4452066738344098e-20,1.452768083877132,0.0001278836368078,1243982.8054799808,3.0449917697633154e-24,1.053796972664359e-14,0.0,0.0,0.0,0.0,0.0,0.0,0.0,1.13340566774987e+21
1447.0704338089467,236195.70562576308,11.960403882785776,11.344065501273734,13.369173707691392,13.98439412640372,13.696083581019504,229045.5035540081,154143155256040.9,153467.26045076436,210.6333652791116,29472819.218019977,2821061836300168.5,87915.35033050503,9.657486455643375e+19,1.678854281840496e+18,1.5309896183164278e+17,40375293514182.96,7769496413.760445,6916000395732437.0,2804477930819055.5,4.373183803106137e+19,3.1863948122188797,1541949920273.62,39159769842.08516,1010701.3998669324,6784816052.495065,6.96849445489822e+20,2.87865358460572e+21,5.228338780924081e+18,2.258917205788395e+18,3.763542044297442e+23,15.806118709800366,245785588312.3378,1.281197865139274e+17,20093695534.59198,166126.39523591322,6.467389334152374e+17,3897064064.326007,10370764.105319688,0.0002664325846568,38991591128.06776,1690221962853.8684,3.977222535293982e+17,3451063295.8010306,18679.78080306861,323287270534.23553,197404579952.2895,26507576714242.992,0.5612965415471006,1.1377133637151996e-10,198496972783392.9,16.791359665992324,8274041677.822058,94038722.6068662,533.8285307132754,652.161657142856,3.7914484713012946e-08,66128737693.131386,14.597381880320746,4.273218493113696e+18,5.713935591711676e+19,32178530089642.867,232472521215.21945,1.0104018012797888e+18,2479.3556596719623,5.822324404489597,7.207444058649282e+21,5.70600583839491e+18,53330815238.20438,79000135718.41603,16.68468686643427,3.000774825947516e-13,3002016960748734.0,7.834988598829608e+23,1928698922.2267656,4.280045419615681e-13,1.1485660578597612e-23,2.0261242288693543e-34,310147863.3035025,526169751283040.6,1.0477720219010222e+17,1275.6245537998625,58505136012413.87,3.735987539070761e-14,46398.18858556136,3.3820147753141965e+21,1.0679495280316938e+21,1.0587432099326314e+21,1.876846809543303e+20,8.779361805769356e+20,2.1652568229664145e+21,1.0588350126907608e+21,9.728676411623116e-23,2.074398024359323e-09,2.2802753950533692e-18,2.098842539351075e-05,0.2455164569394502,5.398968122071375e-22,11476040238.891775,3092789.7639511297,0.5189046450929565,3.8795465633206134e-19,28.137667767250623,8.332184605612096e-21,33.13884560070666,126620412097.00894,5.743613721891907e-19,0.0005782875352329,3.6524958379142536,1.6853657210148896e-28,3.15943714032482e-08,1.0141344391189585e-07,2.1133685612938206e-06,1.0359694181082465e-15,8804.071820202123,1.7747629331048232e-20,3.161108094699943e-28,1.1003011750614888e-05,1.4238152941268474e-24,7.554968228084679e-11,1.4304805075911642e-06,28799476.328896552,0.0,0.0,0.0,0.0,0.0,0.0,0.0,1.0980556570769369e+21
1179.4696676522915,786.5840568520742,11.937165225691038,18.82678762954848,18.050275459895463,14.731173159591204,18.81183758751516,3.5043548360794425e-05,0.0003275175040335,6806801300031.8955,2.746762782883428e-23,8.268767948080516,3039439278337100.0,1.4780277756796366e-35,1.7699388922040198e-19,1.0281521263751973e-21,1.0812794352189247e-10,1.0263421230217653e-12,8.387072188538634e-45,4.599699506033155e-25,3.612759906690506e-53,4.879112228416711e-63,1.976877587020399e-62,8.294856624550512e-14,0.0015554442038421,5.705901937280486e-24,2.9990835724988463e-19,2601728018251.41,3002443023110351.5,4.830310849372501e+21,0.212724361352065,125998786.1498368,1.804053971700497e-44,3.2567370157226903e-47,2.243973047056142e-55,2.3507634688506905e-39,6.6603456745943625e-21,5.323977507295441e-85,9.974402988303866e-83,7.8185946612003e-62,1.673801183297808e-117,1.5734156746479365e-35,2.1551764477021204e-21,3.221014002075156e-29,5.569625994512034e-22,3.1476034148201755e-60,9.077961706910592e-67,1.7494358857108748e-44,1.934181968247525e-24,3.7849132195299706e-85,9.414674930012534e-140,1.4957489912980477e-72,7.8874212833304835e-103,2.58663740752692e-12,0.0179142957359851,11652.008790565556,14728.15788608654,10072.782149132916,20289.906207894328,40995.36395534957,7428.048054202101,9.754218840608164e-13,3.173049125609819e-23,2.838983683128279e-28,0.0082326367890571,1.1495983682801888e-08,5838371748237301.0,3.5552187895540985e-08,6.193882865031314e-32,8.324132613793528e-60,1.4238043359480886e+17,3.905573383485e+17,13494652713525.658,5679496279884.172,3.3668012004172155e+18,7259384550703.669,28273617716.93401,11842765321.149551,774448471.4440366,0.0009150435436303,4.830310849372501e+21,4.830310849372501e+21,4.830310849372501e+21,4.830310849372501e+21,244787731513023.8,4.830310849372501e+21,4.830310849372501e+21,4.830310849372501e+21,4.830310849372501e+21,4.830310849372501e+21,4.830310849372501e+21,4.830310849372501e+21,4.830310849372501e+21,7.693201961994821e-47,5.637973130946046e-43,7.301964290972871e-57,1.2360039259244847e-53,1.0990084827397552e-23,9.554201853457172e-49,1.34052499710265e-22,4.798525136034961,2.0165529009009492e-52,7.11996819254787e-38,4.9033208139506895e-26,4.670744160089157e-28,5.913660129108065e-14,2.944216081074152e-12,2.90790779233123e-53,2.0092888627434572e-47,3.7923243082467986e-33,7.29790243175477e-37,1.6116957121447778e-24,43.01348588529586,761.3181095643712,1.038432553675342e-23,4.173169653144484e-13,1.9424741818445458e-17,1.1872364478705361e-21,1.4540632721920956e-06,4.6150660833848286e-05,0.7762014757750894,4.987761584713796e-05,0.2847375226268465,0.0,0.0,0.0,0.0,0.0,0.0,0.0,1.0870472360066105e+21
1443.7718844963097,224054.7509390354,12.079700666540823,8.14951431388279,15.5476608513706,15.108624533601024,9.112914466053423,122203.3808450831,35560336208.75659,0.001362974026373,5227958.631273487,2322.9084307295843,20812246634.474533,536923.4631351498,5.542227139415713e+16,952882708970853.2,854810.4327420013,2547942.745115225,11866313.04013329,108154.8023068574,1077800757.2739956,4215462014.60579,2.684528130430801e-26,3479933782982.973,865.3843582915944,190.78472434207353,1307463.6938925867,1.8841705958571782e+17,6070933215662.92,13866167.141861096,4.7343209422764294e+17,6.311934054038295e+17,10889194248.716007,4.3593951022558376e+16,5.723383510601925e+18,8.425753578282868e-05,6.649275048656184e-26,1727129156328.979,9.870866356338769e-05,2.5023380848931684e-23,3.6711938917366086e-33,2438176590340472.5,1050303007.9362508,2.2447192753228872e+18,24545596746.226124,3.675706067649938e+17,1.6061045586532292e+21,297396779.3944175,53477336332.99333,3.040347395924518e+17,1.171026902927074e-46,8.645254140999115e+23,2.5774373020383408e+23,160.23568810908458,1.7800608542234225e-08,9.710772943723836e-22,1.1867416157121417e-21,6.479979884852022e-40,0.1469898350897027,3.040104769442192e-19,7775072903.299106,3304159796562.925,154.73076277279736,9.585271031706496e-05,569.7486906810674,1.2736722741286458e-20,2.2449975125631297e-44,3252528191.1584888,6898.31093410287,1.2971174377110308e-12,0.0623247937637028,1.2376362385713445e-19,2.0527027591999555e-41,1906036.5429065735,5823204349585290.0,1.3115659985958697e-07,2.5149802695793946e-45,6.356207887202363e-64,1.040974361369002e-82,0.0001832674311048,38.04269455603407,0.0594948306481513,1.1055857208950716e-13,4.165823138762322e-08,2.929570701563259e-38,3.1286782348552115e-25,199426434298.44485,487643.3711852836,3.746034124039464,5.185248744749785e-06,1.8835728609469063e-10,3.594186530027497e-15,1.3664206011436047e-20,3.669406485460756e-18,2.8211267431089065e-05,2.1409061327290184e-17,7.062242167423294e-05,2.4926616234461723e-08,1.7567690436201643e-21,14871333886.615086,4.428342653304821e-06,206202145.25074425,1.3030665136886977e-22,0.0035235411355317,2.716851090698305e-32,4.078051904223577e-11,128.6454898253584,4.673745063846631e-26,1.70855462844926e-11,7.9206056000685605e-19,1.900711708513416e-32,1.3313143503301032e-12,1.2614705661962217e-19,8.764194172488772e-27,1.0809613121325253e-23,3.400970279089024e-05,1.778689628723206e-36,4.086671231477889e-36,5.373715163579457e-14,1.847987017980091e-40,3.5325832525588754e-27,1.6310149198738458e-11,118.16902802064472,0.0,0.0,0.0,0.0,0.0,0.0,0.0,1.0736736235670974e+21
1427.375994390887,13680.94768898777,12.075742039529262,18.12460792906034,15.11013068436412,13.685118468481267,17.955355612872417,0.2291028197756229,5.080663437795063,2786574778928467.0,2.973248594521914e-17,59564.44914994673,1.831321745041028e+17,6.037818017415242e-28,3.876464506837188e-15,6.304252904933783e-17,1.935562460602238e-07,1.2563266366205737e-08,2.862766026650909e-36,1.092765144188578e-19,5.755282243762172e-44,4.9019108634786335e-53,2.1891419420186652e-51,1.0430265921837407e-09,0.8673639723336509,1.9784223723663188e-18,1.5045998341656722e-14,6132089359761.658,2301845921235519.0,1.5221512683155717e+21,46.78881747646235,826862373.292062,6.187533114703848e-37,6.152902105850548e-40,1.7964378141317919e-47,2.657240647650571e-33,2.2923516699307697e-17,1.987812676673128e-73,3.235179799169508e-71,8.876764855405721e-53,1.019918916978774e-100,7.236945880347506e-30,1.1229186963513476e-17,3.3832423117698587e-25,6.0894171183961785e-18,2.410527753457358e-52,2.3708979526131617e-58,1.3675064519507577e-39,5.497039596239612e-22,1.9108302866531327e-75,3.8422907019923025e-123,1.3116738045020534e-65,1.796868319059615e-92,8.066613144408403e-07,296.94522079997125,49285747.171328366,60335640.80154474,89298867.20251568,64733338.025793105,358485653.8189295,13685225.904682186,1.0246880689303377e-07,1.611972733662153e-16,3.916247639391823e-21,57.85659263893162,0.0030065628893605,7.031367825192998e+17,0.0011781813642365,1.5839975300710131e-24,1.817134061131094e-48,5.970327360927609e+18,3.231177290926128e+19,1.324633664810676e+16,669958501459876.2,9.45466620749627e+18,505891899098137.6,64219284561112.12,44605597611344.24,18676793772432.355,7.973193725026486,6.942158277301595e+22,6.942158277301595e+22,6.942158277301595e+22,6.942158277301595e+22,4.4200978541019386e+17,6.942158277301595e+22,6.942158277301595e+22,6.942158277301595e+22,6.942158277301595e+22,6.942158277301595e+22,6.942158277301595e+22,6.942158277301595e+22,6.942158277301595e+22,3.868279908111531e-36,3.439485305714056e-34,4.7304824965078424e-45,1.7501624727941544e-43,3.036965302182557e-17,7.4886518547898e-38,1.2097521851791789e-17,967.1881937952866,3.2538844362814837e-44,2.78131186850868e-27,1.0293547009674728e-18,1.8565062529569948e-18,4.056050618786056e-08,5.339278518081027e-07,1.8239426293641617e-40,7.985975373930733e-37,3.3962450575053404e-24,6.671802412799338e-26,6.466406301855707e-17,2697236.6777645,5428470.049575519,2.182652579754722e-15,9.07218908124018e-08,1.089834110705887e-09,1.2469532887002178e-12,0.2398380926098249,213.8323984765421,47069.29435162101,28.965034663706067,2403.3080157439676,0.0,0.0,0.0,0.0,0.0,0.0,0.0,1.0696286852117038e+21
1235.1814924973444,160655.638669903,12.128216401407764,13.225235941622948,13.139817729406376,15.08086400366808,14.527904465417889,12555.824110241883,1482374272783.936,97799.74346556953,8.575408223709445e-05,36592.067237791816,111645365384351.58,0.0437261928509571,3.257348967609664e+16,247204238165100.25,3.1229755843384524e+16,1111677473142.1367,15899.29460795583,396968739824186.3,37699341589.92052,3030840994142037.5,0.2061368954844419,35864400.51325441,898797475.5810314,2.5641115318466716,81492.22545626869,8.283269049908367e+20,9.008399877926608e+21,6.971132922614462e+21,924493084664927.4,2.7747992880574827e+21,1.167072873352228e-08,6655.28986727481,24578550528.294815,765900489.7986104,4354876470.429105,71256212528.42352,38645.39742756537,62522864.89360096,6.186668559971203e-09,1458.1455969303638,187601570.17140868,491760166127.3304,133680.36647693702,2.1246956426515266e-07,31.04581552614014,113745.36139259662,45566350560.28236,6.363463251926897e-15,2.0029123546822622e-14,930.2003573671772,1.6527386562151224e-15,11250268.176851235,109376547.43819994,149802.8524436571,187781.7315123428,0.0004711175741856,183608656616.26697,1449.4823560038017,2.449522824115175e+17,2.68136663580849e+18,105192065713.2796,536016441.49161655,3.377979895914034e+19,362332.7186836885,2848545019.791463,9.164176245737128e+20,1.1523519874708738e+17,26282565.42865994,498623703377.6586,4905.60707455563,9.66430741749613e-10,109364908008727.12,8.548494895783629e+23,12738212612.62358,1.107091272985344e-09,1.5848613507652346e-18,5.040626771567725e-28,822447.2078941301,2.1680776886389856e+16,1.887986150280537e+19,615063.9815813244,3.639876132447509e+18,4.677184198763263e-11,231447764628.55817,2.183453041869145e+21,1.0490310400514464e+21,1.6710474695525678e+21,8.458563171649419e+20,7.491955355150804e+21,2.6556184661645435e+22,2.672469453232293e+22,1.0640444500265106e-34,3.3537604520262544e-16,7.244162511930997e-30,6.1647406021636066e-12,1.3209133714323909e-06,6.527192217739173e-34,3557420.51295915,536228716.3557991,7.178808160773675e-09,4.026752723416881e-28,0.0530906244983181,4.397782953129305e-27,79.39762814242299,11790263994.490429,2.269387184798032e-28,5.6953726948041924e-08,0.0033060649674823,6.141809891261133e-39,2.463696050639472e-12,2.735234155156488e-11,0.0011184761474517,7.947592374064557e-24,72.47370337893372,3.165213589584029e-26,2.1419576937436355e-35,3.648660802033607e-06,6.131597052924607e-28,4.520043385084595e-09,5.396891099330972e-13,1388426.8006433267,0.0,0.0,0.0,0.0,0.0,0.0,0.0,1.0549167594147394e+21
1177.1825529913888,164133.49026782502,11.93818638963787,11.336616367648007,15.423462764963109,12.915194674013764,15.897857668957563,1232.6579018033683,178646343605.878,0.2473776285175151,0.0011019017908649,152.27614718175724,35964818450816.3,0.345954352520504,9.168051110857078e+16,526472800814681.25,2239285566518.834,1022591968.9097508,116487.38721057631,269401783078.06055,299699204678.1191,2.409345898939094e+16,1.4367130705857288e-10,71142926.70238103,53708.98364164637,0.0959314325701266,5152.795766020358,4.694241980604236e+18,6.797319655766885e+19,1242161465465207.8,1.1626633957248685e+17,8.875024867401733e+23,3.263213044762328e-05,36036964.6669736,148480417198668.03,2466.438940956285,1.1269333468453089e-05,118345701759492.9,863.3980802885902,0.0010902388796828,1.8162210368215695e-16,607615.912880488,3401922.726859961,26396351817976.6,42861.13259218186,0.2644029505534126,45711103.5260045,25548.029804324146,282545360.35009354,1.4223671216171808e-06,3.408498306016108e-26,2497880196.059563,0.000136611772628,27749.38361266424,7.720662321245972,1.982527033520974e-07,2.5068167591735564e-07,6.608501331393209e-21,437872.03900233813,3.4008747838791455e-08,5.140213186732967e+16,3.164322419966472e+17,200483548.00346693,36085.14954384343,107005380945943.36,5.579104439992411e-06,5.783164258593287e-11,1.447400713984918e+20,233551845264556.28,350.68887637662965,107967.65598790684,1.1426687043549152e-08,1.493248467579823e-26,1356738829305.622,1.376868443029886e+21,111.35423164864812,6.304850799055641e-28,1.02107954025499e-41,2.542740423537876e-56,6.958419418653598,213308808605.80557,292475620625133.44,4.2661252574752234e-05,1241901730.865135,1.3224074842989674e-26,0.0010218996216685,1.722129441802016e+21,9.141258585623888e+20,1.6422684000738494e+21,1.1373938330787912e+21,1.2007474301856293e+22,4.626818605296118e+22,5.706009085696325e+22,7.053929972623812e-35,8.174531979685132e-16,3.9535185207678595e-30,1.0510946936621371e-11,2.6565502038583006e-10,1.7731082802116866e-35,4363206.433964333,12.424722026393914,1.3907589791277068e-05,8.488709687465104e-31,0.0009572176891551,2.220672479145068e-34,4.66251829321588e-05,750769459.9510571,1.9903485112384784e-31,2.1906404271494126e-10,6.769079977543434e-10,2.884938140313091e-43,1.0455921508145384e-15,7.74698956544688e-19,8.221492365084254e-16,8.936870146535942e-29,0.005837831223681,6.596653902458848e-36,9.42902262742721e-43,1.9171125671233665e-12,1.5139296611063065e-39,4.023177634559426e-20,1.3728539120821114e-14,123682.14765578076,0.0,0.0,0.0,0.0,0.0,0.0,0.0,1.0536870424770546e+21
1267.457992467951,1456.8087146857565,11.938230912955705,7.635109041408123,11.82944421422481,5.9346247523989994,5.2323068520305105,440734.4659281915,109486290733689.6,1.3600755106568849e-07,3191923.5594474627,1.144347348146372e-08,437866.0337669217,51746271446.49404,1210289148016241.0,10609077867557.018,489.3039048832475,253042850809.17847,4.844151558772299e+17,2616933497233091.5,8.325027441290725e+21,8.325027441290725e+21,1.8476370329386671e-09,64498.76541117699,6.253739119172132e-07,6.609656858432441e-16,1.602103662670835e-11,2.976571129074505e+18,61043344174.17653,9479074.265152996,2.31187983528772e+16,93649205567280.98,3747714589690.094,8.325027441290725e+21,8.325027441290725e+21,19954946.00367642,1.806980922801945e-17,8.325027441290725e+21,3.576395793503537e+18,0.0009377096990334,0.0006853991849122,23061604360.691196,948.7129682429678,412857.3036475839,8322223383239.424,8.325027441290725e+21,8.325027441290725e+21,0.000402261555322,5414195238691891.0,8.325027441290725e+21,2.1212903250279687e-14,5.656955919795596e+16,8.325027441290725e+21,0.0001140581656242,4.40283596035106e-16,2.980860033108814e-31,3.719877909222621e-31,6.222999274155197e-52,6.511537658111241,3.5445340206873845e-20,29662280668.17121,4.952218073790238e+21,30.14789914383242,1.5918388044563014e-14,25592898523.251343,2.726290424104648e-16,5.7802510774390215e-46,3180448012282062.0,791808598.4308282,1.1042828494901636e-12,4.5441209468611e-14,2.94384425847655e-34,4.9062602344931385e-59,4.248038179959425e-08,0.0080313977594828,1.1228384647656054e-28,5.696140734454523e-72,5.235995597352309e-93,1.2927050531472491e-114,2.1450169642175865e-33,3.263871305845131e-05,4.9120093821543056e-11,3.4711044304863693e-19,1.9703609847249236e-15,2.8707194478665896e-47,7.50141579429617e-35,11776.605270433764,1.1745218038562774e-05,3.844315814039337e-14,3.618213859518576e-23,6.399491402973827e-31,4.750976932750934e-39,9.410932906891512e-48,1.735627444536388e-24,0.0003113230605404,3.2326425144328413e-18,170.15928348871495,6.248405368153651e-08,1.021257770337364e-36,86622.49865922041,2.2095548106246653e-05,29423760074792.75,2.2795245410505123e-26,110.55434993751382,1.0831270948716189e-37,6.136137061440765e-08,27910.379643653527,5.002223259668825e-25,0.0065227161244597,2.4175905278892108e-11,1.846270783700791e-51,2.648124105221789e-23,6.752881475979834e-37,1.2868169053159309e-39,9.20099965579713e-50,3.382618340067568e-23,1.8225639052608795e-64,2.28909121144922e-47,1.207379629290972e-16,1.8368626526138066e-52,7.786667943370295e-32,7.44308960638611e-22,0.111757842729582,0.0,0.0,0.0,0.0,0.0,0.0,0.0,1.0428522885128212e+21
2101.705054699898,48807.63130732822,12.005351167708277,13.3635236454972,14.279976869647674,13.91533253096493,12.631183627705084,183813794.39732888,5520263417282478.0,5896629401.771887,544963809246.14624,125879507750.49132,1.5128532238682024e+16,1274360163602.5034,2.4332509984095047e+20,1.89982758136376e+19,6.16984182193963e+16,2.4984077072852456e+16,68538333537005.52,9306575447299672.0,6608776261834547.0,4.312553439490153e+16,4.402562375515552,5.9845930085579176e+16,104492572570669.38,54235582236.58466,22156985854702.22,5.664072531325029e+22,6.935788634180409e+20,2.3234170854774153e+19,3.233334393475672e+20,4.858711952892929e+21,26172042679230.777,4.861071665904557e+18,6.123146941027539e+20,7912775479164.05,551185.1480588746,5.541914487855675e+17,17790719056.598194,534756.0461953997,0.0003273129263566,1.3063713656138867e+18,4.996205437074856e+17,5.682442316271057e+20,2.915000742248067e+17,3.833118875217344e+17,1.0448388023549556e+21,1.4799626014608054e+17,2.996806278140001e+20,2.5752642923438124e+16,6.405694359981772e-08,1.022445634839745e+23,3.056711362143815e+19,235121343177.13528,227343170.80547097,1144.9100806255285,1334.0327753894603,1.5667378587197648e-06,1365049899587.4812,8266.398106810004,9.223908924972717e+16,8.912975158151739e+17,1482042623905.6309,500151352.22810835,1804428877561668.8,5686.71442737997,0.0001108400205522,2.9623238266828346e+17,79348385809165.69,133453.26861470172,1092449072146.9456,3915.1438238946703,1.7519452547640276e-08,436052835799997.6,3.468352766279563e+20,614674515.2344198,8.959102482911124e-10,3.4625209803475345e-19,5.866815079248798e-28,195655868.6366633,165017157690578.97,36505401751871.19,5088547.3409429835,562075015182.5359,4.842356740301202e-07,2917.0861542592206,1.8188380141322332e+18,4444596678743293.0,31785984545553.28,14196999563.614044,355813032.9141814,7904982.84828877,17665.670684798162,0.0009051798236703,104.4380285831107,0.0241403576654025,2546.076272600766,233915237.7261324,9.880217183574898e-05,14460929800499.494,1952861345.7145152,15024095379.415266,1.713465723603838e-05,70214.60267485879,7.668772936663698e-08,3232.612018059405,3754362842.026965,1.1854748144800638e-06,2.504106726038283,2873.7257193311643,9.45006105717698e-12,0.074442103388813,32.90404800091256,0.0006221344922179,8.152369821014489e-05,101618.59239068883,1.3375968176336798e-09,1.5379110427413828e-11,5.012880891457787,1.4942284733888864e-10,4.863200211064985e-05,2750.344443501914,389967651.5813528,0.0,0.0,0.0,0.0,0.0,0.0,0.0,1.0313691698874218e+21
1136.590166919187,72685.11494509687,11.963336197688768,15.900483061342106,11.186101577730437,13.370079267244842,14.249994498851247,4.9041406653771326e-05,921667.454758182,10154649601035.072,2.7815833271253585e-29,26.777200347887064,6.287070253089152e-05,1.5580762680720756e-31,2.141566786141528e-13,9.948244136249398e-16,0.0012450169421746,3.476564475639818e-07,1.2765350975104361e-30,1.875440317144391e-09,9.017357500107232e-29,1.870266275671759e-28,1.3813296443004948e-26,4.9329127482320276e-18,1.0077537999153744e-06,3.6973411022047024e-27,2.9615367358547195e-22,246527296.8700972,1.8397264662429764e-08,1.8234616998834508e+19,6.885897574796025e-26,4.4317497234650096e-36,1.7898647805947022e-55,8.43305206066195e-48,9.750738185025157e-46,7.920920152183629e-28,2.4126538064865456e-07,1.9372306798033715e-55,2.07099981954571e-52,1.711861248678271e-29,7.257959858181447e-67,8.926209255914458e-45,1.78750500478162e-29,9.289126207515716e-37,1.7581550337931828e-31,5.4232392768839356e-76,2.7532210215362284e-72,3.761486676696145e-56,1.552383992750087e-37,5.493394316443036e-106,5.929112618763637e-97,4.3361328437893835e-90,1.7175732548096945e-128,0.0845426944184976,6115738706.893634,2.9625425974615024e+16,3.7708648754017944e+16,1.2073298583765952e+17,443212294441194.6,3973525437355881.5,1.6729644002400582e-06,41429647.033904664,0.012948995654155,2.0873147048341783e-06,3.4667460531316746e+18,12211848477054.36,5.1015931984490775e+19,9.791528884427865e-08,0.4079251148060895,3.948796583844774e-18,7.774159565309165e+18,1.0166290360418348e+20,1.1376510737714232e+16,2.2664243834003993e-06,1.3378297582552474e+21,7951094471856402.0,444215029561434.75,924861879216547.4,223638010395039.6,1.4220870713960614,101839029.27505463,8.16866488596897e-07,4.405837541825659e+23,1.7846228980602975e+20,8069433787007578.0,2.0895173807656877e+22,2.462639163823592e-14,5.842152005505618e-32,4.768072513868688e-49,1.7376141075723796e-66,8.691348579131895e-83,1.4796911457845663e-99,8.830096075963279e-117,8.052933994024492e-55,1.3518689717729158e-48,1.0040546120031424e-54,3.4120268087754748e-49,1.2255542459056476e-19,2.0280882286139174e-55,4.8679692608081e-26,0.0089615336513846,1.338072777946016e-62,8.70002603953337e-31,2.7008363585611384e-16,5.164127162475763e-20,0.0037702726867725,2.2860310602118957e-21,2.701335434650716e-36,4.925902578273398e-28,0.0003037462085623,7.222194691926562e-39,7.513238679033585e-24,51.17877478968828,705858.7885869658,8.578985289390857e-24,1.3482902245429871e-10,1.1845805693282531e-16,7.659001891695042e-24,5.524210988949448e-06,5.331200448252009e-06,20.22474396317184,1.5000362580820762e-26,1.8866528911234583e-20,0.0,0.0,0.0,0.0,0.0,0.0,0.0,1.0305326018727157e+21
1129.198433546868,86126.02229861327,12.06828182810824,11.681029361350118,11.855845437323364,13.993444020712452,9.431571202135116,635.7279428147548,911324050400.3008,14.260960662065656,0.0001544454223213,389.0524056922741,3455655444.3070965,1.0825948003553214,4.110499875951549e+19,1.834132515075202e+17,4.685497794163654e+17,5896358793919.89,11772913.028964177,4.086001277034812e+16,1129461306299160.0,3.1441207496491737e+21,0.6690632546345396,670559960.3616191,275244066.68503445,9.086750939627658,785235.998474194,4.050148111466721e+21,2.0400924016159973e+19,6.056186398597284e+20,34405534108915.66,1.6410361349005498e+17,8.303931225971633e-06,577741710.7092485,9.110816433523664e+16,276761845308.4572,334260648.69897676,2.7060070273469506e+19,51734109956.55746,16903770552.312798,0.0004176882390844,10091693.150736142,42809375960.272415,2.5053862239441656e+16,19877037.205411237,0.2330293206343927,1627569340.0436275,15968235115.629965,344504928228513.0,1.919883811145313e-06,1.0049520324045325e-07,8234924377325.341,0.0005416217320016,1528562.975060291,220470.2121679612,2.003764250643517,2.553694546822339,1.4110135060522058e-11,828230432.7240149,0.0126901836414084,116002981967831.44,5.48067540494924e+19,302726367762.7124,965825254.2771268,9.057933429981742e+18,49.26158104273196,0.056776775490163,8.746219670826428e+18,1.2914785161899889e+19,2606671276.8412404,245479828.2692828,0.0055577069712055,1.0044411269542141e-18,2495944350.2114916,5.4339371055415734e+23,5066403.019180541,7.8098377242181485e-19,2.8367292447755063e-30,1.1345327773971428e-42,8684.065681622444,11265071959.758064,6247097033.901626,1.2259683945131747,40470851631.12624,3.3795226559976705e-20,8.426996003656233,99726576910791.31,15541858407.314516,8359278.971926474,2064.370227499228,6.859370002544536,0.0076555644467888,3.0469819270645583e-06,1.6090658058900522e-37,1.0694406821935083e-16,2.6179040870474484e-31,3.4390966890569905e-11,9.2152825774233e-08,8.19264799908723e-37,111814699.26693968,4014996.4164347337,1.0662591876952511e-05,2.648089193674757e-32,0.0036766261985789,3.0538176730744218e-33,0.1042333053091342,2416250.020914088,9.72332871971917e-32,7.201169116294821e-09,3.960042673297691e-05,3.0321963941917904e-45,1.4219845205642756e-15,6.651244358295001e-17,5.917355876614563e-10,9.394625547612676e-29,0.6436628037271507,2.4300081151987185e-33,3.308614020278615e-43,1.1199194782190267e-10,5.059680352106484e-37,7.57866185391043e-16,3.154946596503098e-20,15.600715595517544,0.0,0.0,0.0,0.0,0.0,0.0,0.0,1.0247168924524557e+21
