T_K,P_bar,abund_H_dex,abund_O_dex,abund_C_dex,abund_N_dex,abund_S_dex,e-,H,O,C,N,S,C1H1,C1H1N1_1,C1H1N1_2,C1H1N1O1,C1H1O1,C1H2,C1H2O1,C1H3,C1H4,C1H4O2,C1N1,C1N1O1,C1N2_cnn,C1N2_ncn,C1O1,C1O1S1,C1O2,C1S1,C1S2,C2,C2H1,C2H2,C2H2O2,C2H2O4,C2H4,C2H4O1,C2H4O3,C2H6O2,C2N1,C2N1O1,C2N2,C2O1,C3,C3H1,C3N2O1,C3O2,C4,C4H6O4,C4N2,C5,H1N1,H1N1O1,H1N1O2cis,H1N1O2trans,H1N1O3,H1O1,H1O2,H1S1,H2,H2N1,H2N2,H2O1,H2O2,H2O4S1,H2S1,H3N1,H4N2,N1O1,N1O2,N1O3,N1S1,N2,N2O1,N2O3,N2O4,N2O5,N3,O1S1,O1S2,O2,O2S1,O3,O3S1,S2,S3,S4,S5,S6,S7,S8,C1+,C1-,C1H1+,C1H1-,C1H1O1+,C1N1+,C1N1-,C1O2-,C2-,H1+,H1-,H1O1+,H1O1-,H1S1-,H2+,H2-,H3O1+,N1+,N1-,N1O1+,N1O2-,N2+,N2-,N2O1+,O1+,O1-,O2+,O2-,S1+,S1-,comp_H,comp_O,comp_C,comp_N,comp_S,group_index,point_index,sample_MAE
1252.1177013613803,58869.591243822906,11.96455823526407,4.156238051460606,11.413890192581064,3.576436811482014,10.56041891488552,7786953.832599208,25414276005054.977,1.3754539241809734e-07,0.6284418904875231,0.0007087386224575,6530737934434.935,3511.005251552853,14941423342508.332,122414090714.05763,10.688582602305454,43896.564529249445,12504805336.973448,163440385.51281124,2.7808612266128294e+17,2.1442766483217423e+23,1.407520821511627e-17,1887.8231092443584,3.3721038556753234e-08,1.7271682242703558e-12,4.7533901967447454e-08,2070022810207.359,892437199471.7825,12.271543958757878,1.5525322641942115e+17,1.5465606673757534e+22,0.2883103847110438,1315311979726.4614,4.522013032971516e+19,8.286485579740618e-07,2.4739308521529738e-30,1.718960247374088e+22,8290.564180225625,7.106835339575214e-18,2.0571743466878712e-19,261.3592807316998,2.166031664831393e-05,665.5245137760085,1.6307298571721902,14532.524318822074,19453646487466.133,4.1849706539330164e-13,0.0009924487724938,1.5477174160994878,3.5439777621825784e-42,14.098823044866108,1171.769914888427,2.412349060432226,1.694897711384456e-11,1.8845580737791668e-26,2.356724925363335e-26,5.627225189933663e-47,2.516646352166935,1.92488047715819e-20,1.5457313293382003e+17,4.4337492825860106e+20,232188.4683062935,1.2743763947621817e-05,4107336637.965767,5.181032833918309e-17,8.007061408196865e-39,5.996349517321571e+21,2398872560105.9287,8.967337468661568e-05,5.922057024178171e-09,5.508364566903355e-29,1.1719302926160423e-53,67274.88541531145,92399919.604658,1.57099315588127e-18,1.4291218446990808e-61,1.9083881867779012e-82,6.262304992780137e-104,1.6160495063002197e-18,900.211650508597,29670.795022873084,6.3243269835806815e-19,1.036165411563986e-07,5.9353512390142845e-47,5.921985290612966e-27,4.281862812100668e+18,8.582386470028395e+16,5672384989328611.0,112975785684747.2,40893292150200.37,6075591016972.856,247962272230.4732,5.368918717167713e-33,1.2713594035073836e-09,3.697725905355235e-27,0.0002471301562703,2.4161748241829933e-16,3.4050373265423254e-40,70026.44772478228,5.41534335371874e-10,64.27411177250539,6.396595305648186e-29,502.52911818849554,5.300085871867993e-40,5.240186813387423e-07,3381846485609.713,4.398803320603086e-28,0.007902360334272,2.4953269817658972e-14,1.2430910348390874e-48,2.926855337294851e-17,1.7324778770809796e-33,5.64955795537059e-33,1.02427741508709e-41,5.843231309586037e-12,3.3224974244723737e-56,2.7951109479626948e-49,2.5890166855102753e-15,4.8062912367550855e-54,2.6765949273216063e-30,1.9338057625780772e-16,37881056.96796055,0.0,0.0,0.0,0.0,0.0,0.0,0.0,5.556890816639065e+22
1244.434784165131,100565.93406232855,12.00367842779453,11.732714929487194,11.910445912895057,13.94860178630056,9.499341309121489,1831.9790732265744,7738880963153.717,392.81201823471383,0.3729783600590746,42206.63221333961,57533039442.859146,776.2445807187585,3.408835011004333e+20,2.698204761269268e+18,9.264420124323108e+17,44484717772040.586,1083198276.7755685,6.3092806393010056e+16,9624222278387692.0,2.935241378001632e+21,2.1706416737657452,104292395088.26308,7224756975.13539,6847.908646702641,201080507.4962248,6.640495955581341e+21,3.0048617714126467e+19,1.534832985689408e+20,1237849713533685.5,1.4020298330683927e+18,0.1440617202218531,282072442001.3232,3.887496059585326e+18,1003124374839.2012,44380302.61726644,1.9708444700271968e+20,333680879520.74396,4221276584.708116,0.0034099951787892,12100778332.53912,4070666867326.687,2.804412902598546e+18,3727944461.167543,6680.236037310615,3610692863200.481,5446338997775.016,8467443864182402.0,0.5847185901193325,6.49656316663401e-07,4.238643513314459e+16,397.9037968000796,53267241.44340672,1442443.9216814588,5.866020020042048,7.34358929012177,5.970162316527256e-11,2822362306.491439,0.0729123685381234,510831890518787.5,5.3267410406236406e+19,1964321180605.706,8361803672.76529,1.8870926841772503e+18,73.68259067563572,0.0018173424982004,7.56759771025414e+18,8.088066478677752e+18,7534410527.767132,1463621186.2721395,0.0464913176664433,3.181448123205819e-17,46465541704.04642,5.738404592911203e+23,30613736.300874263,3.0249928170289786e-17,1.3878279941908974e-28,1.4952288790113531e-40,614969.4001870494,30813878869.12729,10884454015.479803,6.925005772246973,13997860013.808453,1.968477977166018e-18,2.79496308221913,426965289809653.3,87782722245.00868,59658479.363774985,12513.368790235849,46.893562261070464,0.0713130086758307,3.0236572884095885e-05,7.04485169241487e-30,1.926347001117285e-13,1.87359774009278e-24,1.4173848589082352e-08,0.0006470968493517,3.529833328837701e-29,1142991737.8962443,1650433.0603083952,0.0096237161963147,3.7674785949019397e-26,0.0379374476787714,1.177116124324952e-27,0.1549514917869042,3024368.4707208336,9.194611130095208e-26,1.9493577545148778e-07,0.0103087249303919,1.3563758193211945e-37,4.121249665217814e-13,1.0620511472158968e-12,1.2963644682790242e-09,1.0983027669768762e-22,7.856752962381134,1.3011011640725342e-27,1.543002594637581e-36,1.9089701140343974e-09,1.11139945674642e-31,7.129244317854701e-15,3.9700412427047215e-15,89.26144563285226,0.0,0.0,0.0,0.0,0.0,0.0,0.0,2.9483036975926373e+22
1428.1178713162897,72632.84113695557,12.012410670006034,8.223849109053212,15.559973130129544,14.922238725717737,9.077552551097709,82459.34624723619,10173648850.066198,0.000354018931487,3034556.3876466677,738.7966873275402,8318572550.255379,121575.16813232456,9296814098048476.0,151578296606894.66,57747.0698510217,310359.5297505295,1133002.5265582865,5317.174517169399,44706575.971802,74791650.76358148,5.264906000776379e-29,1277570936947.026,131.96860292683033,29.64791162266031,224402.3475527975,7.585432752442624e+16,1276894639327.939,2337964.9155825423,2.1026684804524806e+17,1.656550873246408e+17,6281311918.639881,1.2195000786587826e+16,6.986820183874386e+17,1.6024443608419798e-06,2.135227172656608e-28,30179933201.71743,6.146284557587808e-07,2.6060039389114524e-26,9.555833349850596e-37,882041500784843.8,169428259.90034407,4.9571290285442675e+17,7585608349.260104,2.4179645907546435e+17,4.664191873164001e+20,24858764.476757776,8377531173.76112,1.9100914503089635e+17,5.481101251773969e-51,1.90060862662252e+23,1.778030492386987e+23,19.74566137305453,9.032712320931423e-10,1.8703385433034708e-23,2.2894886446175138e-23,4.2497420316019515e-42,0.0161615856434139,1.1231127285343278e-20,1225764469.6808884,403084813465.2799,7.768449568551452,2.295843655691546e-06,28.298021228961545,1.8572795764287005e-22,3.002964309759998e-47,207813251.15137848,149.8560783823826,4.171255686496436e-15,0.0091519954699864,6.210439440759161e-21,3.2065737054151763e-43,369881.89570694225,1395609328497331.2,9.422087931916628e-09,1.890294374514616e-47,1.6456217925451218e-66,8.664758040020429e-86,1.4568405458790523e-05,6.3417218194312275,0.0053551916652257,1.1734939787596451e-14,2.965240434757673e-09,8.830892147171408e-40,7.877111442342031e-27,46835401018.47027,57785.50579603765,0.2246965725193598,1.6334810464602228e-07,3.035286821973351e-12,2.910508573580848e-17,5.690642228427891e-23,1.1512464883990068e-18,1.2557560833133804e-05,2.770122097749976e-18,1.259052769334258e-05,2.159124683322139e-09,2.7073392556940464e-22,5243818222.070339,5.332388301654932e-07,116772551.09555984,1.64013035923369e-23,0.0007389394675951,1.3626100940242396e-33,3.613863053292459e-12,17.033123999086396,2.1295909718148775e-27,1.1420334729922334e-12,9.4946101163516e-21,2.446750086356573e-33,2.885407419918552e-13,1.1954532668459923e-20,3.7151200416826583e-28,9.56791809136058e-25,4.849121318872409e-06,5.960768423629637e-38,4.665498659361918e-37,1.0890830013641396e-14,9.881056220334764e-42,2.6687914614595135e-28,3.821682786894518e-12,38.91761543958556,0.0,0.0,0.0,0.0,0.0,0.0,0.0,2.0883535607401976e+22
1219.768827654294,104899.82710375889,12.021841628242637,19.18061667024837,11.581423286798714,15.032440758279764,15.060672830831148,0.0027114497061859,1038446.9370717588,72495758318041.97,9.79090800953202e-29,119.43603780159825,1.959988692942697e-05,5.313603471375943e-32,4.0426030155463183e-16,2.8562402851951093e-18,5.194520363104097e-07,2.6725597199362832e-09,2.283313741205304e-32,1.0639180830504312e-12,6.663406063045969e-32,6.456707455876142e-33,4.719118355289977e-31,3.3763255368859084e-19,1.1836855753430614e-08,1.160617578786789e-28,4.219748949136631e-24,2633842.786579386,7.234069679300963e-12,3.1351754354496076e+16,4.447380266267971e-28,3.979783701631224e-40,3.1428624817333756e-56,2.5590559909019677e-50,1.1713782037524735e-49,6.23141127057799e-33,6.722392628085112e-14,3.5426926057267556e-61,2.185838507970396e-58,6.655753231518531e-37,3.1839880190086396e-74,3.2078694932534176e-47,6.345494056134856e-33,8.5145975614546e-41,7.0954762790544294e-34,1.6216836196570385e-78,2.98136717921492e-76,5.7906731570815695e-62,1.0531457319172436e-42,1.090133147125976e-109,1.2113159094543524e-108,9.084450019246109e-97,7.649855980014903e-134,0.0387053208408057,519606444.0626723,881560466798696.6,1107520089490520.4,2966989066031105.0,161597561025382.16,1339564841893272.8,4.6437180282501044e-08,2252029.473244968,0.0004082961108572,1.17501452078546e-08,3.8541820197877304e+16,362257466782.4748,1439594112670782.5,1.9467986648016982e-10,0.0005476461876702,5.525245036202247e-22,2.6198974474206003e+18,2.7691788773133775e+19,5176758042729333.0,1.1087772476226789e-07,2.9122849129310618e+19,391160736119004.56,33861010940559.383,52744373737944.98,16611043247321.17,0.0970548324841553,5344369.15931473,1.2271557892599831e-09,6.227396494186777e+23,1.3014517387832625e+18,3.966553204511979e+16,9.321442704615662e+19,1.1319789226335103e-16,1.309442917982439e-35,5.0482428696749966e-54,6.498708401757706e-73,1.412975372718722e-90,1.2007400016012188e-108,2.9874576863565445e-127,1.44989891901239e-52,9.7939918181597e-47,1.13190801170786e-53,1.9803145553157253e-48,5.488329946171804e-21,5.218708246021264e-54,1.159820612993929e-26,0.0005599473177106,6.893731756169199e-63,2.551069525148473e-28,8.950918285764888e-15,3.676034887038165e-18,0.0191105676664171,6.450090103431548e-22,1.383836333453747e-34,7.787068537691456e-27,5.748953581417335e-06,1.6202845368611102e-35,1.7541864333510605e-21,217.74461096382663,1840036.4206117303,1.9346822724433351e-22,4.4863141119289325e-10,9.516050434657428e-16,1.4340344935629716e-20,0.0007080868327722,0.0006736701080064,1058.8785696863747,1.2612065536926608e-25,6.867245732371603e-20,0.0,0.0,0.0,0.0,0.0,0.0,0.0,2.045298598870968e+22
1312.5944365130515,153163.299518095,12.01658075013615,8.803511232596861,10.509187063279487,6.423210962279222,5.579912687792217,457033393.9221626,2598820665674086.5,140.47514365740415,2.015463233603317e-06,0.194324877113857,1501769.2291028046,0.2558465258630984,4937906946.604681,52325340.00393366,429093.8160686048,95686576.71407732,14205773.867055792,6854786654989.923,4257396281187413.0,4.769579553098173e+22,0.2940114563353292,0.0592337946172502,0.0001102856741146,3.696233882227937e-15,6.274311154419171e-11,58017692883382.95,1558914.0643617911,34455182490.085495,4912.619119226612,16.789348512773802,2.1831405598248505e-13,7.868420896716177,3557841943.312187,1.1590590837909982,4.195161682856592e-08,939111726305158.6,99291.27793778444,1.0674848521566664,9.77778912571576e-07,2.0059912335739615e-09,1.2324354773042472e-08,5.9153225808413846e-08,3.749657817302136e-05,1.3395577989294509e-15,2.2348521103258065e-05,1.3879883064310109e-21,2.071757304520285e-07,4.041262555620394e-26,7.779833876960023e-27,6.666245178832537e-23,4.4371645214820105e-30,15555.512163804367,11.922804996087184,2.139797224061904e-06,2.6546092300644594e-06,1.7454864751343244e-18,39382968992.456474,0.0880157669466725,766351484183.893,6.707616564513162e+23,27578896391.6742,57.848935943682214,7.181361340096549e+20,5078.482370321386,4.89666848301051e-10,5.612952651399435e+17,3.912947527782744e+18,383396.4647582665,101.94437225829512,2.5521413423050216e-10,2.2873126753736287e-26,0.5450134704215022,106133333207.64207,9.141520146884334e-07,1.0243786453997838e-32,3.5235649820698264e-45,4.1759614186915095e-58,4.120647274229119e-13,21255.058546419343,0.0373441013411521,0.0732385054459523,223.66606031071345,4.531027316318464e-21,2.904610939344662e-09,34898.1895078187,5.1725280048014e-05,2.4835693670307233e-13,3.006408768037105e-22,7.512645612072556e-30,8.391581398795424e-38,2.3043137841889092e-46,3.861613558771642e-38,1.298011093796215e-13,4.620340653704705e-31,5.080647470033156e-07,3.1200499355286125e-13,8.150017389966918e-44,23.51015522813048,68.50368890708499,4.686213705064953e-10,3.978781523449303e-26,2036265.1994122143,4.231303824810714e-29,205187.7087696695,345298849.38443315,8.927145991601078e-24,1935.3398674056775,0.1154682438827918,3.105790091521026e-45,4.528555075516705e-13,2.8343849424887215e-23,5.211864455906729e-13,1.670272035558987e-37,7.310551788876654e-07,8.843375026007892e-44,1.7445420269806736e-39,7.740599713967248e-05,1.7573230628776645e-36,1.4155876950094551e-11,6.732363126594169e-23,195.83984510800497,0.0,0.0,0.0,0.0,0.0,0.0,0.0,1.8218793451981925e+22
1312.5944365130515,153163.299518095,12.01658075013615,8.803511232596861,10.509187063279487,6.423210962279222,5.579912687792217,457033393.9221626,2598820665674086.5,140.47514365740415,2.015463233603317e-06,0.194324877113857,1501769.2291028046,0.2558465258630984,4937906946.604681,52325340.00393366,429093.8160686048,95686576.71407732,14205773.867055792,6854786654989.923,4257396281187413.0,4.769579553098173e+22,0.2940114563353292,0.0592337946172502,0.0001102856741146,3.696233882227937e-15,6.274311154419171e-11,58017692883382.95,1558914.0643617911,34455182490.085495,4912.619119226612,16.789348512773802,2.1831405598248505e-13,7.868420896716177,3557841943.312187,1.1590590837909982,4.195161682856592e-08,939111726305158.6,99291.27793778444,1.0674848521566664,9.77778912571576e-07,2.0059912335739615e-09,1.2324354773042472e-08,5.9153225808413846e-08,3.749657817302136e-05,1.3395577989294509e-15,2.2348521103258065e-05,1.3879883064310109e-21,2.071757304520285e-07,4.041262555620394e-26,7.779833876960023e-27,6.666245178832537e-23,4.4371645214820105e-30,15555.512163804367,11.922804996087184,2.139797224061904e-06,2.6546092300644594e-06,1.7454864751343244e-18,39382968992.456474,0.0880157669466725,766351484183.893,6.707616564513162e+23,27578896391.6742,57.848935943682214,7.181361340096549e+20,5078.482370321386,4.89666848301051e-10,5.612952651399435e+17,3.912947527782744e+18,383396.4647582665,101.94437225829512,2.5521413423050216e-10,2.2873126753736287e-26,0.5450134704215022,106133333207.64207,9.141520146884334e-07,1.0243786453997838e-32,3.5235649820698264e-45,4.1759614186915095e-58,4.120647274229119e-13,21255.058546419343,0.0373441013411521,0.0732385054459523,223.66606031071345,4.531027316318464e-21,2.904610939344662e-09,34898.1895078187,5.1725280048014e-05,2.4835693670307233e-13,3.006408768037105e-22,7.512645612072556e-30,8.391581398795424e-38,2.3043137841889092e-46,3.861613558771642e-38,1.298011093796215e-13,4.620340653704705e-31,5.080647470033156e-07,3.1200499355286125e-13,8.150017389966918e-44,23.51015522813048,68.50368890708499,4.686213705064953e-10,3.978781523449303e-26,2036265.1994122143,4.231303824810714e-29,205187.7087696695,345298849.38443315,8.927145991601078e-24,1935.3398674056775,0.1154682438827918,3.105790091521026e-45,4.528555075516705e-13,2.8343849424887215e-23,5.211864455906729e-13,1.670272035558987e-37,7.310551788876654e-07,8.843375026007892e-44,1.7445420269806736e-39,7.740599713967248e-05,1.7573230628776645e-36,1.4155876950094551e-11,6.732363126594169e-23,195.83984510800497,0.0,0.0,0.0,0.0,0.0,0.0,0.0,1.8218793451981925e+22
1310.466527658235,119969.17057253608,12.001799530778166,5.990831391735458,12.71755926129346,12.174905916888736,10.249793084099569,162306.38783348753,606603490245.3788,7.704972982253041e-07,49789.042621176224,17.02017472762947,129374253214.50974,1551764.3846188805,3.010959709697804e+18,3.1631348727604972e+16,1541569.301209577,3584362.0460982304,21423974586.46335,63396765.99199301,1604322444350104.2,4.479634527961668e+18,9.00701272769444e-22,143359425733.23312,1.5807036414615443,0.8210110504294368,14164.657363373995,9225775526091286.0,22312589561660.883,32490.179314602658,1.1622145163405238e+19,3.64761063678371e+21,145439515.01463413,1.333509873164263e+18,1.507843070620724e+23,0.0016944388246574,2.14304804015362e-27,2.3753851988613315e+21,1450.6063083624065,5.4428935513345865e-19,4.7680090056184034e-24,130765901711111.14,4812693.681510052,3.756390450813122e+17,154196558.95924616,2.460875857632363e+16,1.0285488559655291e+23,1388051.7746701385,140699916.78296515,1.9897502667139068e+16,9.764012741084731e-40,3.0833190956333376e+23,5.988728237050922e+22,334.1244883677436,1.5143348940663202e-09,1.5860128957570787e-24,1.9681189591439732e-24,7.41750504470547e-45,0.0537434250220924,6.870851689715014e-22,16237866432060.518,3.899913258107396e+16,146472.03308053574,0.0287517938148798,246421.2964291565,9.75254281709482e-21,2.976615285893732e-45,2938212870444600.0,5189404894.288575,1.1256354125385364e-05,5.3788652709173555e-05,7.724382251561887e-25,3.9116914160488526e-49,4405973.495818502,937067215458918.6,4.532387900738637e-11,1.6416340738379707e-53,3.2438154947080613e-74,2.183549681286918e-95,3.2090905222855906e-07,10.849616416329232,1.7248490367643947,2.3723066385487466e-18,6.79123470965297e-10,8.169163123905173e-46,5.087849981967736e-29,275795998928736.6,36583310306.256905,15729099.30247957,1715.2521818807325,3.844717383046014,0.0038411349012486,9.469465910382442e-07,2.2796382819037372e-24,1.1624659401093555e-06,6.757419709809307e-21,0.0011217348185077,2.9207393309023306e-11,4.523519522787653e-28,21398139652.835026,2.3146727567405697e-08,117822800.77917124,2.1460942104354028e-26,0.1710448277524402,1.3422331718330709e-37,1.0233584658072151e-10,2691603.837067099,1.1679248356592034e-27,3.8621846985594624e-08,2.3764240682604162e-17,6.2012137112851724e-40,1.4105231025204847e-14,3.678425247449642e-26,5.809588197883969e-31,3.312075018244374e-30,2.245178507682175e-06,1.0229522414482936e-44,2.2108296454149274e-44,1.543525266300719e-16,1.3447111662774157e-49,1.6422535477064095e-31,1.4043952046777155e-14,6188.250296008255,0.0,0.0,0.0,0.0,0.0,0.0,0.0,1.4979123232005417e+22
1455.383029718431,119028.01329022716,11.987313447625448,10.417419298035956,12.42506033275402,11.628037146172453,7.91854202405345,4070265.1323281047,11978990431127.111,229.86428815115917,5064240.601319866,2775.5562269083325,152970513773.25266,139813480.00269184,9.319239860963097e+18,1.6653806821370957e+17,17617251359409.473,65868044551534.84,784859204874.4478,733210170589303.4,1.7719338102632382e+16,1.7421944007690428e+19,2.203397317154365e-06,2442175407983.8066,72782094.95924726,129.94061948837995,828392.6365943648,1.5059993779263756e+22,2.935205780191715e+18,1.3202898006912872e+17,2.1012218731734543e+18,1.5492561855704869e+19,6908827719.306006,6.345918704111464e+18,2.0641775935845077e+23,47012004896.981674,0.5412648879628754,4.706198355544474e+21,36038911297.766655,134.23242498985812,1.5684833123454712e-08,1127740892654867.8,55288354497809.79,7.719034792830097e+17,1550800895801545.5,1.381826139507534e+17,1.4833088662975464e+23,8550836186642.868,2.2839349663699465e+20,7.707151588230608e+16,2.964601594752876e-12,1.2681159195799883e+23,3.9798980038150895e+22,51721.27535988674,0.6929220596471819,4.837462026209219e-09,5.904713009010155e-09,4.470719334755606e-22,6278894.358634767,1.8160167106708765e-06,15238576566108.598,2.804276882603001e+17,13007628.002079189,7.168251793136469,5879752246081.157,2.027805141684876e-05,3.065840884267065e-18,1666667245542636.5,144567435882.6688,0.0076792091543134,8263.021192655773,2.266562669927579e-09,5.557619347404118e-26,12303756.021964554,4437532955790809.5,0.0151883494416242,6.0198055009343416e-30,2.0895519083761143e-43,4.941729650449918e-57,0.0001618669654654,33409035.847568467,308536.1969692249,0.0022611228122119,4297.071117702051,9.469539725986788e-23,4.347548727762993e-09,8139268144404.48,123472628.06717992,5870.994701944031,0.0489694115078686,1.0926652818909228e-05,1.2974212618723143e-09,3.0179484986880595e-14,2.223854632423717e-19,0.0008291922674393,3.3494312982103907e-16,0.5473349250401253,0.0330202138380477,9.271901411991212e-23,268809519239.94095,1347398.768407086,3316402183.785496,3.190249558962165e-21,37.21767981980389,8.215539076367102e-26,0.0509769607861948,7160109.135766404,3.2478628595077464e-22,5.619858731832389e-05,1.2460037929201094e-07,1.7538841430920157e-33,5.259883043226832e-11,9.196925993712748e-16,4.539009202558331e-15,6.80001186013156e-25,0.0009459923160957,1.4345339962906076e-32,5.012523610298752e-32,2.715368400625876e-07,2.4889867595512358e-31,2.31445496645002e-15,7.0698561266997816e-12,25011.36113593009,0.0,0.0,0.0,0.0,0.0,0.0,0.0,1.3899856479002674e+22
1271.662810339834,90025.68867301953,12.034531173605432,13.451648737858443,13.608453225255651,16.6885565139821,12.38824817843673,38.08321272687623,175586810922.46823,20.268300955928417,5.933263878184362,105969.71992756368,191341266658.0145,138.654942255228,2.2452341105099514e+19,2.004339596284524e+17,1163163158214804.8,78667548303.09747,1821762.6105285904,1159007109897.5425,142357333382.3846,395516407757962.1,2.523530928701152e-10,876571587445.561,1077320368.2156992,75367.95755465406,1765287807.330804,5.883261747449093e+20,4.806092922230937e+18,2.368184241751174e+17,1.502174574803995e+16,2.3234317014129865e+19,10.7625737092982,144372650904.64493,1.729796039931755e+16,1768276.0968735912,0.0259285850883352,127004590922385.64,5400.938551665685,0.0229841726524877,3.14102845958311e-16,485410815762.7612,2470803530949.2393,6.429808489754586e+19,2775777406.273919,1720029.4048812562,7881524766210.416,12635394053195.754,329493492944745.94,769.308591569881,3.656880721791857e-22,2.0957333645862326e+19,1957027.932943051,1526264.6674936833,749.2317200264185,6.632232399790414e-05,8.27181240719745e-05,1.8791189660770105e-17,1360275.5969303166,1.0097570699015646e-06,18615477659436.07,1.1105586308293046e+16,572948493.9335074,2436108.193443499,7328662494677.936,1.114936026825375e-05,1.5041794417725613e-13,2839688169542442.5,20930870046154.594,366.442335040593,51457386.58761371,4.519564332348882e-05,1.0541432121752948e-21,148626863960.4947,5.120301769764819e+23,1015014.7504418002,9.827561835471796e-22,1.22090996023928e-34,4.1727055682755577e-48,1247493.6363616346,1806000532.122857,1070758276.3930504,0.0065962292420332,13692032.905984351,7.880999565927105e-23,6.982803320203153e-05,1969575879814616.0,792020588128.3182,1043913927.8172528,390677.8466002005,2772.49445728496,8.308692032917705,0.0065916071674983,5.276868828695923e-26,4.788436652147139e-14,1.3900486549469512e-22,3.7406788549989504e-11,0.0002891046895697,2.475939417228792e-25,90165137.56259948,46.81601246197526,0.0064235220995128,6.417663042875879e-25,1.4900130518029276e-05,3.922883924952241e-28,1.0427151949963528e-06,1405.3275711700692,2.082814810010527e-26,1.358246981216246e-12,1.558149206347503e-07,3.088615361491687e-34,2.1131477105061852e-14,1.1768786738113567e-11,1.5812095457521647e-14,1.0935408864438333e-19,0.1947026853651886,2.8343852627291425e-26,5.990482113528344e-35,1.47998769285775e-12,5.849465917392415e-32,1.256119659856331e-19,5.173701964945909e-12,3.942551369528513,0.0,0.0,0.0,0.0,0.0,0.0,0.0,1.355587534600016e+22
2068.1215948966337,119098.76483576949,11.959332231852324,18.01352900141279,9.447975848997736,17.535743001798547,14.125736498989756,1582339.592932708,608700999208.5151,1.1538801175780805e+18,2.3897766192520017e-10,1382814350564.094,9008850.044344962,8.426963418258706e-14,0.0004162807961994,3.080211075747659e-05,32.15727777944267,0.6768754017178058,7.406291695945685e-16,3.9297642179069016e-05,1.2007336923920897e-17,1.2955889977474867e-20,8.301480422549362e-20,0.0005790972083584,317.1072950185797,7.670107295004593e-09,3.462334795096795e-06,13189209917.719175,0.1253739325334115,1710117999708595.2,1.6320793647438448e-10,2.1582314908451716e-18,8.676175272292664e-30,3.027428339125845e-28,6.427804249450624e-30,7.409104841451166e-21,4.9759391284976085e-11,1.242084424626652e-40,1.0693224184406888e-39,3.0792407951980255e-27,9.231754028212758e-53,9.432508552905354e-24,1.220820726117393e-15,8.705865840507017e-20,3.9229188160989686e-17,1.1085087572791984e-46,5.204609184036103e-47,4.9212656288333184e-36,1.1757111640445246e-26,5.354442132046712e-69,1.0678314909641882e-81,8.954521111627074e-60,5.297528081343848e-87,387458081.484384,116747542826044.52,1.6819073391020854e+17,1.9631501810364685e+17,5.89580501631686e+16,4.387377014834111e+16,6.725760939081322e+16,8388.747024505714,16266358092.975824,385171.1681527729,2144.5908490430165,1.0162598018140182e+16,7056622557435.988,10713063843550.615,4.222356706745815,3450.739204461559,1.1400955548799816e-08,4.209807283023092e+21,3.88644604382067e+21,4.0612189174550333e+18,4378147.659365348,1.0056219569428847e+23,4.0075498151727866e+19,3.46308326093338e+18,3.458770765396246e+17,1.4188491164372467e+17,645602315414.7753,31053907811547.07,5536.186157353564,3.0831142292262236e+23,3.4185844673207165e+19,6.256973847300593e+18,4.724517156453569e+19,0.951676076527296,1.746161670175037e-12,9.394253868281593e-24,3.279130821681128e-36,6.248562470230428e-47,1.0351350037409434e-57,1.7695606915832043e-69,1.639807199435687e-23,4.522854230229053e-22,6.988649217491391e-26,1.7215925288210537e-24,3.455297877049315e-07,3.051178989365948e-23,1.7398753720919e-09,1323.6519007594795,6.329582562674579e-35,6.329360688876553e-08,0.0730562419072803,0.0856092613892186,1079848.3841905186,3.7217484596694144e-06,6.118591079345642e-13,3.1971305377370483e-10,115.61141155055984,3.1945203704001127e-09,0.0071639276310032,6276533006982.245,6730157567094.217,0.6620860287011175,224697.73976566893,3098.8862909038635,0.1007218144181429,9863653.47359876,348333082.65203017,26974712531.682076,7.350477672313623e-05,0.0024685827939307,0.0,0.0,0.0,0.0,0.0,0.0,0.0,1.1939404049431883e+22
1352.9260370022396,92630.10002601688,11.977004064815924,13.46493900085595,11.05483093485359,14.465437815745291,8.915283629594612,8.139386413759693,10682218428.822803,213093126425448.97,7.029295843554301e-19,1453810.2579956,0.0123266321885683,1.4498100680342606e-19,0.0016659332818016,2.069143163634625e-05,59050.40287124438,9.309882143582808,1.0364959248300268e-17,0.9781510908156364,3.656601807447908e-15,5.0511763326791886e-14,1.6261416772979377e-13,1.9758113502308e-08,13.661551058286872,3.912854454386931e-15,4.9308882020314906e-11,1625291874091.8325,0.0001603766401414,3.4975547485531236e+20,2.014613744489801e-18,1.7492254895041028e-29,5.3099965761948215e-39,1.6204778013939518e-31,8.501023472412316e-29,5.179167318852962e-15,27.635030133069044,7.112800110648394e-35,4.418464835216048e-33,7.170328326936535e-15,1.4660466983292297e-43,4.775036383762214e-29,8.822906176130533e-17,1.4953770510961809e-21,1.5819955016114812e-19,1.5082197117908883e-54,2.8234525470853697e-50,1.17592269261202e-36,1.2237122396764481e-23,3.558289151900026e-78,6.632790285040971e-67,7.975566711637339e-63,2.018325620162853e-95,193092.00230437028,56489143976895.41,4.931264098447977e+18,6.087585711898503e+18,2.707462017685274e+18,7.608365329400043e+16,1.1922974519148371e+17,0.0098925202248295,3435904503196.5996,488568.9180904397,2274.506272134083,1.454162760996683e+21,1.078586204695431e+16,5.004809726350675e+17,0.0105011304039909,82563112.74980155,5.774313499281686e-05,2.069076072167658e+20,3.452787323390198e+20,2.7218556603102684e+16,0.0094354232423292,4.498467552877344e+23,3.818161986365982e+18,2.639073171222458e+16,5895446697646558.0,558634068805021.44,11487431.140250267,64130677.58360509,3.7547098730637313e-07,4.341457912669266e+22,2.310108960755864e+17,3112836351594744.5,1.802107799132868e+18,7.417493846669262e-13,4.4847614195084495e-30,8.69259575780394e-47,3.8047213573820825e-64,3.719150158331599e-80,1.7131725117043212e-96,1.8111346561730837e-113,1.5398628449009058e-41,5.517506939203047e-34,2.535884602056296e-40,3.25248566339088e-33,1.5266669587418518e-11,6.61840307084727e-41,4.875792947701083e-14,10496.786508480089,6.638961317523836e-44,3.4615106371944033e-22,1.1676558426311545e-07,1.5523385371826741e-13,4163.814055960873,4.148016735972984e-14,1.5777531310597312e-25,3.298856684512677e-16,289.91063480584984,6.311338072520845e-29,5.879036669994631e-14,38712.504829420905,6433390331.4486885,2.528481678502987e-15,0.0806961458940387,6.558114585603229e-10,5.6172704387276635e-18,1.358893117068036,0.0014707951573566,127805.29012611262,4.9568505250920145e-22,1.5805633163081784e-14,0.0,0.0,0.0,0.0,0.0,0.0,0.0,1.1784196143074976e+22
1246.5758433847898,92314.95874505347,11.997563926306752,11.304396364938633,15.330579667876686,13.027057433826704,15.917141803833342,7461.129123226913,578651117044.6938,4.309063009905223,0.0198875160045643,1955.4717849845883,150563277374200.47,2.9250119277555156,5.102395414586205e+16,407787120965761.2,1404394445631.7551,1610726466.1494577,284403.43755458033,160438952508.27728,175110888348.62607,3711399308559290.5,3.0171962085324407e-10,227364364.9939391,158595.3462363195,0.656467425209303,18929.83940270285,3.248922670354307e+18,3.6632851921167536e+19,755009070149048.1,1.5348658972830934e+17,4.235867618589706e+23,0.000371394901892,49393101.360765345,47129117573402.01,1255.9664408415651,5.6573568698657e-06,12066026418654.469,211.5207247743819,0.0002727499044302,1.1715462766164674e-16,1277108.0314761056,4271077.055932725,12177637979747.266,92398.56173811748,0.8122622148178753,30334137.87379696,11694.373785569936,98420286.17143188,3.460733433030037e-06,5.2361129285459106e-27,429472499.8958644,0.0001117985217247,174634.4539122402,47.700362833142506,1.985584478266513e-06,2.4849800520384858e-06,2.1097173160572792e-19,2155919.4904781743,5.829362744171998e-07,9.428902400915427e+16,2.7698194656687277e+17,451542600.6216327,82706.40472232089,99194291524708.28,4.153977436872224e-05,2.580563722094581e-10,9.802937045452394e+19,128930722324219.36,380.6483608311581,669977.9438088447,2.2205670937885e-07,1.6123494347351547e-24,5216427255757.168,1.052981008895183e+21,600.202565924077,6.586697160492661e-26,3.147778140135886e-39,3.577825360203109e-53,51.8662525052803,811556199838.8822,710154363582285.1,0.0007673731860577,3694066672.647945,2.3537737716619407e-24,0.007647372972899,2.7260043705526166e+21,1.405544852991836e+21,2.393926812542535e+21,1.250003867495224e+21,1.1717174672373664e+22,4.471335714492633e+22,4.7375673697393105e+22,1.1075048346905032e-31,4.0886684237130926e-14,2.0606946269829312e-27,2.116530299123605e-10,6.571502774381407e-09,2.3754051994314023e-32,9521492.002933417,32.74197624233813,9.442935810884176e-05,8.622231237719756e-28,0.0113847557033809,2.734019456968609e-31,0.0004669218772308,2186204148.8484564,1.507394784113518e-28,4.288565734640992e-09,1.101626201302766e-08,1.952830179461278e-39,7.765609983391565e-14,1.3879411308868314e-16,2.4217165866982488e-14,6.367751416004475e-26,0.0600977831456005,7.724583048722543e-33,5.1816886153636947e-39,8.309641735657383e-11,3.677964036498997e-36,3.187545780223651e-18,3.0183856991237677e-12,917806.0603148092,0.0,0.0,0.0,0.0,0.0,0.0,0.0,1.0919733310770867e+22
1715.1091921188208,133484.619763088,11.987786208165929,16.92356168282674,15.4115904949223,10.323906898886303,10.243744701360365,205658.52124783708,222688270756.14062,7.825917620161325e+16,5.5012797568650455e-09,230140.73610177537,6.992092390356973,4.0512862568878165e-11,0.0020979024155557,7.756825404051157e-05,3343.9866334318754,302968.7810189753,2.0819046628853415e-11,566.3379828873815,2.8729682146043223e-11,2.1388267533545706e-12,3.7370579963671146e-11,1.788681621636641e-05,296.4419897012454,1.5942018825914217e-15,2.6152964966256528e-12,7960380239208339.0,1.843666989196567,3.468266206826103e+22,1.4296023857549395e-11,2.3157771804391237e-23,5.175147015366105e-24,6.448182521281291e-20,1.2132161559415958e-19,3.462750262254723e-08,164191.4542073316,4.558317691519304e-28,1.587262643718511e-26,2.826270701654315e-11,7.984697344269359e-38,6.4885038489425054e-21,6.636878106369397e-11,4.9127954883482273e-20,1.9774998097367317e-08,1.0712893193166244e-35,5.5830823028273885e-34,6.906955529111846e-31,6.731296724372166e-11,7.309370751049161e-54,1.087922107227914e-54,3.517768741539494e-51,6.70272721466076e-67,1249.9113173544015,10405368231.335724,139005272902126.88,165868614565074.6,108891739914722.56,1.8494597474935258e+17,5.4084867265456774e+17,0.1590938781339065,407833030164.88696,46.12758311018899,8.266595706606065e-06,6.16993222217567e+18,1374165466557295.5,59696414147741.56,0.0027522435259254,33.17161568180238,3.5575379620227066e-15,8.824262592577571e+16,1.941749327390895e+17,138417766519588.14,0.0001422924709192,224568883529482.53,37434306232.927216,4317602916.469702,1093105170.1990745,479453652.98440593,0.0003901413586966,794330030.7508447,5.491872010261604e-06,5.2901700030715334e+23,3.868944190538507e+16,2.2497463216923612e+18,1.9689956893441283e+17,8.722768016963502e-11,2.5177461026161937e-27,2.1920135996321096e-43,2.0172467432867616e-60,7.136677760865407e-76,1.7195846158896218e-91,5.88409410421602e-108,4.925330754677346e-27,7.714290997519546e-21,9.198538398376343e-28,9.26912719047223e-22,7.248565285597408e-05,4.4386842019131775e-31,7.689292653533969e-10,7990429791.023736,7.184239362821239e-28,2.0318623010185312e-14,0.0109911842013304,5.059061929695269e-07,6497391.518457946,1.8134011567215783e-10,1.5374383875524153e-18,7.072639541545957e-11,111.81171378838538,1.5628109838751009e-22,1.883443234632406e-10,17608.39714421226,885025398.0477126,1.299762063340045e-16,1.331323992529965e-05,5.440082015464614e-12,5.922288720609839e-09,623898.3107456345,3112.637249469657,12896365400.30787,2.163231855945637e-15,3.654792142169341e-09,0.0,0.0,0.0,0.0,0.0,0.0,0.0,1.0639688347494822e+22
1325.288607334552,72127.27459983257,11.98785017543008,16.498206219718394,10.929372795186149,16.09295780833239,17.078030202165287,4452.973066117333,211266953433.28775,286538483.71088254,5.1087023580422686e-11,231783.7097320004,672931476831195.5,3.9124090177841646e-10,3993495.9858520697,44532.89311325555,464131504.1328208,148204.69430727357,1.2161959275761912e-06,619775.3906444372,0.0198260069185696,12.263027440839538,1.9525233817230112e-10,0.924726902469426,2234.210753542813,5.22458181299676e-08,0.0008058898765627,1166922427965712.0,1.0848850503371208e+16,8.922200333885061e+17,29885057.68369195,31393549285022.176,8.36216456504969e-23,1.4746733899599004e-13,3.6099645792411213e-09,2.1838302687080317e-06,0.1359947109900655,3.678058715828544e-12,5.84778945837128e-16,1.0896868305846016e-08,4.0435482019302715e-29,4.766969423925592e-13,3.5516270556232308e-06,8.953433907060404e-06,1.4593675789178281e-08,6.79745489620984e-30,6.0742720455569434e-24,4.475015235039201e-18,1.297542348037758e-09,3.214447002848018e-45,1.1729670808594471e-46,2.2836411842968778e-30,4.8427938131165365e-54,1126951.1995348046,1130864777.7100449,287225741.4345203,355765058.8641502,368.0518700956576,4481751552026.878,15943213.803534372,2.05014365283925e+16,3021015176733379.0,115620480.49567407,195749.81652733072,4.282682116155557e+18,54864321.79495678,3032138877438854.0,8.732314838423341e+17,895672522465.015,5.3212582444217,142660432015299.16,559310844.6014264,0.0858114731455604,193927745097984.1,6.589489870746033e+22,1007754191393.4496,0.0307731328056988,1.6437217937950813e-08,3.234270849790582e-15,292744.894574639,1.23196621248124e+19,7.25949602457636e+21,197074296090.29776,1.6388913918372645e+23,0.0228070532229708,3.2233594738046787e+18,4.836540002572662e+21,2.565636007389247e+21,4.393900796173849e+21,1.8312017419504685e+21,1.615746728644162e+22,6.481532256011431e+22,6.25237862621407e+22,2.6452856856440107e-37,2.83828200139522e-23,1.8103579707115766e-34,6.541630002577074e-21,1.003045282769368e-10,4.3835796997442754e-37,0.0025504877953046,16392.326819975733,1.2214611784725299e-24,1.0653899919116664e-24,0.0014913606006619,1.5317160010750173e-21,192.0379393377003,73077728.48496386,1.549422328215877e-26,1.0382846317318475e-10,0.0098594291755819,1.3220255527491444e-33,5.219846858614547e-12,9.040821902508e-06,8.977932924788902,4.041077414435574e-20,4.997393584428248,3.034809397528015e-20,1.1731898912653124e-27,0.0013396008908595,1.3675894890345798e-18,0.0003529906342404,7.541331481754433e-09,706557.5413111516,0.0,0.0,0.0,0.0,0.0,0.0,0.0,1.0331789342147153e+22
1336.542068989596,77239.32295363574,11.974070408231746,14.086913175446094,12.56051416898814,13.17301747608552,15.31459750726849,8272.41090275969,3230639363576.198,233791398.0750211,1.2294386608803303e-06,121882.5127542752,908213446268289.2,0.0001110545464054,293638755255.5969,3423204668.969252,19283113884607.176,18659816735.05755,3.81532765610443,894402392400.4562,670356.1489829157,4527371963.485928,0.0316924866331921,6582.117099864867,8752863.411426228,0.0001538427146793,2.183275431801511,1.007161185925906e+19,1.009115723524073e+20,4.2093915954489527e+21,563631378476.9436,5.755982014448645e+17,3.0871288197090233e-14,0.0005351137125321,140.61456157522764,28060.16477419731,539314993.9411373,20.97792814486316,0.0020870971946305,12082.652822562564,1.5608340564872432e-14,5.238729514691389e-05,202.51711593855293,299.67497484872325,2.3965803779777084,3.4327050168877995e-17,3.2621747718308547e-10,1.3591883922498282e-06,1514.7040973084293,2.571244195745008e-28,3.081979722018289e-24,1.785042829084121e-14,5.4640646519547546e-33,7030852.309400859,3913087017.6946263,589915712.4508544,729677463.3813986,491.352944114276,40290220670134.39,94237088.61423574,3.233984227261101e+17,5.0591753215555226e+17,8204982057.650255,5199602.453251399,4.017078011616808e+20,3787002495.872524,6.735920124108933e+16,1.573604421765155e+20,687323094937206.8,21822.0620469468,37817436158986.3,96113509.50357395,0.0103300611377874,96581810158145.64,8.852227604403179e+21,97901050617.50652,0.0013770115425056,4.733356205882271e-10,6.352632544103102e-17,19947.813136810462,9.125374024100524e+18,5.639716597104492e+21,89772144651.4621,6.531033363766981e+22,0.0078617461325658,8.087969696477496e+17,6.379843557258139e+21,3.7561078825167775e+21,7.118485905810475e+21,3.1833684361584186e+21,3.0810369929289956e+22,1.3759036758129428e+23,1.44941199871143e+23,7.961733510523561e-33,1.1412025946986345e-18,6.135366100093398e-29,3.0372025222023885e-15,1.2552329264063784e-05,4.821042302655804e-33,25.125546958255555,137179682.01599938,6.128105403540087e-16,2.420591530159916e-23,0.0395696591451939,1.9847673914093855e-20,2766.86030907318,1785990871.9961195,4.4199508585615534e-24,3.84746993985689e-08,12.183308189326796,1.1075440910794978e-33,5.062327706095514e-12,2.584287373178093e-06,2.3770713119729927,9.337234617002436e-21,1.387081975225282,4.170361666599324e-21,1.4233699153431943e-27,0.0017998721238417,8.264918588339327e-19,0.0002859306750748,1.1893938616572286e-08,1500334.0396625025,0.0,0.0,0.0,0.0,0.0,0.0,0.0,1.0101898781637078e+22
1980.2844484403345,93039.8645753334,11.993021824976548,11.904085771297646,18.949377901712825,17.151832706611028,16.436388762292914,3324826.411238817,1433466310.990807,339.27183169824053,580716846506.7683,144698612.189768,1411967319202355.2,1150810.1539762327,6420408908810.912,409197264395.6479,498.83130993378205,21149.309632717315,71.01763118226958,0.0075667883988913,0.0087546620319915,6.859888399694071e-08,1.4990004345394204e-37,1021500722645649.0,610122.4797234559,3131792.1552775325,1865531851.4527223,1.5061362404712758e+17,469395007099409.6,21775434.36223071,3.8750084279723105e+20,2.37951023138039e+21,232482171135791.7,83959957022677.39,13656116811.331036,1.4218190263019762e-11,1.074794896938701e-31,6.998416675388946e-06,4.2569672407625237e-20,1.3492897206889097e-37,3.9499981563618614e-53,1.771348177221276e+17,30841457011.2403,1.0653693569961528e+18,2347856414837.4634,4.870633314413248e+19,1.8533005186984378e+17,566209541.6636292,15032473960.99551,2.2627140025798836e+19,7.594793352671254e-68,1.3362926945215795e+22,3.240941194518154e+23,224.46558608166603,7.243779617107755e-08,8.819364015717993e-20,1.034371719109248e-19,1.9229436597452269e-35,0.0918417649216582,8.471029651598984e-17,7650760889.913733,278564.37719365093,0.0014200183339011,2.563033333287191e-09,0.0001813484421572,5.155007460159294e-23,3.2246302842859613e-44,24089.446141545985,9.547629572793289e-08,2.9850854789617747e-25,655.0305986590156,3.818328310938355e-13,1.9202885018098664e-31,236002358810.0795,1.255400437270922e+16,0.0021677268499476,5.463740296867952e-35,3.480962589423533e-51,7.588436372254892e-67,9.321819957497636,5417969.5367339095,350926.0614416642,9.533944438036593e-08,0.0070686750962393,7.232633054599748e-28,6.766846073780926e-18,6.8895242105874024e+16,37764543933324.13,61027415585.77698,7111474.572936584,41925.93167426154,203.67058876715836,0.1095310427228808,0.0010774121479643,3.3748938140900844,3.0302680359435785e-08,7.933123441344309e-05,0.0006309302877714,7.110158808336846e-07,17854363911.66904,4.259310180452945e-05,10486887725.307997,2.252481797768282e-12,0.0004654913039823,2.994567372451818e-21,7.997520133976665e-12,13.682588539061204,9.90328299708938e-20,6.461027089587476e-15,4.58442724689327e-22,3.990787404089903e-15,1.6503240219421557e-06,4.361981056853071e-08,2.6685561794164626e-21,7.602777749048637e-10,0.0420318458277243,2.9838933619231125e-21,4.463783860047492e-19,9.361176440421025e-09,2.3903149558047416e-24,2.075041950036362e-20,392.0487683290514,1457236.9367760113,0.0,0.0,0.0,0.0,0.0,0.0,0.0,9.68890708243005e+21
1325.7103740072002,61498.39792193878,11.992977847135476,14.213555652751396,7.176805714237992,12.422538007460002,11.983460386166913,0.456042243297172,3155484843.833411,370615356293726.6,2.1876034611016534e-24,66092.97871292505,0.3014213604281193,2.477855465841797e-25,7.02163876083777e-10,7.843232365383227e-12,0.1040967200824408,0.0001186403881122,1.1364262337879709e-23,7.33007437207411e-06,2.730657212623153e-21,2.4907883206506447e-20,6.531406673065577e-19,1.1048446471209264e-14,3.4016645993975646e-05,1.7639020022301792e-22,2.7122574462464068e-18,62654417.08365466,2.587042954512916e-07,6.103073461633053e+16,5.615586809213382e-22,2.6097585145425004e-31,1.507458410792112e-49,3.904848308569498e-42,1.4087649780620896e-39,1.3883896516962923e-24,1.4050130385958966e-07,3.1458749882756962e-46,6.404718997085585e-44,1.9399150741031827e-24,1.250732181962394e-54,2.3983006939738427e-40,2.2719583741598075e-27,1.2582327070893025e-33,3.3256496989251107e-29,5.1364242727210206e-70,6.762122495763039e-66,3.382959254998302e-53,1.5760049177815864e-37,1.0237970755775016e-98,1.0423759161143408e-86,5.686044088919358e-85,6.472831696711779e-121,4753.8742531815105,6080777755407.385,1.973741202698068e+18,2.4445983102262584e+18,3.2432861278568166e+18,8.551535557816726e+16,3.9027424003301325e+17,0.1357724640388375,665493353308.5988,7203.703196250863,3.433333516178365,1.2030226977513734e+21,1.985609264274318e+16,7.910211813956406e+20,0.0854291168387225,822656.1892804989,2.0496726450293495e-08,5.166719189467273e+19,2.5973458715744587e+20,5.1245941685024776e+16,0.0244401168325976,5.213751779080527e+21,1.0266265803951272e+17,5172083637747123.0,3541336161248997.0,895189745441061.1,6595.809155575697,7031293847.210124,0.001838262632533,3.250008774449745e+23,1.1909476080798474e+20,4.850961500153845e+16,3.0001190135012393e+21,9.58616704698186e-10,2.260987231248305e-25,1.7214635179155351e-40,3.18583077625775e-56,1.2492803453327855e-70,2.22846943446294e-85,9.552152103881704e-101,1.141849652158348e-46,1.2397333604343515e-40,1.1537536279155553e-45,4.222648357972808e-40,8.024151043765918e-16,5.321870764242752e-47,3.0862853144106397e-21,0.1146342143674895,2.228598552743803e-55,1.6145386765363834e-22,2.2753702405544443e-09,2.9619788652275965e-13,373.1776608821696,4.922542140939027e-14,3.4810381339992694e-26,2.3579372812581537e-18,411.1553430088587,3.8349765347527775e-30,1.5239361822837222e-16,32821.958841670996,423973256.1534168,3.262141290263203e-17,4.065765832848075e-05,3.1310351002081266e-11,1.5396685157376953e-17,0.1766415873877632,0.0227854299415541,59518.975621770354,3.3963760615725396e-20,3.2209187288530625e-14,0.0,0.0,0.0,0.0,0.0,0.0,0.0,9.521736359102997e+21
1335.3111740857398,73083.3854249631,12.024277353169046,14.06657802000066,12.55479274573728,13.13326351195748,15.349034722138343,8342.135505556824,3261517675220.479,208584537.62340823,1.1905460346157912e-06,105829.7420028296,885754569238444.8,0.0001116728830449,276866723254.1756,3212151049.6284595,16881452852077.312,17885720503.816776,4.0122063714854415,893006267994.8221,739229.6419154272,5227938465.272184,0.0304722047944521,5891.1485255383695,7294520.545851654,0.0001227117814392,1.7573019888782189,9.513611124027818e+18,9.526181528564988e+19,3.7051170084532833e+21,564660233671.8164,5.827767819499816e+17,3.03991877856367e-14,0.0005581112916247,153.8573655137131,26374.588694235685,438615783.91743827,24.613987755505015,0.0022486616554548,11255.793261355402,1.626340730486895e-14,4.76456939736686e-05,172.6052599464748,251.1084379518967,2.248802116263698,3.480306286712858e-17,3.4732977890267655e-10,1.0699672211284855e-06,1371.133555272204,2.641676689757224e-28,2.893487764135273e-24,1.54793773411701e-14,5.760719966997189e-33,6335342.603272362,3280447261.1503425,456727180.04601145,565018732.4695534,347.88046367321436,37604343686295.58,80332325.30102204,3.2784271571458176e+17,5.346653511800202e+17,7707658406.127778,4400546.723837982,3.9455002550595335e+20,3355881051.1374416,5.1801010850639016e+16,1.6622730740841565e+20,676819816617500.8,19690.908249647146,30868316280862.81,71763417.62664345,0.0069961918436368,84993392144509.38,7.218050049327047e+21,72159979226.7515,0.0008408451575675,2.6459884002017824e-10,3.2305122431528936e-17,14178.366839830132,8.289419587271376e+18,5.13504486329895e+21,74462315758.65456,5.537864586101881e+22,0.0058656595065725,6.293173918334191e+17,6.28457236339881e+21,3.6859532286696395e+21,6.961183207628792e+21,3.1125670336663614e+21,3.0048806978951347e+22,1.3363504600252734e+23,1.404859934302994e+23,6.976766274917984e-33,1.1273292967509673e-18,5.611091612780244e-29,3.1227416923241992e-15,1.1162516578823748e-05,3.816051906256511e-33,23.414003957130618,122377101.36793151,6.295355527741547e-16,2.1703908366804285e-23,0.0405845455247853,1.650682027421671e-20,2646.276575412291,1862148792.35949,4.087518190160512e-24,4.02326879024645e-08,11.383298060073184,8.476615538590718e-34,4.436144475523883e-12,1.9398118099442287e-06,1.8265356805416288,6.655339205930077e-21,1.1274671135874323,2.7446374456058962e-21,1.1277654839374668e-27,0.0016406912132313,6.16393825615676e-19,0.000240306231618,1.0574470287838668e-08,1502430.000276009,0.0,0.0,0.0,0.0,0.0,0.0,0.0,9.481924032629131e+21
1453.829964600285,62645.528529617826,11.995838591364368,14.433272884173604,7.668321857887543,12.393172540975543,7.50273233153157,363.36132399044664,47031899983.079185,2623831060540926.0,2.7112852850866665e-20,2059164.3703557316,0.0012166707807573,3.028301851209613e-21,1.6250648801695962e-07,2.8891835592759815e-09,3.65850487264969,0.0174726132668244,6.929485543870231e-20,0.0007894584125415,6.3953580956311635e-18,2.566669300642985e-17,4.4362066502526433e-16,1.0366728569003491e-11,0.003690290892282,4.206750323996421e-19,2.7077449946662456e-15,1012019165.0628438,1.6099208348938083e-09,1.0605958753332642e+17,9.527131819129312e-23,5.802122501967342e-36,2.0859349640864964e-43,7.916218528096507e-37,1.0530879909034724e-34,3.3882830711574735e-21,5.554166905753712e-06,3.9065819065904533e-41,3.520727498498561e-39,1.8652934542859775e-21,2.8782123008847034e-49,2.6974159505458855e-35,1.5904657523127082e-23,1.45885629487578e-29,5.732022995382984e-25,2.3843370291019722e-62,1.047925456270131e-58,1.0794921024553339e-47,5.800468308459121e-33,7.470724723985794e-89,2.4812507226266296e-79,7.627910017892657e-77,2.196651184169531e-109,155137.20871925697,24805079005981.91,2.0504950086755597e+18,2.5032785102933473e+18,2.2204650073958477e+18,2.9226047586338285e+17,9.891805333092164e+17,0.0004908679681722,4492852805232.57,158511.14428232002,67.39598320137031,1.1230406464037652e+21,4.473677226925627e+16,7889837634428462.0,0.0002180023525048,7198980.382669033,1.167485322659075e-06,7.397682556930921e+19,2.3784962634340617e+20,6.7745898682029656e+16,7.563155972391692e-05,2.6548535077146764e+21,1.0516751334854762e+17,5666242568893981.0,2307134713050864.5,635791081099931.0,72136.08658824085,3175229.894640188,2.401086239424881e-10,3.078070456026004e+23,4891199102138418.0,1.4841943523749123e+17,5.819831254931548e+16,5.344299118069445e-16,6.595069018502532e-35,2.5517318650323095e-53,1.7380863906338151e-72,3.1589997414137232e-90,3.050083937698879e-108,5.782089699431042e-127,1.2097434797898476e-41,4.012478488791634e-34,7.411127376129296e-41,1.0742730391180276e-33,9.139122926352781e-14,3.902505628098482e-42,1.0540442068271632e-16,97.15977177777113,9.268995056616101e-48,1.2476102595352337e-19,1.314992873771846e-05,3.822283903254989e-11,215499.52496045415,2.1030956723674398e-14,5.1015673819136657e-23,7.877788169445277e-14,991.157056439592,1.2856478274274307e-26,3.487028615644239e-12,85107.85838724139,43456401259.29026,3.984214545241833e-15,0.0499140419256084,9.949991830609767e-10,5.698532891753458e-15,280.6194199010104,0.3419368318947224,28272761.788386237,5.758523084676755e-22,1.8105702001718217e-14,0.0,0.0,0.0,0.0,0.0,0.0,0.0,9.203336288499218e+21
1405.2411066137756,104745.88628673193,11.9893892763607,12.664788426631617,15.73969970717036,8.255817738603076,8.84034861647613,12258241.960891264,3754003638.3697567,3.889260563100781,1869685.450249308,0.1017545546148989,3482115608.714008,44030.139598321206,1650856670621.0002,24854150035.156075,217667.49658748455,3684782960.2448545,271096.78648327035,39056173.757831626,7390938.05823541,8346335.91474327,1.4891013152132605e-21,304359520.22213686,699.1784852110195,1.494591266847348e-06,0.0131331252762517,2.2437347714705552e+21,2.3643154875374584e+16,1557075967280654.5,1.4378345189447843e+17,8.531306111983293e+16,5346610260.458553,8460659186205373.0,3.372189594596326e+17,328.1625548529415,2.093118292492903e-11,4591159480.1993265,0.001651793725437,3.3063353533288585e-14,1.0608275413421156e-29,286689631263.3865,1362131727.123045,59075298273.72731,210412428045850.75,3.495369276063089e+17,4.772033305894779e+20,79917.1020670692,9.718920472065772e+18,3.5950309708398144e+17,6.229209682763457e-35,4.376421072801231e+16,5.3711318346341934e+23,0.0015822536344849,1.5885912520166835e-09,6.388851029518361e-19,7.839994080805328e-19,2.3953258221438856e-33,117.97892559109036,1.3259128125063417e-12,306636889.53811103,99918180868.70052,0.0003905702223578,2.922947499211048e-14,151336.3472069403,1.3118944621202927e-14,6.7405984815485415e-31,32360879.784675214,0.0051744782566377,1.520691481573398e-23,0.0328479762493345,3.697468228566564e-16,2.753500215020323e-34,40.24861371041761,96673787.4528615,8.893356859478913e-12,4.163076694707492e-42,6.08545520774536e-57,4.850158925514085e-72,1.4807875575423882e-16,59385.6992848465,32.97986766044254,2.797031383366492e-06,0.6435607253427519,2.6446337637338844e-27,2.9867878584442325e-14,14637015015.939243,10728.101150164828,0.024902310094616,1.142170752364511e-08,1.2870938657082673e-13,7.287788604359867e-19,8.711287371222892e-25,1.0497871780376185e-21,0.0013933279426098,1.614049708228614e-21,0.0008540623992742,5.727745857339611e-08,6.530826675832194e-29,315427690.09410876,57464.88220327074,25935225087.46004,6.575249604400762e-27,0.0458846819028626,1.1410484905844716e-32,5.119144017358078e-06,879.3649753033212,4.485843765744958e-31,3.077737512033117e-11,5.4106640375360014e-20,3.230365384212321e-40,5.993824640993358e-15,8.286559959246281e-23,4.605906492144108e-21,5.537119835473062e-35,4.1317616498497417e-11,6.6750982515824e-44,5.560779666557246e-36,2.2114423532467993e-08,3.13569620136405e-36,1.0242052048263329e-17,2.6744747392165524e-15,3267.7233085189923,0.0,0.0,0.0,0.0,0.0,0.0,0.0,8.962488493862172e+21
1998.270545484506,110960.81168463918,12.018003137656263,9.953278302760795,10.921699287858477,17.997930952776986,10.955850865412396,1042071721.8080242,1860088183064952.8,16284749.985887714,1045852.5752315002,1059977173505.5186,914574443713764.0,2236450.850914602,5.520069559633945e+16,3631270234090301.0,158607662613.79395,1277070431.527776,142067991.21891582,483470779.47992253,17724847748.309284,141934273178.99402,5.341679789979027e-10,8938680750124.967,194063806.96090683,169634321.5474634,95275852196.03722,7235990827883166.0,12489151704695.242,37848745009.35084,306700329648849.6,968845192525116.4,547.2196327511348,187354000.3481455,30790614257.9432,0.044922640650298,4.5398315514296905e-13,19065751.87730322,0.0046216642317028,1.9686277140887972e-11,2.323922310664307e-19,2040734444.325217,12356087.103858791,61010181985463.484,172563.82300363213,137.76537923132756,523614.3356092643,1623.14039901181,46.46844955792251,8.608012482630792e-05,9.792149661712907e-37,1306047.4698744123,1.5208988762205524e-06,1780058483492.5205,20962946.802320495,0.9792489998572363,1.147337938765968,8.741941427233708e-12,4524679698.283335,0.1720855700870767,5308427775913234.0,3.693501577949615e+17,11835689525924.264,123120263892.91478,8826219025449.902,0.1122470145961453,5.0787163203090173e-14,1.7630729567932468e+16,807612414937552.5,18039852.3713056,163351288872.78076,3.886511225791195,8.449461520792703e-14,870152747328396.0,4.021901728794019e+23,3069753474.9858947,1.3772074435264716e-13,3.5729520381378687e-25,3.297511260279681e-36,2141226718773.5005,127025865869.3086,4459009112.035033,167.64820832304423,5919322.136529548,5.800866252166965e-14,0.000226776595303,2.29855678258347e+16,7117013897682.624,6488932590.09876,417187.7697090621,1379.0098672362003,3.798691763859092,0.0011413868981483,1.1366362542945546e-11,0.0017582058957303,3.3343052509408747e-10,0.0437267137231937,0.1895280632765011,4.241890801143272e-11,39472708825.733215,22.32025194579232,6.1561995120274755,1.9367994059996743e-08,179480.8804365563,9.569660049560292e-13,110.6058761243479,2592893204.416967,9.610040301452532e-10,3.0346162571701947,0.1301178181737563,2.03639229576746e-13,3.752668643743544,0.057291088910419,7.415105522075199e-06,0.0001792981252261,453492583.0978349,2.7044429884798433e-11,1.42053689482891e-16,0.1286126290971888,2.567480471699131e-17,1.1036821169052365e-08,1.4167751946673035,261483130.9802522,0.0,0.0,0.0,0.0,0.0,0.0,0.0,8.47000730872551e+21
2089.061269329663,88423.29924010592,11.987317433464336,18.03151621836742,9.470174407401664,17.541574178826593,14.129175754379398,2421300.846790298,811263876108.1514,1.1467945117790232e+18,4.5662535384052847e-10,1544323277935.2869,13487143.36770282,1.7633829737742757e-13,0.0005684173312165,4.3501004674384485e-05,33.05822954127368,0.8855253580347455,1.6138436905210025e-15,5.514802109192761e-05,2.6762511489675116e-17,2.984776076044744e-20,1.3855670472051276e-19,0.0007978195009172,322.9760672583477,9.865897621259596e-09,4.183250500797756e-06,13390176828.91827,0.1613516586638893,1277219990885039.2,3.0877497748611945e-10,4.7844594669977544e-18,2.25095095254147e-29,7.4937181347711885e-28,1.6248687631314124e-29,1.0884845518843215e-20,4.0456649708649656e-11,3.917613347981228e-40,2.7506159174764227e-39,4.4016170914805126e-27,2.737922282208021e-52,1.7789109221056862e-23,1.6228402606259504e-15,1.2132546495977124e-19,6.399561786432687e-17,3.5694799613704845e-46,1.6885958372357907e-46,7.27673002119272e-36,1.6911069539313444e-26,2.415801455833014e-68,3.0921487309760563e-81,2.300137587519157e-59,3.0523319612781204e-86,475442401.3695761,106334790165908.84,1.1997543816353222e+17,1.398845147729682e+17,3.5299971990580944e+16,4.526168568287105e+16,5.867325097694137e+16,13644.649497374956,22395708908.477448,503253.9204097376,2424.547088559487,1.0449471327496968e+16,6693917654113.026,6953366738149.065,7.341493295274488,4625.5809182590865,1.6794742668656408e-08,3.239976136083715e+21,2.5018138616958314e+21,2.325432830125232e+18,5594872.8488011,7.237276810423628e+22,2.626992110378536e+19,1.7044162156513152e+18,1.4209335245837986e+17,5.068883256331645e+16,507492466121.72253,34206527821519.44,7551.329772269864,2.2836257300359405e+23,2.731881019332635e+19,4.36394407304822e+18,3.0927886499043025e+19,1.6710942975698098,3.968931817982487e-12,2.7606670791518403e-23,1.2164292274654568e-35,2.9769496785932496e-46,6.411394499558381e-57,1.402260104564522e-68,3.916378325985102e-23,1.2133033820257592e-21,1.7625976161025005e-25,4.9488226333868536e-24,4.7475119384732324e-07,6.177560542467824e-23,2.912568305755265e-09,1450.1748623072956,1.968162361517405e-34,1.202561390543943e-07,0.1406623952526579,0.1230797405829014,1514697.6503409091,7.989087902513343e-06,1.335498614233883e-12,7.67189204901599e-10,149.3374479625599,5.364166725119335e-09,0.0121094807423398,5390407750539.276,5718110974339.498,0.7599661349031365,266997.17057072977,2790.6861784592847,0.1427879885779173,13608406.670771226,337206023.56400007,29417199708.9056,0.0001305812906343,0.0049544177216046,0.0,0.0,0.0,0.0,0.0,0.0,0.0,8.430814872388261e+21
2060.4750926867987,86554.10125145396,12.040460298984758,18.018686875840075,9.47024747071211,17.58901829578971,14.101878510873956,1518939.0510508926,729760676439.8888,9.212266242191172e+17,1.9595180024177888e-10,1114040185508.7195,8126055.243917961,8.908868228551356e-14,0.0004325991105739,3.161252516372442e-05,29.569606666458068,0.6782697185874765,1.028518189045897e-15,5.116308680214568e-05,2.2049450433878748e-17,3.133853832482115e-20,1.4355727662342197e-19,0.0004498214362734,219.429404853223,5.1290932079493545e-09,2.3696138623802266e-06,10887029196.127293,0.0992832301586116,1259826971447035.8,1.4067756897189562e-10,1.837419347626603e-18,6.619869323003407e-30,3.13423152983775e-28,8.804779518512469e-30,7.872401647352479e-21,4.1764156181514544e-11,2.787223050142767e-40,2.0613176632320105e-39,4.681254121362795e-27,2.391024553908276e-52,6.797407308657986e-24,7.97671033546895e-16,5.889575279828903e-20,2.8311578578816115e-17,8.1362634782298705e-47,5.079362960108628e-47,2.7036741560398423e-36,7.379736939461132e-27,3.61492008978954e-69,1.9227247661426182e-81,5.24598585578482e-60,3.404496099018616e-87,401965758.90121377,107736256544892.38,1.3534503547378378e+17,1.580407601057716e+17,4.032485868008266e+16,4.606601210199405e+16,5.985594862407419e+16,9784.608235108402,25692594142.309307,520592.5766867172,2566.6700374189736,1.4245708509237564e+16,8118327161774.984,9426808464233.096,6.406962615777124,6160.501761384356,2.1997192980246762e-08,3.1008757333559555e+21,2.436252899074475e+21,2.117810545126243e+18,3514460.693536806,8.000692637599968e+22,2.6291793887682912e+19,1.6030203587690609e+18,1.3635901955935458e+17,4.6923057214138824e+16,417238905425.94073,24996881430361.035,4312.380347070298,2.186212589160705e+23,2.468558101005413e+19,3.6138016935866824e+18,2.9258701092658287e+19,0.8475375211507491,1.4803570174577456e-12,7.584882811353205e-24,2.5438606512446727e-36,4.627994925402817e-47,7.286676147744316e-58,1.1909324812930288e-69,1.1017631994792413e-23,3.6751476471547354e-22,6.136150746030524e-26,1.818167142821537e-24,3.026053691794786e-07,1.8290735561906114e-23,1.412879152946086e-09,950.7540242115796,5.07460556471679e-35,5.922426974995582e-08,0.0858832835016096,0.0707469972860763,1136997.8255831464,4.401447981906227e-06,7.252049917520019e-13,4.6193793320377276e-10,176.74553076489784,1.9694342627491094e-09,0.0055625056464193,3950800579286.583,4277573403504.614,0.3943886619504508,166836.8333829988,1608.6395448034368,0.0627478293236484,7836644.878884514,199079235.5132486,18624363365.01162,5.53843613256692e-05,0.002244674405502,0.0,0.0,0.0,0.0,0.0,0.0,0.0,8.361292110806566e+21
1936.11464415021,111951.71260272885,12.023321378468212,16.98433694082799,12.726918058638493,10.542406009693702,17.856338011001274,192245721.81918576,141488332314057.03,24127447235953.824,6.231042231091653,137099148.76350185,9.041088361955464e+17,1.945557298689756,36931835.02107462,2172309.779820549,395284138.46385306,7657460688.143692,21.315929440183925,453702600.80980366,487.0800613772652,690.3348229003232,1.595490082402293e-05,29404.79688525654,2528046.832599785,0.0001309514411558,0.0905509988689957,5.09411734584001e+17,1.5129336831981322e+18,1.0729112669675796e+19,7117160561027.072,5.021027824008484e+16,6.033776909946597e-08,0.0047675874933352,0.1443591470418046,2.680448717817508,407.4712708439416,1.6723278100183626e-06,1.15978765297063e-09,7.288528373386301e-05,2.0542224015827674e-21,0.0001211008767265,3.394277999416326,0.0018448183627086,128.92950039871354,3.7824315604829593e-13,2.7557957328991116e-10,2.9891880939416818e-12,3.914618265825426,3.95513871962064e-24,5.15894356462084e-35,1.3575859039363697e-20,1.5869961275902164e-30,33231636.83486299,1528105935.7396922,233520305.5841547,274586548.02977026,5420.355682775899,1168048299527603.2,112640370918.1243,7.862488559583602e+17,4973310476552420.0,35408298.72762306,111.25786937859122,4.54486181265603e+17,10985723702.51096,139697696248804.95,4.131873964732315e+17,438252239.7498928,0.0002644823862267,105447247393055.5,6594921428.53755,307.6979603067209,271402739833389.16,4.166439375090447e+16,630770108.2877434,0.1547419849478696,1.064363990624632e-06,2.2689929039514223e-11,30.967918420005635,5.046197242013176e+20,3.2892562433418547e+22,956528818466123.2,9.90593017961404e+22,587510.6160174536,1.0696192986216495e+19,5.050583357194264e+22,2.508902541223248e+22,3.685547590987449e+22,4.131461981484242e+21,2.249602791737485e+22,9.809400328590988e+22,4.9154747265753895e+22,4.2887637691666754e-17,2.564449825230023e-09,2.071331534211868e-16,9.977867028068578e-09,1.282431150975006,5.1685989021835814e-20,51.2874007528525,1337931967.0305052,2.806828734243746e-10,6.034479501819902e-10,3039.625104053633,1.09118751788502e-07,7771713.012599435,115127791603.3895,3.731222359661073e-12,0.0048890811317558,823.7695558707057,9.04254893706688e-18,9.26004307488588e-05,34.10966490824197,3779.951443506176,5.246397717484707e-12,6.719132293253341,2.5735807653864016e-12,8.604117797961326e-11,48420.92333713856,8.000296881627357e-05,13165.550773483235,1053.7479450320002,73731464594.08734,0.0,0.0,0.0,0.0,0.0,0.0,0.0,8.304174657121054e+21
1260.5085418566623,59246.41886939144,12.008324686957172,15.976528396118086,11.187313931608758,13.241063666976196,14.161615223207956,0.017389310193218,54351643.19625747,116308174993468.08,2.2343567914048017e-24,2425.320640619586,0.0459973456070039,2.1481327427664534e-26,1.7293759563049308e-10,1.4705188828659602e-12,0.0769046375276593,0.0001363588379848,1.246860306842101e-25,8.529198122838192e-07,4.424655193307108e-24,5.503772240334665e-24,1.8236635706849145e-22,1.4190054692791926e-14,0.0001541069944516,3.633150345882717e-23,9.324241704735118e-19,3128157162.4933176,7.86446676134238e-06,1.1210477216537469e+19,2.466694223016268e-21,1.3145016843570006e-30,2.499855856175033e-48,1.6847098276562768e-41,9.209403905338945e-40,6.697799047294495e-24,7.510646750967021e-06,1.0820508052899476e-48,3.5327852324360595e-46,1.1426740384076682e-25,2.1061538830724416e-59,4.8149102873574593e-39,2.3097307990246724e-25,2.6557971265864457e-32,7.193705669502584e-27,2.7928267364551462e-67,5.898365026450285e-64,2.629419477630802e-50,5.6202185622235025e-33,7.445261241223159e-95,7.668723876127387e-88,3.322971213736587e-81,1.2810823103818393e-115,14.277173857320246,61395840437.07781,4.42125684587204e+16,5.522596757401324e+16,9.22544948743688e+16,3459614985487371.5,1.8673115017134256e+16,0.0018593682067496,1533730477.0670753,2.2941651208306455,0.000324093981013,8.769619043315163e+18,85764385790418.17,2.8237650529243116e+19,0.0001208479631856,37.92512791300424,7.365206995066471e-15,1.1452586467556663e+19,7.428514687366188e+19,1.175700335159101e+16,0.0012054297065485,5.913926963457993e+20,7682146215791493.0,366916964561243.0,339472613843213.94,81049883978895.48,34.32521328609424,3846969935.806575,0.0007229501776095,3.291641370499806e+23,2.6417961050840416e+20,2.4518153218147624e+16,1.0273942402141885e+22,1.6211290676121483e-10,1.942337004648184e-26,7.653753665175219e-42,8.857214399296527e-58,1.8973934840619673e-72,1.6890028947215154e-87,4.0645162522045153e-103,1.7296998804400523e-47,9.242150510661918e-42,1.9720987580653452e-47,3.0385149388775495e-42,5.610841543010282e-16,2.767843692377234e-48,9.19382204363008e-22,1.0636090238581153,9.587179276229227e-55,1.4318152410823536e-25,2.2680409241847253e-12,7.434433766023906e-16,1.422532842957722,7.811260718337157e-17,1.7853128276059463e-30,7.069115167077659e-23,0.0755746145077176,4.7200643062312964e-33,2.224445585538286e-19,2681.825790667941,14556619.506417004,7.755334972017808e-20,9.133812982318514e-08,1.631843520699739e-13,2.4754836243718565e-19,0.0044223852439798,0.0023816202503423,3000.7861210109804,1.1660827193808444e-21,5.187846183073187e-16,0.0,0.0,0.0,0.0,0.0,0.0,0.0,7.968174071408636e+21
1945.9037288618404,104522.95678823744,11.985958762577283,16.939660688786187,12.78359474067618,10.574591853878252,17.900126672710915,215772093.33951285,136358777825380.14,24076482915823.492,9.96159915484765,153992223.50843415,9.73145490273908e+17,2.6974504692273316,43105473.463966325,2581753.494070475,396591148.6070086,8261944336.863597,24.949680468682345,419783119.3553764,476.62949481433367,567.878443796158,1.1065357608733351e-05,41753.586051121296,3055291.0641717575,0.0001896601696937,0.1268076652632162,5.80856424930747e+17,1.6974650357500516e+18,1.038433101029555e+19,9810916605137.318,6.529267220151827e+16,1.2838024998601193e-07,0.0081692731805822,0.2065951267450644,2.8747601921075785,318.71551625806615,1.838447608855072e-06,1.1437434730043855e-09,5.259393013860495e-05,1.4938800363900629e-21,0.000229793958082,5.345553830790707,0.0031497257819956,214.05086257472445,1.0209292394039326e-12,6.173852406689361e-10,5.956911373148019e-12,6.866134173822555,1.4439061099535138e-23,4.7334766446588617e-35,4.102654045913902e-20,7.459261365899847e-30,32432364.30372711,1272253433.6790316,170668113.1332508,200565307.96042973,3609.073163359323,982393464220977.8,86662586927.63576,7.308979320853098e+17,4029396438819583.0,29521768.219134916,90.82832760312752,3.1519563938905306e+17,7301917973.94144,65753009104141.12,3.2880649389925786e+17,305954133.7927164,0.0001697181692402,97110261189896.77,5523603202.480405,242.1860386895162,284045030208763.94,3.913958083234837e+16,563988766.31351,0.1188521322163289,7.424059315639721e-07,1.469782106557423e-11,32.271345970648596,4.6121228069210895e+20,2.922074272994824e+22,816118621341381.1,7.629418463968293e+22,485767.929275523,7.408014883127721e+18,5.132455914883149e+22,2.5373479734905605e+22,3.706866310575889e+22,4.0801331995787537e+21,2.2015483734158794e+22,9.574238737756094e+22,4.74479095972514e+22,8.644099261898596e-17,4.396118684712248e-09,3.5510350953141436e-16,1.4670919185435937e-08,1.588793137255922,1.0091115403803792e-19,72.27786030085319,1421870593.0451505,5.883274655895317e-10,7.867354587280853e-10,3189.766041766602,1.226443966873224e-07,6889806.605255392,111070036842.70728,4.328235867121679e-12,0.0047686874870244,596.5046350573858,1.4137811367093986e-17,0.00011611870189,37.267042738582354,3284.2173274890993,7.080083943165679e-12,7.382841420332567,3.0516613396136536e-12,1.1618529292133848e-10,51499.975968032355,8.814275876453507e-05,12356.28696103558,1390.6381860634306,83020685714.42706,0.0,0.0,0.0,0.0,0.0,0.0,0.0,7.925376782496641e+21
1518.6631027195135,50188.92749182818,11.959884306058887,14.199872345293366,16.96390951621012,18.68931753766765,13.756677589632618,476.30520360784305,8095378691.343528,329.6278328644138,147467.46142977645,103084047.43332548,2676816017140.582,854.9542115443819,8.73413163664094e+16,1906662331283508.0,45337390157.97562,37102164.89018814,751.2648066045465,76304.20010629972,2373.8109426399997,346.3847091406543,1.4045925788672866e-23,197735278462979.03,1441038804.9540153,133168011.57258902,583932127873.4071,1.5490737675444773e+19,1.928182270601527e+16,32194728355223.7,9.253832509240925e+16,2.7385540133773604e+18,771646.6496810148,65525808458.155075,293477590044.09424,0.0058760909297081,4.3848377122903465e-15,371.68143386759874,1.2407847097034227e-09,3.11200903995572e-19,2.7729270234170277e-35,362115882697437.25,3319925904159.411,7.885024589413089e+20,16225021408.326351,35193631495.199196,4973543797810.72,11372749799408.9,1033658507930.2249,87711822.96140061,3.7738286767321155e-45,1.853262327963625e+21,119376611627.59769,413677.74546121614,1.3992781507237757,3.3562850582890734e-09,4.0713472848894215e-09,1.6050630363157396e-22,1388.5794900917244,2.183821802282234e-10,53692084230.99595,28431554149.44285,18541.133778325133,82.3753685249122,156997.85670142365,4.899555057352404e-13,2.6469692226292825e-26,1067885882.9697531,29285.939252378143,6.249666651323599e-09,50301558.17850751,7.039926108822971e-06,1.2530161123597973e-22,1623002941522.2407,2.3670619678063287e+23,678098.798189663,1.0591424891876133e-22,1.8227163113104125e-36,2.7689660187793827e-50,274278590.8417796,140635321.56157437,7317784.788311357,0.0008422707352501,3983.941170554842,3.617189208457182e-23,1.806866160101927e-09,583310135057822.8,64399283540.28607,22031216.57293495,1150.3761825298243,1.7750424439617571,0.0015590061163369,2.457141499007235e-07,2.487855918715611e-15,1.740396772760519e-09,6.377480248604681e-16,2.1798877202546843e-10,0.002540941341847,7.484799786218075e-15,671100486.3845675,0.0309571075634541,10.515291084779976,1.8003174238905892e-18,2.1491587362648066e-06,1.323934582536463e-23,6.735507575885754e-10,1.2888300930001777,5.101959941551335e-23,1.4603446231773169e-15,1.612945113558252e-13,7.449825728235428e-23,2.1979255844928174e-10,1.1020841953916898e-06,7.056277873227401e-16,5.860617430109031e-11,9.475675296839109,4.2890257377038954e-19,6.02366827618821e-26,2.6289319829108856e-11,4.6450293063629177e-26,8.233032130989816e-20,3.4990405210652e-05,24.05958744264987,0.0,0.0,0.0,0.0,0.0,0.0,0.0,7.739985554801215e+21
1545.7050742235351,74290.20688739502,11.99138403323099,13.931284135750198,14.914636513548842,12.170593731960327,19.084167407768497,3152772.6840794343,1314912578302.3171,21965138.076265022,0.7365406695718444,153865.75943308562,1.9487445357848616e+16,0.4334504328524405,18335501560.44273,433826078.4467761,326243771.9490655,415406738.7440757,34.34833881517281,82376010.41728488,9357.946003353993,120553.50001784554,1.0289258055887507e-11,519578.32474712987,123914.72609739823,0.0003388862922109,1.2784548843329575,1.1617685993780956e+18,7.022842161747578e+18,7.8035900392695e+16,1256526166895034.5,1.4980456762231325e+20,8.517407975123272e-06,52.78338015580758,20254.875742420103,0.5071801983751362,0.0004185045117041,0.2900504606243634,3.998578569715047e-08,1.1270016431990717e-08,5.648105233379743e-25,2.1323386505528115,574.1437130634973,2579.550054450974,3983.7543670237214,6.961596754986274e-07,0.0082737372788069,3.0713161992918424e-06,13446.208483407943,4.081420357203829e-15,3.7124965439202542e-37,2.9303325359649857e-08,1.0559888818322965e-17,63305.56585684095,7096.152790254968,0.6386681810785786,0.7727985112011012,1.3513532527954204e-09,8293481875.904667,58.858946043056584,3.9007009017823144e+16,409343594986869.3,269591.7155702959,0.9674502537714434,76172360535512.48,13.169512249429742,3.601746190027633,7.432138673736547e+16,36945096.924785584,9.155558215802368e-07,2090694438.9432323,12.870117963377352,1.1615425983443766e-11,9285766697592.217,1.4248143830261715e+17,21915.471479295687,7.825840917181481e-15,5.858713529561668e-24,4.295213971681949e-33,0.2315799020013093,3.3271241123669436e+16,7.991365564361406e+18,1881072.811577554,2.9565751372121216e+16,4.705945664078793e-09,559984820.3397313,1.723909085755057e+22,9.739690735148129e+21,1.6975804787350491e+22,4.269987769590559e+21,3.3036960503914436e+22,1.495044697970199e+23,1.1718171129277777e+23,8.687406451261552e-24,4.7309224000590905e-11,2.0770086348995e-22,5.770291206923854e-10,1.312274075661396e-05,2.0183713123836543e-26,6819.139619382717,454755.95867875486,4.341443967911243e-07,2.7940952993575325e-19,2.03444614322384,7.152963250387682e-20,20.301367648077367,4434396155.056543,9.00299576721169e-22,1.906966586877884e-07,4.524890437432013e-06,1.2058496666666647e-28,2.135817059849199e-09,2.4468874396112564e-08,6.062664612177303e-06,4.396373119439637e-20,0.0456342078569944,1.2120581940334501e-23,3.840809996456819e-24,0.0092863261661952,8.07003108700399e-20,1.1206804122250863e-06,0.0001574395223387,854789250.4040595,0.0,0.0,0.0,0.0,0.0,0.0,0.0,7.466013445771542e+21
2235.822179073599,97266.51373453529,11.993538176604812,16.01035189174742,18.686574534648024,15.075995992624168,16.173995644227713,69395340.97282243,17130193140.3087,371438901.1524537,19787801480188.27,998235636.507086,1.1157571680738768e+16,45254401.63431826,2900819019518.821,276142383082.1307,9048043.870213917,3650637897.39025,1767.6848209946186,1178.3260060354391,0.1115536945916327,5.070859659052068e-07,3.3109528869605064e-26,1312126135541432.8,25343973610.86103,3292974.7278400143,930983459.8445247,3.245663075136114e+21,1.1048559113864206e+19,1.431592779438681e+16,7.595681709226653e+20,1.9964175360091787e+21,4621886590903551.0,373102217837921.25,30502046283.296772,0.0685913788562954,6.29598356315293e-13,3.334620264238003e-05,2.1125157992066847e-14,8.473390654378472e-23,1.9167530029138134e-41,1.4642268257916675e+17,466257399467160.5,4.450947616879884e+16,2.196825288616407e+17,1.9372617714313344e+20,3.140422370158913e+17,861768415561.8457,5.670231883410277e+18,7.654556793958262e+19,9.002231823649537e-48,1.899604048320716e+20,3.086163195763134e+23,1857.33774441978,0.0203214417923776,1.5905865235091595e-09,1.8413490688870062e-09,5.0857216159438174e-20,61256.69582523062,9.050675864406124e-06,63426208799.2171,1915274.713988651,0.0096999842667855,5.795934831535731e-09,45.45752924179208,5.840768588873445e-12,3.595077383082921e-24,172791.3092712339,3.460659336567837e-07,2.4155398822853997e-24,63242527.30236268,0.0051831806482106,7.63228289288833e-16,524490802640.3439,856574256358095.2,57.42234124336015,6.637476229593403e-20,5.811587521435918e-31,2.8303106406193766e-41,3.375047661035799,1307148791442.0674,69865701339.21188,3712.2220317937818,44038592.10927213,1.623372291976177e-11,0.0046276731043453,2.3550139231304102e+17,180753244605037.38,403326998008.8444,48800554.318783075,366915.9800323625,2630.2856852190193,1.7234236338549276,3.980711469223289,859.2472633123476,8.372797605086306e-05,0.0179376971608407,1486.4336424583057,0.0006808611409839,30649445872.637203,352462.6495199798,236733510993.25943,1.3969038705590283e-08,0.0583966391914824,7.913793217771059e-13,2.720668609706233e-05,404.84033872351824,1.2528215388678545e-15,4.3617319155593914e-12,5.174552145767212e-15,2.694213414811466e-11,0.0002081759032268,0.118267015325779,1.2968124168397274e-10,1.025131281633665e-07,0.1477234737438411,2.6408682522449475e-14,2.553849888073969e-10,0.0669179754838788,1.7164152135977295e-11,1.063381293469012e-08,180888.67842407164,49625677.711987406,0.0,0.0,0.0,0.0,0.0,0.0,0.0,7.400506918732071e+21
1657.390373741783,79434.0358817651,11.982339901368164,11.12974130120463,8.225615442650895,10.528348331881023,12.227326861251964,16354871.240989638,7378417927538501.0,58773077614.86999,0.277453445471112,407140682.45350385,5.831412673755186e+16,154.8372957153459,135628790791309.72,4351781485717.7065,522862627910641.6,6084323312324.845,7432158.146948888,942729859597219.6,1035820541040.2876,7467352054346680.0,272442.06244856765,10018126.552558756,435042271.5990042,3.3745954822412356,7210.68544502895,4.165826828104109e+18,1.63521233225121e+19,4.860673036506471e+19,34094250922588.832,1.301230658256253e+18,5.5315217296967054e-08,93.3403986828535,17911819.59636898,26730728.80754381,823976182.0496894,327965666.0967486,19855.83404131836,222878698.82617283,0.0004959400229987,0.7493080305007679,24349.229554973183,57125.925635906664,1093.292386732982,3.5188109712048895e-11,0.0001941566590942,0.0003527617695003,3571.9839795156886,4.5305546298304865e-21,2.3869445607381837e-15,1.862445469351244e-10,1.145478999431014e-25,164809266191.6149,3522058229856.2114,96866820975.15002,116101520719.86005,116846.051013736,1.3124265561507558e+16,57148593846.468834,1.0369872753136157e+20,1.302303564738128e+21,518070788935031.25,483131132449.4166,4.9165981695110925e+22,11346244332216.73,6.0235083009870664e+16,1.5052498599949034e+23,3.7200040078222565e+19,849932567024.9696,545263861709733.9,1869169412.3201184,1.61222225739852,6495717725319770.0,7.052570650435459e+21,1286685498894.832,0.2681783636773125,1.0752800231379025e-07,6.237706090817274e-14,24076502.43000351,1.7614740140147e+19,2.2623275469835663e+21,1000652984678.0364,2.4253249356026337e+21,4.0385003533959845,2.1044570231253684e+16,1.6955865604714555e+22,7.573740908207083e+21,1.0273531764456338e+22,1.6264319609589714e+21,9.220257542324498e+21,3.390863691764701e+22,1.887033953877655e+22,2.0886562679394115e-22,4.388510559334187e-11,3.4345730828275234e-18,4.31923978400097e-07,2.544901115255981,1.062107970762868e-22,88779.70134435114,1046515982.2679486,1.678524755067474e-09,3.263796574921026e-13,36416.42310929516,1.916053345517198e-11,59428128.81873653,17095619305894.8,1.532128170884823e-12,10.337822958756377,81435863.78711008,1.0723302457801791e-22,2.7411141320781485e-05,0.1470575778169019,1244.4945121653247,1.238453399370037e-12,23909.845205046357,1.0594220971557873e-13,2.1508749194651098e-18,55.37281093259985,4.10269947563658e-12,2.2535598075120227,0.0188549736896192,4167903455.3445063,0.0,0.0,0.0,0.0,0.0,0.0,0.0,7.326208970499059e+21
1258.3772526169898,55306.77937274572,11.998907859292252,15.948727083567231,11.197968024904368,13.217246886429814,14.16384358045213,0.0168750881767628,51436219.318423614,107917984477643.28,2.0493315485245748e-24,2187.314555633295,0.0460114064631717,1.9698516590188368e-26,1.6613514277547775e-10,1.399468185255032e-12,0.0740935475858575,0.0001319868750236,1.1589789099840385e-25,8.304398306627518e-07,4.1911691895831926e-24,5.2981143175212854e-24,1.6503903180679974e-22,1.3256999239861527e-14,0.0001452023796334,3.2207963198897253e-23,8.4131880186927e-19,3167629232.520356,8.355415842802552e-06,1.1465389882597149e+19,2.538892108403291e-21,1.4508092366759989e-30,2.3131931899654012e-48,1.6199105476416007e-41,9.032081637010972e-40,6.562466728208855e-24,7.45491618739522e-06,1.0493710773527484e-48,3.3627776954027814e-46,1.1005949063778313e-25,1.8789519853591682e-59,4.532509684687924e-39,2.2202385571292e-25,2.530933107800975e-32,7.022593091628351e-27,2.6709955330805973e-67,5.765065548214364e-64,2.5112077632018427e-50,5.7895421676056074e-33,7.136453856718003e-95,7.153635254283888e-88,3.2288506355061064e-81,1.2611149426387053e-115,12.857227482325673,55667766185.64821,3.978920246448653e+16,4.97152506214954e+16,8.083829490756328e+16,3255873545442750.5,1.7068421296001752e+16,0.0018631185558882,1474067207.1037166,2.081463662045658,0.0002849822385979,8.468126722359111e+18,78545635765858.98,2.7680226238561485e+19,0.0001218889203868,35.04061302271623,6.333389975922703e-15,1.0611146277590376e+19,6.705038786424478e+19,1.0170483326531506e+16,0.0011720873900562,5.603623106466345e+20,6929353856296213.0,308066157584946.8,278118422249535.3,63996895547277.73,29.56069041079003,3883018632.3973913,0.0007699866115112,3.070715047552563e+23,2.7021790963955987e+20,2.1565144793647268e+16,1.0301089377089334e+22,1.7367718073670594e-10,2.1696299927913488e-26,8.919872827783214e-42,1.0840079294680912e-57,2.4273043096823413e-72,2.251531984946019e-87,5.668858859407017e-103,1.368037153087508e-47,8.411596508319962e-42,1.574791236868746e-47,2.7770258363372824e-42,4.91652814721843e-16,2.1323543128342542e-48,8.869353877107678e-22,1.065810298954356,9.195888502302828e-55,1.1266465025041182e-25,2.1129100285636364e-12,5.85494723434322e-16,1.3401889563849612,7.891115632543087e-17,1.3860873141546956e-30,6.353241766379495e-23,0.0644396026828298,3.4875880181395794e-33,1.9495356080487977e-19,2210.9076909993973,13263209.891940435,5.923770554363747e-20,8.210789507337927e-08,1.236676299445849e-13,1.9094741648925277e-19,0.0040842774101171,0.0018920884613879,2741.487716046738,1.0203751055268245e-21,5.215321133861166e-16,0.0,0.0,0.0,0.0,0.0,0.0,0.0,7.324493032850788e+21
1963.845402927458,102750.16840503778,12.014460838297882,9.179348550202954,8.924655083567094,6.125907668888443,12.768410200914994,5035069694.492147,9.511330648468125e+16,69390080251.14896,42134.190204880215,319102441.8170816,1.0803900246070452e+18,6577151.817882676,129350072962542.23,8004826710561.688,2619693944724.969,37046343649298.65,33403937593.4027,1063287224347588.2,344292758704069.4,2.235381430739378e+17,26784.301212432423,239450148.26760712,37885412.73195549,1.8936339658855887,1191.4239669260871,3.859620802458792e+18,1.0648675078761597e+19,1.4846721657507728e+17,3.0858855081876052e+16,1.7966522882207924e+20,1.649081711103456,52917081.05210093,720747443265.5992,49844882.75701745,26151.9816999146,2214372379699.9067,3275523.77925478,716959.4284334832,0.0039692508439868,4032.076322195946,193771.17857418305,76710.02439917899,5081352.075172706,0.0365201222226186,11759.231296970667,0.0010056414452416,943673.4103466576,1.615249263969927e-09,5.2606208984635085e-15,9.204902996899138e-06,2.3869382838196797e-12,38874369076.62916,3310956157.970842,1015485.9138073134,1192128.1748779137,0.0525059413790302,1550072504851824.0,336809920.6482824,4.642735774244321e+20,1.5316218836093735e+21,19851908446364.227,98772247.90873133,2.617203736751016e+20,16246267400.413914,638104999.7981471,1.1760859739650516e+23,1.1131517831508224e+17,66426956.15355509,406678581733.257,56379.498346613655,6.392762936314356e-06,503538189432474.06,9.864154805418878e+16,3761454.832837258,5.042147095526711e-09,7.656874883187045e-17,3.836976869670813e-24,164.80074854144047,1.1024386499515378e+18,6.449405085279664e+19,5127630156.030753,3.8726131394202854e+17,0.008343214999205,89799050351.97923,4.992063258502483e+22,2.378224397054235e+22,3.34390775753988e+22,3.461593973891919e+21,1.7860427690359514e+22,7.514084583543105e+22,3.54804272477202e+22,2.934053362809258e-14,0.0003994943180463,6.708920957945854e-11,0.7532881328781985,482.8928513693746,5.432219851369515e-17,7743941.224331552,455880969.0219269,0.1393081351968895,5.0019084616042907e-08,49147467.06789801,1.7253821560605182e-08,226443581.36772153,1428815984858198.0,1.661532051239008e-07,48006.050125392765,21083206.346578423,2.811707611884651e-18,0.0055605909128333,0.0112213588041283,0.6784094544652275,1.812999153204176e-12,467.7555883053345,1.789718063702191e-15,3.053874853496637e-14,3154.4215921714163,4.6407968553501303e-11,1.746700428535123,117.81396800419516,1893788386080.946,0.0,0.0,0.0,0.0,0.0,0.0,0.0,7.259412779917554e+21
2401.745604392911,113474.65128835644,12.01547432516526,12.53242074912738,9.448990480860946,9.870035096466443,14.034466366547983,27208470753.43283,2.8972223286706605e+17,1067897248438837.4,788283.8409803825,1317189693453.9937,1.6046037835412756e+19,8765602.23317827,24272297255187.098,2862095315152.924,37283905704524.766,106244571242483.64,1204431687.0357993,146542194003519.1,239428062522.4643,3673388993146.411,274066.09448347846,4258235468.082203,36175175679.74031,4536.887799155598,861910.0993236795,6.880398795847819e+18,1.1800447036042844e+19,1.296073675840203e+19,3128653233886617.5,2.5085467554527933e+18,0.8344410153333031,136381.7350327087,34863404.27954341,21699768.802890033,41802215.04503958,1161326.1988654663,606.3225336456051,502743.7952121669,2.97238292058841e-05,2280.142784789816,2331295.108093776,66328.12927137136,6230779.247923155,8.906107751125075e-05,0.4043031407490186,0.0036030997972015,140852.3865722669,1.9766611699418794e-13,4.493962315778901e-17,5.875428669615022e-09,2.458122937600283e-18,12134343385423.602,59737303833529.36,2973781052336.1157,3418154162151.5366,93991338.68744044,6.061519662579232e+17,92695299170700.05,4.204188254404661e+20,1.0810417787560885e+20,257379310306933.4,40277985874.12093,1.1983558042943514e+21,278121908303429.88,1.5369564975084022e+16,4.775460324222052e+21,2.951280023549022e+16,677606085.8566321,2.332100991725865e+16,1843027183621.7087,389145.3969476674,1.8003325893150608e+17,4.4908061281358684e+19,5017426618510.772,8466.866410006654,0.0711000264964491,4.271284659714049e-06,204965154.9979521,7.987849038067186e+20,1.840066926509556e+22,4919555602257559.0,1.046977137011294e+22,44166608.656407475,9.314335818959692e+17,1.0334460036013276e+23,4.552815324581693e+22,5.791591746583719e+22,3.4252083716093546e+21,1.4072284818620767e+22,5.976306680556811e+22,2.085249289018944e+22,2.5531605354603143e-08,0.0076741781420002,2.0653034426592148e-06,0.6688271565198531,2301891.334569562,9.99325292531031e-10,8850012.933767827,94183588186.89252,0.003491783231683,0.0879767930458837,265392911.4949788,2.526352318792669,49148571643.45325,401127851135612.8,0.0520582030950824,219836.8049800213,61856643836.91644,1.8591520039306833e-08,99.34367233696128,3405494.9435969316,6967604.427877064,0.0041019645742427,4879228.873008817,0.0006791562518838,0.0002744282228271,40091198.68935598,4.862707532396431,4273843.679345782,30069886.302640986,11902273973187.148,0.0,0.0,0.0,0.0,0.0,0.0,0.0,7.246066684805398e+21
1360.2663599088614,72890.41687151033,12.001579251011462,5.080400899273342,12.184707030455456,10.56087611330436,5.405389742455068,2096978.352757801,2541800791716.427,5.142102107098378e-09,220937.27879988757,35.8707218035817,69816464.4406361,9212276.836054135,1.674675849197463e+18,2.138825017376142e+16,1137.4069511503983,9736.64421226066,127813192725.38889,203127.06317152988,8614074787602661.0,2.2918429258858856e+19,3.311996579930664e-26,106771174299.08514,0.0013915361877404,0.4488202345332391,5367.789334863794,7357795879122.938,3570939.7343404954,0.0297161179324957,2549563808949388.0,102057107475935.94,395419492.5331471,2.1757366176700695e+18,2.175051281646566e+23,4.966810289704657e-09,9.52572298281599e-39,7.68051172844669e+21,9.74750265930806,5.7105145932887775e-27,3.094985276640639e-28,61388839404386.26,2060.1607142268695,3.3668786027142484e+16,194264.51616996957,2.4759623133469932e+16,8.780815986918238e+22,123.71944632233868,60.2359770073503,1.4123470350886094e+16,2.713123449815853e-50,1.0033015877288375e+22,1.8006954940097544e+22,966.681561598282,5.355932643224037e-12,9.240474877635933e-30,1.139738292106127e-29,1.0615450116823901e-52,0.0003556057933822,1.1743692800172614e-26,11262235156.255938,1.5775029095911174e+17,483332.4271020862,0.0448535689120454,1272.1773108469897,2.134323204383741e-25,1.715033557915309e-59,2368850221161.1226,15636140228.524431,4.9687010590922305e-05,9.105523038765228e-08,3.1738129117404454e-30,5.487025286601326e-57,1055.7264691552014,174063073406079.7,3.3053321468310726e-14,1.0558625323312208e-61,4.9046527162998305e-85,1.0022713122455673e-108,1.0723348710736085e-07,6.8336249905285345e-06,1.9344189139234047e-10,1.9922372220097688e-23,4.5737510284615215e-19,3.2880537447128535e-53,7.31785488689887e-41,19431719.44695337,0.5885938304873048,5.7051504977192564e-08,1.2248379501926718e-15,5.954453030564894e-22,1.37681348061177e-28,7.218530265548646e-36,3.1897409650993165e-23,4.1793957517893687e-05,1.0314284650613708e-19,0.0491411246744489,9.10955069725521e-14,2.6917369501155963e-27,56419022962.612915,2.2315016277844665e-13,1046531479.1774956,6.048290088883463e-25,6.856626191653508,5.2273703734470296e-39,4.569201692309669e-12,10853.23921824183,5.796223641743717e-26,4.354473004967052e-06,3.147616537059672e-19,1.194724768732909e-38,3.719619282303103e-13,1.0229717434519814e-28,1.354516967833649e-35,7.875878130238089e-30,8.598540922862559e-06,4.042349973233096e-47,9.958669070198197e-46,7.831044497774978e-18,4.6159508965479573e-54,1.469839686612172e-35,1.7730654254040608e-17,20.775845585143653,0.0,0.0,0.0,0.0,0.0,0.0,0.0,7.193897518584874e+21
1633.5204362029062,67385.99408148689,12.008308819755442,14.045546656755196,16.6034961881146,14.684366574233072,17.227190542940743,3903530.778200521,23474814281784.133,6099216.196517446,24108.65359915852,105240031.85081938,4.374992172069309e+16,61316.26752625581,3.701391324033561e+16,1116690141656393.0,24612076132132.31,582007316063.239,14687027.891824331,427343440743.9337,10568340067.685663,386265239247.4427,2.6812553154061565e-07,499652368547.2217,3875629953.971134,60513.85588114736,145040459.78218183,1.1748676914909009e+20,4.709873956517183e+20,2.4719549277425702e+17,4.722044195385175e+18,2.1235890725427e+23,779.1252032896649,7710601054.328428,7673279811390.497,324533.1299122231,0.3116348839436611,2717504507.359423,24.593852010513633,0.0084867246053873,1.4082369323588658e-15,5987999084.148654,37780149570.14318,251175595411383.16,3695721645.826959,94385.6885315034,2743256450.7793903,40566059.489207126,443447518607.477,1.874353719558946,6.030257896499232e-24,21657006334.144863,8.613923166381621,192732957.9453592,729046.4089898367,3.225440567773443,3.873363577969093,5.51715238361436e-10,6830149579.525344,4.155866098106719,3.5930968696461856e+17,2.0956916292448556e+16,2904732177.5580688,1119049.2271918647,138315616455549.16,3.810959617508383,0.0006733045402549,2.48451350731057e+18,1071606356199.4875,35.29030311515035,28512727306.437466,13.92834066241557,1.534409327334556e-12,2057407452997046.5,1.2826731749306833e+21,28612970.20565314,1.0655370703693733e-13,6.1339604450416015e-24,4.722734685003432e-34,1185315.0469133358,2374993460762670.5,3.240946185691874e+17,18227.667570889116,60357970648746.61,8.453577640395276e-12,77624.67772387412,1.4914903473257764e+22,6.539501445179621e+21,8.734013977667892e+21,1.4211959990363205e+21,8.03001443930824e+21,2.8820553171186976e+22,1.6088226896966712e+22,2.3505038477847137e-17,1.0587627331403002e-06,1.879913749205276e-15,4.909537168656048e-05,0.4332956981766249,5.1134071448565664e-18,1597241759.6595688,1361562.735232137,8.748303609859077,1.0588562125427566e-15,30.52897288497989,1.0601896259832689e-17,9.098848149775884,18313885562.995342,2.0768502711579377e-17,3.122879199627231e-05,0.001581618611363,2.565487479229867e-23,1.7152833578056158e-06,1.2238320013034322e-05,2.8807155293516382e-06,1.8739836465844077e-13,898.99460666587,2.5707040878991546e-18,2.2736073436607856e-22,0.0016280641553769,8.920497585035847e-20,1.0451247746072913e-08,0.0201346028040354,943849621.5710968,0.0,0.0,0.0,0.0,0.0,0.0,0.0,7.16570489322524e+21
2817.253344933954,131353.40453189932,11.994622552500196,8.737837268120337,13.166989865742837,14.498340315420071,14.895817439631507,211080500439.6189,4.5213229330759264e+17,91089847864.0362,646408644689.1427,2255125943871562.0,7.574978372882796e+19,955447307059.7744,5.150775914496843e+18,9.271338625734504e+17,20547541898885.03,2825341491494.684,9111841900465.57,403809158523.3125,101921088936711.9,101561604786756.38,0.0010368087945422,2.390439230257377e+16,423808032390.73425,4661847490997.339,403245399452981.25,1.7465155706289715e+17,1.8092711954784006e+17,651771044660.245,6.523617811871901e+19,1.164875127642057e+22,7545974111.191596,28960368517940.742,412934527657840.2,1997.067709469745,1.99613349320854e-08,404045628347.1612,1543.4889478548057,5.409103486738888e-06,6.578452909468478e-11,159689855415977.84,175736418809.5987,4.423817268387206e+16,15312048721.685629,2799394914.7081637,532932686117.5457,103343864.55532122,1571772.176410925,108486.1868091046,3.256993516407413e-26,500254144481.33936,7023.30277635384,2843838033567126.0,30397813681.814697,6599.111567499318,7475.15670542626,2.1808303295314803e-06,3426094771373.7183,5989.56886888323,2.355832450487159e+20,1.051182483144988e+19,5599992226708137.0,61753616693485.64,271746400074069.28,2187.354294749315,2.689339120128349e-07,2.62415632681047e+20,3.767778294154033e+16,53953902553.4224,33429901997328.902,26148.643728387095,1.2149009197970565e-07,4.907730135697741e+19,1.2565284855905064e+23,415976455731.7043,1.687475917763989e-07,1.4130441879876712e-17,1.362387099935788e-26,778670343779054.1,7290558410638754.0,7.310525176744838e+16,953164.6646522398,155506259194.25305,3.802960754570666e-07,106.36905954419476,1.072152257199078e+23,3.674378589882575e+22,3.586405932315603e+22,1.1938770066983693e+21,3.461502297140791e+21,1.2285787951587232e+22,2.8612725364031325e+21,10.465011758996186,15715.95570235106,70.17784757333752,130116.97633222053,3411428.939366498,21.864184732229536,19589380102424.93,20175.247945745577,10582653.025742844,363.5747239811898,1477527900.308957,0.0285140846872899,459578.7042672026,244218560125945.4,52.503245478391506,837997.3845818827,315956.4449896316,0.1655241969694117,1094779.4848039297,578987.0770924173,0.1123996027661769,127288.60864882635,265192947441.85928,0.0935144263981351,6.244265664842058e-05,7359.559365559348,8.25401137462484e-07,0.0037541828088823,36750720266.641045,77588892813630.16,0.0,0.0,0.0,0.0,0.0,0.0,0.0,7.109189930993182e+21
1957.162243419002,61985.650738716104,12.012241813585948,7.6795749153876,14.081783942530873,15.85284603185956,11.417931638217471,7377318.995496173,328320264974813.4,566.2459905127369,3282463963.130359,438318129537.82214,702258976075913.8,1898079415.179964,6.2187406806963765e+19,3.802139142140788e+18,11356207056.532127,103036863.46076632,36359026015.57341,11037547.825606536,1422675889760.1355,3493708731874.2676,3.115951548169572e-17,2.998209100481428e+16,43056960.51481796,347382674875.43,223539532277261.0,3071966101232030.0,5849843437058.029,1074513.76270737,1.81265567688994e+18,7.492577715461386e+18,11314927690.15485,1413306238104324.8,7.31253865242756e+16,0.0004073130664899,1.752687188101426e-23,3039606027020.842,0.0393996613611545,7.0578716314839775e-19,5.40966324371153e-24,4.434248188663312e+16,19671573032.90207,1.3441708387250578e+21,335399754.5992782,22789284494369.434,2.7994452329560892e+16,13807369923.630466,52170.62420716506,87813442874.06984,4.6336953684718655e-42,1.2516679734282022e+21,11685041922680.596,197555575082.04095,152.4896237443037,4.1582090396634204e-10,4.883416032154599e-10,1.8646230222726399e-25,47761.1832311476,8.975855683428151e-11,1121017157676009.2,1.9997119465923056e+16,377495133226.4163,2827980646.793084,30898255.27081141,1.6079483393306978e-11,3.607011778408121e-32,1061120901221266.0,8027366693964.711,25338.074262086557,5198834.946139899,6.258039450043793e-09,6.027495516949101e-27,495137861162568.8,2.2671661904683217e+23,72812.71007245632,7.174511753566821e-27,9.468864685482653e-43,4.062746147862456e-58,524614270958.5506,6514522.6462429585,265216.1499990221,3.786458181122855e-07,0.0209103648414038,5.1269353971076256e-27,4.241989580460796e-17,2.302509693116434e+16,7513756542174.863,7240054993.532002,518034.4161862749,1836.1123946685027,5.28369888838592,0.0017161484696962,1.2366042933827504e-06,0.0470176787808006,1.0611289282688442e-05,0.3308707366505887,0.7734798622435363,3.472239402660385e-06,1542679935079.2026,4.906035002118274e-06,1528299.5985175902,8.910596598667e-08,253.67698854259595,2.7661105528359863e-16,1.066227204369875e-05,5327382.90031086,1.0778102449289402e-09,0.0008762915275307,5.144361353117457e-06,1.9554437288819123e-12,0.0112316523921851,8.082891220905103e-05,1.1630919932940015e-16,0.0020656968237605,1532370.8454825631,1.8118507357910326e-14,1.2858259816980414e-19,3.90448655251788e-08,1.824502325987403e-24,1.9155866861007892e-19,42.20928337317431,1890672.7435171884,0.0,0.0,0.0,0.0,0.0,0.0,0.0,7.081805596348686e+21
1454.084833328179,40304.42569927029,12.017044927367984,17.149901227585204,11.76276360864141,18.110495595286096,12.314796170832174,54.30071404450248,960898564.9719148,664747689979991.6,6.625819787550149e-19,17112783.468270503,0.5701525632407091,1.5045634261768945e-21,6.620347848914845e-07,1.1780162877172412e-08,3.7498218320907752,0.0021740481593873,6.990724412135907e-22,1.9959646812363626e-06,1.3094554931296289e-21,1.0668604171149996e-22,1.174325472107429e-22,2.082547491997866e-09,0.1864222753820594,6.991319552381888e-16,4.492988176713943e-12,6168797378.267281,4.579189163228252e-06,1.625507440783356e+17,1.0798572814373822e-18,3.0627670073123844e-29,1.235155374145578e-40,9.496960701525196e-36,2.563926756728642e-35,5.225082532997343e-23,5.418124380487997e-09,3.935081972762373e-45,8.939857578517327e-44,2.9966021035783627e-27,7.646303568515755e-58,1.3131578277077023e-31,1.9448572974946982e-20,5.8413808705304975e-25,8.500761544291185e-23,3.4134626621102584e-58,3.044048012115878e-56,2.6373128856258265e-42,5.224411899431189e-30,2.593120544898136e-83,2.4451806114698607e-86,1.7929485057175237e-69,1.8445486049030016e-102,26214.35157732855,1054161636105.9956,2.194478000721737e+16,2.678985204404772e+16,5994752963683333.0,1503398353666049.0,1283884099915772.2,0.0046757700543091,1863545039.9522333,544.1642522430038,1.9104626328771648,1.1717488859328398e+17,1180268403522.5994,6140499639294.667,4.219231052009497e-05,501.6186674261136,1.3706118404880038e-11,1.5434029599686423e+20,1.2517451374607408e+20,9006786028534371.0,0.2925726400261403,1.8086355841287794e+23,1.8110325519655137e+18,6219526181625019.0,638720410375167.8,44442954957002.83,40813563.380976446,374152391.1391803,1.3195485682246475e-05,1.9615322310914624e+22,1.4487122243169878e+17,2392840666341779.5,4.345798468091987e+17,1.1664603936168506e-10,6.720637978508956e-27,1.2139939101396866e-42,3.858236204568298e-59,3.2732929581944975e-74,1.475664758536971e-89,1.3056940123764e-105,2.0102415887647035e-39,1.4623799461537885e-33,2.501510394456923e-40,7.956573004752113e-35,7.698655724824327e-14,5.3521837876608135e-39,3.1466068158970893e-15,22.233060113407465,8.153289740256213e-46,1.7388988959046104e-20,4.009615707745108e-08,1.340565254214725e-12,165.1924902006814,2.9833400516259295e-14,1.4473091632886833e-25,4.899188825454547e-18,0.0142655163043253,7.29856067132961e-25,4.329947679684115e-12,1203985.1753403768,3405518203.0717683,1.8568230232280106e-12,0.5091753391161641,1.1678144992626889e-07,9.849199252166907e-15,10.59991094941258,0.1483334360608246,269018.77179672074,1.832566360705737e-18,1.263924322713238e-12,0.0,0.0,0.0,0.0,0.0,0.0,0.0,6.991092198213504e+21
1541.5498885400798,101947.16896240663,11.99978617625302,11.413601737448031,7.065930853367392,7.871018039531455,6.997998886007908,1666064629.3559208,2.7548006024405148e+16,114686865.78758223,0.0002133072811501,21553.695095713556,4175846766.7259946,2.823864517074437,20317387535.16843,474894938.97296894,2087338756.685464,16701646333.669254,5124892.360627934,75085831957304.7,32194564196064.258,9.529062219534264e+18,24823.927400083034,24.682699937791988,34.228126405668235,2.407709352231893e-09,9.292285003886265e-06,2201260607221786.0,3031495190.277179,861360184250612.1,90515.72145318054,2529.0410726989817,8.082114150329544e-13,0.1184403711284096,1048981.717685352,867.4441987217768,24.083329335586516,7495370505.189023,5800.304060488341,54870.12809798961,0.0002192016326311,3.311934550329502e-08,5.270888838805998e-05,6.5180021490563075e-06,0.0023302787771441,2.234195985444169e-17,6.14586494635985e-09,1.4491753168115856e-17,1.5707165805696982e-05,4.251188073794019e-29,5.292822607751519e-22,7.961196704819242e-24,3.6868951215498287e-35,199188311.9949209,129581188.59045932,66423.02152379954,80403.40137730032,0.0007807350855012,992649736647352.0,39018411.508309975,188516809446620.3,1.9692098668139937e+23,19273936823281.555,10632448.027320445,2.121292497020263e+23,196916964011.92865,416519.21069308417,8.151205384159426e+18,6.084613658711416e+19,4946601857.978588,1745065524.4548647,59.72903835860111,2.933360032183715e-10,307153.56839977315,3408403266098401.5,2828.2075977963773,3.044228277774258e-14,1.2692535216040792e-22,5.1016931454034885e-31,0.0007833333185926,41499645445.416275,2288402.623987064,56903948.24659967,215808589761.62164,7.585668542549176e-07,22905.783130483374,864742194.4957454,110.42622327114002,4.353113544956422e-05,2.4976005808355844e-12,4.381138166925101e-18,4.4765342897802994e-24,7.964911279383195e-31,3.7754231738624095e-30,7.458221993247698e-12,2.05673228711586e-24,2.059322379142229e-06,8.431674103807573e-07,1.3576096003612309e-33,185.70378978851983,2688327.5989219327,2.3734988486179197e-11,8.378458859535448e-18,22962618.769703716,1.2355869097871717e-17,1337925411.6902957,11914433758.881289,5.969637990360548e-16,46221.84519926444,438774.24307197874,2.371822811662309e-32,1.585065126702793e-07,3.1922326548747705e-11,0.0156600424761479,1.445944126906361e-24,0.5605739052427084,2.2690494673470047e-27,2.869713517687974e-26,26.49944295899229,3.6046280201556786e-21,0.0181407560580118,5.1579204573806e-14,101367.65390344946,0.0,0.0,0.0,0.0,0.0,0.0,0.0,6.989991755067488e+21
1982.2088257823705,89785.10590219831,12.00383985133874,9.942860934342807,10.939381935764237,18.011142710804716,10.98054081234334,828557285.2324133,1459978743561172.5,9364452.657055968,832276.0370438761,760571588441.6078,772133082564718.9,1646741.615974035,4.573375798257256e+16,2924754993111753.0,95355698064.19766,797040399.6232717,100948250.47325993,284116235.87280923,12339231497.248974,95970105116.93182,1.5483145433738926e-10,7361812514237.588,117780276.26053137,116499317.8737818,68956929314.02023,5592238831693135.0,9371016766142.03,21645977007.327763,291254439055480.4,954023300267140.8,461.292369411356,164025720.25915143,26448773851.996586,0.0198838823866153,1.0798228530434045e-13,13565881.31987683,0.0022323730946441,5.086171451945155e-12,5.680550857386426e-20,1768786834.8180995,8210008.859606502,53626647078265.17,122758.01982877163,132.5933038249479,499559.36281386233,1062.9238629118995,28.766979167872687,8.554394392721828e-05,1.4973290415112585e-37,1289157.4751375932,1.6857947148589692e-06,1178409493042.4343,10190754.157693304,0.3342872319241146,0.3920230549074591,1.9775798188117427e-12,2517387781.6615486,0.0630468190567743,4173959531389673.5,2.816111999626927e+17,7422087855769.493,68616046425.56121,4915954752358.29,0.0382790182411561,9.226067171500131e-15,1.3089553008955888e+16,494962650207645.6,8033199.151079764,91575247008.89334,1.44786703565994,1.987242389049468e-14,660150700682362.8,3.280734143863288e+23,1549765131.4512773,2.8942157786078256e-14,4.999985741923097e-26,2.9680671373826615e-37,1277489770336.5894,79326275457.2716,2756202860.3797183,70.54798274934316,2766988.4149878803,1.4690981345283514e-14,7.169220520642449e-05,2.0099654658351116e+16,5936593158625.706,5168637360.653257,323714.10462191235,1027.5172161067778,2.6907165830431192,0.0007787845122084,6.615898409703441e-12,0.0011949858603508,1.8510357874026388e-10,0.0279863170819252,0.1000956504214502,2.2317130763165872e-11,31329257485.10208,10.50724133229497,5.059248128291483,9.96092057170138e-09,117470.225952282,3.555689563713819e-13,53.98335958698421,1832833446.191022,4.3937614353906806e-10,1.6493577273321125,0.0527020388171044,9.157001776326292e-14,2.1594796849553,0.0258298707892312,2.4843853472779214e-06,8.725021702095782e-05,275860725.2003484,9.227772768841268e-12,5.349862943343085e-17,0.0637632589804901,7.612608600734963e-18,3.81179721747303e-09,0.913752474741008,195961855.12879455,0.0,0.0,0.0,0.0,0.0,0.0,0.0,6.962741687602195e+21
1479.7013136881033,44077.78968217864,11.974603745475076,14.125537777886064,16.930690704447592,18.702853623646178,13.75924318624596,221.00077547117783,4992879262.563364,87.02252056357915,43659.47804712992,36574500.858756214,1410355789508.3777,316.814984017112,7.913592941271702e+16,1530352824093553.2,29504632535.776016,19135073.51364754,416.3188498565629,53225.063546622536,2105.0431584715607,474.3806312547669,4.1293313944845026e-24,99803106019827.9,560334837.4804554,45756771.77552212,251660983767.33545,1.14057244872935e+19,1.3768093053682026e+16,18608326921869.316,6.3581669787048776e+16,2.41747253372182e+18,230815.1391785185,40316871112.93952,291797768769.6288,0.0027456996738572,1.1583217655933722e-15,503.41084022965225,9.12243167059496e-10,1.2634893732501936e-19,9.561018130854696e-36,180925548289386.44,1503442351384.1572,6.189624973595358e+20,6685014806.276428,14574859465.82385,3420808939970.0083,5696181650234.429,529637851989.7597,33444174.54080238,8.896517092236831e-46,1.509833616053073e+21,57710896192.518715,180939.1702575429,0.4625217199652718,6.9561557437527e-10,8.470035793631881e-10,1.6277205926833064e-23,553.2115280613255,4.1315534660931197e-11,36322756685.92473,26908039775.05026,11211.34687528556,44.56063296571252,109464.71494492736,1.1916028480810138e-13,3.8579494090530025e-27,986553141.9869728,28075.135480458557,3.974574457281074e-09,17522037.06226162,1.2102945451926575e-06,8.586488323499185e-24,796883815642.4078,2.1361300814135385e+23,223774.29468572824,6.62275997428844e-24,5.722460137958717e-38,3.731790467338763e-52,96509537.49012458,57663853.908985384,3139654.2600654326,0.0001651830124669,1340.8763901956895,2.294045847122628e-24,3.2458544908329597e-10,390139006017818.3,38597385328.146286,11913888.301010538,610.6535286880226,0.8708098935543369,0.0006785742222552,1.0007118339425197e-07,1.5836108260359763e-16,3.2071691386488446e-10,5.770803146768263e-17,5.3478170472609794e-11,0.0005269538750691,4.558792875016733e-16,352597378.68180794,0.0094702631590462,3.442238056658858,1.4918245659731682e-19,7.442696889862453e-07,7.695912130532102e-25,1.871304090693187e-10,0.6686306523176782,4.4612464987027825e-24,3.989666729072905e-16,4.119631416498707e-14,2.9353925762714716e-24,3.7066667755188334e-11,1.2374716574946501e-07,9.416904397205243e-17,4.764408556630912e-12,2.98047356047994,2.1734774553188942e-20,2.1320092689803645e-27,4.494576355889184e-12,1.6677405520586623e-27,8.475651653480881e-21,4.7715107050268265e-06,9.29727337567868,0.0,0.0,0.0,0.0,0.0,0.0,0.0,6.961951916817924e+21
1442.6532333437603,81261.86506355596,12.016402016023676,4.510184009244109,9.19804197979379,8.36739188320453,5.229116849153898,32700741356.07893,1.1395323652815692e+16,0.0009888376984092,0.0001128044186576,1496.1285283199086,6597750.465912718,3.7948316965936577,267841539611.44937,4587777444.079014,3.091533137681695,13.755464907039832,27623221.00544637,191718.24532526944,828113743370019.9,1.067855776666262e+21,3.706598024586018e-15,50.77169079348625,9.469342242084162e-09,1.82941115020724e-09,1.2625516155040518e-05,3161742.733975987,0.0329127542491079,0.0001746126463195,3390.615246115947,1.4732269237359157,5.2662673574659275e-12,7.013040449795444,303992850.69197774,2.4992049423789812e-15,1.1077048233162135e-36,9800039677711.809,0.0004155356372623,5.912359635565271e-23,1.2077786719749285e-21,7.968321903753507e-07,2.587355836269164e-13,0.0004947998171742,9.06481062039731e-12,4.023371104000293e-15,5.809116839679579e-06,1.095245649206589e-24,3.36850368222466e-22,7.438079500001522e-26,1.0928061278305317e-56,9.578867137073057e-20,1.4233208731359196e-30,33788899.4243891,0.0028134784364845,1.1438055036119843e-16,1.397993660497178e-16,5.644499958173753e-35,35133.55062490885,5.3686896263965197e-14,807993236011.7994,3.490143257814946e+23,10720453430109.654,4401823.099164076,45072458305045.84,7.37369492483836e-10,2.3648471826051586e-37,1.110154263795804e+17,1.5770616639106014e+20,6334765898.101375,0.0303324470412623,4.455572826683258e-20,5.4304419791873596e-42,400.9961197917782,2567651901199067.5,4.2383892584494976e-08,4.4126308416336556e-46,8.254074687800219e-65,9.956346159882681e-84,5.22015759498506e-05,0.0090476139416279,4.582037440950662e-09,6.008821761069028e-14,7.445119166550977e-12,1.162464292944184e-38,4.1462374470090784e-29,20595.529426774938,1.6230299270486263e-05,4.019084020336083e-14,1.797996760588943e-23,2.1069575584293895e-31,1.2953331166207462e-39,1.5892223609809302e-48,2.7550280966843783e-34,1.6437051032643927e-10,5.2859547831417535e-28,0.0001350337265673,4.774324988329577e-19,8.760606783801421e-38,59528.38343653768,1.4982392461798083e-11,2.7402909183442612e-08,1.4319860005833134e-22,303921175.18594074,2.2326619872940007e-32,2.6413327339074697,3633285210.8958945,1.6735077971249183e-20,475870.6802697072,7.210389654712934e-08,4.1735167629979326e-38,2.2961316854181858e-07,2.1632493020227943e-25,8.578309721654238e-22,1.6144309117711418e-29,3.977261857648605,1.979346773076041e-42,1.0166920586645927e-41,1.0540276447546644e-08,3.477507156704945e-46,5.157099481486944e-22,1.809528310907875e-20,10167.042825574032,0.0,0.0,0.0,0.0,0.0,0.0,0.0,6.906556296776409e+21
2272.262693064598,111480.3165140846,11.974543185647455,10.961336644845996,11.342730095074565,14.66973353389938,15.6061763401706,15604845328.418823,2.2927685502156924e+16,546029634226.65326,3321684.4246417917,13740229878537.035,8.09833445316675e+18,7610145.183072244,3034758406675938.0,303627000888386.4,9235154773045.816,454748445694.7879,276275223.2725332,142672031703.17508,15790508185.150124,66048434442.92544,0.0058897247328273,1587844939631.948,29142031214.74408,42135169.96532767,10861232970.355806,3.1718288986432314e+17,6.138735986468826e+17,1320114503245927.5,5.021854895062269e+16,6.679418127760273e+19,78.61142302835985,5186305.649200825,383284124.0842144,847.7961559815483,0.0071588918609185,445979.48363453575,0.3105470335392662,0.0011455407756911,3.9471222777842674e-13,18187655.078389175,51192518.955345675,41362441545.16796,2795169.670195732,0.2921067968745884,417.9018062574935,83.54734006078458,5737.226781384631,1.228117493924499e-08,1.6378923946507126e-27,1.815377026112265,4.586580675944585e-12,25723277761556.527,268885873807.1681,21783750.487100422,25176625.327966142,0.7986685431911293,83277296024620.98,14261355.277368424,4.555649017480435e+19,2.3537986674913075e+18,129077674190934.02,728915437937.2084,5.384237389869844e+16,9124178.800766282,2828.835801983621,1.1996735375074737e+20,4190020527098029.0,345044619.73038614,744744678310560.8,69597737.28880957,0.0128096663899084,3.5224288324620805e+18,7.195570276134324e+22,6243758237574.554,0.0104192335105849,1.0384395377828687e-10,6.106690302696217e-18,3783581541607.68,8.94519534494157e+17,2.6226356599213404e+19,5243420358.726583,2.783585563845065e+16,0.0311586455907815,3235533483.001816,8.653558123138696e+22,3.892889195644076e+22,5.0831199994547616e+22,3.4730628099320153e+21,1.5130823375319013e+22,6.402777015849408e+22,2.416623504587975e+22,7.773248558720151e-09,0.028504940925038,1.551352550111295e-07,0.5758905895031213,1665.4764414902268,1.2180986276155624e-08,5915806228.103511,6848574.888247383,0.629532230155523,0.0002642226032466,16110776.19355812,1.4705170910614128e-05,6969666.4098521145,52340409724963.17,2.5481658055861578e-05,1459.7592709178723,62915.76320343035,5.670682740229402e-09,632.8077588693101,13696.227736063936,314.0232673915254,0.1437398765138051,3117237554.6649404,3.842279141860867e-05,5.310113891846405e-09,19114.85800425529,3.0122601930129117e-07,3.1842320644843323,1414192.55155547,6646382345717.672,0.0,0.0,0.0,0.0,0.0,0.0,0.0,6.855394794626594e+21
1687.3678567897086,67809.9090751107,11.98743216613845,14.033966161656236,16.563904167223345,14.703528526746725,17.23384595266323,8389774.91264323,39478738823176.38,19946144.43573503,95774.59666055016,325839240.2471323,7.956399708120757e+16,184770.81757518652,3.932664962759417e+16,1359927694309365.8,27747595370006.605,882268272381.0234,27456252.213050395,450708900318.3494,11367017391.228096,248883003460.2184,5.238863934072762e-07,1049366373157.4445,7994308124.000858,189458.76080174165,352095484.9231261,1.2201120053107063e+20,4.4931309500280295e+20,2.468851318600686e+17,6.424565855532989e+18,1.933158093020882e+23,3088.8499340236917,13261233052.499489,7519846803277.358,398827.9154217075,0.3894507888831534,1794397950.101146,23.665489706450717,0.0085526311573714,2.225123469860021e-15,12880570544.831108,66334954958.25761,313766040185346.5,7479358707.275428,261271.20456880736,4177837795.838784,62230226.54718797,519456231611.59686,5.784019130378775,8.026705839625474e-24,26571500769.085125,20.586654380935173,460005084.93125063,1743484.056711299,9.55419151733977,11.424538993335808,2.676801037934527e-09,13705390041.931944,14.109861677640968,4.812369820076281e+17,2.121892347848006e+16,4699739331.811289,1984169.04928417,144219615255453.53,9.528456608088687,0.0014233263094029,2.2883936659028856e+18,1008483303514.8092,49.906899932776085,65785139686.92409,52.060838509663576,1.1844734634229988e-11,3907054245744684.0,1.3370604412729706e+21,67846280.97845279,8.80564545083838e-13,8.079107506469283e-23,1.1796279486925971e-32,3455244.2939909664,4184183171002862.5,4.803789141469885e+17,60839.51207032012,97104044701970.48,7.363609002955158e-11,185453.70247466883,1.834613967396652e+22,8.066525931242942e+21,1.073182217814877e+22,1.5814749731031273e+21,8.663835572322227e+21,3.15905364324299e+22,1.685670045767046e+22,5.8602380579947425e-16,6.463052937768354e-06,3.0777559501693195e-14,0.0002110984841065,2.038001136274793,1.292752919983605e-16,2885894005.608303,2504767.5243447823,28.201146471966663,1.8982606042435825e-14,88.58816928701339,2.0673365688946955e-16,24.677049566860944,29689630817.754005,3.4236683105860643e-16,0.0001156743081999,0.0055480362256861,1.0494693230036393e-21,1.1056335740206236e-05,0.0001122489319296,1.2901432870185204e-05,3.268581406685439e-12,2768.0372905223267,5.592525631243394e-17,7.945097929877786e-21,0.007822654888083,2.238890636713562e-18,6.495380906441264e-08,0.1864227176727947,2191780007.064535,0.0,0.0,0.0,0.0,0.0,0.0,0.0,6.831585466468481e+21
1786.893144421229,79720.53429012262,11.99307809245066,10.808928176476435,10.605066026799738,10.267316462554303,9.049870912122,18793179397.47423,2.853357616305867e+17,4151194226.592458,2503.8674324960175,957907933.135646,8327591455895.457,9104558.704740943,1.452776473998765e+17,6325602635263718.0,3190720908004848.0,383128964101370.56,1814444314021.509,3.190297783008109e+17,8.878210915641866e+17,2.4607047189813013e+22,268034135.9572499,4073832089.257264,848845607.0791568,630.6072292182931,762974.1185088643,9.297732969945231e+18,1134381258530686.5,4.967076906230211e+17,1047667788003.329,611357428525.1783,0.2048131509547086,645266232.0201284,425893259176942.1,26273818544.054844,20956323.34042758,4.7156192913895386e+17,331383532232.64813,102827826896.74014,18357.01760989809,132817.7538170988,13662183.92782646,563943867.482744,4491259.744702918,0.0239916769049328,418936.1751355422,11.363581411918316,8896162.518170288,1.63211572778399e-09,2.5601375558185117e-07,0.301262855199693,9.618290569246751e-12,2617086780687.741,280255341214.42554,62169766.54850412,73803675.42946887,1.1305259417155,3752828351652306.5,264673136.99937537,9.024914543126493e+16,1.953851284882668e+23,4.166504652039162e+16,8968698767399.605,3.926182371118072e+22,320558109176.8362,1095067.7209226023,6.854751753388094e+20,1.076697693097483e+22,1394746280118881.5,3310034886376.4697,166724.1972089783,3.644826603223622e-06,191796821414.86673,2.722042214840018e+20,1561929289.0518696,1.3267638018788537e-07,7.5553922331098085e-16,9.162767726569536e-24,1747563.924844612,11681951481415.965,38231381278.31555,368823918.5598665,6549861790154.3125,6.360922274540241e-05,687982.7048837047,37845175958521.766,638670589.3499562,32270.710324353386,0.1537163170679961,3.055620602379714e-05,4.37740738144116e-09,8.271946716577037e-14,5.570423105942626e-19,0.0002139223355337,4.3185133372478e-14,11.574517953212853,9.795087742862108,5.486965825055997e-20,5320152865.636135,8655532128.562824,0.8073628750789251,1.2210427067927998e-11,985845589.313629,4.310154808091357e-12,6886288204.656949,4696119208939.075,5.746568079640423e-10,5847495.6366574075,57588942.040064946,3.946294569769957e-22,0.0687341939853462,9.491484758114636e-05,34.35940288919033,1.269096327751581e-13,2152558.927058174,8.895519546483757e-17,1.4775670146285813e-19,1910.5771067871483,6.69596376364581e-16,0.6896811533479473,4.98116656327506e-07,212369543.837656,0.0,0.0,0.0,0.0,0.0,0.0,0.0,6.785358704496511e+21
1697.1230966164096,74941.50760848461,12.01245486840495,11.182495104880235,8.262807501804422,10.544809677879655,12.23673276436804,27406418.56282441,1.0792447518691436e+16,127062531390.58522,0.8333287393877642,861565969.3972521,8.694025373831109e+16,382.54473274579664,147409054807961.16,5220167742646.399,544521705210021.0,8395852981323.026,13059753.288639668,1005339802136198.8,1226016035927.8247,6130078346024618.0,420409.5844178168,17739405.691299975,698095548.9055378,7.456112858877758,13255.759142738736,4.353133798758097e+18,1.555260862860334e+19,4.5334603562599105e+19,45655223045970.13,1.2611403544180984e+18,1.8379526471413498e-07,170.33480730985085,21866135.585662737,32391615.707779236,851756000.1239951,303675015.36618286,22162.159872451957,216798492.74133977,0.0007340479622189,1.495991290175367,38531.464009219446,71976.07503060259,2051.033831101216,9.988979160970756e-11,0.0003593252444266,0.0005245252937919,4590.746493714545,1.5420791868659287e-20,3.2300394354559912e-15,2.8442150636599316e-10,3.5914549437931237e-25,290225980100.14685,5701672979892.587,168062807469.36636,200813301070.80432,265917.9915393702,2.001940351052532e+16,117051870756.39116,1.244789566248582e+20,1.3256894461263468e+21,691849195385265.4,644469080717.3462,4.6925663784099025e+22,18712268324311.82,7.1767655891521064e+16,1.3846114524554552e+23,3.3728284245879312e+19,971681870433.5854,856214022895780.8,3819164574.1561794,5.10980142091551,9339998261452870.0,6.348960185345658e+21,1926672305617.88,0.8347134354354094,4.304785960160118e-07,3.6413815833357153e-13,42626038.00031847,2.3559252628775e+19,2.584023898815443e+21,2015297270005.725,2.788534234352048e+21,14.940365596217784,2.956687454744652e+16,1.8436465146490876e+22,7.98532942436934e+21,1.0453503350009531e+22,1.4907813476685395e+21,7.998315619683107e+21,2.879581576680595e+22,1.5010656797179368e+22,2.457469803540627e-21,1.7323112055841007e-10,2.994708060995666e-17,1.3288399529313896e-06,8.266936846746795,1.1799611544831109e-21,135824.1538188634,1462269063.212531,4.6261471014810405e-09,2.743092232883222e-12,76125.41169632893,1.5707118888711442e-10,108581487.1656528,22690169275177.633,1.2174092705138847e-11,25.89966398579128,194863070.1117037,1.522784371779428e-21,9.49542574946663e-05,0.6502190426207423,2791.766311131893,8.875420345865538e-12,45377.235798952875,8.178268011635189e-13,2.6764978816554173e-17,152.31329645777674,3.688743340430876e-11,6.853731775061011,0.0946593348953572,7143286937.386503,0.0,0.0,0.0,0.0,0.0,0.0,0.0,6.715418042285487e+21
1198.5088813807529,44563.26642405899,12.011185759657472,12.429411082260671,9.29631527595863,12.601707531739969,7.878296617477456,0.0595804685442328,946128839.7149112,16730700041348.385,5.157757384358501e-25,3701.380495474438,4.383705680014872e-07,4.622161309713685e-25,5.51658384499755e-07,3.520908527403467e-09,379.71788436294617,0.021660757543932,3.805904154250782e-22,0.0152089933577437,2.2548342121900058e-18,4.305532287359952e-16,4.352080968159869e-15,2.0580856777722314e-13,0.0041085417812911,3.803613187010119e-21,1.6744678804190756e-16,21019740211.40515,2.1660633444531536e-09,1.4471470999624807e+20,1.8191483162136849e-25,7.732937021204987e-39,2.4467109082842468e-48,4.9955590133001354e-39,4.6894515845710366e-35,6.662323976620629e-19,2.229432934775246,3.4396459271612686e-40,9.007004833758815e-38,8.416280198093761e-17,9.259699442049307e-48,2.852692873666475e-37,3.674406663846053e-23,8.201793990989566e-29,5.120660527722822e-26,2.4219258456860164e-66,9.328749691496787e-61,3.9850734893382445e-46,9.488259876281928e-31,2.2432685481310133e-93,2.782003030494209e-74,1.9496723144886132e-76,2.8224564694651057e-113,1953.3962061401512,14656099879687.37,1.1910887910311338e+19,1.5011290194025253e+19,1.5597323727695598e+19,7.1932377013354184e+16,2.257940009653215e+17,1.750642696859353e-06,4012628311794.669,36963.22961340909,71.89168073470245,3.749565501696261e+22,1.0319875475247522e+17,5.150503802527313e+18,1.3039613197794116e-05,99914739.23657228,7.276232718668365e-06,5.6429121088843104e+19,2.3332788079804537e+20,1.4305474188766702e+16,1.7296827227852068e-07,1.4600886915724071e+23,5.978124818596512e+17,6422801119834881.0,3986132653576398.5,437383897644445.5,16415.0796716789,68409.23184735765,6.265177105786637e-13,7.908154288800767e+22,9985788815511150.0,1383323117258932.8,2.992833845676079e+17,1.18617772538974e-19,4.809664165050423e-40,6.548403076176753e-60,3.1943764878501915e-80,2.5027194998235697e-99,7.410817161680703e-119,6.711741884772688e-139,5.0602015861227987e-51,1.4415149056357843e-41,7.251863317708442e-49,5.042357884592662e-40,4.989032343976155e-16,1.29943231876907e-50,3.0389472250506626e-19,62.92770279799608,2.404682603480594e-53,1.0380618681023596e-27,2.0896410790645227e-10,7.835074049015673e-18,261.3958369422399,8.0634931848652385e-19,8.059903317402616e-31,2.0396778635325706e-19,79.27204063314049,1.911570400666983e-36,1.2113386568271641e-18,43.61801037213813,521499366.4587076,3.0992359508000653e-21,3.8651771724057474e-05,7.271483821368445e-15,1.475326155179866e-23,0.0047194578884848,4.950536524678992e-07,3258.010553695066,2.182557197323367e-29,4.9235282201505085e-20,0.0,0.0,0.0,0.0,0.0,0.0,0.0,6.630923628125823e+21
1873.203115319988,102143.44654256558,11.972723556795058,12.600632591653511,11.268230675625984,11.552142576111937,10.832217532917792,1119574.6511203526,216723009875022.12,2.2772061004511622e+17,7.124135165799592e-06,41838785663.57776,16177072.872022854,6.894046377630447e-06,273991.19578018977,14280.755797465332,74959427834.58807,1347437809.537873,0.0002801321348966,266788108.73720783,0.0253426142450387,0.1370814107750513,0.8580695760327132,49.19825414565921,115558942.09376058,0.0001273626807079,0.1102694925061831,5.17525285611468e+16,5011799.583208486,3.0326069967960666e+22,0.000640220111167,1.9515276904291776e-10,2.6834255760490067e-19,1.0777049258460109e-13,1.3008008171707466e-11,0.143550227347128,15568804944.758446,1.2572631326148448e-15,1.6772965760475087e-14,0.734699009833189,3.029225697031588e-21,7.673335059708087e-13,0.0006947617688255,1.5696301986073492e-08,2.7985937904973793e-05,9.008877071306489e-30,2.7231952415218603e-26,2.2121327409617492e-18,1.4386274091725993e-07,3.2939514077347694e-46,9.616329282501626e-37,1.757648585531414e-36,6.418034373836185e-58,31029082614.60683,3.837488720398948e+16,1.303647057303127e+20,1.538816124554918e+20,5.24917677167903e+19,4.1328217799915905e+19,6.726568545036436e+19,44816247.76985483,2.9048919069185576e+16,113279021267.96127,271790820.3934085,6.978589589225436e+22,2.0862588440893944e+19,6.743824628428904e+21,79612753.08148669,5494077799955.469,4625.5750616618325,1.1276107501955514e+21,1.2374088911082834e+21,8.14311174220264e+17,3883360.746389386,2.779691427511226e+22,5.450890086571444e+18,3.198070716994695e+17,3.8997416988732e+16,1.2684442844721416e+16,6858405172.795001,250442572779732.88,577391.1179279108,2.3913823252740492e+23,1.4353029879435577e+21,1.6868503309342157e+18,2.9330320507609783e+21,38.811624698203616,5.82607340546513e-10,2.598688721948927e-20,9.631212839324895e-32,1.6309501997510714e-41,2.1194031736923583e-51,3.346631790253938e-62,8.302999389728369e-22,2.31406544316821e-17,1.4143646573330622e-20,3.0007347622460916e-16,7.132205076924611,8.206825886333054e-22,0.001134763204729,25465318590.985287,1.7348124396632196e-23,9.777428937098e-09,33.16353937073016,0.0443125513325657,2433100041.8348956,0.0643582758481809,1.5790697561735384e-10,0.0001040999966982,9029920961.83396,2.4123911557352635e-14,0.0001703677251991,9267721885.727867,6981544819634.353,2.479166997717474e-05,19802.169033915936,0.2686344557480026,8.572034862832372e-06,3754584.6504937494,288591.8382722306,21906135945.09813,3.845142767255626e-07,0.0122784235051834,0.0,0.0,0.0,0.0,0.0,0.0,0.0,6.560127222849185e+21
2259.490235702294,104872.17204731754,12.027796984660265,13.35534857342971,17.16074055741711,19.27698290931139,18.725268306198448,86635266.74720977,23659872193628.39,2519739191.124876,456799751.9016031,23499364740159.79,4.662431780788017e+18,1194107.3582819777,1072613204907728.4,105479502587477.23,17363708239.576317,417629827.3578744,50766.19451352749,151070.71904496124,3428.4626417341137,16.851606712222512,3.752176396430689e-17,467358495271270.56,46048478596.49702,23241276905.421764,6185946590073.459,2.775463741454285e+17,3.3657764698284986e+17,6216370921652.358,4.914987268189779e+18,4.265004003075929e+21,1771157.6835110963,143076919.1843033,12502025.89511754,0.0007737829571739,1.870917974442017e-13,0.0185558700472574,6.594892839465497e-11,6.967882037299045e-18,5.127447178370335e-31,873094673300.3259,13528667681.368263,4195356340883441.0,367326598.8440472,1129396.9281881903,1926585.7604658452,7249068.544846789,708586.9249800213,7.648037007993138,1.6736408020879026e-45,4939244434.693353,0.4827290943500635,50120595445.35375,2807344.5357128233,1.1852971479081758,1.3706924894765438,2.185763579623107e-10,450816902.07034767,0.3868652574758443,3.0053737668607496e+16,2856489387456.46,291146787.27040696,3203434.661001718,349067566.33849674,0.0002834294434206,1.5973503565302796e-12,91426725899761.16,11149400.696349518,0.0018911294953729,7091524958734.666,3339.7914679556898,3.000635339327512e-09,3.980493514510257e+18,2.7905664388183633e+23,116777875880.81836,4.7726994441142395e-09,2.398541719937319e-19,6.968458141851968e-29,25364893463504.07,2772280225479400.0,5.1567217975419624e+16,129400.6955283025,467711131326.0947,3.646455010196486e-09,276.8729806783089,3.2499766450588855e+22,9.064811602757236e+21,7.342757914856278e+21,3.151029127283398e+20,8.545318292352759e+20,2.2364466894659175e+21,5.265195360032265e+20,0.000137935597357,0.0227610930598804,3.20071915062467e-06,0.0005310340659928,215.7734781769163,0.0004257169715086,10890574967.114136,183.1381829287338,89.32773237294055,3.288609605557055e-05,95.13333451837332,9.713113982770709e-09,0.2227228980451931,207100361.79065385,3.530877288515906e-09,9.203448738473168e-06,6.275328861393531e-05,1.1381859957427773e-06,6.046590674603777,17837.687338501943,9.031944666914906e-05,63.46259530999976,64590852.946726754,8.833288040186557e-05,2.954633782130517e-09,0.5151862352672565,9.375622475314175e-10,4.453055237829881e-07,107899412.58106066,22753158745.795982,0.0,0.0,0.0,0.0,0.0,0.0,0.0,6.524017323308429e+21
2268.814884942776,83432.89395488893,11.952374456461603,17.186409128323586,12.80962991041906,17.778901793427746,9.547124919717026,56192462.753289886,10309733512738.836,1.6723065334581322e+18,0.001077522475663,22600434183271.17,52040.71358497553,1.1404504605441803e-06,805.5326324752481,80.22055494497222,7800085.514930701,222487.33531702895,1.926100751515732e-08,32.33760708719134,5.133710657431955e-10,9.998887510047906e-13,8.729090909528054e-13,899.8818115290412,52681872.36762846,0.0402549268333628,10.466297205313952,343545239902039.4,4.37100929952086,4.563842125659631e+18,1.1082338945383945e-07,9.796036426438713e-19,8.670852547029126e-18,2.693337333713202e-16,9.283800229140917e-18,2.0729077333823996e-10,0.017778792316858,2.2928147503070224e-27,5.023970026945449e-27,1.882528632274014e-16,4.1941238806049216e-39,3.50053190840921e-12,3.16419359377184e-05,1.3860138723439097e-08,1.0056130688684503e-06,1.1092720532835917e-29,7.418769135255105e-30,3.0138650433028347e-20,2.2789542361394213e-12,1.5785298369315868e-46,2.0565509965889148e-59,7.031822290977263e-38,2.021334922561391e-59,19538400235.493412,651142320922275.0,1.6693217585076733e+17,1.9296191529685805e+17,1.9183457060635244e+16,1.1870862760725389e+17,6.3655362830924616e+16,135.39753403091473,492949106467.3727,45469468.4802994,437408.2250271295,3.5921029638035804e+16,18832383350325.133,391240215.9497733,0.1652665680147897,688011.644902505,4.3681633905870704e-05,3.9459105963245526e+21,1.1564232405157978e+21,6.617892212648204e+17,38636.00703681285,2.1001140813903932e+23,5.647665532240191e+19,9.17873321839212e+17,2.8692917381132332e+16,5263351131712126.0,18215831420778.844,18349259022.04544,0.0035485452467905,5.117171335651273e+22,1826191342936675.2,9.381508977072026e+17,667570920786167.5,3.69550139480218e-06,1.0898049012190301e-20,9.329745364877495e-35,4.193323432343433e-50,1.1988638245325584e-63,3.323407191853289e-77,8.236166893350819e-92,6.401872392156004e-16,3.3701030442795725e-14,5.932395121982705e-18,3.15563027909124e-16,0.2118952402859332,1.713912850724064e-15,0.0124660072298597,85778884.01335485,2.586644547509301e-22,2.962187375261508e-05,26.299905885536603,5.2424181079177625,36370686.817396834,5.719295942386447e-07,1.311043708927608e-09,1.0813942786894348e-06,4981.626332734708,2.308454154957618e-06,3.7545044614006895,18714512943244.11,19179878422676.633,102.98369181175912,32425706.63103897,87092.18852387188,4.054375540893504,213703235.24357203,741783983.805994,112520759368.11446,2.323847492902805e-06,0.0001566629636177,0.0,0.0,0.0,0.0,0.0,0.0,0.0,6.507749814828061e+21
1450.1200881081031,63746.197942425824,12.00511425345671,10.262597253552366,16.22137722610524,13.615252404304504,17.15918701994098,532798.6588796492,3226213366171.8022,34.02839635039993,37.392077540991714,507343.0717356114,4806729309983106.0,307.8305355017186,4951096924370000.0,86948669993963.53,1600220573.014677,27268566.27805039,528640.8010873925,91530734.32953392,3686944866.360267,1114166998061.5825,3.6314108947895834e-15,4130987987.064236,21263.080899629764,44.12970454516447,290662.62830129365,2.2728211790225716e+16,1.5198451512066726e+17,34507084242.06086,6.034021555451301e+17,1.5894533648372557e+23,0.4493980959209974,132209805.60683727,1330454179847.7915,0.0087405666090399,2.9806868596534685e-15,2643557940.3978014,0.0033246442207208,3.656115805741267e-13,1.939858663577837e-23,16757946.803383958,145243.24602373774,2597257034814.421,18941.159762482643,82.84862921291038,27619198.53917333,42.546450731378926,4540.560083130095,0.000401772728252,8.639126337152294e-39,33200516.246612653,0.0018885959166242,2812902.4725348586,6.490294641662317,7.597288685016392e-09,9.278441826408602e-09,1.1360275685355496e-22,284717.4954170928,1.326567740948917e-08,1.4330636521762574e+17,2.3189735213115692e+16,213985026.03802735,24624.632283123137,83428823209.61482,4.4341471595273184e-08,6.900829649957132e-18,4.732740290464613e+18,733721060309.2758,2.2510482694022023,270093.16342679114,1.2001354124186445e-08,4.6230423912172397e-26,81202000874179.69,1.9682916052327698e+20,104.53013564009566,1.0486082613707573e-27,5.911422405384853e-42,2.2197340978161017e-56,1330.518724906089,181560933293.95587,58156798241785.98,5.750463825770899e-05,4070024.537950315,3.6711015584515073e-25,6.746329159007786e-07,9.120578198919056e+21,4.693222361467603e+21,7.577446559225705e+21,2.1722376902330936e+21,1.6515037715991747e+22,6.642686244590645e+22,5.274156733797948e+22,9.005888860173893e-24,8.35868741595822e-10,4.1193454320391555e-21,1.659656379015606e-07,8.204384781993553e-08,7.9165094110948585e-25,66842670.71748293,0.0469682189670135,0.0319411667756949,4.404383173927845e-21,1.348348871840898,1.9324669951646656e-26,0.0003207887776766,9472027713.073627,1.3046559438190061e-22,5.681341847741009e-07,3.022714448339629e-09,1.5989798466577793e-30,1.2627007068456363e-09,1.7476841184106788e-13,3.387188861355625e-15,1.459760010187965e-19,5.270299233024279,5.1592139311234815e-28,3.80258597440205e-32,5.519371049370785e-09,3.3924188261445126e-32,7.84162732322304e-18,1.251381279541587e-06,109861029.48030178,0.0,0.0,0.0,0.0,0.0,0.0,0.0,6.312640217316736e+21
1849.6589182196997,99636.59942603964,12.02205262964816,15.92155576712822,9.000363957255503,14.322095080967433,11.074226773938271,209662.04921805556,3634035371980.17,2.343846394025727e+17,5.5096074229658135e-12,15896412156.479973,12879.298460843504,1.1784752615337016e-13,0.0037847725680866,0.0001881378635148,1574.90141606288,45.43800469984747,1.1354760765000972e-13,0.2048305193543418,2.4991809973485213e-13,3.242251843858953e-14,3.324996121507345e-13,2.6718978101908624e-05,97.98993302189926,3.3837640931937277e-11,3.199558650814448e-08,99164733206.31192,0.009676167240222,9.138279851006366e+16,7.04227452228759e-13,2.4150659941527136e-22,2.593248077446025e-31,2.794600763532318e-27,8.229573910465692e-27,2.0239118910253023e-16,5.257045049257539e-05,3.677612931404174e-34,6.677156962282433e-33,6.937673062818496e-19,6.3500732500339655e-43,5.154337004215068e-25,7.77900629895167e-16,7.160003462956825e-21,5.3008998272443594e-17,1.2328700382485647e-47,9.229253339161202e-46,1.8200589147403482e-36,6.3815437284660895e-25,5.405684201041755e-70,8.021211108608332e-70,1.255298246299935e-60,1.435959815164238e-87,259246751.75255224,497477083009857.44,2.4340177569673236e+18,2.8774206308386473e+18,1.2808346250177492e+18,1.0128416775874684e+18,2.131187479782478e+18,797.1164217776418,11675547566790.877,21757276.75645575,28418.514480572263,4.312920564288865e+19,1.4758705097264238e+16,1.1918846547748096e+16,32.382009350592625,25571136.186124343,0.0002106487838829,7.37262877361536e+20,1.06195575479214e+21,8.422688369219977e+17,1713.4289749606835,8.67889150776194e+21,1.9837772261839124e+18,1.8164659594590576e+17,2.920040056101171e+16,1.1802375474510758e+16,841227378.4428434,313112884073.6187,0.7507216122982053,3.796051318877328e+23,2.875304721828532e+18,2.977108027735402e+18,7.945235580349927e+18,3.467311196323968e-05,5.0897307426771055e-19,2.224373587221285e-32,8.350865572295603e-47,1.39862269767874e-59,1.7679374645260205e-72,2.7751776072371948e-86,1.3842987710870884e-27,3.773696772273738e-24,5.482409642119096e-28,1.1122985988270644e-24,6.621515501139542e-07,7.658859091568648e-28,1.5905602282380242e-10,15202.75235194802,4.4121597852875526e-36,2.939504976558287e-10,0.1126374534275416,0.0020104266991665,13148996.614580108,2.627122722239561e-07,9.813187370252244e-14,6.52003360460277e-09,300000.28028347937,1.5251166031229482e-14,1.2282137242677343e-05,15313421768.11566,1377625163017.3047,1.1861204602999205e-05,1038.6022836230768,0.1846467582833859,1.580583975273702e-05,827764.6128187737,927537.2344939152,6858725620.120978,7.098149433592066e-10,2.198719826490927e-06,0.0,0.0,0.0,0.0,0.0,0.0,0.0,6.293654754396697e+21
1489.6792711066937,65681.94499486224,12.015381968591589,10.272851037788891,16.21853530930757,13.584469293089477,17.105659885193493,1017763.8984489072,5777983039200.552,98.46381566482562,166.51114197877675,1437607.9191498994,8255342800721475.0,1162.3559168433617,6894234122941525.0,137608953516498.8,2239470675.007095,51464832.62541063,1402664.676988097,134949400.95631135,6398769890.880229,1313094734697.7273,1.0907417945192794e-14,9930884065.19856,47695.136412242435,150.95379538652102,782540.5067498789,2.740447628084006e+16,1.6510612253930826e+17,38059042480.03119,9.637884731152794e+17,1.699456602978044e+23,2.4367106331740658,359633198.14857405,2342288942850.988,0.0171410886388295,5.359350684716522e-15,3878536335.881445,0.0065877268583188,6.803210042023511e-13,6.995283355937143e-23,50096508.91462497,341320.08172166307,4567664143372.154,51872.50755406259,392.2976382275926,82271556.44927235,104.83103974466772,8610.508676537842,0.0025526149292838,3.5357040909664244e-38,84993513.48726137,0.0114903080715355,6869008.779482439,15.096393337993575,2.0494703892770613e-08,2.4930468334800965e-08,4.6185198640019675e-22,573466.6893518096,4.1570712798077185e-08,2.0317408749541466e+17,2.840445807359144e+16,398952106.3290576,48953.745818879186,100013245349.45468,1.1453584179817801e-07,1.3401637649332789e-17,5.189154599982937e+18,903532840494.2365,4.354981236379349,553048.2936630687,3.6707495378795504e-08,2.645875887383704e-25,142482980094099.28,1.9733726963955683e+20,214.81310094536897,6.268012892086884e-27,5.180655208020221e-41,3.3667965206741144e-55,3418.8248767402533,287984525241.34155,76724968105179.67,0.0001614148118078,5634496.099871745,2.4054454325089947e-24,1.2840768220599525e-06,1.062458473789255e+22,5.355657013267415e+21,8.40779449278012e+21,2.1440921323613677e+21,1.5453420580482771e+22,6.1513903524583595e+22,4.570229038264984e+22,2.3937068630893497e-22,5.217610877399468e-09,8.117098591887602e-20,8.236448811735974e-07,4.769939708131584e-07,2.0904165083062498e-23,130858913.26988426,0.0861971534014198,0.1337782987483931,7.735869313785063e-20,3.77418659215428,3.4985537849772213e-25,0.0008032684483478,15108733270.994951,2.326851407080587e-21,2.19548531369823e-06,1.3240289348754842e-08,5.43364151636014e-29,6.668158419359495e-09,1.39269773272947e-12,1.15004116387622e-14,2.189163884839974e-18,13.664654014241798,9.028552925351768e-27,1.0815448451209338e-30,2.1469739899606442e-08,6.735881018545246e-31,3.6936192281115366e-17,1.0546074628532671e-05,222404180.33962345,0.0,0.0,0.0,0.0,0.0,0.0,0.0,6.275544478435248e+21
1517.70935724334,94771.40296548468,12.003448581246602,11.445763455782764,7.085986341243301,7.915965728099857,6.9737081058516175,1095131797.5091162,1.9727309983964e+16,72294653.06345426,0.0001039736481316,14515.00113666791,2940785941.766902,1.4939464559536897,22503083426.245445,489823875.3674467,2623811923.358603,14794586508.688314,3267348.4846148957,75547388158357.25,25737107542977.465,9.354380433993904e+18,18742.289016667237,20.380040973617543,33.417574371323546,1.962894939348358e-09,8.653800723265647e-06,2527131253271049.0,3506449047.7264495,1182261373679789.2,74260.91841900889,2466.26134158244,3.9499668017064106e-13,0.0841202377155406,939451.1063731116,946.9454800972044,35.73100755504066,7283681706.935843,5425.328926472556,68766.59523852183,0.0001638236200213,2.7083283861426068e-08,5.60850605344871e-05,8.604032652658378e-06,0.0018947903543032,1.317816769320372e-17,4.646815014363909e-09,2.0175699151062797e-17,1.9940445190468707e-05,2.3791817436130025e-29,5.9665100299278965e-22,1.0663467375240212e-23,2.3636743022238797e-35,144310011.05884275,109778994.53244951,58954.65706107911,71521.48190672627,0.0006275162104887,758155380528675.8,26519749.625056468,146280169019427.75,1.725479422972873e+23,16068171238890.234,10276262.661520671,2.1415161422335112e+23,147553725542.9957,450280.30370792135,7.225505579522527e+18,6.32562803632337e+19,4756043707.359334,1602882991.7217245,49.94049091252637,1.9687428865476728e-10,256919.7515371417,4918994073317664.0,3114.6871169717992,2.3966277438430343e-14,9.185532690257764e-23,3.096141329962903e-31,0.000804372493197,34771627231.45506,2020525.4317532375,41527714.66568414,221963197205.7161,3.930424593223412e-07,22452.70353287517,718955362.3963888,88.31401059264854,3.362041920797674e-05,1.9574668473997116e-12,3.3630091072916936e-18,3.285550744898816e-24,5.767448481443869e-31,7.220630646609849e-31,2.8412289845650725e-12,4.601340202295586e-25,8.83285901983768e-07,4.233594436988289e-07,3.132109494977339e-34,162.13252866389442,2622050.452419187,1.2632142043903467e-11,1.7857862890114196e-18,12096574.254598796,2.9482081072498588e-18,853821309.0970683,8170870208.350993,1.249145972726647e-16,20147.895415922372,226116.0330463961,4.2505698614886485e-33,7.119913494112769e-08,1.459673784446671e-11,0.0116514586722241,4.91039027823877e-25,0.4496734688247464,8.044777485309403e-28,5.3773806623081036e-27,13.362983614949504,9.391431428009814e-22,0.0093607563391863,1.589423018052654e-14,61441.95471860639,0.0,0.0,0.0,0.0,0.0,0.0,0.0,6.241321669912068e+21
1505.2052151078997,38125.6332889098,11.98699308093946,10.250535651496763,15.05259647286004,17.351250238523,12.618213827368486,1855.414539238212,203624289070.07883,0.628977777530078,67668.07671345805,64849102.5811782,2922162502830.683,12548.18283722025,1.5531072450553434e+18,3.253741945294473e+16,2160851900.491074,1827200.2353158616,374654.5677904834,123397.2167589012,41158717.40471253,206305435.70929527,4.4620684896875394e-23,97263420668550.34,1945556.6837358456,51409259.87100504,243448099450.97433,2.9048087511206468e+16,48551765915929.41,166764364.95527503,7.668918515336469e+16,3.3529285844340383e+18,246485.0603255584,792473401566.128,123809474069655.28,1.7252422264405415e-05,9.540588579134936e-23,152978695.94690666,1.2445992300324556e-06,2.2946914745882562e-21,5.665691987143494e-32,123127017799513.06,3274357435.45686,2.7952653912049412e+20,17328026.978054073,8709772771.360819,43339756492168.2,7200167548.24287,2472972.6492892765,14639429.974453203,2.932575872624907e-47,3.201272613851038e+20,14980662832.62647,8281229.655692739,0.0763873081102432,4.68934982371326e-13,5.695709613962616e-13,5.276063580708895e-29,90.30857374727664,3.3077967495147224e-14,1891105883839.3152,24513475609211.14,12279556.3071194,46979.07915646852,365966.71301520255,2.395307462631778e-15,1.3272105131513593e-33,1239169296654.588,672213274.7275047,0.0033074658584015,94315.8745596053,3.1147276379963464e-11,1.2165486195985329e-30,1547071601912.606,1.828537586287745e+23,1116.3538127680365,8.914896799599486e-31,3.641088164811386e-47,1.2448045316300622e-63,137614812.289001,422861.5808630754,30319.97123190516,4.357391311198889e-09,0.0335962006565545,3.825122435850546e-31,3.6922113946405035e-17,936983584918363.2,135233994446.26004,60620015.406816475,4267.969587524731,8.699642024240886,0.0099546613432641,2.081354247133074e-06,1.339650105693913e-16,3.437648961830493e-09,1.1469527892737146e-15,1.4064995354199952e-08,1.816259790843913e-05,3.550959615106899e-16,1692082615.333035,6.532954720333406e-07,17.512416146061618,4.529876390886793e-18,0.000224695812386,8.857847942126655e-26,1.9598269100009974e-10,209.76621236790643,3.8748196803895215e-21,4.1750254083925386e-12,1.5670140614534797e-12,4.394547793720455e-24,5.43109235060799e-10,2.7824074356953736e-10,1.4485109266783988e-20,3.95392448403453e-12,25.877084439145527,7.391109235236714e-23,1.1489479006604973e-29,2.18857682806175e-13,2.6701719835597307e-32,1.7303492759483764e-24,4.773857209251793e-06,119.53661550750869,0.0,0.0,0.0,0.0,0.0,0.0,0.0,6.21476844585216e+21
2345.9377975385814,112517.29854348296,11.979542789683062,13.65412222710926,14.219906180302862,10.751445842980583,15.663851393271228,22016893996.059135,3.2696242210143684e+16,26848372546551.176,5279628150.745035,321235414903.15125,1.2092204872422148e+19,9875813168.107286,1.994651007770646e+16,2196197910508650.0,1355482959796862.5,7749308725651310.0,253275393374.53384,1873531646951942.5,9733006496733.098,28229694655576.58,2512.087492924488,16976881897757.49,6614529429239.664,6341265.516662714,1368276988.350647,4.161313616866444e+21,7.521010201115768e+21,3.6285001158816904e+20,3.6711127750325617e+19,3.64319029215746e+22,75109258.67297015,2733933444523.429,135394714361635.3,158547412316.25998,625704977.7608309,117637209754.47308,2302794.110197472,3947276.421372389,8.662039002445141e-05,119910493344.31145,6225593889759.033,1971239086209.6724,35770941667201.57,129642248.73641089,118356084132.99524,59224479.1657566,648526312563037.8,3605.890739062974,5.3293092870555126e-11,31403780.156215847,681.4465537047154,495030193865.5491,110978808575.82068,225098312.3744232,259330400.304418,251.67939670822065,2864653185008841.0,15271609514.62381,5.422850180453703e+19,2.3161163032759854e+18,1871261949989.4353,119838005.1811592,1.1554146850310382e+18,7819000139.457276,983475591.8596416,1.0884573635269155e+20,41209837091320.9,48034.1610531439,301786807633417.2,850590344.3183795,5.638296182889523,5.72255219540184e+16,8.207933557052443e+18,27435990873.481155,0.0509577345046907,1.5278809289590906e-08,3.0255423480528864e-14,9517417.693966888,2.792246301165513e+19,7.130023519963945e+20,5589609787201.11,1.7461380077482291e+19,1404.677062271139,57750707030500.36,9.642841153547e+22,4.294390109311038e+22,5.53423561322744e+22,3.483834641962429e+21,1.4698345872152242e+22,6.2446894988179815e+22,2.256392992458626e+22,5.591375916130505e-05,49.790362657928206,0.0008203994655627,767.3268713414247,78271884.49148394,9.35498864047424e-07,45976737968.844475,2339638742389.041,420829.5298939726,0.0024812001233496,27379462.54050761,0.0031238811629954,240346610.59025565,57124861549980.945,0.0002239482395071,2928.899933975665,3907496.691985595,1.0162251019817883e-09,20.136330087646513,18171.869986026828,3535.293283241499,0.0001488317538787,620347.5474584951,1.000734127280209e-06,1.7221849085032272e-06,999663.260314968,0.0016497343102719,4270.24383196534,8239797.127902562,9554482663450.98,0.0,0.0,0.0,0.0,0.0,0.0,0.0,6.161030194294907e+21
1330.695267051325,70148.44742030464,12.020045946080964,5.0462640817766315,12.187976587103527,10.58176446239533,5.470783563495182,1158962.1418386758,1451236847974.6765,8.11014571207846e-10,78845.32486496802,11.792907826238302,40429687.18070417,3659333.6431551,1.3504093461146783e+18,1.5385175402997122e+16,372.045005923084,2923.719577764411,66806282561.80237,73079.47685436247,6318982164029314.0,2.2820619407472165e+19,2.3826532686521335e-27,55007801960.11319,0.0003110805934887,0.1408384564048329,2086.7928402296825,3428370932491.487,1717909.3323249212,0.0061152781230309,2131720126533276.0,114838336679870.88,160280552.1081745,1.5687000281724475e+18,2.223779269192616e+23,7.679524985490729e-10,2.6437848581034206e-40,8.529368993109554e+21,3.376933709128071,3.489737458737559e-28,2.371288365817929e-29,35325895120373.94,598.7610895849781,2.593715855159422e+16,59079.51226733738,1.5310310890641328e+16,7.887170576709138e+22,39.01829135879709,14.052824664265875,9131548782533026.0,5.684357939028285e-52,1.0165920883621723e+22,1.6407250964834716e+22,348.4707726072539,8.215238298471453e-13,5.06513502928615e-31,6.269630126814746e-31,1.6461768793077743e-54,7.438899536525804e-05,6.749005216412403e-28,7431841033.338412,1.213396749726987e+17,212905.02599809,0.0155648897749014,406.0432625749647,1.4007255871398863e-26,2.2702098666596285e-61,1889010554684.524,9584878145.652945,1.634035626440253e-05,1.6284587503348218e-08,1.6171890764285538e-31,6.524373547009661e-59,499.66581279771367,120403360861664.64,4.916885407225622e-15,1.0069398403636128e-63,1.357570259358213e-87,6.934338899427347e-112,2.6745783476565056e-08,1.7301013224199548e-06,5.423223192878011e-11,1.3146348564599335e-24,5.3282941300032494e-20,4.152441179990423e-55,2.6174495394660706e-42,14940246.98272238,0.4332627415395011,4.0506409884334386e-08,9.079669058988717e-16,4.354920523275233e-22,9.564277904550903e-29,5.004475290598646e-36,2.3560612067180943e-24,1.0832128193785223e-05,9.555332659863352e-21,0.0149759517732403,1.0220971466342584e-14,1.666465461391538e-28,34258514033.071156,2.859705292284118e-14,524022874.15849394,4.589521293076849e-26,2.5798947740996296,1.5712034516036499e-40,7.725468529110601e-13,6316.549273349407,4.168855023289008e-27,1.180970385447966e-06,3.0956229039135894e-20,4.362691501096508e-40,6.888132031940744e-14,5.5444231302704126e-30,6.173081523453914e-37,4.969457327634549e-31,2.5017110596116748e-06,9.068122020712444e-49,2.0832145535736624e-47,9.310622508544732e-19,5.416877648624065e-56,6.000618632142176e-37,2.530473023023327e-18,10.197212061069308,0.0,0.0,0.0,0.0,0.0,0.0,0.0,5.933948969951652e+21
1330.695267051325,70148.44742030464,12.020045946080964,5.0462640817766315,12.187976587103527,10.58176446239533,5.470783563495182,1158962.1418386758,1451236847974.6765,8.11014571207846e-10,78845.32486496802,11.792907826238302,40429687.18070417,3659333.6431551,1.3504093461146783e+18,1.5385175402997122e+16,372.045005923084,2923.719577764411,66806282561.80237,73079.47685436247,6318982164029314.0,2.2820619407472165e+19,2.3826532686521335e-27,55007801960.11319,0.0003110805934887,0.1408384564048329,2086.7928402296825,3428370932491.487,1717909.3323249212,0.0061152781230309,2131720126533276.0,114838336679870.88,160280552.1081745,1.5687000281724475e+18,2.223779269192616e+23,7.679524985490729e-10,2.6437848581034206e-40,8.529368993109554e+21,3.376933709128071,3.489737458737559e-28,2.371288365817929e-29,35325895120373.94,598.7610895849781,2.593715855159422e+16,59079.51226733738,1.5310310890641328e+16,7.887170576709138e+22,39.01829135879709,14.052824664265875,9131548782533026.0,5.684357939028285e-52,1.0165920883621723e+22,1.6407250964834716e+22,348.4707726072539,8.215238298471453e-13,5.06513502928615e-31,6.269630126814746e-31,1.6461768793077743e-54,7.438899536525804e-05,6.749005216412403e-28,7431841033.338412,1.213396749726987e+17,212905.02599809,0.0155648897749014,406.0432625749647,1.4007255871398863e-26,2.2702098666596285e-61,1889010554684.524,9584878145.652945,1.634035626440253e-05,1.6284587503348218e-08,1.6171890764285538e-31,6.524373547009661e-59,499.66581279771367,120403360861664.64,4.916885407225622e-15,1.0069398403636128e-63,1.357570259358213e-87,6.9343388994273475e-112,2.6745783476565056e-08,1.7301013224199548e-06,5.423223192878011e-11,1.3146348564599335e-24,5.3282941300032494e-20,4.152441179990423e-55,2.6174495394660706e-42,14940246.98272238,0.4332627415395011,4.0506409884334386e-08,9.079669058988717e-16,4.354920523275233e-22,9.564277904550903e-29,5.004475290598646e-36,2.3560612067180943e-24,1.0832128193785223e-05,9.555332659863352e-21,0.0149759517732403,1.0220971466342584e-14,1.666465461391538e-28,34258514033.071156,2.859705292284118e-14,524022874.15849394,4.589521293076849e-26,2.5798947740996296,1.5712034516036499e-40,7.725468529110601e-13,6316.549273349407,4.168855023289008e-27,1.180970385447966e-06,3.0956229039135894e-20,4.362691501096508e-40,6.888132031940744e-14,5.5444231302704126e-30,6.173081523453914e-37,4.969457327634549e-31,2.5017110596116748e-06,9.068122020712444e-49,2.0832145535736624e-47,9.310622508544732e-19,5.416877648624065e-56,6.000618632142176e-37,2.530473023023327e-18,10.197212061069308,0.0,0.0,0.0,0.0,0.0,0.0,0.0,5.933948969951652e+21
2560.8530262718373,91442.8667539818,12.017305191836378,7.445554068050011,12.975284326743022,13.596659940694352,10.575331427301686,10823546856.19841,6.151286388131241e+17,50950922.44792583,23776222080172.38,393327025831286.4,1.414328534035894e+17,198357788137463.47,9.40490818772009e+21,1.3259064586179953e+21,157910024020245.12,9713501594482.955,1.5570443646950128e+16,9038214463433.85,1.615794488553395e+18,1.3731405905331137e+19,0.0004417492364605,3.7370407964212767e+18,316172782702.8438,462132665015004.5,6.2992574080482264e+16,3.5146725098780826e+17,2223173981396362.5,6442273725.544639,9.197288966923846e+19,1.786636602996471e+20,123347212352307.38,7.276834488848017e+18,9.665116899773284e+20,78309.04235805562,1.6057987228167253e-11,2.2433565422045913e+19,197613148.1368134,1.6606357780759128e-05,2.1073400034956185e-07,1.031383343705263e+19,80055051479380.58,1.0014308760063308e+22,3880753413901.64,3.973255406605056e+16,8.413162813000404e+19,34962844224127.18,2156640224.2170067,521464390480847.7,6.287753150388996e-22,2.164041164841493e+22,2.310763865033732e+16,2755602843004592.0,137502446.76830897,0.092910736336953,0.1061475579488293,5.763646284484259e-14,16210361631.1432,0.0505327803157926,2.6540843528179046e+18,1.2536137403134055e+20,3.770519103264137e+16,457637702724454.06,14521360819816.514,0.1095928782875421,2.0657357643450793e-18,1.989336852332206e+19,2.2964967242031273e+18,6807046595521.491,47299583178.71084,0.0717573502370122,4.0648713591852893e-16,1.1346279664745373e+17,2.136294112159364e+23,726026699.7652892,6.58872059503506e-16,1.0619995783205927e-28,1.503084573443168e-40,262793145108690.28,67982577138.073265,5047156624.014335,2.4257830947278833,7997.601738037842,7.871034206843174e-16,1.2266872861265057e-08,2.199933984221663e+18,3980484954224097.0,20680204651356.492,4387287675.625371,71058627.78932302,1275452.914520488,1715.2042026265517,62.61566462229381,57346.48109808582,3118.124324153991,3274138.2542598164,6783017.575207327,169.36746444180162,885784628499253.2,14.558029058942434,54893735299.261894,30.651735568987345,162336403.36860538,9.83880608756822e-06,273.96411886856714,443952940486.1214,17.57351407417258,201232.71831736108,28972.208489925164,0.0012105877289741,10959.280144053366,306.3916915895199,4.82744040051084e-08,5847.3286713956595,13651718941.173616,1.3247266302119705e-05,2.155239799445127e-09,0.4454099286061815,2.470571600465119e-13,6.717733918988699e-10,16331498.19301956,20267853515.50225,0.0,0.0,0.0,0.0,0.0,0.0,0.0,5.850447086130166e+21
2823.7988380005577,119500.65082803988,11.990919924563958,13.50422681160688,12.094061885246642,11.378947791269365,10.600701289860837,29400848016.110474,1.1437577849094552e+17,4.947330968792297e+19,91249.98595369424,214802198032418.88,983668922906.1188,33017.144035750345,15484621638.31402,2802974541.6194997,32021299949228.25,49030438259331.35,76406.9350619086,1709876533221.433,206828.4747054204,49975.92107158191,142588.55893035472,298541256.5475548,2735884339502.0303,5382.97478382286,460753.9183876955,1.2043164158574506e+19,157654502005.23657,2.3216564593269058e+22,111511.88787198544,0.2482777100176926,0.0001419534778835,0.1303138260769223,0.4496367085424209,584418.4126429579,1564723281468.0776,2.65460975038131e-05,5.331027968584185e-05,49780.17254998099,7.330034487678423e-11,0.2662340068690139,150031.2129229598,6.5546531082753665,144891.14824521897,6.909394056122764e-12,3.16853388882837e-10,1.0627395485900994e-06,1002.5747637891972,3.591506036100535e-23,1.7091157440320677e-22,1.3175281549800018e-18,3.067922696298366e-31,66331675447439.27,3.6666387178312474e+17,4.1555182663596835e+19,4.7062267513998025e+19,7.25358211602384e+18,4.5124539548968046e+20,4.171706627558555e+20,747699978922.8446,6.443194232742648e+17,31821288457153.203,32033385168.224575,8.621937696114717e+21,3.725076086226023e+19,1.5428039778598937e+19,203056087476.1324,51842478241668.7,1701841.0006257654,1.625699942015247e+21,6.711235497440391e+20,1.6635591199703342e+18,58014185282.34753,1.0386684892063054e+21,1.841804474358582e+18,2.1063795988192134e+17,9311736518877272.0,4768746083408658.0,611365394726.2101,4.888273023465707e+16,6165785324.396655,2.678748950360339e+23,5.371280866182818e+20,5.755345275891437e+19,1.9326403723974545e+20,17354408.3923484,0.0754084003598943,9.3301680063412e-10,3.920671486297018e-19,1.4393832721047989e-26,6.4841597009545345e-34,1.9106133140291164e-42,1.1850837831676834e-05,0.000304285955766,1.9330402664390657e-05,0.0006137277440781,461190946.87358,2.2516287279867988e-06,32731.973574137573,99261711136196.95,2.65792525237692e-08,754.4891972933051,51508227.64191479,30692648.544948913,8256065498586.081,105102.0828855337,26.89017332286369,7310.224532181771,19403584729400.848,0.1305107830211223,14484.357848740225,221557677459904.97,391506908872291.7,8799.353695724409,309033466.944946,3375457.008188569,278237.21846237377,547120866469.884,1874851858463.238,145861427657302.88,3794.845575218957,137091.36149217346,0.0,0.0,0.0,0.0,0.0,0.0,0.0,5.841941882234157e+21
1270.3971724744947,47090.41529765738,11.994421735014832,15.941531327094935,11.189014747911148,13.220270079953565,14.156127320665613,0.031612361552034,73688195.7444558,124062084344526.6,5.5377298357291334e-24,3119.981503142801,0.0904097584211341,5.607747293848508e-26,2.917527323816929e-10,2.590274947118596e-12,0.0968065068375528,0.0002099499145329,3.2184189606609593e-25,1.3451155195594156e-06,1.1019858433740492e-23,1.3394011374278736e-23,3.370303595320965e-22,2.5859209113659158e-14,0.0002042210828332,6.742994863792213e-23,1.5956983728739865e-18,3719633287.383583,1.4762396525003132e-05,9.629242766138446e+18,7.084027590195076e-21,5.391286365952187e-30,9.910968339192347e-48,5.892082707881862e-41,3.094932226912511e-39,1.2927390523572352e-23,7.808695816537178e-06,4.239992738530397e-48,1.1404296210067468e-45,1.9978467471548602e-25,7.669344964321018e-59,1.4118080707691268e-38,4.651375449781768e-25,5.88975392910226e-32,1.6862265813376888e-26,1.5849667986728291e-66,3.1876020895118456e-63,7.273308183865059e-50,1.2962533650685382e-32,6.967382269228819e-94,3.6098572141062886e-87,1.8706696211955563e-80,1.7670018357007418e-114,19.457880726592364,61317758111.36576,3.455525225566923e+16,4.310512696959071e+16,6.163499729933665e+16,3638356550929993.5,1.6978145366062732e+16,0.0038157530346289,2038113305.7146437,3.1793348904155945,0.0004150599158451,8.623442823926178e+18,81334952263558.27,2.205062439611204e+19,0.0002532235725234,50.87207886828578,1.157429266943046e-14,9.840780680519842e+18,5.442936536336702e+19,7918659592955690.0,0.0021599703767514,4.851742367046417e+20,5975624201228182.0,226860415183609.47,177648187115567.22,37995472594859.14,34.95974544196668,5485149174.657561,0.0015852138386455,2.589784380122299e+23,2.6796455130223755e+20,1.911710247355215e+16,8.63696779111323e+21,4.5759135555323644e-10,8.907209666235496e-26,5.685068694251573e-41,1.034200399660609e-56,3.557900217635157e-71,5.1594676450771475e-86,1.9853565062826035e-101,5.3477934274188415e-47,3.7584271136983453e-41,6.139382020853246e-47,1.275528915075241e-41,8.618781728267924e-16,7.72697729224557e-48,2.2894002580338773e-21,1.5890321365944875,5.102739699040619e-54,2.862973733344528e-25,5.2341495742415025e-12,1.1195542626480197e-15,2.357462426045851,2.44501810570914e-16,3.995404529815022e-30,2.0249036281631016e-22,0.0874778396479736,9.583662856367091e-33,5.1686982722767885e-19,2488.9256246249183,16174833.307250137,1.08177066953295e-19,1.511384606490618e-07,1.7845987978004357e-13,3.897397756050156e-19,0.0076318408677221,0.002475604898843,4115.634107260669,2.676710075714076e-21,1.5782447139876989e-15,0.0,0.0,0.0,0.0,0.0,0.0,0.0,5.723926273622285e+21
1270.3971724744947,47090.41529765738,11.994421735014832,15.941531327094935,11.189014747911148,13.220270079953565,14.156127320665613,0.031612361552034,73688195.7444558,124062084344526.6,5.5377298357291334e-24,3119.981503142801,0.0904097584211341,5.607747293848508e-26,2.917527323816929e-10,2.590274947118596e-12,0.0968065068375528,0.0002099499145329,3.2184189606609593e-25,1.3451155195594156e-06,1.1019858433740492e-23,1.3394011374278736e-23,3.370303595320965e-22,2.5859209113659158e-14,0.0002042210828332,6.742994863792213e-23,1.5956983728739865e-18,3719633287.383583,1.4762396525003132e-05,9.629242766138446e+18,7.084027590195076e-21,5.3912863659521876e-30,9.910968339192347e-48,5.892082707881861e-41,3.094932226912511e-39,1.2927390523572352e-23,7.808695816537178e-06,4.239992738530397e-48,1.1404296210067468e-45,1.99784674715486e-25,7.669344964321018e-59,1.4118080707691268e-38,4.651375449781768e-25,5.88975392910226e-32,1.6862265813376888e-26,1.5849667986728291e-66,3.1876020895118456e-63,7.273308183865059e-50,1.2962533650685382e-32,6.967382269228819e-94,3.6098572141062886e-87,1.8706696211955563e-80,1.7670018357007418e-114,19.457880726592364,61317758111.36576,3.455525225566923e+16,4.310512696959071e+16,6.163499729933665e+16,3638356550929993.5,1.6978145366062732e+16,0.0038157530346289,2038113305.7146437,3.1793348904155945,0.0004150599158451,8.623442823926178e+18,81334952263558.27,2.205062439611204e+19,0.0002532235725234,50.87207886828578,1.1574292669430461e-14,9.840780680519842e+18,5.442936536336702e+19,7918659592955690.0,0.0021599703767514,4.851742367046417e+20,5975624201228182.0,226860415183609.47,177648187115567.22,37995472594859.14,34.95974544196668,5485149174.657561,0.0015852138386455,2.589784380122299e+23,2.6796455130223755e+20,1.911710247355215e+16,8.63696779111323e+21,4.5759135555323644e-10,8.907209666235496e-26,5.685068694251573e-41,1.034200399660609e-56,3.557900217635157e-71,5.1594676450771475e-86,1.9853565062826035e-101,5.3477934274188415e-47,3.7584271136983453e-41,6.139382020853246e-47,1.275528915075241e-41,8.618781728267924e-16,7.72697729224557e-48,2.2894002580338773e-21,1.5890321365944875,5.102739699040619e-54,2.862973733344528e-25,5.2341495742415025e-12,1.1195542626480197e-15,2.357462426045851,2.44501810570914e-16,3.995404529815022e-30,2.0249036281631016e-22,0.0874778396479736,9.583662856367091e-33,5.1686982722767885e-19,2488.9256246249183,16174833.307250137,1.08177066953295e-19,1.511384606490618e-07,1.7845987978004357e-13,3.897397756050156e-19,0.0076318408677221,0.002475604898843,4115.634107260669,2.676710075714076e-21,1.5782447139876989e-15,0.0,0.0,0.0,0.0,0.0,0.0,0.0,5.723926273622285e+21
2628.466846269117,160073.28897389822,11.96656426831357,7.0194311330887995,9.40003242617599,11.58230604915551,8.081220113601367,80657431092405.55,3.159147012707193e+19,30131918375.46374,3200718478.882311,457860947839283.1,558201487295605.1,916554088095.2078,1.6688734573588718e+19,2.5213639981160474e+18,93600459871989.23,10182977362789.234,2220567868851697.2,312237655341642.2,6.871948129515966e+18,1.7828798086744105e+21,10480.459507144498,237308992177890.7,6471112205.561564,23696982146.492733,2840027926934.1816,7657997676899549.0,136566430709.68004,44856019732.05019,20791632435133.023,96721940595.9488,1104628.6898737778,1684500504678.6262,6662572136122749.0,61729.153499815984,1.3528746339949526e-06,1.979938790211977e+17,690140799.0945308,6.005093281213267,0.4692389879828128,44458973441.96081,99837742.51483278,21492466209864.594,8024805.453995075,19597.608209241913,1179691388.4236166,1783.260426688224,73.32070071091555,0.0184451834417509,5.955103300295423e-19,207165.7910385948,4.809037146142045e-05,1.1063548662463238e+17,1790889533665.232,439980.1495256433,501463.599062597,0.0001144994522663,293649494965537.94,389657.3840650134,3.5296321600857306e+17,1.9523387103586148e+23,4.899864185376366e+19,4.1079017438430835e+17,7.422471031922391e+18,28591674.183895707,1.5356684267530953e-07,8.640117370570185e+19,8.961045933164308e+22,8.587103009312073e+18,15283583566874.22,9640.01759336519,2.5873220106662508e-08,299417900189347.2,9.280591701370918e+22,156890989757.13104,2.85040646510964e-08,1.9124188742198772e-18,1.2179775870052612e-27,127940908550087.8,85402776319.04143,16944039.371038325,468820.55968250387,3109057.1728673927,8.085897507438062e-08,0.0019023950824119,20748129726999.96,110311243.54016042,1680.3132632488246,0.0009935351284346,4.6538295531610134e-08,2.483472198149217e-12,9.571301555540662e-18,4.370170138198569e-06,47794.80961744752,0.0069147891304512,88663572.34554873,2574.9885344089957,7.802473106543222e-06,257499544876075.9,684871.7265401089,2191303.6037731483,1.0720461976601494,54718407447859.664,0.000115898081243,28724557376.744846,319024271866478.5,23.301350106382593,3044180208805.2095,220794003.38152584,1.0716994286055893e-06,92215146.25360656,40.56583629073878,35.302835731200084,2.186539978608774,51357993334608.7,1.806273150859462e-06,8.69048064522857e-10,1591636.425134015,2.7135103138620116e-11,0.8861838580736284,30.00790250245688,449508689574.336,0.0,0.0,0.0,0.0,0.0,0.0,0.0,5.666191133847199e+21
2049.734843294685,54256.0670690548,11.976566333197203,7.7344216301438,14.101309975767789,15.884443394979504,11.45944423449086,19738347.73372865,481679051184090.0,2092.6825920865294,15454116095.24862,1484138603434.425,1390355833046072.5,5141157148.115506,4.4092777561973236e+19,3.1656148821389517e+18,7920746583.973161,113400575.45524795,44593381358.33079,6327705.212123911,725041147649.9552,777271509006.0863,2.1619242249275745e-17,5.946042311735953e+16,76963074.05571805,992310250541.0964,473758590326037.6,2709232295333934.5,4613280538450.594,834017.847676739,2.358235479654364e+18,5.993673126763223e+18,49260842259.91847,1834676666637320.8,3.912226364108712e+16,0.0002384127618992,8.846529544563983e-24,649473072620.2294,0.0121050584607338,1.91820543411844e-19,1.7377415995707982e-24,8.44212163826078e+16,26950700223.98438,1.2103377413877418e+21,608575175.356228,59880782711647.61,2.857240699483689e+16,13510722918.295668,42511.992399120594,246950129319.47116,8.904200198943447e-43,9.599713772285225e+20,22662672109781.45,391154371781.81665,277.58446108181033,8.97705004702034e-10,1.048838647105101e-09,6.639552909347227e-25,78751.4149068058,2.530216574872605e-10,1230094664125668.0,1.2794367597752656e+16,376188708138.3095,2825091992.8907986,18722587.737465713,2.520478273205553e-11,3.8726934858916705e-32,596906605390067.2,3370942249474.949,12412.2601914731,11372157.325883197,2.2219936248342913e-08,4.6511951834070703e-26,922434922223027.2,1.8948951634639605e+23,148091.66721915215,5.381143713819948e-26,1.1396494180064807e-41,9.555704493157948e-57,1332045787178.997,11376314.271702005,370977.8469804057,1.312126679534246e-06,0.0301054965426937,5.0688818030322903e-26,8.971705410351454e-17,2.820214161388312e+16,9097300686979.225,8613746553.866077,540603.4717560125,1823.8840467917055,5.291524610749999,0.0016070208000804,4.7585741851579115e-05,0.3940263379528222,0.0001976570231419,1.442593100363734,3.035704845609524,0.0001216259244468,2738819232406.3867,8.361336973595242e-06,5577717.993499561,1.9980728900690655e-06,759.1502243920665,6.255928121537953e-15,2.6871472667577866e-05,7769753.549832471,1.7458945195114953e-08,0.0027918154802556,9.737197782260267e-06,1.3041026056535216e-10,0.096842820243288,0.0008421428257769,5.47833671618192e-16,0.0450135911563474,4933540.058612294,4.722091899885994e-13,7.283440481859794e-18,2.4344196918391474e-07,6.391949341752548e-23,1.4821085368324117e-18,533.2996453014193,5349043.390581373,0.0,0.0,0.0,0.0,0.0,0.0,0.0,5.63312884440918e+21
2220.0730689039715,76576.06580472155,11.996535698386085,13.42283582877733,13.857015904959448,11.56942743453732,16.693398076237475,4638585085.926412,3960288128116305.5,4179329411019.257,30982298.389507856,57659508064.35846,5.865357175493875e+18,18622041.07049336,97975605124199.5,9123674994675.676,4122471160929.773,22889723280072.668,197612905.87976143,1967874681264.1155,3427077288.3899574,4251216294.618892,0.0430487211939011,157980384205.7775,41648335487.41367,25736.976479922905,7579932.825637717,8.613930002753262e+19,1.717516103416191e+20,5.201897381325546e+18,8.193359107429375e+17,1.3280530697345523e+21,14166.40883067234,328882164.4339586,7395096785.631297,2981545.514468757,5056.36334138668,544095.9508838312,4.411212336732522,3.2678051608214043,3.18194384786103e-12,34315817.97285723,1539722204.700671,789121543.6747917,10216199391.084122,1233.1014350349758,555510.7364197323,393.9256001448433,7667675778.167845,0.000933511992298,1.0895985949497229e-21,12.898360503019402,7.666625747750417e-06,28139962373.19174,4192013627.0203366,4312147.375896565,4995597.018643572,1.7317294183264085,187657316308169.4,346587136.42158806,8.810122653104784e+18,1.2093728900167875e+17,39343139234.2099,1603750.857347941,3.892965705302038e+16,59055039.8547212,3999502.054246889,6.408401264451513e+18,384951049806.1484,43.70964593368425,52224605588135.21,53891422.420579135,0.0959432581713998,1.8985205419472612e+16,4.095444006775712e+18,3268400101.8878317,0.0005718248886712,6.309277743935921e-11,3.7718898728911906e-17,945047.4875422838,9.410615669652015e+18,2.992974473311019e+20,567265870417.5342,4.3818101767859046e+18,28.902265714791433,5876069807963.948,7.632660563116353e+22,3.3853613626465416e+22,4.368419822387842e+22,3.105110384504047e+21,1.3560033436526283e+22,5.599999223001022e+22,2.136693936122003e+22,6.094608647737455e-08,0.0952030787484874,3.450812679447474e-07,0.5302959470197682,102118.69158038076,7.20951127964626e-10,287095443.2875659,8809022418.656021,56.953584530504635,2.8974261240844187e-05,937720.6960169117,2.2074685503153295e-05,6023449.851734721,4146729323485.784,6.618792287427492e-07,16.913267264406265,12045.908451255396,1.3483623853629511e-11,0.8101046867815834,1028.637926480403,99.35712216033404,4.08534533672241e-06,44948.63861539882,1.3815966773716098e-08,2.5770942470037546e-08,53681.03473616469,2.4910634543115616e-05,111.4715094619463,962020.277906037,1902906829192.761,0.0,0.0,0.0,0.0,0.0,0.0,0.0,5.586094675997085e+21
1407.1970171023656,36713.280135789515,11.979321567586666,15.58539289428398,19.09065114863209,13.840454645093187,15.034425297055876,63694.21445731648,1109914.0973261343,0.6725789347244159,1612355.5836514155,1.2909485087481272,86873973844.23433,10.781765595622868,4593602155.138614,69638005.4577923,98.92156212736474,141915.11246954405,0.0186598545028574,0.4252301371158314,0.0001424423225486,4.5130369090430795e-08,2.257775343393805e-37,3044631577.1404033,1137.7105428873413,0.0001827420719696,1.585109192911918,2.9441911142631916e+20,7.474398495329294e+16,33199740868710.31,2.8425132512696136e+18,3.99868089882601e+19,3707086807.897776,1619149196116.716,18058849698.78648,4.712295170346018e-07,7.9756031609323745e-22,1.998281774680818e-05,1.1930565974638117e-18,6.344418383569371e-31,1.0605344582787917e-52,2308281914912.2324,1767607853.684127,5542911850625.224,22957426982931.8,1.91396039034148e+17,7.301181963219888e+16,991808.224520224,1.3502163856649213e+17,1.5908538793241178e+17,1.0576989911697234e-59,2.651582037062981e+18,1.886260385992066e+23,5.705144452971972e-06,9.328203835583453e-13,6.174577498096877e-23,7.575424520736487e-23,3.864485305866909e-38,0.0057320455127559,1.0772639638812577e-17,2169179.2555230567,8291.941136305155,3.9763059718696376e-10,3.5809915103600355e-19,0.0020483244284105,3.0219329080825956e-23,9.87576921281825e-40,64.68124999084714,1.4758035176133222e-12,1.5268330753726647e-35,0.0668636267282353,1.255832006219707e-16,1.5795166788733011e-35,12056.316386836552,13906312895.996883,2.1713207721987263e-10,2.87062724123638e-42,6.994201864826928e-58,9.37551486110459e-74,2.687560071249076e-13,240882.5046691213,3209.15854576053,7.885062772739009e-08,0.423110850817873,1.2743436372259946e-29,3.261813580677681e-15,8664416480238.843,153695240.49104223,8630.636278456972,0.095304780010871,2.5945659942819237e-05,3.557335922999567e-09,1.026547043144279e-13,1.9868728139040612e-19,6.1404089864164e-06,8.611694116552783e-23,1.0651385562375387e-09,4.67146062641821e-10,1.4818160208597028e-25,15659015.480290722,6.3199361750869,88986297.48589477,4.382597486558245e-28,6.973778855116187e-08,1.243901683383557e-34,1.2628172450833205e-12,0.0314167236028315,8.573101742961769e-36,1.363671061849755e-20,4.484209566089734e-29,9.340068403929228e-37,3.946323288633011e-16,3.617454481524374e-20,7.89441149283611e-24,1.8370086120849832e-30,3.1394547566323896e-11,3.6460565107805646e-40,2.168154981768131e-34,1.9499489391551267e-11,1.9579673217017135e-35,1.489926011795442e-21,1.4490028872341889e-11,412.7435786893826,0.0,0.0,0.0,0.0,0.0,0.0,0.0,5.585795969881032e+21
1433.8974523179434,77700.32237374331,11.997757572103431,12.70072111791782,15.73437193477664,8.24527288474993,8.840294715411478,17492157.69890648,5321792157.991632,8.674118420713215,4228844.472590021,0.2678109341278993,4743126218.960963,78975.32082337102,1598689726713.3416,26585009091.011826,206703.2133670882,3768423034.099168,333294.5456203753,29716369.602297675,5889918.660131402,4438517.4465406705,1.5611376048463001e-21,499832332.4861621,1062.425889949651,3.780768594935284e-06,0.027578562548866,1.797760444281304e+21,1.5619822453983216e+16,1136709796550549.5,1.3124129337244803e+17,5.0978753913632424e+16,9988177250.772297,8336695811456501.0,2.135519002855956e+17,215.41144429958575,1.2251978174421452e-11,2050501171.8579512,0.0009096948991133,1.6521773321819446e-14,7.374534116696852e-30,395003076241.9648,1520685313.2923298,63150724862.211365,225803646742305.6,4.168528902599649e+17,3.5797975601467674e+20,76793.28754295727,5.424952952227448e+18,3.813335903161148e+17,2.2857809226357364e-35,3.143135346032973e+16,3.902903853185916e+23,0.0033449790458015,3.1589012329487974e-09,1.3918304984498545e-18,1.7027014205798145e-18,7.006624503556719e-33,179.06568814869203,2.7706709469402497e-12,324458103.7429004,95088982053.1386,0.0006036147052617,5.5616620223877397e-14,138395.73945426455,2.12645486263385e-14,7.465535076489842e-31,25280226.444087677,0.0052226145914255,2.3002885787864625e-23,0.065636413922154,9.855011885670416e-16,1.1655458385121489e-33,65.32605751272493,133077979.71621862,2.0871421296458492e-11,2.1354080389865366e-41,4.101042918614189e-56,4.887343264545703e-71,4.957601461054988e-16,74295.5465279475,31.98751346497587,5.952676458972719e-06,0.707546344270956,1.0617331896556323e-26,4.1058142619628535e-14,13194636884.186924,8512.026683096266,0.0172856176364264,6.473289564556535e-09,6.257316326062029e-14,3.1419857291298543e-19,3.1893790024076755e-25,1.1003263777883968e-20,0.0035398798988887,1.2089052053525246e-20,0.0016383205330359,1.623718211982009e-07,7.980388218250628e-28,381681226.73778903,53850.2053408654,34265402130.486507,6.352195196754041e-26,0.0795121803857146,1.1028694491111345e-31,7.951084752019724e-06,881.724043963204,3.9529805485315595e-30,6.175092187678209e-11,1.4118237530950005e-19,6.773640590424266e-39,2.210716036166392e-14,5.505129808233955e-22,1.1503926981597735e-20,7.2089950187074055e-34,1.0279011406931492e-10,9.565583549770337e-43,8.466701544560828e-35,5.3631301035300686e-08,3.5288666631084845e-35,2.815410778330853e-17,1.450075993930324e-14,4370.419759011632,0.0,0.0,0.0,0.0,0.0,0.0,0.0,5.566367247225422e+21
1413.2183642795517,26504.55530930767,12.041725517022488,14.076124061533624,10.886319496938642,18.213642875106725,12.362761630396824,3153.211142011636,2620346056.925278,7544777882352.414,8.833404909988461e-18,4791833.911492447,854.9409481569179,1.2322912140494576e-19,0.0001390893647539,2.1536776976778094e-06,28.206633848002355,0.0136094065732925,4.313277568356785e-19,8.392360230789285e-05,6.580312924814906e-18,4.1924938565777254e-18,2.1671365643653522e-21,4.706721802923752e-08,0.1635905268337589,9.355567908951304e-15,7.799617191732825e-11,12229709051.9491,0.0274562710749683,1.278505154062701e+16,1.182863561685062e-13,1.4009793858719624e-20,8.978787913035891e-38,7.500990420840831e-32,1.6689222357580645e-30,3.9240946677015855e-21,5.796031429993363e-10,8.235888683061988e-39,4.86197570670265e-39,2.2645682632542117e-25,2.0630902106613892e-53,1.5827969452431756e-28,1.0959717413575249e-18,1.0877147678392505e-21,4.672780871975995e-21,1.9401130597983607e-53,1.4696771938383109e-50,8.28442850793556e-39,1.0411990918410178e-27,7.242116616201665e-77,3.4048533922189627e-81,1.0136461771161437e-62,3.6479680735080775e-94,44299.79240934649,67608528100.58469,43149271727122.09,52903908493704.24,271911998161.6724,129846066561323.44,2470210715440.2383,44.33939717067434,39416689208.10618,6330.641398924123,18.001345681190756,9.130064285480931e+16,14388202560.676935,357261251463.67017,2.7165357139000363,47032.31332544038,3.511257267962097e-09,2.2133310091635448e+18,4.179783956920393e+16,54857582372.4812,372.02996477261274,1.3582903144203484e+23,2.2467452198131064e+16,31373091891.251347,76607600.84981948,105791.70961980072,9581064.7987984,22015053459.777477,2.559950124900165,8.28153441145883e+18,3.557541618198567e+17,14487766573.656294,2.7197957550792132e+16,0.0007195853948243,1.1446176817207916e-16,5.756190688475783e-29,5.6093953468427146e-42,1.361876644944822e-53,1.6770390691772316e-65,4.306650149465844e-78,3.2872010518929237e-41,1.5827344508332072e-30,2.9071904731596214e-41,5.668277021053099e-31,1.21263852264846e-15,7.65152388291569e-41,1.0411357552420348e-11,117.80651498568665,9.189193308409952e-41,3.391927914364001e-23,7.88677060548116e-06,9.105055390916099e-17,1319.4398942788412,2.9139826344618715e-08,1.4260961443542407e-27,3.4872804455078186e-15,0.0001193180662129,1.1749877733813052e-28,7.224090280825076e-11,33.693591357615986,118940192.9219204,6.30727253130183e-16,15.96427766213189,1.208218447594307e-12,7.976341584780948e-20,10.220423954904463,6.387113382572821e-08,7584.499608791759,4.1691393685730495e-18,1.8570860217365017e-07,0.0,0.0,0.0,0.0,0.0,0.0,0.0,5.560330500146746e+21
2245.0059783576653,82649.35391373413,12.052253341688768,13.809067225670423,12.58574571041268,7.441652043889521,13.391316708146624,773042481.5299978,3584759158690556.0,7.17728226634992e+17,17.777586283758165,1910042408.559468,15447122638602.998,7.901866016451337,791434.1413181978,76302.57985464355,4296324963.333132,1034136095485.1788,58.85234772729532,64375680954.61861,703.4983658365529,608.1852170543623,131.893248131442,1912.5118499625917,63858769.328951485,8.586161047469518e-06,0.0023709185929695,4.448689680687352e+18,19698866104329.09,3.386026178979043e+22,808339.2575415251,2682.77487606713,3.279709462360355e-09,4.8851952680666435e-05,0.0007561219199562,5194.108784985264,143156622710.75296,3.1696196203516796e-08,3.6025319977469754e-08,433.9152500380796,2.354662338271945e-15,1.691245296872447e-07,0.9140042355941616,8.419916762276924e-08,253.53070877800388,1.0494249315105724e-16,3.201373869731794e-14,2.272050947400533e-15,8.509581897565988,3.316090221356414e-29,2.0367470670131675e-27,2.242699803414683e-28,1.032096784768821e-37,691486971.7003716,13097015059106.86,1811201521639371.5,2095867089388322.5,105026715419897.28,2.2540694129691574e+19,6.056548456407726e+18,17013290050071.14,7.618657412337318e+16,694440339.1457165,721.3256291250865,3.1372572802532246e+21,7.57621318430409e+17,1.804012562020469e+21,8926423531851.494,4698423903.300415,0.0117196374757283,2.0366631619980326e+17,3.0229142681380216e+16,8252215091296.428,1255519021.9206164,2548475328848312.0,319562746573.7534,1244268127.5297563,19720758.90835899,1764952.4365225555,19.061663071633593,3.1222340112844416e+18,215106156070225.75,1.2435539149294003e+22,1.805325790765625e+23,1.0299112681236824e+17,3.409073120906486e+22,411749753526.53345,414294.0143022004,1.2113892162482431,1.9033140227919586e-07,1.870528781927678e-12,1.7610211026419954e-17,1.5059685333653277e-23,4.102718799829116e-13,8.320971445072171e-09,1.654115428112127e-12,3.3466476620802255e-08,45237.2490410611,1.2102594307503178e-16,0.4559244168721295,9134327388188.316,1.7057029484744406e-12,0.0003524197528533,133147.5332975036,34.809341302653316,106609819255.6318,1143014.204642119,6.254942253683983e-06,2.029552911617619,7708921480.638403,6.341195317731852e-12,0.0044170021807277,41860441.53629466,7964299801.2442465,3.836438177407425e-08,5.036402626586513,1.7472879795846125e-05,0.0595058242906161,1387793914.4558997,6707916.488997501,390913326332.81665,28.17103208867072,727727.3897402538,0.0,0.0,0.0,0.0,0.0,0.0,0.0,5.54441780756904e+21
1675.7193585617997,41110.71728397753,11.991957182782778,7.75189278578986,12.166216499993435,13.165976851826448,7.864893986288976,3257148.3100863006,2541103397846780.5,846.7960051279669,13766866.847433666,2814526312.442361,3660496619473.222,2021980646.739665,5.87729810471523e+21,1.974747451862735e+20,223198646202068.8,608254991794.0331,23865327848551.305,24090353246525.586,7.973364487247745e+17,1.3968680323515362e+21,6.911744685045161e-06,1891371456496273.5,788255123.8209401,3440819909.782512,6746783977176.11,1.2684699630551002e+18,248167932791903.6,141037759864.23654,6.041520176520963e+16,1.0325535498640414e+17,85401471.21054822,3.140314596498818e+16,1.4399145650936477e+21,216261.91770183013,6.250385837684831e-10,1.926199812526343e+21,1278780034.672214,0.0013593433519751,3.044339852897971e-08,4440731251816161.0,1300971466263.309,1.3297331701072475e+21,12986603904.036936,1498232943845.9578,1.9518844882386117e+18,2646176195092.201,10605268238.250431,6231437234.937941,1.2499640002750535e-20,4.17787711286583e+21,4500055509867.12,301480328475.2996,62250.17368564484,1.7770665446522746e-05,2.126864868418396e-05,2.4452465196809823e-19,46324368.582501754,2.326363936811481e-06,1696122200302497.8,1.0917431316548964e+20,240120142190812.28,1089958399585.2952,40193224126187.35,0.00012034866385,2.8868700979728725e-21,6.26852073034009e+17,4.148480360242203e+18,148308952125.51907,32952424.227310523,1.283776464956664e-06,1.366030517795592e-23,1952542479391.4077,1.5927553305109523e+23,370372.9772725629,1.0973066255529088e-23,4.972874331454628e-38,3.457648206450304e-52,3632005724.639826,10562268.517038677,65633.08564577761,0.0001401691912352,13.617734727513836,7.552738982346848e-24,1.3039954265339938e-12,47835697834501.82,1096968968.8083909,76222.19937061913,0.5985471637323745,0.0001722345061536,3.2662982024843755e-08,9.182304271832653e-13,1.2533484525935541e-13,0.0003871648284399,5.166172099059675e-10,0.978015241115584,2.4252807166094934,3.021899581269618e-13,2449818802461.956,0.5739853248932136,371623.7682129953,1.6258015192021389e-12,2318.9691456171954,9.480962921555205e-19,0.0357138804645645,45864215.2288422,2.143551830096609e-12,0.2065592896769991,0.1884466921647072,1.152832225825063e-20,3.733153685562962e-05,9.211601985715305e-08,1.3972412262151297e-13,4.711012521251506e-10,119726.82566074395,4.192857542098755e-19,4.485929560449923e-25,1.397186324331361e-07,7.387872625801286e-27,5.988982177787784e-17,1.3336954645278471e-05,43697.15964676424,0.0,0.0,0.0,0.0,0.0,0.0,0.0,5.51575048359666e+21
1396.298215940348,61085.498392470974,12.014810446591987,14.52648028022396,13.709772977804306,17.79689482756288,16.12882690106255,274777.79488251556,615582191122.257,60318042.55706836,7.877213046179174e-05,4469743.256876562,1068904621630886.2,0.0003664412821086,1002750791658.6128,14623220737.744404,2668370339329.3,736365165.808923,0.4670017815857074,1573681500.2733734,2682.974496182207,632543.6612670252,3.6524616262002664e-08,851075.7004635197,40201526.06917013,0.2179873822377227,2033.2923406191012,2.6438584314588887e+18,1.004582028628217e+19,3.791353339158476e+19,2746190711955.3506,6.32647746639227e+17,1.3107276795994596e-11,0.0046693548161628,39.32703025106377,15.219976936323448,405.1051039242804,0.0201397398279257,1.3588958026294917e-07,0.0011289683519612,5.463977174728568e-22,0.046417501134719,4731.6804916684305,621505.9754685956,12.35733772277348,5.4147853386400357e-14,1.5728472978649226e-08,0.0009550358422706,772.5779805646775,3.1650796343022696e-24,4.745183496539144e-33,1.5667500783791983e-09,2.921711830737374e-28,13673021.704106946,280779883.85843056,2199562.4349857755,2701835.5667801555,0.150496736969061,379588376933.8652,77226.82535978175,1.871711584529508e+16,3413987370031477.0,684321159.50047,2870047.022719911,1.0503473975859112e+17,152014.90741121987,1203270026.9168346,3.992463202943447e+17,1905949611906.3564,54.054061133274,31608782629699.33,6506610.258639002,8.379683921718654e-05,699653037670050.5,3.1308765031285326e+23,486898296346.2874,7.136169487379309e-05,1.9170743453874314e-12,2.6938052048770955e-20,21608262.94172814,3.757087363093327e+17,7.673328545448604e+19,883140111.5493287,8.511203844800222e+19,1.3665257902543589e-05,73751830307274.4,1.7383231939436274e+21,4.498955774549532e+20,3.694849291354837e+20,6.130047886406987e+19,2.4595291772649583e+20,4.905949345203188e+20,2.0946724904417486e+20,1.0771929108461881e-30,1.4205769944567429e-15,3.382574866215294e-28,1.7471658161342166e-13,3.28693809488785e-07,3.821539474948712e-30,24432.52965037947,32441686.454240717,1.7844914680031042e-12,2.320694958438581e-23,0.1772135891609511,8.075414132738579e-22,410.6558466637867,1371589637.5911748,2.990359193071548e-25,2.0799073146555616e-08,0.0001959312417359,2.905036459423893e-31,5.935403091477954e-09,2.1600981385175783e-06,2.0787292893405263,3.4748916981799194e-18,2780.4315583159228,8.147644178418314e-20,1.8551649609381868e-27,0.0083864836590738,2.311430868449551e-20,7.483249649791169e-05,2.099338110862014e-08,25343724.083061542,0.0,0.0,0.0,0.0,0.0,0.0,0.0,5.389404896431465e+21
1275.3135978919918,38563.92420865461,12.011302640592358,15.131074987771855,10.81482683197546,15.375151151088874,17.08659449562696,3580.38631553981,157392275948.17612,13940170.42033541,5.867633814356629e-11,19710.32010480583,282827806133474.06,1.121063883269975e-09,26271271.349984176,238246.16997784935,821746261.7260803,352483.091306796,1.176805999163137e-05,4202757.942727852,0.7281805690970388,1609.4147087332483,4.192049495337095e-10,1.3149567850826236,966.664096750523,1.9313008849866383e-08,0.0004391749465429,2990502743163953.0,3.3337654339615756e+16,7.18280235420933e+17,181110565.64270455,368560792987737.8,8.973010148290942e-22,9.224923741254735e-12,8.739122929394986e-07,3.2939353044262645e-05,0.1739709174788701,4.367353390278008e-09,1.162591934188598e-13,1.7856717247850204e-07,3.0546732322080718e-27,6.152026531890691e-12,1.834440372815044e-05,0.0001248925142977,1.283648472524717e-07,1.1609567493916205e-27,4.1923428548451235e-21,1.2695165946550322e-16,7.228854453681415e-08,4.4264632633858715e-42,8.894153285800064e-44,2.8848540573129365e-27,9.214061098396963e-50,232586.73314150827,68484622.13214022,3724450.6245212303,4642915.375114426,0.6695189666704807,746686878745.098,353122.82898039604,2.242440402498341e+16,7927975092643502.0,70472792.01452056,49402.990569606576,3.1492292551807217e+18,3176408.9581422675,20818246072822.043,2.7651746545800054e+18,2040981924170.1543,5.153224172990645,5550160281773.008,3090070.470376723,4.695498183000146e-05,36041609467922.24,1.3716017056398891e+22,17915064072.659584,7.199834750060595e-06,5.65458056535807e-13,1.247265845500409e-20,6135.657484726293,1.5953098314416824e+18,1.2784607942781598e+21,2727703467.1486125,7.176636963593791e+21,2.1822014244412777e-05,2.296119937514284e+16,3.838080139550924e+21,2.1283412313812944e+21,3.86418431830172e+21,1.9704331257825615e+21,1.9202050460107665e+22,7.943432090617356e+22,8.640073881575594e+22,7.481552939316992e-39,4.2886251013090546e-23,1.5850417125920908e-35,2.718948394310188e-20,1.7118731283156082e-11,5.7389629353528134e-39,0.0114591038666129,13135.854605247134,4.5079715643651114e-23,8.766458742791387e-27,0.0012258945152895,3.246371694023667e-24,51.07809634093087,149284352.12472844,2.378133935823223e-28,9.699720619842051e-11,0.0007539695313774,8.973654655847152e-37,3.6864326563259523e-13,1.726734557081111e-08,0.0951365756256008,4.701547131869889e-23,0.5092607705067876,7.49179248223589e-24,6.280473008309408e-31,9.171415043579164e-05,3.5412129653225133e-22,4.809219747128227e-06,1.0703393338320687e-10,516659.8314231936,0.0,0.0,0.0,0.0,0.0,0.0,0.0,5.314276717878335e+21
1340.1134582603336,43841.44376901925,11.977654971667729,8.704092246229283,11.657102454320206,10.35504392393571,13.520175997036407,959597.583895991,40239264724775.16,1367.8532038683074,0.056052706186448,31845.34179467878,893022023998207.5,58.12984986228455,3.2157291970493668e+16,380148859378574.75,11009749800051.229,47196499541.56248,22464559.21072404,25739776620558.96,44051142667815.16,3.3338966985457695e+18,0.0007013772258825,65452996.5590428,450062.9564583864,0.3707264818165636,5125.404733113686,2.075683591581197e+18,1.9055377686879764e+19,4476143952260668.0,2.130442049865153e+16,1.930011386314365e+22,5.571370842180298e-05,10470733.74856877,30668734661904.48,168069.34036190834,0.0868752891396503,612843817155420.5,328231.58056718565,51.21151712973098,1.864563931375295e-09,20662.848011491104,405452.5476738448,26018679272.92266,20918.61159799028,0.0023655443268551,249840.0587711532,24.70715738183707,2563847.2710534935,7.08487606641923e-10,1.5202480897171083e-20,2422.623700100301,5.804765986707398e-10,21129235.30681365,60953.17873887478,0.0486535899071322,0.0601544673972589,2.20775662675467e-13,2649078457.5201435,0.0338772684155249,3.6403354314061624e+18,7.068020097338466e+19,279885722656.0968,41653307.76080729,2.9178558609124666e+17,15.581010791787456,0.0067589465631705,2.0133308139812808e+22,2.6193771796384826e+17,23807869.295942187,49702492.60196787,0.0006875932463193,4.1218020981705263e-19,22202391576592.098,4.81798662258064e+20,30017.12023598324,1.2875064460575367e-20,2.403554006925112e-32,1.7841670265438794e-44,280.48442369839876,46354294368725.31,2.6025749873547756e+16,2.728032036545144,1703226121942.6133,1.365143860954932e-18,113.76937617953442,5.574072982839355e+21,3.0347263351641263e+21,5.313625966509329e+21,2.174263490353093e+21,1.9388523348268832e+22,8.014424477344346e+22,7.767665950380228e+22,4.0771462438961e-30,5.837686861366746e-12,3.5549655594112777e-25,1.771841932134201e-07,3.317964600879535e-07,5.7541744836420034e-31,26424291.45304219,16676.985284513394,0.0001162968500096,3.5745656490883016e-24,55.95808324248683,1.5325345088820408e-26,20.146588268220455,2202828046699.338,7.642056115632676e-24,0.0006586902520699,0.0011013781724296,3.506852758630053e-36,1.5307854548569157e-10,3.6414552592715406e-14,1.8601081333234862e-09,6.308435662519261e-24,9.054313353690038,1.4927852031683918e-29,9.875931373244352e-35,1.176160452238032e-06,2.8737526193352646e-31,9.941571710679564e-13,1.2858981597767906e-10,162428666.0691202,0.0,0.0,0.0,0.0,0.0,0.0,0.0,5.298198196345028e+21
2860.913531231157,81275.67284525657,11.98972828393645,9.65081704872449,15.11733588417276,8.196023099899353,13.52657786116418,265864470673.40375,1624450740505758.2,319558965.44503766,6896367686233966.0,14163808998.828768,9.563914397352828e+17,29505836093567.453,550053219977618.56,102751736481064.88,5663578.802022493,182714338197.9837,768725296924.3125,73991243.60505547,23077527690.607937,62535841.47325669,5.5035798152422775e-15,985184003601434.8,44237828.5492338,992016.6715000032,80072698.53442506,3.2519921928259313e+18,3.5555095816954696e+16,30614026297.77248,5.5461318531717e+21,9.570981551911966e+21,5.878177114793434e+17,5.607424523012183e+18,2.1450920757672486e+17,6.907858031025779,4.5051144547789335e-16,1839795522.1061947,0.0198949549264123,4.3862113597118733e-16,2.3490142609525417e-23,4.86087592443267e+16,127338298621.61,53594882035977.66,2525348800570107.0,1.437063808254639e+21,7.119414605145768e+20,2432070.722074814,4158132962428.413,4.2447639289977445e+20,3.7836969544275075e-36,3.251530461835457e+16,1.8798832365362448e+23,51810156.65588582,1.4070000731735184,8.25899084771187e-10,9.34300745817629e-10,7.970235787402361e-22,32695343.145042244,0.0001682176927222,8519499309088640.0,102180834976364.22,286091.28698481194,0.0149804423429843,6752787.669872827,1.7645404323932632e-07,1.4468768325188084e-24,26744732108720.008,5185.776568304644,1.2073915337343584e-10,490213.8304537934,1.1138778808557098e-06,1.614396659223326e-20,2887923547418.1826,2685479933171.872,0.0284682464817598,1.0549436996370677e-25,2.571424074056198e-38,7.511818828615845e-50,0.1026154285856333,231451771329.11652,23764269078.429382,8.52817752398544,12228.359588155135,1.1284211514656e-14,2.3773472518583573e-08,1.3053625933657117e+19,4.826149704932817e+16,507492510915451.7,177037970391.8969,5489662063.930741,211666287.87429404,524415.8691137402,184080.99771662828,190776752.76044387,3425.847752039423,4427475.170611818,299898.3159012397,1.7808425753039758,779935498841.9829,1129.0771400297413,785543391963240.8,2.495187038329867,6231304.178436485,5.071015866686272e-07,4.810629932839657,9318798487.520874,0.0011005254466704,11.821802850032446,3.407009844601426e-05,2.1075966920340967e-06,8.502255394019242,0.0123299990742159,5.0812225308248135e-12,5.899364087104699e-06,7.726363342065568,1.1732425123326596e-14,4.187042573591665e-07,28.984493564407025,1.279167065900581e-11,4.026648220121421e-08,721955466.548718,1057421034803.184,0.0,0.0,0.0,0.0,0.0,0.0,0.0,5.277467434560587e+21
2289.960254221557,82671.69343849897,12.016680060363871,13.817371231056985,12.601417463092016,7.4947655093002705,13.393503409701829,1166035907.0975533,4668728036368167.0,1.023087822499498e+18,46.287776258095114,2815669083.376301,22231550742096.65,18.823736468330686,1055657.3974956677,108138.03051074686,4956210521.574573,1522855977598.3115,117.05881636575616,83605786995.93079,1132.147224538765,807.4134381237956,203.32501696736088,3336.8711720624083,93311146.89140132,1.6013866604823106e-05,0.0039510777537517,5.337987988992816e+18,25263585026746.99,3.373946717134617e+22,1437724.87968681,4425.015699091778,1.2016013808150665e-08,0.0001277715256983,0.0015965048332922,8533.756856669868,168783627733.41144,6.018541015164233e-08,6.842074252150559e-08,590.7195848554308,5.008037246779617e-15,4.218632146794671e-07,1.747960446358471,1.472615853893435e-07,581.2051251287464,4.596756193515876e-16,1.0989410294505945e-13,5.1632672168727145e-15,18.210679317310618,2.1700801683435886e-28,5.673217999256675e-27,7.783933643500649e-28,8.520263219375316e-37,937574821.3550924,14970514860340.498,1924445293687461.5,2222444529001998.5,117524960300421.88,2.6664912810317468e+19,7.644889191373752e+18,22069553627908.316,8.163032657414726e+16,818722920.0912632,792.82550004175,2.864109433775987e+21,8.639033512064388e+17,1.5068950248962576e+21,10142830541028.332,4507142758.222334,0.0125404984917766,2.2122609435735994e+17,3.4343534253744828e+16,10968444413210.734,1641484896.2252605,2054789571771718.0,314557496804.1304,1522277566.0163867,25185323.3415388,2528027.106480187,21.821431752424044,3.727562548208572e+18,262728163959892.8,1.5047524104767292e+22,1.7437074162656033e+23,1.6142595692208947e+17,3.3189185556038514e+22,549779679292.3041,613572.8935894038,1.986081014499658,3.307555187102439e-07,3.55550648301087e-12,3.7453411279916896e-17,3.4782085533218473e-23,2.2873691914804954e-12,2.7914603203069907e-08,7.896917062342385e-12,9.84620012066443e-08,104257.09556303218,6.056334981137583e-16,0.7892122956743916,12679769593942.775,6.051238660371685e-12,0.0012459914589974,235193.05092220957,107.3307928944676,153326539963.5792,1704458.5162828178,2.2058038364208465e-05,4.14200156742466,11812543690.917051,2.7935986690741796e-11,0.009605728567368,79335337.92353068,10427006897.863611,1.028671719602449e-07,7.009249529474663,4.368185449990424e-05,0.2305072411595175,2496799194.0217133,18833408.306974128,663912875248.5217,79.04359040627615,1241165.2125728957,0.0,0.0,0.0,0.0,0.0,0.0,0.0,5.231541560245111e+21
1612.6425069151048,94530.15126090564,12.039769172294378,7.491039716342625,9.211573924290663,10.069354335285054,6.71023806896088,101818899652.13332,7.873216868297806e+16,28427.764240403707,0.111976359701044,6764739.39107872,2709318815.7210436,1319.5171829666515,123641048408808.14,3529255978354.772,605087020.2875453,124766835.79124106,1588778270.4011471,439641991750.18176,5925724282977604.0,1.1044056495041507e+21,0.0277879140344414,305606.273196677,18.00509970757125,0.0032013361590868,8.507942816412413,7088971644473.076,2322750.068318324,114263708.37023395,2674088.695532413,11177.780760990516,2.9442789890531017e-08,1693.703189752269,8771898990.019073,0.0192400327792924,1.0431318458437933e-12,62554287096313.8,3664.036781494272,7.054982018940299e-05,2.2194141282031493e-08,0.0294940893505288,0.0015233281277182,156.85565040944104,0.0013833929326414,3.3538258503012056e-11,0.00514327918042,1.428845917548656e-12,1.270344991286808e-08,5.1837633447315115e-21,3.8298425333187654e-31,9.00747789677506e-13,2.148708376604861e-25,57020249169.96024,1624802.206325975,0.0496954076223214,0.059781467809699,5.2467565617724265e-14,160729216367.1971,0.5956689207570001,104329762144440.2,3.576107369290186e+23,4167297361526782.5,157326776045.24982,1.7581193828639017e+19,2561.5148364353568,2.174714975660335e-12,3.47814529158121e+18,7.933890188133258e+21,93319129443610.78,15566786.485906316,4.7140440331051467e-05,2.9179209329160275e-20,12729788.894930854,1.3037986999755528e+19,1571.2832061665158,2.0043718702883333e-22,7.202544751325628e-35,3.224990492524789e-47,807.4578949257441,1123136.5205162396,12.97869865306369,0.6351632603990712,223.2751616828696,1.5050072420467854e-18,1.8442490290553758e-09,85452662.95290805,2.9548960493769667,3.12119165769826e-07,4.1748337609140825e-15,1.8861281757583495e-21,5.311683399309024e-28,2.38451553546476e-35,1.4571913078597056e-27,1.4691306980986294e-07,5.724758757018029e-22,0.0325123140420176,1.650103749440491e-09,3.2053235478471994e-29,36927012.76343579,17.467063400284133,1.2785481016800071e-05,3.8233971228338515e-17,2918367946.6859026,2.788892963277044e-21,6738339.443242046,174952692186.5376,3.2136490985780386e-15,11199072.090294529,14.31358081911461,1.6273660516016798e-29,0.0029120632922616,1.0733035803739973e-13,3.222063911363e-07,1.7080773601258392e-20,209422.16683912813,1.6153310043859891e-27,1.13978561004162e-29,0.2308538886109366,3.8554909394640714e-29,1.0064460555393728e-08,1.8116794201744057e-14,1882361.311336972,0.0,0.0,0.0,0.0,0.0,0.0,0.0,5.197545485754591e+21
2021.5543343175789,49445.68486484554,11.983118272965054,7.723352383007779,14.104307010040769,15.86398662805401,11.461858034322134,14561285.356317883,403740382652521.6,1276.4593133586895,9934925621.9765,969709203606.3668,1086526535391270.0,3649922068.410549,4.348433683783125e+19,2.977633260356887e+18,7036743230.618536,94119459.7004495,37520704993.9428,5971634.793876141,741473004370.4365,952128706551.5416,1.5224374421815532e-17,4.615631506401804e+16,55217844.8337782,647313983078.1375,337448832130675.6,2558184130761474.0,4301239483765.4062,732964.7218363294,2.116535788084441e+18,5.93153014163244e+18,32885655716.25974,1641536052942112.0,4.2644223566071224e+16,0.0002034770849326,6.3374717523864534e-24,816840770157.7909,0.0122611679279129,1.6197459309413711e-19,1.3715469994859104e-24,6.729311283171692e+16,21222805087.160156,1.1257048952400444e+21,471311095.8995236,47080560860370.82,2.786743390892544e+16,11155287534.296185,37911.97327955443,193040051848.56067,6.765723610436912e-43,9.635803562152833e+20,20053707670826.633,280911279241.49243,183.1936423578062,5.050139676488561e-10,5.909369985554853e-10,2.889015832250235e-25,57181.434918513885,1.4061434536229034e-10,1073405442951746.6,1.2852163576594524e+16,310350697612.1197,2179301546.365729,17133600.39596199,1.5624345044187007e-11,2.0605303745387868e-32,595098366537490.6,3366067492663.8076,10397.733170371645,7577160.33277739,1.1506211204368948e-08,1.7173628119088275e-26,686857615102911.6,1.7500940358869308e+23,94331.26593706392,1.8750132922336695e-26,3.0959617758072986e-42,1.9101764896029745e-57,829656108058.4568,8270573.558312495,275139.3010935832,7.312713995919487e-07,0.0207690925588272,1.859278032768604e-26,4.953496568882388e-17,2.426205304929493e+16,7503513663317.289,6823289581.187374,425287.617720179,1390.9812547961933,3.846209208020313,0.0011384001145132,1.6699257601081332e-05,0.2107814007968048,8.060667317806782e-05,0.8782089936757411,1.7561104554436,4.10666544925321e-05,2166500188398.264,5.748563048172414e-06,3868479.145498934,7.602139627814721e-07,508.665173281296,2.1286674396321632e-15,1.6981887348438297e-05,6150935.051712101,6.859659178894999e-09,0.0017231064599755,6.059765503179487e-06,3.5892110275292656e-11,0.047380235282308,0.0003591477237116,2.574323232516972e-16,0.0161221710910002,3020038.3280104706,1.4381108412219865e-13,2.0149465160906898e-18,1.2553347217716158e-07,1.826551524099496e-23,6.429437406174788e-19,244.7147719477028,3711117.449002331,0.0,0.0,0.0,0.0,0.0,0.0,0.0,5.195374524128844e+21
1968.063170369605,67246.98968005885,12.0120809745436,12.790236501771084,11.582103205555963,9.082840561590812,15.568515762527296,1099193828.8872893,3595558156141210.0,1730424644342.8582,9999.941020919878,493499548.7563878,1.1206903360400242e+18,56453.13937744892,1521185532295.452,94856752497.72733,721644545435.3195,7143305129478.504,10252326.408247177,7379800756998.838,3763180173.409623,87214772062.46947,6.060114794857874,79637768.59898078,293919554.00245464,0.9353683277611176,580.2540180201964,1.983854464253464e+19,5.467820299582941e+19,1.778099049211406e+19,6921451636851868.0,3.954973836988456e+19,0.086006419558048,96753.59776938986,46911710.94935896,1790542.3780107817,512626.9487994846,190185.8740160722,6.708892225053686,802.363704543471,2.63205379030551e-10,295.198222233824,327432.0022961822,7913.092199329224,5960387.313261412,0.000410198085076,4.68920627008849,0.000538488708486,5510440.405253926,4.0141634423868884e-12,9.101452344902308e-21,4.584130217353542e-08,1.2855381747737002e-15,2175946745.682594,4327192061.394482,31362785.424750857,36809334.457071975,38.92353790675755,1381280070457294.0,7216373987.06894,1.7386252697215857e+19,2.066730663485445e+18,39932863733.87975,290067.0245611362,8.257568569559491e+18,12568251276.825428,267590997865.6302,1.584122151084424e+20,7979398960045.676,259.92027001700814,14442274590839.592,48022662.46655002,0.1324151914855436,760304216852302.4,2.084418388003984e+17,194325141.03033152,0.0001522557260178,5.5423948943417194e-11,6.720324029871389e-17,535.7800370282313,2.6648896123443786e+19,1.5493584602287034e+21,2988467208148.07,2.1744896723538523e+20,119.78110560964508,1203675354304444.0,5.083791101989544e+22,2.430973278591079e+22,3.42985792096401e+22,3.5437461889637344e+21,1.8319732368961064e+22,7.74317098129748e+22,3.660231345778686e+22,3.6906042369241294e-14,2.030468516313831e-05,3.027109276935817e-12,0.0013781583751195,474.4936633078481,9.930509815999184e-17,533922.6642677102,11809211380.392954,0.0015014995455395,1.0322447737093704e-08,400450.6458569927,8.35048090389155e-08,42902828.74956635,11302031700786.889,1.2534818710685554e-09,14.563660051260134,125055.35857321108,2.402465152230971e-17,0.0018730825646619,2.0587658407426352,122.0399942887772,2.1449089544388937e-11,219.5445309463775,5.005615745944574e-13,4.158012780242511e-12,16803.454600086585,1.447972007467812e-07,220.35794907595832,640.1572834077009,416342693546.8744,0.0,0.0,0.0,0.0,0.0,0.0,0.0,5.194544801269948e+21
2768.3597248958313,83708.515888644,12.02158422144812,7.697605117142233,12.186492591471852,10.324914708079053,7.0750293219869445,1449566461528.4893,2.160179571215208e+18,1833176804.5367348,1229386761804244.5,13889415633424.988,1137439658015050.8,1.1151825922334048e+16,7.38914172795332e+20,1.2740689403472424e+20,84639494561646.1,1205981397123509.8,6.977920897932125e+17,1084443706524691.8,5.228264280486717e+19,3.437424989031933e+20,2.1425049044913287,4.915496815827104e+17,255792924057.1382,740892755686.1919,69431842799839.41,1.4998945448982022e+19,287227013914529.2,1650769420997.6006,3.173810828917163e+18,1.1600116455838886e+16,4.234200706364992e+16,1.1897037133805506e+21,1.1368607832758554e+23,452009363.6309168,3.817991981925705e-06,3.976641751733246e+21,392072442087.9484,1.20532570108634,0.0135253390636919,9.56142925100753e+18,331510423728881.44,2.7670528985729212e+19,3103487601140893.0,5.217490201287347e+19,6.887448476943669e+22,5279430269033.055,32531188478911.28,5.679212906003352e+18,5.3090929987586126e-14,2.705076942432445e+21,1.169998327758992e+21,107219284546734.0,33514842.67583528,0.1980070433782861,0.2246351309506721,1.6290007771228228e-12,454620043968.2439,19.607891956101437,2.1972891212905416e+16,3.332307243414982e+20,1344177309495777.2,126235831643.6392,250116446890426.88,44.339987122578755,8.833687389241081e-17,1.5492975198478384e+17,6.031492750706549e+16,3717106023.193074,6639077853.883013,0.1300520456338469,1.3936952809099718e-14,6411275376005.771,9.689345948162918e+18,717783.2227841635,1.666177093678365e-16,3.4869179107061183e-28,8.017923560795313e-39,377957599.8308594,3239889772.9711833,621766.5372827823,558.4601532113942,2081.1593805337884,4.787011619879556e-12,3.6566479801603396e-08,33029385993236.508,203989613.0279599,3593.553659553624,0.002229136067569,1.176435207833532e-07,7.465273785598033e-12,3.183871266153384e-17,1244.5655665186948,230802480.68186855,53772.14157089247,12164578893.602388,113856933.89835212,22.795255512929263,3758327109499341.0,373997.1358982008,562975064552744.5,91.6131474144418,52575868511.44122,0.0002053409309402,491261.5287421513,191848925822.1711,76.3016524892602,154797343.88175422,124596.33826776726,5.018782789101772e-05,47283.76302470152,8.327622165004707,4.678845216415748e-06,0.4470356773823499,128096719.5483971,8.924960980662979e-09,6.622692534831466e-08,1161.5210235738105,2.856145787771381e-11,1.5987431934592668e-05,36901.55643865593,9560856725.02914,0.0,0.0,0.0,0.0,0.0,0.0,0.0,5.166108579947337e+21
1593.299257319165,60404.596470271164,12.01833083694576,19.423642086206712,16.781317045390317,12.695106875349818,14.71073343119989,7033.484134440099,1412939686.2680137,1.4899265809465008e+16,1.0515470825404337e-12,15559.756273624056,26.157245785087877,3.022865628360675e-16,1.5054464894442418e-07,4.077005215885854e-09,0.5960021192560825,30.82336238241863,9.593692796306742e-18,0.0027396878901541,9.710724434663725e-19,4.8360806936620775e-21,5.437553331111233e-20,1.3046667553621152e-08,0.6407598063186168,4.168135479988425e-19,1.221979422535698e-15,92380917580640.44,0.3804551119625442,1.2514160072738037e+21,4.614190414035121e-13,2.739166816699326e-23,4.422620113379342e-30,7.69866064108971e-27,1.0863190566097215e-27,1.4962665821083572e-15,0.0552237457359419,4.33837419841154e-39,1.8195599553893112e-37,2.358671739725097e-21,3.6253673923073705e-52,1.9947842902397612e-26,9.22071059036569e-16,4.652540280257109e-25,2.229218557363263e-13,9.244633985127645e-44,3.912501495945336e-43,5.181738862496314e-38,3.3444051866329314e-17,2.191924055729364e-64,1.1707717747665924e-72,6.87706910414787e-61,1.602972200584218e-79,3.179236129059438,74922937.74886656,1746887554220.1978,2104883891903.3516,1262432091907.4226,2229616926066055.2,5584734689613327.0,0.0248505320990542,171104693.89837304,0.00591886818869,7.673050370107301e-10,6882723099223866.0,592620626358.1725,4473824983582.534,2.0989146745627655e-05,0.0003045506161771,2.3892949542398345e-22,3.31857578219498e+16,6.906835373923735e+16,26765716641644.535,0.000429810811331,162213695592411.38,11791085754.51122,636956512.6837744,158366860.05634338,45866031.660502665,2.4046750252745983e-05,9084263634.475466,0.0013644640501665,2.7333037258288457e+23,1.5479922960976886e+18,3.704266279963934e+17,9.088977843114396e+18,1.1663481705603692e-08,4.899925420828331e-24,6.305060953449997e-39,1.0657425679902051e-54,5.926912437064403e-69,2.01820350776907e-83,1.121342438412432e-98,7.272997896612792e-32,1.083911747639686e-25,7.3679073880757355e-34,6.017278662395571e-28,2.842754737865253e-09,5.6588822653528705e-36,1.548636414409953e-13,14012750.648289053,1.928105625997696e-34,2.973406843698793e-18,3.934885808001559e-06,1.7374497877232908e-10,7715.704958829446,3.5875464753983428e-12,5.6611132637410744e-24,3.0143353232108167e-16,0.0008305735118991,1.4933078373348668e-25,4.681111476989775e-13,1450.0076490828883,40821274.48869375,7.740919706896312e-19,1.5913536245119697e-07,5.565881553397578e-14,2.5862838955050652e-11,9671.19140767082,82.24331850050174,315996069.50726885,1.0076498608485214e-15,1.533328196815652e-09,0.0,0.0,0.0,0.0,0.0,0.0,0.0,5.125769696546042e+21
1706.3776589127317,54616.45209450689,11.977910893603989,11.875648930735675,12.376518982054012,10.609884330984368,16.574594430165302,88893957.672411,120106564561087.69,865506563.8210582,50.25515640954394,11302005.78089799,1.1274433834193486e+17,225.4011708355083,798655713367.3474,28920861170.16329,16717860035.284843,24809984356.956905,72747.98778394808,28619517092.82853,63776687.42488305,2997707661.9909267,7.76384613873024e-06,10510416.45597746,2314529.710833651,0.0514277928634545,87.70645830796259,1.1828822149745295e+18,4.90207892404709e+18,6.869835324227439e+16,2717278783611421.5,8.266614134281185e+19,0.0005332719864213,4407.062141726354,5275150.666637491,255.4065278876175,0.2121131332270173,7176.528433806128,0.003126223897238,0.0009705636785508,6.585749962968863e-17,42.83099325607525,5988.6491662616745,20560.904606300144,29920.7254632948,1.315145560846698e-05,0.4384966773958833,4.1857442367476094e-05,16542.666456521223,9.949161208284117e-14,2.0561963962746877e-29,1.876804901494224e-07,1.069627948489668e-16,37294055.72755293,4113035.33217481,704.6651890614688,841.3945482774017,6.783607980293252e-06,1286830876933.1274,46018.93364154326,1.5695127432941038e+18,1.3878902000060848e+17,852768703.7102938,8793.655835997488,2.7701622603275796e+16,71531.92008283026,9888.119502751751,1.6785876785105316e+19,388934233659.56256,1.335255871828943,60068756440.928894,1627.1690702884414,1.3757950127570384e-08,133012983532333.36,7.600113235794652e+17,1480693.4314910949,2.478289889012456e-11,7.742123772871534e-20,4.080984526031409e-28,65.84322174232453,1.705626401470559e+17,2.138802233755402e+19,77293619.56033048,1.1162675512525805e+17,3.762223657305145e-06,7086569776.002105,2.6374959828721826e+22,1.344158880855855e+22,2.0682655723144444e+22,3.4132768291766843e+21,2.14300953581282e+22,9.0981716350833e+22,5.53701851559295e+22,6.994579891734363e-20,3.20692068672114e-08,8.133460461508118e-18,2.374063954859886e-06,0.0102751864492815,3.670624302033878e-22,224664.6985261379,7006321.817124587,3.7128407486850104e-05,1.571210529631103e-14,2650.364200854845,5.118548783705611e-15,20979.988694245378,844470563758.3284,7.030983440392529e-16,0.009593160485854,0.5011711346869139,1.0648837330412209e-23,4.01838283494969e-06,1.9979769634295188e-05,0.0035056548283263,5.88697510248733e-16,18.555944663799156,3.1565608572494473e-19,9.387216568270981e-20,3.1615569702678648,6.877473151892566e-16,0.0008326764589811,0.0559860600857229,27587440629.76412,0.0,0.0,0.0,0.0,0.0,0.0,0.0,5.092460298216438e+21
2102.5556791087297,74547.71395663815,12.011000955736186,10.949117704964406,7.3519291735682435,7.435405800708556,5.725895189984593,1498503455093.7688,2.507234911530547e+18,617140011483.9373,2967.925861917377,203547045.6591872,57478230234.61647,3127712.8078652844,945288498038.976,73904830616.60577,24810919969.427135,6300622465007.585,75656737492.21364,1056823843110716.8,3278740069035107.0,9.619962366016532e+18,10625711.466414034,517945.1277661776,93543.30113541224,0.0007536256541265,0.3071160980134087,3.149149921181523e+16,1455460592.3435814,1335935048680762.0,6581307.211157542,372.1052522625372,0.0007658025619072,63750.37810808483,3608865893.082804,500188.83627975074,372.9708798670695,664411001004.1993,2214841.3067681966,712754.8338794066,0.8649959119501565,0.0607647377457159,2.3992655346889085,0.042044428139419,876.6055428325666,6.0044742577416e-08,0.0735154460628058,6.0988814708231095e-12,0.4982651839117597,2.170122009406247e-17,5.221760280831136e-17,2.1837379897820816e-16,1.3805583956520324e-22,171359037855.27695,17141287938.993711,8949654.285437701,10427555.404435286,1.2732071366804691,6.4246931316921656e+16,40459073094.84588,157882085786302.34,1.8201159097138147e+23,486227706925811.8,262658404.78494692,3.813009042880457e+22,12539720278465.846,9865.140610203318,2.2828766614406957e+17,1.1701483883530588e+19,14280692020.469645,182211560706.7353,67878.03966133538,3.164983830322694e-05,2650455.0448961714,887276045767524.8,164005.62540706433,2.5900654573066792e-09,1.0404289063382788e-16,1.8352706298918472e-23,0.8086449668112818,64838131346.59476,54086.96244897183,55104813107.93853,22826950301.774223,0.5476500866452392,12304.137506652034,26001539.591755617,0.240014370527159,6.483660226535473e-09,1.0928183788068968e-17,1.034279343911619e-24,8.68146020724681e-32,7.3252161352021305e-40,6.20482528709495e-16,0.0046209952748699,7.446622282295227e-12,50.72456854274216,7.373709496133051,1.0832221818250776e-19,1010983.0853449232,913853492.4265524,0.0035491957766441,9.846635405926685e-07,259386113595.79495,4.562638541760409e-07,1234513709445.309,52080549799.49244,3.075949019051453e-05,4190362231.888513,3432823840.603566,1.937494028168799e-18,0.9808807914922026,0.000687664353703,87.41613594407922,2.650533319723359e-14,2125.6740555471915,4.5089783546845956e-17,2.0365654741282965e-13,4260528.646549481,2.0402874192235995e-10,4286.762985409797,1.3125213556134376e-06,12015161.23330542,0.0,0.0,0.0,0.0,0.0,0.0,0.0,5.050446910625709e+21
1325.9806470653996,37435.018937130626,12.003831998705364,10.131860500587033,16.41438434840387,16.356332661014697,18.687272866984017,46044.91886730524,83664323370.99559,0.4117728922059243,0.0115922663616449,52324.91374895732,701827009813599.9,0.034595608731604,76294820348027.72,853136501954.8351,12455641.441570202,18134.52289296016,41.739539543657024,29500.272313341848,263676.40379357064,63252104.253050946,2.0269931004162197e-21,45709485.66691419,154.8791539910355,0.574395582009989,8814.375912264453,361615095774843.5,3457715956608662.0,387585593.3329699,6838137152244702.0,7.340920651960598e+21,4.187088335036217e-06,2845.115430272815,26982928.5075829,3.227377587688164e-08,3.9573806627003625e-21,4188.131972524309,9.412914829527014e-10,3.4551292107674646e-20,1.4161341554532312e-32,5201.67250071349,54.152209712782515,21321285108.250633,1.0113501135184697,7.457446428835864e-05,25.80293292765697,0.0033126080083121,0.0275319684010458,7.79733334725405e-12,3.922877249193178e-51,264.67680237272566,2.5787608196658663e-12,99176.30133308977,0.1396357268303003,4.9970924634035335e-11,6.18899582295246e-11,9.073130328792524e-26,2499.238744814993,1.2606624677924994e-11,8327550158406328.0,464069938789643.25,3956216.355128969,1480.5405983134078,923621493.137346,1.6895185964722645e-11,1.8870821650868497e-21,1.3794969388811554e+17,11878859999.055376,0.0061513915479666,44920.195830703226,2.4950139477893477e-10,5.449215819673933e-29,44667321069080.35,3.211215663879114e+21,70.04822524036712,4.317647977126948e-30,3.265790227877142e-45,9.132448255587492e-61,3213.372900002544,18015982331.562103,10900230505584.326,3.975258602733746e-07,335639.0036777751,6.580383273352383e-29,9.335305709806806e-09,5.156618937307689e+21,2.8185003305014626e+21,4.972637258588875e+21,2.130869366255667e+21,1.935844741342668e+22,8.002928871846943e+22,7.946449862438995e+22,6.116343475276413e-30,6.615919200832917e-14,1.626498209684554e-27,5.934299628724789e-12,1.2329373927608946e-12,2.237044799403463e-30,1280042.8136965593,7.34217216462885e-05,6.202832781772941e-07,4.3452669325799985e-26,0.0060811485894996,8.780525017974816e-32,1.0972468024429582e-06,303503977.0393124,2.472172664690422e-28,1.667196927489747e-10,8.384283470437273e-14,3.0870462960542866e-35,1.2179259809511618e-11,2.8741943738587835e-16,4.093478369124405e-17,2.046698862896655e-22,2.5348719724432707,2.1659564056001284e-31,1.736456063242465e-37,1.975773868672584e-11,2.821250348909803e-37,7.34266388371538e-21,7.98071241090328e-10,7541654.930513729,0.0,0.0,0.0,0.0,0.0,0.0,0.0,5.04981418736785e+21
1452.9741868359752,55820.3279180929,11.9862927649813,14.520833586636591,13.698026049382213,17.77556724711812,16.127881987955604,845847.4129443966,1323723489276.2366,224694242.75280935,0.0010016372765087,20457314.600058716,2370220922272757.5,0.0032012809095056,1785444732542.8586,31653430653.3631,3523686374000.316,1644411966.53993,2.1048430852075715,2129903134.9123056,5590.712296043274,645202.1005050754,8.396238530960253e-08,3946983.018085525,123372227.746545,1.6156568360711383,10454.701624710422,3.3739708908736205e+18,1.0606573483164197e+19,3.1061793148067504e+19,7098413734011.883,8.599204912032084e+17,2.9297542755040415e-10,0.0321870402653206,123.25777852817929,30.410858172440555,383.9151478168002,0.0373170427760721,2.929024924532158e-07,0.0011944821796927,1.6839914982284033e-21,0.3902717729362353,20282.522746034618,2171181.094090157,71.65866637362709,1.282580339611563e-12,1.6236938034229373e-07,0.0053385042969061,2447.431279542604,1.5245703772784042e-22,1.6225039075353254e-32,1.641571181572744e-08,1.7133690605792432e-26,44086581.51198807,618677876.2552415,4469162.829058448,5456508.578933356,0.4204731811613405,719300597288.6923,211366.1876479553,2.7379581006821476e+16,3635635452539612.0,1291954644.8459268,5576635.256748903,7.971228155829067e+16,273707.2917912081,736173641.6873002,3.4865610791265344e+17,1688295935460.0308,78.57113476808048,64899231813278.26,18132485.82674837,0.0004465666535595,1497194993479750.0,2.7437552494914705e+23,937904513743.6106,0.0003793564922796,1.3428212369315287e-11,3.2052102288638203e-19,74230708.78440098,5.432759236116056e+17,8.132745749162364e+19,2312553465.26102,7.359262165148104e+19,9.594586249881077e-05,76232135766851.64,2.0703787338778304e+21,5.0395427682166086e+20,3.846734441707597e+20,5.179269733149796e+19,1.85812830138374e+20,3.537970648673374e+20,1.3242837691615622e+20,1.8192675488676703e-28,3.474327144098378e-14,3.198650551203863e-26,2.665489978975798e-12,3.552885724390401e-06,5.967269711676763e-28,95196.80532547318,66441147.51471205,3.0917953123196884e-11,1.4137764268332141e-21,0.8653764376442671,3.7948811910249765e-20,1246.4139539154953,2762825438.505958,1.647642758091417e-23,1.4675485276688016e-07,0.000825391364853,5.11969249740232e-29,8.068619791614182e-08,3.06824638842227e-05,7.805001633182197,1.6424380793549376e-16,11927.965907683703,3.583884290582405e-18,1.9646910268947807e-25,0.0563765295809434,1.0418254465840593e-18,0.0004958791106378,4.586448487126227e-07,82988618.90683943,0.0,0.0,0.0,0.0,0.0,0.0,0.0,5.043614690082051e+21
1249.652006924549,82818.8852930497,12.013616912222318,13.241312779347703,9.330441019266738,5.366672284227295,12.721057270888352,1.9084476617076227,399685208.3001732,38743146099831.87,8.095823773496023e-23,1.695922677890144,13.470884804478624,7.586599321606023e-24,9.209369071101708e-11,7.462508303580952e-13,0.0203290843117845,0.0310786841619708,4.6059208396428435e-22,0.0019548265920016,1.7569368581491877e-19,2.3163045758356292e-18,1.3375167840357679e-17,6.712291944219293e-16,3.724162484126751e-06,1.5597724262262774e-27,4.382519452937149e-23,92101903265.82776,0.0866189567704536,1.698821657985365e+20,4.7210272839669005e-17,1.052465229708175e-23,5.3503452620337587e-45,4.283738506005463e-37,2.5288680996128642e-34,4.377787011182465e-19,0.1255019242309434,2.670466568687901e-41,3.8752069311823064e-39,3.18556550410984e-19,7.714417666242184e-51,1.3367081181940482e-38,3.491472931782133e-25,9.327232220553823e-35,9.909650460106389e-24,3.9966088438440945e-62,9.207732952867112e-58,2.5781022477778392e-51,2.816319284031574e-28,6.084430421080332e-88,2.6921017399189932e-76,4.108881696446178e-80,6.776023275354042e-107,0.0966793468366662,210569195.39677647,71374770708891.36,89287948980543.8,63522437544632.34,1.2092360245322766e+16,2.748707596465813e+16,5.359935965289132,119125017174.68016,0.1574904615641991,2.2506003955110253e-08,3.412451328817698e+20,1244078812381773.5,4.060652966280195e+22,3.5154180430470463,27.887506617329542,4.3425386220854335e-17,4497987086357418.5,1.2477675232794762e+16,776714451322.045,0.0003625556565263,632816643990892.8,3123154822.2636337,24703124.18311217,9857134.175468683,952624.0239086908,2.6726161659657016e-08,577110301416.2932,41.77148320279754,5.513108009907119e+22,2.0748709236323446e+22,1485039982937313.8,3.562480964335482e+23,1.973727965933637e-05,8.566738595528332e-19,1.2270589118505063e-31,5.336958120158504e-45,4.19566605972025e-57,1.348945970154521e-69,1.1970429644470566e-82,2.290032165479096e-48,4.120246781183174e-38,2.676071708190507e-47,1.350276346064531e-37,5.996326025330437e-16,3.80387948415737e-52,6.5630596415437295e-21,1858.088505475555,3.158285018492822e-49,3.1914710785846235e-27,1.969647798733619e-09,8.140429661502854e-18,639.9888694500554,3.005536703721219e-11,3.6246682371460446e-31,4.982096746811231e-19,0.1184126184787607,9.274875338539523e-39,1.7192265219115706e-20,0.0045199916685261,328483.9712831152,2.1461706956666324e-28,9.550864038148298e-12,2.1212475325851824e-22,2.4972527350438857e-22,0.1841202792347249,1.3670597488805078e-06,57798.22425365158,1.3431106655014177e-21,1.9951853466747495e-11,0.0,0.0,0.0,0.0,0.0,0.0,0.0,5.042318856600446e+21
1249.652006924549,82818.8852930497,12.013616912222318,13.241312779347703,9.330441019266738,5.366672284227295,12.721057270888352,1.9084476617076227,399685208.3001732,38743146099831.87,8.095823773496023e-23,1.695922677890144,13.470884804478624,7.586599321606023e-24,9.209369071101708e-11,7.462508303580952e-13,0.0203290843117845,0.0310786841619708,4.6059208396428435e-22,0.0019548265920016,1.7569368581491877e-19,2.3163045758356292e-18,1.3375167840357679e-17,6.712291944219293e-16,3.724162484126751e-06,1.5597724262262774e-27,4.382519452937149e-23,92101903265.82776,0.0866189567704536,1.698821657985365e+20,4.7210272839669005e-17,1.052465229708175e-23,5.3503452620337587e-45,4.283738506005463e-37,2.5288680996128642e-34,4.377787011182465e-19,0.1255019242309434,2.670466568687901e-41,3.8752069311823064e-39,3.18556550410984e-19,7.714417666242184e-51,1.3367081181940482e-38,3.491472931782133e-25,9.327232220553823e-35,9.909650460106389e-24,3.9966088438440945e-62,9.207732952867112e-58,2.5781022477778392e-51,2.816319284031574e-28,6.084430421080332e-88,2.6921017399189932e-76,4.108881696446178e-80,6.776023275354042e-107,0.0966793468366662,210569195.39677647,71374770708891.36,89287948980543.8,63522437544632.34,1.2092360245322766e+16,2.748707596465813e+16,5.359935965289132,119125017174.68016,0.1574904615641991,2.2506003955110253e-08,3.412451328817698e+20,1244078812381773.5,4.060652966280195e+22,3.5154180430470463,27.887506617329542,4.3425386220854335e-17,4497987086357418.5,1.2477675232794762e+16,776714451322.045,0.0003625556565263,632816643990892.8,3123154822.2636337,24703124.18311217,9857134.175468683,952624.0239086908,2.6726161659657016e-08,577110301416.2932,41.77148320279754,5.513108009907119e+22,2.0748709236323446e+22,1485039982937313.8,3.562480964335482e+23,1.973727965933637e-05,8.566738595528332e-19,1.2270589118505063e-31,5.336958120158504e-45,4.19566605972025e-57,1.348945970154521e-69,1.1970429644470566e-82,2.290032165479096e-48,4.120246781183174e-38,2.676071708190507e-47,1.350276346064531e-37,5.996326025330437e-16,3.80387948415737e-52,6.5630596415437295e-21,1858.088505475555,3.158285018492822e-49,3.1914710785846235e-27,1.969647798733619e-09,8.140429661502854e-18,639.9888694500554,3.005536703721219e-11,3.6246682371460446e-31,4.982096746811231e-19,0.1184126184787607,9.274875338539523e-39,1.7192265219115706e-20,0.0045199916685261,328483.9712831152,2.1461706956666324e-28,9.550864038148298e-12,2.1212475325851824e-22,2.4972527350438857e-22,0.1841202792347249,1.3670597488805078e-06,57798.22425365158,1.3431106655014177e-21,1.9951853466747495e-11,0.0,0.0,0.0,0.0,0.0,0.0,0.0,5.042318856600446e+21
1877.233232277424,84875.833396234,12.00183902388611,13.308420249627709,15.70412374943294,13.51106079571684,12.32327522206998,97832416.35254484,1011704139754.8618,2208295.857187053,105092740316.76875,12977766.328741606,173880478554589.94,453140274.7922264,4918652193947223.0,258422824587730.62,12217771575.171368,769613876280.1394,81075871.36916275,675588159.6224363,32156624.09264,764428.2502116594,4.180856387941691e-16,202965830226761.7,4309395559.914398,156181.8640698608,133226255.4433249,6.383873641610847e+21,6.386389571439002e+18,3.377412009301483e+16,9.204943040831578e+19,2.8451090552542495e+20,53855476807340.07,9.327350164737758e+16,4.933525121007859e+16,45164.21273497202,4.01443499364573e-07,95553772.62993236,0.0117932960003856,4.240408365474661e-11,4.0688621327750897e-25,4.314327072258526e+16,349228697970408.0,2.482092078580319e+17,4.886149676734025e+16,2.4084859562866065e+19,3.1822087055197694e+20,4359367478914.661,2.995327983169816e+19,1.2064777515171664e+19,1.9390511490934025e-30,5.142404559096853e+21,3.151571772398792e+23,42922.19780494163,0.4803483282038506,1.4952851160158555e-08,1.7645764556287722e-08,5.608246258962435e-20,1763464.7919022045,2.6784097759222385e-05,2142496792521.57,596012107320.5591,693.5910811872552,0.0004858197974965,12976232.636215923,3.695125572482817e-08,1.005340476227142e-20,16861390348.677485,147.58156824170408,1.6736417571282904e-13,3110214.8572062706,3.17683469167956e-05,1.9741371458831867e-19,12148752056.996449,2348200840380111.0,4.372782166840016,2.260076343045554e-23,2.563363731035558e-35,7.832618215935773e-47,0.1787092443990188,24309362788.474163,575868001.8734977,21.005887903053964,1253863.3578857854,1.418335090494243e-15,2.3729971023865928e-05,4231849762176477.0,659541860337.9042,305335618.1504844,11679.40763133719,20.49510643836043,0.0276765423865451,4.5248107242781315e-06,1.6334092101092078e-07,29.237769382623004,1.2292321247298187e-08,1.6813349400469246,52.13092409258039,4.691153430561111e-11,387526248618.37555,2454755.7376995957,287268485957.45856,6.279026195473978e-13,13.350035072157976,2.5871547072562418e-17,0.0088253011387287,259778.74863552797,4.569774864976951e-17,1.925133318540792e-07,9.776211740216152e-11,1.0424551543860512e-19,4.607510328457515e-06,3.318796578506085e-07,1.5129409822724822e-11,2.9584830423042545e-14,0.1488784199134786,2.9387472014781333e-21,1.1437165703962677e-18,0.0031102462540395,3.4165619593711837e-19,1.6667789585769008e-10,0.0544436433570434,11181313.23282258,0.0,0.0,0.0,0.0,0.0,0.0,0.0,5.032541266075472e+21
2212.6168153501458,67993.90038357754,12.022236256601651,13.396001770233438,13.832181348216997,11.575183710147462,16.68622964756226,4210137262.03079,3721064312724061.5,3538283843162.0913,24394275.160614204,50079853925.200455,5.472103168712522e+18,14648326.02882951,79191559062725.03,7297196416843.133,3076824661738.429,17623428834288.633,157777813.49650145,1523408397904.8755,2792629267.370325,3523793846.832387,0.028183275814023,123887524891.8767,30328039642.236626,18536.988922790653,5567271.487266599,6.985585552105096e+19,1.3685045180524462e+20,3.923132813154485e+18,6.849994671748649e+17,1.1181242058458464e+21,9772.870725667464,236650968.53742573,5433151306.089135,1854386.61994759,2701.0160757554704,394056.5514444944,2.8766441663513005,1.8297511820545993,1.772441382374391e-12,23514320.271587808,994741665.20505,534363964.3104494,6884355550.42048,766.680235200907,354381.5252739259,213.3515999561996,4377575406.223864,0.0005033526924886,4.058197661649063e-22,6.703286147319806,3.69155142080671e-06,24394382082.892853,3370554426.6171613,3161817.643196649,3664216.5193812554,1.133114188376891,161426120937427.72,265447473.39249343,8.232730673633821e+18,1.1563224327315744e+17,34376009007.86059,1317964.1728975838,3.4458899331998284e+16,45286566.53972565,2608779.762056623,6.028129094994001e+18,342949663754.69385,34.92697568794791,43064091509400.64,39702479.48849,0.0619362891058247,1.6733252180881352e+16,3.6698121161159485e+18,2547393077.3768535,0.0003479525020502,3.4314532075553845e-11,1.8106836446457623e-17,740407.5031921676,8.165833920152669e+18,2.570981036510314e+20,444893611046.155,3.5518479684441395e+18,19.513675762574927,4282974672132.8286,7.170059399270603e+22,3.1044804903148685e+22,3.911967190503971e+22,2.7359251900774403e+21,1.1691789910013238e+22,4.706582221972139e+22,1.7594986252680636e+22,4.3139057411899266e-08,0.0699152314026926,2.4683843287732717e-07,0.3918805684587991,74636.39376748235,4.831158897374664e-10,219727726.84584215,6112725648.373834,38.50873126225195,2.348643666621252e-05,814491.050637992,1.6498258324710053e-05,4881710.280086258,3686059638038.094,5.280326405557105e-07,14.094099570029496,9836.910026106309,9.936144475362867e-12,0.6410141478312625,790.1108685801709,69.60716460181271,3.0489088950246507e-06,35707.363554685486,9.397875921572094e-09,1.8819214161453847e-08,42540.57690892054,1.7319989130470836e-05,80.33834050871711,820096.540316593,1680052029102.3508,0.0,0.0,0.0,0.0,0.0,0.0,0.0,4.92035542561604e+21
2212.6168153501458,67993.90038357754,12.022236256601651,13.396001770233438,13.832181348216997,11.575183710147462,16.68622964756226,4210137262.03079,3721064312724061.5,3538283843162.0913,24394275.160614204,50079853925.200455,5.472103168712522e+18,14648326.02882951,79191559062725.03,7297196416843.133,3076824661738.429,17623428834288.633,157777813.49650145,1523408397904.8755,2792629267.370325,3523793846.832387,0.028183275814023,123887524891.8767,30328039642.236626,18536.988922790653,5567271.487266599,6.985585552105096e+19,1.3685045180524462e+20,3.923132813154485e+18,6.849994671748649e+17,1.1181242058458464e+21,9772.870725667464,236650968.53742573,5433151306.089135,1854386.61994759,2701.0160757554704,394056.5514444944,2.8766441663513005,1.8297511820545993,1.772441382374391e-12,23514320.271587808,994741665.20505,534363964.3104494,6884355550.42048,766.680235200907,354381.5252739259,213.3515999561996,4377575406.223864,0.0005033526924886,4.058197661649063e-22,6.703286147319806,3.69155142080671e-06,24394382082.892853,3370554426.6171613,3161817.643196649,3664216.5193812554,1.133114188376891,161426120937427.72,265447473.39249343,8.232730673633821e+18,1.1563224327315744e+17,34376009007.86059,1317964.1728975838,3.4458899331998284e+16,45286566.53972565,2608779.762056623,6.028129094994001e+18,342949663754.69385,34.92697568794791,43064091509400.64,39702479.48849,0.0619362891058247,1.6733252180881352e+16,3.6698121161159485e+18,2547393077.3768535,0.0003479525020502,3.4314532075553845e-11,1.8106836446457623e-17,740407.5031921676,8.165833920152669e+18,2.570981036510314e+20,444893611046.155,3.5518479684441395e+18,19.513675762574927,4282974672132.8286,7.170059399270603e+22,3.1044804903148685e+22,3.911967190503971e+22,2.7359251900774403e+21,1.1691789910013238e+22,4.706582221972139e+22,1.7594986252680636e+22,4.3139057411899266e-08,0.0699152314026926,2.4683843287732717e-07,0.3918805684587991,74636.39376748235,4.831158897374664e-10,219727726.84584215,6112725648.373834,38.50873126225195,2.348643666621252e-05,814491.050637992,1.6498258324710053e-05,4881710.280086258,3686059638038.094,5.280326405557105e-07,14.094099570029496,9836.910026106309,9.936144475362867e-12,0.6410141478312625,790.1108685801709,69.60716460181271,3.0489088950246507e-06,35707.363554685486,9.397875921572094e-09,1.8819214161453847e-08,42540.57690892054,1.7319989130470836e-05,80.33834050871711,820096.540316593,1680052029102.3508,0.0,0.0,0.0,0.0,0.0,0.0,0.0,4.92035542561604e+21
1494.567141230625,54224.48914067551,12.028559298093828,12.962888235870627,13.276525316501877,13.200437791227309,14.00893671069473,1799864.3759288725,167596431556661.7,61499938.50928777,99.60431873017863,26625999.34784386,7992847880476165.0,18439.15159852418,1.586357899318958e+18,3.2153397882849856e+16,2.8354063511828416e+17,413135319746434.8,576948560.1121035,2.8448298786694492e+16,67660489706779.57,3.585445895230978e+17,1007.6016250974204,90192312308.031,236240090277.7816,23380.24941048639,117774351.71214394,7.707545439942948e+21,4.161642736077582e+22,5.823941875748877e+21,4.62644238173016e+17,7.055293408319701e+22,0.7463986747830013,2743300064.6186104,458741784904172.5,1028482021822.0204,96237490244.13258,543772230726998.94,526544913.7318348,16321833445.742176,0.0024172013773862,233581280.08148104,850266771199.9738,326707132526774.9,8050955815.963221,59.12805430623472,317280366.3541131,2147386016.6022897,351720548800573.0,0.000199338321595,9.38386658035466e-08,1590714615.320849,0.0004464552785794,3380366347.864545,4061648341.862678,3086686.3216773574,3752961.294009638,0.0401802986092504,9276625987212.695,389922.141227774,5.199966547695525e+18,2.1293180671392338e+19,5141524856497.783,10393424202.401804,4.11219835944011e+19,28394163.11410803,881112306.4732829,3.4833997364155525e+21,2.996962696375492e+17,674331959.8121333,5417498321724.433,207481.2309521575,8.8659629782454e-07,2260946008462805.5,5.274984666697002e+22,34414914804.17776,3.451452321029394e-07,1.6424580251861302e-15,6.2688081799910605e-24,16724650.194175197,1.518738699035626e+17,3.5915448833532457e+19,55239052.591533095,1.607610043116536e+18,5.011107353175593e-07,209313063676.5745,8.910143230485652e+21,4.065749950127179e+21,5.772784264312256e+21,1.3173099525255956e+21,8.561007215156981e+21,3.0886752484211e+22,2.065918760547325e+22,1.0840711798809581e-22,5.3180732011587165e-09,9.59303639339385e-19,2.2090558484404515e-05,2.678029158922027,1.5464141989049193e-22,1897378863.0029747,22941320453.684128,0.0650083163390912,1.8030340582420104e-18,188.984156788874,4.500290609410989e-18,21824.303355318636,641710320423.8767,1.469658875752296e-18,0.0030908741538506,105.11700603705196,8.283941645153576e-28,2.177447619393585e-07,9.812405474253896e-06,0.1077059213442003,4.946275288629171e-16,6698.0097026907015,1.1427786585399213e-18,5.4295926552722575e-25,0.0227349310218094,1.7811068042818352e-19,2.2007528985674364e-05,7.551089632479847e-06,359363333.7906283,0.0,0.0,0.0,0.0,0.0,0.0,0.0,4.882600893574629e+21
1494.567141230625,54224.48914067551,12.028559298093828,12.962888235870627,13.276525316501877,13.200437791227309,14.00893671069473,1799864.3759288725,167596431556661.7,61499938.50928777,99.60431873017863,26625999.34784386,7992847880476165.0,18439.15159852418,1.586357899318958e+18,3.2153397882849856e+16,2.8354063511828416e+17,413135319746434.8,576948560.1121035,2.8448298786694492e+16,67660489706779.57,3.585445895230978e+17,1007.6016250974204,90192312308.031,236240090277.7816,23380.24941048639,117774351.71214394,7.707545439942948e+21,4.161642736077582e+22,5.823941875748877e+21,4.62644238173016e+17,7.055293408319701e+22,0.7463986747830013,2743300064.6186104,458741784904172.5,1028482021822.0204,96237490244.13258,543772230726998.94,526544913.7318348,16321833445.742176,0.0024172013773862,233581280.08148104,850266771199.9738,326707132526774.9,8050955815.963221,59.12805430623472,317280366.3541131,2147386016.6022897,351720548800573.0,0.000199338321595,9.38386658035466e-08,1590714615.320849,0.0004464552785794,3380366347.864545,4061648341.862678,3086686.3216773574,3752961.294009638,0.0401802986092504,9276625987212.695,389922.141227774,5.199966547695525e+18,2.1293180671392338e+19,5141524856497.783,10393424202.401804,4.11219835944011e+19,28394163.11410803,881112306.4732829,3.4833997364155525e+21,2.996962696375492e+17,674331959.8121333,5417498321724.433,207481.2309521575,8.8659629782454e-07,2260946008462805.5,5.274984666697002e+22,34414914804.17776,3.451452321029394e-07,1.6424580251861302e-15,6.2688081799910605e-24,16724650.194175197,1.518738699035626e+17,3.5915448833532457e+19,55239052.591533095,1.607610043116536e+18,5.011107353175593e-07,209313063676.5745,8.910143230485652e+21,4.065749950127179e+21,5.772784264312256e+21,1.3173099525255956e+21,8.561007215156981e+21,3.0886752484211e+22,2.065918760547325e+22,1.0840711798809581e-22,5.3180732011587165e-09,9.59303639339385e-19,2.2090558484404515e-05,2.678029158922027,1.5464141989049193e-22,1897378863.0029747,22941320453.684128,0.0650083163390912,1.8030340582420104e-18,188.984156788874,4.500290609410989e-18,21824.303355318636,641710320423.8767,1.469658875752296e-18,0.0030908741538506,105.11700603705196,8.283941645153576e-28,2.177447619393585e-07,9.812405474253896e-06,0.1077059213442003,4.946275288629171e-16,6698.0097026907015,1.1427786585399213e-18,5.4295926552722575e-25,0.0227349310218094,1.7811068042818352e-19,2.2007528985674364e-05,7.551089632479847e-06,359363333.7906283,0.0,0.0,0.0,0.0,0.0,0.0,0.0,4.882600893574629e+21
1236.1143774435031,48843.45304741803,11.997780081800837,19.3859302879684,19.33088894345986,16.337237691602848,15.31240883939658,7.967422509736829,2858672392.022363,1892.2979387744365,1.4316196738669429,493.675137768245,1163441924.7319872,1.3730040672354915,1.2890250197496948e+16,98244446004307.9,230811071921006.1,636939527907.3274,933.1466756763448,426610415560.779,4125673.6066282694,619235794.4270872,1.514812835211199e-11,7642811268.490547,3568057693.968767,7.203366921138037,227104.81961991717,2.4722527886516068e+23,2.741653888870881e+19,3.873374400883563e+22,152641162088586.22,4625602782400581.0,3.114764920112333,3282695226.681558,22595791019368.836,246347707.817449,486983.76324242534,232887464.0498237,2.382121413993747,1.340546247868169,2.597839297836361e-20,4970356083.542973,11845473954386.934,2.1456824265332464e+16,651151950555.6438,896626.2290745726,243970216234.91324,1488239340051.31,6.5012786595370435e+19,430.57951722791967,7.425227074165986e-21,1.036436200900463e+16,1773355.2292124887,285.64459297882905,51.773074206474654,0.0013305599843132,0.0016676696176757,7.920865571847205e-14,6638428.3174273,0.0009931282713554,4796965858.794479,9656741742521.867,5006.01001566001,0.3330585556370135,2270231688913.827,0.0004664820152841,1.2959865642006182e-08,33651170881.819298,10228634.05402694,5.8350925301403496e-08,124269358.38533673,0.0231372013826652,8.690356795487214e-17,14860597.509225523,1.4515949338106244e+20,41366.24395606309,1.2989712147859361e-18,3.5164666423982696e-29,2.126880134535572e-40,1.8774961275657664,4207857584.493225,37268233.030820504,222.00905834943416,13131460002.525928,3.242791230751366e-16,15.757245764026775,229859410050.54,1129324.356087479,18.39067580949181,9.488516146303328e-05,8.584357181604179e-09,3.1124511132477513e-13,3.1979778886549932e-18,3.0355148016343384e-27,3.517096237078063e-15,3.869764933395664e-25,1.2135764113859641e-13,0.0012649973541804,2.4257219561377828e-28,467673.6956414627,1882454.705605835,0.0011798829718054,1.349138175737197e-27,6.45479750624003e-08,2.754425848570498e-28,1.7960688016437337e-06,0.1439981182786604,1.4387184495313558e-30,1.3237227551657536e-16,7.064094133168456e-10,1.4493056674507272e-37,2.1078954117132962e-17,1.1484061650905224e-11,3.288053998882619e-12,2.3779198021885744e-24,7.890143540283188e-06,1.777368533259232e-28,7.2009778527580725e-34,4.428536817650948e-11,3.803571229769556e-28,1.0310346908538998e-15,9.548055382264566e-15,0.0090364639035939,0.0,0.0,0.0,0.0,0.0,0.0,0.0,4.873360493490166e+21
1429.5549247560264,58663.41111878452,12.024824321381908,15.330000842050431,17.642959004424114,18.165763829044337,12.672068748012231,128.97295382085778,5898224788.540019,708.1285692104426,18940.962749422742,10302488.599236242,232735742332.9338,427.4751975520697,4.214723613158209e+17,6905724800710972.0,5027936703343.799,2040325939.96655,2228.032260016015,19629208.88243088,49032.802890560786,45816.108388706525,1.2326513930110105e-19,104334520898991.31,20639136956.70463,32880787.54114909,246589462933.9324,8.64618745579801e+20,3.972163931240741e+17,5.099514762195324e+16,3.457356281380689e+16,7.349311861315724e+17,232815.37721211129,249538380773.58932,7970356399354.539,67.67807236512559,3.3138898363744056e-08,109874.8610776374,4.3465425205554434e-06,6.77818960377099e-13,4.2672090680682275e-30,428080753015621.06,156439353997787.8,3.1581313733301963e+21,525875948372.9301,52544403596.34314,56445789203521.914,1815525664022356.5,6479945522474942.0,247390037.8178498,3.149474670391526e-36,4.266554265122509e+22,1354886869195.6436,155210.89564240535,13.60811621575641,5.441380738593097e-07,6.659797384220213e-07,2.4117536241073984e-19,18073.37972316744,2.4529997263867443e-08,19299037710.137623,130562149139.42584,34260.548941050685,135.98517399026838,17585900.404345147,2.282632401866534e-10,3.687998495701694e-21,1836638904.47061,368740.1896531551,7.931858323862274e-08,242022671.3072314,0.0003202588172541,3.252451924622746e-20,138759093805.74976,2.505335286431581e+23,3338595.4313712474,2.5730369522427358e-20,4.364776875106301e-33,4.5069473937091306e-46,36327695.80211799,339655024.86217177,7803822.69565272,0.0450198814899264,303360.6989838047,6.720736924909457e-21,1.5664476380061198e-06,35374292251525.93,1194985035.2599747,127186.48552281706,2.5221751182542933,0.0012815590518877,3.365898775597813e-07,1.7986836539304023e-11,5.044579803437675e-18,1.211497723164991e-10,6.802606864645802e-18,6.825929451041809e-11,0.0097144088344376,1.5889662452319108e-17,648242263.8485687,18.096341124811865,6.53833682260292,6.803966815884965e-21,6.649381936527986e-07,1.086699924929986e-24,6.2177724473474014e-09,0.4110317605585112,5.011268575900132e-25,5.898555652160032e-16,2.304386273089217e-12,2.460391225590203e-26,6.2876708522070274e-12,2.183156091303375e-07,2.9347213468400765e-14,1.2491203284499477e-13,1.3775206593355018,1.503137525735862e-20,6.678225993264793e-28,3.361702125830803e-11,2.678633915097104e-26,1.5934962555501549e-18,7.449893763411256e-08,1.6717797714531364,0.0,0.0,0.0,0.0,0.0,0.0,0.0,4.857679172922342e+21
2439.4170740179447,137227.45024370102,11.947049220431204,7.128108154080352,5.711669163346445,6.444894964386154,10.60422887138697,2723963814304.0024,1.8383619074799323e+19,4632750248.780305,18684.127001611814,920419291.4837824,4.5275365689090664e+16,10176371.847317142,9672059923.016447,1192337736.983389,44671.341883746456,289625682.72753054,64011533109.78699,19053255279.251778,569497667540649.8,3.9679266054735974e+17,0.3687567623414104,39525.87051041444,0.9864049087386468,2.325783796158572e-05,0.0040682237410675,308522548923.1499,1201565697.557812,1697189.4834282252,121021720253.68744,198495425153.6493,0.0002983433288554,1990.885502299259,22747666.925212584,0.0001310971700799,2.217352232401538e-15,1916739590.1664467,3.3508196639761816,2.418876713342415e-08,1.625613867651828e-09,0.000323213277367,9.081541551215772e-07,3.8089915093382727e-06,0.0052836143891078,4.2588344247996927e-10,8.425014896961194e-05,9.829195102352859e-21,4.462071359732914e-12,1.492871721915178e-20,4.61149242170508e-36,7.702416865560023e-23,2.5863416679455988e-27,416775044229.3592,6054510.966347238,0.9561425750692574,1.0973717709844877,1.0507722738621268e-10,119820450769138.31,64316.73301469271,5.744511890365242e+19,3.105543903134256e+23,417053762821720.9,32604435.727686092,1.023634995602436e+19,9364687.198922455,9.967252253043384e-06,3.0955533084575622e+22,2.1494325686459023e+18,1471737534.9863763,43539192.013917625,0.0118995783296461,9.440895450910287e-15,248771679304.853,10581606635231.06,4.583291435010245,1.0161180912509126e-19,2.9496639858088018e-30,6.449017715102675e-40,0.0328793920915947,6571355397777.69,332539740883.266,63286.18685656078,246591279.9137312,2.299548832801725e-09,0.0738588299838992,5.962044843416854e+17,612684287721364.2,1815517898771.23,242196425.20041004,2297568.2044215356,22918.94181699386,18.36305059550296,1.4335119559755378e-11,0.0161964732791678,5.407979343827153e-08,66.89587926592523,0.1180858801006701,2.7243172671398664e-16,6033.034372085808,1.1623217760966094,9.009480763558872e-05,0.1574491441049662,1556880232651.5208,1.3672505911083726e-05,828780942.4760668,4481015300934539.0,4.862746426334195,74992077751.83926,547279031.4327532,3.9324714092720843e-13,6.827136734642695,0.0001295512945912,3.6896550728495424e-06,3.1658412404506e-11,126.91827172405962,1.6662844087880692e-17,3.3604324853743735e-11,15250.936105220197,1.5717358626919761e-12,0.0052125028506613,1875.9395278411328,2811356377623.8433,0.0,0.0,0.0,0.0,0.0,0.0,0.0,4.829861906299225e+21
2328.577249124063,79687.35836939917,11.991928977264983,12.55318138665256,9.408929007381484,9.819711151763178,14.000710338444389,16595657438.09701,1.7141266659926054e+17,526591080869720.25,195132.74694756363,512110177258.7204,1.026935568224694e+19,2175232.7002864294,9955061857763.12,1072236783254.4536,15907982723938.44,45349813208181.66,343716457.61599946,66211794610126.96,82308657167.9287,1477076472238.068,61980.06079261705,1331987509.8623507,12345918551.068213,891.2149552388412,200323.5284529625,4.546789884613811e+18,7.77308679228272e+18,9.459979322663932e+18,1510565423111768.8,1.4930665149247836e+18,0.1282985640518463,30453.975184759387,9405198.840289911,6009453.022757503,13309462.764671408,282736.9593258338,123.4291058953322,118969.67366577729,3.311974970394219e-06,432.2453960230296,551489.1714660721,14836.079414614049,1615908.2232289435,1.086030091511336e-05,0.0625488768422426,0.0004732036939809,35052.164570166686,1.3654211783328518e-14,2.5174301823700564e-18,5.042561905014411e-10,1.2406598334787226e-19,4694384464086.534,24978312726048.99,1160374407013.7815,1337822383092.076,28397508.5647846,3.4696178059922355e+17,40295140513971.44,2.759753263144912e+20,7.522079396742408e+19,107728067706363.8,12987371497.459415,8.872196412891717e+20,123516051146048.08,8387252491680306.0,3.353697810599039e+21,1.4753129435575368e+16,174971294.11771777,1.199227031372828e+16,741732388808.491,103576.0099370961,9.237005900453197e+16,2.990670789331162e+19,2073596862509.6528,1770.563538055013,0.011655428086905,4.938274777553119e-07,56023318.6615983,5.6614666893821e+20,1.3896669028376291e+22,2595617744792299.5,8.529537427375176e+21,13243592.515610555,6.273820601345395e+17,8.156599373528856e+22,3.390285336596447e+22,4.080605767117733e+22,2.4374489984567675e+21,9.646540603917435e+21,3.81256560877e+22,1.2956996120741128e+22,1.7898266431519595e-09,0.0014693168180477,1.603274271750246e-07,0.137094000966708,444557.54123209,5.716270488596256e-11,3167502.362012427,47346827468.07129,0.0006367565410499,0.0103351702009838,112493649.16709334,0.3050831444842338,23739536158.41319,242024915325046.75,0.0053873346075209,65884.13625518103,16381286942.268644,1.243000961790697e-09,24.401091001964332,673735.0552993539,2563440.4869351597,0.0004001998793288,1622796.8237663186,6.15656422453614e-05,2.682752731054777e-05,15773355.254599052,0.6444332488654713,1534846.4352723246,6270768.975749105,6678991526870.439,0.0,0.0,0.0,0.0,0.0,0.0,0.0,4.819294834642879e+21
1215.271574163899,54573.023972398005,12.008723955726186,9.895111256853571,11.400730713690574,7.1546894983662535,12.149742648006026,86760.85761821312,14924763891754.96,364.7070393006556,0.001228632977497,27.16912219065659,65073491146313.7,10.848911762667068,2.6334622773331844e+16,182158801157387.75,202922253878766.7,3672778542818.092,78242340.240147,2.4118139238091996e+16,3878680109151193.5,6.344739846363239e+21,14.320339523416829,1268656.7854811368,270135.68806960457,0.0001112838538329,4.210743616059046,2.4620842634525465e+20,2.5009284528624516e+21,1.7858141874234802e+19,2.402250100824198e+16,8.351336371078345e+22,6.137282578210854e-06,88710576.85230698,6912191955435521.0,13026078495.816977,5136185.100358346,5.400494593905959e+18,19034219624.824192,2113491560.9314592,0.0037816778323094,1870.6312936243685,2311218.091475263,1466384363.980107,931610.0555406768,0.0052037728161494,16357840.763708135,91.09010013279624,141896631294.69693,5.364365536917291e-09,1.3147029126356631e-09,3804.35313323524,6.09888888369314e-08,142841.39440547742,11601.639675416214,0.1153133191074275,0.144965822215093,2.1771381351611043e-12,13662912341.872269,0.6317753000684031,2.519289759207191e+18,5.455398875163007e+20,24943613823.99225,192131.7605742736,5.621319894809095e+19,2793.293853107418,1524.503493142426,1.744873004340747e+23,5.674517064505324e+17,2276475.3297832045,3773453.401528844,0.000223998181871,2.2667772250853487e-19,99181321198.86954,2.1273416619757335e+18,152.33228079536389,3.9813537581625475e-22,3.496190950501034e-33,6.036086194217952e-45,0.0016414750713682,107884916543465.2,9.279350026272042e+16,18.892648262399256,161285797490568.9,6.2774130584424035e-18,65794.1529035977,1.4558955533959386e+21,6.140828544872622e+20,8.645740060943567e+20,4.124715162322637e+20,3.288885202712787e+21,1.0178119992135586e+22,9.306480017093548e+21,3.803679850662933e-35,4.134857522844136e-14,4.9393702225518666e-29,1.3736097043444246e-08,1.7598240426914597e-07,3.7060672261414887e-37,1604073.069630029,10426928.832819436,4.998073704828841e-05,7.05968045444824e-29,4.25061685716871,6.072045533487886e-30,55.45018010037868,1220140457528.4536,6.047763679532761e-28,5.550608489207905e-05,0.0030103917646568,6.864363689249463e-44,1.2806155732066087e-14,7.037227341703978e-18,5.205146943297234e-10,2.537530452527449e-31,0.0009962237866706,7.305625763879842e-36,1.3885526384909424e-39,1.2067584255445945e-07,4.1537874434164974e-34,1.0491135617298357e-12,9.042025864857009e-15,7893805.642597125,0.0,0.0,0.0,0.0,0.0,0.0,0.0,4.777810310555161e+21
1207.4736466879394,14174.512133076278,12.02282510759699,7.874163882083635,12.156219851373374,7.257323540067831,8.828202023768943,2728497.158805722,60584992712.23383,1.621580873219631e-05,506.5828434169362,0.0009156200011528,1516001895.4381297,22565.253895234822,3338778915382381.5,22252453195183.688,1556020.7170299625,565607463.7362009,866830901.089763,19193320605.40511,233766490045218.88,2.05775618555892e+18,1.301195578315269e-17,28528832.364412095,0.3756962591874039,1.0314191737581957e-07,0.004185235002268,8.977199103900589e+18,2566393464535057.5,40501175943.43423,3.636312510183223e+17,3.878170671407891e+19,1520999.0525917355,1.2919611759086675e+17,5.4966609103818464e+22,369.0945271262368,5.477363487869513e-16,1.0470703896377358e+21,204997.24575968808,8.532965284230195e-11,4.8054957737146694e-20,25165217165.985027,2019561.540102801,1050245138111.1116,17062557431.97555,852723539194678.6,1.475091153929401e+22,2284.4030867036704,111587687708747.58,515003376003414.5,2.402487546936565e-29,9.91601312252096e+17,3.776949401498267e+21,0.0241611992273505,1.2054229736380474e-10,6.956298407747661e-23,8.755209283157188e-23,7.06747264415712e-41,3.24354302360683,7.991265801483527e-18,298305983920.3877,1.188390057133599e+16,21.937616798096375,7.571782522871241e-09,74580858.23933992,1.7975512401793503e-16,1.0684790959875293e-35,107051139196643.84,2707684.9526461056,2.0939865070623764e-12,8.459186086336839e-06,2.7075482973779377e-23,1.3851602888013604e-45,104.73728624841242,4419465286.645416,1.5576788480851174e-14,1.0963633626074828e-52,5.22592176562753e-71,4.663162569979594e-90,1.185402472806129e-16,155.73246073244633,3.8550493454568775,5.1306840164424726e-14,1.4671756236046063e-05,8.077119599612714e-40,3.307509500314174e-22,1035301814132.0642,11988300.75875448,464.6350874370662,0.0062612876349375,1.384508053705802e-06,1.1737171472089915e-10,2.9872091580499544e-15,2.466081161529779e-31,5.853512951676372e-07,1.6792182372291034e-27,0.0009977921954341,5.16547749509565e-13,1.0982031810146498e-37,1449633092.780034,0.7721004435008698,505405586.37887186,3.9015575408412596e-33,0.5739894276285815,2.0130565919290128e-41,4.6795485812353705e-07,5280967.652608709,1.6002599335001972e-34,3.2831307474077736e-08,3.4826642310143373e-19,2.9709039099467914e-50,1.3642081881554933e-17,2.8079865974462768e-31,2.3117489612350668e-27,6.350306163572748e-42,5.949527601626858e-11,1.0598655962326715e-53,8.399569266867571e-49,1.864653830047488e-13,1.6882322713190029e-50,9.285788085940748e-26,3.5056271333324225e-21,6639.257603967395,0.0,0.0,0.0,0.0,0.0,0.0,0.0,4.668283657645992e+21
1915.6857835843043,69659.71700101804,11.96821189853242,12.514255854838542,15.949249223433323,18.07829634003907,17.865421822534643,64123487.06317206,48362770040406.29,97736478.79384306,461492.8324015316,219250463969.00977,5.541128761977417e+17,61601.860594555175,3446491364364798.5,195087831355478.3,205012419856.8387,1663885067.678016,305471.1964747839,43164198.07714857,3225280.6669453434,2087658.864983396,1.126838712112056e-12,5728973612690.211,2795709789.387671,50058643.1888566,37174838545.15553,3.114627760242308e+17,6.858234076393706e+17,37449883143791.57,5.169990039867316e+17,2.9569800790311877e+21,488.21868022232866,19296011.385372877,270543901.35959387,0.1505857929656641,7.27034824139207e-10,547.7346996186567,1.928810707288472e-06,3.8222208577316406e-12,2.6254220013309675e-24,2555603431.4568706,428838487.2410469,99646459154965.84,7119162.469699653,370.1191452812464,126498.57248141424,93955.72347932884,155392.43300834825,0.0004086575850974,2.627640905461619e-38,8766315.760558994,1.921960086582325e-05,22628092389.361675,5877044.095044708,4.774658465835931,5.621196034706696,5.445753571793132e-10,2148897055.136819,1.0094696855060372,2.078212989629084e+17,776245701474883.2,10641101861.99586,71536504.11449565,397788537903.90686,0.0424344078918045,1.3069245056012889e-08,4.799437110085184e+16,60657039538.064926,28.307711340595436,1035988774580.661,319.5461346504835,6.859829995139461e-11,3.6117404539695424e+17,1.991076925300495e+23,13499504282.178114,7.43415714051949e-11,2.5298267968608743e-21,2.544332068550986e-31,243032216179.7109,1764056515448374.8,8.748981821856963e+16,21780.370931300997,2007529202114.6987,5.766817831277557e-11,1095.0007417679772,2.5049760543131e+22,9.006001594075524e+21,9.58932918802474e+21,8.005208479378338e+20,3.1835631091991026e+21,1.0002105311094104e+22,3.6759953892125814e+21,4.562987879789523e-12,6.978281344184416e-05,9.816510171683583e-12,0.0001188073397619,0.4880086497609627,1.2036290177496948e-11,4325221792.748747,1631.5741302382687,0.9986701556477618,2.5518927187620375e-10,369.50370624153607,2.548779872175465e-13,5.447427590201929,11980759897.22587,6.388920404351772e-13,0.0002193739553812,0.0004882277295934,1.6839970779472782e-14,0.0499493321070554,0.5476136706453226,7.218200657425959e-05,2.730846297290919e-05,9811998.499260282,7.107366881009294e-11,4.309171517689016e-16,0.0729906310975915,2.487270550560743e-15,1.0434020554458405e-07,984.1779098239556,17495325503.844048,0.0,0.0,0.0,0.0,0.0,0.0,0.0,4.4994734584793813e+21
1855.6663730863563,65378.01423918065,11.974600471587218,12.534772114351211,15.947089499925951,18.138033898589047,17.863735609117025,39489170.70350489,31374756539773.33,39771143.28580695,113316.37036308803,84318583880.60175,3.3058968190539706e+17,19488.50788443839,2733393825905484.0,137543281539876.62,174528730192.52246,1078303125.4352612,148274.07654076102,38787140.76761516,2559978.685022489,2614777.02851097,6.900456295956232e-13,2488305376671.8667,1390852681.0619926,15661316.079785869,14476304426.977812,2.7599514402615258e+17,6.505602825026826e+17,38692006428483.47,3.201633770719289e+17,2.5780643224733174e+21,96.94225809785416,7990673.586264643,184449142.83679417,0.1078393638145712,6.53655188455637e-10,540.509196221929,1.5495713155248752e-06,3.7665167069305595e-12,1.5975337664246498e-24,874769519.8995512,197858011.14990523,55499689873833.625,2848385.940747028,81.11379298131781,47415.73321592909,39880.80333229577,90627.72291847302,6.533069785923172e-05,1.531010518343678e-38,3212234.648701016,3.084282839002813e-06,11071366756.402416,3243262.4737477084,2.4693413151013064,2.9180496066037978,2.0733292110492964e-10,1355650342.8804374,0.4564145466650952,1.6406384469595674e+17,793761982748598.2,7395832344.658919,46705714.75905755,448661481626.48224,0.0253477622676617,1.1436873733262532e-08,5.312201156677269e+16,68254116341.19881,23.05385001982192,581285697008.4506,133.44636597051118,1.7243526942326942e-11,2.116690091534716e+17,2.0017894518178343e+23,7518999934.146813,1.7939948960013777e-11,4.5911768892471095e-22,2.9996076594996467e-32,102034351609.0138,1223140244348962.2,7.02688133614317e+16,9848.499625443472,1700523445724.3286,1.2847965930008012e-11,743.2046392465553,2.0911879451713896e+22,7.472832223281538e+21,7.946367866208511e+21,7.196789520006835e+20,2.925693234706479e+21,9.015142379101116e+21,3.4304133284014494e+21,1.90939992505204e-13,1.417856676730144e-05,6.001656250574816e-13,3.3362292154197776e-05,0.0989495519766402,5.07118245017261e-13,2568750629.553098,1194.9516937561652,0.284594133773595,1.7847455493938572e-11,179.5008029635671,1.8768252781652933e-14,3.178241979997233,9664924157.405298,4.874082838826199e-14,8.753557382077029e-05,0.0001631400081103,5.799506545208333e-16,0.0122291977932089,0.0777240209619295,3.0927485770935945e-05,2.0033704178600746e-06,4640100.963760202,4.856246892701464e-12,1.8865129244861873e-17,0.025555495853942,1.6401435709397002e-16,3.3070947704973265e-08,119.91944954092077,10140069976.065536,0.0,0.0,0.0,0.0,0.0,0.0,0.0,4.4870902104915895e+21
1635.6797584741394,42097.27658832785,11.998999622177156,16.528793195639903,15.69427700054294,19.65418544486201,18.566405905576698,2890539.1991196102,625053880370.0308,7026661623.778103,1.230484602505113,1294555827.0559158,2.653302763354061e+16,0.0806280208355456,547236750481.96576,16603316523.697865,400133850376.7835,815979740.0356038,0.4934468260873159,15380825.085041797,9.04384145316485,8.433264427158381,7.374548608920206e-12,291576116.12905926,2479017144.557607,421.4420880711107,999537.5646318666,6.222632193628956e+18,1.4706890554157576e+19,1.4338390857427784e+19,136409233084583.98,3.5695753955014287e+18,1.9168573371138683e-06,0.4775688706176954,12.100156252799705,0.6215747797526245,0.7186875052560874,2.863052780543339e-06,2.886869845562696e-11,1.2009515959209296e-08,1.256913262354626e-27,168.6178359882324,1157231.8051066652,81182431.49731795,9700.11452424747,1.1029531861905332e-08,8.15011889440204e-06,0.6992419815554924,60170.77736323004,1.0606044834638256e-17,1.4943684452834074e-38,1.6254669680995916e-05,2.324987526718461e-21,61121714.10382467,253636378.5216638,1241843.5287729965,1491040.6126809178,0.2378124191592346,200958351154.38412,137077.41646550994,5607344114168208.0,14239771188049.549,23622957.82983449,107237.7185582889,103218964634439.16,3234.541705643815,404002.1265177216,994889305368727.4,222074021.28541464,0.0022752329753367,380083836487110.1,207772400.9685537,0.0258722322585274,1.4673684001089258e+16,1.770643419155284e+23,4482489212846.015,0.0211502112323478,1.361547641054289e-09,1.18076263231904e-16,2004226172.7881489,1.577919181914181e+18,1.2648770046158956e+20,23054565529.933807,4.382335912918815e+19,0.0122033542500209,62842283863971.91,5.265801965236302e+21,1.3661380392099114e+21,1.0793118362674612e+21,1.0348079164422398e+20,3.4547752103267985e+20,7.340743464033843e+20,2.419853444877479e+20,1.8041594041205336e-21,3.9464504275411466e-11,3.695473633677493e-21,4.7004371573477e-11,0.0008873346436945,4.610045954549497e-21,664569.3365315896,58111595.50590041,1.5310110158115208e-08,4.333919597411847e-17,0.5965066870874757,4.776658551854882e-16,194.47460117366347,206679385.2780593,2.2075653517418364e-20,1.6062572506304232e-08,4.507852061964555e-05,4.894344212976629e-22,1.5604038408811354e-05,0.2407523395250146,31.06163247386074,4.051426627122062e-11,93114.56382265536,6.152334216315435e-13,4.026819676031459e-19,1.36724603504509,1.7095213505832925e-13,0.009730822180436,0.0182056063216938,414850531.2383723,0.0,0.0,0.0,0.0,0.0,0.0,0.0,4.4647874162815135e+21
