T_K,P_bar,abund_H_dex,abund_O_dex,abund_C_dex,abund_N_dex,abund_S_dex,e-,H,O,C,N,S,C1H1,C1H1N1_1,C1H1N1_2,C1H1N1O1,C1H1O1,C1H2,C1H2O1,C1H3,C1H4,C1H4O2,C1N1,C1N1O1,C1N2_cnn,C1N2_ncn,C1O1,C1O1S1,C1O2,C1S1,C1S2,C2,C2H1,C2H2,C2H2O2,C2H2O4,C2H4,C2H4O1,C2H4O3,C2H6O2,C2N1,C2N1O1,C2N2,C2O1,C3,C3H1,C3N2O1,C3O2,C4,C4H6O4,C4N2,C5,H1N1,H1N1O1,H1N1O2cis,H1N1O2trans,H1N1O3,H1O1,H1O2,H1S1,H2,H2N1,H2N2,H2O1,H2O2,H2O4S1,H2S1,H3N1,H4N2,N1O1,N1O2,N1O3,N1S1,N2,N2O1,N2O3,N2O4,N2O5,N3,O1S1,O1S2,O2,O2S1,O3,O3S1,S2,S3,S4,S5,S6,S7,S8,C1+,C1-,C1H1+,C1H1-,C1H1O1+,C1N1+,C1N1-,C1O2-,C2-,H1+,H1-,H1O1+,H1O1-,H1S1-,H2+,H2-,H3O1+,N1+,N1-,N1O1+,N1O2-,N2+,N2-,N2O1+,O1+,O1-,O2+,O2-,S1+,S1-,comp_H,comp_O,comp_C,comp_N,comp_S,group_index,point_index,sample_MAE
1429.1834598525209,14779.313276565535,11.96339504836054,18.09486607776124,15.21770448812516,13.63353883208988,17.95792141398949,0.236558641285663,4.854128649126196,2885659571390417.5,4.7198817325818026e-17,61761.651789634,1.950273177795382e+17,8.831915062935377e-28,5.327020862133901e-15,8.717109613849961e-17,2.616976254366768e-07,1.7480306869116648e-08,3.823754596497128e-36,1.3954732425033625e-19,6.995032513552938e-44,5.431180591606412e-53,2.4553808242988416e-51,1.5844691850215075e-09,1.2917071335520058,3.0140347173488976e-18,2.2657604306989103e-14,8988803792493.287,3482754352392779.0,2.185286805796536e+21,73.32624956431519,1318443134.6979637,1.4644095029077536e-36,1.3081787535649667e-39,3.4736732749650647e-47,4.9972471910851895e-33,4.153640738945758e-17,3.2870252610940764e-73,5.3391342543321666e-71,1.4130281419545353e-52,1.4703382384920869e-100,1.6406487917747186e-29,2.475084352027031e-17,7.370181281010581e-25,1.3715054605432745e-17,8.370086740089739e-52,7.477155628432821e-58,4.39832497506789e-39,1.7666895959576388e-21,9.937906673195981e-75,1.1758419771733476e-122,6.345306152267997e-65,1.377131900409309e-91,7.713350560015315e-07,278.64091455524687,45817862.96365488,56079466.5080292,83292922.97527504,61183866.17418217,340491078.11858803,13412132.26041824,8.927865292899079e-08,1.4131297589118963e-16,3.395263399493833e-21,49.53390666870319,0.0026277358504714,6.083726516653216e+17,0.0010592486634199,1.2641568957552414e-24,1.3573275475417746e-48,5.994440111785719e+18,3.2537191743897244e+19,1.3524056956305388e+16,704158098681636.2,9.19159077951447e+18,500855191021559.7,64777585734229.555,45082769524989.31,19067034812246.145,7.997914765164236,7.490020232988683e+22,7.490020232988683e+22,7.490020232988683e+22,7.490020232988683e+22,4.607424087196665e+17,7.490020232988683e+22,7.490020232988683e+22,7.490020232988683e+22,7.490020232988683e+22,7.490020232988683e+22,7.490020232988683e+22,7.490020232988683e+22,7.490020232988683e+22,6.689978517978032e-36,5.55420214350671e-34,7.489769328364318e-45,2.596266523209268e-43,4.4585084486543155e-17,1.276473612468585e-37,1.8209762601861505e-17,1424.2941205786751,7.611268227367655e-44,2.965389005723259e-27,1.0057078362345893e-18,1.949902694968709e-18,3.877213243115696e-08,5.266868412000952e-07,1.807611019345415e-40,7.3612202605472465e-37,2.8733187075033486e-24,7.795483556401076e-26,6.915257747861905e-17,2889959.358149409,5498218.304772497,2.4167891298968443e-15,9.24171301926948e-08,1.1958757261264261e-09,1.4411651630541337e-12,0.2521404223930312,238.90796483922696,49127.5195198362,33.288743092900496,2581.8346056181904,0.0,0.0,0.0,0.0,0.0,0.0,0.0,2.5206689916964104e+22
1277.506491611663,64150.03471866277,12.016032043915615,11.705285535433053,11.907350202533536,13.960130003461051,9.46035213942588,3414.076304054947,12820300814066.36,655.8989830492659,1.9222587702740317,108519.58477100905,98080626173.30292,2831.3797205551236,3.1441195733887327e+20,2.878264914602635e+18,4.2805505770697715e+17,36811969280636.2,2259996101.872875,3.3632685863551876e+16,1.0576993036451136e+16,1.7729889704011613e+21,0.9361548708277824,209954579339.85657,6680365349.830902,16135.16379369582,360482008.2693393,3.872837593108566e+21,1.4273740324065153e+19,4.02030780674304e+19,1833719294947516.8,1.2070697128297884e+18,0.8753689125449756,667500605018.781,4.778466583748131e+18,343540748388.9073,3412758.055211563,1.4347796420588855e+20,169869383682.62952,491344952.6369352,0.0012352037773064,29288368529.995296,3733183335851.9634,2.9157816257468124e+18,5181049416.138989,32919.379925143745,8965405876694.467,3878655812921.5815,3625875110500401.0,3.7625627002426514,5.9155588204176695e-08,5.962139478853915e+16,2291.064219103301,98847676.70036855,1261859.099490822,3.018129272318988,3.761312330515049,2.4325151060206377e-11,2669738076.574282,0.0567470210505047,598367636023452.8,4.900960890851641e+19,2291333876412.3687,8228649544.146751,8.458194048110427e+17,39.26877240387741,0.0001589259076499,5.649976801352594e+18,5.022563029068983e+18,5214826906.980383,1298316809.9161718,0.032391077055375,2.2419951326541965e-17,63838512349.86885,3.568073347601615e+23,21372312.080134746,1.758539456889962e-17,6.17890401445742e-29,6.173373430092263e-41,872011.7779294869,23932087044.331223,6304627660.367252,5.572075652237677,4637514771.468306,2.0640781637597066e-18,0.6607686616403246,431051523943644.5,79522840972.86629,48002141.18137537,8085.060583391368,26.146379218632458,0.0360054941812123,1.2984096238645848e-05,3.0726604655238214e-28,1.310078406858286e-12,4.969568767338545e-23,6.375057708880489e-08,0.0021347506617085,1.2013449995230533e-27,1639361858.8570852,694340.4991267837,0.0392526349862664,9.28460635447156e-25,0.0938590171807841,1.4995399700965896e-26,0.1687990094966913,3655742.311920658,1.9676244478718693e-24,5.933927503607484e-07,0.0191078786684045,6.519715760198379e-36,1.9326140037384857e-12,4.9072256522104425e-12,9.140707051418127e-10,1.640343468459902e-21,12.921616915115068,1.150044317527808e-26,3.84290717533215e-35,4.011471304250222e-09,9.182897100050953e-31,9.282337653709126e-15,4.586849316424915e-14,164.9569815393898,0.0,0.0,0.0,0.0,0.0,0.0,0.0,2.259254310789924e+22
1203.6726367660958,121681.94223874972,12.013563366246794,8.018909568137648,9.60039827409406,12.970712892685563,13.29816699622838,58910.72509511849,5279840843672.366,64.66689822321332,1.5485405857808263e-06,7794.565044138431,70230384517632.055,0.0066897658533026,1.1279717301899622e+16,73815755130060.39,24391438618043.375,859458690.2814095,25599.051626690456,2862249715550.933,694869455565.0763,6.123801263830075e+17,7.311268770033017e-05,940860.4600908096,58124.871728695034,0.0319730314245138,1342.7983082920755,1.5350261768263517e+17,2.231158030155651e+18,3257959053797866.0,64411883749946.195,3.644109902939723e+20,1.7109480088270088e-11,151.94405822004975,6518637305.596999,930.2823964325912,0.0301407538741718,1143617352006.7974,996.2781181077028,9.036667263093545,8.942950363400202e-12,3.0470158113989187,1175.136773744708,1355749358.0214202,0.98287466307332,3.6993614468533386e-11,0.0647788572356727,0.0494310674070772,119.1233428798078,8.118998972010542e-20,1.3588430581249688e-24,0.0173965724630419,2.2686597709097994e-21,19897977.536414776,464144.480256181,1.2180721169470718,1.5339405045609489,5.421258430219312e-12,1290011932.0713322,0.0138551016817115,1.3452108386435707e+18,1.03543872041138e+20,1778460240674.3284,6012104160.143004,3.0254659710116654e+18,30.352152163446704,2.0303022858167874,4.743904383929333e+22,2.2065347865114542e+19,14987588473.89796,350147670.54946125,0.0049143005554895,1.068025771761685e-18,47792582225176.16,4.311091403419676e+23,6370572.323853089,8.3027331410768885e-19,1.741110686704713e-30,6.672087036232005e-43,99952.20365164967,33875079532174.4,4.310604832208491e+16,0.9539502681596432,15110414240624.22,6.179288120312115e-20,1511.8881341473607,2.5378730302223774e+21,1.475978076374484e+21,2.8770005413251955e+21,1.974692446940529e+21,2.203995992161455e+22,9.374258940052498e+22,1.2064500800444264e+23,2.468947079750988e-38,4.0337891676775996e-17,1.6618048912249687e-32,6.724618504719159e-12,2.8259892139035888e-11,1.087397691896441e-37,1164578.3634845277,1365.918838469956,1.395273972673605e-10,1.0373573369772877e-29,1.110261735054953,2.4734491272561822e-31,4.268074592455947,553660922876.2164,4.0217660877244857e-29,5.745486625948964e-06,4.701471734856178e-05,7.497662070835386e-42,2.5136878567555933e-12,4.0461336197165934e-16,9.780113184422158e-09,1.7794794410177872e-26,119.8848818320526,1.349591980753685e-31,1.0216206179803367e-40,1.68636872460051e-08,1.0033404150478598e-35,3.793722127999136e-14,5.46944870273292e-15,7107263.913843389,0.0,0.0,0.0,0.0,0.0,0.0,0.0,1.869802146726467e+22
1219.768827654294,104899.82710375889,12.021841628242637,19.18061667024837,11.581423286798714,15.032440758279764,15.060672830831148,0.0027114497061859,1038446.9370717588,72495758318041.97,9.79090800953202e-29,119.43603780159825,1.959988692942697e-05,5.313603471375943e-32,4.0426030155463183e-16,2.8562402851951093e-18,5.194520363104097e-07,2.6725597199362832e-09,2.283313741205304e-32,1.0639180830504312e-12,6.663406063045969e-32,6.456707455876142e-33,4.719118355289977e-31,3.3763255368859084e-19,1.1836855753430614e-08,1.160617578786789e-28,4.219748949136631e-24,2633842.786579386,7.234069679300963e-12,3.1351754354496076e+16,4.447380266267971e-28,3.979783701631224e-40,3.1428624817333756e-56,2.5590559909019677e-50,1.1713782037524735e-49,6.23141127057799e-33,6.722392628085112e-14,3.5426926057267556e-61,2.185838507970396e-58,6.655753231518531e-37,3.1839880190086396e-74,3.2078694932534176e-47,6.345494056134856e-33,8.5145975614546e-41,7.0954762790544294e-34,1.6216836196570385e-78,2.98136717921492e-76,5.7906731570815695e-62,1.0531457319172436e-42,1.090133147125976e-109,1.2113159094543524e-108,9.084450019246109e-97,7.649855980014903e-134,0.0387053208408057,519606444.0626723,881560466798696.6,1107520089490520.4,2966989066031105.0,161597561025382.16,1339564841893272.8,4.6437180282501044e-08,2252029.473244968,0.0004082961108572,1.17501452078546e-08,3.8541820197877304e+16,362257466782.4748,1439594112670782.5,1.9467986648016982e-10,0.0005476461876702,5.525245036202247e-22,2.6198974474206003e+18,2.7691788773133775e+19,5176758042729333.0,1.1087772476226789e-07,2.9122849129310618e+19,391160736119004.56,33861010940559.383,52744373737944.98,16611043247321.17,0.0970548324841553,5344369.15931473,1.2271557892599831e-09,6.227396494186777e+23,1.3014517387832625e+18,3.966553204511979e+16,9.321442704615662e+19,1.1319789226335103e-16,1.309442917982439e-35,5.0482428696749966e-54,6.498708401757706e-73,1.412975372718722e-90,1.2007400016012188e-108,2.9874576863565445e-127,1.44989891901239e-52,9.7939918181597e-47,1.13190801170786e-53,1.9803145553157253e-48,5.488329946171804e-21,5.218708246021264e-54,1.159820612993929e-26,0.0005599473177106,6.893731756169199e-63,2.551069525148473e-28,8.950918285764888e-15,3.676034887038165e-18,0.0191105676664171,6.450090103431548e-22,1.383836333453747e-34,7.787068537691456e-27,5.748953581417335e-06,1.6202845368611102e-35,1.7541864333510605e-21,217.74461096382663,1840036.4206117303,1.9346822724433351e-22,4.4863141119289325e-10,9.516050434657428e-16,1.4340344935629716e-20,0.0007080868327722,0.0006736701080064,1058.8785696863747,1.2612065536926608e-25,6.867245732371603e-20,0.0,0.0,0.0,0.0,0.0,0.0,0.0,1.8419941366147905e+22
1286.5991622912609,86697.03864862204,12.002673932817208,4.123279391818587,11.431276783280468,3.5414209534544763,10.584671259412865,12493525.04398768,63812886359190.75,1.7035282243591216e-06,1.7109932748882593,0.0051837361645833,18600636506992.676,10005.386475525442,28645034284831.574,272570269244.674,73.5441002059711,198712.3199890644,29960396294.27376,702972626.4725928,5.1463012702703776e+17,3.2021501071089834e+23,7.941725383146308e-16,5408.461345119371,3.171418113980874e-07,1.6107122807979633e-11,3.346399634440541e-07,4376478284778.108,2513845370739.3643,83.22766949438756,1.928093729350666e+17,1.8082366345942309e+22,0.4685220423383003,1210079985540.0054,3.167769696369449e+19,8.329239817968457e-06,2.8569255020884926e-28,1.5674740796442263e+22,38244.97579200734,3.839095979674037e-16,1.0908371905974722e-17,456.0971875153328,0.0001017878039121,1347.8385595124143,4.245573498514711,9590.42787210878,9474305530224.3,2.115177308161152e-12,0.0028341760999901,0.67742931671185,6.159316570332681e-40,9.895381042954412,230.51394746970504,18.84300354771503,4.4634732439430815e-10,2.1011493251071204e-24,2.6153909031438854e-24,3.607354724425156e-44,25.94516464512451,1.186687457608337e-18,4.4697834105267546e+17,9.07980433286984e+20,1680228.771689162,0.0002143314798011,29330422638.318226,3.2317657702199936e-15,6.838403554388963e-36,1.6295693864299963e+22,13555916849964.725,0.0023434274445432,1.0590610362671937e-07,5.615744859393414e-27,8.83704731041833e-51,424805.75827101374,434211581.24235886,6.079320606053664e-17,2.4473839915966785e-58,1.8156698664194336e-78,4.029867030757137e-99,4.9106304681931564e-17,8345.40586151118,334677.01506247383,2.7010370171184328e-17,2.9220934295633486e-06,2.4331480674505327e-44,8.626683350448514e-25,1.1703776393657575e+19,3.452700356837987e+17,3.323832445601045e+16,869215577006158.2,444876159023549.3,98208180837982.2,5583333818319.769,1.5565480080405668e-31,3.892261558821602e-09,9.599293302492314e-26,0.0007384176523145,5.3687652802963876e-15,2.1171739161451967e-38,119647.4915845909,5.055046753804558e-09,58.58672876863346,3.0558479336327588e-27,1611.5651543865697,9.384655698814028e-38,5.28084204376241e-06,8537391473679.86,2.714775392451498e-26,0.046858788705753,1.3567164821935452e-12,2.1883142427966173e-46,3.358341916927261e-16,2.002306208059626e-31,4.929359026780371e-31,1.4993339190796268e-39,6.314901440802309e-11,2.072360567824676e-53,6.604424169336903e-47,3.4340760875722503e-14,2.6670841918143953e-51,1.58562973426259e-28,4.6667420751465706e-15,99099846.59067856,0.0,0.0,0.0,0.0,0.0,0.0,0.0,1.1991554422519655e+22
1348.6473160000348,73718.63431819092,11.986567111908284,16.602552901327492,15.57577424665696,16.029372822477164,19.337513276730704,40429.89995970936,64089981798.27224,50905192.57654896,9.135387216758731e-06,49780.69838550191,1139210766529644.5,1.244144293085334e-05,6357017030.528702,77672195.36632702,61644840234.48069,238995400.77399632,0.0060159569234515,167565300.70364118,14.488011560511897,1359.6819097647494,2.91099490824095e-10,10873.012266729374,2076729.6660339672,8.055374217038599e-05,1.0468148780608175,6.834418854571861e+18,6.771922388207508e+19,4.07298049713465e+20,2957310506944.159,2.6783872485103237e+18,1.058999550310123e-12,0.000228249719471,0.8186054320267189,3.687646892893376,1491.170674313464,2.9304160646819495e-05,4.79585162204337e-10,5.883161013511917e-05,1.687046462791764e-25,0.0004022690375209,209.84333052021904,527.6822805059869,9.427972727726802,4.815537553201769e-15,6.184431683114042e-10,1.7127368822621983e-06,3294.06819310205,1.7228076529259369e-25,1.3949952973302678e-35,6.64587772263998e-13,1.5467350948914408e-29,43563.90229970747,3510632.803759207,82329.30444613472,101686.27205448596,0.0117427291364607,123071472452.74808,49892.37884885381,6057263585321722.0,139899836553880.16,737651.3984590779,133.30257393079378,1.6251131414352322e+16,29911.99847985949,10691290084.286888,4.296095330419837e+16,849917151.8824178,0.0001419805559773,2021640379706.0105,877304.3117216124,1.7476393838723617e-05,34028587959703.4,6.884768072861478e+20,1459465123.1720726,6.594518837490522e-07,3.8410665976160646e-14,9.288696853602056e-22,610.029989919241,1.638984498161418e+18,9.73317076376014e+20,2849942554.9926267,1.6446668207200747e+21,5.018845091208147e-05,3372391627479061.0,7.136755260852708e+21,4.286268095095031e+21,8.261282656379546e+21,3.6367961141000935e+21,3.5465674415904683e+22,1.620927375739193e+23,1.7123698646758763e+23,2.951341296020046e-32,3.7042791461613586e-17,3.2647863216247344e-30,1.4532713280707497e-15,6.291220902253946e-08,4.968030472291222e-33,148.58665014395118,61768120.32844813,7.38177928015467e-14,2.8740958337696337e-25,0.0035688816325384,3.514153287528256e-23,35.33222458907781,134917714.40676895,8.452805907931921e-28,6.25512149688558e-11,3.289491928285229e-06,2.914707941683509e-34,1.00268007562711e-11,5.89211977708519e-08,0.0870057870921357,5.073733319703623e-22,0.5898925582139584,3.5326479316927644e-23,1.8565075199336215e-28,0.0016859548616683,1.3932085132229362e-20,4.235449338850357e-05,6.927397815605239e-09,7715200.502382789,0.0,0.0,0.0,0.0,0.0,0.0,0.0,1.1762675957281382e+22
1218.1206571663718,64100.429216844874,11.981921539814344,18.267037933550792,11.621604813976784,16.39703508958982,13.5632766112063,0.0022728236914317,2256397.0656547197,54490632225803.56,7.599348124985359e-28,1462.4299208961518,6.0025295031672286e-06,9.377166923782804e-31,9.885620459120085e-14,6.930585511237206e-16,0.0001018098015718,3.943196089668194e-08,9.266301528863975e-31,3.5870804495629065e-11,6.2460919321612206e-30,1.3947893381371716e-30,6.194054055569985e-29,3.5479592143904266e-17,1.0015960426134546e-06,1.5574291185317155e-25,5.745681536604798e-21,17737210.133697744,1.5519918959308908e-11,1.702146278150141e+17,1.1624327533665083e-27,3.374040919800824e-40,2.0483326014501615e-54,3.9149097435327864e-48,4.1423171042616047e-47,1.407820528494029e-30,9.814451211119747e-12,6.418848286184421e-58,3.1183691382358708e-55,6.130831151804867e-34,1.7804834676812272e-70,2.8277474422522073e-44,4.550478183365504e-30,1.0110649629720084e-36,3.8647667727287943e-32,9.053376655087076e-76,3.8536437743493816e-73,4.59157459407181e-57,3.997043433783616e-40,5.082966987530507e-106,3.122597517882765e-103,7.617501173795751e-91,3.039578447339038e-129,1.0764179094073485,11619603578.030245,1.5666210889651958e+16,1.96864892966226e+16,4.124150611430069e+16,279460930565399.5,1808258454972900.0,3.2386000536593635e-08,11270424.06136885,0.0259811262796,9.716052392969117e-06,1.5482269617755155e+17,1113811853181.1812,916531628954617.8,3.104321710969406e-10,0.0804470672826549,2.319618706524475e-18,2.622726391530947e+19,2.1692425195796785e+20,3.130831542867396e+16,4.423196258612264e-07,4.952858106987502e+21,5.10740372646929e+16,2664284513331019.5,3251978424265944.0,794360697424318.8,203.4152982801659,1318471.6769016352,9.689787658700448e-11,3.759310346539693e+23,2.5955402139150746e+17,1.823820362481967e+16,1.462178184839352e+19,1.1232933210188297e-17,4.1181467368656535e-37,5.034561574874613e-56,2.0662773634800692e-75,1.4268221489854441e-93,3.8410089744956923e-112,3.0374379826572053e-131,1.1590002277740236e-51,6.4899516356587645e-46,2.0739337354859725e-52,2.9942810759162943e-47,8.681441159366178e-20,5.44338549026921e-52,1.0752876079156943e-24,0.0025683405331017,3.9765399513898075e-61,5.539659009412326e-28,1.6495311175969433e-14,6.3870674779921144e-18,0.0284210228326633,3.891027954790378e-22,6.758331783644963e-34,3.168059142704177e-26,5.515584305923295e-05,1.958707400226515e-34,1.8023904359293702e-20,2303.8023493116493,12481262.698886776,3.205291538869274e-20,6.276804632099836e-08,1.2524758414732948e-13,1.077052351525536e-20,0.0004555344786184,0.0004145340281197,539.8278192283641,4.02532432817731e-26,1.814447348122756e-20,0.0,0.0,0.0,0.0,0.0,0.0,0.0,1.0429985686398404e+22
1509.712050003407,83866.28563318551,11.975240517264035,11.015107074381474,12.774522124468362,17.754810002308194,15.768713447245725,3934089.702956961,4034019372730.647,557716.6770683135,0.0924933233553599,107266669.75609866,4494940466660017.0,0.3133714255413549,51446335883149.43,1092840725756.439,56603085899.59682,33455097.011420228,167.50180479753743,40915282.63894123,326887.1948571001,29225351.119034085,4.369945678534763e-12,183764720.46575755,2883642.2805039263,149.1247781703802,688115.6427207405,2.7239761411613212e+16,6.5314827997135304e+16,122416690268995.78,136090008729040.56,8.265410162840674e+18,4.00192962195864e-07,22.209499289351,61570.47879362735,0.0054229347487168,1.8558338741723953e-08,25.804734218172765,1.714254845301017e-07,1.9612219107647535e-10,2.2769420007253253e-24,276.9746494975413,5671.769616016309,877318500.7697163,20.651261692960738,1.6202459678239377e-08,0.0014261257354493,0.0215423077540898,2.603021865255425,3.2694823266275006e-17,1.0093164098093151e-39,0.0014149735595343,3.872249208446092e-20,250703330.13481504,1818121.6310413897,8.964555617176309,10.88370415837503,8.33413851478127e-10,1432070697.6256132,0.4349035532958155,5.29930057686473e+16,8668425386995704.0,6715228837.626685,38230310.99356443,102041116777052.4,0.573643360173851,0.0002793201591417,6.281400269857272e+17,6537262899939.504,928.4785350127688,119035969641.45146,32.450167207572974,1.0721312748184332e-12,3524696010515141.0,3.993692309582839e+23,2082932588.9156263,1.1664731735474573e-12,3.925063833138071e-23,1.1255152348396292e-33,491835760.5144863,509677258986027.9,5.197147933366341e+16,3043.628853012658,31536759612560.754,2.314818382966558e-13,28355.004208108578,2.0048890822218767e+21,4.188781734065451e+20,2.7159578170870304e+20,2.739340729235747e+19,8.054511586590473e+19,1.3356920157840068e+20,4.0227600955014865e+19,1.124173129130134e-25,9.633560885460936e-12,1.733061225691245e-23,7.150602724969522e-10,1.900505124474789e-07,4.400144110171109e-25,6179941.656287649,1001.6060129072262,5.464970252061025e-08,5.813884571382896e-20,9.234638485968189,9.01444582354016e-22,6.28934010780291,11766912101.434565,9.265384593522084e-22,3.3049682237610385e-06,4.731008653636154e-06,4.812924701913997e-27,1.899512635682686e-06,2.0583090305711853e-07,3.0167956859156817e-05,5.8563917063026115e-15,123820.32212738926,8.798701586408013e-20,6.601720657132193e-27,0.0003960681603657,1.1662851417088181e-23,2.526747381802683e-09,4.413560921931843e-06,369970315.5678709,0.0,0.0,0.0,0.0,0.0,0.0,0.0,9.636243029787532e+21
1293.632139172596,61659.77808672174,12.01602606144719,13.471234688671194,11.068134506442512,14.486191183027127,8.89006410076318,1.3316740276900707,2512868371.21591,63723796158993.95,7.953307745198993e-21,177255.5911310709,0.0009668942770397,1.540921724112205e-21,9.418713706904052e-05,9.23105567759042e-07,7083.809004486404,0.7632277559873131,1.464041560698212e-19,0.0877655412428077,7.84690507015533e-17,1.536709933839218e-15,4.045181858832024e-15,5.862793342083222e-10,0.9895466619854344,5.089031619436668e-17,1.000230780259704e-12,440490697119.557,1.1321708803746566e-05,2.400219305496143e+20,3.245250879463125e-20,1.271640847065934e-31,7.502888881648742e-42,5.6869202206666295e-34,4.632398611752927e-31,1.067895559261598e-16,3.073119446662065,2.6033255948610866e-37,1.9912650006740787e-35,1.6837190299081919e-16,2.2574964192712206e-46,1.7102827427005214e-31,1.0564638572082145e-18,1.2017032244513093e-23,1.698549086411925e-21,4.90324393198982e-58,1.4979558226306136e-53,1.9616689751942777e-39,1.002741902768697e-25,1.2184817927281389e-82,1.2150928635294708e-70,1.0415387428519549e-66,1.3506836504837522e-100,21432.308914378376,14689457889117.0,2.0929074914976975e+18,2.602742204591955e+18,1.155276318872474e+18,3.0732792889130984e+16,4.554415149152822e+16,0.0007651836312955,1127667445561.7998,61810.97696632726,215.02071205081248,1.0609797474163816e+21,4082102294746387.0,3.1722853594419795e+17,0.0009048230789274,15594256.535586134,2.765288192667031e-06,9.8340637058077e+19,1.6736860325485507e+20,8899794897262237.0,0.0005965822461029,3.141143680056735e+23,1.5179072444595845e+18,6690874011161796.0,1585245272512575.8,116808994252482.9,1185684.2992052264,12464871.324998012,2.1969665676762953e-08,2.936430641844482e+22,1.2374823679400826e+17,941000699849116.0,1.1500170327761184e+18,2.5513847504871587e-14,3.4347288649223006e-32,1.5058360071204513e-49,1.7570126648648744e-67,4.071452980412919e-84,4.1093761979156975e-101,1.0546308858362744e-118,1.1889028853911372e-44,1.797558522521484e-36,2.3554830948078532e-43,1.1142678070341728e-35,2.9080384583934365e-13,4.340376475157911e-44,1.1369424133322201e-15,1507.3187442275769,8.1252668425716925e-47,2.2173731491769494e-24,6.4655912241910155e-09,2.00741920223054e-15,604.5330759869287,1.3811877556705e-15,6.803525985922708e-28,6.969367650588392e-18,24.78206123987514,1.4443380158620288e-31,1.218464901386232e-15,2768.2576719303047,1383044982.8302562,2.2029305113329036e-17,0.0052273594371628,9.227596018085684e-12,4.55475916367608e-20,0.126404304317458,4.955262773776873e-05,17851.396572150068,3.8102226838643936e-24,4.917653672537312e-16,0.0,0.0,0.0,0.0,0.0,0.0,0.0,9.16206886911189e+21
1383.148484177853,48946.94935861143,11.971911765338648,17.152681812408225,11.734189269126963,18.085451604391555,12.312449602738043,4.851579163663944,230204261.52833837,269992863981553.2,5.7239704875527255e-21,2598934.077419409,0.0332115279264577,1.3151050218443021e-23,4.4677504340912946e-08,6.21246387479656e-10,0.7887739116366763,0.0002272878046305,8.875895884991255e-24,2.473589115277042e-07,2.773848944457722e-23,3.50822343641099e-24,6.324821506977919e-24,6.661809827235454e-11,0.0214685088609585,1.2824639086605125e-17,1.307824223765822e-13,2075071922.1467185,3.116188989477314e-07,2.04516169053321e+17,1.1101038045002196e-20,1.1287805072391286e-31,1.1211420396148846e-43,2.398011429031109e-38,1.103242485677028e-37,1.813586069410416e-24,2.203052513794657e-09,1.304585318645236e-47,5.2338467878927024e-46,1.96884894279073e-28,2.4178103462909855e-60,4.24583027198531e-34,3.14616857085021e-22,5.9332069654447474e-27,9.059904025654804e-25,6.166596029814656e-62,9.884445723600945e-60,6.775472999947315e-45,5.46934886139015e-32,4.096775409777644e-88,1.421940964571725e-89,2.0883206869693626e-73,4.86935349352748e-108,3902.333062724379,542368290833.49634,2.6734498243455252e+16,3.288792546927935e+16,1.0441848162566752e+16,902867630722185.2,1035961918389817.8,0.0002900670481058,682855601.3633068,100.290711501191,0.3519301814783067,1.4072850848646138e+17,1017902287270.2087,15053258607902.518,3.1623183095516933e-06,151.403744065247,1.4454998519724285e-12,1.3781691374581449e+20,1.624418973103404e+20,1.1020497165649056e+16,0.018473254702824,2.294417177839382e+23,1.8168275502960044e+18,7911970125117886.0,1226140714925876.2,93409420702072.98,9564851.88529998,79910702.7701637,6.642571436367818e-07,2.656967629200268e+22,1.2657857685551126e+17,1994235418477520.0,6.478464112544282e+17,2.3711666451654298e-12,2.3505801160945765e-29,7.416271921246151e-46,4.885724158287217e-63,7.602162534888516e-79,5.787979303101283e-95,9.629990962862742e-112,1.7950725846635777e-42,2.043248183209536e-36,2.9261979436893423e-43,1.270319194011237e-37,2.9759069124791497e-15,5.4687207276874787e-42,4.6321358853273826e-17,3.2492429617432377,3.770235583470996e-49,1.6547263413598641e-22,1.259715375021612e-09,3.7832014081177856e-14,20.215623092795138,4.563419196236596e-16,9.848452510578287e-28,6.092231398995012e-20,0.0033563929323586,2.988568723641155e-27,6.144643800870225e-14,253200.23808663717,1120362708.7482636,4.1503892143475314e-14,0.0321199592904021,6.109873279660681e-09,1.581968331349547e-16,0.7546801411836215,0.0149709576274867,41681.684539464,1.6088070159428752e-20,1.6623362566140222e-14,0.0,0.0,0.0,0.0,0.0,0.0,0.0,8.380020016324864e+21
1823.268877261963,87406.95083599293,11.993448990492102,15.880624844673688,8.995648557307288,14.335489646529336,11.063332305738134,150686.60525632725,2611296726958.769,1.748912366786591e+17,2.128688460304384e-12,10294570868.898434,7988.799736594057,4.4976380962546e-14,0.0022309713512658,0.0001050091645419,1086.209717902963,27.372882389934155,4.6411879801620324e-14,0.126126771011489,1.1269996838006665e-13,1.5867757222915263e-14,1.4972989389652037e-13,1.3562975363201225e-05,59.989186121551086,1.4884764106551676e-11,1.5578722960838333e-08,78622723220.17703,0.0062432097865458,8.81069858600016e+16,3.2924955392115773e-13,1.0432738563410809e-22,6.727196671240889e-32,8.953315300021378e-28,2.9184372326869348e-27,9.411026972949383e-17,3.483263072737428e-05,1.19434097628271e-34,2.2326076792643176e-33,3.2682601112780784e-19,1.6303461032159466e-43,1.7364290372393319e-25,3.407128507287539e-16,3.0495311320543848e-21,2.1549115925179745e-17,2.4797940036872108e-48,2.0895654169430387e-46,5.7340502322518535e-37,2.5924747589196853e-25,6.965049963482669e-71,1.4212216444437416e-70,2.4184809368007483e-61,1.373591078368899e-88,164851588.45666903,378730311556789.2,2.0363676544516344e+18,2.411494870183397e+18,1.0529376485773988e+18,8.132426880426092e+17,1.6604778038229376e+18,494.4203309578809,9097330579110.371,14298309.073063113,18304.596810222974,3.981408406225343e+19,1.1492179020701508e+16,1.120060049525321e+16,20.633511124337776,18455422.152712908,0.0001160089012738,6.439489986085772e+20,9.159229595236568e+20,6.502799484013637e+17,1063.1549749101982,8.849413543816851e+21,1.7422903569935027e+18,1.3882203750355853e+17,2.2151183672492236e+16,8300513091285811.0,577431394.65212,235754498128.4313,0.476976714404837,3.36745831224874e+23,2.6897342212647967e+18,2.1541403835010568e+18,7.595658640075919e+18,1.9809082834760392e-05,2.2860101846559494e-19,7.872241782122313e-33,2.419760838052649e-47,3.2280648627073656e-60,3.1887851040180253e-73,4.010467348195817e-87,2.619134458451796e-28,1.2009936812293644e-24,1.0860060430241832e-28,3.610035236881218e-25,2.589045950890375e-07,1.4663345627235615e-28,8.393041208578745e-11,11236.28624050505,1.2168568350179384e-36,8.365787116333846e-11,0.0636520610060716,0.0006633645590314,9156412.707415326,1.479410035373374e-07,2.55393340994322e-14,2.9542877392906467e-09,153927.113816762,3.589490117250435e-15,5.80196040180536e-06,7865451676.575997,1081293761515.3064,3.997718471090859e-06,671.4026271747344,0.0681958405494726,4.6666870170490055e-06,518046.6209879147,374849.6174164406,4640742027.407256,2.344749589007437e-10,1.2100745208967688e-06,0.0,0.0,0.0,0.0,0.0,0.0,0.0,7.547785894963719e+21
1596.9438923421972,121762.1313198149,11.997868370587518,11.31352572478708,13.373831480347764,13.962092351898397,13.646604125129745,177346.98983964982,801789651773510.8,239807.726105719,1044538.5122968316,800691286.5012704,2331638177803814.5,160723928.09819037,3.5121668307432495e+21,9.60722404420331e+19,2.060560915005846e+17,229940673894707.8,2690406827027.758,1.0870230558839384e+16,1.428374735111734e+17,3.742165101272149e+20,0.9935898492853102,585811532503390.1,423934437978.7408,912735518.8155016,2626362336971.654,1.227197527847489e+21,4.284483393001107e+20,2.4457200778044096e+17,3.61477110766549e+19,1.777355966543534e+23,3943298.9977400815,3526589572574390.0,2.6081364711953256e+20,79513818976.62596,639.6670598667849,3.018935346253348e+20,192044074980.88663,543762.6049107278,0.0017466942594008,805431067044769.4,541222041994047.94,8.549713670571135e+20,2791478016989.791,72078827587.37056,1.5949645794540755e+17,1280353594938029.2,5328934533389903.0,154623382.600519,9.771336007123715e-10,1.0170182897504724e+21,99622301847.2282,87675378375.2092,30491040.01865116,10.65504640382558,12.83461778590517,1.177957474639205e-10,18912926437.45928,0.7264601586096733,1.1831528093644444e+18,5.110067431437305e+19,86653297799583.44,535622257632.6881,3.0395984815329116e+16,41.17214722654034,5.701414516597541e-06,5.310577560539841e+20,2.340484948712264e+18,48938590134.61919,24660609220.69874,0.7845644666865285,4.730761868634441e-15,1820467169472737.5,3.650475906703999e+23,415815965.7089722,5.3589076185210954e-15,2.0340850375688455e-26,9.1097471641016e-38,2763633944.470868,11920544130362.662,150821113061519.97,65.01111790204658,29772708759.235424,1.3946876669237677e-15,2.6550682511274286,8.618813703490468e+19,3.089452589352183e+18,3.39022563360232e+17,4852993600173652.0,2297061428492135.0,667994366425064.0,31556149035229.496,3.4669480221152868e-15,2.649209435424099e-06,1.8602095328540943e-11,0.007830510007103,966.4262673978992,1.278970967854022e-14,163972896853.9322,68288.18305012333,4037.178845642867,8.417805240633547e-14,55.4101227804401,7.302918772642991e-17,1.595322863904947,4130261270.028287,8.700404059509233e-14,0.0023603885286299,91.84989263284685,3.8945213020656647e-22,6.060528908551867e-07,5.000623610939682e-05,1.1203159153611091e-08,8.982823110070059e-11,9244.08465565243,9.685118798121435e-17,2.0771069839835485e-23,3.817509683877252e-06,9.512610370916766e-22,1.875528596620747e-12,0.0042448016512482,3317712.6459776517,0.0,0.0,0.0,0.0,0.0,0.0,0.0,7.422603688927021e+21
1309.4194018697904,55044.42566064421,11.993743732895172,13.443765253326443,15.204342959779552,9.71885325902836,14.084095581366237,1411932.9322073872,1943834379.6460176,1.2081628158271402,63043.675965423194,0.0242597685579202,396919314608.36145,6455.351563854862,19109967128629.668,199903196454.9081,15892876.596124424,24790529550.601105,294641.7658061701,1444520403.1621938,73119576.91722889,675757600.1183157,3.4766302768326824e-19,273439362.2715335,4909.8466663382105,2.284121344803e-06,0.0397241173753913,1.9822305769519233e+22,1.502964364179739e+20,1.1375550120516749e+17,4.756906829612873e+19,4.7270885976029404e+22,243491520.12074044,7464330500452707.0,2.798147291173664e+18,82709.43065432548,2.769131064837913e-07,473463554135.2771,0.4650837063087621,4.6167017076931855e-10,2.5994103856065317e-26,329579697626.01483,19865299423.539276,1422148793111.5913,429083383835419.5,5.5075984305533656e+16,7.638453715748886e+20,11237070.079187443,8.570720440087522e+20,5.870016972294521e+16,2.4788918337083418e-29,2.0422405954177915e+18,2.354910990780696e+23,0.0015637634685593,1.153304389588696e-08,1.9528201696969896e-17,2.4236194311992097e-17,1.4637160908955499e-31,278.680244760634,5.703667239863373e-12,163813216692.47708,413512625346.5692,0.002260041525019,6.533330620351737e-13,4247753.920531146,2.6623519736179033e-13,6.765136205961104e-25,97683953783.03304,0.2652714734782028,2.7333946376597765e-21,0.1259082985680276,2.8985539943922898e-15,2.3356332840160193e-33,19934.02740710354,2040468786.7051165,1.5656026290090258e-10,1.444484556523377e-40,4.5788457689254305e-55,4.916957515249604e-70,9.994816127708009e-16,54220801.581235215,27094443.22393963,6.049342589988468e-06,5538.993455047735,3.2901504876031005e-27,6.670939326780245e-10,2677697239131235.5,1110389478562.2168,1492930755.5578632,510613.4395795514,3582.1126526878147,11.184838152653688,0.0086335997678482,3.0601112222885974e-25,1.2935510107125672e-05,2.9934589748681382e-24,4.10921059592786e-05,2.189353907157103e-08,8.963062041959519e-32,365224452.3432944,708120.0596962102,1768238139.358293,7.1710114560652e-30,0.0047993603514069,7.278674253592172e-35,4.682080494764944e-06,240364.0946148464,1.274460864158314e-33,3.5030412373920605e-12,1.4423574459395822e-19,9.155154838357314e-44,1.7501510521069538e-16,9.259203445274293e-24,1.9308019226148984e-20,7.415351849748389e-37,4.209647475186992e-11,3.7020181994299914e-45,3.61454310989566e-39,2.1299416421455192e-09,3.614658490336915e-38,3.658248025014826e-18,4.5976733275093506e-15,167812.11149853255,0.0,0.0,0.0,0.0,0.0,0.0,0.0,7.224252078683733e+21
2233.994366793625,82203.18406615099,11.99506157756413,17.172967334140385,12.802690330236455,17.77848710045846,9.599084421649172,34280743.64558938,9189763271303.062,1.3501856601770424e+18,0.0004414296970733,15367022805818.611,37359.04390046413,5.49652984577667e-07,564.811288537547,53.63067484901115,6539272.568015014,166912.968569631,1.1734289943773034e-08,29.377860438237235,4.052608070413283e-10,1.0073495132357594e-12,8.89671452432933e-13,465.7240115031047,33435385.341711614,0.0182366396496387,5.180191700201997,275929678349995.2,3.1845089852870103,4.5253100685572183e+18,5.853328828239053e-08,5.246982909999221e-19,2.3601253605742146e-18,1.0481393100592423e-16,4.689876684236137e-18,1.4505944331565658e-10,0.0183773592051121,1.5153200448765531e-27,3.541691308502473e-27,1.9606450890143704e-16,3.471756536075222e-39,1.1888525867823302e-12,1.4122816365993496e-05,5.739062051582403e-09,4.220754077062956e-07,2.279892102902576e-30,2.025242703297146e-30,9.415101230731002e-21,9.359734610468962e-13,2.0569276050420647e-47,1.1831806791250597e-59,1.2832825672340063e-38,1.9070388063760776e-60,15563707324.31755,632751896816808.6,1.8328208417659107e+17,2.121950244258443e+17,2.1573952683097904e+16,1.2172885326265218e+17,6.617541519292254e+16,115.69874640729034,561908060549.3195,44348759.01029882,415839.02772858366,4.953385476775555e+16,23263797611528.125,671330019.886265,0.1719242581685556,865697.6106030744,5.105087401240212e-05,3.638038757967456e+21,1.097974420320912e+21,5.925911403158508e+17,27588.102018187514,2.115924592005544e+23,5.189746275046562e+19,8.091413513926106e+17,2.6091269255547536e+16,4665539937614650.0,12854702189213.99,16274219059.756256,0.0029544179257718,5.0126796911480934e+22,2040863606376204.0,8.000285953870186e+17,790960762344144.5,2.6892411040368472e-06,6.986967088204459e-21,5.27791108441505e-35,2.165810623517313e-50,5.515474927568607e-64,1.3379188283614083e-77,2.9700875169471922e-92,1.7116047165624351e-16,9.531463219691562e-15,1.9655258263402505e-18,1.0852542550483423e-16,0.1327226197331084,4.6012852379331045e-16,0.0054689085938567,55219991.72300732,6.083361441669245e-23,1.4301289784549791e-05,15.54439376099477,3.0062920314711614,26949299.225542884,3.689659784279198e-07,6.958125959415503e-10,6.259909399190447e-07,5955.5574718193475,7.883309626356103e-07,1.5845392686537374,13225793032120.729,13723925869786.764,47.91747637665705,17924492.996683583,45676.13970450542,1.7715319774519762,121059928.01397656,445222614.8533551,71145300668.73022,1.1719815010308192e-06,8.291422838882828e-05,0.0,0.0,0.0,0.0,0.0,0.0,0.0,7.217983605516868e+21
2344.7099670252032,139517.4165188969,12.004400676641014,12.231782220475123,6.183609192178786,9.314731423047204,9.840582498464752,2345273546.13439,2.9044968261497276e+16,5.217421009097544e+18,0.0002050002756925,1332525550068.4053,13265026579.331863,0.0003437209285903,2951.733788556476,324.49686928176857,39479858.388087526,53541773.22481848,0.0079199899620031,11613864.738178082,0.2736667914812731,0.7133574702719921,2.4317692920876373,2.789951113506038,214122.57384237135,4.3583457675729745e-06,0.0009431188883507,32317305066777.023,64560.92728645548,5.551983618779288e+17,0.0015937110490386,1.7545140947204751e-09,1.1503066042285449e-19,3.776918380732012e-15,1.6819650131544404e-13,7.622810481248338e-06,1166.590807792158,1.171998993796588e-16,4.498746111161851e-16,2.990841455597395e-05,2.646594500963468e-21,7.769334712683497e-16,7.963868021577304e-09,5.399414862886596e-14,1.0871871635611998e-08,7.864042631811704e-33,6.461169470584482e-30,1.2572900805745947e-26,1.5405432249100046e-15,8.613944869432263e-51,9.844454901723313e-44,1.338104537364092e-45,6.43865834851748e-65,1840390550766.4211,8.125924948489824e+16,3.237965288245265e+19,3.730575334998827e+19,7.089758673694359e+18,5.002388786442006e+20,5.220718656328097e+20,53343441934.465614,1.849258997807603e+18,6243955068031.413,1678191528.7907794,1.816407290149833e+23,2.39672943289882e+20,1.293684613708642e+21,96079093597.51884,123624931793333.48,538369.2172344667,2.474014025170248e+20,1.3657935225440472e+20,1.7681886164078483e+17,263637883.1393542,1.4485281924543642e+20,9.446224152960698e+16,6708995185662602.0,394015788033764.5,152552102119620.12,697378858.9927397,6035188380057352.0,170533417.3224104,2.1389404047740656e+23,7.440914692372144e+20,1.047093381056923e+19,4.8247523036419935e+20,117347.05342486428,5.7709805544908446e-05,8.213113984447431e-14,5.7160122235926155e-24,2.664029925243522e-32,1.249573379477276e-40,4.98864032340558e-50,1.9779856168242957e-17,2.067718208516687e-13,2.605844364215327e-16,2.859511979945367e-12,4.966626636084468,1.3902551322227453e-18,0.000813528037098,382123632.8515344,6.943666381429715e-23,0.0199598550613758,2597916.352395498,4945.065625535038,4495555562624.3,6027.670388950012,0.001611266810211,247.6279524686325,5036419547494.793,3.80801898197706e-08,8.902820788219127,136434814708.95293,60886813351273.75,0.0236624034951354,1162202.3881916075,31.254795147502428,3.030599893246812,20788182465.05314,573978141.6828107,17438833401333.436,0.0825490485336619,1123.3980797949584,0.0,0.0,0.0,0.0,0.0,0.0,0.0,7.169262704409365e+21
1519.84926729155,61627.23311123966,12.002509763665511,9.186316568749705,13.307344809705064,8.038507170851204,11.057642052030667,259520726.04644877,3857980393375.645,7.584399623478345,43409633.59969621,56.67768109495865,5886235522999.476,117448323.76260416,6230172691946782.0,136494192876207.52,72235964.46138875,111635706820.58044,47909261095.71899,106898100031.68253,70133342122340.66,4746207956917806.0,9.855153467150133e-14,30548552005.258408,4962.484183825604,0.0110954102795716,48.32708343613342,9.81722764475538e+19,2.638983369927637e+17,4545448471975.478,5.732528246083494e+19,3.633264284921912e+21,64476274914.35248,2.5177605439299763e+18,5.222818653908689e+21,52318.748362137354,1.9425800843897897e-11,1.4465351463523356e+18,108762.28008622408,1.3582756389599392e-08,1.2134914630633537e-17,15889597047679.98,3231586447.997607,18202830546012.727,29703258216911.152,8.269479190694742e+17,5.4081764220394875e+22,1670979.3546208246,1.1807939555992614e+16,5.866351775802906e+17,6.587922291453441e-26,3.44547509362468e+18,2.2511328049986257e+23,106.19180356160568,8.01115221255156e-06,4.3094058309667743e-16,5.226947904926339e-16,4.655975491703743e-31,14827.658571648491,5.2730575924071855e-11,55057185334998.84,6285107207462562.0,2214.6188868040786,5.2635725890329075e-06,774628996.8222258,5.516619188389178e-11,3.194105340362488e-27,509707524156082.06,1621041.6833676328,8.771385981214004e-11,0.6120594098338794,1.9347616882935692e-15,7.827380008010625e-34,1906909.9054466009,67498812509.06699,4.4064485261945424e-09,3.537354158650514e-40,1.374275064195576e-55,4.734955231210918e-71,4.288357009448411e-11,6891233.996257158,772631.3282776871,4.324448586164998e-07,4.34324004653627,4.247566706223513e-28,4.4388238779392097e-14,2748024148214460.0,656733469177.3828,486235823.5378429,54810.46226549214,182.90426044272073,0.3478409143678364,0.0001185209125773,1.439151119030322e-18,0.2767175895973061,1.7151600708800152e-16,16.1449384632877,1.474795791137134e-05,2.311603902179511e-24,55153363663.32271,2372.1163634668933,466698219232.668,1.7096819351264638e-21,554.9015171493332,2.8102866529889575e-28,0.0038717504019033,709425831.5898376,2.272556925872693e-23,0.0001783853265504,7.23195044484497e-13,8.20846666986928e-35,6.579654688088298e-11,2.6037824984928604e-20,1.0406167386742912e-19,3.3699198017739905e-29,1.4847724715937016e-06,5.531955487224424e-39,2.762036576286179e-33,3.2633597043612857e-07,4.7089877253392956e-35,2.294725778834009e-17,1.503735019481237e-10,28437618.878432516,0.0,0.0,0.0,0.0,0.0,0.0,0.0,6.509085636591397e+21
1393.287877550469,46219.84774886883,11.982618947036448,15.37625250052231,17.627104830367816,18.167234437997195,12.678513160064282,56.869624640244986,2983055061.59365,213.1370286038433,5346.732745230881,3304517.2345038215,113691780440.01051,128.39517197223196,3.086218623126859e+17,4452235016703577.5,3173434914481.675,1057558867.4057184,858.181524097488,11748369.205957422,26015.779610568297,32262.443205049243,2.572707210920424e-20,49132220175422.93,9024937251.615742,9862475.30396581,93876424005.17332,7.746539812345547e+20,3.3066473476497786e+17,4.327083732887499e+16,2.263203178531392e+16,6.006061014245873e+17,67383.51259771532,129539065060.02222,5762423421603.21,33.02975428912352,1.3235137366977036e-08,77662.31717593377,1.975033195854728e-06,2.465763286207359e-13,7.564549834033326e-31,202619950540577.9,81485858221428.19,2.2908908415779233e+21,260192397773.8494,21682392467.049,33341729301687.71,1018709196121610.8,4996072041677051.0,95228782.68260393,5.7623009970949064e-37,3.318607262229525e+22,679510921304.1276,52108.58950563664,4.153635657853411,1.2422787505759918e-07,1.526467425048586e-07,3.174085268672562e-20,7040.045754604757,5.333937762849472e-09,10299839807.766905,86962527505.93796,13582.402195375806,45.74539669538989,10361026.854425969,5.433029642900267e-11,7.331463885499167e-22,1142986372.480224,199450.6647453479,2.2381336564527903e-08,92847091.86534277,7.142145356943863e-05,3.3727296965234978e-21,59972137000.9748,2.0401969440583263e+23,1154437.435395085,2.310505406883149e-21,2.3234095697386072e-34,1.2049628184192918e-47,10500391.88149441,155518235.77982768,3592094.0696310163,0.0120941181966188,137769.5336453917,6.734443869855161e-22,4.4927354140362e-07,21272982072411.684,614116116.9263704,56294.90511745802,1.0503435508363963,0.0004713934928713,1.0479722292453229e-07,5.0105011671752745e-12,2.8765679551095824e-19,2.0481579341060548e-11,4.716011690448458e-19,1.3072506874247032e-11,0.0019640703488462,8.243837172388146e-19,313668591.0592113,7.7512881599339565,2.0492548089124467,4.242638409772513e-22,1.807420028566622e-07,5.692129089344338e-26,1.6342736724439231e-09,0.1633121016287204,2.779440796018088e-26,1.0508827780594459e-16,4.0348425828505843e-13,7.965955079536499e-28,9.099237257805242e-13,2.5881416304994573e-08,4.943322437846386e-15,8.243359891877416e-15,0.3654519947728226,7.375608291523777e-22,2.4725936904774147e-29,6.316953293166842e-12,1.2275873910342795e-27,2.1439723579700685e-19,8.931437102537229e-09,0.5810310429068613,0.0,0.0,0.0,0.0,0.0,0.0,0.0,6.355842816757613e+21
1653.744796113072,100002.09797201087,12.021251076159576,13.939722060996129,14.671826658269705,8.002619805037407,11.36750902095176,558154313.5829866,1202752343017.5146,535403.4231342365,1153147674.55291,506.7357105776695,11403048426828.3,110745623.80268715,139985404805400.69,4450031687551.469,5307675505.084032,45031558633981.17,927400584.0818024,1207826030649.4834,22665577355.87376,28574927491.470592,9.426947093265256e-11,58449807806.06225,25095810.86873225,0.025755463869807,55.9947587818133,1.8732864277986807e+23,1.506338145960893e+20,2.164187010557136e+19,3.104500105317852e+19,2.4801706225162604e+20,1049743967490.821,3.1665591767130496e+17,1.0662881502190246e+19,1528033674.8274748,4.587977050560612,5720160335488.877,3333.3004924951947,0.0036372157778422,2.267052824543953e-17,19926691916861.938,6483391792178.047,2119015363278.267,2.1448568380455386e+17,3.1241927481782646e+18,3.032100218583089e+21,581746322.646358,3.2791699719876575e+22,1.822925191590193e+18,2.2438685931555514e-19,1.4417413432819818e+17,2.141149334135717e+23,35.261200718706704,0.0074403455130039,1.991519587432311e-09,2.387666542190362e-09,2.2938989417114414e-20,20873895.622076537,0.0008660112864127,3496629019973.099,37111794229402.18,19.22136512779556,2.3944734906181217e-08,13808110833.802835,2.9648436484306677e-05,3.1621138119242808e-15,879306177315.0725,241.8502168592555,1.2200822490455226e-15,6837.205457825944,2.239727749072399e-07,1.8158019107378586e-21,1702354.7579397457,12706563115.592293,2.1646772370683157e-05,4.041173077640613e-28,1.5501204074216076e-39,8.50131581270595e-51,5.4365710440576984e-11,34087975345.918617,902240368.4679824,89.89198728350935,46635877.05271163,3.3560956889615717e-15,0.0038899032570965,693524050552555.1,63081645612.446365,17432576.576372698,565.9045815863514,0.6547845100398431,0.0004899299251454,5.5702100171595736e-08,2.1307190991685198e-14,6.368500220307185,6.089085844043927e-14,10.841016434574009,0.4850311688887697,1.4550280541694042e-20,18814205973.085316,16069747793.869804,1161475747738.0176,1.2596090448333013e-18,205.64014806590004,7.260600305813202e-22,3.3291924409123412,20456830.891897596,1.0043224227591497e-21,9.69631487584629e-06,9.891708976840058e-11,3.1139998339722784e-30,1.1668353111282455e-09,4.6690105280845584e-14,5.2956620216296256e-12,5.123062450693931e-26,1.4386639338091545e-06,4.263109981083114e-32,4.6381703135754385e-25,0.0176664585934983,8.935645239197441e-24,6.9767356168024845e-09,9.179594491342445e-08,28818023.761143412,0.0,0.0,0.0,0.0,0.0,0.0,0.0,6.339936889938912e+21
1653.744796113072,100002.09797201087,12.021251076159576,13.939722060996129,14.671826658269705,8.002619805037407,11.36750902095176,558154313.5829866,1202752343017.5146,535403.4231342365,1153147674.55291,506.7357105776695,11403048426828.3,110745623.80268715,139985404805400.69,4450031687551.469,5307675505.084032,45031558633981.17,927400584.0818024,1207826030649.4834,22665577355.87376,28574927491.470592,9.426947093265256e-11,58449807806.06225,25095810.86873225,0.025755463869807,55.9947587818133,1.8732864277986807e+23,1.506338145960893e+20,2.164187010557136e+19,3.104500105317852e+19,2.4801706225162604e+20,1049743967490.821,3.1665591767130496e+17,1.0662881502190246e+19,1528033674.8274748,4.587977050560612,5720160335488.877,3333.3004924951947,0.0036372157778422,2.267052824543953e-17,19926691916861.938,6483391792178.047,2119015363278.267,2.1448568380455386e+17,3.1241927481782646e+18,3.032100218583089e+21,581746322.646358,3.2791699719876575e+22,1.822925191590193e+18,2.2438685931555514e-19,1.4417413432819818e+17,2.141149334135717e+23,35.261200718706704,0.0074403455130039,1.991519587432311e-09,2.387666542190362e-09,2.2938989417114414e-20,20873895.622076537,0.0008660112864127,3496629019973.099,37111794229402.18,19.22136512779556,2.3944734906181217e-08,13808110833.802835,2.9648436484306677e-05,3.1621138119242808e-15,879306177315.0725,241.8502168592555,1.2200822490455226e-15,6837.205457825944,2.239727749072399e-07,1.8158019107378586e-21,1702354.7579397457,12706563115.592293,2.1646772370683157e-05,4.041173077640613e-28,1.5501204074216076e-39,8.50131581270595e-51,5.4365710440576984e-11,34087975345.918617,902240368.4679824,89.89198728350935,46635877.05271163,3.3560956889615717e-15,0.0038899032570965,693524050552555.1,63081645612.446365,17432576.576372698,565.9045815863514,0.6547845100398431,0.0004899299251454,5.5702100171595736e-08,2.1307190991685198e-14,6.368500220307185,6.089085844043927e-14,10.841016434574009,0.4850311688887697,1.4550280541694042e-20,18814205973.085316,16069747793.869804,1161475747738.0176,1.2596090448333013e-18,205.64014806590004,7.260600305813202e-22,3.3291924409123412,20456830.891897596,1.0043224227591497e-21,9.69631487584629e-06,9.891708976840058e-11,3.1139998339722784e-30,1.1668353111282455e-09,4.6690105280845584e-14,5.2956620216296256e-12,5.123062450693931e-26,1.4386639338091545e-06,4.263109981083114e-32,4.6381703135754385e-25,0.0176664585934983,8.935645239197441e-24,6.9767356168024845e-09,9.179594491342445e-08,28818023.761143412,0.0,0.0,0.0,0.0,0.0,0.0,0.0,6.339936889938912e+21
1698.7467386107955,88924.08276570363,12.015744896598884,11.120467567467756,6.50845783288047,14.103660977347207,13.922450654225434,61161649.99596106,1435291640849880.2,19933274895.25076,0.0025592366083277,6111985585.339342,8.557377988803062e+16,0.1526977059071757,392079549566.2961,13939347375.088964,219958563739.42868,498130793.3814223,673.6308821287673,7733364606.481452,8154171.90969888,5263242895.272847,0.008566849181701,367282.94351789315,2190226.316204958,1.0723269163986686,1892.503286655104,1949968517293098.5,6723746516772827.0,3075425214828499.5,131523724083.44057,3474492483710825.5,1.6658324073660082e-12,0.0001974530087983,3.267472198599122,0.1119892522162073,0.0677235396490053,0.770085717929071,8.61380778417986e-06,0.0019395066937304,7.53161708834304e-16,9.148024535351166e-05,0.3551433021363282,29.753337051891354,0.0027643340152813,2.644498045316185e-18,1.22499528907242e-12,9.760114573789899e-11,2.7253727889338993e-06,1.208747791312297e-30,6.603429061089162e-34,1.023660900576819e-18,8.24774438222668e-38,267722666079.16983,797460133947.3455,3585879473.190323,4284133431.915034,872.5443534093013,405703921400572.25,365136585.4391839,1.591107641692378e+19,2.276254892568892e+19,82681428899833.97,530273250010.9198,1.2226069949517305e+20,7580370014.582423,643440435481.2607,2.293827202711803e+21,5.199064625447178e+17,13634250323.450815,913110498668021.2,626157809.0913187,0.1296999588860894,6.320568781246799e+16,2.997182066759939e+23,14120395576140.283,0.1457733568256902,1.1552374186632607e-08,1.5091509850870604e-15,14233711451.173538,3.512488686391467e+18,3.708731488060638e+20,47960813670.68266,6.286751982968194e+19,0.0554183768342401,102221986525421.23,1.7359588993380787e+22,7.274970147168779e+21,9.212893183669976e+21,1.2675068582035328e+21,6.57343788938441e+21,2.2906982518748216e+22,1.1537635749463889e+22,3.645391080871358e-24,1.175797297935959e-12,5.749874570027818e-21,1.169751611376481e-09,0.0002321499935551,1.202395761919892e-23,6112.051052265953,220383.87408889932,9.098272101882433e-14,1.7891857230004506e-13,22449.824819329864,1.55701195253213e-12,4845285.482420581,6365836398426.279,1.0378100769577545e-13,1.0077455681087193,31555.75748222496,5.33107065840168e-21,0.0015018354837787,0.3305558783084535,1004.3672912270752,2.08180615723371e-10,4824399.824102591,2.9269673552385216e-12,2.059457376874485e-18,52.74116594495353,4.2623592772956186e-13,0.3624865862424189,0.0447327121428006,15456512999.73343,0.0,0.0,0.0,0.0,0.0,0.0,0.0,6.334642299091618e+21
2076.8344951013405,86282.25493283081,12.005253266609548,10.989422561377935,7.282443349789644,7.428556657103059,5.65569906201483,1173825618579.2136,2.2951518903671708e+18,496589998892.5567,1327.285472797678,135605320.24604678,41270515622.463974,1625497.113428337,628831478418.4761,47190601581.1964,18611497015.228947,4628092527881.589,48580791659.92652,925120185565268.0,2658314995047392.0,9.72352304237213e+18,10135352.413834618,262624.19284429075,54680.34192599774,0.0003164696898922,0.1391611863358175,2.4256809673054e+16,985243454.8780614,1193400803129615.2,3492736.0920180525,190.96098177423215,0.0002319747669357,26535.47225815685,1900298508.7806883,324932.15911943873,317.14713356164316,450309714253.5051,1535875.8267194987,643901.5956013948,0.6787994468059192,0.0206629799506565,0.9967723732485412,0.0157330673104656,372.6789626689924,1.3741487164741622e-08,0.0216397467843445,1.6661208232660041e-12,0.1936419315772138,3.2375411494730873e-18,2.5961804517166277e-17,3.749770432010349e-17,1.5029074817531793e-23,132143102064.16763,15164957811.076042,8509850.387302946,9928303.320641508,1.1961311711803773,6.412282942668028e+16,39538390696.54902,133024052928428.2,2.0787197622248492e+23,450890024106428.5,221250044.7447756,4.959057131926029e+22,14364467952242.334,13401.198326637554,2.301957722654572e+17,1.3651136747890964e+19,14687883083.399214,152423921032.8707,56341.171876389984,2.4187618047120475e-05,1757585.836341618,768257117832507.8,127035.02345545052,1.8126568465272959e-09,7.24238357310127e-17,1.2090751232777533e-23,0.4791841959034256,53984098897.32907,40721.725600722326,50621711054.85072,22418803807.55183,0.432245527110734,12297.5330159674,18032876.387548316,0.1426210937806699,3.305740539212146e-09,4.921825427910615e-18,4.029407209725064e-25,2.882493145088037e-32,2.113675501693905e-40,1.61052076043784e-16,0.0017975434729721,2.3478027263406208e-12,23.54811967650532,3.8841954456781305,2.6184449312581342e-20,531495.6499079658,673242484.2576476,0.0011334214664715,4.458949796368326e-07,199488871010.84747,2.3156378954347293e-07,1114310559504.204,41153009817.14153,1.5273055863322253e-05,3200591144.487939,3342442476.417941,5.9850254662131e-19,0.5187859852507354,0.0003832279195443,68.03453889722275,9.904997937408682e-15,1314.6244366561689,1.807139187896931e-17,8.100884476824309e-14,3023295.9342645565,1.0304308953242575e-10,3233.028068078041,5.826453571692153e-07,7937486.06191148,0.0,0.0,0.0,0.0,0.0,0.0,0.0,6.274667973519999e+21
1536.8592114157386,57828.682432980895,12.026720982954055,11.051140873290894,12.743326892869431,17.73599945476373,15.760834690614804,5505834.865418315,5381636196421.935,996534.2591966648,0.1973080963204279,171510414.69003612,5555422442514164.0,0.5532151870826173,39481260870585.22,910145564030.873,39510108982.034935,34373132.92240473,217.00890163865603,33018925.021299697,296938.54725057393,19066046.31615485,4.2632853214178134e-12,217337581.27402225,2959199.825582309,181.71722708226227,719682.781805852,2.285674574436646e+16,4.489328580927421e+16,88005089425876.17,131933960055392.86,5.428994626520086e+18,7.955376932483705e-07,26.13204413699113,50466.48655384743,0.0039174011461044,1.0427595230967218e-08,15.918928878490709,1.162137028827299e-07,1.0510963786075271e-10,1.7362712920478422e-24,309.5809779880989,4928.401024019477,574564606.7092202,24.066216471422862,2.4260708243426497e-08,0.0014598971308323,0.0130470927803683,1.7880077715447045,4.8597773532107556e-17,4.639721235914903e-40,0.0007960979982381,4.602558977310195e-20,335120319.47248316,2135959.669354286,10.500425726651535,12.715978453544908,1.150614470302207e-09,1866275711.5574217,0.6815803437998561,5.327297391656205e+16,8339644462565926.0,6946286673.426721,33885433.83662198,87765158454341.25,0.7307355816684277,0.0002135059747987,4.927312523972346e+17,4771343747793.778,684.2849408333745,140180253419.25357,44.77546694011109,2.002539448218395e-12,3630571427241645.5,2.7025187351802338e+23,2022186080.311026,1.841971431107512e-12,7.180463546628853e-23,2.6507849124580122e-33,499531873.0802816,542742009390310.7,4.305831333487299e+16,4834.971182749182,27914389423458.06,5.73130140923798e-13,27896.777020407873,1.6920922516999693e+21,3.0541253874700314e+20,1.7030209735989058e+20,1.3955034105028252e+19,3.472082595956648e+19,5.008516377606149e+19,1.2657832006341413e+19,8.120985522201043e-25,2.3578989590215008e-11,9.50721350559234e-23,1.3887773551385961e-09,4.334273675712525e-07,2.602383494861486e-24,5926844.879891688,921.5743706292768,8.5166592665848e-08,3.6072414284425863e-19,15.152645706290611,5.168042782440482e-21,8.709663939594078,11786003877.04772,5.338303831918133e-21,6.128150136699038e-06,9.261237574034784e-06,4.0699709009443325e-26,4.180178914364542e-06,6.245411069806097e-07,4.114811698861345e-05,2.4139429673494372e-14,142181.00137896018,3.6304542421329448e-19,5.494113365175498e-26,0.0007905563549709,6.992738016411632e-23,5.1666176542285206e-09,1.6298685971142304e-05,469637865.9786127,0.0,0.0,0.0,0.0,0.0,0.0,0.0,6.203601978942496e+21
1947.7625114850716,89110.21027601046,12.002655678908484,9.246672175859397,9.70891994027262,7.823061379093983,6.141590792915953,1480176802645.12,1.1493756538168012e+18,1067812389.4301562,11136.217857865904,34038791.34739335,34225396727.66442,24916848.20199048,83350709989927.77,5009280960621.179,33067075236.13087,3229541108371.979,1894649259136.3213,1352984880055360.2,2.9700982310455994e+17,2.906857475916747e+21,107967.94712430518,9870389.939215597,31085.369729490452,0.0097317239672501,6.465485993167716,2.703030063232516e+16,2731485637.6730833,20787467086451.92,369920832.3388517,84454.59081613022,0.1549839279653204,80358565.60585126,16673026610484.406,432513.9762994147,0.0889365032089176,1.0170422486606262e+16,275035218.9996823,23471.528701714127,1.0841663751255357,58.70768898145731,58.498711139213455,170.57784977270867,10940.72384907912,0.0013189626472994,6536.189660112488,1.5078910373225497e-08,16.097947510962296,2.0206055451920535e-11,7.397172273646614e-17,2.5907124599177032e-09,1.120215628125719e-14,59256988435.12109,100088914.0599952,581.2459329890396,682.9924814387506,5.358501541499871e-07,358077986101687.44,1378155.4164290973,212235484686013.75,2.789969010372127e+23,444428109840018.3,294514029.97909117,9.403041937131214e+20,958780773.5152056,0.0005523343152832,7.86986575115073e+17,3.7806731552645734e+19,37887179473.91141,917359810.3921584,2.274017558888768,4.372236140313207e-12,2148864.960628313,1808810269228048.0,1145.711663291478,4.618567679560379e-16,1.2569579745321194e-25,1.0887890955247015e-34,0.3288894983291046,697818739.2067734,1525.2571120131106,1559162.131924324,4958815.252043847,4.0932511051094046e-08,0.0209391697472202,61932986.689274766,1.0610188847007576,5.370802578273632e-08,2.0433811211558591e-16,3.817672029671206e-23,5.755678742963013e-30,9.872834041946235e-38,1.5040665602853e-17,0.0334234672374132,5.086780174312039e-13,919.7353516875122,0.0949740495681715,3.7742349692131635e-21,114519446.19476683,19444680.414337683,4.753708432459014,1.0459798956025444e-09,183387565509.5081,7.034850590266765e-12,17024249158.550545,217997840069.16937,4.7779023946855136e-08,2295200963.673133,2268791.720357626,4.955801252499058e-22,0.1758965680321863,5.4169500800535584e-08,0.0091382607601464,5.219843520038033e-17,2358.8454354817027,9.741564156995656e-22,8.128203783509034e-19,15516.320976238752,2.632856913038717e-17,0.1613213888133122,7.572509834295385e-09,19765370.0225287,0.0,0.0,0.0,0.0,0.0,0.0,0.0,6.12030165921358e+21
2331.876519225949,125553.18039561156,11.99365469363246,14.094995097767733,7.21884606545036,5.763198987782703,11.30415761556758,1077975797.5384867,2907314560082238.0,6.529981291684972e+18,1.555581951005841e-05,7245690.950883448,5506844800.308961,2.869949768642258e-06,0.0001737527615375,1.879342989677483e-05,3.325647168006122,700129.0570745846,7.4577730246414356e-06,16874.952593741633,2.9305802796372183e-05,8.641737157022743e-06,5.363227387467418e-05,1.422324453002735e-06,0.1575546665296218,1.3167900944075586e-17,2.936782434316745e-15,4155628853503.848,3731.928651717535,1.0327163214217928e+17,6.131707990525086e-05,3.152419634031465e-11,7.812435089306928e-22,3.016712905620513e-18,1.528606102696514e-17,1.4048290535719602e-09,0.445107172572625,1.2649973221792117e-22,6.68186485628287e-22,9.210460305023092e-11,6.062444621341547e-29,3.529564022958917e-23,5.348651405884919e-16,1.6278813732479535e-26,1.1523908944403626e-10,4.9943988324645784e-36,4.709173601923565e-34,4.77173587184203e-40,2.245370861718444e-18,4.816703412255133e-55,3.8241749791125733e-53,3.2288941791246107e-60,3.3178329622220736e-70,1099649.7350475492,69958611508.75722,39123339104064.03,45099867148967.07,11626355213034.309,7.072507255752888e+19,9.983020103489503e+19,2446683508.2964234,2.0959303956476388e+16,416172.2957285206,0.0006876651079276,2.9579461682042356e+21,5.060067820961789e+18,2.5738125433537667e+19,490596972.5525928,935621.032610074,2.564521030010107e-09,2009793231946067.5,1508722859567988.0,2577059642893.015,677.651395872905,5588407373.466954,4753691.094461665,603247.7097106128,48192.81065700934,24902.54450431097,1.4773986030664548e-07,3625780625664639.0,46607344.23445226,3.8502322627516775e+23,6.512660482163355e+20,2.4200143899284378e+19,5.7991897914591347e+20,22750.509031332705,4.980100761423418e-06,3.15637545878314e-15,9.897988233040516e-26,2.061024617121429e-34,4.2926029221450085e-43,7.671617361385725e-53,2.3832197364360345e-18,7.525139477336859e-15,3.5169237729922575e-18,1.1585504921326672e-14,0.1121675001611864,1.0404535098285202e-24,2.133820316634417e-10,33385983.637015294,2.4420402106942934e-25,0.0029765830793266,123015.43930850094,1053.0201711249886,309631627207.0405,136.7530142385873,2.5833726698428512e-05,1.2118819375973742,14936226894.77635,3.00634855905633e-13,2.2389535229182188e-05,1859301.192554772,332392971.7119771,1.2878860917708499e-12,1.988123521545467e-05,2.385545391127239e-09,5.6493955374607925,12547977426.95507,1605592625.9687371,14713874943213.604,0.0558008684503644,228.759567697306,0.0,0.0,0.0,0.0,0.0,0.0,0.0,6.104428492113458e+21
1983.5896402279377,76562.83580444858,12.0183304787079,11.91400050827354,18.98905103340792,17.127810426116177,16.454536499422343,3222001.967778353,1314984824.6406603,286.73167101579133,588630590362.4142,139625468.49578983,1307731998832578.2,1034155.6250106634,5071071126307.159,325098008552.4812,317.2869374809104,14819.742473145125,56.087037270949054,0.0046836401186375,0.006057394979019,4.1657497028758784e-08,6.160825660286223e-38,925993037311678.0,443975.1505128198,2655328.4914487544,1564585050.4962025,1.157293557391548e+17,324498766230944.3,13419619.391608031,3.385776780787505e+20,1.8451772073800777e+21,225096276837618.47,70362940964022.72,10023426406.612947,6.798518493541016e-12,3.3188423427391036e-32,4.065085004437497e-06,2.0190084639689983e-20,4.136768665455592e-38,1.2373420149688723e-53,1.535890100516357e+17,21291519988.475124,8.296146874570572e+17,1774215489343.3596,4.4351868542462616e+19,1.4749361708577974e+17,341376462.39825904,8516123911.025376,1.9785929066261344e+19,1.3911967132291806e-68,9.493017973611311e+21,2.6782282349721336e+23,192.13855242947596,4.981042679576149e-08,4.9171179349432454e-20,5.765916881183889e-20,8.797959197270289e-36,0.0681788243445487,5.167226652365844e-17,6273562578.161486,224274.45429025992,0.0010723733111873,1.78657530060407e-09,0.0001174168402468,2.784293441000886e-23,1.0075770743769078e-44,17438.669570691072,6.320021886566294e-08,1.6590118811342752e-25,501.2649378078975,2.396460578236957e-13,9.99014942439729e-32,201293463985.93744,1.0624571811367678e+16,0.00152698008933,2.6207469231591755e-35,1.3687890698949332e-51,2.463888219776508e-67,7.582297931862688,4024999.909709696,233616.51002663892,6.477454593973026e-08,0.0042017607163829,4.113869070222369e-28,3.2869076616795586e-18,5.664368974721322e+16,28037068122136.227,40903826231.30756,4285405.175875098,22782.512162803385,100.00957986198988,0.0484680655044946,0.0012610918691586,3.2662698826179217,3.124763954511482e-08,6.782044376477441e-05,0.0004953075751879,7.654843074419179e-07,15071108870.423552,2.5255425813414346e-05,9432253317.152302,2.4411425409693826e-12,0.0004097478183542,2.615934572226361e-21,5.637241657976294e-12,10.59928535825095,9.594440828013421e-20,5.1565151540661635e-15,2.9937365319700844e-22,4.5916990735418334e-15,1.5404749673760717e-06,3.779419093743109e-08,1.5820905747767513e-21,7.75095742871235e-10,0.0349338627343994,2.467280103693951e-21,4.457320147266146e-19,7.539170868825512e-09,1.8899114500834808e-24,1.3572549994922542e-20,415.5297983377735,1278382.354559161,0.0,0.0,0.0,0.0,0.0,0.0,0.0,6.057760107713924e+21
2867.207086065933,102291.7023661016,12.003616839493684,15.956734180223826,11.710719356142498,15.85464840881733,13.426270684034376,38466411389.898056,3352334896327904.5,4.105520608891464e+19,260.29160666372775,2950176467649565.5,3599879684722.562,2.228964930381424,7953652.315886214,1493592.316451832,10073945937.682724,1648357452.0099406,0.1152815854840594,1331997.08598697,0.0068530764948726,3.684218881669971e-05,5.0880167662090314e-05,7229946.064925232,39828768521.884415,1474.894487945813,117888.681646659,1.4284446649519446e+16,573136294.4032046,1.6488384691970257e+19,738.20611347461,0.0046170939235897,7.935976679834281e-10,1.4828950589060296e-08,1.123261945719315e-09,0.0005471897350646,538.4333286074465,3.884126068856353e-17,5.234794018729578e-17,1.7317624123313663e-08,3.153820878091117e-26,1.2780830953229266e-05,4.071438490685993,0.0027516061392471,0.407798821677118,6.839748621802625e-20,6.680131834229013e-20,5.517221605168234e-13,2.887901567368767e-06,7.270974838234102e-34,9.712781095507305e-44,2.137902603690365e-27,1.141262685024164e-44,21605515100250.035,7.201438604381155e+16,5.234361047307273e+18,5.920272599363649e+18,6.323407861518548e+17,8.333593863484082e+18,5.373289109360027e+18,64087112352.72525,418028688213390.25,237715612569.12915,2492027147.2941284,3.3937143807902684e+18,1.1268893776053456e+16,5092957757178840.0,401149971.42679834,8537067063.921692,81.56672943610853,1.2383062817675275e+22,3.519650962027534e+21,6.445837661288209e+18,2170500517029.3235,1.0682234409247858e+23,1.4362058493243018e+20,8.421713050679662e+18,2.5686158038567968e+17,9.442277540479074e+16,848009435115708.9,1.0677041679137258e+17,40057705096.33483,1.3455017161368383e+23,6.898799106473853e+20,2.26916350455888e+19,1.672543321624098e+20,178019042.18114594,2.422838922328676,9.376848690683981e-08,1.1992033435272846e-16,1.367180027526167e-23,1.9424630269088577e-30,1.7680766581875634e-38,5.3258640517993634e-08,1.026891543987379e-06,1.9720201179025e-09,4.7480917599637695e-08,20180.20423598552,1.027852930766819e-07,797.559753742201,87290597771.5948,1.4749476596940108e-13,40.3030894353873,1842016.1231398429,1008135.5813456128,173960698098.28128,9890.611222734831,0.0358504060488572,7.139209454574362,259186500.8343432,3.4650603191712905,255549.99343793016,2344990384108610.0,2267264754534878.0,1870025.080024896,44966634942.83374,460585230.4621451,421073.6829797785,530045335430.57,1557862017681.2896,91272244293153.36,20660.480816291296,563399.3487596562,0.0,0.0,0.0,0.0,0.0,0.0,0.0,6.051306042659064e+21
2021.5543343175789,49445.68486484554,11.983118272965054,7.723352383007779,14.104307010040769,15.86398662805401,11.461858034322134,14561285.356317883,403740382652521.6,1276.4593133586895,9934925621.9765,969709203606.3668,1086526535391270.0,3649922068.410549,4.348433683783125e+19,2.977633260356887e+18,7036743230.618536,94119459.7004495,37520704993.9428,5971634.793876141,741473004370.4365,952128706551.5416,1.5224374421815532e-17,4.615631506401804e+16,55217844.8337782,647313983078.1375,337448832130675.6,2558184130761474.0,4301239483765.4062,732964.7218363294,2.116535788084441e+18,5.93153014163244e+18,32885655716.25974,1641536052942112.0,4.2644223566071224e+16,0.0002034770849326,6.3374717523864534e-24,816840770157.7909,0.0122611679279129,1.6197459309413711e-19,1.3715469994859104e-24,6.729311283171692e+16,21222805087.160156,1.1257048952400444e+21,471311095.8995236,47080560860370.82,2.786743390892544e+16,11155287534.296185,37911.97327955443,193040051848.56067,6.765723610436912e-43,9.635803562152833e+20,20053707670826.633,280911279241.49243,183.1936423578062,5.050139676488561e-10,5.909369985554854e-10,2.889015832250235e-25,57181.434918513885,1.4061434536229034e-10,1073405442951746.6,1.2852163576594524e+16,310350697612.1197,2179301546.365729,17133600.39596199,1.5624345044187007e-11,2.0605303745387868e-32,595098366537490.6,3366067492663.8076,10397.733170371645,7577160.33277739,1.1506211204368948e-08,1.7173628119088275e-26,686857615102911.6,1.7500940358869308e+23,94331.26593706392,1.8750132922336695e-26,3.0959617758072986e-42,1.9101764896029745e-57,829656108058.4568,8270573.558312495,275139.3010935832,7.312713995919487e-07,0.0207690925588272,1.859278032768604e-26,4.953496568882388e-17,2.426205304929493e+16,7503513663317.289,6823289581.187374,425287.617720179,1390.9812547961933,3.846209208020313,0.0011384001145132,1.6699257601081332e-05,0.2107814007968048,8.060667317806782e-05,0.8782089936757411,1.7561104554436,4.10666544925321e-05,2166500188398.264,5.748563048172414e-06,3868479.145498934,7.602139627814721e-07,508.665173281296,2.1286674396321632e-15,1.6981887348438297e-05,6150935.051712101,6.859659178894999e-09,0.0017231064599755,6.059765503179487e-06,3.5892110275292656e-11,0.047380235282308,0.0003591477237116,2.574323232516972e-16,0.0161221710910002,3020038.3280104706,1.4381108412219865e-13,2.0149465160906898e-18,1.2553347217716158e-07,1.826551524099496e-23,6.429437406174786e-19,244.7147719477028,3711117.449002331,0.0,0.0,0.0,0.0,0.0,0.0,0.0,5.931134563626212e+21
1424.8450634848823,53496.779211697074,12.009968045723754,4.892425937954387,11.210195464272998,6.006205346606724,13.297348043871072,11575370.965407155,201207545971591.38,6.757069575436283,1.0505307791638667,3345.5657641761027,3471732208139226.5,888.90464238273,368204902144986.1,5936203393402.183,47904090.26804723,50535525.70244928,177869000.36631748,18418075065.550835,151649822404088.62,5.463822337184951e+18,1.5557596843192551e-09,2316829.195727732,5.04564915981968,0.0002586748912363,1.9995403981710385,617152556008549.4,4588953218267660.0,401739619.98528934,3.4860142992982544e+16,1.2452062088585934e+22,0.0008436325788035,36225111.810793445,44887489075689.78,0.0447827233921289,2.6402808904563393e-15,853745804909948.1,354.8579620701681,6.644064231959088e-09,4.7533878588788095e-15,619.4609713662484,2.5466522261881077,1810050.2151269948,22.669577951476732,0.0129717354415797,542502.2685482167,7.289407004071619e-07,0.2138913099226137,3.942263148062347e-09,1.8450881102539945e-33,0.1046346197751446,1.454131852560332e-09,1885759.195644181,1.8153746740399035,7.775147452424789e-10,9.52091199595018e-10,3.57108724238139e-24,6628697.765216509,9.285145229806837e-08,1.0829721445036374e+19,1.7157217601768853e+20,15814066156.95929,23062.512040308207,252866862835033.1,3.2510544941495234e-05,1.035907912628095e-15,3.909245418026266e+22,6585913225331853.0,18201.570812770624,893.5493304475551,1.22659315942518e-11,1.2560933840364249e-29,764585037082.0398,3.435705393067156e+16,0.0045637269692104,3.660556013967468e-33,6.45747709243188e-48,6.789758343572267e-63,0.0016386276007268,55848224362.601555,20977468892965.457,4.705879945168871e-06,553775.4278942448,6.88837115147187e-27,2.997717796188396e-08,8.851589598600765e+21,4.788589780334821e+21,8.170006198160607e+21,2.6264482747973496e+21,2.1461435782935733e+22,9.015659977414662e+22,7.760480084656828e+22,2.2929776310837168e-27,6.27011020567745e-10,1.1790813880088725e-22,1.3351417653694704e-05,2.14371414551048e-09,2.6773852120400668e-30,1438543.9309458565,0.0130176182715771,0.0023835502882638,1.7865812797123472e-21,2087.7572855183007,3.1018532403326873e-27,0.2160470701197873,22126757941518.67,4.822399426068635e-21,0.0652917321520032,1.0608567660507615e-05,5.995673345231951e-35,1.8379896353854375e-10,6.972090362671791e-18,1.0802093521672072e-16,1.2501081743601401e-25,0.0163159800593644,1.61006400098096e-34,4.90365182060091e-35,3.009149148043495e-08,2.2459463996971917e-35,1.5193944708291552e-17,9.335523195847221e-09,2378525294.0014663,0.0,0.0,0.0,0.0,0.0,0.0,0.0,5.899754685692659e+21
1742.1905624160358,81181.88149758287,11.988809792269466,10.820636394734978,10.59738832329092,10.198423669846584,9.040273564333686,11124372222.139778,1.999948003254404e+17,1834532444.779616,612.0564139116002,335951250.3863409,4926100487526.854,2798660.4855700177,7.724800319388957e+16,3042745022887337.0,1713037919662177.5,205916048298602.88,813347419437.2018,2.2965144337884653e+17,6.130821866122353e+17,2.5404755969598302e+22,136093893.93730006,1279727111.011139,284763468.6235564,118.69693218519602,173073.39318295624,6.430843125325295e+18,765067052413684.6,3.725550950586455e+17,516577184177.7027,371055265104.92346,0.033757900682001,201569441.2467846,206282676959394.8,11982231565.222248,10492602.914143177,3.215389504107239e+17,180533420259.34177,60187690253.82558,7711.085988718951,27563.32425441025,3472565.549854846,140236971.18808633,1278558.1925427143,0.0034701426392187,96673.24350207452,1.7234725552922834,2684001.4634465287,1.4630984251131328e-10,6.130470898087955e-08,0.0343296991029654,6.99670292562364e-13,1141172678323.3215,128699902696.11908,25707788.90915747,30615001.195514575,0.3427973209649342,2439015124569921.5,123225468.98604852,6.863600926531159e+16,2.04242769851175e+23,2.4818769614242736e+16,4013093603090.5576,4.238501489460947e+22,191764279828.9012,754577.8412919715,7.044899404916497e+20,9.79923958150124e+21,775194185238981.9,1520715869247.0356,56656.60577032933,7.656560611133707e-07,88405122813.02202,1.709741041551691e+20,565013820.0632725,2.131105559934093e-08,9.07159631742154e-17,7.2476827200036505e-25,413968.3883465507,7462657244072.414,25432503819.80618,169414869.65366793,4716965695415.643,1.521963299594016e-05,390457.4851368802,27373084894079.152,422590782.215946,19621.154558663136,0.0921278956227599,1.7165678709527913e-05,2.226364688428152e-09,3.9855692652237075e-14,3.3904814299075623e-20,3.969701879690036e-05,3.6765505632245345e-15,2.8588072501261865,2.1988785393316546,2.6583579204654395e-21,1943903190.240816,4316865730.914027,0.1613196632766948,1.443641000910232e-12,481766248.86808306,5.0567557012543e-13,3733978790.495321,3236888981708.58,7.416209906153493e-11,2450738.1240412625,25120635.902292375,1.9938045292256805e-23,0.0146400325948316,1.519018359758046e-05,10.64211165720164,9.650929874823812e-15,634860.8140279888,6.059601211385533e-18,1.0995232810353436e-20,662.5065851302262,6.706603057439155e-17,0.2088266370728672,8.55715096628565e-08,109285845.98805603,0.0,0.0,0.0,0.0,0.0,0.0,0.0,5.899007735851395e+21
2066.885747867472,113763.75977104864,12.013632160069696,8.881257033453288,10.677655296676678,11.32374308895218,4.850413907730889,2496879617231.52,2.0378748297876785e+18,4970607032.508136,4787520.213743434,819988722563.6895,9540754432.486595,5718555490.08287,1.7296884356767224e+19,1.2772874917878218e+18,5852010176545117.0,203414506629494.3,170758843799624.03,4.005337510368079e+16,9.415862877095856e+18,3.453353198062939e+22,4182711.700340416,7061305569913.068,16953385196.869202,56055857.763552405,25398666729.442905,1.1815291807288745e+18,12013193727.255323,671887101682066.1,3549108793.6005917,50435.87948999722,3553.744998604811,423512957184.4857,3.058637721808241e+16,675255894.7496798,87.11375690488613,6.765758128725731e+18,253891064385.0257,14040396.608821573,1085.5658799850285,2350473331.1362185,1337613611.5636294,13185151264726.594,71134190.73353614,933.3140665210148,1491745788.6590176,66593.80841233891,1925977.4576822685,0.0009200177935839,1.0109557362660776e-10,566934.5124172461,1.8678809148528768e-05,778117276728475.6,1027732678096.0074,6469294.145155318,7551558.880756519,0.0098679293365326,642248556612064.2,4282275.133751307,30107741571642.45,1.8511326965737653e+23,2.624607680477507e+18,8798561576705885.0,5.0676306921366454e+20,1522566538.3247628,4.7563622327768486e-05,5.1407310858942904e+16,7.996066103025754e+22,5.340550869681907e+17,10991108627793.184,44162.1370386963,2.001146115805399e-07,2793903364.4251604,3.654001916036426e+22,63055602378.51891,1.0278116918030649e-07,4.4683241209620886e-17,7.959188309944895e-26,139290307095.36526,144234401.21333647,27.54195788448401,5820299.783286794,696953.0493105571,5.104683098006398e-07,0.0041973277450422,1083027.3443275169,0.002122844306827,1.2201418763489547e-11,4.556595296260816e-21,9.280025152959955e-29,1.6418658009744483e-36,3.000488500971787e-45,2.002857576268533e-13,14.371176250405606,2.897709068151021e-09,185538.36279317908,63.96949508675879,2.2465255225272665e-13,33940696221533.023,822683977.9123732,41510.478281227304,1.2818321825114977e-07,387272683913.27423,7.591096372627692e-10,25119868162.72587,21264507953.71297,4.18548352254698e-06,5696819889.597,11967159.559452588,1.1422668189119785e-15,6707.706088847216,0.0100587006500379,121.74451644605966,1.4455680743037196e-07,128250405092.24973,2.956014763306522e-12,2.624550678976626e-16,67438.15105336119,3.998512169180732e-15,0.8053908586607117,4.760795093874693e-08,4157994.011292523,0.0,0.0,0.0,0.0,0.0,0.0,0.0,5.872543257348034e+21
1571.7113617516486,32545.56513297183,12.014949802843825,12.608309206502758,17.402142176276822,18.94008701205569,13.964621884852711,868.5720234937301,6575784530.285862,10.203463824185366,760887.8987356956,287513433.6073267,4033738729916.748,1446.9151895464838,3.474808211055634e+16,886022155298367.1,154884346.88697734,230855.47742543631,331.91261644141287,141.03996326126273,251.09301037863727,9.181648658744544,8.45615534537445e-29,380619401021443.75,21784483.856743563,310434988.00754935,1018423824569.2872,1.3960764369511498e+17,119963782792055.86,2224525493.302026,1.0758915003905882e+17,1.5326702077828884e+18,4261482.0343221985,62806781968.631355,66538256613.59308,1.1083015116744197e-07,5.425123847447432e-24,10.846439285433345,4.454338664118958e-13,7.56256739723184e-27,2.8273315538074144e-41,766598091716208.4,44789347215.79145,6.918905692314906e+20,334150744.2591853,138807628544.71466,4474893630745.392,108288653762.95312,98179756.60279588,417909518.45065856,2.3323816389916358e-55,1.8265801469266192e+21,455381687382.15936,385768.0768726128,0.0104977625972318,2.5748113285708634e-13,3.108309872283249e-13,1.730353001610312e-28,11.088253136972128,2.5453420621578745e-14,25678422808.389164,5831206786.476827,4992.063382221156,18.924813874230708,267.52715888694354,1.8103734119381176e-17,3.952519576167559e-35,149817958.60132343,1910.7181380026493,2.2340830147982907e-10,806708.1225917739,1.568480741872432e-09,5.103563394801371e-28,1979041556173.9248,1.474605353891834e+23,8623.353391412049,3.5875884994177863e-28,8.398529547557051e-44,2.11983077124834e-59,422891743.0337036,1641668.8016257498,53457.6346590794,2.1435405350355505e-07,0.3365571754889467,2.1991016642321943e-28,1.918792576870987e-15,429315382313145.2,36193146590.33077,9375359.754124638,332.68911792020606,0.3769259235358265,0.0002561857559671,2.9178709086009607e-08,1.3532417886619862e-13,1.1220428864027952e-08,9.662795344190271e-15,4.2531529337611735e-10,7.472447988865384e-05,3.185075899579487e-13,834770275.1840199,3.2886081345482847e-06,35.19283215540434,2.81658429281935e-17,2.48913465516985e-06,1.8321512932580755e-24,5.808930312475472e-12,0.58877581042452,3.2585928710334104e-22,1.002602706083816e-15,6.40105802210699e-16,5.108769736609385e-21,1.082214427328941e-09,1.1086234162562488e-07,1.4800955620514514e-19,1.1739938827312676e-09,15.511309748421723,8.853198181354373e-20,3.601153988040782e-26,9.664034160908217e-13,1.531216313230933e-28,3.257204733657827e-23,0.0004381987314909,36.7055079128739,0.0,0.0,0.0,0.0,0.0,0.0,0.0,5.810004955096762e+21
1609.4826774425012,90305.44576079208,12.031333002756384,6.957149322592167,11.0279382301814,8.580250318808508,7.081051047120813,105273845403.44614,6.436981544962543e+16,11286.027270400988,14.951973043042496,393783.522661401,9916889417.71172,151382.8542377217,945475520496905.8,26759418398845.684,1970537106.8448057,6386033494.2306595,158581151880.90106,19438710104523.883,5.170156930111016e+17,8.40186265308912e+22,0.3604677023381828,2652086.047309738,66.8660638734296,0.0016926681794868,4.570435215623225,439883074343251.2,550545462.2086027,3038212548.618377,1450301845.9700787,23618503.310461633,0.0005721694964721,29282193.98080962,132649837434080.42,52.417573324597626,5.187245075028991e-10,6.914805149576201e+17,16911813.142897677,0.0593294184403863,3.0281102718762106e-05,37.19245148473449,0.8315516436639574,12780.471301910591,11.983684995900086,9.698598313098612e-05,13036.584140124707,7.149874974485842e-09,0.0070825728697978,2.1669109540364312e-12,2.0437315787290168e-24,1.556012719714792e-06,1.3280911263886588e-14,2848919559.9555974,34696.220137853794,0.0004476141353953,0.0005386038180494,1.9589424021373295e-16,55553457413.00783,0.0851678473822631,328704478140377.9,2.548418698395902e+23,180149905899566.88,422402769.0428314,5.345487532924422e+18,315.2549380953927,1.8777263685048921e-13,9.473041309005804e+18,2.996044884522642e+20,181242986406.24008,394493.0158025634,4.955234922922439e-07,1.2531991973692174e-22,2902476.841769579,5.0731603745056776e+16,2.4830178039490045,5.354177211945345e-26,7.989098764787325e-39,1.4692959686658728e-51,0.1840717441973741,1760701.5884511948,78.1412898155665,0.107648437048548,150.46602943813497,1.0270474091264052e-19,5.183376962330811e-10,1217698799.0547142,159.95895566096445,6.421371342708849e-05,3.283695344338326e-12,5.6476425033397736e-18,6.037306310060066e-24,1.0326799625076848e-30,1.6003634342888165e-25,2.070946443841163e-05,5.450612202899319e-20,3.955593805366006,7.258490115387396e-08,2.196868052812934e-28,350750892.3386516,484.78427344491774,0.2729099806301822,2.4875490412477065e-17,2500735114.6211324,7.715217635806469e-22,2478423.328060802,590584607745.3594,1.7750163045045264e-15,7982079.190353036,3.1427167501539484,7.438321626985048e-31,0.0001755994384017,2.301697206656571e-15,3.631399206697732e-09,5.1424476025038923e-23,825.9260885115965,2.0504247262716704e-30,3.6003827584377094e-30,0.0970249102405214,5.314181315289183e-30,1.779308075876927e-09,5.5256979918014535e-14,7358055.971336819,0.0,0.0,0.0,0.0,0.0,0.0,0.0,5.754053499230827e+21
2823.7988380005577,119500.65082803988,11.990919924563958,13.50422681160688,12.094061885246642,11.378947791269365,10.600701289860837,29400848016.110474,1.1437577849094552e+17,4.947330968792297e+19,91249.98595369424,214802198032418.88,983668922906.1188,33017.144035750345,15484621638.31402,2802974541.6194997,32021299949228.25,49030438259331.35,76406.9350619086,1709876533221.433,206828.4747054204,49975.92107158191,142588.55893035472,298541256.5475548,2735884339502.0303,5382.97478382286,460753.9183876955,1.2043164158574506e+19,157654502005.23657,2.3216564593269058e+22,111511.88787198544,0.2482777100176926,0.0001419534778835,0.1303138260769223,0.4496367085424209,584418.4126429579,1564723281468.0776,2.65460975038131e-05,5.331027968584185e-05,49780.17254998099,7.330034487678423e-11,0.2662340068690139,150031.2129229598,6.5546531082753665,144891.14824521897,6.909394056122764e-12,3.16853388882837e-10,1.0627395485900994e-06,1002.5747637891972,3.591506036100535e-23,1.7091157440320677e-22,1.3175281549800018e-18,3.067922696298366e-31,66331675447439.27,3.6666387178312474e+17,4.1555182663596835e+19,4.7062267513998025e+19,7.25358211602384e+18,4.5124539548968046e+20,4.171706627558555e+20,747699978922.8446,6.443194232742648e+17,31821288457153.203,32033385168.224575,8.621937696114717e+21,3.725076086226023e+19,1.5428039778598937e+19,203056087476.1324,51842478241668.7,1701841.0006257654,1.625699942015247e+21,6.711235497440391e+20,1.6635591199703342e+18,58014185282.34753,1.0386684892063054e+21,1.841804474358582e+18,2.1063795988192134e+17,9311736518877272.0,4768746083408658.0,611365394726.2101,4.888273023465707e+16,6165785324.396655,2.678748950360339e+23,5.371280866182818e+20,5.755345275891437e+19,1.9326403723974545e+20,17354408.3923484,0.0754084003598943,9.330168006341201e-10,3.920671486297018e-19,1.4393832721047989e-26,6.484159700954534e-34,1.9106133140291164e-42,1.1850837831676834e-05,0.000304285955766,1.9330402664390657e-05,0.0006137277440781,461190946.87358,2.2516287279867988e-06,32731.973574137573,99261711136196.95,2.65792525237692e-08,754.4891972933051,51508227.64191479,30692648.544948913,8256065498586.081,105102.0828855337,26.89017332286369,7310.224532181771,19403584729400.848,0.1305107830211223,14484.357848740225,221557677459904.97,391506908872291.7,8799.353695724409,309033466.944946,3375457.008188569,278237.21846237377,547120866469.884,1874851858463.238,145861427657302.88,3794.845575218957,137091.36149217346,0.0,0.0,0.0,0.0,0.0,0.0,0.0,5.532203256797653e+21
1480.640694578586,52468.19578720037,11.982991020961244,9.24200265552044,13.296338678936264,8.070964793291134,10.996418783187003,148529831.43475285,2035495906433.2085,2.451053433369242,14412968.42263457,17.158034729512433,2738933951425.092,41898412.909246095,4680814525659728.0,90790630950304.8,47952090.56927382,68405062286.68227,21959584042.294983,76077817063.17892,44211667906967.414,3970653426063097.0,2.666656370937837e-14,14867886966.815496,2289.6441153957867,0.0031466421488464,17.2097091445206,1.0032988775454143e+20,2.3167374950547645e+17,4487744398497.311,3.92947876882814e+19,2.8381760392581543e+21,24402232876.0273,1.6866800777518088e+18,4.859583641330447e+21,34602.44532535098,1.0996081436360482e-11,1.350127516277145e+18,67692.12325739734,7.066443937482077e-09,3.1969065321235857e-18,8635976523634.104,1960512757.1942155,13359223070420.645,19109172938559.527,4.8964217852726426e+17,4.571765059340226e+22,1085272.24759728,1.3145892659982842e+16,3.60641953453411e+17,2.2885061073631542e-26,3.340744970519974e+18,1.981813642948902e+23,34.01753813046582,2.3863061294202304e-06,9.894414439532984e-17,1.2046630477054375e-16,6.422304596814969e-32,6213.293691760746,1.288122922403012e-11,28240703510911.113,4372517251603164.0,842.3215685222984,1.5350569530942565e-06,488452514.8264232,1.4873220156574382e-11,6.9234723115074805e-28,306618315773186.25,840077.4719319884,2.2129802307372872e-11,0.2241238522674324,4.293324436005098e-16,8.491990608328834e-35,708867.0799208395,44776562221.78515,1.310542024446539e-09,3.0017501671362975e-41,7.19001281599875e-57,1.304850946346038e-72,9.468130744978065e-12,3070901.833545628,319246.0392750503,1.2773076246048126e-07,1.9556281616915152,4.9713139529506657e-29,1.3103381370679224e-14,1439723721738869.0,273000470781.2382,161484094.76189038,15828.397799473983,43.22932157541392,0.0645807424488508,1.8234555294768577e-05,8.234811733344202e-20,0.0706426042733847,1.1983733466987196e-17,4.711733370252414,2.9217013245065774e-06,1.085144637524523e-25,34604431032.207596,1530.0144820855005,239450690514.8361,9.692071868196872e-23,202.96730024109604,1.3746251542355277e-29,0.0013983776786804,345076416.28289735,1.1660175286220212e-24,4.4086551778370395e-05,1.1511749579302202e-13,2.204858148341008e-36,1.1679889818646022e-11,2.468425964491847e-21,2.2167083859271694e-20,1.607328084610788e-30,4.228689341658355e-07,2.021808819804643e-40,9.570024671506884e-35,8.43828854708077e-08,2.0394627990529028e-36,4.391397231381219e-18,1.452938607095228e-11,11998205.074104192,0.0,0.0,0.0,0.0,0.0,0.0,0.0,5.519634571827872e+21
1948.4006460604537,95170.31190900806,12.006907240901237,13.792695218695496,8.75916571655887,11.9194371173136,9.960415091612129,3704877.147059918,130487775885097.06,5.0241263382365536e+17,1.6001656543892157e-08,50574156955.34303,987395.3013230764,4.037040710615823e-09,19.693784661010376,1.1849608159611251,3640737.947426821,242263.3994283222,3.4552938793326094e-08,11435.806368350566,6.093116802174237e-07,6.710580437309487e-07,5.458644456216797e-06,0.0207547801967295,30439.318452202704,3.02147366198456e-08,2.003016865423807e-05,17881547230229.49,51.82915771844388,6.402871255017647e+18,1.5116290269504064e-08,9.871783437762962e-17,3.1621921161090633e-25,1.839903985953655e-20,4.2940035967672504e-19,2.420976705677363e-09,108.00653768311074,3.3347725291736135e-24,4.2139369423745067e-23,7.80390941320392e-10,9.92549004661056e-31,1.7533494153074665e-19,8.122813670780634e-11,7.461339195292023e-16,1.0337147715917704e-11,3.8094339649954874e-39,2.1225653933491564e-36,4.3699417191216324e-29,1.0012341273970929e-17,8.295425293815459e-59,2.957926767375818e-53,2.284774385682445e-50,6.516310228547692e-74,9928642800.786604,7810807297473750.0,2.116572626751174e+19,2.48698351416597e+19,9.126913153371736e+18,1.8961968085033845e+19,3.4144902393244013e+19,690218.5213168563,3564310115694520.0,8388261001.643132,8186039.5226731775,5.59627696108639e+21,2.677822252098223e+18,9.591601975391685e+18,288345.7015844489,80277868514.29904,13.427218753254962,6.331968981182373e+20,7.340928572647868e+20,6.615155411614344e+17,91254.04798017796,3.9175419433663463e+21,1.163947717654281e+18,1.0288338666860774e+17,1.3094126345610024e+16,5311847052817849.0,1057488942.0940894,9373772458297.35,587.2065097953576,3.417274098964566e+23,3.100017892440682e+19,4.213079045406925e+18,6.1176765151604425e+19,0.0511120413741453,2.5134152935348582e-14,3.651747196902003e-26,3.984487546581607e-39,2.136197215877631e-50,9.24569316538885e-62,4.5503891182872335e-74,8.830619996966403e-24,1.1985462558113045e-19,3.363292385520155e-23,3.71618787992443e-19,0.0028934944881472,3.2609765671033013e-24,5.979506271400253e-07,14969822.385636527,2.407286522851157e-29,4.8742618812354345e-08,52.009821251477526,0.1527901141754278,2247337022.832838,0.0017655420348467,2.5146982626180975e-10,7.372697700612007e-05,620254852.5912045,3.027949440476719e-13,0.0006539154763207,15217460506.818008,7346264474023.176,4.658487913422309e-05,12821.515386027017,0.4057011689543988,0.000156980862487,18212147.96262905,2361489.8366333935,88384074882.60487,8.910382023051105e-08,0.0014207873757012,0.0,0.0,0.0,0.0,0.0,0.0,0.0,5.39958672349663e+21
2857.9492782570987,101580.15280336696,11.991554064736896,6.976522365677225,8.565003218271773,8.348358072653655,5.1780011991684844,309435019972088.0,7.447910642647243e+19,91179735644.29086,3791152852.906191,2681582621200.03,1103431504711.0195,754510042579.6078,2771506426344298.5,516442996123197.5,8311259053.29184,1379978744009.3152,917946449385686.0,26031925489639.24,1.2883625983487048e+18,1.630785327540587e+20,1196.66933648975,105926280065.2586,1387055.4628714533,20460.11489318893,1659143.4916885593,534490086633287.7,6823473.26652417,1467705187.5234096,3627652810.22857,7353.012135998844,182206.99581850844,81680457238.74307,146087381584057.28,399.11099765928327,2.210972570997529e-09,2702940190812481.5,8460348.620924158,0.0158846713087505,0.0061922293378825,2944677.1802545167,2258.9594088074764,633742.2923218881,231027.82355916433,252.90179006622245,5869921.574333436,4.713454046654263e-06,0.0631478674043083,4.199974726589395e-05,2.7059626327428784e-23,0.0001221888862855,1.053385321882444e-08,456217904076360.3,3612228458.6257977,615.6296559161832,696.4947067528825,1.716086458468391e-07,435759710462838.2,647264.8842798413,457548769560583.9,2.1891159809634587e+23,1.1743314619902118e+17,1186169689788.1655,4.216250844208614e+18,31598931.699059423,2.575429683018502e-11,6.693365037697064e+16,9.94928452503196e+19,20553383473138.207,27213076351.26415,17.867258609950795,7.447080380493039e-11,643540412.4656237,1.0028975877932035e+17,305204.3037792901,9.393159051816957e-14,6.614872146534906e-24,5.5679908840903505e-33,726421.7925666709,77910318.60226598,9.359565462872112,709277.1406884396,1202.1641756571753,2.687877704811058e-07,6.763163938555025e-07,17692148.361885883,0.0762653590282108,9.35132788639433e-10,3.8109419967259527e-19,1.3786094192089106e-26,6.194701966178568e-34,1.791140706270241e-42,8.279525726717986e-05,122897.7248534045,0.0718779945667422,132959842.6386279,1877.2750326268808,1.5477135360766677e-07,99350841594.2629,63237.2736957393,288745.6787186176,92.68275168374063,334094741916932.94,0.0054845488988741,75317643533.28758,589451649445.9178,1894.7038387432644,29199598232637.793,814766286.1702029,3.2198572821692313e-07,1875840.310844946,0.564792863160194,0.0959581296742705,0.0001769778052257,334060188.2995781,1.0218337841784571e-10,9.67841220874842e-08,9700010.39570606,8.675602697880708e-10,3.9107041743556903,0.6841474297052501,1434687820.366126,0.0,0.0,0.0,0.0,0.0,0.0,0.0,5.38502068789406e+21
1517.70935724334,94771.40296548468,12.003448581246602,11.445763455782764,7.085986341243301,7.915965728099857,6.9737081058516175,1095131797.5091162,1.9727309983964e+16,72294653.06345426,0.0001039736481316,14515.00113666791,2940785941.766902,1.4939464559536897,22503083426.245445,489823875.3674467,2623811923.358603,14794586508.688314,3267348.4846148957,75547388158357.25,25737107542977.465,9.354380433993904e+18,18742.289016667237,20.380040973617543,33.417574371323546,1.962894939348358e-09,8.653800723265647e-06,2527131253271049.0,3506449047.7264495,1182261373679789.2,74260.91841900889,2466.26134158244,3.9499668017064106e-13,0.0841202377155406,939451.1063731116,946.9454800972044,35.73100755504066,7283681706.935843,5425.328926472556,68766.59523852183,0.0001638236200213,2.7083283861426068e-08,5.60850605344871e-05,8.604032652658378e-06,0.0018947903543032,1.317816769320372e-17,4.646815014363909e-09,2.0175699151062797e-17,1.9940445190468707e-05,2.3791817436130025e-29,5.9665100299278965e-22,1.0663467375240212e-23,2.3636743022238797e-35,144310011.05884275,109778994.53244951,58954.65706107911,71521.48190672627,0.0006275162104887,758155380528675.8,26519749.625056468,146280169019427.75,1.725479422972873e+23,16068171238890.234,10276262.661520671,2.1415161422335112e+23,147553725542.9957,450280.30370792135,7.225505579522527e+18,6.32562803632337e+19,4756043707.359334,1602882991.7217245,49.94049091252637,1.9687428865476728e-10,256919.7515371417,4918994073317664.0,3114.6871169717992,2.3966277438430343e-14,9.185532690257764e-23,3.096141329962903e-31,0.000804372493197,34771627231.45506,2020525.4317532375,41527714.66568414,221963197205.7161,3.930424593223412e-07,22452.70353287517,718955362.3963888,88.31401059264854,3.362041920797674e-05,1.9574668473997116e-12,3.3630091072916936e-18,3.285550744898816e-24,5.767448481443869e-31,7.220630646609849e-31,2.8412289845650725e-12,4.601340202295586e-25,8.83285901983768e-07,4.233594436988289e-07,3.132109494977339e-34,162.13252866389442,2622050.452419187,1.2632142043903467e-11,1.7857862890114196e-18,12096574.254598796,2.9482081072498588e-18,853821309.0970683,8170870208.350993,1.249145972726647e-16,20147.895415922372,226116.0330463961,4.2505698614886485e-33,7.119913494112769e-08,1.459673784446671e-11,0.0116514586722241,4.91039027823877e-25,0.4496734688247464,8.044777485309403e-28,5.3773806623081036e-27,13.362983614949504,9.391431428009814e-22,0.0093607563391863,1.589423018052654e-14,61441.95471860639,0.0,0.0,0.0,0.0,0.0,0.0,0.0,5.26734589812958e+21
2406.9446683299466,108447.72141837736,12.006092816296528,12.2580067727517,6.212060857185082,9.2981326801758,9.837827625659829,4702721927.393293,4.12444665264262e+16,6.417621052467074e+18,0.0008571641742968,1993670098491.3516,35177844726.35473,0.0013086281668731,4965.4682105035445,589.1620964128258,43545258.57533898,87477011.6372906,0.0244549045489254,16503856.824695371,0.6590686202755394,1.373658222900506,3.493801954698758,6.463041640481485,312443.960874708,1.0084903978875954e-05,0.0018939017583575,40033468675783.336,146018.07674701096,4.287779790966563e+17,0.0069084187308381,1.1609098657628732e-08,9.261965063138681e-19,2.0260815878717235e-14,7.02038997511138e-13,1.4291447564004564e-05,893.6666527601609,4.440863619706254e-16,1.3437548602511257e-15,3.612935008013462e-05,7.410366299621291e-21,3.538663290526276e-15,2.0398136253609865e-08,1.443632056368545e-13,3.819476281721875e-08,9.92239831044382e-32,6.084280499289997e-29,4.5999961982469437e-26,4.897019210486769e-15,2.2623843138939776e-49,3.7564858707326884e-43,1.3330246974621486e-44,2.8400612254931313e-63,2522843958077.021,7.072118766503799e+16,2.025050163567138e+19,2.327166583923122e+19,3.7291413152973855e+18,4.9510046601219506e+20,4.417122571561183e+20,126341961430.27824,2.0897911184524017e+18,7308413311296.571,1651686650.3575797,1.320507703897112e+23,1.8172142223084945e+20,6.899083231942685e+20,196152316502.06036,113681620843457.88,532029.9453963132,1.9822054836653258e+20,9.120149910940611e+19,1.1341944337970285e+17,568410295.2487797,9.291146672823902e+19,6.140866763823733e+16,3558888305299189.5,173979380598687.6,61285521867229.89,639494289.6882445,9954793643604536.0,485431395.88947946,1.6846075909561548e+23,7.398305922577351e+20,9.000961318301912e+18,3.817536542905622e+20,474810.2582198797,0.0004465252134643,1.212308248958492e-12,1.5233474914864286e-22,1.3341076153530934e-30,1.210626945256193e-38,8.997375454658623e-48,1.8124314198817015e-16,1.418885860002303e-12,1.999145240679741e-15,1.6900169170271176e-11,11.980954914632909,1.0204109631532369e-17,0.0022232436039836,534028962.6195091,6.399175897000358e-22,0.0837827664637721,6457895.22300966,13746.765236250509,6785062362931.17,20253.78996521051,0.0068673457851818,752.2798810880407,6013135923625.217,1.901145335822393e-07,25.924944462046984,185027182276.44012,57955670280696.63,0.0579724752420238,1768836.8387717644,55.226787916759086,11.03374173448978,40878731257.2939,1096055678.2948797,25103719782259.125,0.4262332102249432,4398.631446690529,0.0,0.0,0.0,0.0,0.0,0.0,0.0,5.198224609322405e+21
2291.708480403233,62513.18920908266,12.01003178837683,17.154641960142065,12.821084823799758,17.74772683129374,9.54904703227596,83602414.24912201,14696154481504.867,1.6405774608187845e+18,0.0021232512307584,24982553605195.44,79346.77304277165,2.6816759895355164e-06,1286.0733842064803,132.0455955633588,9499744.011863228,336993.56564085966,5.1612596953322967e-08,57.37970816177695,1.543073998117244e-09,3.404348509869179e-12,2.157925376453496e-12,1317.9163874837682,57912273.949866176,0.0554352623717149,13.6189411504624,376110344661610.2,6.281669302114736,3.734440682128661e+18,2.287929286630721e-07,2.4715813119274738e-18,2.469737900200333e-17,8.079532878758589e-16,3.1204614908630144e-17,4.1349121867890006e-10,0.0202121892319399,1.1377785941986816e-26,2.0463595457946095e-26,4.3660739134532525e-16,2.3110856902149323e-38,7.470342810716749e-12,4.847550854986214e-05,2.2491752397850585e-08,1.8564645886172636e-06,4.2072659117920927e-29,3.105392654675389e-29,5.57329239577008e-20,4.059518353905014e-12,8.920258357283131e-46,1.2950593886113729e-58,2.3871882787250243e-37,1.5628065447215038e-58,25841213022.830654,648545208048189.9,1.3152974295482483e+17,1.5188540541913386e+17,1.2732937176943428e+16,1.3230422393810626e+17,6.015900707829699e+16,244.4947675641016,794807708709.2682,69946659.72497463,590590.4719283457,4.385025477164381e+16,21103288119805.684,320482559.5924629,0.3484019618741998,1190576.5040079951,9.06266926883948e-05,3.069442798434389e+21,7.551499829286162e+20,3.838432434784695e+17,51032.122357429944,1.5576688872476374e+23,3.80130748095381e+19,4.642681789816739e+17,1.2171902824700064e+16,1941386231698786.0,14656505946054.03,20898426024.539745,0.0051893160294011,3.793666930855249e+22,1534184686883856.5,6.502355758012438e+17,462120316023109.2,6.88724849965723e-06,2.7162982066155837e-20,3.1069227644850516e-34,1.825337415147281e-49,6.930445429613442e-63,2.5807821905841014e-76,8.462902305930411e-91,1.530266962303772e-15,9.125601273826549e-14,1.636655467361546e-17,9.98061854063576e-16,0.3324902745174675,3.5276857668956216e-15,0.021994385971242,100319132.15461254,8.768059433003332e-22,5.772206565742976e-05,52.86560221444651,7.825413084661297,54098422.83729278,1.3398778391191926e-06,3.184110210713089e-09,2.9173264248672247e-06,8143.852638233771,3.661263380570143e-06,6.105483034769804,15929342337908.885,16270312546190.191,115.65523116622772,38292373.26030466,77491.4973873429,5.440106803523464,285115344.4479684,694619432.8134893,119678331802.19025,4.0998733099021155e-06,0.0003147019962049,0.0,0.0,0.0,0.0,0.0,0.0,0.0,5.136260628681738e+21
2428.280013980825,84297.9050068728,11.991251763662392,7.780390441669704,15.919562143102125,15.156977090679334,9.472059034465635,2827871264.0180426,38362695250220.5,12344.53706932096,149603934348121.53,360453368207.31726,16403436891929.78,183403251862.106,8.403571447190123e+16,1.0225867753392918e+16,1151209.8623423225,16643092.702056566,2648524940.0479054,2483.596499784894,54454811.28618967,87306.9786750111,6.5001862423695825e-25,1.4680478700041386e+17,10940719.691312129,36237432812.37509,6493501150757.229,8390334701360789.0,12614620942.368284,138070.51090940993,4.1203037417798106e+17,268975476322548.62,2.1829180370904508e+16,3.457973554075345e+17,9134227084437486.0,4.599644724318792e-07,6.902812309645514e-29,3839351.726718424,1.929087151846233e-08,1.2389364499073468e-27,1.282308696395556e-34,1.0930234053212453e+19,93523435338.62473,5.9159859708902785e+19,1228998328460.2383,2.9494840975141405e+20,1.3590881381459313e+20,4082399167.1301785,29772229.4217248,9.321208873651552e+19,2.745299897676399e-52,9.979639550724751e+22,1.5103473841556384e+23,367000487.39602494,0.0159003927495999,7.331930611166916e-15,8.418607545286217e-15,2.290481156898767e-30,733.9942883586474,1.11688360982229e-12,47002385299.99376,1492652713984.9702,835726.9351539174,28.223761728571496,146.40715538291676,3.670275244777278e-16,1.3516883340902993e-42,57544447.82707201,9941.483199908907,6.24647928469131e-09,52351.56819499955,4.073720034833585e-11,8.981311594096086e-29,39162848469.69301,2.0081907509535375e+18,2.3951427512214134,4.187842016959113e-31,3.461559078215225e-47,2.122879762942196e-62,2462259.190287434,7125.555759090057,0.1405595452542409,5.022143509257214e-07,8.045350507421768e-07,4.962060354258741e-26,6.914879662695931e-22,85987295271.28679,33845.47812466583,0.0384295784498272,1.9829907126452132e-09,7.22669971706897e-15,2.7555331732085296e-20,8.495293735270664e-27,85.88876702902158,139330.5745497854,0.7398505310885348,1307.9117430615338,5.43102398024821,0.711016584406189,25469359686008.363,9.991990936028978e-05,7531211826865.234,0.0002336260504116,3452.386952914079,6.007424465765286e-14,5.523363955984961e-06,4038.8427214237554,1.59417391061558e-08,0.0003559842158908,1.3628420162943706e-11,1.072649447915487e-07,2.7902223666576345,0.0001218094373142,1.3900819829721343e-17,0.0040893179319831,24301.83802311952,6.280814839388922e-15,6.365555841350648e-14,4.385688196557935e-05,9.173703940354568e-21,4.3633263482100424e-17,518.9325318589774,1114257.6333443276,0.0,0.0,0.0,0.0,0.0,0.0,0.0,5.044112145431239e+21
2892.2809864272313,105910.85759893245,11.982504987774886,10.879719509111268,11.729574397332916,12.441036462293686,11.488524728224576,316522398064.58057,1.6038530114962205e+19,65699999757201.17,150525719794644.3,4366284225500863.0,8.45376141840692e+18,5466820411680053.0,2.0694127455987864e+22,3.967328526142488e+21,3.5345113614840304e+19,4.851015877892607e+18,1.160983270811109e+18,1.6428843518522132e+19,2.8062050619492735e+20,6.179558524549406e+21,17903501999.186134,4.718190447342915e+18,3.4682818358758916e+16,1277093004804532.2,9.821347132272698e+16,8.953403536975778e+21,7.634653407636243e+20,1.3760637022275506e+19,7.754525917951699e+20,9.813032030434098e+21,214786945937697.7,1.5634977920414292e+19,4.814657375891411e+21,4257235491274539.0,7531655415.597944,3.0710691169590507e+21,5877175107427758.0,3417744783681.0923,98474866.56415217,3.928775935448278e+18,1.6125619693351288e+18,9.705951478329588e+20,1.3326589567799789e+17,8181262106957299.0,3.191850072541637e+19,1.2482999184147384e+17,5.444354285938949e+17,41700156676158.14,114.9215210943986,1.6579291703526238e+20,295414005584702.6,1.3576869392436782e+17,604888364647189.2,60851443781.655205,68774346582.20958,10620.703053179765,5.4628592533133256e+16,51110378426.83944,6.345100296355193e+20,8.167710641103335e+21,6.224144397055182e+18,8.262491173696514e+16,8.893810436918462e+19,452649733024.9052,767659.1971601628,1.6595088446938705e+22,9.107993525930932e+20,5.133374352363219e+16,2.3367421607451356e+16,9567429960.097816,26.265819845379532,6.387006415994237e+18,1.6620583461712805e+23,339903079240206.25,43.229709915820344,1.9017229753116897e-06,1.030914517274771e-12,1933154278675756.0,3.3321258210048006e+17,2.6119655481161203e+17,288422251092.1553,2837370960038863.5,75.44467970409025,978946481.0301188,8.44715664136447e+20,2.4732937082599756e+19,2.0576731239111557e+18,5570036252589141.0,1359526418621616.2,417192047801293.6,8105420281257.965,5629.107850975394,4616299.452266325,863404.738941687,888959000.2510085,9746347425798.83,13564.272903484063,3692438249604755.0,580990920862.4567,281062156359.37067,38258.91811578568,69705601228.6755,1293.330973876861,8684781011.866743,729696896729119.1,148726.60978600997,1242124554.7100751,4992926815800.735,1.0519111722012082,3079694.8861290286,753461886.6569263,46080.37840622322,619707.911636789,601581378902.4988,211.37965022706803,0.133747718335205,6544175.805139158,0.6273636495803773,1565.7961359131411,8585378841.683635,9986386335333.344,0.0,0.0,0.0,0.0,0.0,0.0,0.0,4.962196439676243e+21
1591.507819713122,76135.07836248766,12.027866811987314,11.349754360075307,13.397877961079056,13.942908214086318,13.645919338025054,125409.26701257488,583677956470372.8,119614.0586420069,1210187.550367027,554670387.578035,1503168750480892.2,147912839.59550238,2.8406781423739255e+21,7.655156185153677e+19,9.40402939554261e+16,129566205472182.23,2010435135832.1997,4911785531018006.0,8.739025861775624e+16,1.8662964090005183e+20,0.1415680099669286,570589008550590.4,234992208925.745,667266087.5396327,1974342182493.294,9.352076144434736e+20,2.268825544442124e+20,1.063147381192408e+17,3.241633898093183e+19,1.1466645306376703e+23,6157928.826565217,4650671988238109.0,2.819199578683797e+20,27046907167.179523,70.05872331715729,2.0236938380820837e+20,70165339843.62866,63767.88593023199,0.0002039028283846,1054537605929971.2,411488591474554.4,9.315229927057832e+20,2665154385801.0786,157750728380.27063,2.8715940494951706e+17,1044026977518108.8,4134615357022598.5,450753991.17417973,6.810325861616079e-11,2.0165972690425115e+21,402502343752.4539,48156849675.35547,9509545.663125444,1.8437438747304329,2.221931449846927,1.096846029083156e-11,7668889168.817203,0.1579387756069784,6.078171341045836e+17,3.0303546359058305e+19,38273645828134.41,183652316573.84497,1.020382255253357e+16,7.133357246091965,2.2344189228600994e-07,2.1904633273096572e+20,8.453945326187448e+17,10216822870.641912,10019262633.32039,0.171723362314246,5.432449579027468e-16,915805588750806.0,2.2335893189503436e+23,132073474.5986255,4.789095404883926e-16,9.811848886840624e-28,2.3268675309427457e-39,1184767796.385869,4379660149276.094,38873161780815.766,18.374661334334288,6274640376.131898,2.015646465552097e-16,0.3043518368314668,3.992137546479439e+19,9.848099657806202e+17,7.44302447177127e+16,741487069327776.0,242438400955068.62,48454172868493.586,1583606908870.5752,4.273126502375992e-15,2.251217609157022e-06,1.8501171849134863e-11,0.0053274467222208,625.7913115922308,1.2340621027342946e-14,124818354291.81548,21343.14777262205,4957.667765759805,6.15165771382969e-14,29.21189184762175,3.00302307698954e-17,0.4811613034251766,1597195353.219008,4.945165914849482e-14,0.0009337064491233,27.064920290816,2.6454452514212295e-22,2.978586030322197e-07,2.2721236693038617e-05,1.8481777783316927e-09,5.2519288876826797e-11,3862.0616276695223,3.139377866076345e-17,1.0397858397412673e-23,1.4034585576500443e-06,2.804134557974525e-22,3.807119296019597e-13,0.0029786410332715,1600871.27841384,0.0,0.0,0.0,0.0,0.0,0.0,0.0,4.903285115478679e+21
2288.0106459237168,59189.789328243874,12.021987641347344,14.470103247272403,10.445164232113171,15.103782958727692,6.827387112113728,145254835.5212116,754920531673150.5,1.5038498876286776e+18,0.0039520354075056,23592905977038.332,70617.91875470403,0.0002638069189199,129178.3685142724,13198.518893946242,910625238.9609306,32506444.07886293,0.0002703346179782,293393.19573377527,0.0004314170787854,5.072567093416762e-05,2.8264999667680584e-05,2468.662195812667,103793900.3196614,0.1006361442671619,24.94901561815005,702895235529589.5,10.701533327513443,6.682249258495178e+18,4.0248123900578395e-07,4.009097725666031e-18,8.991668249464692e-17,1.5860748790706826e-13,3.27036995134208e-13,3.934580690779063e-06,175.75054971420326,3.3116435649647743e-19,5.617893754534475e-19,1.0955180594297292e-08,1.6329764349911285e-27,2.733526829023872e-11,0.0001709374631411,8.25219575434319e-08,6.620815770954285e-06,3.035773936749284e-28,1.1991953643998594e-26,3.797063343214804e-19,2.7609180603662608e-11,1.2528675003881354e-44,3.220436412788335e-47,3.3502896773512196e-36,4.331356690357387e-57,1289243763265.0134,3.0942920510984708e+16,5.954127025439205e+18,6.87670872885019e+18,5.414068656987376e+17,6.46044048211783e+18,2.756342179584361e+18,11514.42997527856,2176435355327562.0,185196486447.2242,1532274068.950111,1.1473166663011716e+20,5.115491959054721e+16,649536398920.8735,870.2382331533777,168185821062.59045,648.8304052392397,2.802340069686416e+21,6.479462663942477e+20,3.067439893205775e+17,44599.18268636205,1.5048346391308508e+23,3.408564312712091e+19,3.639361833110346e+17,8968531282949779.0,1336828465019483.0,13411977180299.494,17810012635.48796,0.0040457247499714,3.323723908883129e+22,1254495874263733.2,5.262482674177267e+17,356191773166661.7,5.6518521290756675e-06,2.0259223366667532e-20,2.106414658289005e-34,1.1288807814058315e-49,3.899909935505537e-63,1.3189732295190748e-76,3.9377322631886867e-91,1.4914183902774252e-15,2.988973189977778e-13,8.475620216111518e-16,1.7336994121851452e-13,17.223327240429956,3.379398346340978e-15,0.0740428990452452,313899508.27433324,5.748298348755715e-21,0.0015231453851965,4758.995194094002,196.9340921920468,4670345313.722186,0.0001120687482537,4.409840122186129e-06,0.013621174097461,597074091.3825456,1.7624279358940971e-06,10.036090845437686,7741838705532.114,24788641471727.13,56.46377868031324,63580647.642611474,35886.13628436559,2.5614175712878287,460673248.48412234,316602353.0634286,183242444102.00705,1.925101650391472e-06,0.0004962006138369,0.0,0.0,0.0,0.0,0.0,0.0,0.0,4.86431591350949e+21
1343.6993403579288,81535.15884464991,11.99850008227861,14.127847989870045,12.536213305121544,13.169160043638842,15.349801215270338,9654.450570366917,3650011760295.931,293135094.4232624,1.540517814682645e-06,149716.80567254574,1032047055518214.8,0.0001335892556002,278292589914.19275,3335975038.0682163,18197748278547.457,19202027915.908302,4.229739121622351,867853130355.5096,674223.1092449047,4164817263.604692,0.0353346220027192,7061.481125737061,9197904.033621058,0.0001744207293932,2.349260643611979,9.44856714745443e+18,9.342078120561911e+19,3.8514354738344126e+21,570668782772.3596,5.390946264040484e+17,3.65435584265766e-14,0.0005423897748193,128.97695855554267,26049.793608639287,486006354.0586122,18.31204723237521,0.0019341283831789,10914.913983907769,1.6216457943432113e-14,5.331135770305524e-05,194.52822449734913,265.952422402315,2.431323323811499,3.572283159623335e-17,3.0541132608864573e-10,1.1678595870811474e-06,1276.462181652115,2.579304032044715e-28,2.663627656511289e-24,1.40713269699246e-14,4.912616055040838e-33,8321601.209976682,4558347829.894318,705749871.4921507,872199988.6946591,639.1174089010476,46467282544858.56,119017138.59703904,3.5078259779065965e+17,5.237684540737794e+17,9113100719.012465,5731838.574054428,4.118363486360017e+20,4562907690.208586,7.615442984905394e+16,1.606063072280705e+20,694004786022728.2,23667.55020811727,43061284986475.98,118784964.59120986,0.0145479748055059,107956942412980.52,8.492705625328024e+21,109184353777.12476,0.0019163535479622,7.11732973246143e-10,1.0704039534605171e-16,22983.719141947015,1.0138658703717186e+19,6.078690855080969e+21,111239649402.25574,7.00659047006079e+22,0.0116512751891956,9.247441073918616e+17,6.72851999727053e+21,3.9818561687886344e+21,7.571483298601442e+21,3.332202660354913e+21,3.218030554818324e+22,1.4472907173094158e+23,1.517024550221173e+23,1.4506422291850815e-32,1.5613303265070996e-18,1.0423708676569378e-28,3.936236510512365e-15,1.626186619886016e-05,8.587482176068381e-33,26.15301546295312,142286264.23264903,6.957964853353939e-16,4.430496384957802e-23,0.0499844392897382,3.63846766966479e-20,3394.4996620119846,2017349812.945959,8.076972077395354e-24,5.18750548473482e-08,16.24198390415281,2.3026429082404717e-33,7.223981471975389e-12,3.8988142701969234e-06,3.048785664538043,1.5907860557505902e-20,1.6601021253660688,7.306082092191846e-21,2.8926786580194748e-27,0.0024417817926587,1.5453494486549186e-18,0.000402287475902,1.8833764907159306e-08,1792695.0948519816,0.0,0.0,0.0,0.0,0.0,0.0,0.0,4.843906175431126e+21
1419.6501705227388,25491.036415888037,11.982287658952623,10.225560995051584,15.023004794840247,17.314786013415347,12.614960197024986,327.8655312042405,62548638934.10052,0.0396335344407118,4402.255355994601,5616423.135902644,647213020610.5566,1286.0291640200778,1.190438942307897e+18,1.885073325025719e+16,1053744232.3950094,548610.7236908323,91213.89818555872,69830.91561668394,27845005.869296215,357327475.1769555,4.137109826338621e-24,20565914140326.01,307942.5848905375,4246279.76587186,33945674376.3898,2.1147434278403612e+16,32095537127019.06,94911168.51408637,3.392344473868759e+16,2.578528726472423e+18,17770.080187149328,283567475558.8902,126003955809303.34,5.74076492698832e-06,1.5882372954311858e-23,279806709.11776817,7.592049165572388e-07,6.649319967752956e-22,7.246557651776878e-33,27561773167094.113,797943590.4146137,1.685655551216334e+20,3578182.9785002954,1438826096.0012531,21662666156383.24,2278287191.4764357,1250709.6135931753,2168764.542381234,3.4214645109110323e-48,2.4688056374417352e+20,4159179303.782267,1090444.255747993,0.0071960776616916,2.0553618016709156e-14,2.5182586335955022e-14,6.068443443383247e-31,13.799413704339784,1.2369574237458748e-15,699630891612.2164,18976624049638.883,3203856.4793272777,8997.188246841804,190985.608104346,1.5012487787604126e-16,4.642691185009426e-35,883248547206.1594,477091894.8779754,0.0008113055059475,10688.691119508108,9.443266883444833e-13,6.0307820087682164e-33,276099393751.32007,1.296343506577451e+23,106.02125583854556,3.3940361576524676e-33,3.863969241665072e-50,2.5614352118368067e-67,10528419.117506254,71678.99387533238,5556.941075072416,1.8872516095219139e-10,0.0049324111525645,1.6700892549896224e-33,1.738612741382978e-18,350456519667015.0,38244348692.88719,13176574.101801643,866.1332047045909,1.4342976504141287,0.0012137615246812,2.1211832761523281e-07,2.4118708779824993e-19,7.770975610931295e-11,4.36311037475695e-18,5.763813024262739e-10,6.40951297573508e-07,5.476650239100649e-19,407548686.8348822,8.879167723590116e-08,1.6142780445250566,1.3002891993278676e-20,1.8904122389282923e-05,1.5304268605388236e-28,1.3527620827555464e-11,43.5956162945006,1.181499220047755e-23,1.90626500959256e-13,7.268237308120642e-14,2.2909713016006118e-27,8.768358396159536e-12,2.2227926267239647e-12,2.5414168217713995e-22,1.0408544527829112e-14,1.6709141790344186,8.932433098521965e-26,6.731754403992908e-33,5.250829746363919e-15,2.2076265946164508e-35,1.757273754401742e-26,4.4900662717721785e-08,13.436728629936791,0.0,0.0,0.0,0.0,0.0,0.0,0.0,4.788353659042767e+21
1444.9300651331232,52354.81025458908,11.997632003818628,12.668605002533994,15.704241280973552,8.243337083966587,8.800831886723008,19310625.21278475,5735957858.193356,8.98583209625695,5424045.28769991,0.3872209938320385,4431920982.155268,87841.00759076257,1420836241575.5437,24523634136.360374,139917.89329974315,2605694166.3095813,304383.8504668862,17397718.506932348,4325335.538284713,2649690.720318392,7.0743036431326755e-22,572344225.719185,906.687437305558,5.1224863809615e-06,0.0348507629048782,1.1994722043544978e+21,8070418457820338.0,561988302023115.6,9.974695304999469e+16,2.7520959713020476e+16,11269436493.870012,7001875082728070.0,1.4377208103076808e+17,86.53631759378118,2.7757106814654037e-12,1083620632.2639756,0.0003989687160678,4.1138172582546215e-15,2.422560160440387e-30,400256137431.7858,1092688462.4451368,58567659339.954216,158840385777966.25,3.7565641344939546e+17,2.565007445371994e+20,49620.961533953414,2.1662734787625485e+18,3.108531258497503e+17,3.108024753640113e-36,2.2431271789433744e+16,2.609566921626532e+23,0.0042140039539572,2.984061468718769e-09,1.043885353918754e-18,1.2755656672520944e-18,4.5024345621469415e-33,151.89934521759142,2.032609576863409e-12,260867264.36617985,83496322622.08585,0.0006396251638747,6.4121795154471e-14,91851.60083519098,1.3416621872369502e-14,2.0014335859914632e-31,17160011.891462073,0.0044626715276964,2.177445831457193e-23,0.0656735416140254,8.4271944431842025e-16,9.093657346772592e-34,65.59910944410194,151922459.8433637,2.232408903858831e-11,1.8018904398479855e-41,2.9410404754616685e-56,3.1263734932713357e-71,7.945873489369647e-16,51591.285550135755,16.807628380224454,4.648819376550221e-06,0.3591629513169794,8.068475930260215e-27,1.738673092745773e-14,8792119994.300615,4500.784681547099,0.0072365624208794,2.0909028211598884e-09,1.5885012755456194e-14,6.347631074295992e-20,5.045049217284001e-26,2.593632105201578e-20,0.0045820598470737,2.376494508052784e-20,0.0018052386093234,1.7021888571649377e-07,2.0051718640096454e-27,376646476.08932096,28243.55065555608,32809663948.259342,1.4536709199526416e-25,0.0892687977447045,1.9366244995356987e-31,6.5733767913936965e-06,671.2246342614618,8.266683734974626e-30,6.927235410651764e-11,1.3582729224392457e-19,2.204708257223731e-38,3.5043272797179455e-14,8.939183852884193e-22,9.276346555254076e-21,1.975545097768721e-33,1.415053337676528e-10,2.0848890254149458e-42,1.8635021940337798e-34,5.5391331969055904e-08,5.321174295659508e-35,2.3380727989424385e-17,2.3521985730404775e-14,3918.7050512087567,0.0,0.0,0.0,0.0,0.0,0.0,0.0,4.773508377525599e+21
1474.810037368079,50428.35081804817,11.96538350618954,10.691640891836649,15.543129564829028,13.640804762055854,14.554904133109863,587096.7907032833,11377245092.008385,0.2932633799434064,12096560.077376738,634.2237192057337,10696792797839.334,219187.90580052967,1218523180038784.5,23197797842746.105,1742536.3923516427,55310105.04408812,735957.4188042465,388038.1544181821,9592049.320778904,5546361.792577518,6.3419166323039855e-25,587383630084.6902,12764.456813170507,5.0804829674930465,28773.443425008223,1.4231669278318504e+19,1.4099827412576682e+17,90089113444.43558,1.618406562092685e+20,5.237398669870341e+22,20766075006.379715,9658307455470702.0,1.8041754985430605e+17,0.0246775658529889,1.5498431054852177e-19,1906018414.756286,1.277720861376714e-05,2.626759778563176e-20,2.860282842633969e-33,344872190817497.0,11327558639.49267,2.479959701018875e+16,2509539472023.968,4.434804615163089e+17,2.6958629202041068e+20,279577501.02170086,265503757031245.25,3.2652966544710144e+17,4.27088842841654e-43,6.392722677621149e+21,1.8842125889489803e+23,7.819249279588268,7.71701966579147e-08,4.374238501253941e-19,5.328805706636931e-19,3.735987898168774e-35,4.769112882506206,1.2949778170016633e-15,690173597016.4927,157190084182.7326,1.2254504500382404,9.519133335890993e-08,2460.727372325957,9.358602394437153e-18,3.7450156614059046e-35,47339201483.296234,7.900669617830437,5.1014631911892307e-17,1.2134410800066175,3.0626165115278544e-16,7.723325086563625e-36,118742353.8132718,82860047366986.3,3.05120595666353e-07,1.1671860180210615e-40,3.6934789654694193e-57,8.643890651398277e-74,6.571708111896308e-07,1694947.3113602544,764883.9460749585,2.144407473708413e-09,0.1538052452746495,1.0303386397776927e-31,1.3743058732061223e-16,2.5144868138675664e+16,20209223466235.08,50722441621.95997,21371073.40442751,248574.77451902587,1571.6148565053652,1.8934443529359224,1.2261355160208081e-17,0.0002451790119841,1.134215123435564e-17,0.0001028962188177,4.615412818948449e-07,6.958450460659668e-22,6119322671.777084,0.1238778289530398,919151911.5350312,8.939532829401787e-23,0.004617526762176,1.7633978948240116e-30,4.51698603132111e-09,36011.264195808275,6.529784041816317e-27,5.822800686423736e-12,6.725092861700372e-19,1.306013914039273e-32,1.7127189960842985e-12,2.523538211780759e-18,6.765321655051083e-23,4.615272059924758e-25,2.959556746203803e-06,7.929249876521564e-36,1.8888838789643653e-33,4.200654453032612e-11,5.925835784346824e-36,2.9698140739843977e-22,1.0358563341527837e-08,198732.9863566644,0.0,0.0,0.0,0.0,0.0,0.0,0.0,4.710076001035288e+21
1539.1602129266605,44398.38961699188,12.034368736830483,11.026635711367298,12.771899761193088,17.75347115525739,15.766261500229144,5436105.837050012,5030798088041.423,837924.8609846144,0.2064605390921291,158686870.81179696,5149985855736646.0,0.5200799485568898,30817458087002.137,715268928105.1217,24516072917.139065,24751905.91544317,181.46734708343027,21269264.033267327,220032.61813664687,12544336.04212251,1.8620309388531544e-12,192680008.15845227,2077372.3310559024,143.71029331452613,561975.0501363826,1.7732637084751724e+16,3.1202297697379988e+16,54006680918729.17,117764954778891.31,4.273381641941306e+18,8.131020069186827e-07,23.33683603278453,39915.34854023776,0.0019683353206243,3.294084069777881e-09,10.242979838714092,6.038634108400096e-08,3.438490445938797e-11,6.080634021465037e-25,268.39952438371137,3352.6013741634533,423990260.9821477,18.85268068442289,2.3795305945725365e-08,0.001266173752858,0.0075303219107155,1.055245840958084,4.680487537218523e-17,9.65527905469595e-41,0.0005600004461097,4.275092334059556e-20,278804806.5268115,1408608.5832638403,5.547018011009944,6.715997720546864,4.93719937797298e-10,1395109675.2108254,0.4145436609347801,4.4305157694370776e+16,6924396992646150.0,5163115455.931395,22126159.963496823,57845260215739.1,0.3987029039332044,6.528756965839099e-05,3.663689368419374e+17,3144330392261.988,366.5296198363132,101309960857.34972,26.271617907518543,9.654410125951245e-13,2949791217057034.5,2.071468864733402e+23,1279753353.8712556,7.792449243015849e-13,2.463894640952684e-23,7.4426400808781535e-34,352409715.11633474,398163842882232.94,2.8177859052414176e+16,3225.655399788857,16157782186887.607,3.1787925458185557e-13,13052.313075397224,1.3841537914584378e+21,2.248080546499506e+20,1.1275824844296688e+20,8.271945430631757e+18,1.848781345634073e+19,2.40116020155142e+19,5.447377799738442e+18,9.795439535023266e-25,2.3960736951191574e-11,1.022931799551022e-22,1.263471637984542e-09,3.473594167193739e-07,2.7470838244809043e-24,4957640.361495307,554.2377768774113,8.189980207063452e-08,3.990953304140481e-19,13.8357712035557,4.551241893895073e-21,6.282699420272693,9407943997.813816,5.3573297578763655e-21,5.159137400280024e-06,6.213105049361792e-06,4.504658660195357e-26,3.8132725101437216e-06,5.086045503013467e-07,2.315787813217704e-05,2.2395345621956457e-14,109336.20230029173,2.6989344020030957e-19,5.468165028796523e-26,0.0006441131761009,5.426370737459473e-23,3.379600510414006e-09,1.723629078667148e-05,418924159.60392976,0.0,0.0,0.0,0.0,0.0,0.0,0.0,4.694430953534172e+21
1399.6172847867367,56413.20643992256,11.992031049626029,16.488641032189392,10.898486057959142,16.102676926794523,17.08338657634113,36865.75786628854,668197049015.8784,1732229352.6538732,2.086820722635064e-09,1945078.216618199,2176568191742944.0,9.831148812110071e-09,9689033.911727848,142984.03867905168,671221049.1477284,482067.3083048242,1.2469397670899776e-05,1035388.5817671772,0.0708222711252522,16.564467055864036,7.062347678263378e-10,8.412809434332123,10273.68762617557,8.795461721344743e-07,0.0080235549626083,1614671529609582.2,1.176544741193632e+16,5.975195271956383e+17,128109484.13097584,55058438187138.4,8.156127045628884e-21,2.802602058994736e-12,2.3311629024269097e-08,6.169199894096475e-06,0.1102882288642968,1.2412313010916664e-11,2.2407415587021427e-15,1.252862823218986e-08,2.6202658998785726e-28,1.0797158807655979e-11,2.8007792143609094e-05,5.4370482532587864e-05,1.8779523686026297e-07,7.674746147966825e-28,2.1960455150339974e-22,5.172655118669176e-17,6.809420641428561e-09,1.0630085809247632e-42,8.289969188894252e-46,7.547786972409756e-29,2.2539090238741303e-51,6034956.422838593,3210315701.787439,663423636.4501091,814616988.4680635,1226.885631781455,10840025727024.902,59788089.41961621,3.850269539847991e+16,3679023822092057.0,302927165.06670654,504897.6237075788,2.939625701590732e+18,118869516.32633597,1201334426168712.5,8.246516773905824e+17,834839306378.8025,10.028963802976063,347319246144806.06,1930913855.9958837,0.6857424572332621,563982828852223.2,4.88843542968849e+22,2114210960981.232,0.2316407741463205,1.677548157863561e-07,6.45369901669776e-14,1454323.961497933,1.9761705310468817e+19,7.683312103176256e+21,658128499569.7014,1.1502926971268862e+23,0.2866540229135579,2.671264056595825e+18,6.612287886975892e+21,3.3075218298047556e+21,5.246107553222457e+21,1.6671468750045845e+21,1.2888137392506362e+22,4.972924788836689e+22,4.086132992440754e+22,2.665081513027985e-34,4.907165589251972e-21,8.37054076785288e-32,6.076626548453719e-19,1.8899588269315e-09,3.7331155530578983e-34,0.0299453206141719,67739.66830594352,1.3700885919720057e-22,2.4634375114443953e-22,0.0253369687400721,2.2370214705358973e-19,1512.2298784958396,360516599.854474,3.2688257714791133e-24,3.1507510091775987e-09,0.0503185893655195,1.2595437702056644e-30,3.4580514324433764e-10,0.0002130488740971,78.71538466557064,5.5175633344105224e-18,59.91464789428674,3.4146811104735322e-18,5.2112035815724405e-25,0.0312830039919916,1.6342302279331382e-16,0.0073937907125403,3.920446106510534e-07,6621872.936933852,0.0,0.0,0.0,0.0,0.0,0.0,0.0,4.4976448031376445e+21
1936.3128344314257,132526.06975400512,11.9936984581554,16.939558187599914,12.72945922526119,10.578352938356575,17.861461800643713,201366161.3376942,150521262605375.72,25002837913272.266,7.246025740725526,158854621.7286966,9.384692248546752e+17,2.4017514666662434,52517218.46531282,3090171.251634987,580724348.9991143,9746516489.787363,27.918710693973345,612888321.788446,676.7251891830115,1017.5163195789388,2.5168693150542094e-05,39431.92279818348,3501764.6682636635,0.0002030734056365,0.1403261646874712,6.097032399163528e+17,1.8761846758705004e+18,1.3263601576165503e+19,8552348844871.817,6.24604091312333e+16,8.129192551163424e-08,0.0068084336202032,0.2186779430627182,4.33523212757996,703.2432796866116,2.856001293456266e-06,2.0481039493711814e-09,0.0001373556468676,4.234801724069914e-21,0.0001881620647213,5.444798626129489,0.0033063077810571,179.10788735196124,5.898268995773346e-13,4.5578274349470166e-10,6.415032297733047e-12,6.49870550265634,7.147870169099118e-24,1.5225784107385142e-34,3.2657927328925415e-20,3.3206014618183286e-30,40876946.84291303,1941657722.7085044,306682421.8382507,360610512.11739993,7363.177761491043,1284196233650918.5,128107344133.33575,8.662985597442915e+17,5612971745621454.0,46221472.41368544,167.8114353270311,5.298957560753744e+17,13262319652.866491,186411397614608.44,4.83152956003182e+17,606872535.678203,0.0004499528438222,126107921163018.4,8157829899.0401325,393.9462487598185,325464733776642.56,5.56018611974206e+16,871475860.645462,0.2288983013773938,1.628431673245759e-06,3.592156734093985e-11,47.87305379111862,5.4102220292734504e+20,3.6529730860138463e+22,1023972887966975.2,1.0968066980607764e+23,651365.9573701016,1.2246784933232929e+19,5.427274476774542e+22,2.7940267001257484e+22,4.2535260430263535e+22,4.940130057285583e+21,2.787462917447271e+22,1.259711315606794e+23,6.541015103637301e+22,4.795220774183019e-17,3.12075688354599e-09,2.4575344215428873e-16,1.2886972410829885e-08,1.5664273123125474,6.675846885122099e-20,71.85941188849097,1731681292.6604457,3.9504961501305807e-10,6.18126106592568e-10,3385.0065360575927,1.1548407955511073e-07,8938456.059710903,132655662766.99402,4.05938000922853e-12,0.0057879376312649,979.378303463102,1.0094116677614644e-17,0.0001123727735282,39.172808317733065,4889.735192615866,6.749576543699069e-12,9.400092595646116,3.4222092439406397e-12,8.585134540696449e-11,52503.029730050504,8.238450641742795e-05,14756.439071631894,1051.0592561345818,80049832146.82812,0.0,0.0,0.0,0.0,0.0,0.0,0.0,4.438571435564764e+21
2861.6437961892134,76150.96648576026,12.02946442128644,10.898192089848584,11.71900109547258,12.459805549739944,11.486623031026424,282011790789.0764,1.41062023404331e+19,45904061197694.53,97767664547520.48,3019971543527856.0,6.335096167516204e+18,3619442487659076.0,1.4246043858902748e+22,2.662833077028859e+21,2.096460367701158e+19,3.192398388479931e+18,8.151729664271855e+17,1.118230140963119e+19,2.1148832694197263e+20,4.95380689701031e+21,8943439541.781336,2.954199973867963e+18,1.8953413313707548e+16,632213853735257.8,5.097237620944389e+16,6.54684183882793e+21,4.727391011501889e+20,8.805332305701365e+18,5.1688250065109366e+20,5.88254992541845e+21,117403456151295.12,9.666552289112865e+18,3.1957319383950117e+21,2102160489321613.2,2799584868.018623,2.053689109756103e+21,3178888002643962.5,1430247784121.101,40327655.010253415,2.053916730070492e+18,7.679841041329405e+17,4.792401919968653e+20,7.185378013228563e+16,4036862208921420.0,1.7274545393264318e+19,4.381143102059302e+16,2.375989162945156e+17,16810998561371.33,26.299013543919443,5.7715303842092065e+19,104777693714564.34,9.55897512430731e+16,370922998605433.1,31142664137.32191,35229459434.30433,4304.168010619224,4.059757898203202e+16,29917881669.798035,4.88219206385384e+20,7.669170223928404e+21,4.564918433843818e+18,5.0731399524677224e+16,7.242682348240099e+19,271515448562.41336,300100.404850737,1.32558280639199e+22,7.151348608986932e+20,3.0662460446719256e+16,1.4914096643510112e+16,4852891963.16703,10.084049735008673,4.058757080396788e+18,1.2086066141799997e+23,183769100450770.3,13.983350711305787,4.881158132259891e-07,2.0433685437520397e-13,984392096406305.0,2.1902675553992688e+17,1.4845028682773795e+17,175055968263.09692,1652786067988204.2,33.24227464378457,459977814.6784245,5.702165236242769e+20,1.3928466109750057e+19,9.676452153038028e+17,2229147632134661.2,456614533831279.2,116332192709918.92,1903783186552.8496,2490.025201745474,2864043.6744872956,400700.87982203224,574827965.5996916,4983776422855.43,5110.50585274495,2469958342410347.0,344157312197.15265,165660625431.27963,20724.263651357087,57330330384.15857,602.0121829903113,6321690281.778985,564805990157092.0,79162.41463868246,943370763.308692,3012232214341.9175,0.4302375997124747,1922343.169722548,357179793.9728316,23415.971911875113,254476.8964591849,369325981338.2664,72.3899173225326,0.0575286878275439,4408073.101276467,0.25073817633972,876.0253829758251,4558621909.298923,7410846294691.893,0.0,0.0,0.0,0.0,0.0,0.0,0.0,4.400869148227059e+21
1376.597016724238,77697.3339087649,11.996191040213724,14.11811474551096,12.57342716962168,13.146763292763229,15.33065737535413,23832.015939360284,6242228753223.982,675756480.162504,9.233304696485756e-06,392697.9948929853,1751690718225794.5,0.0006620622537622,498628092270.9795,6768672235.101496,26881574328985.508,39836892758.36576,14.445837702108246,1374163102367.8467,1479410.764664631,6088574105.106944,0.0860495466580915,22174.043717482327,22131157.303694215,0.0007343641972018,7.8342106211964975,1.3075618616122528e+19,1.169625956669899e+20,4.006126572449004e+21,1267734561996.4612,8.119152805919072e+17,3.722694576393105e-13,0.0027427852927172,414.3904281708933,62388.73535708436,719723303.8827467,46.42262505921276,0.0053808136556607,19147.18705146223,6.217996814738364e-14,0.00028984561489,686.8322214298014,822.5337190031995,10.455818403728802,4.485392512799295e-16,2.3731731867648395e-09,5.75810035068026e-06,4416.801498179693,6.0265001736162216e-27,1.5234287141893486e-23,1.2314809946323665e-13,1.542859433382256e-31,18344500.094780684,7864384660.074354,1152496587.852975,1418823680.7403338,1274.000552012552,73180036664252.92,236198392.3309348,4.798489743940008e+17,6.016127558257819e+17,15005973295.924774,9563357.201781487,3.804391845692255e+20,7282020097.975174,6.2010520541425256e+16,1.66114435329505e+20,741028324722209.5,36154.60101170694,67646359455728.89,226012500.03149444,0.0416711231957756,178344955747141.84,7.744424983425276e+21,163820270441.88467,0.0054540889677256,2.405016572262551e-09,5.052135494489713e-16,49732.08990138078,1.3075352263332143e+19,6.570758073169072e+21,204401667104.9513,6.494549819805426e+22,0.0399908804729647,9.571325712063442e+17,7.855524707120045e+21,4.5655969894704255e+21,8.458186455879364e+21,3.3269082113814687e+21,3.054128952431112e+22,1.360913011961483e+23,1.3391238328532982e+23,3.733084336156466e-31,1.7152110368560605e-17,1.9475964358172785e-27,3.367199902093721e-14,7.615032956683726e-05,2.092764685198853e-31,88.85180968358439,320677289.7673685,7.286186147466234e-15,5.269362295754596e-22,0.1741602818704089,3.6606816672591375e-19,8721.243289343001,4093040572.5399,9.4618538218785e-23,2.398699996737092e-07,38.81287234520935,5.106433227749394e-32,4.5798523455267976e-11,1.73626420358854e-05,8.475695092380032,1.5197712760705075e-19,5.028782391806188,6.6441376700019e-20,4.6478682536512064e-26,0.0099070957685495,1.4381342124619146e-17,0.0016132789307972,1.1349332507610657e-07,4713640.732004578,0.0,0.0,0.0,0.0,0.0,0.0,0.0,4.4000865333230117e+21
1246.201559071972,33692.20284547499,12.012720742519484,14.594777302530998,17.01472294690817,17.493743794050797,13.66932349359232,1.7399506216200893,1396891241.561786,0.7724938746909813,16.260049605887097,23952.59367663574,42448949200.047806,5.83032438110523,1.2796953925766085e+18,1.0210205650167142e+16,6403100711163.728,589032627.4175394,1385.4616769581596,143193969.65572324,2086807.474271038,108144019.23850062,2.8704401966520453e-19,2327250999653.057,295404621.9091876,83060.58388091337,2402724451.5131326,4.912826951336227e+20,1.5751714717004667e+18,2.0780831728963944e+16,3.611720447894166e+16,2.845435110780639e+19,252.54494528984495,82451337432.3457,192486937888702.56,169.31829256485975,2.5236924096549837e-08,292335050.16542643,0.0009280282575555,3.958972816461187e-11,5.487112717897438e-28,10869587252486.443,6629731923473.5625,1.296136316599632e+21,11526058327.130585,461361272.0170936,42170638514647.16,187867354670295.12,1870271049271074.0,1632914.480946125,5.6273771336655194e-34,3.162890861262578e+22,44013017944.35729,5213.816839736281,0.259072730522104,1.956819201651154e-09,2.4491082680857684e-09,3.759695531403026e-23,944.6861805745904,4.616884616867433e-11,64830788761.295654,1634706048204.275,32911.26592148271,74.79844536018041,106459195.37678763,8.023837559822347e-12,4.696136920073425e-22,164523072772.5921,22985746.114861824,2.0380699896510608e-06,1498322.8696231197,8.980812022903211e-08,1.1758351125794364e-25,18258192827.163197,1.6237252361453033e+23,16668.633703001313,5.961766300382863e-26,5.154023677528347e-40,1.0573853760154518e-54,98103.22516697894,41640141.6978686,10371789.292173812,2.5019700660912392e-05,34520.383853205654,1.3797504256186088e-26,1.2938173360998329e-08,219351791210805.03,32124517201.54344,15542902.65276444,2308.1765125928896,6.148297745290771,0.0066634874683103,2.006628830337715e-06,3.760826766580051e-25,7.826900483234654e-15,1.7089829049041193e-23,9.885426543257234e-14,1.006851291111294e-05,1.001785189752359e-24,22982243.1515398,0.2105199623793263,0.0151522037744369,8.588643393146848e-27,6.425597590539357e-09,4.948987147795131e-31,4.797891806676679e-11,0.3529498843141415,3.651968444958346e-30,5.863329684451998e-18,1.2023032962031813e-13,9.844085039486461e-35,2.218785348922225e-16,1.2964425835270852e-12,2.300257135865195e-18,4.029279905176832e-20,0.0021523829566176,8.868448055461837e-28,3.832915930665479e-36,3.489791197713253e-15,4.969427244398799e-34,2.427575599171639e-23,3.543529272082037e-12,0.0607231579580503,0.0,0.0,0.0,0.0,0.0,0.0,0.0,4.370828308408916e+21
1340.1134582603336,43841.44376901925,11.977654971667729,8.704092246229283,11.657102454320206,10.35504392393571,13.520175997036407,959597.583895991,40239264724775.16,1367.8532038683074,0.056052706186448,31845.34179467878,893022023998207.5,58.12984986228455,3.2157291970493668e+16,380148859378574.75,11009749800051.229,47196499541.56248,22464559.21072404,25739776620558.96,44051142667815.16,3.3338966985457695e+18,0.0007013772258825,65452996.5590428,450062.9564583864,0.3707264818165636,5125.404733113686,2.075683591581197e+18,1.9055377686879764e+19,4476143952260668.0,2.130442049865153e+16,1.930011386314365e+22,5.571370842180298e-05,10470733.74856877,30668734661904.48,168069.34036190834,0.0868752891396503,612843817155420.5,328231.58056718565,51.21151712973098,1.864563931375295e-09,20662.848011491104,405452.5476738448,26018679272.92266,20918.61159799028,0.0023655443268551,249840.0587711532,24.70715738183707,2563847.2710534935,7.08487606641923e-10,1.5202480897171083e-20,2422.623700100301,5.804765986707398e-10,21129235.30681365,60953.17873887478,0.0486535899071322,0.0601544673972589,2.20775662675467e-13,2649078457.5201435,0.0338772684155249,3.6403354314061624e+18,7.068020097338466e+19,279885722656.0968,41653307.76080729,2.9178558609124666e+17,15.581010791787456,0.0067589465631705,2.0133308139812808e+22,2.6193771796384826e+17,23807869.295942187,49702492.60196787,0.0006875932463193,4.1218020981705263e-19,22202391576592.098,4.81798662258064e+20,30017.12023598324,1.2875064460575367e-20,2.403554006925112e-32,1.7841670265438794e-44,280.48442369839876,46354294368725.31,2.6025749873547756e+16,2.728032036545144,1703226121942.6133,1.365143860954932e-18,113.76937617953442,5.574072982839355e+21,3.0347263351641263e+21,5.313625966509329e+21,2.174263490353093e+21,1.9388523348268832e+22,8.014424477344346e+22,7.767665950380228e+22,4.0771462438961e-30,5.837686861366746e-12,3.5549655594112777e-25,1.771841932134201e-07,3.317964600879535e-07,5.7541744836420034e-31,26424291.45304219,16676.985284513394,0.0001162968500096,3.5745656490883016e-24,55.95808324248683,1.5325345088820408e-26,20.146588268220455,2202828046699.338,7.642056115632676e-24,0.0006586902520699,0.0011013781724296,3.506852758630053e-36,1.5307854548569157e-10,3.6414552592715406e-14,1.8601081333234862e-09,6.308435662519261e-24,9.054313353690038,1.4927852031683918e-29,9.875931373244352e-35,1.176160452238032e-06,2.8737526193352646e-31,9.941571710679564e-13,1.2858981597767906e-10,162428666.0691202,0.0,0.0,0.0,0.0,0.0,0.0,0.0,4.3233550960628277e+21
2468.9640258450627,76611.10142913913,11.979693144075616,7.76164873799593,15.928950344115425,15.169016494666584,9.4396181201341,3497206581.537118,44323896470092.5,16790.141430394156,221087870159791.5,573991510435.8485,16052809669099.996,238325540675.29807,8.213350787562971e+16,1.047422250583463e+16,1039520.5790678224,15390915.753287092,2817713352.844502,1963.8347048422845,46316420.95614924,60293.90138927406,5.370185233175883e-25,1.875316163832982e+17,12599853.744988833,57517227963.979706,9446708921858.432,7024687135927305.0,8221123048.208762,103575.19343390995,3.3439338319760045e+17,152188660534780.8,2.9593990574983556e+16,3.4020098574654496e+17,7175053781598827.0,3.158953421859688e-07,3.9246221831091074e-29,2465970.5254642456,1.2825990645595746e-08,6.746756664986841e-28,8.493712412325051e-35,1.2977701186186074e+19,93271408042.0029,6.293549331520283e+19,1198577744784.5125,3.2305170402084907e+20,1.1563133738107486e+20,3863306672.9168086,20056876.699542984,9.834740708287929e+19,1.1848186304326284e-52,8.968032804597518e+22,1.344398664229604e+23,515756131.60077304,0.0202398292120774,9.125507151316843e-15,1.0461385022066286e-14,3.0706403524236013e-30,813.2979467969541,1.3463401612959386e-12,39960139881.75418,1395451654775.117,992629.939113445,37.47030084740653,124.975641318944,3.8524706421642164e-16,8.813605388190491e-43,41593124.46168776,9483.021642688243,7.2169930829013194e-09,67988.28095335976,5.6658169678384215e-11,1.4603541625782595e-28,41942572000.55224,2.36036079321533e+18,3.4014524749755255,7.532052766001292e-31,6.665805261879743e-47,4.619961112472024e-62,4484817.588287532,6236.4662232363635,0.0924528165506804,6.218971735737107e-07,6.177736215214371e-07,7.768561509812591e-26,5.5279321534920535e-22,58627960420.64672,18478.668042060257,0.0167764013671825,6.690477197653103e-10,1.9315578303665357e-15,5.941426323931534e-21,1.4425920929177272e-27,255.39800046464308,224958.9934319446,1.8368144539337905,1792.6769260577437,7.927139707973333,2.2930636712258674,29003707835604.5,8.693619036819974e-05,8935821030540.168,0.0006529817194841,4534.092018505598,1.560543633213442e-13,6.390419225771659e-06,3427.223606353049,4.18976097386043e-08,0.0004927213217427,1.8260171058774464e-11,4.451998109292326e-07,5.390976264922412,0.0002715283338782,1.936697485805556e-17,0.0136159121265058,39152.17522802877,2.0492186715418088e-14,2.0961339437044392e-13,6.412206004687613e-05,2.432343526533535e-20,6.306944036409244e-17,950.1466874428272,1116156.8180266863,0.0,0.0,0.0,0.0,0.0,0.0,0.0,4.2936961158623317e+21
2223.2786331571397,62355.03827064596,11.997441003683344,13.030711779570089,5.450978441722226,11.916850105734287,11.40841297298034,152752693.90406716,3546586902977967.5,2.2657926622862725e+18,2.190254616448101e-07,3328107115918.0005,22498312214.76972,1.1483983422153233e-07,32.454438151161746,3.035869398114477,713344.4099704527,71922.36721697591,1.0558914267245276e-06,5379.1696707222245,1.5828698437935232e-05,1.6997031889708762e-05,4.852968892277175e-05,0.0607955907604526,8352.366249829009,5.581776996867739e-07,0.0001630218631281,303576698205.8468,2270.941067334738,9547622187478988.0,2.1021136151098117e-05,1.2649356915999488e-10,6.763387202051056e-25,1.3446852963398651e-20,2.6131513419829475e-19,2.883773612588856e-11,0.0133038659382128,1.4708710572219998e-23,6.296858469636411e-23,1.2690700125502056e-11,1.865216780291865e-29,8.928742851228904e-20,2.0742065592242407e-12,1.121453469480941e-16,2.4873055148797196e-13,3.928062358108521e-40,1.5261561058491747e-37,1.9846827367323358e-31,6.45723812153211e-22,2.017113412784171e-60,7.877091652674851e-56,8.361246853539295e-53,1.1096949286231075e-76,1417457301044.4458,1.1009553954303178e+17,5.947655175935421e+19,6.889300906153275e+19,1.266091636524601e+19,8.810973848344953e+19,8.634320256964754e+19,29447187188.117435,9.373637221398378e+16,1722262638311.7136,3916489346.783346,1.5744735656397593e+22,1.2821723961426235e+19,8.8323917199305e+20,18624760908.193268,14572473425656.498,82142.12586192493,1.5560549441277054e+21,8.507161823228612e+20,8.090967360601197e+17,4054857272.0137353,1.2675598870945223e+22,5.421244342446096e+18,2.687653646682803e+17,1.5708262557701082e+16,5001247741033486.0,168351368323.43182,1.879818712331244e+16,2235829473.9872255,1.6043042901095427e+23,4.549704904876812e+21,4.399916347842557e+18,3.2235506778227244e+21,1086962.1681089376,0.0018137682397242,8.803906998574452e-12,2.3464068446666973e-21,3.851001538030733e-29,5.98706066238964e-37,8.580746830675231e-46,1.4273201399291042e-20,2.190633154351304e-17,7.015360213651097e-20,1.0611580604768198e-16,0.0103850165502379,9.392796164181936e-21,3.5270274266606544e-06,529330.2845686114,8.66466277736105e-29,0.0008748700107997,27437.993365998147,348.40678738663735,91658055085.13602,447.34811588094584,1.7546045812140178e-05,0.4392547225688239,139182349592.6768,2.6428969516672536e-08,1.537355481489003,1000006791963.4966,50629442642472.28,0.4327993226423783,4627591.542691086,768.8528926570224,0.4711130165939567,945820610.7393956,234785301.4303263,1032676073977.0388,0.121397349494777,236.11055102376463,0.0,0.0,0.0,0.0,0.0,0.0,0.0,4.264747436749546e+21
2166.583674075315,141812.62691994582,11.971925580297665,18.405651171046333,15.599592198632376,13.040335724309893,11.667232952662712,9681084.069674524,2000239242755.612,2.742820112896182e+18,0.002448152731603,1473753914.709987,55455.60919058611,1.1652068399789357e-06,0.5370547158932689,0.0462959085392643,28017.191155243818,2721037.0182852848,1.099600994909631e-08,194.16644195878092,1.7658093794922984e-10,1.9794263365679313e-13,1.757996542523638e-12,0.8700673675978097,296361.8321678332,5.4569916277694006e-09,1.854916264123905e-06,1.8785333635702876e+16,517.6922775579085,1.481929718584947e+21,1.579704893456896e-06,4.239234512927078e-17,1.9355841481781262e-16,4.880108963036585e-15,1.0193005188631546e-16,5.988027246372408e-08,164.7002472153498,4.293551974833547e-27,3.5892283864861095e-26,4.297286797865589e-14,1.1525149144277547e-38,3.2043978463225225e-14,2.0759529830828347e-06,4.8508433424047236e-14,0.000261368528967,3.5824069382739494e-27,1.5524686816332876e-27,4.771366348871151e-24,5.8969989778189264e-08,4.352438252913144e-43,2.1196829145709973e-55,2.3669720235025134e-41,7.106901170147281e-55,565542.8207489214,107909696142.17622,125619038852549.23,145897999744457.47,48706625860934.33,1.1035485955450482e+17,1.9350413753062864e+17,67.20731379905244,55341829753.190094,667.9404248994668,0.001247693403879,2.2506444109419496e+16,26535424439057.65,42689218035.0205,0.0409172229608405,6.009113823664007,1.7609793338957712e-14,2.0283219873305285e+18,2.0380097081813327e+18,3065284309286676.5,8.49526516261767,9443793583127536.0,6030969266626.284,850550159794.3351,91685869113.47816,48825832136.22929,58.4982090037633,116308781337.89644,0.0540132722475811,4.72577768212462e+23,7.30977255530622e+16,1.786276710544993e+19,1.0007259781313917e+17,1.1933241961718904e-05,6.976425368986108e-20,1.189616964294792e-33,1.1807163879798108e-48,6.918711350464158e-62,3.7262451672056742e-75,1.9249744824081764e-89,5.201284890471064e-16,1.9163426793701393e-14,2.536206019792283e-18,8.906388725549809e-17,1.953920483545984,2.957436418473428e-19,5.61387223578765e-06,5785186334.704872,2.8502568818361004e-21,1.1688915930265757e-06,1.130128300267079,1.0920496391037753,9713601.80904276,9.30457599106652e-08,1.894561986789453e-11,1.199704199125565e-08,725.119223419896,2.4360589271171135e-11,4.439766781892179e-05,5598052094.104951,11030325880.525703,5.814106720827628e-07,0.1820221025667114,0.0022164116737687,1.3491082424682297,92118659.76551785,2023583151.499476,212141542411.28635,1.1068135321723535e-06,5.096723030118983e-05,0.0,0.0,0.0,0.0,0.0,0.0,0.0,4.2396071820539776e+21
2354.2418559188263,89561.78387022055,12.013855980795624,13.170216624558693,9.616736529703356,12.691748399886684,8.963957530657659,371292459.083438,8825361709458670.0,5.153260669274882e+18,0.0591441653723618,30606132577510.703,331055208.15409356,0.0281053302282658,4579613.694186471,509511.8307830507,54821536333.47911,3666732695.0396256,0.1802469386991304,223802552.63585964,1.722896584112469,1.247159062887126,3.7131307380507823,15823.897263554676,1080113125.422879,0.5329350980826458,112.79131628526224,7368876130122670.0,346506.43976502866,1.1240802851092396e+20,0.0099055247316504,2.49586989200022e-10,8.479852522377521e-15,7.514231129785486e-11,9.253108471508543e-10,0.0338318309865015,4114301.036775415,5.2530618570710466e-14,1.857440384378755e-13,0.0098004315171401,8.557293136077241e-20,1.129589064507845e-09,0.0101174914457849,1.557274383744226e-06,0.0006729634247573,1.4342778322676568e-25,3.2378728859788677e-23,8.398624242144131e-17,2.0697766967050292e-08,4.06315945676756e-41,1.6244163389055436e-37,2.5213712444668082e-33,7.595477167052279e-53,11992198108242.771,4.715144253152855e+17,1.7058472006978945e+20,1.9645818490938147e+20,3.475732087922102e+19,1.3735049577825282e+20,1.3373390403755794e+20,376176439.07659423,1.559325245078901e+17,11415732867890.867,64387985679.223785,1.3667401163961675e+22,1.735682536621692e+19,1.736339090665454e+18,190386406.5426195,62594376968433.5,1709622.5827265666,4.927193475371507e+21,2.5276583259252295e+21,3.1091597678970716e+18,137355202.074885,6.283277042610456e+22,3.9259682644256694e+19,2.4692718867622784e+18,1.3472725301465542e+17,4.9143467414811816e+16,6898226059113.721,133697507279067.31,88146.33655612112,1.8838189253240057e+23,1.4560059530148751e+19,8.939292439875415e+18,8.709601926600071e+18,67.02677536178366,7.815483399440001e-10,2.6362143493323803e-20,4.311149726290137e-32,4.7509169665990465e-42,5.293105203584e-52,4.989281894518123e-63,4.544625200308011e-14,9.15319894134503e-12,1.6747457446743574e-13,3.5567470082626076e-11,2546.2626471542976,6.65271563672573e-14,0.6723142887983543,12054098381.994318,7.4230721153168215e-19,0.0506160227405806,122349.59156890704,11241.287272130005,187227616758.4887,6.375420786410788,0.0011779659121043,3.461113290918003,829639820032.7974,7.4394919314756735e-06,32.224488435228295,20781506444627.062,169122517833441.25,89.16864382488707,81948221.70910767,106995.80520348682,24.986977204579524,3137528612.6627965,4090076186.3143888,2396680993255.2188,0.0161057070082072,4.231198671033834,0.0,0.0,0.0,0.0,0.0,0.0,0.0,4.229735930251874e+21
1621.9637311079543,101768.62964081595,12.016382370409888,6.424658226991176,10.563815272313322,11.216107735534289,10.256379573186551,4903266307.223306,6.5221040712730504e+16,3945.1073255876063,14.036155333313186,281471833.7366136,24479019420300.047,118486.09242080772,3.107626261538492e+17,9094153989209286.0,171863241915.28925,1104952023.2369032,98520947398.1757,2745410430867.2163,2.5028204173578298e+17,3.200588010057436e+22,0.0123196197540569,1154552705.1949394,7578.56909384969,440.3445003373724,1117153.5121169172,77776820702446.17,203236275448.59244,139137661.4246107,2233258614780.475,70265532683548.664,0.0003595385931976,13379671.997726863,47111873329584.51,1.3456662652551066,9.144715717272673e-13,1.7744052993617334e+17,1244374.819943708,0.0003019149981491,5.234998460020218e-07,10905.06118399693,60.675157586844016,1777967608.5990715,1.6703218830642417,3.7385240571600925e-05,3873.957196072019,0.0001831601696749,0.0001512186552042,5.742383077281373e-13,1.038787506621729e-27,0.0966302721049629,2.2137799991617137e-15,1704679100406.234,5432148.596298658,0.0193111279453454,0.023212414258696,2.493675850414705e-15,15373369523.401491,0.0070102695474356,6.716609259380111e+17,2.034717269424932e+23,8.743825949721141e+16,113626082695485.84,1.1243369988699436e+18,21.478440933220767,1.7899139908040648e-12,1.5756120920153844e+22,1.1360842232485733e+23,3.6703932710286e+16,68629270.20296082,2.5369832790196345e-05,2.003563958672444e-21,3924706527083.375,1.5058652313686924e+22,235667.43484302412,4.717462227468118e-22,2.062868762391684e-35,1.1603846216355847e-48,38081873.01770125,1127888761.3546357,102301715.03774564,0.0098909814884951,24653.185974844408,3.120834088325597e-21,2.4465091828735772e-08,5823681723491397.0,1632007776238.673,1395270969.373614,148455.37345348625,540.1885320667596,1.2356809779382891,0.0004456274385104,6.0954706242256994e-24,8.343554898921299e-07,1.6709742642986908e-18,0.1305269325246678,4.288410810163079e-07,4.5507251234933335e-24,5686248830.262752,0.996128111083698,0.0062985868148626,1.164188703410887e-15,111874588.73670076,9.640613114587804e-21,28525.788253043076,48865778829680.92,7.26018655097483e-14,338165.5980901833,20.5392722339913,2.5882829369181454e-26,0.0058025120630646,1.4528944652093098e-11,7.507898679313599e-09,7.872792866644788e-16,12346321.13347161,8.664593266824963e-24,5.816586251007506e-29,0.0014397120339547,2.070769939490026e-29,7.354095607071071e-12,5.257918322361079e-09,744979114.6155334,0.0,0.0,0.0,0.0,0.0,0.0,0.0,4.2195613602794124e+21
1675.7193585617997,41110.71728397753,11.991957182782778,7.75189278578986,12.166216499993435,13.165976851826448,7.864893986288976,3257148.3100863006,2541103397846780.5,846.7960051279669,13766866.847433666,2814526312.442361,3660496619473.222,2021980646.739665,5.87729810471523e+21,1.974747451862735e+20,223198646202068.8,608254991794.0331,23865327848551.305,24090353246525.586,7.973364487247745e+17,1.3968680323515362e+21,6.911744685045161e-06,1891371456496273.5,788255123.8209401,3440819909.782512,6746783977176.11,1.2684699630551002e+18,248167932791903.6,141037759864.23654,6.041520176520963e+16,1.0325535498640414e+17,85401471.21054822,3.140314596498818e+16,1.4399145650936477e+21,216261.91770183013,6.250385837684832e-10,1.926199812526343e+21,1278780034.672214,0.0013593433519751,3.044339852897971e-08,4440731251816161.0,1300971466263.309,1.3297331701072475e+21,12986603904.036936,1498232943845.9578,1.9518844882386117e+18,2646176195092.201,10605268238.250431,6231437234.937941,1.2499640002750535e-20,4.17787711286583e+21,4500055509867.12,301480328475.2996,62250.17368564484,1.7770665446522746e-05,2.126864868418396e-05,2.4452465196809823e-19,46324368.582501754,2.326363936811481e-06,1696122200302497.8,1.0917431316548964e+20,240120142190812.28,1089958399585.2952,40193224126187.35,0.00012034866385,2.8868700979728725e-21,6.26852073034009e+17,4.148480360242203e+18,148308952125.51907,32952424.227310523,1.283776464956664e-06,1.366030517795592e-23,1952542479391.4077,1.5927553305109523e+23,370372.9772725629,1.0973066255529088e-23,4.972874331454628e-38,3.457648206450304e-52,3632005724.639826,10562268.517038677,65633.08564577761,0.0001401691912352,13.617734727513836,7.552738982346848e-24,1.3039954265339938e-12,47835697834501.82,1096968968.8083909,76222.19937061913,0.5985471637323745,0.0001722345061536,3.2662982024843755e-08,9.182304271832653e-13,1.2533484525935541e-13,0.0003871648284399,5.166172099059675e-10,0.978015241115584,2.4252807166094934,3.021899581269618e-13,2449818802461.956,0.5739853248932136,371623.7682129953,1.6258015192021389e-12,2318.9691456171954,9.480962921555205e-19,0.0357138804645645,45864215.2288422,2.143551830096609e-12,0.2065592896769991,0.1884466921647072,1.152832225825063e-20,3.733153685562962e-05,9.211601985715305e-08,1.3972412262151297e-13,4.711012521251506e-10,119726.82566074395,4.192857542098755e-19,4.485929560449923e-25,1.397186324331361e-07,7.387872625801286e-27,5.988982177787784e-17,1.3336954645278471e-05,43697.15964676424,0.0,0.0,0.0,0.0,0.0,0.0,0.0,4.1583849281147356e+21
2031.804170099557,79511.6019792247,11.99767535855512,8.847786211427584,10.734186632010369,11.35425771973045,4.835576325859349,1474542520094.8164,1.3673878658317376e+18,2864653950.9872036,3633645.44179642,497074740397.8455,6985319211.007468,4086033411.008752,1.8920191886301008e+19,1.3182751107930637e+18,5955073521417266.0,186245865347632.8,125278541443292.84,3.5783617386689984e+16,7.315847857813798e+18,2.7909560429805738e+22,1915943.1943182084,6907449751355.553,15921787155.41962,45275861.22307569,22853186654.716953,1.5209969723628623e+18,15088525126.877392,837514319704564.8,4022328997.8791,63868.394614661825,3689.253762481163,525008233983.13354,4.026836565421296e+16,736518199.6245564,85.7108853197055,7.374794605992984e+18,224342973470.16397,11102011.31619114,518.741487221568,3101631271.6732254,1839277628.8067815,21498498424569.902,93723490.75351232,1546.944482043962,2685748267.260426,129565.29182368296,4167446.468797071,0.0019767456774139,8.794158948633609e-11,1730765.3327984156,6.102372283393212e-05,441514453875647.7,555946749729.6466,3041898.404189506,3557455.7300982657,0.0035793119534973,382126327131574.5,1940294.766654052,21037250609574.48,1.2929492601102584e+23,1.4715894522022257e+18,4644068724691129.0,3.338770839650691e+20,657484033.4180613,1.8871215622616424e-05,3.525653704536805e+16,4.723699195191186e+22,2.1661367260966317e+17,7218573985126.164,22507.341583894133,7.119091997526045e-08,1970910524.6955483,3.4645321016212267e+22,40060478432.96051,3.4813917163764556e-08,1.1789057243516222e-17,1.5237590605176375e-26,83215972477.10725,102206000.04260494,19.82248271057707,3175475.2392469994,489765.857990173,1.76202424158968e-07,0.0023727490859129,884315.2454396863,0.0016311670868155,8.841125186839512e-12,3.2444287354729257e-21,6.303227258610684e-29,1.041764921666032e-36,1.8279958209790273e-45,8.420643036032903e-14,7.469495894621266,1.221068873014361e-09,94216.70907368344,43.801012758175965,9.209559112721637e-14,29163375119069.08,651017869.6766081,38760.136334978815,3.7983384599623736e-08,169394040941.7575,2.0741900038827983e-10,10815856871.606655,11316003976.368711,1.075210647865987e-06,1877263635.0491548,4767589.0403676145,2.789702849410098e-16,2446.0972971031915,0.0044496431495514,47.263514219632825,4.9884102759019366e-08,62969906466.12016,8.839849498747683e-13,6.673104678696842e-17,27138.428394360184,1.118962164858671e-15,0.2772201517268683,2.111806139260744e-08,2257419.8008655547,0.0,0.0,0.0,0.0,0.0,0.0,0.0,4.156482277606842e+21
1647.637894846582,56890.98486308337,11.979988009156097,11.076393171141223,6.483783553775653,14.112723322591336,13.853745654845474,33006588.67226613,690310148609921.2,6643780086.263242,0.0004523721782087,1781862688.1470609,4.530016608741466e+16,0.0273199342439014,155806573046.1062,4876036189.740895,83412144968.85634,170874083.97027096,147.22438359042056,2910814954.2891517,2335581.830190881,1902474040.509036,0.0011168384869866,98754.80464457883,604025.1061419755,0.1664039167653758,372.4945292312503,1218524153366651.8,4209915667370293.0,2010259529730801.5,58596599843.606735,2085809641852719.5,1.8929596690863586e-13,3.828526167191316e-05,0.8377612546597016,0.023640613348001,0.0143175804013304,0.1745314886220192,1.3847130070880145e-06,0.0003037474140698,4.694234518891958e-17,1.5430196085753144e-05,0.0730516024521796,6.991335306526016,0.000593938747119,2.6979418002381387e-19,1.7083309810197674e-13,1.2247698971688615e-11,6.316556000967775e-07,7.145166813215657e-32,2.0226018408508187e-35,1.0067324426021876e-19,3.9716994201611606e-39,77826119867.12692,233399435236.68335,866582628.5993965,1039469449.5021074,134.08983784916646,166894624858527.84,92669563.04069394,8.764756483297082e+18,1.3754024148445235e+19,27024289677941.434,133361816210.43832,7.250393987879311e+19,2001858573.0057728,187163695266.1242,1.401709906389629e+21,2.204401518701785e+17,2588414472.814353,353507543154329.94,155759820.94774103,0.0165187467869349,2.6938871873957084e+16,2.026591698544926e+23,4466475124210.477,0.014602556478712,7.54830988908468e-10,5.4684347895815805e-17,3084903932.7514477,1.9321324900070815e+18,2.219477044442796e+20,15820186002.619312,3.797159447997587e+19,0.0075215915595431,43028540223964.46,1.2260422303346816e+22,4.743448906293573e+21,5.580018239427758e+21,7.795521076955152e+20,3.851493945762908e+21,1.2239674394870593e+22,5.951739303714512e+21,1.0487407363278175e-25,1.535325004728098e-13,1.9161075205082537e-22,1.6574957115420682e-10,2.503575748014409e-05,2.862376522689454e-25,2087.910427855492,89842.88690911721,1.384617414698236e-14,8.535692797525856e-15,7157.34889408479,6.92721190515503e-14,1660050.296609032,3238610337953.1133,4.1862876180580746e-15,0.1999225522864728,4264.521534872132,1.2613966430510794e-22,0.0002435132981598,0.031917269567989,232.87734593523805,9.160957217932638e-12,1308244.262028005,1.0566001592596945e-13,6.793541714908697e-20,13.541545375150196,1.9325872465771432e-14,0.0738116228989445,0.0046865879031978,7186527410.4076395,0.0,0.0,0.0,0.0,0.0,0.0,0.0,4.15564021924076e+21
1645.0762237003405,75706.88603970574,11.983501190498448,13.929842290526327,14.609877494164882,7.984736309766038,11.386773276524911,505606856.52506137,1022948658582.5868,394754.6149121069,880782425.1600889,416.675122887524,9823005033930.074,81920501.87606928,121359427222985.44,3773005904744.492,4076443838.907405,33329817238798.98,686525409.7194037,878069808426.039,16998890010.095638,21569755803.306065,4.7515307100635265e-11,48977106271.393295,18866073.576335058,0.0199932773816893,45.30926959986186,1.5929518104269557e+23,1.2335137242881874e+20,1.6567410746418403e+19,2.682072134479474e+19,2.172869966920162e+20,767210771909.5824,2.4552007076357072e+17,8.389379583101742e+18,927120896.7727427,2.2213580698951376,4113843389801.164,2016.673907071907,0.0017476045313207,9.698462622645005e-18,15909857679699.906,4786299891221.097,1827877518344.1116,1.5647917861976477e+17,2.3158313658198e+18,2.2936548396189677e+21,415239353.012499,2.237980542111464e+22,1.2699079127795717e+18,7.227715848046775e-20,1.1413081212176654e+17,1.487536832653056e+23,28.005815846077347,0.0052843503968851,1.2218526830341132e-09,1.4659199473529642e-09,1.1615847689789554e-20,15429356.276944175,0.0005255382584937,2931188506948.288,31741779764849.527,15.058384770878506,1.8272865341454073e-08,10513664578.147297,1.7509084668571746e-05,1.458547541459121e-15,725374860925.1578,191.6175141868089,8.28007210231251e-16,5276.058962710779,1.4290296454071353e-07,9.207464201608529e-22,1439744.2689997426,12337620286.43772,1.6442831565047493e-05,2.0036966851505039e-28,6.3720076116746796e-40,2.816147352496029e-51,4.4134401581590606e-11,26403276817.922783,682677931.8717548,59.08853984601647,32794347.977961034,1.6875603014126153e-15,0.0022940452011887,604753960638484.0,52218520699.89544,13714028.17327144,429.70892873893456,0.4745971782031777,0.0003363977053991,3.659248834445984e-08,1.1753622057449442e-14,4.654010445894505,3.330369586801378e-14,7.765466141401483,0.290837422776932,7.917879725279468e-21,16580082144.590488,11426935784.926266,901007468734.3868,7.096569908307707e-19,164.2027081513351,3.6091849880153985e-22,2.404229608698577,17057817.992871635,5.3105004444020325e-22,6.888038203395893e-06,5.574790298737643e-11,1.6378172387938216e-30,8.73613627654808e-10,2.8032417038883385e-14,3.3666185799742216e-12,3.0615024530006493e-26,1.201373342716483e-06,2.198243701575459e-32,2.2644249713004253e-25,0.0125538154668449,4.118724458923431e-24,4.252409791018929e-09,5.9091831035844283e-08,24479769.086127263,0.0,0.0,0.0,0.0,0.0,0.0,0.0,4.117468846991941e+21
1736.997229773442,41169.42499859899,11.972541639924684,6.531375031575306,6.763386644637963,13.44579083248801,11.613341235074753,1159345950.8404186,1.1717231994702504e+16,401952.2464349986,22.070642720564468,9469067898.23932,8189268167959168.0,6340.557982077607,5969493220173156.0,232334083903972.5,32015869512.65199,120478360.03119056,117839575.08116382,8505899892.966958,5717748849368.169,1.5197165530277968e+16,4.364681862212782e-06,1519086431.9712274,82303.25725707367,4234.048410100152,6313013.93504049,63432983524956.97,13318580577714.84,896402239.3111906,35857268797951.07,4.673950153699369e+16,4.955599736950404e-05,19525.29034159196,1287273982.0263035,0.0043322665170672,2.23878524308974e-13,7811206058.492612,1.0314587913029087,2.0240674832004863e-08,3.8555732775913464e-14,1328.7688790559826,41.4319136133165,220699917.47763988,0.4840226597261204,2.140079192003357e-07,0.3853618451304093,2.6356774085468132e-05,1.0547787141773046e-05,3.636761940453509e-16,3.0460407040996687e-35,8.962769091394405e-05,7.238678631271947e-20,2018089967781.4807,55322632.580248274,2.636356321871184,3.1407780624249813,8.183364975243702e-12,34208555549.504063,0.4011974135744641,7.18772050600609e+18,7.672750007349606e+20,2784960524775504.0,13902865158419.08,3.861260336234554e+16,39.327833177519736,1.625922079687617e-08,4.675252347829061e+21,7.071285633473548e+19,10299798134324.594,10693839944.990818,0.0928397658644962,2.8616283984174926e-16,4557143787511158.0,1.6505449895015353e+23,123360283.92779244,2.4642523910283383e-16,2.447525278331121e-28,4.493967485481904e-40,11362988051.615532,3024614155541.7305,18334695973972.688,9.008416730913543,468499637.0673263,1.808427868248752e-16,0.009105740273972,8.250998965380945e+19,2.23096789672062e+18,1.8152049215909466e+17,1506124277835155.5,492933707272172.06,111836974922953.95,3521165421337.131,9.332467190670323e-21,1.536757945567786e-07,6.439441640109991e-17,0.0007000109932703,1.0446884634500364e-05,2.274738133480112e-20,260679356.2444124,1.0975374451509825,2.6885836409350228e-05,6.16260904145828e-13,2999497.9350493946,5.2097187528912405e-17,5686.113972133761,37167680790058.586,1.9556716103007675e-12,915.7991439758474,11.31489276465528,4.018122401718553e-21,0.0431334779079735,8.487619904180253e-07,1.91348710121814e-06,6.524623759391502e-11,62124893.78311113,9.767324862544792e-18,1.7549369663052826e-23,0.0156450561912799,2.6792966944222035e-23,1.1721375062137999e-09,0.0011060318520294,19824348674.69242,0.0,0.0,0.0,0.0,0.0,0.0,0.0,4.0775465907712117e+21
2094.7344772617967,81846.68905762419,11.9852687583061,8.88062433655614,10.68663873911116,11.333473702842568,4.827869727432929,2297270750736.908,2.048559062902896e+18,7362313497.55842,12352222.445486942,1132642096668.1963,11347482899.604162,11429054360.758087,2.3402829387345175e+19,1.807236813886756e+18,8112500578245786.0,325498672400915.44,247255931537453.7,4.830052334213154e+16,9.646281930064048e+18,2.53811043817476e+22,4469680.541620516,14080538735941.271,33810137796.555656,121732147.84367926,50758778037.84219,1.96678290731716e+18,19072531210.51255,1111289866746287.2,6291897360.174422,76824.2527661905,15033.281605482478,1155706444675.1682,5.89298466143625e+16,1411802824.816772,185.2337108552986,8.243088280119334e+18,352425817916.2646,19928613.667648356,1281.3528892181394,7768260363.360221,4150090016.2818623,34794275859856.215,242770417.82828495,5745.8910817536525,6368758843.369934,310161.9895138235,9074472.919876486,0.0096823604395274,3.0773472591204204e-10,4020691.8600125336,0.0002971249010979,836198910428268.8,1110484018848.0012,7547326.881325427,8797179.739730824,0.0136264974869324,686292335683535.2,5470038.644388214,27446873040586.91,1.333960654833946e+23,2.1047955762233157e+18,6946629111395874.0,3.7017528955872825e+20,1492395087.071133,4.374556733380685e-05,3.5154673622328936e+16,4.554975203331014e+22,2.82429736202436e+17,13832232459252.309,65479.55677629683,3.7932143705504265e-07,3212958612.701196,3.360533365912407e+22,76506347268.19775,1.9011842638939994e-07,9.71166973367869e-17,2.1461108202055415e-25,171809549708.0887,170487539.7600903,30.09834428279753,8714586.064181665,803552.8819852149,1.053818573988267e-06,0.0055460834045525,1108190.776294112,0.002129989148534,1.1985920436631824e-11,4.245397016567931e-21,8.390371155254007e-29,1.4640675119045316e-36,2.5832782214474876e-45,1.3281673600090606e-12,30.430176381909657,1.4183057518480024e-08,295646.03112543735,208.82265509253872,1.427322041429468e-12,45851467863859.78,1183651612.5937908,116820.64772224615,3.9432161559995506e-07,331842908497.91595,2.408732264326965e-09,21112067353.66192,14654791416.713982,1.062727359151611e-05,4489057099.064989,15530011.71898383,5.182049669360972e-15,8401.590002623261,0.0279882889929729,136.48227418376607,4.7220023011463034e-07,120039505410.66634,1.0449860215529628e-11,1.1905434567796558e-15,80755.43740368303,1.6326092062511397e-14,1.0541376380790817,1.3583294603195348e-07,3817289.810681836,0.0,0.0,0.0,0.0,0.0,0.0,0.0,4.073292203885126e+21
2546.219461931942,77813.15797987828,11.992890764825887,10.013404013324644,12.284610378566471,11.160566936980372,6.887868338084885,248161766185.6469,5.2783271585833e+17,33988793019.346382,211732166182766.7,3029774985600.9575,266501052922266.28,1658656479982222.0,7.761739632415126e+20,1.0774492798890253e+20,9877727775232528.0,6.711954295730339e+16,1.2518912539601466e+17,5.9182246827934e+16,1.258830307889262e+19,1.0312204867716573e+20,1706.2684709532966,3.1369409306867744e+17,20278162903692.39,324287666926.18616,45493349821486.15,2.789067819039745e+21,3.584295163004465e+16,3.913684330990845e+16,1.8680378809026824e+18,7646324424921690.0,1.145082573272913e+16,6.758462500216533e+20,8.701230335589683e+22,4024975274110.563,478.820038570438,1.7479933497269394e+21,11238092607345.48,551168.2088342353,7.185698133777942,8.985105264701199e+18,5.4575889121686584e+16,8.12537738574105e+19,2.9656967939381536e+17,4.010700591916496e+19,8.314676996885583e+22,2207414749484124.8,1.393058608297364e+18,5.396959027495652e+18,1.3834778241212578e-06,1.905081752094174e+22,2.5626697156340487e+21,19909179846785.72,757935598.7121668,380.9166098517632,435.4164302982893,1.702226158768215e-07,10415112426626.951,23312.10107764264,4715245562514152.0,1.0383857263762004e+20,259176452635716.97,27231271803.560028,9152713329221504.0,47627.02315902199,1.0712865078708664e-09,3.3557668172889544e+16,1.527263636431531e+16,343364653.205321,287811788271.97217,315.16038167082104,1.2516154703150507e-09,1864136746775.3235,1.6344469583651678e+19,38520830.66073393,1.7624882206131024e-11,2.0501788733097767e-21,2.057663335521288e-30,156217226.42228803,98145263636.50545,14980526.648419056,1232537.958099118,8902156.40859906,2.7324687366618085e-07,0.0099473290770269,8738269361322.563,31825764.3135413,332.9949016776299,0.0001438878710486,4.707763051351211e-09,1.6965741925388628e-13,4.618112725140801e-19,17.983523499833524,12202572.505683132,855.5125657088872,662144120.4145249,1637875561.9362087,0.4253633836003,1900536742948552.8,2072238163.0970955,131039564784823.23,0.7981286489056842,3285308431.7480407,0.0001938156777202,4269636.37232865,19425345700.35919,0.4202418848673155,3601684.783803023,575325.1485233022,2.760761040686739e-07,1948.5005863948663,63.37351670707486,0.0052138949426379,0.0128837101641491,23154303.70371448,2.169518674920652e-08,4.3616484112330545e-08,7138.300498973215,3.966255579154227e-09,0.0079798197901702,1016.64081681276,932496383.8779372,0.0,0.0,0.0,0.0,0.0,0.0,0.0,4.0263128749627744e+21
1957.2001498352347,126574.82091952904,11.99034317258345,16.949486663115806,12.677896535806036,10.542812121741749,17.929553137768742,239406315.76153344,157750800786225.47,29790032721721.96,10.437322042491775,188868879.16218987,1.0990844801605844e+18,2.8986975812557625,40877564.42853322,2499427.2807258936,392495827.59503746,8270575493.508356,26.665862868830583,425497029.0177705,501.0581811348384,590.9038319042775,1.4577305269792554e-05,41042.49284102982,3098974.309925138,0.0002048290420452,0.1317898843780717,5.13234590747859e+17,1.5290763957790628e+18,9.438648347436335e+18,9013041823181.0,5.827778327587221e+16,1.1432120359095185e-07,0.0068562747970753,0.1703559450718238,2.6234875520277634,312.084217313803,1.633579166121912e-06,1.1135382200645962e-09,5.514528933326336e-05,1.8553181796713082e-21,0.0001928788090176,4.498468425094869,0.0025172313569885,178.11349992348508,7.314964630373771e-13,4.314994093646135e-10,4.3203392110697975e-12,4.6273627583893955,8.956849470704104e-24,4.4353221996948317e-35,2.3666200463151662e-20,3.78665426484748e-30,40884884.5158609,1659282585.918425,237925107.8297271,279419507.83461547,5611.000817010568,1206682672609093.8,119265800077.6464,8.426331960003351e+17,4614123858817525.0,37519701.45813021,121.05102625126642,3.7485898515881434e+17,10261366834.438086,99554487763419.72,3.830620186919678e+17,383144403.09877354,0.0002502289205604,117765460955606.23,7455257132.857326,377.6833891530297,333727744853416.06,4.204724323058771e+16,710311919.8605254,0.1936072884314607,1.343808406034546e-06,3.032537276992643e-11,41.92226517206468,5.360623039983319e+20,3.4142690598446566e+22,1047392109375430.0,9.046499191961583e+22,746021.6449425307,9.651221841678092e+18,5.637054642690514e+22,2.8781411607266013e+22,4.339102275743949e+22,4.857340678947147e+21,2.6936200471953543e+22,1.2127824255958664e+23,6.163019207238438e+22,1.2132692529663815e-16,4.850780491232197e-09,4.999906758449115e-16,1.63941845307774e-08,1.915026974013672,1.4671086670656735e-19,68.49849372991714,1398392199.7204711,5.00846464368366e-10,1.3214007880101906e-09,3954.9561361379,2.156856454529249e-07,8739784.626525536,129911444309.69226,7.677359710377229e-12,0.0065633147741571,924.753462607118,2.600862646907566e-17,0.0001570517052808,56.48269473837343,4495.158085697427,1.1826985525615864e-11,9.224081966782204,5.4548821151728935e-12,2.0878651899686335e-10,66647.0801862012,0.0001557390435306,17194.180596601193,2038.1352422738196,95999856347.70844,0.0,0.0,0.0,0.0,0.0,0.0,0.0,4.014790351203111e+21
2212.3988850867763,77042.32556639443,12.007019779580135,16.038943334721587,18.63243874560778,15.060688313638572,16.23116258314357,59767417.75469578,15587986956.124117,271894283.76179457,14151806191781.695,733465269.0895326,9797072009366352.0,35662876.66614194,2837691019522.812,261401495394.1041,8493801.092738373,3311113438.733785,1612.8002806258846,1201.3956595260534,0.1198738143859297,6.351194110094914e-07,3.008068506875797e-26,1056846554492554.2,19934867916.144917,2319806.7522287783,697114629.6312244,3.13206906439712e+21,1.1002118900987458e+19,1.3553928773612638e+16,7.141745587714446e+20,2.091797633424272e+21,3299372784610381.5,335715187565426.6,32366536389.661713,0.0655509890854322,5.667939344320814e-13,4.1328869458642976e-05,2.3225948563378776e-14,8.769895073973086e-23,1.9373713993905256e-41,1.167260191991398e+17,380648309663070.2,3.89971876541459e+16,1.7935031520333872e+17,1.5075386817437155e+20,2.926638080231995e+17,697821222671.2759,5.119861907121793e+18,5.7581300661360075e+19,8.921585669956357e-48,1.656727781864733e+20,2.4589274540200855e+23,1499.3348074228436,0.0159617250553389,1.1531067491412616e-09,1.336343902563942e-09,3.180419973130058e-20,52083.571026359685,6.591048561910582e-06,61861870433.08604,2033951.4552540523,0.0088691318005373,4.991835921990634e-09,46.69914529544336,4.719303281262612e-12,2.894460001652097e-24,190135.1622707171,3.715524253003071e-07,2.328056552070356e-24,48629377.701415375,0.0034505951595432,4.1406398651022844e-16,439855288891.8619,791169382001099.5,42.235069164829575,3.415080881830004e-20,2.5921344893967756e-31,1.0523502792335196e-41,2.338285850533933,1126542891780.3845,63612647038.73227,2634.011871618408,37762638.86823625,8.882205364120779e-12,0.003505327298251,2.3034482051507418e+17,178798497609908.34,403918521922.0648,50654996.785778165,388105.0460608208,2800.750665879705,1.8772566154517225,1.7524083592095734,576.2504510216356,4.2094746995083106e-05,0.0135578004721529,983.4867763683102,0.000288157741923,26666261854.983116,299922.617264785,184976005157.01132,6.881072191817106e-09,0.0484630858643678,3.7236705146139284e-13,2.238425685468284e-05,393.73826467935345,6.48953033190417e-16,3.5152047107972884e-12,3.920607728921193e-15,1.017274193264216e-11,0.0001332907815274,0.0625410051876751,8.599882373795176e-11,4.5923792516868294e-08,0.1092074566556043,1.0901102253683207e-14,1.0113994039735371e-10,0.0464485065428779,7.17748380843246e-12,6.754769729929567e-09,102862.02820123162,42752843.631720215,0.0,0.0,0.0,0.0,0.0,0.0,0.0,3.970292183912789e+21
1303.1488018139305,47074.650281028014,11.998596065589414,14.54353733834437,13.584347332335517,12.101139735962049,12.553322879747787,0.2910960455583282,1120959942.2271094,195347420230409.97,6.043659925836032e-19,13159.63609948722,0.3609114176896267,4.147066896669543e-20,0.0001003048271973,1.0226406895089635e-06,16682.777725935153,36.63561222536152,1.3171036002962773e-18,1.4544847307415625,2.307670015886805e-16,1.494462292866589e-15,2.5558628291532233e-14,1.9835022099253e-09,7.232032159345389,1.0326448792029002e-17,1.8846578882276625e-13,49429423494999.61,0.3881960747629461,5.782936948287415e+22,5.678576621338583e-16,6.2039943133049205e-25,2.903572453660901e-38,6.628454448806973e-31,1.758511413915935e-28,2.0402904409315429e-13,27861.34820941325,1.297273656587278e-35,2.4024630688042517e-33,9.692026285305956e-14,1.0028612829715744e-44,2.9631084007403477e-29,3.752352658753224e-16,9.512834207660876e-23,1.175179138916228e-17,8.729043800350911e-53,8.613895824305678e-49,1.821158891066513e-36,6.549850679381613e-20,1.136221749716428e-75,6.268038153272843e-65,2.1233846253023567e-62,5.952539109455114e-92,566.5085966008986,844595601316.1315,2.77986190809183e+17,3.4528040854807277e+17,3.84282147813638e+17,3.1408871184104216e+16,1.1777010316207354e+17,0.100344277225819,166804087250.6016,560.302442111259,0.1069615523249364,3.4439987070249756e+20,3705315494905533.0,4.054335471057581e+20,0.0408470640863196,46343.61138977279,1.8923618333683543e-10,1.4590068603353483e+19,6.204111656362149e+19,8829617182929542.0,0.0120679810312557,9.115731837726225e+20,1.2127985639443348e+16,362053729762040.4,212902042812068.6,41006055925892.32,247.3435994453872,10026968954.561935,0.0052717822506601,1.9696753307364355e+23,2.1074671864489076e+20,1.8094136098451844e+16,4.768053319995242e+21,2.668368062340487e-09,1.1267555576106448e-24,1.5453157950403472e-39,5.488212249724714e-55,3.94740533204756e-69,1.252944740907139e-83,9.941366727892565e-99,8.738982993753617e-42,2.7180322605469153e-35,5.88450278942351e-41,5.857005247547182e-35,1.1008446246105542e-10,1.713918197888299e-42,6.474961310385645e-16,76216.11917929845,5.208070559341253e-44,1.1150665523699192e-23,5.93516541115722e-10,2.2511975948775744e-14,118.47959821283492,3.3709136139863814e-14,1.2808968071810863e-27,2.632799564173913e-19,24.92392417796421,1.2861241303095871e-31,1.965247153581011e-17,3482.444444531431,94928886.69351391,8.207665079252085e-19,3.645572105696684e-06,7.955916426016707e-13,1.5751552802187489e-18,0.0761201992905207,0.0033883510260708,25183.47339286899,1.2952354865654163e-20,3.462757393274331e-14,0.0,0.0,0.0,0.0,0.0,0.0,0.0,3.9075580725994544e+21
2260.2859553257613,47720.968676374054,11.989348262311823,14.490955897412542,10.42323870905902,15.124847702929271,6.843339906029925,118324757.29275204,543182163916428.5,1.1615259619567347e+18,0.0017596034613827,15733405782560.768,48900.23325537616,0.0001049379410469,62030.83623056218,6106.632692148608,458789230.39863384,16668192.245163277,0.0001016146800181,137465.3073155963,0.0001562176901816,1.7485213016678613e-05,8.190872671167942e-06,1188.514619515396,53472051.97229464,0.0393453547107993,10.451250743303111,483013913025930.3,6.110892412875351,4.939153757883158e+18,1.959489921168351e-07,1.7694435910240282e-18,2.599397680605747e-17,4.7694147255746876e-14,9.486528702729725e-14,1.226497330309073e-06,61.85764492291319,7.337758726684728e-20,1.1945957672211732e-19,2.6326902993508427e-09,2.225864223934526e-28,8.461840836430485e-12,5.97768509611302e-05,2.6865075747778626e-08,2.4488885997461935e-06,6.296919926446974e-29,2.4438437562684895e-27,8.089876321637029e-20,8.18446312495778e-12,1.6263750770705813e-45,2.1967183443136535e-48,4.591446628925077e-37,3.903506472136253e-58,765639351328.5924,1.958448467946443e+16,3.782751969938277e+18,4.3742655227603927e+18,3.198262400219171e+17,4.732811258339831e+18,1.8625602491745615e+18,7189.215928483523,1493289290221413.2,101373971786.89343,740714046.6587158,8.335117766036477e+19,3.1124147687644788e+16,381402659136.088,498.5623850341282,88380911240.35799,228.20472810379593,2.1630828090088303e+21,4.6701415573631815e+20,1.927381556406029e+17,27711.21282637493,1.2290035154388292e+23,2.364257765992373e+19,2.035355881647201e+17,4689050628147907.0,625305084346191.0,7474276324036.311,13274532667.871044,0.002574025120294,2.724407078428805e+22,1021996830279487.6,3.532955775538062e+17,277168114906662.84,3.5471456554265785e-06,1.0328560708082824e-20,8.733882754713434e-35,3.90959275562189e-50,1.1065767241629593e-63,3.023857357708722e-77,7.429093188859372e-92,3.972426179660391e-16,1.1941105175173505e-13,2.1004631516797726e-16,6.351077750928551e-14,6.402647588156479,8.136308197264314e-16,0.0375444338388454,198454870.95020747,1.7764542771225732e-21,0.0005668550253935,2977.3199607406673,76.50490808154684,3181244854.203473,6.73355650825624e-05,1.390627407637648e-06,0.0065985603624742,254878392.52272567,5.731260178071961e-07,5.526974212282726,4053014245785.123,17166858219246.342,21.060835477062472,38945490.30912282,13411.205615474442,1.0226138946446424,323325907.4085074,147790801.70242226,127884600202.73138,8.446607723134274e-07,0.0003245304547096,0.0,0.0,0.0,0.0,0.0,0.0,0.0,3.837210993547832e+21
2485.856134393758,74939.10491682866,12.013486233348369,17.50721016175772,19.38471705938965,12.70227190044001,12.42582356938924,78283994.01100807,14438646049.330988,35995770057.17197,284244685879969.7,620714568.9432242,5155272300137.25,89354806.22058816,24567511938.63197,3193137518.6697125,569874.5801558972,9513280940.68589,299.27672892983605,350.0085850811327,0.0013802951373791,5.07351697962326e-10,1.740037412234858e-26,203513815872030.25,24813517523.782692,61043.3003474709,9677881.412509108,1.3573755068366136e+22,4649896479239640.0,3.622918532870504e+17,1.0922855430576877e+17,13915028305541.629,4.031738595921254e+16,125036283763897.2,739551690.7678794,0.1103806750680207,4.550055006772615e-11,2.2112216871919946e-08,2.2074775850647782e-16,3.833096670404387e-23,2.606347533438192e-43,1.5003973015292858e+16,190119905129051.2,62321604964904.08,2.7040271310048553e+18,4.4291731303885465e+20,4.395373916146028e+16,7575284665.099411,8.088756290716266e+19,1.4576311305341913e+20,1.3177723999972487e-48,9.987980080545094e+16,2.0410129795707115e+23,162.8839016281938,0.0116213991330004,9.82694208531653e-09,1.1258225069296842e-08,6.4497167630741195e-18,492943.12780407054,0.0015980949523656,3723951.687431211,128161.0984166601,8.996297958889727e-05,3.1816726011016398e-12,20.93595829608909,1.32826882078992e-10,2.907471014512372e-25,1.115031637379762,2.4159371162923243e-10,5.467984615729948e-29,128097795.06224492,0.2077288463851687,1.0796539934571813e-12,12511030.09365728,2020806644176.8677,5.951208344044581,5.194845158890704e-18,8.946033647695944e-28,1.2331259400235237e-36,0.0041071266627082,3622549969.584002,15495.579849175658,2429022.3623451875,644027.3021322626,6.315618235752276e-07,0.0011086604231335,5268471899.96091,491.6569095333792,0.0001320819897194,1.5373079260132733e-12,1.3083702966062786e-18,1.1952207459705418e-24,8.53447175621855e-32,21233.608828246448,6156.093743020246,0.0436066791781083,0.0141014086766238,287146.33854412026,0.1764348177138087,616882380.9913757,6631037.888305498,236822372560.66055,1.4822236500239207e-05,0.0319466813945956,6.507716488927691e-09,8.094082105873701e-05,0.0065526742548683,2.8499634836248593e-13,1.0895827291225202e-12,5.495226718337549e-14,3.4578198778690574e-08,0.0001294764208538,31.017253798976174,1.4590854968339703e-09,8.660453991063813e-07,0.0007822153628534,2.446613112207012e-12,3.132442134070089e-05,2.906798963001406,6.3002751742123185e-06,5.385841323251799e-06,19158.282430658637,7430.339446956668,0.0,0.0,0.0,0.0,0.0,0.0,0.0,3.7146915603305427e+21
1662.1362274255468,55049.49563586973,12.009231512299806,16.548906396410203,15.688763739045507,19.60879191917417,18.56613495677382,4002404.9914158992,960011769457.807,13569182695.523289,3.074260315250148,2548561095.9527726,3.813266603675054e+16,0.2080878384136008,942032936063.7418,30591954386.01056,759223432572.2684,1600542170.7868493,1.190160522798665,29850576.714019462,19.634023743608186,16.814039664432386,2.9258984455140234e-11,594556874.0969172,5360991924.382901,1175.4039675111512,2455831.2930446905,8.528374919246423e+18,2.061131630478508e+19,2.0623510937592058e+19,213212216221897.75,4.872069672436393e+18,6.012261329554094e-06,1.1713407813472685,26.583796986128064,1.7504512420456122,2.337162150760678,7.260938465437133e-06,9.450845266313427e-11,4.606961290835032e-08,7.921573436976582e-27,437.2246583477895,2902355.2607518667,180024261.94924638,23290.23625972209,3.635408132534397e-08,2.364997960075968e-05,2.3097437404543686,147953.15415730944,4.6365046803344066e-17,1.5634776973820949e-37,5.640714075986296e-05,1.124499655453502e-20,125305613.76836628,557002986.171996,3246598.109632568,3889805.285684106,0.850670912946788,360702264352.2114,342150.5828065471,8203253973961792.0,20137121428067.51,47303528.99403729,251966.65142115048,158515427775327.22,8217.713229487083,1153270.3325648026,1431815057521843.0,402438387.5480708,0.0067113417397785,691655549313190.4,514523289.4593882,0.0983905398643345,2.415877906941985e+16,2.2723382426967e+23,9269789642550.756,0.0932890230835807,8.105425579936271e-09,1.0346293681871704e-15,4812493692.775747,2.388801854839224e+18,1.874392511467904e+20,48132407977.05064,6.785656986298546e+19,0.0439650969319843,126795159666583.5,6.644870155395095e+21,1.841630209802952e+21,1.5491070017931662e+21,1.5080618651412745e+20,5.288851504058563e+20,1.2082354807546522e+21,4.154430171538555e+20,1.1895692227900656e-20,1.1552873606790559e-10,2.342569452133374e-20,1.370137008753608e-10,0.0032338484869417,3.431566493066178e-20,1189401.1516393072,107195341.18627805,4.09796680161053e-08,2.2871685886909775e-16,1.1372927065189675,2.813189270569033e-15,383.6851694732695,314616869.32064456,1.3245303046469205e-19,4.099752964086197e-08,0.0001587521042632,3.6843546324302315e-21,4.187268585552406e-05,0.9209908806303851,79.62411831233388,2.2363178103632374e-10,193888.93425956336,4.056782454384207e-12,2.6751245865325317e-18,3.0253651108762525,1.0306699863483645e-12,0.0261940063555441,0.0622170012838915,637048947.9490985,0.0,0.0,0.0,0.0,0.0,0.0,0.0,3.7009493326477604e+21
1459.7670783447452,61963.05606386847,11.977188751091626,10.24387006838402,16.245167457092883,13.608504484539774,17.100544309527592,609653.4024712223,3648637430707.8726,38.91772867427739,60.23564847094497,659703.3494588508,5379872794392683.0,465.59084827465193,5861864090847840.0,106275738068843.95,1665372932.9008453,30469671.789314408,716423.9032408074,94085434.10206182,4397825710.43391,1180682349190.153,3.7432184809151335e-15,5727582027.226316,25438.72229690969,67.02178339424593,415896.6890537332,2.3222223798269724e+16,1.480114165904252e+17,30272836052.89464,7.367622012508712e+17,1.717978591437019e+23,0.8445373448562743,204708898.77345413,1808336303543.2148,0.0094048544387342,2.419054881947859e-15,3285928993.079859,0.0039096051455222,3.2618658415083794e-13,2.224222095478575e-23,27245749.836238727,195261.9481694229,3712844532930.084,26363.894002524732,167.2187581397717,48592885.01987756,64.4991372712437,5624.108989291506,0.0009690170882714,9.719688437428916e-39,64289560.06128316,0.0050052019510182,3448102.510518407,6.90060143836446,7.357679186956056e-09,8.976921675444755e-09,1.0696456346504678e-22,291086.4413915015,1.3291115091834344e-08,1.495942642202582e+17,2.334170323737505e+16,239934164.00813293,28149.113103386426,73332185300.54175,4.141875744529107e-08,4.526694918518044e-18,4.533459549663375e+18,725860222086.4478,2.445697025082449,284390.94025398005,1.2258967937297141e-08,4.8450939954047644e-26,91680009862291.34,1.982989554445559e+20,110.5296889418592,1.1146591452139134e-27,6.067351690734157e-42,2.292652388276963e-56,1699.836649308327,174908639943.04584,52351135640586.36,5.7304543507625616e-05,3327612.2183330823,3.9659653531548137e-25,5.241455901712092e-07,9.066557425596556e+21,4.5405180985605976e+21,7.121238537207164e+21,1.93965492527039e+21,1.4234928497032983e+22,5.586246372617639e+22,4.2675950199987585e+22,2.3231251351700138e-23,1.4266724217743903e-09,9.649003048948955e-21,2.617583977439284e-07,1.2451636030216837e-07,2.0456743373559885e-24,85781472.9648457,0.0455623278812065,0.0548340313504766,9.025339903111682e-21,1.6600316535257034,3.502966447803092e-26,0.0003372638294855,9919068375.369032,2.6252681513259293e-22,7.414156517275702e-07,3.6834423745837133e-09,3.9607089294984345e-30,1.8674266481164756e-09,2.649220622613006e-13,3.459068843301981e-15,2.959884645717165e-19,6.551890477713358,9.543228265610424e-28,7.88446889423162e-32,6.618928724373195e-09,5.64712832044308e-32,8.658593103646286e-18,2.1360783977082916e-06,124781981.11940438,0.0,0.0,0.0,0.0,0.0,0.0,0.0,3.5292352840282763e+21
1257.5066961965167,23692.657609281738,11.991985192442527,5.540655926607041,6.20332486585343,10.01391405001719,3.637221476871208,1240775492.9914193,445089967761629.7,2.706653565753149e-07,2.3587395969132833e-11,218.922547957365,3866.65869822526,2.0065401709312496e-06,1800911969.8969882,15112058.72715352,0.0020795917826112,3.554750739385382e-05,105.07074964937765,1.9843307000746055,33890691758.364624,3.8169552338119296e+17,7.753670100302652e-23,0.0160522176594629,4.562755857452344e-13,3.98539838227041e-12,1.0485965707531673e-07,98.18716151106211,2.2194375225453337e-08,9.228482266447115e-10,0.0025741177355709,1.2718187623763936e-07,3.1863187422740397e-22,2.0062067213414655e-08,9.980958915898247,4.848247225957858e-25,3.7031468682214685e-48,904236.7090961556,7.43681978828538e-13,1.635764398518873e-33,8.197749935708179e-33,6.564688832125778e-14,8.387808437534219e-21,3.846685264715143e-08,2.557090970570937e-21,4.446894055696247e-28,8.571107127457703e-18,1.1780500422921829e-33,6.645735385181915e-35,1.4180896844605017e-42,3.022894455983835e-76,7.0337214451447584e-31,3.021021924939916e-50,11382770.576923888,0.000127811177356,2.3553434459997096e-19,2.9432731249835217e-19,1.2240905661418412e-39,72.69577050073012,9.73873909962886e-19,1386746292.2938027,1.1361255573204446e+23,16359798559143.955,230890361.3433729,1691154762688.9375,3.9696949393139786e-14,8.083801253640167e-45,805137191472326.6,2.455828096363357e+21,398308411372.5246,0.0027770981258295,4.4898498857958074e-23,1.7308882064679464e-47,10.165627358506583,5.975536411497462e+18,1.8728307283335608e-07,5.407637860375589e-50,1.2499287896293015e-70,7.326702128283365e-92,0.0316504996446693,8.470254011530358e-07,1.442700524168632e-14,1.9961367770270104e-18,1.5326880392227048e-16,3.539073437858849e-46,1.4987395962333318e-35,1.261326210554945,1.3468281987868336e-11,4.734180229031113e-22,4.932147734851689e-33,9.44970932897242e-43,7.490486054688797e-53,1.6143026976825748e-63,1.9908619094105772e-45,7.183846444608674e-18,2.03636061501638e-38,2.1027265987835604e-11,1.7078829456911793e-27,3.205362686603575e-47,80.99746157646257,6.332497500154989e-18,9.568521092693224e-18,1.2144043236757918e-29,1352225.280474116,1.632691936987175e-40,0.0022283419062992,4386611.617750241,1.315115197405615e-27,354.6162445806919,1.4542030735572649e-12,4.321924114515968e-45,1.435503326429914e-09,7.410525946635669e-30,6.636476257344933e-25,7.769630890682369e-33,63.78481443550762,4.18129367299307e-47,5.965119097084444e-51,7.610430260709747e-13,1.547199187855087e-55,1.3152411249060033e-27,1.0905775759979218e-27,3.2690419002526334,0.0,0.0,0.0,0.0,0.0,0.0,0.0,3.427026291815904e+21
1632.836208708687,28629.971173125483,12.008235870784588,20.047536037522544,20.254052394076787,15.92880493416933,18.555240797715953,86673.42090819302,1816997.164192973,314665.0964216864,407353073.7932734,5061.336698706351,29885604087004.88,81.03407299736268,2420658322.806482,72899218.3552013,84277.62784264873,40669734.45170382,0.0015221797882746,2.3383397949731144,8.5982387250502e-08,2.465637204058844e-13,4.6315340344861845e-34,415557729810.0691,168944365.25982907,2.443846042539559,5877.056199372593,1.0586938627138191e+23,2.9253285831898887e+20,1.1678313793458151e+19,5.571027345518945e+19,1.7340718233271924e+21,226507769134.53305,176622309195.19705,13799567.5182954,0.0015977977824799,4.211939860609419e-12,2.9836142199122e-11,1.407949081403367e-20,1.3332366651062304e-26,2.549057726204431e-52,85659900035512.8,28395578378537.984,176646413493120.56,5.679961996397179e+16,4.743453803748102e+17,1082872185662570.8,25652003774.624077,6.188839823611839e+21,1.6184241190451e+17,8.89252014919978e-55,4.509883399598905e+18,1.2840078040061765e+22,0.0007248384330784,1.4366894289685732e-07,3.321327219081229e-14,3.988735207745768e-14,2.9577329138096213e-25,27.63801153099715,8.7513117260617e-10,19205041.79538728,127.25931149177136,8.557086315441581e-10,1.6072358661747258e-17,0.0439945069671067,6.279268988005002e-17,2.10190219735986e-26,10.40018106050426,2.4777874243473813e-14,3.087552409381717e-36,72132.81404609725,1.8347475960742137e-06,1.0491034245753675e-20,68562842.88232791,3054488469795.6343,0.0035321094516092,3.5529448369850095e-26,1.0652210869699886e-37,4.261643098037802e-49,1.359331713786296e-07,85047464092.51106,8008545814.040416,49.26313832941004,113392830.45677352,1.1822127740800224e-15,0.0076020545870334,7050700176334058.0,2128329916460.2583,1957175260.2585747,219550.4046882977,854.4215612497168,2.110903039487793,0.0008117654230424,1.7286122965600806e-11,0.0003989643227954,1.0834033698460299e-16,1.4483976420320671e-09,0.0013300992276087,1.8352638095863623e-16,29852361.094132815,1431131.664488592,57196057.35674752,3.542472415495885e-21,5.2618738493236886e-08,1.85654581503077e-24,8.224921248681233e-10,0.0218988569096189,5.4208965809003834e-30,4.181282754569953e-21,1.7204484734690695e-24,5.31798988518017e-26,1.8324218588248667e-12,1.3556831706001422e-09,8.490502108610828e-15,1.9174985548576772e-20,4.7335850926580154e-08,1.3743483699646204e-26,5.069833746741725e-22,1.8742988237431544e-06,1.0468569839842467e-20,6.283493069975498e-13,0.0006002875466939,14413.866778190652,0.0,0.0,0.0,0.0,0.0,0.0,0.0,3.4188989804845177e+21
2355.1463718016516,77170.58009560857,11.981780709531586,14.116718033142098,7.233066555894651,5.707534507722798,11.30462225342752,1553132719.9994893,2939529349209294.0,5.777342283782365e+18,2.6679795622825137e-05,6446174.497885777,7996023665.269259,4.19515816107906e-06,0.0001413984226572,1.574927110953893e-05,1.880050672996317,604113.6859033343,8.887374168384396e-06,12192.663499533062,2.80452270728913e-05,6.7046324024630235e-06,2.4828214221163964e-05,1.481473953581581e-06,0.1122520525608474,1.0446027001845402e-17,2.2061829148024962e-15,3648978653252.0806,4121.491542933728,6.177961770156292e+16,0.000106435565295,6.424713005920307e-11,1.7058748696171124e-21,4.978801344575074e-18,2.023979674715797e-17,9.135648416303699e-10,0.1369578191124922,1.2597708269511391e-22,4.9611123759308475e-22,3.2265059138188457e-11,2.8021370810689617e-29,4.717610326689609e-23,4.6826630965224545e-16,1.350975532343368e-26,1.4946353914325215e-10,1.2827948318582757e-35,9.554316711644946e-34,3.613279190482983e-40,2.2657711885764377e-18,1.6224578939712575e-54,1.3020500541973055e-53,4.350348630941683e-60,1.3498104638327449e-69,835837.771644779,36484960075.58207,14680797768577.275,16906871198856.229,3334704808229.071,5.085944571565022e+19,5.521911482462111e+19,3005596479.2291446,1.7151677912377312e+16,263028.71968296246,0.0003098087499616,1.669308193679786e+21,2.3708537631518484e+18,7.016845547428533e+18,502934970.54600966,476184.6014135075,9.032256399364023e-10,1149200553404142.0,657140603600520.2,902896855037.652,692.4573871191446,2736167783.4038157,1911186.5840602417,149708.78351442076,9104.74885218002,3706.687011175592,6.322561018571e-08,3583941997285333.5,56709311.017806955,2.344961083185431e+23,4.3297530018287845e+20,1.2453061418640364e+19,2.8849919033213996e+20,38783.135664821195,1.086979533316787e-05,8.812553016394877e-15,3.461116874362872e-25,9.165559230604117e-34,2.4549174649455228e-42,5.5598497520347415e-52,5.009388720245534e-18,1.722069043476841e-14,6.100788842005889e-18,2.2124074657094164e-14,0.1019110001270227,1.5302559608758572e-24,2.612400236774493e-10,27670588.425871942,6.1949044093482385e-25,0.0041378244835309,170125.61581929485,1020.8635488723626,288833024484.12646,211.9929842530934,3.1915807113003034e-05,1.599421062111729,8169468648.503065,3.852603468324401e-13,2.8378057079085424e-05,1179858.837157105,182996764.1908356,9.566514882087936e-13,1.496483538027074e-05,1.2767993061981102e-09,6.875542300708453,14664680473.906996,1245930161.6398792,12462524722834.023,0.0948876650776913,425.5642152651881,0.0,0.0,0.0,0.0,0.0,0.0,0.0,3.384404331246662e+21
1515.9080710028593,61500.120698227896,11.995066825884042,12.983206653202648,13.264823621558984,13.26258066573521,14.020117677974802,2544633.8825497967,217950441593409.5,119787305.73373848,196.6589495178833,50770130.00392337,1.0823246893316488e+16,32232.408907122302,1.8528547174882132e+18,4.01109154415689e+16,3.745077484080844e+17,570117184074607.5,810609251.3535374,3.3324700268893844e+16,73647940893890.75,3.0825029466245715e+17,1783.8843228128478,144732985025.39386,412702551178.5949,50213.89854560918,223653310.6853515,8.764088550094023e+21,4.600415511931184e+22,7.136094392487881e+21,5.5273891577077235e+17,7.033402395736094e+22,1.493630939372976,3710720652.831307,478196089564229.75,1442376101823.5876,164228772476.83743,479374763905916.6,611201018.0634726,23351614324.369164,0.0040015352375231,384164113.7923552,1393649401860.1958,456545732509966.4,12791043330.206892,101.052588072859,411685005.4827283,3688659525.5309258,477998192058996.3,0.0003632003401688,1.771129269109259e-07,2263162628.243188,0.0007288099924076,5753854586.577585,7605146139.174359,7036682.92735498,8538081.652127998,0.1276064933739551,14451093769034.334,860053.2628901959,6.148208300046632e+18,2.1946508878102565e+19,7340850758498.768,17121302949.853682,4.727223456410336e+19,54650747.78113787,1911496701.38036,3.477822602669675e+21,3.331847736263275e+17,1017761320.7252924,9857200723978.578,523448.6111259413,3.483259962986459e-06,3454763460822859.0,6.577886560043943e+22,70034286230.50319,1.547779549766988e-06,1.0118436776501136e-14,5.776471176975892e-23,37783325.30762843,2.2264948871649702e+17,4.911415013430665e+19,119463091.43313974,2.47870180217697e+18,1.8906575846507608e-06,428859178342.7141,1.0132865053765134e+22,4.69205813384006e+21,6.735545579563e+21,1.4844078372727153e+21,9.627051567702595e+21,3.5438739962272663e+22,2.3496501770266446e+22,5.296557478326198e-22,1.2653940408433746e-08,3.8722915118123224e-18,4.499934515359652e-05,6.508411617827343,8.404266289847515e-22,2774904111.2076893,36994769364.63419,0.1153783244059089,7.490782154880583e-18,313.2284699971874,2.141534837071004e-17,38518.378833205745,816317981230.9885,5.931034496642461e-18,0.0058283137390562,223.9025765546076,5.596425129110448e-27,5.793047644699741e-07,3.54550639414031e-05,0.2904435246396971,2.4484638016202056e-15,13793.17420079902,6.9093511739818625e-18,3.382525348167374e-24,0.0522293466223007,1.0401685912209373e-18,6.292080079629371e-05,2.2877040557225487e-05,536422282.4402104,0.0,0.0,0.0,0.0,0.0,0.0,0.0,3.3466753317406827e+21
2232.057044537321,67644.42858986885,11.99543661638166,16.003438549359277,18.654580764758904,15.06928783546844,16.19423022238513,63752720.82259014,15616529115.336945,280040331.00524384,17570216879806.158,940358908.1863284,9899075845285934.0,37766132.80940205,2479166098300.44,234771250333.72128,6087031.696436083,2468628804.4915733,1397.4358958752205,751.2686876236288,0.0837685284350289,3.610982680412017e-07,1.4064425337196322e-26,1174802913118702.0,17911810246.82806,2855570.6459463495,815206754.5591053,2.3951487066558106e+21,7.422084635147077e+18,8345341671998064.0,6.381157168362646e+20,1.5455923987923217e+21,3842770893823969.5,297863244114589.1,23135339713.373104,0.0321233828632653,1.8336325717865652e-13,2.220410532333778e-05,1.0934819208912728e-14,2.72733910518582e-23,6.643273327955384e-42,1.225901793904317e+17,310485393657600.8,3.742990581036846e+16,1.478507503414304e+17,1.5295312213779923e+20,2.3615141939943597e+17,531127015134.2239,2.8779756368825226e+18,5.630048612044201e+19,1.713116553591763e-48,1.4004044828328755e+20,2.1456528353574145e+23,1643.655783303966,0.0141872618367833,8.68700835407821e-10,1.0058286683389284e-09,2.1495900324107103e-20,43772.17400926501,4.999463964956744e-06,52955676354.07272,1656116.819603204,0.0081032485916014,4.745218017186626e-09,30.980498820709062,3.035646540031128e-12,1.0619239911789461e-24,136100.5385269191,2.744777468213844e-07,1.72433522558766e-24,47548183.176802434,0.0030176257278052,3.407820066471726e-16,457055608508.6816,828022094051694.8,42.414429116906646,2.907652829808663e-20,1.9718052249551656e-31,7.391428942159523e-42,3.0834792122615355,916171221285.2212,44744246650.18749,2206.6304038601943,24437267.546571348,7.33576676612704e-12,0.0019948754447879,1.9253271526091046e+17,134089732042227.0,271543249899.6092,29929875.681782816,204441.62780593452,1328.8715095756452,0.7915205425591861,3.4774079392509587,710.4880558476606,6.91361084921137e-05,0.0139904911472546,1016.0108368557268,0.0005848079258406,26137199505.10943,190047.7425375509,187864871999.6827,1.2274781966581252e-08,0.0493565069825886,5.469904245580528e-13,1.81950457763185e-05,317.86594026229665,1.0269824584115956e-15,3.395742650193785e-12,3.304668850795836e-15,2.426143084534685e-11,0.0001804991174502,0.0890380653506294,7.098819689865514e-11,9.385973059297708e-08,0.1296662817047691,1.8910404497293454e-14,1.8557274820168328e-10,0.047065888560697,9.968353038820374e-12,5.842990732866433e-09,159171.73531220556,41297369.43418888,0.0,0.0,0.0,0.0,0.0,0.0,0.0,3.3060727219866997e+21
1787.911491817071,39183.88433418529,12.008451480601863,8.142887261737895,11.883223468652131,13.660251719316364,12.724655685260906,204346930.83347425,5514253045686440.0,2999165.4718369395,132305.04797666357,22298693116.014378,1.0319191277844384e+17,9177432.396507183,3.2902968868952996e+18,1.435833767210584e+17,51261272173083.17,270630726196.19812,34775583352.69335,4292929895937.8184,323144790995558.0,1.7020067093857184e+17,0.000948088430082,4868621221561.931,718715260.3762376,17336337.77041145,20888638318.778927,3.406205660659e+17,5.0929031919451494e+17,12887614848519.328,6.675598137232109e+17,4.749285582320727e+21,559.123828170714,33299115045.325737,417324863517328.56,12977.505685417582,5.199951503240414e-06,168588494956259.12,84477.86110052206,0.0131748403720975,1.2276953588146e-09,8204344847.860312,596087097.7629569,789110524207840.1,8594279.041732615,3363.982424923081,1114651204.4644046,584155.7041729473,617774.4511633174,0.0118453482777162,2.289085828402362e-23,1124985028.1967435,0.003591673269803,1162463497681.4187,88221236.70626837,13.91772738861628,16.521010484852443,1.8080866090374264e-10,51543335620.2406,2.598347529932676,2.1323191666139083e+19,7.175846085594778e+19,352396488890006.5,1736223965177.5986,1.022345662449948e+16,60.00452508434812,1.2599144171498832e-06,3.0846384422963176e+21,1.7297132911029033e+18,98786262531.6664,54342705392.09437,1.955114119051946,3.0651174360824654e-14,5.435363560889782e+16,1.4226167596214268e+23,586317935.3001544,2.5527481877350682e-14,1.0380963575711229e-25,9.01547044956706e-37,21226883415.805584,102531426135130.58,4106181488645349.0,188.89932068940308,40679522984.56496,2.3451842307038375e-14,3.047727570802224,5.718274559932507e+21,1.1842896593541582e+21,7.34300484568228e+20,4.28541110303681e+19,1.0448765046160238e+20,1.837430764655361e+20,4.2578658051150045e+19,2.8245455726735586e-15,0.0001222322999595,4.1673975188042286e-12,0.1260019366168184,0.6563718606190139,6.359876743733621e-15,68104738886.713974,2435.598890608312,23.58689707775805,2.2840783282536775e-11,206406.926256363,5.721407390658974e-15,1020.594359924297,11950901472521.836,2.0570765490338003e-11,23.554415928575303,27.296125395411273,8.923103702740978e-19,0.0173877794492218,0.0001484229200104,4.339314347209489e-06,6.467478100372037e-09,12295442.936323378,3.2242739060483724e-15,1.033334876597452e-20,0.0149155024874808,3.300644655496225e-20,3.831647002064042e-09,0.5902951123798992,28370666520.1976,0.0,0.0,0.0,0.0,0.0,0.0,0.0,3.273065402683863e+21
2018.518723291458,81144.19728029612,12.001130055160196,11.181751486392038,7.43550162603691,9.278088577386836,7.765529771594128,422328566907.8876,1.4495408051892787e+18,401542855190.7576,730.1486877194942,5228250268.134313,3843428145954.49,992571.1760116834,69240836363860.53,4716849940615.697,3678350810947.972,8645507348021.338,38048230962.97334,2036219937056900.8,2811542883254138.0,1.3478407056871055e+19,22366914.12238275,19560071.696784988,7703588.524102742,1.520303286778181,800.2046690511644,6.511088395644795e+16,397295408907.86066,6146267311365186.0,586298154.9403656,6035334.0197583465,0.0001871905403539,35314.96355324337,3431367347.541866,1757589.371211341,5921.497873256004,894490868688.4757,4354154.508527736,6217146.447364202,2.10848575300603,2.206033044607531,230.7152807467748,211.99889356699336,905.4337499873708,2.1043916152726647e-08,0.046679366495079,5.3110861937895975e-08,1.89445742068919,6.651283631375213e-18,6.794798988746789e-16,1.088689478408689e-12,5.402381026825773e-23,5601308419571.135,1201792410907.5305,1081069200.275942,1265213108.7261462,199.670213079942,6.7107922734731816e+16,53218287878.995445,1.4066883227478598e+16,1.7227311739995937e+23,2.2997306933511252e+16,905505563306.3593,7.548748280292026e+22,21904844976581.43,11383853.018005278,2.8964667996795458e+19,9.322576815348424e+20,58407221855505.65,13594479917358.34,6668496.307787499,0.0031849836927357,13651651622.389206,5.535446663004134e+18,951293089.9888349,1.9517929541016855e-05,1.0414039840768274e-12,2.0631888074128801e-19,141975.8302185841,9638165280942.316,1167764970.6111493,75635920105.39589,7990988824602.8,0.6100091364364494,6176318.217432409,315185664141.6562,352614.7105197067,1.1601349791816375,2.625835119236916e-07,3.1105007375358912e-12,3.109277188526673e-17,3.335006296016808e-23,3.830820093407202e-17,0.0004552431316036,6.880448384789185e-13,7.041389570779071,5.171559098486683,5.298919892511098e-19,27585911.71954051,1407072341.8412883,0.0006630181404212,8.349263205230846e-08,53434022368.76077,7.668760618086185e-08,588576256725.3951,2391315880795.1997,2.767315432582614e-06,656616951.3100566,3124547513.8056326,5.8714755906429826e-18,7.421017175805158,0.0204662373075475,4426.289971030072,1.533276932113272e-11,2738165.533047083,4.4617223990774264e-14,1.9388020174171867e-14,1162519.4337145246,5.856700122980986e-11,1940.057602750744,2.7236493334185567e-05,388529090.5423392,0.0,0.0,0.0,0.0,0.0,0.0,0.0,3.2275755133908644e+21
1738.770429354131,40703.08014177569,11.995670457467918,17.285482107065068,16.119647767805194,18.24993796968866,18.548057446752537,7933145.71814116,5595132237255.261,396864426467.753,28.048908482829948,7164673644.7279625,1.2466394471355402e+17,3.756915625922844,2507201614221.9365,97981635614.09496,12835367946923.424,66627957086.603386,32.357086597882144,2187504467.034204,725.940850782698,893.2374104377852,2.408136678720589e-07,1385194220.9605742,71472245338.44533,2857.953460606567,4228836.437595097,7.377565356116178e+19,2.3102906871104543e+20,9.922478758826928e+20,659765252784463.1,1.270486906921807e+19,7.678524735544314e-05,13.870609865637292,422.71636071239215,1300.4317094184871,61044.71021739782,0.000560228732199,7.12923250325661e-08,0.0012719362673686,5.696401261502925e-22,1478.4790325379977,43658075.932443336,176698633.72959122,700327.9462124422,3.99960890113849e-07,0.0003325393783234,24.66856264048197,17442313.72122946,8.31508158294492e-16,6.043699517891297e-31,0.0001066310910039,2.0026156520802401e-19,712256749.3798982,18605519640.338142,850283842.7638592,1012840616.796062,2552.4624621510593,15646909544130.469,177638184.80425414,5.0968144411889096e+16,169634372339406.25,456718345.3919864,1672207.5181646447,8141135270655013.0,8111434.45234812,45297181587.01021,1.541122153707592e+16,5363777269.464879,0.2719577077189401,7641762830287054.0,64137234966.73501,192.52526224213852,5.08042028965399e+16,8.83997769541987e+22,64529065055020.305,121.5075985104393,0.0001166186246893,2.0799038558272515e-10,4590983982.946933,4.382927556359777e+19,3.952000649106296e+21,8479972506304.118,6.451151330042694e+21,166.95102070478552,1.2090142584537315e+17,1.8560966394974768e+22,7.504717710911888e+21,9.12919299382109e+21,1.129243866371828e+21,5.521139645844382e+21,1.8739298444251048e+22,8.810079635853428e+21,1.8743621706951562e-18,1.322911043555189e-09,6.003718320220379e-18,2.8030781091652683e-09,0.8939284686900516,3.342873803025535e-18,1582281.8528688594,8274021600.133472,2.768337672666082e-07,4.7252073513279725e-14,9.735754508330404,3.8156957704784276e-12,17549.206571364644,1772389485.7314703,7.031824394628114e-17,1.4077301048856511e-06,0.1739548520937284,4.91343213840229e-19,0.000223095282342,94.5453965838395,8887.492391810281,5.687714167228883e-09,229849.61173211777,8.167157755169163e-10,2.7824752834427005e-15,104.4919292337364,4.007560862777453e-09,7.517195043184748,2.6441599713145023,2032827453.954756,0.0,0.0,0.0,0.0,0.0,0.0,0.0,3.2235021913758913e+21
2196.7499934290217,60461.987595453546,12.039254237820058,15.008151625900627,17.598358913075824,13.08061589963769,10.485577727271654,332975634.73735183,148562442189.98032,184356136.36038804,11112056384392.54,192415342.84035656,995957714437.994,303985601.19490373,9064528657435.752,816548912372.4408,22116710.69137836,26032855397.53559,154336.10037010928,103943.48780939056,130.2977749115942,0.0077861256147671,2.083043930450409e-22,291065352507693.3,4529068517.58839,188703.8619040944,59109542.72151736,2.5274554128100135e+21,1007381580743912.2,9051326361886836.0,7.501373473369267e+16,26267797670699.305,2551888571902658.5,3088660835581233.0,3385413172989.3013,4.486384937661248,2.6178417614706432e-11,0.4961705521648922,2.1547460315957287e-10,5.48611138252548e-19,1.4693159139936352e-35,3.148576676544258e+16,87474189740552.08,3628978672504549.5,1.2740897926972736e+17,1.2194247462086795e+20,2.7190731096647194e+18,50885030245.42145,3.220579540538738e+18,4.489583096954642e+19,4.5636667045597925e-42,1.4951266816071866e+19,1.9663538838976583e+23,4261.201645909991,0.0373286456838292,2.140834580241405e-09,2.482851337712724e-09,4.4769088780128444e-20,397342.2581953621,3.7939355031720166e-05,68640802.23920552,218805003.0729595,0.2788042336695243,4.874508312195015e-08,4117.483994681134,2.962816002909615e-10,1.4150087637349234e-26,2327.256410904093,0.0001323959628884,2.53453395840596e-21,11030156.06509513,0.000594877932427,5.207034988733671e-17,14020909.056338709,78447272633574.56,3.007112901125411,1.3402173656058428e-21,7.739078518811007e-33,2.3273086284711183e-43,0.0616886941942472,94795095.68307662,617.1166056148231,1465.8131268697127,2654.7198171834057,3.472468323337433e-12,1.8988080170735989e-07,2798667051.0252705,243.1317183842544,6.151711868925714e-05,8.779727695448301e-13,7.5675452436474295e-19,6.093082509365775e-25,4.6064524803435366e-32,0.1604373253043576,2670.7056355280433,4.286576882855139e-05,0.6925692568106441,1011.9678786979564,8.309369463198347e-06,47723084752.13935,1148523.9528073038,938090695089.2328,7.006839541872605e-09,2.6751118495723185,3.081051772308703e-13,0.0010296986051486,2.688483978646955,6.949067048294338e-15,1.932968060979977e-09,4.631882548545731e-13,2.752176772280573e-13,0.000196348438316,0.001783510612652,9.117957305657624e-11,4.5150287740649544e-10,0.0573881494154665,8.498670503900585e-17,7.324181828361284e-12,0.1873038888722961,4.5213660256941674e-13,2.1498298023355138e-08,1.2620756024767996,26454.532461261384,0.0,0.0,0.0,0.0,0.0,0.0,0.0,3.083051741553994e+21
2048.7760071563816,59713.02391414004,11.991448647490264,13.505316592489352,8.323643209531465,5.044019775133455,5.738434659974572,149022766.47711137,440984479123909.1,8.188159897593366e+17,3.15438118721129e-07,254501.19008683067,883.1079377127625,9.696525226971196e-08,0.0001462630087491,1.0484199035103814e-05,10.415979729375552,855339.2291590243,7.790066504593582e-07,44144.82688274487,1.1741297136192934e-05,1.1662604553678033e-05,5.039327191067331e-05,2.1245500389964e-07,0.1091094055000301,6.1315423660853795e-19,2.9360331439768604e-16,22284974912263.516,0.0242924837020166,2.7225975602593423e+18,3.1174886132998717e-11,5.091155007554274e-23,2.0856097547688617e-23,7.224343735007411e-19,1.4281670116565045e-17,1.3661548329381292e-08,79.7570092250062,2.0205912542425572e-22,1.487362800187679e-21,3.707452150494287e-09,7.144411474026031e-29,6.2544236330345956e-24,7.939972482782665e-16,1.5678723767522574e-26,1.0301472736323599e-10,5.28099683776303e-37,2.337539254268319e-34,1.436640010420616e-39,5.958723230955372e-17,4.510884687101223e-56,2.4832651234048375e-51,5.35049765433964e-60,8.611550902235216e-71,61969.86206679528,17445561788.746647,22324636991107.96,26084452100168.027,6512285132447.428,2.8544432800726036e+19,3.615859956773776e+19,722.2266550148486,1.0853318641177236e+16,55144.01419902484,7.1872889997113e-05,6.298554963906718e+21,3.3294143730871434e+18,515857983819807.8,324.2066187728053,458000.25146911474,2.6857188212891276e-10,776307501154610.1,598339976655544.8,492636964715.7092,0.0001017511109977,5718301750.252305,1755837.997340318,98949.0500101438,8267.366172872182,2729.4562623679108,6.900419009893287e-09,2867648530.4690795,5.993016095021002e-05,2.036257777307543e+23,3013669640062386.0,3.0857413272454154e+18,3546225374449197.0,1.1509407139176129e-08,2.3743824604308676e-24,1.4378785030215134e-39,5.77816186483623e-56,1.2472017450776282e-70,2.313663836241591e-85,4.4962146560326444e-101,1.2477897850014352e-22,6.096698720073878e-17,4.7973973432084175e-22,2.0646143561696964e-16,0.0029657859017694,5.540486779912694e-29,7.46890397039192e-11,206482857.73629403,1.8035308770444668e-26,2.335509148242575e-07,5261.479019423049,0.2898170463007956,73945069251.55087,3.4681936717582626e-05,1.8814603026024144e-09,0.0177708050193157,390432306.80341417,2.8480135088955832e-18,1.254422932870613e-07,7424.924108129428,112154606.90167192,1.725179716866244e-16,1.1200122482574822e-06,7.160609398415072e-13,0.0003638415192097,722451701.2025981,1271662.1344495264,1739654958840.3953,4.36231603650039e-11,2.5811185937578916e-05,0.0,0.0,0.0,0.0,0.0,0.0,0.0,3.072196317288202e+21
1891.4454633162209,56867.70899292978,11.999183041508491,15.936377459955024,11.202558452920982,14.81179867321073,7.956639391055594,438742.63688782946,4801312254896.986,2.4376585142742426e+17,4.1187707191601285e-09,40398163163.5766,28.96821950932243,7.162882797817657e-11,1.5518381199492646,0.0838396647239867,338095.4027294746,9154.529160146763,4.959351076963571e-11,31.852578522299105,7.497605854082039e-11,6.8513203471303995e-12,3.5322910062770045e-11,0.0172451168582874,31624.243448732777,3.559767751703072e-08,2.8829984202160164e-05,16462006744879.46,0.0023885359484638,7.490557307276249e+18,4.270348876076504e-13,1.7939539650516725e-25,6.235901360987219e-26,3.8859836000642335e-22,7.8220229504169185e-22,5.6308829408419305e-12,0.3772781166775872,2.5458945035926396e-29,2.9426563952617727e-28,8.019857950104037e-15,1.774317453626349e-38,1.0896424367170857e-19,7.329643888478054e-11,1.3862285354639657e-15,4.274053581582157e-12,7.653573769149792e-40,3.813703701719991e-38,6.506716431007348e-29,6.004339811441217e-18,1.160708960405476e-59,5.3642706282988616e-61,2.503272990536936e-50,8.510352198119555e-75,540511933.620933,524357559551892.2,1.478481096073527e+18,1.743199157406756e+18,5.318573983338354e+17,7.514351829422172e+17,1.1016343772599612e+18,1.4305663234750068,10875857121456.145,34422130.549164355,60732.02540592269,2.0634966064890515e+19,6093489918361742.0,1775840660611.681,0.0445081702582822,27984063.32612802,0.0003642075897953,7.895873359766057e+20,7.715272349596992e+20,4.823226208801395e+17,5.044421446028589,1.4445297739487458e+22,2.759905214073879e+18,1.3837441122740074e+17,1.4976829757549598e+16,4521373170179423.0,3355963411.5921426,348586197.186369,1.1754834709840469e-06,2.0171602946338382e+23,1529365326173472.8,1.4367973200690168e+18,2720883046140295.5,9.596317870352176e-11,2.2076640606552564e-27,1.506936011439913e-43,8.333748222267755e-61,2.1443554959310828e-76,4.287935261202722e-92,1.0248268415730856e-108,2.4359006700736323e-24,4.791298674983734e-21,7.176503824033621e-25,1.092956075888173e-21,0.0002043036243391,1.733449838371497e-24,1.2222108240912e-07,2361461.800717348,1.2206069927725391e-30,1.2639105602805423e-09,0.2712606830771793,0.0045886186691135,15314973.215597736,6.898963780311077e-10,3.859408747333948e-13,1.7553934746810942e-08,222235.51410833537,1.4382669553515816e-13,6.381723511627784e-05,29194151446.44848,1460001985961.4695,8.467673399552759e-05,4378.195700359989,0.7629832203495784,5.357505994577571e-05,1422349.710263637,1295389.35869839,6961079212.377369,3.306379527435237e-12,7.498266499918582e-09,0.0,0.0,0.0,0.0,0.0,0.0,0.0,3.0269751327760345e+21
1270.0701588592883,18053.90938574817,11.991056262261692,13.7817947904273,12.399970196712,8.783265762040406,14.227667561059295,1409.1993207861783,1288440759309.3706,36303160.774725586,3.1661009902108705e-08,108.47605950883349,204522561581899.03,5.652574020375676e-06,1045844851.7918142,9272200.421885194,102743853316.95789,6314287104.464903,0.5731472487333716,713889569277.7527,346987.72977520997,7453896053.769617,0.0162747418945962,5.235560896818168,12252.20358980471,4.783125130285732e-10,1.134921778974058e-05,6.388326865735609e+18,5.776888535132627e+19,4.901620573189722e+21,93224768770.95992,1.6218907735726e+17,3.286570805258911e-16,3.464877124439081e-05,32.18424777786355,11772.183873691256,624011888.5827165,13.682895305215084,0.0010860970363739,16693.669304550294,6.653886502271214e-15,1.6575778238200492e-08,0.1621287239735643,0.0024465138384444,0.1668240252533596,3.059601222783128e-19,1.0884553256309224e-11,5.180685825933793e-12,221.6245718309619,7.793175609746553e-31,9.265238704132454e-25,2.614742379186656e-20,1.1494293517297213e-35,11925.032271310383,11132850.081426973,1854614.7565781623,2313596.910267747,0.9750522160615978,18811244347410.734,25864373.075314112,1.52228619258876e+17,6.297752977048279e+17,34392758.238311335,157.8112208455567,7.891426884982601e+20,2185210052.587396,1.1858061800074637e+17,1.782904234016147e+20,9729257798486.64,1.3633710910525665,101669037829.63306,165763.32836351125,7.0914008598349985e-06,171816205545.05173,6.001549310575053e+17,2171363.733667779,7.142174539140498e-09,1.6490525818535979e-15,1.0380027338711392e-22,0.0015052973526551,3.6771821988066806e+18,2.423471800829975e+21,22445657430.422752,5.327003206913408e+22,0.0004860089485408,5.066037597443986e+17,2.365936543469138e+21,1.0483531710401928e+21,1.5232991933755024e+21,6.314869350920414e+20,4.947193843375724e+21,1.6329455423334109e+22,1.4311077085706726e+22,6.676986401031136e-36,9.611174058356736e-21,1.3534345846800144e-31,5.754573932932528e-17,5.702327239661634e-07,3.3934572759029607e-38,0.020857150417773,36109908.889135554,7.618470934419816e-18,1.087201459740898e-25,0.0040885215307488,1.2583586596925357e-22,545.896539735872,437337223.3137248,2.6696406345350404e-26,2.773634824967333e-09,3.0932696006480356,7.22059159215577e-39,8.01255473955297e-16,5.642058257836105e-10,0.0022089960178668,2.8926752886727343e-27,8.305688330858716e-06,1.4105811621648466e-27,2.4768234557812983e-30,9.99338281448852e-05,4.676755328271458e-21,1.5922808168908847e-05,1.3251956051752591e-10,159996.16088148413,0.0,0.0,0.0,0.0,0.0,0.0,0.0,3.021638765722843e+21
2549.921349143852,54745.174733432585,12.023061143449874,10.01829214186201,12.323949801145964,11.151220756086026,6.90984620546984,235020359180.13876,4.611226793618557e+17,24234871527.34573,210684860675710.4,2720257321472.2466,198496973147800.25,1409223866014118.0,5.559478948455578e+20,7.747818856284301e+19,4883667792739485.0,3.850827065163974e+16,9.027180933918662e+16,2.892435616169436e+16,7.688844759823385e+18,5.3422899465659605e+19,433.17686452606944,2.662417936863297e+17,11855701896959.729,242031694043.1695,33706611021653.344,1.8384981167886856e+21,1.7264382663268868e+16,1.776245574754902e+16,1.3189148058579087e+18,3908446158296919.0,1.0892974199164226e+16,5.4018016954508e+20,5.8903419974243565e+22,1300318684025.1326,73.52018711093608,8.667637117353962e+20,3883605027810.688,90391.65187402356,1.2845714299680784,7.298743783048885e+18,3.0354263196651108e+16,5.64697697481608e+19,1.9069478930423334e+17,3.608642235262508e+19,6.320329864692194e+22,1016314052621749.2,5.810585590930646e+17,4.66193042250729e+18,1.0680220938083649e-07,1.2105660846726686e+22,2.1015301541942985e+21,15266984749491.496,400519919.9196025,139.61061132186396,159.56393265269645,4.3624507136818096e-08,6300077949690.776,9868.445985324017,2995609661565540.5,7.691440003753335e+19,169132033487068.3,15488757785.0294,4674981583846249.0,17200.543812108757,1.3394346866346034e-10,1.8151911630065964e+16,8445408508597238.0,143812085.2918695,176506989916.892,135.08033690909488,3.77705168870769e-10,1207976655896.432,1.235157831953781e+19,20552726.08943866,4.631626814848242e-12,3.765503552969023e-22,2.6531825703373796e-31,105761039.49384508,50321019665.54332,5595548.870879167,605871.3853538838,3136923.613590366,9.519167571289493e-08,0.0024439921139592,4711475811125.645,12568331.027712386,96.3051644578868,3.038809490877472e-05,7.275606625605722e-10,1.9216648860344988e-14,3.8258139775981985e-20,20.401023688564436,11379257.730865069,825.0518982426788,525607427.88103175,1049700775.1984266,0.419509587558017,1486027959045755.8,885800675.6845883,114665071130934.4,0.8073207464780336,2698692152.6074176,0.0001353890460277,2411189.7680915263,11477018940.760616,0.3650049095227446,2564894.7219890226,283195.675149597,2.888037346115768e-07,1654.0063999952963,43.72112046538359,0.0020790674034953,0.0114239347899708,16713723.155516377,1.3344688948375633e-08,3.6011247990312885e-08,4763.420853609486,2.23437510095782e-09,0.0036965599213042,858.024077098052,647340691.6229959,0.0,0.0,0.0,0.0,0.0,0.0,0.0,3.014080867614301e+21
1333.9318614422791,79557.75480041672,12.023786478099993,8.829432952270034,10.505864586984623,6.425893183954545,5.62663980967842,646065927.3616215,2564791636198854.5,306.6204055545252,1.2149612615084653e-05,0.5711886516889909,2531589.509041017,0.9249963595746244,13493134441.789936,155699292.43989444,1264792.785456391,234573841.52521893,27189185.68878972,9539377169254.846,4110934146197881.0,2.3820609430472784e+22,0.3155893207199507,0.348054631256922,0.0006646618273864,4.029052867022206e-14,5.828732062892987e-10,157758178838793.62,4640383.686295612,94835002711.96413,17597.741021554633,54.027689539137974,3.344486608422534e-12,50.95832693555394,11533879320.022736,4.654209804412569,1.836839575157916e-07,1208042681134115.2,167566.7949577297,1.9889103009305995,1.1805992057552446e-06,3.03236033367675e-08,1.706441721921233e-07,9.219309023356864e-07,0.0003916044506337,4.1860592082510905e-14,0.0003433896377473,6.474378232153513e-20,4.054082916740201e-06,3.412097165250827e-24,5.839464474858586e-26,6.611436975794308e-21,8.1042435814895e-28,27733.692455257155,22.126963479477347,4.707673335013427e-06,5.824857587855364e-06,5.419142150034361e-18,45241813701.33297,0.1458604184133515,761384986099.862,3.443648691618006e+23,27507852887.835938,88.3498618693234,3.910850387416004e+20,4951.741979256671,5.34993257955776e-10,3.1456423144907334e+17,1.9814424971469176e+18,257160.35532750044,259.711826079721,9.128023039997652e-10,1.3326733872342182e-25,1.3689419468745911,229602525426.29755,3.424199925821332e-06,9.018019214667052e-32,4.294007803993778e-44,7.876763735402489e-57,2.4448996643126932e-12,36552.12241386026,0.066736041849153,0.1685226939358583,377.65379162480184,1.9694415591341415e-20,6.511134435260291e-09,53397.18479398045,9.166959856704008e-05,5.069278380551856e-13,6.661934901642077e-22,1.885220907592303e-29,2.453165129180188e-37,7.563606148076571e-46,8.295527843177788e-37,9.02576104098465e-13,5.4459056725822346e-30,2.034557061690022e-06,1.7541644653115732e-12,2.560020091389589e-42,111.04699060824862,243.95866892837356,5.572345935779182e-09,1.947263600931395e-25,2492352.735212802,2.27418483559343e-28,251047.36224383375,342424846.51333654,2.95402816033456e-23,1964.5329400234511,0.1081865612346587,5.175529539323842e-44,1.8559343829444557e-12,1.9362477216716196e-22,1.840797299668259e-12,2.372650103069641e-36,2.74178729733147e-06,1.494871037871628e-42,1.891253735726949e-38,0.0001895524164742,1.6137254606336037e-35,4.2345132451251725e-11,3.5506283566064445e-22,339.36785388836427,0.0,0.0,0.0,0.0,0.0,0.0,0.0,3.012801600920709e+21
2071.2379550912374,65737.89991921568,12.013590085705086,7.382286036332879,11.444171879243502,10.137475122197117,10.638285324321885,10192503992.28524,5.078882206243557e+17,59370742.82048783,5061006041.412332,260318896454.31348,6.872860573009527e+16,1445809345661.9062,1.240325091936024e+21,9.224166744040536e+19,4728618959510040.0,557367299106322.75,1.0216836908498736e+16,2.613408589097551e+16,1.3282233896241452e+20,1.1510173352954568e+23,1863.7383141117448,2161958935624100.8,58266609324.1376,5247579798.310838,2346629805674.873,1.3082363504411032e+19,9.25322174566857e+17,83423687738258.27,2.478197102257671e+19,2.4098090547704187e+21,3696705675.831048,1.0235999814364702e+17,1.742302546705091e+21,4909935528.145771,0.0800269390571277,2.2228459878248897e+22,9558381479170.97,66842.06024887337,27.72847648888757,709347849921690.5,4486374341184.035,1.158401819963657e+18,802895315422.5092,937516767371.5658,3.521772280352063e+17,65383015635.949776,233679060852.11523,915385541.9036758,3.1299891564928935e-10,4.822634177597962e+16,18053917947.65503,59121033372345.195,877294604.8145274,62.74475508488527,73.22472861286542,1.1033447503085987e-09,1814200520116.9956,139.66909673932886,5.178542358424538e+19,1.0899591154839167e+22,4.741311968042306e+16,47829116592176.01,3.35664328911138e+17,11859.117500189466,3.2389902578482096e-07,2.1040115264053106e+22,3.4076940633006676e+20,168970640612915.6,38596217855.938614,1.7864918850678233,9.44669986978392e-14,6039178903214116.0,3.281487704812855e+21,66410358.769048914,1.4580004058297283e-14,7.298723136944364e-26,1.5099575379353078e-36,3952665503.4611406,11651802776948.629,15402117047793.94,781.7107498439891,629524493.1450735,8.096745579750636e-13,0.0434841332798455,5.339662328406156e+19,7.312928114019498e+17,2.936118957787398e+16,76210717010465.52,10826963426438.775,1339637988004.838,17063854642.082582,5.9424100137074265e-08,60.90655750326042,0.0002040572196731,187209.34422015265,47430.68317591226,1.9971335886200467e-08,40417362749630.586,413304.9885368403,167463708.7571062,9.2169080352684e-06,389274805.5399459,6.157203619944022e-10,282570.2428168714,144743862447143.8,7.27034590417307e-05,1407174.040785806,522582.48834812467,1.057989008991209e-13,8.672925404135743,0.0096804941023175,1.9490300571704138e-05,3.834676704520678e-06,47772310.90915997,8.912761609145429e-13,9.045545078729555e-16,3.221698579099493,1.5214240952879743e-16,4.380119619513079e-07,95.21064314253574,118926092725.6685,0.0,0.0,0.0,0.0,0.0,0.0,0.0,2.9280751369239003e+21
1478.6714530385434,49339.06078303384,12.006253863205568,10.466108041482716,12.086352606920986,10.022026366665576,8.85401155233593,16471931.538646452,29677363610052.316,662.3718313479196,5051553.052683921,2831.4464456337,892638882988.0803,222111963.87026203,4.526166918955247e+18,8.724075243467547e+16,13198366220666.97,106823630182507.69,1777091393596.3967,1804213733253631.2,5.481024295558401e+16,7.527073569259227e+19,3.9137396321433606e-05,932884131057.6636,41042395.23939594,33.70204146866314,186504.42687486968,1.0675381303184458e+22,8.292398318092653e+18,1.365497277436802e+17,4.847382959067384e+18,1.195085527964296e+20,3194705460.073918,3.427136439441172e+18,1.513424478378049e+23,86892702653.28987,2.24794798063241,9.549774000198408e+21,134324362334.35048,1140.1759488449388,3.947735632108496e-07,202193316249016.5,13224197685321.691,5.575811124420353e+16,736582671702531.4,2.4339000392551536e+16,3.4880297103462867e+22,478418860559.5282,5.540462374043041e+19,6664254109520299.0,3.2384698915381556e-11,1.9472187522210776e+21,1.3841687064388418e+21,84840.28048709275,1.6985329587578992,1.990603246321481e-08,2.4240695085523276e-08,3.605329312168432e-21,25643948.93276481,1.4811601798420835e-05,139394475541929.69,9.744881320119456e+17,31938799.026227687,10.07743390886139,31026945549357.25,0.0002590333017956,3.3174424226543883e-16,2.299506818570995e+16,487742385954.376,0.0327452411011603,10699.682618158684,5.721724770282924e-09,3.1245316620568147e-25,40082843.20199841,1350552148923059.0,0.0108645135036433,1.914159791661978e-29,1.2810847948736e-42,6.443441974209903e-56,4.735892670792795e-05,286067263.7758095,10043516.612544058,0.0098424788479905,52215.68213100987,1.0461816446016121e-21,9.806536307606301e-08,160060171284687.0,10167970679.262943,2015695.060016548,66.5050171298389,0.0609481801461667,3.048823002138572e-05,2.890461551385687e-09,2.309264184371561e-19,0.0027878998704766,5.116595898438869e-16,2.8214565819976505,0.0377112938909923,5.286930734455562e-23,251092711266.59848,5198059.291563558,3634702646.585634,1.1033865391516983e-20,331.43522916680587,4.448998964821944e-25,0.6537124988007522,193873395.45244104,1.990094782914107e-21,0.0010631226398017,8.992041235129555e-07,2.8131064529887053e-33,2.1401445508776062e-10,9.628851949036184e-16,3.3647833429659314e-14,3.707795984717352e-25,0.001393610611014,1.317852506705981e-32,2.019154481912973e-31,2.572971245684566e-06,1.2469546077247463e-30,3.7767018041465293e-14,3.825325255672942e-11,444064.51070810703,0.0,0.0,0.0,0.0,0.0,0.0,0.0,2.878761798547235e+21
2855.319381433731,50621.81364462379,12.004279641004215,14.525050301665186,11.83044256502891,17.002414463687288,10.790204667229322,187707605915.08167,8369001535679043.0,1.4176674100235064e+18,16927.34095206186,2971715392625984.5,565245856254.5302,383.4449954501358,1617287497.476254,300701381.3210568,76796521742.46153,11243892179.887222,53.28092993153801,24172550.65480256,8.549992728877493,0.1236393460315076,0.0002240262913436,539502272.0880551,111988870982.75562,116835.15471269128,9513418.310617676,3.867868282915988e+16,255656026.4253661,1.6840864265891484e+18,8527.56220679925,0.0089961870828444,3.7153257044386566e-06,0.0001912957678034,3.911844270792219e-05,0.0267986255993857,37.26844194920494,9.351472467454066e-12,4.60943365582503e-13,2.177518594865077e-07,6.819941337692462e-23,0.0684453975022271,835.4422559641591,16.77331257848265,75.47731289325665,2.36945648735142e-14,6.299546360547032e-14,9.005219884955698e-09,0.0015062266727917,1.7924361479249288e-26,1.5666582438181654e-39,6.742170020592921e-20,2.061012599421155e-35,57538105161253.63,7220542549522870.0,1.9431880609924012e+16,2.198605974292446e+16,85142694969361.67,7.740167738475514e+17,1.8063301962934132e+16,26694580558.739376,2811093587890748.5,1688941097782.017,19222498163.315903,8.577972591926163e+17,100417039142805.48,10657963337.083055,445185812.6393519,163565040683.5458,4290.415488685184,4.803848754902471e+20,4.959275911069233e+18,323632902643407.25,371869517568.77344,1.2773886340449836e+23,6.076977207710841e+18,460211846297447.06,509519410167.2696,6726659790.470842,1026463386905328.6,632945068813151.1,39439372.34174403,1.7474487704532838e+20,1.550250124613957e+17,1033057444921820.4,1373092518107924.0,4717645.937243451,0.0105153763049417,6.667438145864827e-11,1.4074140478001392e-20,2.6339528849373894e-28,6.117285138794516e-36,9.153417547368284e-45,5.834792642537604e-07,0.000334890528738,5.7799688237268766e-08,4.131756934379413e-05,24420.83380377385,1.2308373306613307e-06,311840.7511135547,44162330415.61914,3.63138026770573e-09,16.29438679898922,22868940.88155872,15264.459961593491,81825597565.19002,21082.79925627871,0.0377931968935752,225.54698055288856,29948284.153034307,0.5563073162278059,1262422.8983855387,15855583871608.568,16322412385263.672,350030.64864276914,256899602271.52408,3191090.2730148397,2354.309840509483,92116589649.03726,336369638.24563205,586188485398.923,555.0616482928284,449938.2812184171,0.0,0.0,0.0,0.0,0.0,0.0,0.0,2.850762293912459e+21
1773.9415042249825,35749.862176005416,12.003584617593727,12.493203723456704,15.08293589850465,11.666373171436646,12.999475757288373,157664936.95913705,1117340285626.4043,90201.13630556762,13247746836.483295,329535.29559259093,186534790978258.12,222758965.21511525,1925448959158144.5,81480209370685.28,1162371081.4922414,301235856866.39545,214129591.19505513,1180919531.340325,513313235.8254579,69109301.11149053,4.621914717534047e-16,10729438535723.074,62436753.29141304,665.3785812116085,848929.5185686492,1.812938809414946e+21,5.711206624851494e+18,2716664102104699.0,1.7602491921049416e+20,2.8339985949083225e+21,7652270496464.3955,1.252854377451998e+17,4.058595275366605e+17,18493.63972236978,1.1381476716674285e-08,9296807869.762018,0.1679985935541623,3.9977360280774725e-11,4.44666575374742e-24,2455732636907686.5,7335644543052.566,5087931199008160.0,5373333854932359.0,6.822967939931182e+18,5.896023077818746e+20,19285793524.82683,2.342960567441796e+18,3.199597102106208e+18,2.4777495686519584e-30,1.3582623916734456e+20,1.4034902164833551e+23,4150.006073454535,0.0123627369166154,7.29621527564848e-11,8.669355849777926e-11,3.32949863125177e-23,394278.5499672674,6.932014854510409e-07,9407475037431.035,3714157084596.908,312.8130151554945,2.8768052512481525e-05,20647131.202812523,3.906262562849644e-09,2.714508308768112e-22,337257270690.59393,395.10327202227825,8.93108583153571e-14,33706.89815757257,4.2711728644286114e-08,2.2320011988477485e-23,1854809529.2994611,51231569788640.85,0.0068869923000451,3.48887420286944e-28,5.012863825469942e-41,1.4798190162288795e-53,0.0001155016555462,7331525128.733028,631255138.3088838,0.2221114283329714,116587.02142675676,8.721664922286048e-19,3.136753330999555e-07,2.3345495823261492e+16,9989802397128.188,12815073345.046282,1581037.4926475966,8024.277829438349,29.061038041764913,0.0140637868603668,2.0372062335641744e-10,10.193093585542355,7.528127860504753e-11,2.592171310350091,0.6167379525146492,8.716161216525568e-15,142480152503.56586,410573.49772231834,310360747854.3908,2.958364662556726e-15,33.93468054371539,2.8563212403711224e-20,0.0066929932408653,4636838.27316741,6.184208366937449e-19,8.347439728242262e-07,1.0408744302811538e-11,8.030833579863912e-24,1.998474034097856e-07,7.350741663950898e-11,8.350428824407829e-14,1.3447518313126277e-18,0.0031823739091409,2.503982188200117e-26,1.985461112462628e-22,0.0003774057940434,2.684011291523293e-23,3.5931274114832066e-12,0.0008057541362274,44533854.72291309,0.0,0.0,0.0,0.0,0.0,0.0,0.0,2.816798387287326e+21
1241.8805081775906,16406.733320601248,11.97340137868059,12.800314455636247,17.080737388870553,17.329961445242205,11.792690956595766,2.8994883024727165,1097558423.509658,0.0063161032083445,15.937888971888672,13261.076638380546,3479769429.824439,5.033176631702461,8.349879298476854e+17,6533276390938506.0,40151871007.30901,5434947.279042068,1083.9113090538017,1178447.0553019843,1496031.2136133392,70638285.7967254,1.50504442672758e-23,1626373768465.6667,2007267.8802824735,35718.34812001141,1071860291.234693,5.650491445811076e+18,1640006797429832.0,2330954392615.339,3685327159284718.5,2.7500862944032176e+17,295.76410910672996,92144211708.0026,197494339143966.2,0.0158226183432106,2.2109519929111543e-16,227482495.03197005,6.636462443580402e-06,2.6480192770808507e-17,2.5434464075066145e-32,9052507520227.44,55089488527.565475,7.598802939967204e+20,144124326.6126394,678794174.7282406,57195865089640.47,1239864234303.0132,293052798251.71387,2831663.6548974635,3.594346575488662e-42,2.6569422690378597e+22,94634232095.39246,2535.5703222140805,0.0012207391818871,8.67261270242153e-14,1.0861025594550353e-13,1.5059514455714446e-29,7.0088965337811295,3.0798547590495856e-15,4699223249.330492,1168601773496.507,14322.353969944546,20.92969139242357,734120.849663607,4.7351275010856745e-16,2.386448611099108e-31,10651618082.725971,9153157.569132715,4.226741273335723e-07,8381.132808688279,4.545091995936594e-12,5.204431831199077e-32,968268647.2444688,6.835218490223267e+22,60.51325831700762,1.701784380339073e-32,1.3356554550700174e-48,2.424579848435335e-65,23236.41032998332,33224.94435821374,758.041342392922,1.976203899449601e-09,0.2704828623635295,9.212356544831576e-33,9.291060400214556e-16,1698818448967.0488,22230642.02908793,962.4143730772148,0.0129625170932952,3.101485621645919e-06,2.9999008124757356e-10,8.130419207981434e-15,1.5278019477191609e-25,1.3389803615403042e-14,6.2402093832517864e-24,1.5029640371116129e-13,4.2597014263457414e-08,2.6442089283173247e-25,30448707.093530405,4.01400626932477e-05,0.0339118509218342,2.592894162182706e-27,8.666408547832153e-09,1.4297990329981713e-33,6.327344229984585e-13,0.0461476386378497,9.447294409190808e-31,6.4666559350699354e-18,3.180570549704671e-16,2.0308556719712488e-35,2.0528270918646102e-16,3.2078358072940604e-15,2.1054607081266485e-22,6.111349083040259e-21,0.0014404704118731,1.2641420508635685e-30,1.2037164244035024e-38,5.0117698062485993e-17,1.5850932314231423e-38,3.2562017775089265e-27,1.2403343147351594e-13,0.0089201805616619,0.0,0.0,0.0,0.0,0.0,0.0,0.0,2.8093526510888954e+21
1889.0440397483455,54345.66864596588,11.992250629116658,15.929050002115458,11.188132123466726,14.783964721416654,7.926587251348438,443473.3035534309,4638448913704.605,2.341263617394285e+17,3.706836176725002e-09,37201087573.92826,26.486825751426895,6.400262794460183e-11,1.3758111807018203,0.0739822030272659,299224.39050465607,8378.467057168697,4.4302566166150793e-11,29.027943896667153,6.713072857672406e-11,6.1397645340675586e-12,3.0486319224209474e-11,0.015187152934736,27873.889847579856,2.959875753476856e-08,2.418131662052837e-05,15521275433171.158,0.0021076042044283,7.073474938193548e+18,3.721591746838745e-13,1.479196173000985e-25,5.296343251248907e-26,3.340239957806071e-22,6.740736303021874e-22,4.817894786950683e-12,0.3227869753199166,2.150836578092818e-29,2.454546081728798e-28,6.683005834891996e-15,1.4075595518617634e-38,9.046662384140756e-20,6.13013397563064e-11,1.122454982241402e-15,3.7157705258068185e-12,6.210984624645346e-40,3.107543824966351e-38,4.93778297505215e-29,5.0202000901750295e-18,8.852701086576416e-60,3.812944099270853e-61,1.8056207419013905e-50,6.178416164983839e-75,493918835.95482385,479268963761432.3,1.3417314181762335e+18,1.582200566892039e+18,4.746456594333008e+17,7.218432850373791e+17,1.0395623774080972e+18,1.3000243863269978,10515671079591.637,31350887.85750868,52779.082999110455,1.993853737183648e+19,5714615604961239.0,1563875934452.757,0.0402919648298085,25535546.366728947,0.0003084603106885,7.34760821518063e+20,7.063368817511835e+20,4.307665112531587e+17,4.408848414765555,1.3220519290710551e+22,2.455985944688235e+18,1.180234332049993e+17,1.2572599418559746e+16,3713971577198405.0,2837625046.6107016,319181471.77085376,1.0104659046900156e-06,1.9366979861839215e+23,1405144210603152.8,1.335058621113183e+18,2466658484676250.0,8.299596078242852e-11,1.7816242622102328e-27,1.1349861057591102e-43,5.87733340361616e-61,1.4127075053765025e-76,2.634528474778631e-92,5.884932148867032e-109,1.982728521129504e-24,4.4101747102898144e-21,5.8286110660446535e-25,1.0016011989824308e-21,0.0001732507891217,1.350041406372877e-24,1.123069840608697e-07,2266693.2188292635,1.0837763203224874e-30,1.0843770319285027e-09,0.2669560802775754,0.003926976066584,15113239.09019525,6.46612037969856e-10,3.265732211409877e-13,1.6846858862931322e-08,195129.81628285904,1.1675541958711322e-13,5.947931843887674e-05,24959606672.44475,1378790750899.588,6.776245978470165e-05,4006.992298690639,0.6060815653405366,4.569364803232442e-05,1399347.1363984763,1117882.7935163826,6790412064.913174,2.7539613891717543e-12,7.056825737206651e-09,0.0,0.0,0.0,0.0,0.0,0.0,0.0,2.787091345882679e+21
1756.1970505043944,69081.82394468148,12.024594618317908,16.92356560146315,15.425041680819138,10.321377330374094,10.21648911928128,464916.89300262753,341558273762.8417,8.344009343827526e+16,3.45552557235131e-08,399855.6144138445,24.498437699304045,2.2396282728914016e-10,0.0044235566549638,0.000179898487723,3428.3107539602756,483427.6841074316,8.800415145330889e-11,748.987023948752,8.813374905959319e-11,4.89861641413826e-12,4.043654789125613e-11,5.684015072763263e-05,434.1828209134434,5.289488129165452e-15,7.267094673866293e-12,9136141447438112.0,4.608754772146377,1.808049418275459e+22,9.80935936307012e-11,2.773808645919431e-22,7.786137697762145e-23,5.781854038967904e-19,7.84497609612875e-19,5.7086545593264865e-08,59629.727995490575,2.5495289899373958e-27,5.390183908066965e-26,2.1584511639705895e-11,2.0387872650182294e-37,5.0338077684154664e-20,2.0840842995322655e-10,2.0602046185745168e-19,8.684566981317238e-08,3.006461512474947e-34,1.10055158220306e-32,3.743816857538679e-30,2.2602698602387982e-10,5.318826617085252e-52,3.0927591667357635e-54,8.395125615645926e-50,9.794750261514196e-65,1932.250953205103,7514231120.264904,54404829678971.484,64724752298286.22,28074439645486.93,1.4959074476670096e+17,2.946682985837005e+17,0.4804344301079213,468267293121.80347,58.01412175919403,8.757243624469234e-06,3.371908301880844e+18,645529532981455.6,12551271838549.842,0.0068311136234077,30.51239694630107,3.6703290932840406e-15,5.821936888911129e+16,8.371097080398603e+16,46227801964881.87,0.0004056936781525,144019907035554.28,19892716589.451283,1194434189.1346335,195552762.1612841,62564089.93551169,0.0004054943079162,1269559733.2355506,1.796644328877973e-05,2.6682345044017667e+23,2.70763187041111e+16,1.034509411603487e+18,8.476669163697934e+16,5.370840080138594e-10,3.588208447049001e-26,7.199356890017557e-42,1.428425806353019e-58,1.1428558154456029e-73,6.435578011096646e-89,4.930359540366629e-105,8.432067299519123e-26,8.653220643795121e-20,1.2528217030707706e-26,8.675445511356612e-21,0.0001928244430065,6.0592071054746515e-30,2.909634319082138e-09,8438080787.38295,1.2374568253040951e-26,1.2296260248332037e-13,0.032641033052536,1.513682566723133e-06,8580018.763395697,8.268189377520862e-10,9.36684379791536e-18,2.658969714704146e-10,115.03696471553673,1.2445806494655773e-21,7.223735202924982e-10,23016.91906553885,572718762.9257036,4.506506037399538e-16,2.4064693463032595e-05,1.0273091805526311e-11,2.4955387738028908e-08,1151234.388607863,4854.036637111869,13283236662.852947,1.7848965937706464e-14,2.0092647313771123e-08,0.0,0.0,0.0,0.0,0.0,0.0,0.0,2.7646420716441457e+21
1492.913474301012,35268.0843077218,11.99640026911316,9.54454211070547,10.897515482073157,7.157255386925578,12.090839858469405,21517919.601175584,1014072227212877.2,2707334.119342289,33.326910961992176,130853.50649045214,6378128223620991.0,38477.00068958723,1.7667543750632822e+16,356247522297826.0,145090526442048.12,40745645970617.86,7565616104.630266,1.755608550759338e+16,5591740210169169.0,1.8646627639898463e+20,1065.535021021397,158600972.22668463,19144341.446274597,0.2077610668078556,1056.7502252030615,1.2495037397737e+20,5.5259439923406635e+20,4.354495355629557e+18,1.3160763961824376e+17,1.6637607055807648e+22,0.0880628046576315,2061869599.303766,2173918556771680.5,10248016072.73109,2032285.4463048,9.962848605746682e+16,4379786471.013751,287442120.23030335,0.03461152877017,144711.0027193106,24444766.78973267,1060050243.6936792,44875267.244466536,2.4932610300416553,84452187.97665112,112.26502369278654,32502177329.6345,2.9522186981443308e-06,3.5665494047395923e-10,642.2145106296304,2.354273780746018e-06,103539030.50849576,5728423.103812158,198.86254590179684,241.8268584014427,1.1700312034823403e-07,2567274242690.5254,4871.1041401942675,2.590650108218757e+19,8.105311968709771e+20,986326696111.6726,10193831.141299184,7.19983023085291e+19,2214715.970846344,119754.03861308974,1.086357496950041e+23,3.621948919729166e+17,25410391.414697632,1239733888.6704671,2.146799889906726,4.1101410675744994e-13,9240354801138.729,1.3859485692313894e+18,40363.62010714767,8.187464100341249e-16,1.7629716779657613e-25,3.024333289591182e-35,2.1682843557964646,5587422151894885.0,1.0857758491284698e+18,111888.8554718057,2732981918059465.5,4.50722652265717e-11,16143205.734354114,5.891062147402246e+21,2.1943309883039183e+21,2.5440602685524463e+21,4.757459214532751e+20,2.52719087848224e+21,7.439678965968201e+21,4.0695900691959256e+21,2.7493246398440547e-24,2.1541837919640876e-08,1.5255639997824745e-19,0.0005595272642918,0.0205626430346234,2.010906129182989e-26,41290346.79488548,206224467.8353952,0.0951213598169717,8.104594244932133e-19,13782.51260533776,9.284901219212516e-20,73475.75990493657,39050906412906.46,4.0899556502442154e-18,1.378348527835904,88.15385629705273,2.99987880237959e-31,1.2806568691448577e-08,1.7317066586956188e-10,1.3619591041379827e-05,9.4908833351062e-22,2.078348872408938,1.0014040690257996e-25,1.7754877708109835e-27,0.0121369053325683,2.715797812390429e-23,5.357481736178779e-07,4.603582830275614e-07,3496095010.0495214,0.0,0.0,0.0,0.0,0.0,0.0,0.0,2.7268620135135377e+21
1455.7883818167418,30997.74000706699,12.019293682380964,10.669782451007366,15.595744192348794,13.6309743731224,14.53045964996818,405360.38187279174,7178805676.305798,0.095140724070278,6414304.095804685,300.36076303710445,5865011830601.154,105298.79493642524,743524388167565.4,13304824051870.443,575372.4622413713,20159343.473928463,350794.6350590135,133320.49852075038,4696452.980995905,2739368.1133664465,5.861878679130126e-26,328989555696.84973,4010.4053282405625,1.8806877630207883,11959.72459153823,7.702045715195313e+18,5.716790687808963e+16,27613341293.41323,1.0038340982221835e+20,2.8099447976214382e+22,10934294066.754929,5939341898872058.0,1.1455226552322093e+17,0.0043762313408181,8.434394103022072e-21,924857537.8979114,2.908121675162784e-06,1.813667509413835e-21,1.8496282912656358e-34,189871656379170.25,3800720396.383272,1.3834805812823512e+16,997507169945.8556,2.7232263290442416e+17,1.732793786541313e+20,78501597.43199793,74697553051959.98,1.899825414227188e+17,9.120199874447284e-45,3.548023596383699e+21,1.2227908825330257e+23,3.3287056834103557,1.8244973999060737e-08,5.221818537014123e-20,6.373602228234201e-20,1.983880026299082e-36,1.5421348029645623,1.834162579146472e-16,347314811105.85736,99705061630.06468,0.4972416938818565,2.9352166714239533e-08,855.5228789822144,1.2174601047438073e-18,1.172291726466378e-36,22565719600.44857,3.2775199678982396,1.1153056707758597e-17,0.3647807529888915,4.112962779566969e-17,4.155193411126767e-37,50508350.37214731,50849650435698.74,7.177713247953175e-08,4.8200182380626736e-42,6.8758701072090715e-59,6.694456901358776e-76,2.005121085515041e-07,523887.418307517,184098.66976173993,3.82961422410777e-10,0.0275424477939565,6.623371576816067e-33,1.1444367261534319e-17,1.1849275378825196e+16,6851564667625.858,12416784968.576063,3943639.015910203,33529.169639425425,151.76615668704417,0.1344962440986067,2.901106961868977e-18,0.0001042573060495,2.594528121436115e-18,4.089336720780165e-05,1.0337181113200526e-07,1.2946825992984888e-22,3574391142.986451,0.0280246620612076,517804732.1397003,1.9793921256690385e-23,0.002216619704045,2.0871553433403894e-31,1.2413226239081611e-09,16162.858347582733,1.2004990369943902e-27,2.000404925237251e-12,1.1065600488524013e-19,1.9691646415641152e-33,5.66731872483786e-13,4.163106748266849e-19,8.156532291866256e-24,8.103012201231727e-26,1.083000551863287e-06,7.008428975934878e-37,2.148013124048651e-34,1.1151928825041594e-11,4.349570333272929e-37,3.898628754721342e-23,2.786154948562908e-09,95022.92227251684,0.0,0.0,0.0,0.0,0.0,0.0,0.0,2.723334956337294e+21
1300.8408206137656,32545.099378336865,11.991159868547292,4.80911981930407,12.24849928356515,4.36083141326247,11.869112143566268,283827495.2338685,551168093134.2275,9.617479568086673e-08,21445.983859117096,7.763986767458607e-06,562475795360.4119,764978.6327128405,1270506402842.0962,12830511313.683538,0.1125596843763685,379134.66005712835,12806921855.828257,7872840.964992221,1189195878610822.0,4.070160293119303e+18,1.8442833889629937e-23,46976.070612015166,9.1752242893781e-08,1.5190783821092028e-13,2.822428569272464e-09,1029883873369970.0,13228787528956.691,646.401084682608,3.5284400560694e+19,6.445750753301234e+22,40266147.55841954,4.968837427551672e+17,6.992437482985062e+22,2.2860231969569937e-05,8.922048283222837e-31,1.3787229727036935e+21,133.0667504030842,1.532242567086446e-21,7.467408060764256e-26,27388742.192741968,0.1881580278832941,58319.837665257706,9137814.680347688,4848314022976924.0,2.542903414393564e+22,2.30160603485957e-08,1106278.629334038,2449628051445358.0,2.066057639511315e-43,19915615157.358536,5.106518099930868e+21,0.0001735238168473,1.383532085607571e-16,2.4002121180241308e-32,2.9821311267442983e-32,1.7151680102893447e-53,0.0081564882345797,1.5770344503980465e-23,81452300204883.16,4.331737751411202e+16,0.0899107230645192,1.0892080361612475e-14,47729.278838839346,2.5847966262892697e-22,1.33147642878944e-47,1.7354395058444912e+16,3938.489867780706,5.092588648605204e-18,4.698596794569046e-12,1.0333917389385515e-32,7.481612051937892e-58,11.97146279837567,370.3915198684577,2.4897977442818485e-24,1.9496787385534535e-68,5.939350737535091e-90,5.8526457593902955e-112,5.975696835914659e-26,8.376002176040297,7.244517792480061,5.178672399313055e-20,9.476609250621774e-11,2.3803430106726903e-48,1.1158969632453338e-30,6945370565456633.0,4766532554990.527,10631471010.626856,6181259.346194351,72440.27317272295,373.4655869778095,0.4832826343744454,2.6549407587214062e-28,0.000961980985545,9.386026866940048e-25,1.0824412202003773,1.0245950467582826e-15,3.321301826128489e-38,15924598.215089483,8.388610269072513e-07,75295440671.80693,4.523863686248789e-30,288.71892434921904,4.8551733993038776e-42,3.0962100755494734e-08,27735279639.198517,2.6654486652222873e-31,6.42095302725982e-05,1.574980496437273e-21,6.167995047927741e-50,1.1322057800117539e-17,9.911530049281858e-37,1.6046834158955318e-35,2.6667581668732494e-46,1.4116728983696006e-15,1.3619409463874318e-61,6.397597514619776e-49,3.74944521509964e-14,7.531219764132417e-55,6.516359229640794e-30,1.7535391607096056e-17,54523157.57803366,0.0,0.0,0.0,0.0,0.0,0.0,0.0,2.7174614585583117e+21
1494.567141230625,54224.48914067551,12.028559298093828,12.962888235870627,13.276525316501877,13.200437791227309,14.00893671069473,1799864.3759288725,167596431556661.7,61499938.50928777,99.60431873017863,26625999.34784386,7992847880476165.0,18439.15159852418,1.586357899318958e+18,3.2153397882849856e+16,2.8354063511828416e+17,413135319746434.8,576948560.1121035,2.8448298786694492e+16,67660489706779.57,3.585445895230978e+17,1007.6016250974204,90192312308.031,236240090277.7816,23380.24941048639,117774351.71214394,7.707545439942948e+21,4.161642736077582e+22,5.823941875748877e+21,4.62644238173016e+17,7.055293408319701e+22,0.7463986747830013,2743300064.6186104,458741784904172.5,1028482021822.0204,96237490244.13258,543772230726998.94,526544913.7318348,16321833445.742176,0.0024172013773862,233581280.08148104,850266771199.9738,326707132526774.9,8050955815.963221,59.12805430623472,317280366.3541131,2147386016.6022897,351720548800573.0,0.000199338321595,9.38386658035466e-08,1590714615.320849,0.0004464552785794,3380366347.864545,4061648341.862678,3086686.3216773574,3752961.294009638,0.0401802986092504,9276625987212.695,389922.141227774,5.199966547695525e+18,2.1293180671392338e+19,5141524856497.783,10393424202.401804,4.11219835944011e+19,28394163.11410803,881112306.4732829,3.4833997364155525e+21,2.996962696375492e+17,674331959.8121333,5417498321724.433,207481.2309521575,8.8659629782454e-07,2260946008462805.5,5.274984666697002e+22,34414914804.17776,3.451452321029394e-07,1.6424580251861302e-15,6.2688081799910605e-24,16724650.194175197,1.518738699035626e+17,3.5915448833532457e+19,55239052.591533095,1.607610043116536e+18,5.011107353175593e-07,209313063676.5745,8.910143230485652e+21,4.065749950127179e+21,5.772784264312256e+21,1.3173099525255956e+21,8.561007215156981e+21,3.0886752484211e+22,2.065918760547325e+22,1.0840711798809581e-22,5.3180732011587165e-09,9.59303639339385e-19,2.2090558484404515e-05,2.678029158922027,1.5464141989049193e-22,1897378863.0029747,22941320453.684128,0.0650083163390912,1.8030340582420104e-18,188.984156788874,4.500290609410989e-18,21824.303355318636,641710320423.8767,1.469658875752296e-18,0.0030908741538506,105.11700603705196,8.283941645153576e-28,2.177447619393585e-07,9.812405474253896e-06,0.1077059213442003,4.946275288629171e-16,6698.0097026907015,1.1427786585399213e-18,5.4295926552722575e-25,0.0227349310218094,1.7811068042818352e-19,2.2007528985674364e-05,7.551089632479847e-06,359363333.7906283,0.0,0.0,0.0,0.0,0.0,0.0,0.0,2.704119374880273e+21
2150.8148488374886,53728.304964813135,12.056799253114432,9.462740069619825,11.365838159500028,14.941692428682984,8.163130018528246,2527101352.110574,1.0403009015539374e+17,221874652.41019413,1238388161.5845747,5319683103126.535,17483603093395.568,35153009319.94801,8.508893939265752e+19,7.164555461443259e+18,435813369567197.3,9176992726975.137,20495288055367.875,39620440048164.83,2.0586801009301548e+16,1.432856046700479e+18,0.1033890379979145,2155937290001076.0,73012567184.22853,55294744266.15223,19634165669219.7,1.1901092055353306e+18,11608733351394.44,9365979177432.686,336195623309270.2,3373693102456.954,62859396.16593378,104062599875220.72,1.360908599087691e+17,757887.2404891838,2.0426496590193476e-05,1.9834078543730652e+16,15391788.493973888,0.1802740477650499,1.456139446839365e-06,50677074392441.6,337587479464.45276,3.693435991813224e+17,9448310694.718876,795372942.0095617,21804030093737.547,2231602142.064959,148942058.6848935,60661.14970183655,1.1156395217438332e-19,74261621681815.55,66357.61493373309,121483196640850.6,2298442140.9281263,255.5143142302314,296.9906029113791,9.01449123771999e-09,552780099192.7933,87.74341177506581,1270865267372980.8,1.7883020849297585e+20,8727064472782173.0,70294260106469.11,7181080951443675.0,721.1701816232377,4.0953227158369475e-12,4.6930891822162296e+16,4.900515366387486e+18,3329721636812.1523,764685161149.8313,70.08857005160218,9.210360065629162e-12,11661759978932.758,1.806180213070652e+23,9912686911.66846,1.1072789757616429e-11,1.0900621949877521e-22,5.15369084651373e-33,4099911446840.908,3658505497.11556,611432.2624606333,3780.1396366041904,231657.1266800984,1.1999000483224146e-11,2.935112153386791e-05,1406191206204.051,2867959.943865631,17.07437359673845,6.016630201664153e-06,1.2366659090671528e-10,2.316178655182407e-15,4.208456573111395e-21,6.406460806768396e-07,2.6881961518090627,0.0001911204005633,756.9167832756984,18117.77223642715,1.5936248349962996e-06,4267476253781.2456,9835.174504356086,286679.66104174306,0.0001350421903822,15978125.949746156,1.2344699764385217e-08,13798.88792028618,509659695.9112863,0.0001262518440075,9242.823925669069,35672.574170628475,1.8819800335345267e-10,42.17083804483521,5.562587105740551,0.0001098348952148,0.0228375142201451,862086669.9880322,8.303827174750053e-09,2.4232512299319753e-13,2.0829107702133474,3.8205934394077e-14,4.552214908345408e-07,0.8810720936536862,4602271.304309552,0.0,0.0,0.0,0.0,0.0,0.0,0.0,2.701994518660948e+21
1995.472237465519,69801.65500257733,12.036172694452391,11.189888153358512,7.466495389300416,9.301389060850886,7.744818094149561,358253627662.5129,1.185389675959515e+18,262314035129.5056,456.7383858877312,3665553121.6923914,2692611967929.2534,640396.9092389229,59086659728690.516,3867956901001.0615,2847032098469.337,6299487210822.236,26868344911.239212,1568434538322401.0,2219818946147184.8,1.1753343860092269e+19,12004406.785995277,14382747.125685932,5250401.908138793,0.9687599970298094,549.070572155383,5.5734280617195144e+16,290143386674.9281,4905353162792633.0,418672737.52708,4034748.117499384,0.0001096611460609,25114.696285945454,2733901170.686299,1117508.9986638431,3187.1046587167007,723641328088.7025,2907894.127711144,3492779.4010165483,1.0174168739711884,1.505067120188932,154.2770383204329,165.20170061067233,595.261740607125,1.2833925452612645e-08,0.0323673531101066,3.363843628867279e-08,1.2602534037808235,3.6634408251672914e-18,2.5637511917949983e-16,7.44755493363576e-13,2.996786180708881e-23,4034171693539.948,798342111062.2705,621848488.8228347,728703672.4218864,91.64264125964218,4.8159075269727736e+16,30203608070.134045,1.0259014370956262e+16,1.5563833404578266e+23,1.7659248149590846e+16,659219016944.3376,6.244206364124558e+22,12930979804103.164,4998051.654099337,2.2419513527754916e+19,7.976037607091314e+20,41032567311011.78,9594930770708.244,3770407.2808502503,0.0013418770370369,9210983423.02133,5.208397178517636e+18,648542046.1983066,7.856181696952378e-06,3.36745316250562e-13,5.104088134419408e-20,96208.54705885336,6292318722869.92,668443291.9663872,45351905702.758255,4943637539065.609,0.2547707338072389,3137623.4454544755,206409231275.16296,192177.356767576,0.5269712659033365,1.022478651480777e-07,1.0174651765108829e-12,8.422811883617796e-18,7.622912305252513e-24,1.3145652796229849e-17,0.0002672638316893,2.5417875368368873e-13,4.371548702918572,2.539117214414778,1.7656904848200582e-19,22574384.091439452,1000501793.1896672,0.0004393617041602,3.2070725021609575e-08,39647851072.68359,2.655297028098686e-08,411674288613.5676,1759758194145.9792,1.0361806816726691e-06,431389439.7779505,1618445739.162031,1.8157312094254852e-18,4.46814100721885,0.0090594523824799,2526.400512040594,5.9359739388940276e-12,1996733.1781580355,1.492579050621143e-14,5.9450104706851816e-15,722279.7320654652,1.8275061150698028e-11,1032.0978962713714,1.1129802984736176e-05,269756815.8306678,0.0,0.0,0.0,0.0,0.0,0.0,0.0,2.6621260729055115e+21
