T_K,P_bar,abund_H_dex,abund_O_dex,abund_C_dex,abund_N_dex,abund_S_dex,e-,H,O,C,N,S,C1H1,C1H1N1_1,C1H1N1_2,C1H1N1O1,C1H1O1,C1H2,C1H2O1,C1H3,C1H4,C1H4O2,C1N1,C1N1O1,C1N2_cnn,C1N2_ncn,C1O1,C1O1S1,C1O2,C1S1,C1S2,C2,C2H1,C2H2,C2H2O2,C2H2O4,C2H4,C2H4O1,C2H4O3,C2H6O2,C2N1,C2N1O1,C2N2,C2O1,C3,C3H1,C3N2O1,C3O2,C4,C4H6O4,C4N2,C5,H1N1,H1N1O1,H1N1O2cis,H1N1O2trans,H1N1O3,H1O1,H1O2,H1S1,H2,H2N1,H2N2,H2O1,H2O2,H2O4S1,H2S1,H3N1,H4N2,N1O1,N1O2,N1O3,N1S1,N2,N2O1,N2O3,N2O4,N2O5,N3,O1S1,O1S2,O2,O2S1,O3,O3S1,S2,S3,S4,S5,S6,S7,S8,C1+,C1-,C1H1+,C1H1-,C1H1O1+,C1N1+,C1N1-,C1O2-,C2-,H1+,H1-,H1O1+,H1O1-,H1S1-,H2+,H2-,H3O1+,N1+,N1-,N1O1+,N1O2-,N2+,N2-,N2O1+,O1+,O1-,O2+,O2-,S1+,S1-,comp_H,comp_O,comp_C,comp_N,comp_S,group_index,point_index,sample_MAE
1407.4815948988546,15911.018036375444,11.975548356339322,18.103458154047935,15.20840121952858,13.66307057769524,17.99103813505821,0.1137296723482673,2.1532640779625605,2136952021940551.2,1.10660200384099e-17,36774.4187523462,1.56470589516352e+17,1.427182396101896e-28,1.704625076141402e-15,2.5867717235746465e-17,1.1566770815509325e-07,5.886877058345071e-09,4.756824574061912e-37,3.3998439958624697e-20,6.98911136045985e-45,4.263373361226374e-54,2.133071917112472e-52,5.875591101630134e-10,0.691415330837811,9.991736176741385e-19,8.650565601005e-15,6301953569564.562,2866981470409643.5,2.237518758735465e+21,34.708703724433164,872930710.9923265,1.7285167358660433e-37,1.450097342802661e-40,3.1126955249213044e-48,8.070465448571921e-34,1.3551573543829846e-17,1.2826967929296865e-74,2.418682733352526e-72,1.2762756309752935e-53,2.5383288980250535e-102,3.026800441619692e-30,7.289358538078159e-18,2.0450767733921683e-25,3.3547710748998226e-18,6.04719968819315e-53,4.438712119729433e-59,7.841723640378829e-40,4.204894344394923e-22,3.4173174752084035e-76,1.1575535635757424e-124,4.514700614143072e-66,2.7475502326638335e-93,3.134865004755929e-07,161.44074108394324,33709632.188312076,41356159.18012776,66690286.38512091,35071082.143095694,208399226.91841355,7533675.780502375,3.097364508863453e-08,4.2105029486004504e-17,1.071914413078387e-21,24.10415651869201,0.0011272509727632,6.544618946683264e+17,0.0004329472776082,3.008081153385827e-25,1.7040952024326766e-49,5.986182999833034e+18,3.5537522234190717e+19,1.4152735621913176e+16,613645085901206.5,1.1101863515253584e+19,549262239944630.2,72698611393391.94,55977797836491.336,23744839598880.5,6.107049723861365,8.187889272252146e+22,8.187889272252146e+22,8.187889272252146e+22,8.187889272252146e+22,4.045576648367852e+17,8.187889272252146e+22,8.187889272252146e+22,8.187889272252146e+22,8.187889272252146e+22,8.187889272252146e+22,8.187889272252146e+22,8.187889272252146e+22,8.187889272252146e+22,7.784202047911638e-37,7.506764654835398e-35,6.50032053909457e-46,2.51018783810991e-44,1.1004423794292417e-17,1.6402198448225095e-38,5.359894054612613e-18,759.7233436760317,7.35629397936235e-45,4.872422983414703e-28,2.4119705006587056e-19,4.358465192021862e-19,1.374979360985196e-08,1.94022382342739e-07,1.8408753130799132e-41,9.131304130249377e-38,5.79483450058794e-25,1.527136589552579e-26,2.0068969558183005e-17,1842551.6375173111,3971961.585127602,8.432155018595375e-16,4.48589994918783e-08,5.279621188699783e-10,3.947799708923946e-13,0.1103207544013646,112.01490335005433,26599.907557976592,14.875055205839958,1322.385258163274,0.0,0.0,0.0,0.0,0.0,0.0,0.0,2.7386550840619033e+22
1429.2157191123367,90485.94281788652,12.007335589920176,14.496481156800389,8.77599104626587,10.525812835799757,16.737366846156,198226.21722145288,4334842562577.508,833235767.8925216,7.912358119059975e-09,20089.049066520583,4122171500738443.0,1.3213309829295224e-07,258772.235051219,4235.0031753259955,3667411.3293451224,753999.0760400484,0.0005104560209942,5371485.560694409,8.331874511934029,5772.26040078668,2.1735516406073155e-08,0.0862736198586857,20.28882354915158,5.3348800434613445e-11,4.0095961070574555e-07,434222372090113.6,3554035297307315.5,3.045158400275045e+16,259464668.83565903,98527505577944.28,4.110800190289117e-20,3.275790953818736e-11,7.761017016200857e-07,9.292870983214224e-06,0.0064278356199532,5.849945421869922e-09,2.741932168980853e-13,6.038956874297501e-08,1.7363571412368616e-25,1.495913460430854e-13,6.50901676207983e-08,2.1828326580500287e-09,1.110018099192187e-07,3.933313060483467e-27,3.1349826564528844e-21,6.29354728053408e-22,6.903905124929609e-10,7.820748453089078e-42,3.2396439038985643e-44,5.269453806632353e-33,1.814378070042594e-50,223909.03184900605,23333500.46380005,1107005.7924219645,1354931.8406651162,0.5807661902128766,15764051189592.93,25317852.675946027,2.529882611779065e+17,7.113956428129531e+16,36606081.39540048,285.83723633542843,1.1386307382462292e+19,174370938.26573673,70963021830160.22,1.7829858287255245e+19,292186713262.6114,0.0910346908862595,562331250035.9191,880843.2068589283,0.0001056780221358,4836810770124.434,9.707163652482112e+17,15268879.940144826,1.6450113333909728e-07,3.303866021325447e-14,4.032970480611807e-21,0.2747140862884824,7.152443506813101e+18,2.9298383423501406e+21,62953496024.30089,7.598934827581356e+21,0.0110799167659402,4.64834368793819e+16,1.119110775829546e+22,6.730139988092156e+21,1.275291120592061e+22,4.506096082831532e+21,4.077278647926384e+22,1.9062094023951983e+23,1.814186577460194e+23,1.3411840791095313e-33,7.800155650322768e-20,1.3398734403160982e-30,3.253786257507271e-17,2.298541631826948e-09,8.316168868016912e-36,0.0008302366737141,16629.23362676361,1.7889758785970716e-21,3.168243513941134e-21,0.752456546178246,6.010159711639128e-19,8367.82213968033,8321080092.669412,1.7238174694595145e-22,4.917267652045254e-07,0.7047139073692635,3.034126731625888e-32,1.884787112628126e-11,3.240888006836265e-07,0.1246694071896734,3.0547336219392924e-22,0.0081806964817245,4.361169328024378e-23,4.978657562604173e-25,0.0609896858186366,2.380232165008533e-17,0.0034287448559802,8.412857145141762e-07,45708914.648144625,0.0,0.0,0.0,0.0,0.0,0.0,0.0,1.3690136007087948e+22
2449.6731990682288,126940.44873190035,12.000396599403272,7.795828961315725,15.91195694773725,15.156379605413326,9.499319265197338,3733145523.844801,53282187560896.85,22925.090736766328,201442673291734.1,487401707695.28094,26717698185202.375,296775088195.78503,1.2355512407326158e+17,1.5413177713154046e+16,2560713.90694425,35480791.06766449,4959136041.971873,6269.132223761067,116503914.46314594,215184.71920576697,4.3858751845074345e-24,1.9335220781154253e+17,21518992.073595747,56582662033.368416,9681623161658.47,1.3189805363222572e+16,28608129018.863487,323074.2664393103,6.65301116141218e+17,591002503063052.6,3.0739600922015892e+16,5.2855589949572474e+17,1.5941822696601174e+16,1.861360995453176e-06,6.2905223336940125e-28,9968259.73832995,8.047968312560865e-08,1.157757154341814e-26,1.3944690444530108e-33,1.5159939161581674e+19,186595824331.54236,8.17989984226945e+19,2293060940372.538,4.060881422679246e+20,2.105953552723031e+20,9163698446.62356,78857870.25164342,1.3772622729152251e+20,7.09758334415023e-51,1.5120905598024103e+23,2.2324348764167652e+23,597529746.8343532,0.0387571461147232,2.7861863536333545e-14,3.1964426534596364e-14,1.4283669653360102e-29,1573.1594741514646,3.94915373738071e-12,91415363025.32356,2384032719486.2505,1601240.6830518688,60.61266450385104,351.5739261258648,1.5515102226192661e-15,1.820610291919621e-41,132117265.7944849,21816.55725051333,2.0626109624893588e-08,100247.00859795068,1.2762502468080552e-10,4.82236417960949e-28,70703294448.13893,2.442833904282548e+18,5.081389246969446,2.506484576988338e-30,3.3890336710939064e-46,3.4988117760276775e-61,3991844.617093465,17258.848899736095,0.482094253088393,1.4001036244468969e-06,2.8684333874585214e-06,2.471370784811526e-25,3.973539306131163e-21,190522385667.1419,109821.51975221984,0.1824694882512488,1.3532065463538689e-08,7.1809839008742e-14,4.025523515839026e-19,1.8015541529244425e-25,142.01606428706677,231933.1633557683,1.4303325288527584,2568.265463660326,12.500839700057078,1.296898190230794,37232963152772.23,0.0002983525001046,11656866458554.338,0.0004393189894532,6053.722031833478,1.7144832891586137e-13,1.428801566525237e-05,9257.25228123674,3.732888110018277e-08,0.0008257192239898,4.5325246231460466e-11,2.042901897380914e-07,4.930845609138979,0.0002632883528826,5.1418927226900996e-17,0.007322544474304,41214.023637861486,1.7553927613293103e-14,1.60119814648721e-13,9.982773362752092e-05,3.245751878138569e-20,1.5575070014955059e-16,998.6704322932684,2167489.2107422883,0.0,0.0,0.0,0.0,0.0,0.0,0.0,1.1152162793742469e+22
1443.5905749144024,43055.293737559754,11.986487648160772,15.361845136291278,17.658240671659325,18.17627466374362,12.664613087353962,163.40952246766977,5369619086.691786,813.6612586256043,30333.784200469978,12910518.686085075,246568655163.30045,472.092720745408,2.7347545991681888e+17,4699042298670701.0,2530708816311.949,1348601592.4822812,1582.4816069703213,8678200.49851622,21808.08046135395,12939.066603838695,2.9532088902428754e-20,113109188047116.31,16882162531.430418,34578349.16207918,237238187334.22687,6.600217741621537e+20,2.5272295735360275e+17,2.915597406900355e+16,3.2787054530981836e+16,5.2020108364689395e+17,368858.9397092653,224333611790.18024,4468886262380.073,23.671798098860577,6.727807857650544e-09,30946.22836391133,1.0596620865908145e-06,9.673577598348369e-14,5.406230519601793e-31,462614994856119.6,119705568655721.0,2.384911851314506e+21,500491354305.1392,72804874225.0637,48275813523883.07,1106055828152311.0,3829806694486414.5,351410370.25146514,2.1185843832035317e-37,3.1308881350329257e+22,1741188746976.181,134945.25107202263,8.99667915826618,2.942690379840035e-07,3.596293645249706e-07,1.1758920031885296e-19,13309.7707899707,1.6481953608091706e-08,13960434816.298048,75683668947.60347,19756.58217917524,68.33897967794596,7830997.7482350925,1.046542481289763e-10,7.898370197550338e-22,885372409.098405,133633.08179172763,2.120610162259993e-08,208156969.8130888,0.0002475392317073,2.4560311986950375e-20,126114958106.35724,1.8166765325034688e+23,2446663.8513830863,1.6804044180136314e-20,2.543534544218995e-33,2.4928543679351982e-46,31792228.196320053,270522059.58564824,5029515.168166717,0.0396058676752875,177853.21515905688,6.271496082007095e-21,8.002287529872508e-07,28114975068778.74,816649011.9867878,74524.4393656605,1.2259533387795447,0.0005290941303563,1.1992473668155072e-07,5.417083382660091e-12,1.57389842136525e-17,2.1920386051465284e-10,1.392437981628415e-17,8.318025575384286e-11,0.0097838248492557,4.2089124169244215e-17,648975378.1503774,12.459176002945044,9.380330023806598,1.4511294975520568e-20,7.121369760446358e-07,1.81506018048706e-24,4.947829393880003e-09,0.3096512345340556,7.880490382195082e-25,5.22069166130789e-16,1.2214374773448814e-12,7.783497564689104e-26,9.895454107327144e-12,3.1208713254792874e-07,2.350041464070347e-14,2.4820863746556197e-13,1.4167269353542875,2.4487124298975415e-20,1.7992147950413982e-27,4.296829459525449e-11,4.889922091499859e-26,1.6932440676898629e-18,1.4297735924891892e-07,1.8763383241976077,0.0,0.0,0.0,0.0,0.0,0.0,0.0,8.849544956544814e+21
1620.150847146691,74778.01577574463,11.950660785120876,7.865406970601346,10.462943989283756,6.404018106724432,12.334809687213973,272986651.3108912,5244074141101011.0,3318794.1211166405,790.8556822853391,1287528.8110096485,3.960636461658047e+16,552094.5751604392,7151978850204182.0,208289082036349.75,3462362578310.4536,4627265907426.944,38234320787.87025,953705566431210.0,8111336517453789.0,8.649933176830778e+19,24.63644924429094,316735938.7094935,1824965.278333585,0.5670483364166663,1451.5944926110817,4.0306150802474834e+18,1.745760340483342e+19,6333926571313688.0,2.1595785560542227e+17,1.1389253708326657e+22,1.1984960422199031,3761898335.339741,1106580953354898.8,24128413.116308905,12.609943279677116,2.834523740730427e+16,172072532.01235604,32073.83600832967,0.0004185033017615,176834.12660258746,869286.3398227977,139914560.84438953,5001645.558204289,7.466262146683049,64709546.41988011,0.74257856959697,23956696.078672834,6.758681051522768e-06,2.250049951099969e-15,26.629774478021705,1.5554042572619871e-06,644481626.7688553,1801402.8123672502,5.575354311232517,6.702711356656322,6.206473607936631e-10,1077543997063.3387,423.095366617969,8.99638414658501e+19,1.3640179494912204e+21,2744662461435.042,16925024.722436555,6.604788919153951e+18,107314.63452738366,11.440177171671245,1.7513321601023135e+23,2.976941831455039e+17,36962487.683165,278252521.8649486,0.0887056510227856,5.98997102989446e-15,30183796874460.863,3.4076992396518144e+17,4544.426739914846,6.69804486604721e-18,2.5274175171456804e-28,1.219260023897788e-38,3.9563410447924303,1602593156090779.0,2.4168039322141088e+17,7293.666774750393,30826611794853.97,1.9515075242713466e-12,26463.210670862416,1.578757581530925e+22,7.31058728666128e+21,1.0330156804153167e+22,1.8227296642662447e+21,1.0972470328108582e+22,4.145576739349543e+22,2.4745722251719945e+22,5.627486114314739e-21,2.648412216397697e-06,1.2822799463454663e-16,0.0343518475587546,0.0301677434652131,1.9991030478769938e-23,89699135.21557784,2538304.2712589693,1.2097022194452238,1.5053508949414237e-15,504683.9517795037,1.0902463580239824e-17,113150.2725708662,371838197043997.6,7.71095016303855e-15,123.86071567643972,165.51153997353828,1.8896231730646067e-27,1.479330723142857e-06,9.80897641484984e-10,1.4919449561879457e-06,2.819840605146594e-19,15.380692188564003,2.701244621479807e-24,7.86839353133834e-25,0.0683390821405447,2.486123129207556e-22,3.034418882460095e-07,0.0001404270599727,68350055157.86474,0.0,0.0,0.0,0.0,0.0,0.0,0.0,8.14867136174092e+21
1213.7849827439848,16378.295433562918,11.990486236649916,8.974814340222146,14.257573472614435,13.272769687002404,8.192760780323871,6356.590695327739,1809354259.6365328,3.2053375893892027e-06,1191.0919603489106,0.0593656974138874,86262441.84151392,1328.6848512264269,7885535222559618.0,54161993876418.23,566115.9649174373,4354733.1819233475,1223118.4947921026,3629165.766852457,7770337143.765122,1625560449620.8716,3.0277141833046814e-25,2944266658.3698425,5.865749467567761,0.0005862777855605,22.479517324726256,2.389942167234836e+18,33355661045318.797,1623676221.3657496,3.36525376331539e+16,1.6339566428148774e+17,6195358.17119974,1.1645305614725798e+16,1.163654097869149e+20,0.0189408263083637,6.5179701851040135e-22,1439266009638494.2,0.046505605523613,4.5032633465407575e-19,1.306342798611546e-30,4516456046045.392,52698366.533116296,8436819526222149.0,9101247127.385414,5569687347315651.0,2.248610947591405e+21,5048351.400274469,13879860925350.572,5949577007835853.0,4.3434041495955676e-41,2.3765355749834383e+22,7.1384192107938975e+22,0.0393921461916202,2.989669196250166e-11,2.7471894589272676e-24,3.454379035260379e-24,4.726527847703778e-43,0.0153342321895914,6.449309197097772e-21,422500657.53295314,8453717401635.224,0.8740167917830701,1.5526850818646646e-08,8126.562592166877,3.6081001979920096e-21,2.3738395121339633e-43,3715600933.57532,2546.813502854904,2.8883630764166385e-15,7.821829955587777e-05,4.2327750913221434e-23,3.85738540093495e-46,303.89370496327285,11389192556661.932,7.30718971971569e-12,1.5642503697392547e-51,1.2538080261110251e-70,1.9575617504970863e-90,1.9315265776035377e-11,1.3385705704246953,0.0015886350911722,1.5498977442287717e-15,1.8790223697029818e-08,4.580927667965164e-42,7.020376588567929e-26,2692894423.2533593,1553.2955755099324,0.002992205999749,1.962754139259916e-09,2.1443185629181737e-14,9.071230622126741e-20,1.1372543356112252e-25,4.403779018385986e-28,2.9861868248848803e-09,7.277686886017456e-26,1.257292642202051e-07,2.584510795363756e-12,9.933213901300924e-33,285730184.15215254,6.995377011062517e-05,3883667.64033438,9.945611667426358e-32,3.815899354284691e-05,7.957550704566118e-41,4.666788952605227e-12,15.425893443214678,1.065741975582067e-34,6.128678295236725e-14,6.6849310411298855e-22,1.7237869830896184e-45,2.0521194831636415e-18,1.783520428836896e-27,7.422182856534133e-30,1.542476025539971e-35,3.841645928537896e-10,4.104335499430257e-48,1.4179676980010783e-46,7.919176512026574e-17,4.031636733009778e-49,6.348588006071285e-30,1.4469477703095977e-19,0.7869979276220428,0.0,0.0,0.0,0.0,0.0,0.0,0.0,5.66616091061874e+21
2244.1189945951196,79942.47132802168,11.97670805342974,13.170489960797942,15.986401198623938,14.56436547224022,14.962690338241543,570756521.1590079,8102827059355.129,224681178.44745123,19750080044280.707,14118040221.181671,6.135673409463319e+16,19984407337.217937,1.5085988397860568e+16,1452672979779041.5,25896044987.384735,832630605765.9515,339461128.71193975,118082055.65475547,9260405.37998959,18263.097588975303,3.9252356965944684e-16,1.5956091121371666e+16,168578486716.6708,532923529.4470351,147491634056.2007,1.5827385516842072e+21,2.80051120054098e+19,3812423274942401.0,3.620938461179256e+21,4.81584074051236e+22,4098354875111857.5,1.3966639533029582e+17,4933585964185638.0,3385.973583263478,9.339056154258616e-09,1070243.36919919,0.0003835220222282,4.622800258809142e-13,4.071914938956255e-26,1.5866070868306056e+18,2717939829814823.0,5.926548171401497e+18,1.0083554701109138e+17,1.4798830066815277e+20,1.0309243478406236e+20,56805743627411.484,1.210227627427518e+18,5.253636361717251e+19,4.4667493157021846e-33,1.997121267360488e+22,1.8432700486432283e+23,11634131.397293927,69.71451255854195,3.0441437790133275e-06,3.522732222615017e-06,5.55973315015534e-17,16095019.0146093,0.0013617283233031,153885854740007.7,392869883604.367,26625.348648785424,0.2063155610513767,5117146.524531239,3.8787713611571787e-07,3.6967533509114097e-19,183964582161.61655,411.0589995079462,1.731916167360075e-11,477560006.2948758,0.0223280063068478,1.915717706560866e-15,37222307068594.67,1.4204088126076168e+17,5593.108681168805,2.1553902924568897e-18,1.0761430861301844e-29,3.029589473703204e-40,7858.796939030495,3924838101630.5737,1081457242382.5162,1231.4345017098371,71857638.0607127,3.1988368318432744e-12,0.0042775294931408,6.553952192102003e+18,2.6331335655351896e+16,307439329115543.44,193053323944.63507,7577880791.4140415,284817654.94282293,972965.3636546836,0.6029358151582481,6846.889783323609,0.0055412666615628,62.7424798658096,48485.94156381905,0.0013278493083546,2832193120737.979,760547.7236333404,1587808714523.5598,1.0487342896931146e-06,222.6813922264119,3.2749486835262856e-11,0.0564484572055162,7675027.849420662,4.2299867969750697e-11,7.690888489410878e-06,3.7983267261290916e-08,6.158725223204069e-11,0.0241156023574624,0.1303785478682927,4.3668741091427544e-09,2.8035968374262477e-06,206.69000628735225,4.031556129764314e-13,2.4523677459882477e-11,0.3219103774762368,8.772741404563805e-13,2.8622121766850805e-08,148299.85211252098,2144557081.6701,0.0,0.0,0.0,0.0,0.0,0.0,0.0,5.577704048046363e+21
1224.6854043108044,66583.185728969,12.01033623320153,13.056671168619795,16.708122739964438,15.277230453657388,18.020153876214756,2520.429010422502,37983461294.50742,5.1280940673258,0.0013395814563755,1207.052819140797,110618979705445.69,0.0232434867993332,1238153368853795.8,8951590639924.127,93013804235.91862,60300266.8647431,308.7579358337799,756119076.7704766,27492504.817787133,81831286914.09645,2.4116508945700277e-14,34649396.88814098,70046.0393233569,0.1062677696079774,3700.000863147253,1.665076758771394e+18,2.296051706244428e+19,1138848388692408.0,2.5911769700655908e+16,1.1036118385066864e+23,4.658436462550404e-06,110332.691473689,15374509025.050829,2.841586912598957,1.0294978335749917e-07,48807219.76302536,0.0018558875647716,1.9026700429878577e-08,1.904791152285597e-23,35770.388449077225,395799.31815342425,722897344976.8271,5431.121748362409,0.0024546381571004,13671.582406534577,318.7197047571051,4605721.591561203,1.816296567158406e-09,2.759150765818626e-34,901176.8038175212,1.3217248638473193e-08,12545.47235771782,9.752358744904436,9.92144134896744e-07,1.245556286550064e-06,2.0987682213907757e-19,352832.4097231207,1.8496093626293164e-07,8340359394882542.0,2534636596779671.0,4152572.346623057,1012.4137623251391,2525084377905.335,1.5908168950772166e-06,1.0477281507106283e-10,1.0995391111457268e+18,170228168091.8401,0.0513410142226077,1459361.238832709,9.68309584073695e-07,1.1826264721182829e-23,5263602865139.801,2.0464019572796089e+21,1825.675229397548,6.530307843914249e-25,6.359330248141024e-38,1.290652889986882e-51,67.61599125580813,1737221005814.5444,1975105788495301.2,0.0025597224600383,24111618136.93923,1.1088253179610568e-23,0.1067712256225568,3.05013436426132e+21,1.7988644343907628e+21,3.529850120341804e+21,2.2762607653673244e+21,2.5075707241782867e+22,1.0879098096411948e+23,1.368274682896738e+23,3.3009974557982225e-33,1.1796188650013646e-15,8.04401541138614e-30,7.545455910742611e-13,1.8291717269055932e-10,9.942851436706257e-34,950460.678740818,18.47179466080742,8.083074236554729e-07,1.697666042679066e-29,0.0002939131942756,1.4374451083788864e-32,3.5949455378179424e-05,98099755.10753624,3.04109715162115e-31,8.922344422638768e-12,1.8897584901925433e-11,3.088875827040106e-40,1.6426319174520092e-14,1.8691611188045958e-16,5.4311080247580965e-14,2.668101847777684e-26,0.0309782576641714,7.87688280546274e-33,1.84631282201104e-39,4.3763332659414074e-11,4.7510584425318634e-36,3.9570923767162786e-18,1.1435837762038204e-12,330739.61248865037,0.0,0.0,0.0,0.0,0.0,0.0,0.0,5.575642579295108e+21
1457.609235118475,46066.3024999065,12.012012338473134,15.634362018934045,19.13188766050992,13.857958941882844,15.038273465862876,131625.53380754407,2536250.005502085,4.193017616025139,7664836.144636259,7.276088105651972,224847568628.9511,42.92390968053751,6673071493.764619,120128223.17800328,216.5792832613672,333561.7149697904,0.0483535700719271,0.7496344422141236,0.0002181651344491,4.2960372616206776e-08,1.688719578746698e-36,8811458714.119177,4489.279843789503,0.0011814462971837,7.429233863643219,3.6300220165754146e+20,1.0021655873410008e+17,54342657650235.97,4.2732815842088223e+18,4.387688005655317e+19,14692871683.481886,2656406731615.0283,17257678172.19104,1.165034255245834e-06,3.931825187872493e-21,1.6326849462973117e-05,2.1831732894706092e-18,2.386793671991907e-30,7.076722926905677e-52,5724165331508.796,4750675929.487926,9386061959648.684,54433230741879.195,4.051369145511114e+17,8.671887682788726e+16,2527762.5326246526,1.8718105107984672e+17,3.192720897662857e+17,7.661186538785547e-59,3.041179328718949e+18,2.2849164132090153e+23,2.7528582751352536e-05,6.312433452984063e-12,7.6282407338041265e-22,9.309077260387429e-22,1.2387893283463942e-36,0.0229715900411704,1.1695971512292068e-16,4536495.999009017,11896.17273154063,1.3959313455527627e-09,1.9067645415229072e-18,0.0042758352883611,2.6448374724869717e-22,1.6513875532260086e-38,100.114103994561,3.102270539016974e-12,8.551670171892731e-35,0.364932513120625,1.7580701713517877e-15,7.669285075850167e-34,44717.35920222122,27068097407.265102,1.656890146448593e-09,2.0566115794012983e-40,1.2524141299320386e-55,5.246045040239209e-71,2.5734468514494796e-12,839025.4429237931,10925.673687080973,7.066975652315971e-07,1.8378306913918665,5.332645182584099e-28,3.2501716261476505e-14,16673301079233.902,360005099.7432696,24353.633849275902,0.2875260658478764,9.114287250305243e-05,1.5412350441917833e-08,5.08931565393022e-13,1.1965705235107784e-17,3.987194616909865e-05,3.6276311170818515e-21,5.3190249150794505e-09,5.723491767787394e-09,1.2315762552635757e-23,29869259.8241143,17.7935030206833,216552572.32345217,2.4705766463981452e-26,2.519148389099541e-07,1.0938948803459887e-32,5.884626789161503e-12,0.066873412727424,5.154883967592995e-34,7.934543494754446e-20,6.413246395505469e-28,1.70120746850903e-34,4.452832364979329e-15,1.4090184821820093e-18,1.1036888453989337e-22,1.554293774906284e-28,1.8987543159620508e-10,5.677805042041011e-38,3.344800438293671e-32,1.5698809191420162e-10,2.7925638809493967e-33,2.321982882817931e-20,3.6530885882307454e-10,1156.456336505653,0.0,0.0,0.0,0.0,0.0,0.0,0.0,5.388607196064938e+21
1291.9472014767514,97139.89846019984,12.03562690374799,11.2941099057157,15.35984560939917,13.031919880655552,15.91665504140459,19704.783269904347,1354810785402.9348,19.63603392337368,0.1831961050885768,9617.555584799264,350199750354277.94,19.941367953245823,7.400061144327843e+16,720168087697836.2,1818000063974.584,3352647718.932503,1075514.7284965687,217591331813.2159,328535464837.9832,3659334175680471.0,9.769834681171676e-10,802780021.1379703,444457.3679997583,3.927728916216249,78226.67349342482,3.56210582639323e+18,3.4367410930422563e+19,637375686513780.6,2.9513345449317466e+17,4.4126819557046055e+23,0.0042756771261185,187425403.3583443,87069456554519.19,2130.7396800899446,6.577861806114102e-06,15320524449544.615,376.6437118273067,0.0003413183920772,4.185643542075397e-16,5788176.745208263,11838257.248123951,24064988419958.25,328421.39870986925,7.039705615963387,122834074.7714351,31518.676570404485,161702545.7778366,4.3064773643623895e-05,1.49479306053202e-26,1278292588.5327177,0.0011969085855592,652725.9465297319,146.5651019692762,6.768206671008478e-06,8.418792821634139e-06,1.1935671585632952e-18,5378356.961037607,2.541673274206259e-06,1.5593139189835386e+17,3.456232946395283e+17,1063729794.1423095,211910.78591138427,106367198732736.28,0.0001281942180334,4.032757271236721e-10,1.0412162226215567e+20,152871528311085.62,846.1867550822143,1774746.2187699275,9.653702881589098e-07,1.6206269599654024e-23,12401825149086.527,1.0369763095665832e+21,1574.0380559859336,6.9850228495854235e-25,5.295612088122652e-38,1.237120252938656e-51,213.60982101474457,1481526611263.407,984402099740356.0,0.0029612584807115,4842004159.395872,2.9593993210556504e-23,0.0144484108150395,3.5228794981540933e+21,1.7719287807343217e+21,2.9038392923268674e+21,1.2727216462470198e+21,1.103965640217395e+22,4.161158665035011e+22,4.0003032331394585e+22,1.6190794396794364e-29,6.2303367081957e-13,1.815526755631148e-25,2.177040812175267e-09,7.832962735294118e-08,3.3978601291119244e-30,24135942.56194237,59.65941525998299,0.0007199526819649,6.877470096650596e-26,0.05214017184548,2.0307634211902084e-29,0.0016024821733741,4286144490.25776,1.1738817447344675e-26,3.0741256273031614e-08,8.402185983022326e-08,4.4586727308191245e-37,9.793238759205724e-13,3.023984251471286e-15,1.2159049007959984e-13,4.0876874339757395e-24,0.2510652745478472,5.547921024610606e-31,8.073151997284398e-37,5.8745119471822e-10,2.9268961827888353e-34,2.682218875819967e-17,8.247392653635401e-11,2705788.077894978,0.0,0.0,0.0,0.0,0.0,0.0,0.0,5.306018989003662e+21
1260.4853474304884,59247.490317776435,11.971445683980264,11.45829397008267,9.57876987990667,11.745216748731702,8.65392533522811,1338893.2582138777,222373997489541.88,103047.50533387356,2.467016822355181e-06,32837.62196162795,4641531132.445879,0.0970982080390329,1.0601049794345756e+16,90133397000435.52,4180287451823757.0,546850932374.19507,2307614.7383746896,1.4004030910658232e+16,335309197682295.9,1.7077883899499168e+21,44461.89519934257,212412.7041072705,2045687.8872363528,0.0073675343937618,189.1192006665148,3.065883847152055e+18,778197839570709.6,9.743582560375497e+18,275173076.9273913,14808403329.907175,3.050729409995544e-12,84.20277278461792,18847666733.122128,107774155.65238544,95034666.36933738,371093789275092.1,107410261.36153728,27319175207.71975,0.0950946681514713,0.0796613741089532,3389.2235032860103,5956653.677783738,7.788870402260728,3.768043248871839e-13,0.003258649034301,0.0057794360327002,5966.73320984487,1.1101708855711463e-22,3.326715066162795e-12,9.105012835643052e-07,2.1117384443410418e-25,791351312.2777327,3017718327.0488214,1926773.877920915,2406742.9912672597,0.0035639133167912,12550278391612.176,60046.16802814365,768127699652937.2,2.5693588168284016e+22,520617072494298.2,996567828123.0696,1.3027440689522758e+23,1129057544.4654229,29515253.45100221,2.0439477272366295e+20,3.5240177197278294e+22,379470861087850.3,137535221338.57965,790.8050556564608,1.109287460549384e-10,1648262931.999737,1.0859290415342097e+23,1250133105.5398674,4.690987209574263e-11,3.847388026620374e-20,8.141794192504723e-30,85344.95154008431,344247166456.55023,6531913259.032963,258610.2485357716,20964959014807.82,1.7069616445397718e-11,722800.0568171919,1651949726032.402,19981491.691148516,794.8862949761881,0.0092872175338076,2.0085463354931963e-06,1.8049956465305015e-10,4.385256962668263e-15,2.4756315878965564e-37,7.858896300393125e-16,1.1556349233135289e-30,1.0577939186060983e-09,2.918359258375988e-08,5.368126733710671e-37,1060350.1099644494,71184531.01401107,9.014766906807884e-11,7.590704187949917e-27,714.58422560018,3.494842194463566e-26,397464.4687406908,2485610226.949863,3.874160358143697e-25,0.0911443118551278,59.592744765196535,8.279508950114062e-40,2.3189672969398348e-10,4.17623085943379e-13,0.0119365214160084,1.844606762734014e-25,1291.0248945807343,3.4413203262639334e-28,2.841909570624356e-36,0.000301763835855,2.4251715338661639e-29,1.8154113018302465e-07,1.5255316452621133e-18,4032.222118136697,0.0,0.0,0.0,0.0,0.0,0.0,0.0,5.28827271185596e+21
2444.8705972688604,172764.05841832186,12.032445125337484,14.835023617114931,13.587335492013516,11.252153259731848,11.460957483961806,945649820.8701882,3128095238551454.0,1.2724098563432909e+19,100.42850888624486,1123730970290.3855,6555480532.675694,8.971076325571342,9409111.349379752,1167275.7113893148,113295469183.35278,642641740513.6407,9.16640917212999,6907650609.035364,13.204743276969117,1.4928054120434255,9.868487136920283,238883.22042231073,15490989239.403109,0.1659695157880281,28.69224828654398,4.0476780662355446e+18,2213145780.585187,5.781057722629921e+22,87.13229261729903,1.976786152414231e-05,8.083131986007768e-09,8.620623368300576e-06,1.594590019701805e-05,626.6634293730251,71744561318.66052,3.641522079642105e-11,1.6853023098511602e-10,8.223412242213696,5.996719126633739e-18,9.86365234186408e-06,71.33337920326036,0.0001313341041964,360.8301282372367,5.717398957871573e-17,1.824312624401954e-15,4.4828686799250175e-12,3.8955524249482822,1.0168665736452073e-29,2.8993493036317443e-30,6.750994633929537e-26,8.780146979481007e-39,83494826185.52292,3153783116191649.5,1.3084136180516452e+18,1.50135469570201e+18,3.82704523981608e+17,5.342186111609616e+19,7.642367594302977e+19,1361935537.2488346,8570162478807232.0,13630138557.679594,1240355.7893179343,7.352948491145966e+20,1.8226029835932344e+18,1.834372063246897e+18,119822238.3580323,11381349445.830374,1.5302202921921744,1.3627365247570698e+20,9.905128110412474e+19,2.1147957723945683e+17,41808960.82052702,1.4220206185233857e+19,1.664896602605327e+16,2645754575671772.5,204247873505744.2,119625798691262.0,53747488.18834444,2469728826286263.0,17463299.59421693,4.522647189240058e+23,2.399383422695879e+20,4.469267773833108e+19,1.903998726867657e+20,11939.73092199453,1.7291652245038168e-06,7.2196309317071275e-16,1.3508545642245086e-26,1.8033524523503e-35,2.5376955334628017e-44,2.8590252187119417e-54,2.509589928088981e-10,2.972240036661739e-08,1.5419585256809914e-10,2.003903065934864e-08,825916.6046791599,5.529138788709813e-12,12.112050014250796,13626436200840.297,8.08838976061545e-13,0.0894509912764263,90929.0120199815,20267.32114205227,125388447939.7138,35.83217639991673,0.0004572137085136,0.736086837684536,20663399052.374107,1.6192078896803966e-06,2.8862306846536008,1292673873899.568,10363724953988.611,0.1451036656567551,60038.77356877778,200.69416311121628,308.1957738032073,14269707052.306446,36890793009.99331,12831639040017.312,0.8760342204406035,137.76007209983277,0.0,0.0,0.0,0.0,0.0,0.0,0.0,5.273065078798034e+21
2853.641139059694,97754.17599666638,11.99652451742696,12.705407494705195,9.767296028492984,16.14276784548575,10.488421065809137,791354645783.0416,7.937839574625253e+16,2.981710474523259e+17,41212.06277918149,4092217813764934.5,86465341663009.64,8927.598159823232,53042467951.964966,9848258181.671265,535964138578.7408,56151171807.474106,11889.270071233565,1155348514.9834757,18297.55374307034,2536.35516567264,0.2060731614029559,1842490323.0505805,81443509133.52988,553567.9960282563,45193528.31958,2.033887777151911e+16,20704901011.910954,1.886056401409422e+17,3231945.538759513,526.882409684265,2.2342383931585536e-05,0.0110649315949744,0.0217007271202482,0.673202633964086,42.42584267156263,4.7360813652644514e-07,4.95015278540985e-09,0.000106124379248,1.411977409044105e-17,0.5771161104026906,1503.603600232651,198.1620552764505,97.3144011918858,3.5332328611496733e-13,9.019690975846288e-12,5.5854503047195865e-08,0.0010269887058775,6.591017619533366e-25,8.9905995038168e-35,4.858351880996444e-18,1.8765560314153535e-33,757650357022134.4,2.0244243249240516e+16,1.1572726642983348e+16,1.3094537688987126e+16,10739572318949.684,1.5605013837250148e+18,7710829729826378.0,39065931250140.8,2.5563255982677187e+17,212935352281029.03,3372960272176.2354,1.6605114641869386e+19,410048021362049.4,304123978880.5005,6236682784880.557,197744672019146.8,68596602.22382522,1.4130424227898946e+20,3.090221245832387e+17,4260416316437.3975,79226828278575.16,2.4793966333586516e+23,2.489469019361238e+18,8434877749624.458,1978116638.0870416,5523333.522950299,2745490680742860.5,2.062339570316802e+16,198146902469.6873,7.824395040948014e+18,1.07654787954787e+18,9749651182080.934,2021607457527391.2,111527893050.96968,38254.553571692246,0.0373284640170644,1.213900563832769e-09,3.4971386038602586e-15,1.2495338627302526e-20,2.8787526446400055e-27,3.2771979550577637e-07,0.0034507037054741,3.109528870111126e-07,0.0040763229229563,28342.01939835663,9.630790911863888e-07,4535418.714597007,20895457425.64739,9.304700634258604e-08,35.45504857572371,916916523.9548582,7066.656306231257,699161842701.9767,130954460.52873103,0.7848071679246164,86005.94473118252,1283622837.3916178,0.1753456032172545,7334193.190934672,1081148296178.3168,4315941994610.7754,155111.79580317202,2095903891879.9907,300364.30082458176,113.59405959451544,82039035468.88258,3468091.726249946,110864211868.77556,19631.084155255143,291875183.9619279,0.0,0.0,0.0,0.0,0.0,0.0,0.0,5.049118307146871e+21
1485.5336016111405,98291.93427255914,12.004455079121817,4.5138592957833605,9.210659606201055,8.316798615912044,5.198614641369872,60834313327.683815,2.0853733418625956e+16,0.008380211945492,0.0006796050944172,4387.88994447138,13014031.209892904,18.48304450210223,412210592528.11487,8120679672.689535,12.697795410152656,83.35519560370957,88584719.76279856,858722.9106193763,1616785868626010.8,1.3223207940867768e+21,8.985206694943187e-14,146.57988177068003,6.726721712373642e-08,7.296826544072799e-09,3.876423078489621e-05,12129973.556780033,0.1230608717306472,0.001612949954008,7278.609244308071,2.2278902058234027,4.634825579964335e-11,28.12056638391372,733532181.2198179,4.7791581198243185e-14,1.3571353184193991e-34,18160556621372.527,0.0028379917158243,2.6552140320379194e-21,3.94654563184016e-20,3.4384324335996563e-06,2.2781389374574115e-12,0.0011238118242372,1.0038690413065091e-10,3.5978149694145715e-14,3.0308366507594536e-05,1.1241582683832433e-23,7.805844673358804e-21,1.0801484148356411e-24,4.0077109750466614e-54,4.549982248591237e-19,2.322241922092833e-29,81548282.28601125,0.0170894852001052,2.168090968015641e-15,2.638414834540089e-15,4.445099618280373e-33,194035.33251019428,1.2755402359708441e-12,1251298291800.7878,4.082928421877503e+23,18652017342473.383,7719921.0519399475,136703284874580.05,1.3731687187559164e-08,2.481045863723188e-35,1.2568973330301338e+17,1.6883583366012705e+20,10106317925.4575,0.1655733397378486,1.0007496682321784e-18,6.418959670953803e-40,760.9763023004248,2274416563169612.0,2.1827275537251042e-07,5.140110849315158e-44,3.8760145840760953e-62,2.25952158406317e-80,0.0001215047188483,0.043426579973996,1.9642778889529392e-08,1.307521999671452e-12,8.174433806054925e-11,1.6951498820124693e-36,1.7108620742439354e-27,29035.787428658434,2.443661132091642e-05,6.409768974173365e-14,2.7560671144230706e-23,3.3275846113502924e-31,2.209136935537695e-39,2.7531184845990844e-48,1.27419297120685e-32,1.313887378888483e-09,1.7066998310082036e-26,0.0008134467138274,1.0781215898783885e-17,3.78068225164559e-36,125977.437490579,2.2147116478116614e-10,1.6686564906314178e-07,3.461033463527714e-21,831130496.3591783,1.4805445317130572e-30,16.976156475313875,5871872428.340645,3.9817797835622897e-19,1792005.4716893423,9.507433985164648e-07,2.0139912166695867e-36,1.2196655766990334e-06,5.6811625702965405e-24,1.981168425455911e-20,2.99551534838043e-28,9.126895249753536,1.153764100556101e-40,1.1408037121342476e-39,1.1322371270494696e-07,6.993693831242287e-44,1.812327922439604e-20,2.21218607336952e-19,22018.732532276907,0.0,0.0,0.0,0.0,0.0,0.0,0.0,4.980917746051723e+21
1487.5895883532608,64622.0044153502,11.98560018730006,9.228062015315553,13.29761188123128,8.082778817925634,11.028889123901168,167231107.51408955,2440375104502.836,3.44364243132334,18241001.489605796,22.156573633235293,3467478346074.563,55891180.27365284,5674776845893216.0,112524370893223.05,68075864.23973188,94737810008.05267,29892326966.091537,109499999180.36888,60660348680415.625,5526729689902292.0,5.969775939715623e-14,18261324638.98432,3251.3287957734738,0.0044324845801958,23.262848415456144,1.1861673018922656e+20,3.103008706526117e+17,6113199683685.677,4.807156145693127e+19,3.737280396663648e+21,31261504315.949368,2.0806534183208205e+18,6.031370915958246e+21,59894.38816865879,2.566808377053636e-11,1.9095854458557844e+18,117972.17790731348,1.6677970139029608e-08,8.498949496816689e-18,10776407107870.65,2746046626.7253394,16420000800207.809,25463090628601.973,5.99599141178768e+17,5.604965707033526e+22,1618526.3558332913,1.8824162880332556e+16,4.546164757631966e+17,8.150523902490449e-26,4.1943438775372943e+18,2.426377937674711e+23,46.42959700902665,3.7788505500914896e-06,1.8806442185560118e-16,2.288149650038927e-16,1.5328105507946372e-31,8893.335604126254,2.3278537061143163e-11,37510014374827.01,5324468924694644.0,1190.0569903491185,2.3667048677154452e-06,693313561.9568179,2.8192910999736483e-11,1.9728235811640808e-27,422505972453485.1,1198323.998698457,3.9936046743871704e-11,0.3201775647449111,7.689622980669349e-16,1.9824341025963528e-34,972107.5164605082,52174675890.678246,2.021871512232886e-09,7.61967363953965e-41,2.280989870431532e-56,5.323333338358925e-72,1.4003096033473006e-11,4486684.62426254,521172.38226573134,2.088641804524306e-07,3.2655076362665336,1.1006607840364463e-28,2.7043339759007808e-14,1966265211626336.5,428518917724.2896,290957881.58869034,32238.336234359675,100.62628108131686,0.1730830524758295,5.572737080171461e-05,1.4078867526726425e-19,0.0954288956525178,2.1100953071029805e-17,6.634345214492581,4.877606528899412e-06,1.999987249536473e-25,41313954645.98121,2291.263731829948,295476550497.91766,1.7099193845012697e-22,264.65057637974553,2.8521988702705176e-29,0.0020926879045839,471014870.8846671,2.2366723687808587e-24,6.589868385646767e-05,2.1996051055427177e-13,4.337508253350135e-36,1.690836132056551e-11,4.4252841244383814e-21,4.070834835562756e-20,2.9639681117373882e-30,5.844611783228429e-07,4.479748819280927e-40,1.979343820725732e-34,1.256339029354969e-07,4.638834157573081e-36,7.905904186894468e-18,2.4023804645364472e-11,15736209.661507212,0.0,0.0,0.0,0.0,0.0,0.0,0.0,4.6719083992633804e+21
2041.7116985761113,140565.32584443892,11.9856377375878,5.979980444478489,11.211392861028704,7.1750092283596,11.83762116993563,25825678151.7707,4.186533536753418e+17,5059561.6916107815,608939749.035007,2660551420.895019,7.633927178807741e+17,190301141114.38553,3.6189260886438026e+18,2.5637611163511635e+17,1754350062881.475,12191222140969.836,1581798005482572.8,644317481889314.8,2.4821472453175067e+19,2.5575954247734994e+22,4.700918802300054,4993859632711.494,17569888.629890595,160381.4512465638,78492010.55935094,3.3065216162332474e+17,3.30202056252465e+17,277223885313.67267,6.008613987205521e+19,9.23928519679011e+22,87551940.97149386,3234993192376782.5,6.661997210737674e+19,2927018.8000876848,7.984998123150963e-07,9.608528477200798e+20,46825276411.198524,5.445098219996549,0.0145310557095521,318797444270.40564,281885890.5526969,9648218882703.002,3134552201.583993,4973930492.783737,2303897285147264.0,12917.65258694802,28260263.51277455,913925.742920727,1.1332556373548776e-16,15572185827.736183,3876143.469170117,657841799397.6388,1266909.6012870483,0.0108856890865944,0.0127238329336976,2.081295270521732e-14,182687869703.05447,1.5128524521614095,6.364574318063216e+20,1.0690078761656642e+22,600976321937416.4,8950622210.15209,4.234919131047051e+16,141.96985981239476,9.498658532832127e-10,2.929181550887608e+23,5.191303484721156e+18,33585876428.299603,56972185.155459896,0.0002881549601881,1.5239051587005389e-18,1009809275722664.2,7.569225896636531e+17,1480.5803537073466,3.5056359032049575e-21,1.9235523944360648e-33,4.111195960152093e-45,9623.69273586124,17009974124696.54,328319929931322.75,8.59530409593344,123269363.82416542,8.201787769987971e-16,0.0009588168341825,9.364202622203714e+21,1.7568863419695725e+21,9.679961003169247e+20,3.5687362484034142e+19,7.024745122391407e+19,1.1833823219778376e+20,2.099972527400803e+19,1.1089250877883747e-09,21.01601420899856,4.389658796185743e-06,72897.32120182006,206.7763131784432,5.666600470564998e-12,329668835060.44293,3697.201739946909,14285290.279382683,9.750295383903466e-07,883096088.3603982,8.221531232329502e-12,85455.29278814768,5575993415105732.0,7.853431114841291e-06,2898737.104542868,12659.33747770656,1.2851927746225466e-16,0.2281093183227123,2.6096795313289094e-06,9.854566413039105e-09,9.657009343961147e-11,25018.79599637,2.6896893638517353e-18,9.884511310134349e-18,0.8002738640958253,2.4330237002988277e-19,1.2896958716527627e-08,176.77368567669248,4048773431686.279,0.0,0.0,0.0,0.0,0.0,0.0,0.0,4.5323412829309905e+21
2868.5148572072194,90376.23969222132,12.035631713088971,13.502788977133957,12.096629175910312,11.39112011878024,10.613799364829116,44320472413.18181,1.4024426792192544e+17,5.008782128567179e+19,190224.3625717425,258145346096454.47,1560787749048.4968,67716.40119316749,20776272456.931675,3905762058.201773,31816615283746.816,60176845209248.945,145343.92911292502,2020199686837.5056,358380.1674098269,79945.4506253122,162620.23257380736,455788144.2352166,3034153464071.8115,8089.272955383018,645266.3233097338,1.247767582688457e+19,215924879735.4665,1.740248010507156e+22,230766.9509330967,0.620892558371939,0.0004191593829677,0.3241402001330341,1.018406151611399,725192.7113850851,1042540892833.295,6.093660987996633e-05,9.956724983447912e-05,48067.442571457475,1.26243938843881e-10,0.5825147143322863,223826.47672021497,10.827735411719456,258913.13698105307,2.6030565318355302e-11,1.0535344130786916e-09,1.8987725115942504e-06,1594.6453360118414,2.002442568368149e-22,2.960992552823255e-22,4.395097388471889e-18,2.2672354691363423e-30,78594409606471.81,3.165908164652234e+17,2.78605652457814e+19,3.151018965236385e+19,4.084183358930093e+18,4.21878856107616e+20,3.3015862127207553e+20,1154718567028.708,7.25548152648365e+17,35914084892270.25,32674833650.87687,7.119774396634837e+21,2.8777301532352127e+19,8.187422883092407e+18,300231494471.204,53503943441114.75,1853409.027357104,1.3062264421888062e+21,4.504541528659231e+20,1.0029988245657588e+18,81626293445.96983,8.033089491314765e+20,1.314136962130778e+18,1.1369887377468526e+17,4207689574824062.5,1878961463423242.5,557706572150.2128,5.592767027295238e+16,9041663075.41834,1.9840332407640137e+23,4.36393131020311e+20,4.075486895124131e+19,1.2828171485737396e+20,33200490.659458168,0.1950096183690062,3.25704826227455e-09,1.7961500432730584e-18,8.835234328235961e-26,5.41861554424752e-33,2.1277023720094767e-41,3.4513752809741085e-05,0.0008620947223772,5.3059182042209453e-05,0.0016554684391515,649591175.516676,5.77650438962157e-06,57481.48311104442,105976740687831.06,8.902636411466792e-08,1501.579758775268,88603776.51970449,45418460.029260546,10105626932667.451,204262.3600388847,55.61262571334497,14336.308008678338,19988111867944.92,0.2704943287822826,25749.954931827568,218529401961953.53,332651184844701.9,12570.671955579975,390516096.6769987,3748714.418435333,457511.9608187933,742556346701.7656,2039943821902.6333,154843337163323.88,7929.647772554909,280171.7800531788,0.0,0.0,0.0,0.0,0.0,0.0,0.0,4.4210430967912103e+21
1793.59786149601,70484.91792968406,12.01156244978164,14.548437102295704,11.30264314301692,8.845840406153162,10.0880895242585,3087295.8855032786,8533920156080.104,1.2244900813807123e+17,2.791751568691071e-09,5295654.917048342,9527.39082882298,2.7883457143090117e-10,0.0194954845468858,0.0008613440729795,11198.1426368935,283273.5952304112,1.4937442980634763e-09,6419.974887694012,1.94913316572967e-08,1.4469620837876481e-08,1.1988367263832132e-07,2.078309925703966e-05,112.33673088530804,1.6451251478356235e-14,1.9370887465133318e-11,233322004595147.7,30.283338554827065,3.226250668972592e+20,1.1177334137435338e-09,6.7070992110425985e-19,2.196359704258025e-25,1.7904408012998118e-20,3.1485076503213857e-19,1.3439950580811106e-08,7253.700305071508,2.675141447672525e-25,5.0872745705335864e-24,1.0714914636455604e-09,6.182743285774654e-33,6.536680713271967e-22,1.7096968651134536e-12,1.2829791988460668e-20,1.1648925014932218e-10,2.3812267060015884e-38,1.1031041115099252e-35,6.60804422453294e-33,5.441819661718605e-15,1.5774275378650824e-57,5.294214494791086e-53,6.333270860128853e-54,8.703149102029137e-72,398058.1545967509,1107995889422.5305,6536461789052694.0,7756065213918606.0,3256990372206812.5,2.9719861434688614e+18,5.762876466265954e+18,2826.9126739875487,156567455480352.53,171980.92426930537,0.1831767872283036,8.201001061844907e+20,1.911164106926025e+17,4.649810400907237e+17,583.6199135140233,1186613.221544945,2.2262765772504745e-08,4.607529334741367e+17,6.351100389161217e+17,390041412267633.75,1.0799217779772703,6560364685337932.0,1068448238223.3168,70069165067.75667,10903381573.877815,3680202651.030867,0.2304098587262352,346124600695.1495,1.1935121310113652,2.833235964761962e+23,4.994596347906902e+18,1.4073008773820882e+18,1.422521550274642e+19,4.456489824843493e-05,8.0752088243650485e-19,4.378275140821918e-32,2.2150748399415782e-46,4.7111870796365955e-59,7.257930541391934e-72,1.4651804457966435e-85,4.9975054493858906e-27,3.7785499762593105e-20,1.0478062258119492e-26,5.568808404730825e-20,5.4044043121326686e-05,2.4151792159097847e-30,4.040463300956293e-09,907956067.9672066,1.2811478952080363e-28,3.11001720355928e-12,4.729193760831965,2.8782738651917727e-05,852118889.1360084,2.270756904877595e-05,4.104105002526484e-15,8.14680481381011e-07,256168.87335808913,1.901114825815514e-20,6.218539803491615e-08,101233.2832595287,20189732400.562256,2.7337207105411063e-14,0.0088142876764453,5.099656224185515e-10,3.71261314251208e-08,8885006.094563581,4219.592504173913,85673829406.38448,4.483830973684908e-12,3.7733591129992726e-05,0.0,0.0,0.0,0.0,0.0,0.0,0.0,4.3220294766653457e+21
1204.418388840449,29179.676900134626,12.006299093298718,11.577395531579244,12.972834542654889,7.497653594639243,7.949267617338058,2280823.3014875907,17187049733.55245,0.0187271842822765,848.7490084848309,0.0002177467625994,215647888.24095625,11687.266404067148,519811276644978.56,3413958092801.665,315964898.9613578,413883739251.982,141803063.22195077,4383221125647.2344,12179710991780.951,3.4000419049279544e+16,3.291357006740729e-13,13750013.829710089,238.2620959584437,1.2801392917920353e-08,0.0005340045959574,2.2795891170285225e+22,9.989482398105516e+17,1.356318456627491e+17,1.0373432240913206e+17,1.7546688502125358e+18,4955682.6066015735,1.382222294776258e+17,1.875715836427316e+22,212048175.12035817,0.0005413589096659,3.3572327931326288e+19,8289184.086518471,0.0059267037259121,2.1803594462713851e-16,23542876774.391895,2534710591.8106685,279962018173.5335,78486178102410.88,5610428804207943.0,3.1052000198900394e+22,1521803.0779662128,1.390455953226301e+21,6523121419843110.0,7.250850045466565e-19,1.0025240487098112e+18,9.566696476745522e+22,0.001772668555057,1.1605780416567433e-08,8.595381793954937e-18,1.0823109762059149e-17,1.0875709680282322e-32,1184.2497400401123,3.6194452133186147e-12,13156498278.532215,1067952176648302.4,0.503542784502355,4.6259404935293586e-11,8765589562.654108,2.5252823390646414e-11,4.0021574501487457e-25,1475049431460.3438,19773.69376637024,1.1814847983133715e-15,0.002724365817119,1.0868220264239762e-17,6.755672555250239e-37,3.983623356036327,317336790.9983613,1.3447006715869364e-12,1.4264320544571514e-44,8.496822443452539e-60,9.292946000446842e-76,2.0491812488766645e-18,29170.153250296305,111.66818147468496,7.75814802719159e-08,3.6430183208731206,1.4463993514434074e-30,1.0335991320879628e-13,23310438210.796627,40971.08458509168,0.2412898345945563,4.991347693865816e-07,1.6819811213574102e-11,2.1624933710156367e-16,8.3996972673217175e-22,3.741733868713105e-31,8.487481212061815e-07,7.997603836239483e-28,0.0004502611843605,3.6935200213965557e-10,4.469916999346616e-38,643484051.5198514,2193637.007421339,1525736920.7358117,9.468280162015861e-34,0.1391695587117111,6.351042736095273e-39,0.0001499095074315,206619.6953283354,1.1759815116115424e-35,2.327166915217205e-09,1.1895808726483249e-17,5.90610919789647e-51,2.717414039718435e-18,8.60098809140393e-29,8.248951444445273e-22,3.716487763889228e-43,3.4464590382761972e-12,7.955685664419667e-52,8.296041556614308e-46,1.8725921772017024e-10,2.2670626217632923e-44,1.1904074000033592e-19,4.618321656493556e-22,833.7203386685845,0.0,0.0,0.0,0.0,0.0,0.0,0.0,4.1203615673063676e+21
1221.0661085313589,38741.10778016471,11.9996079009468,13.989949107443252,9.526508444481356,8.588362915973189,14.7984091142324,244.1069827538993,428179484002.41785,8915889.707801295,1.4283364908271369e-12,13.571542833939654,93423096948556.0,3.0844051882103965e-10,241966.821391411,1720.0210902064273,36357298.34520451,1754941.0451882458,5.226995467781176e-05,276888009.1490787,59.94943959882609,2287053.4900358743,2.387925104118312e-06,0.0005172237368252,2.1126891981390155,1.9547511421828835e-14,7.0260983602626e-10,4221875955374161.0,5.358567453263062e+16,5.849733770866786e+18,28703777.002934273,117032771171518.69,6.287986275103131e-24,1.986897139028154e-12,3.5721842332544192e-06,0.0026097683059413,383.1930193439124,1.722530246848974e-06,1.2602635355628466e-10,0.0052264828430177,3.5501113150743117e-22,6.74480413178119e-16,1.5420274761970808e-08,1.8873967812547587e-10,1.606408300913609e-08,4.3806679810019725e-30,3.1591880362603553e-22,2.0712516010497257e-22,3.7209008013585815e-08,4.055661735503578e-45,3.425989771179096e-38,3.783041314354646e-34,3.8582346485809054e-53,1751.455731062166,2742527.571618009,547760.142651858,688030.4332874016,0.2197479911809554,7834643970319.862,7753937.414413642,8.796420158725005e+16,3.657534256640727e+17,7315167.663676631,22.830177249351397,7.311375958025942e+20,833196126.1421372,2.0730978305311226e+17,1.4609377689480336e+20,3857828678386.902,0.1723945323433207,34273210420.318348,43166.7387223999,9.717906039754394e-07,57205705750.35012,3.4059426395270317e+17,553320.5911214392,6.886955833369628e-10,1.2769053997162106e-16,4.8252731896227076e-24,0.0001283254798578,2.9670645460908636e+18,3.1368028171457774e+21,8941494923.720938,8.392395992714355e+22,6.931837402363638e-05,7.133763630074285e+17,2.4604108247340003e+21,1.3206065352363016e+21,2.3613043813103205e+21,1.4038831845656898e+21,1.4139669048234487e+22,5.577351792621687e+22,6.424184301542275e+22,2.6369239821899053e-41,1.2679193331518535e-25,8.139364644321389e-37,1.0172438297606922e-21,4.3534667636727546e-11,1.025956842105473e-43,1.5365384936629617e-06,9348.12419169045,1.1898117445403109e-25,1.3426821606496684e-27,0.0003292185981395,2.2654933535033355e-24,81.75377440435761,107317574.98532692,2.922997408304372e-28,1.1663218077005666e-10,0.5326558319113133,2.372733512359396e-41,1.792994427398696e-17,3.479742173583398e-11,0.0002517228547197,2.946682485019046e-29,4.79358530124815e-07,1.7066819092863137e-29,2.251486733377175e-32,7.712611444982938e-06,1.2156870770809362e-22,1.3607585091518509e-06,7.425095585097845e-12,28809.305783220312,0.0,0.0,0.0,0.0,0.0,0.0,0.0,4.0702165049670196e+21
1259.6028378139692,35069.80763729975,12.00190514707426,11.591169768882969,12.956368379829655,7.495942914463749,7.94398112345336,6998757.736958025,64612815758.225105,0.2585624930359202,8258.928550800882,0.0029860051795519,892103774.7928016,96619.83555549193,1020553116499382.2,8643403896953.552,1042777495.2779968,1440172356812.1565,686424248.6039779,10989908033051.428,29881727313664.637,4.554405869642587e+16,7.741936481608625e-12,68001372.30828495,1700.913886375527,2.190335760308296e-07,0.0056636426459474,2.767381538737027e+22,1.3769837151342418e+18,2.285587623963287e+17,1.856817569473613e+17,1.9765752483091535e+18,35565079.9384611,2.964706071208662e+17,1.9888682535260978e+22,761459960.8814598,0.0045217048808245,3.444249927212639e+19,25602652.236717373,0.0438313367035331,5.0466864812897014e-15,88761922353.68327,9858657662.072428,633087594338.9283,240265231959829.84,1.545062851141443e+16,4.0078725300781155e+22,5520707.566992153,1.6899394657533163e+21,1.5808971438309714e+16,1.4501149778874598e-17,1.1743395311887672e+18,1.054929179639686e+23,0.0213778635341034,2.115813362682575e-07,3.4855079818715126e-16,4.3542915595165277e-16,1.650240315422502e-30,9416.027498573998,1.15196811724108e-10,43917160066.816086,2233446867566964.0,4.19365721001789,7.520243954861227e-10,29365173330.580868,6.444031690845506e-10,2.2302823279700377e-23,3483285705056.347,85019.86727714787,2.5071002330867793e-14,0.0327309829099382,4.8183094031736605e-16,1.7187565222883266e-34,29.71405046509925,956466225.0435712,2.7922741696103797e-11,6.813105431894985e-42,1.4315938555005045e-56,7.72194446143557e-72,6.857364761766463e-17,171879.6939508172,640.8293235629808,1.6831488655428468e-06,27.2403060899814,2.8061133321276043e-28,2.4106228073876253e-12,62773239923.93839,148459.2034406613,1.1550597757893464,2.6465201170810636e-06,1.1202787468378831e-10,1.9679602518247888e-15,9.361780720070803e-21,1.472843947551532e-28,1.3880128054713749e-05,2.0518937642880544e-25,0.0055631759452466,1.3936008885827537e-08,2.9981214855134866e-35,1820618274.6068351,8763241.818155918,5645447579.754702,3.860914501190894e-31,1.0917724861658824,4.602247195664241e-36,0.0015789650966095,754687.5813841365,5.8252672745744746e-33,4.0784446006047736e-08,7.166178505633171e-16,1.3099223913300644e-47,1.1029054218051564e-16,1.7892891084966396e-26,3.8642247846585854e-20,2.8079266162465582e-40,5.88862600632733e-11,1.3513610589525966e-48,1.2481910509896153e-42,3.999682252948189e-09,2.7905767983807744e-41,6.19962325908212e-18,5.241695782654037e-20,4110.177073895607,0.0,0.0,0.0,0.0,0.0,0.0,0.0,4.018885037780896e+21
1309.2131823455704,81509.86557595398,12.028236229172398,14.086422994261955,12.587859899288397,13.14308472422096,15.315723880941304,3587.981826324816,2182692660274.4888,112992972.82306276,3.021384588508332e-07,50482.43668244759,570922533047212.0,3.4910253356222174e-05,217956340311.1501,2278054110.3400874,17071042764151.89,12684020492.23764,1.8002423991786909,834447958811.7832,504987.2823117443,5274011569.8621025,0.0239207641610229,2756.837025123075,4664256.9940721365,4.813896040073216e-05,0.8385276970784413,9.024101182468712e+18,9.883825886131505e+19,4.880261733123626e+21,331309725377.10284,4.765159561762971e+17,5.6404796119019694e-15,0.0001957903104911,82.96882344997002,21738.443068836783,645939013.601804,17.858597781284306,0.0016489255896684,14525.288435576866,1.0985202481111884e-14,1.6059296171120293e-05,91.3082936611242,145.69896324450156,0.9403497868149112,6.180219694622759e-18,9.690978603120112e-11,5.23606113650503e-07,858.2477246611492,3.1819070850187893e-29,2.1748905935844523e-24,4.8889794965733934e-15,6.1798990788753165e-34,3671510.614869873,2551046490.4245048,406424961.1216919,504421849.2350547,286.1353642017586,29448327116759.6,56599216.57256698,2.6592995488496698e+17,5.246871704725534e+17,5991794786.452399,3627648.090508576,5.076805169953603e+20,2981759855.1626368,9.719776592480826e+16,1.790494811510287e+20,794903223782622.9,19287.459220805733,24728263622272.875,53473547.49987621,0.0040415094177873,60067070134912.945,8.957226257589969e+21,64423577815.27935,0.0005235506550282,1.5591258476086888e-10,1.571165595628955e-17,9136.291651136742,7.348994229325155e+18,5.307519386371162e+21,53294254166.6318,7.076917649089819e+22,0.0027147774241487,8.010478519249078e+17,5.573983211176444e+21,3.33705941491207e+21,6.477945153946266e+21,3.2007528882237924e+21,3.242503901517827e+22,1.4616085019584305e+23,1.6293382058209557e+23,5.67982556414888e-34,1.5785373695002532e-19,6.2751066034198446e-30,5.660717302632527e-16,4.357225362644059e-06,3.485791733512318e-34,9.409463537451511,77266613.98523918,1.0470752656008947e-16,3.108353816769538e-24,0.0137123768752512,2.9707974049768354e-21,1260.7880914699238,994979808.57001,6.226318987561134e-25,1.1257811944922937e-08,7.549809862739599,7.34449991901726e-35,9.255998677016745e-13,7.062611620944304e-07,0.9083814964037727,1.253108328370526e-21,0.4686510710554921,5.886036505977923e-22,1.304936797645673e-28,0.0005073639129061,1.2319336946678722e-19,8.196711641495997e-05,2.56451005915312e-09,615317.0896428695,0.0,0.0,0.0,0.0,0.0,0.0,0.0,4.00401097886469e+21
1568.727483573165,77369.54570107043,12.026033435622685,9.068507721620056,11.316963419369468,6.435347251504772,9.936298878799295,1539241912.4827957,2.5416236975871576e+16,1986380.006972168,52.878140315184304,5233.826835127202,12225249258824.984,408321.9794013233,204239076619622.25,5163920924886.024,190040148364.33096,14242771443196.168,385113459631.4431,3.55254625552599e+16,1.203501890956777e+18,1.8134252906233083e+23,68453.23027762308,537252.3988331299,6450.137593854051,8.347063535097581e-06,0.0278194934232707,2.2088305600918497e+18,6001993873557320.0,7392535385993197.0,25130915396773.59,1154535600635733.8,0.0224213853092379,1389186873.9406822,6083495135182653.0,438665549.46212286,941.6849001399552,1.6193316155606485e+19,136129614724.56915,101181289.34003696,27.97750949428637,81.79871883321077,1013.9964840605354,1490.9044764171908,384052.1155643033,0.0565247607705725,7547602.493952178,3.6545166037553934e-06,1851572.1063116165,1.2798719442581408e-08,5.869449452697352e-11,2.2583439745978723e-05,1.0726601526991852e-09,28486733.847190764,162399.56699723133,0.8236182452414809,0.9945332766569368,1.1248373784341592e-10,8881113354720.578,4134.5946390273475,3.165955842290437e+17,9.28367474230591e+22,1507366589394.2046,110949.85613597406,8.907277095649457e+20,11963617.424539568,3.64477146862567,7.546484506301031e+21,2.3817479160474793e+18,21167193.622394763,3133264.3862972283,0.0012388277200302,8.075232800609287e-17,116795356.48394524,56066317416934.8,0.6528983171932861,1.1037039869857317e-21,5.260043513065391e-32,2.6736493557082138e-42,2.945937900136452e-06,1044490685643.3972,108131273873.96378,8731.895371819808,45118166822.235504,1.7686909877584277e-12,52.59336207274306,4192888091627894.5,1111669644523.179,906034769.4203364,101756.24476637394,363.3399590435402,0.7760716267594007,0.0002788210456552,4.5175237395078566e-24,1.4106705062436692e-06,1.3215999200627265e-18,0.2180992038254572,0.0023134169870447,2.074253307030741e-28,2209586.2452396587,19549270.665450457,0.3484423758337467,5.060616024844693e-17,17280305.68224988,6.860854977052972e-19,8484164.03139598,13326403169162.67,2.3493021459069074e-15,27367.739303467304,4247.6410175194,4.26599285550698e-32,3.4975378966157645e-08,2.1277191878661482e-13,2.1477107666959042e-07,2.0178381449247632e-25,0.0102460202570736,3.1450714454144545e-30,3.2584306301101295e-27,0.3413004481247868,2.9628792616034672e-24,2.372007314169081e-06,6.46273288593906e-10,203572412.87520176,0.0,0.0,0.0,0.0,0.0,0.0,0.0,3.9701532108855973e+21
2284.159460064305,69729.69039298192,11.96595815416748,9.945241216359832,7.55082369645801,6.828347474086975,15.409122052548271,18157967893.39221,2.683953207937545e+16,77291060377.61772,835.8282279275516,1823041886.7686656,8.145922725914834e+18,2043.5025099726315,83891347.31702529,8527747.257214352,31701.12122186058,13885394.619561687,77291.66126121195,4604401.101726004,4564769.038979141,19830248.05474575,3.05971890572651e-08,43114.531439747,97.43523032438488,0.0001395363006712,0.0349225644778761,8403039472610.199,15132010999510.572,4296933351.910362,10455332481182.973,1.2466371922743922e+16,4.235959845962159e-06,0.2794514153832071,21.327986098818347,7.349314740799355e-07,9.466079874788616e-14,0.0287976097315359,2.586829709087176e-09,1.4548566803417165e-13,5.212249334571781e-22,0.0001061977558281,3.596280663688525e-05,2.6373371089354364e-05,0.0171819396235982,3.229700575365234e-12,4.734345889300768e-09,1.4410480691565917e-18,8.74854072045261e-10,2.953990576515101e-23,1.4808530212219918e-45,5.311492912324574e-23,2.2958151640726847e-30,3647131777.575952,4702412.156892277,48.21047577116155,55.69004225178124,2.31122651324147e-07,12261762388280.771,275512.6885059251,4.870915511104139e+19,2.8595957981183007e+18,19271038178.47112,12805.17976453936,8090899210004584.0,187479.19317304177,0.8150529105802429,1.353293230066969e+20,647358980813.1501,7.181801216859199,11765441329.977713,143.50788957184048,3.550246154397868e-09,414078329891312.0,976795511935077.2,11520.553938283623,3.3865231654523565e-13,4.403171808885131e-22,3.442038316009035e-30,6.748192415474706,1.1051568050137176e+17,2.980360598717139e+18,91715072.38005964,419641802351982.4,7.523660778411642e-05,6305129.787388505,7.803810111077115e+22,3.2982956448222517e+22,4.044198142357996e+22,2.565370097225783e+21,1.046207067735521e+22,4.168958608546114e+22,1.4701571625273384e+22,2.2858145076797998e-12,8.008119659791917e-06,4.784439955530017e-11,0.0001707400468257,0.0547421645228474,4.1730140373989113e-16,167.46541603706484,25.402947371021913,3.51412919912493e-08,0.0003846593107429,21341448.171685457,2.6641594700594105e-06,1128439.1688560098,60638495925992.195,4.049389290559527e-05,2193.6933758578,11322.361325153885,9.595561723548297e-13,0.0971265242011204,0.239646442546926,0.000702081086621,2.5592696394368886e-09,51.00937487709299,8.664166284256764e-14,9.35035157039453e-10,3004.595196515463,6.288359930925049e-09,0.0635950203797224,1622021.472736655,7302262638905.343,0.0,0.0,0.0,0.0,0.0,0.0,0.0,3.95850853924821e+21
1446.1524902211206,96012.47170452356,12.012755950458123,12.661878353775007,15.710680690938224,8.227418510633125,8.829073220018254,22014025.547348756,7592738738.278394,14.670097866298224,6348211.260723545,0.4177448837943082,6536487129.291152,132874.78310436936,2172435447736.7695,37649908999.46065,337656.95703986776,6083860402.672557,591532.0263165049,52363206.94799681,10774367.207208904,8470365.564781297,5.8026027089517e-21,685382443.264201,1709.6167965231043,6.4735939128528445e-06,0.0437071967409133,2.1248342840073427e+21,2.0654965516237092e+16,1566578862792954.0,1.63775838114794e+17,6.466744246601214e+16,14810341326.93421,1.1695290390577946e+16,3.077068059701294e+17,462.8175408754813,3.686710266363296e-11,3892439301.3184175,0.0022833865299601,5.85141805271929e-14,3.7649133279508145e-29,538560589548.19727,2302416403.2161975,80851978689.72304,322309969005351.3,5.485063180810523e+17,4.794645393594432e+20,121927.62010627805,7.649882308782989e+18,5.1122985791515584e+17,1.5037295848419812e-34,3.902051585888984e+16,4.7821948158134915e+23,0.0058788309667766,6.559321287374263e-09,3.63820514578605e-18,4.445105074131106e-18,2.5089903789832395e-32,318.50211916444846,6.821379527044302e-12,496842255.1567848,141872243325.01086,0.0011494338240219,1.2048985237617144e-13,246122.31181067383,5.814132215660048e-14,3.1025745616061976e-30,42116883.50890621,0.0102826093317388,6.901125635315439e-23,0.1106542097689972,2.269640736012149e-15,3.943036223696354e-33,101.02939725035586,165447771.5549472,3.9255125264862695e-11,8.16434130915322e-41,2.1287558421897425e-55,3.63415953245647e-70,9.305320983912736e-16,119772.42106582216,56.230949411458965,1.1965414000138257e-05,1.310127844044838,3.367176312945395e-26,1.0110762909762601e-13,18565468809.9298,13767.583130497658,0.0320592461123424,1.3377421757244406e-08,1.4707062774046588e-13,8.516189387176784e-19,9.790811562416516e-25,2.8779912619876765e-20,0.0060535062184024,3.3936962254903754e-20,0.003076186058126,3.6892482143512666e-07,2.3213520907673462e-27,500373399.80326754,89360.17480772684,47754728753.3176,1.8535358437365532e-25,0.1338506898618244,3.900624244528445e-31,1.549881171292038e-05,1432.9818643043411,1.3701999668147912e-29,1.3635149141699368e-10,4.413683235092117e-19,2.305880124182338e-38,4.3065235257294576e-14,1.4086257482717809e-21,2.7991886659428243e-20,2.100507988566417e-33,1.7738880720289586e-10,3.515505592737883e-42,2.9307493507491113e-34,1.0194232852268213e-07,1.3055775415886367e-34,6.832142509956822e-17,3.2686052051043694e-14,6487.978984231194,0.0,0.0,0.0,0.0,0.0,0.0,0.0,3.928149823429076e+21
1446.1524902211206,96012.47170452356,12.012755950458123,12.661878353775007,15.710680690938224,8.227418510633125,8.829073220018254,22014025.547348756,7592738738.278394,14.670097866298224,6348211.260723545,0.4177448837943082,6536487129.291152,132874.78310436936,2172435447736.7695,37649908999.46065,337656.95703986776,6083860402.672557,591532.0263165049,52363206.94799681,10774367.207208904,8470365.564781297,5.8026027089517e-21,685382443.264201,1709.6167965231043,6.4735939128528445e-06,0.0437071967409133,2.1248342840073427e+21,2.0654965516237092e+16,1566578862792954.0,1.63775838114794e+17,6.466744246601214e+16,14810341326.93421,1.1695290390577946e+16,3.077068059701294e+17,462.8175408754813,3.686710266363296e-11,3892439301.3184175,0.0022833865299601,5.85141805271929e-14,3.7649133279508145e-29,538560589548.19727,2302416403.2161975,80851978689.72304,322309969005351.3,5.485063180810523e+17,4.794645393594432e+20,121927.62010627805,7.649882308782989e+18,5.1122985791515584e+17,1.5037295848419812e-34,3.902051585888984e+16,4.7821948158134915e+23,0.0058788309667766,6.5593212873742634e-09,3.63820514578605e-18,4.445105074131106e-18,2.5089903789832395e-32,318.50211916444846,6.821379527044302e-12,496842255.1567848,141872243325.01086,0.0011494338240219,1.2048985237617144e-13,246122.31181067383,5.814132215660048e-14,3.1025745616061976e-30,42116883.50890621,0.0102826093317388,6.901125635315439e-23,0.1106542097689972,2.269640736012149e-15,3.943036223696354e-33,101.02939725035586,165447771.5549472,3.9255125264862695e-11,8.16434130915322e-41,2.1287558421897425e-55,3.63415953245647e-70,9.305320983912736e-16,119772.42106582216,56.230949411458965,1.1965414000138257e-05,1.310127844044838,3.367176312945395e-26,1.0110762909762601e-13,18565468809.9298,13767.583130497658,0.0320592461123424,1.3377421757244406e-08,1.4707062774046588e-13,8.516189387176784e-19,9.790811562416516e-25,2.8779912619876765e-20,0.0060535062184024,3.393696225490375e-20,0.003076186058126,3.6892482143512666e-07,2.3213520907673462e-27,500373399.80326754,89360.17480772684,47754728753.3176,1.8535358437365532e-25,0.1338506898618244,3.900624244528445e-31,1.549881171292038e-05,1432.9818643043411,1.3701999668147912e-29,1.3635149141699368e-10,4.413683235092117e-19,2.305880124182338e-38,4.3065235257294576e-14,1.4086257482717809e-21,2.7991886659428243e-20,2.100507988566417e-33,1.7738880720289586e-10,3.515505592737883e-42,2.930749350749111e-34,1.0194232852268213e-07,1.3055775415886367e-34,6.832142509956822e-17,3.2686052051043694e-14,6487.978984231194,0.0,0.0,0.0,0.0,0.0,0.0,0.0,3.928149823429076e+21
1360.883742894153,34658.917488198465,11.985093547123125,9.897436075422505,7.905877408617651,12.89318828023407,8.049441625843961,167085667.8092263,631905852223822.4,22462.889091390283,9.289851341659538e-06,1121188.096400963,2346780292.4034595,0.0949946738012083,520070838877878.06,6657631115647.173,1513556280442.5986,424788508.79814833,322119.11981243914,2170058859250.37,5298916684607.104,3.443474059540995e+18,0.0929189301246765,136148.98472651013,7592.934366297815,0.0176647057830032,210.34433246155297,1294413363805591.8,20868844001.078777,22362239665694.902,3502101.128608387,4631769.178225081,6.827691484607898e-13,0.912555127299417,22262258.568405073,9.350415962803073,0.0003286869546616,47406915007.427536,259.1940729123857,2.7841825617804803,2.156789865387286e-09,0.0032157090344175,0.4603581948822356,53568.037287022205,0.0014194141675229,1.745094649267156e-15,1.5095325096481786e-06,3.4721131451502934e-08,7.664443738329827e-05,4.0947794731449326e-26,5.824174315377521e-27,2.690876688993068e-11,2.134491965838588e-30,7412196802.8773155,175802760.2842874,1303.048048506221,1607.0886781274778,6.4617722382621e-08,379604546978.5104,54.146888432195695,92794660854288.94,9.580321910670051e+21,907139873012627.6,2584745432504.069,3.309073037154814e+20,241209.68751050296,0.0117809276441828,4.778590622305634e+18,7.164252338570461e+21,173151759805641.66,12122480725.271368,1.8236919399434215,1.3663496199275974e-14,1088756749.9668844,1.6372906484063792e+23,134962411.4855765,8.06984529910525e-15,1.6172879070950994e-25,1.430240130119584e-36,3146820.944743322,982770113.0574852,922825.9529899266,372.6850661450661,281129735.62151414,2.6764037863413337e-15,0.1938382973455036,21586620875.827225,21754.4559306338,0.0701445025996982,5.0014566703311833e-08,8.08450030543479e-13,6.2203841352101634e-18,1.084132590593088e-23,1.7594454771906508e-35,1.3924310368161825e-13,1.391852170441248e-29,4.0105949403350574e-08,5.1511528184942096e-11,4.5529684459283577e-35,5644341.631004403,13347.612157249649,1.4163764360500358e-10,1.9904517049895563e-24,135332.83712073506,7.375012745165818e-26,385633.6671728406,7057553396.1986065,4.6933352186584505e-23,21.265411737331984,0.2618397987310302,4.961413076138119e-36,9.259988590383276e-07,1.7727602300109597e-13,0.0006140854352403,9.882424417791916e-23,648047.970872988,2.1793152280368476e-27,5.75907307252636e-35,0.0027085366468046,1.1362865352304798e-30,2.1858133324359212e-08,7.790621816502118e-18,55159.97391447025,0.0,0.0,0.0,0.0,0.0,0.0,0.0,3.8882532037687593e+21
1850.7296852758104,84019.68878911818,12.003388878122545,10.58840437731524,14.242773453080536,15.89717524513072,13.159621586209814,956817.9307612352,147750370457456.9,89471.31268059832,480590072.1570763,98817906151.6206,2209929683516374.5,412658354.03711414,7.957178586063747e+19,3.964084234271854e+18,12414219759608.342,58943764292.550446,15909631097.878998,10652138901.789549,1399514352076.564,7261216899858.168,1.0635185741637448e-11,1.408414279076892e+16,19342563461.683414,109595515566.5028,103209688795827.6,3.1710580892529935e+18,5.252011203140527e+16,1093930677578.9012,1.0262489838405286e+19,5.943467106750117e+20,1930010355.3325112,827512659986589.9,9.738076642356464e+16,337.2321000271488,1.229358854779777e-11,7030654133218.155,48.10492910819033,7.017877756907642e-10,2.8082849236360233e-18,2.3192537069896732e+16,13068205349141.52,1.9499080735026197e+21,146197973238.48813,7783850936237.883,2.326962370435512e+16,15894263976561.93,55763520809.06156,29174898244.33066,3.613955324313933e-30,2.488367743021034e+21,6585963897199.035,64709677155.89112,46513.30308241471,8.553898040743962e-05,0.0001011145492264,1.6994647437447658e-17,15467698.568716014,1.229423769278543e-05,5487962019455053.0,1.8985103336573236e+16,217616432336.33765,1737934853.2191484,26280676744.006504,3.4161882082595525e-06,6.561595588520993e-20,8935705778599072.0,10223842782544.406,20869.794734477855,1708590773.1792088,0.000928997141381,2.792261159119605e-19,1796145781042950.8,3.236794593837945e+23,28080782.83332872,3.680482523760807e-19,2.232905527430219e-32,3.4153734608961735e-45,194729149286.92343,20113861526.463085,8173684713.199189,0.0542945430616724,69084.97475164202,1.619680846402603e-19,7.196204418109938e-08,1.004855285617978e+18,2507146472635033.0,18622050100106.77,11863712164.639193,337549102.840744,7254078.622694231,19339.775629049356,2.7587045813763857e-08,0.0014940340609063,4.375751008401653e-07,0.0176552727541944,194.04722413570676,9.3202843380442e-08,377016388712.1101,0.8283887270007624,147528.6197673094,2.7537163583176654e-09,20.824073284656933,7.063791245258774e-15,0.0009095396864937,8177446.572677508,3.701779200659407e-11,4.8794443762014305e-05,0.0016672976610674,2.1919868669945382e-14,0.0003482249344849,0.0080488113658795,5.4481418437145135e-12,0.0001026655541793,177657.8328748103,6.007912385001666e-13,1.3902545542302588e-18,1.4331356402038971e-06,3.039700856593082e-20,4.466241958603165e-15,27.732978201532845,1707282.2718947886,0.0,0.0,0.0,0.0,0.0,0.0,0.0,3.7808332740190845e+21
1241.8281753413137,126816.71300947313,12.032076127812642,9.999511569773963,10.976887589863528,13.987634404759197,13.531762699723645,43614.66205291785,4754227447322.036,3652.6005996030726,5.066310396310846e-05,41259.78615024174,127125639419834.72,0.0693997668301784,3.5957327953547668e+16,281277645022416.5,1001887674385110.4,43478872514.13023,64850.786405098,40899177307746.65,388442079672.8776,7.959022725639342e+16,0.0056838238407871,16134835.660244407,11540302.13881576,1.1039300236241265,33142.25667288625,1.043294736995888e+19,1.1075739818675683e+20,2.494239142516721e+18,429220963639333.75,1.1721861866104408e+21,2.995798307083715e-09,4052.408714642375,37694152164.09993,1013762.2533606712,4756.943160572301,816691969439.5948,13798.020934760603,18487.579307521188,5.75546676317936e-10,286.15781664660744,1009506.9123760944,74954533098.87694,846.9659725588688,2.1921796450592594e-08,8.016750808249958,225.75343646763295,3183082.4185857764,2.91349282941743e-16,2.7741829005572682e-19,26.61133295879291,3.1040037678347887e-17,34218797.49831792,9546870.154956011,392.8986804147675,492.0448141470325,3.950238704735653e-08,17587943102.536766,4.474558100400286,7.44705412520043e+17,2.1965713095537025e+19,838575751944.8448,3819694420.213802,7.99598507626895e+18,2984.2133772873963,18476.700586844767,7.323236208898677e+21,2.325709476169467e+18,1450577586.9228494,15118928793.19,4.747319227292288,3.146208788163661e-14,110267794409279.92,6.642375409290971e+23,340295336.6097745,3.2068043745723266e-14,1.4573637341380362e-24,1.531369154772386e-35,702705.8971909774,703428788098675.2,5.871070949085293e+17,662.2441512058232,3319063406745016.5,1.7860184252802307e-15,6602320.352412496,2.2712319512356735e+21,1.0869363290082365e+21,1.720913910124572e+21,8.478182171815333e+20,7.41905410039998e+21,2.624320957325209e+22,2.6013490897333483e+22,3.2141291579623684e-35,6.406052735520219e-16,5.6958385385539334e-30,3.1193739536883616e-11,2.2580352672026935e-08,1.7341435941136271e-34,4550980.287143951,646246.7214874924,5.175504255579444e-09,7.426304523038256e-28,0.5648837513981398,2.372720435530699e-28,23.902239341043057,110112644377.36237,1.1732900333951998e-27,1.826681381269764e-06,0.0009950891214377,4.176389969682478e-39,9.607858240227755e-12,3.8327411115631163e-13,3.3112822795879723e-06,3.9237774491226286e-24,210.44473569390135,4.701660620739869e-28,4.602681603947553e-37,4.362475060267838e-07,3.5143046738155743e-31,1.6417556930621352e-11,2.999950090078724e-13,4906264.045931065,0.0,0.0,0.0,0.0,0.0,0.0,0.0,3.777698195747145e+21
2164.409179546998,86829.84918595947,12.028453835222289,9.443191639188772,11.369532349537858,14.956084716408732,8.166744634984816,2785856067.422016,1.3272518978244062e+17,377156790.7477463,1573827730.5153153,7956219938409.526,22062386256499.42,50645474951.23071,1.3266314655225458e+20,1.1399234897415047e+19,977250169570725.2,16999983426041.867,32470666954895.57,82179104995463.84,3.5485679245502024e+16,2.704343475171737e+18,0.4678074078930812,3148644102928286.5,151702050312.0814,108450011502.7536,37084985833661.61,1.7630952924495478e+18,19639055068936.88,19682644666580.043,420313055310259.7,4593519600017.139,82648392.5588559,142755718535524.78,2.0294511957873008e+17,2371756.5453036968,0.0001303634637095,3.892999746935516e+16,45601948.3441685,1.0908349629576692,9.23425977094016e-06,76960746982493.5,708505054945.0469,6.542763579517e+17,16032276156.917952,1024807654.8132584,30270370638267.93,6014593062.1921,344075140.7573231,82444.92534973119,1.5036685691770533e-18,140839843826342.62,89939.03394138241,206365172894526.6,5567626844.821146,911.7265661058376,1059.0201559692086,4.9399212125921486e-08,1031265842505.794,252.51487056606192,1809170798969073.5,2.4967759560896034e+20,1.6523337210105952e+16,170737783055377.34,1.4349001866643534e+16,2342.8024976751353,3.0517010330468026e-11,7.464354498855229e+16,1.0113388735633877e+19,10928332015745.496,1559372186524.356,219.02486843035857,4.577883511576625e-11,18720830642563.836,2.9010279150795863e+23,25687168539.574497,7.031368837272147e-11,1.0597008606363053e-21,7.85943898068883e-32,9721340048456.074,6548264289.154685,1231957.2701202692,9184.864536082694,583184.021925745,4.7984215484755526e-11,0.0001118279239549,1933304078024.9448,4559373.542552172,31.36582760660143,1.258836732261377e-05,2.9778543419083967e-10,6.466811829603589e-15,1.3491488248094566e-20,1.0920004006184368e-06,3.574609496006742,0.0003612713713179,1125.6743027135055,40536.04445832279,3.4415247676593844e-06,5976957534753.219,22202.292447015225,358524.466750711,0.0002501355693194,21699562.627545353,3.2983068224906365e-08,26419.841176432397,731126582.7349728,0.0002728606567871,15383.084152509064,102920.25032001911,4.219743832879376e-10,69.04902510285795,14.208817705834074,0.0003460035776237,0.0569835621501356,1597460896.028805,3.055235845520748e-08,5.982420936631232e-13,3.679433700889264,1.278975735395819e-13,1.1909345579348823e-06,1.445223044448501,5909586.32090038,0.0,0.0,0.0,0.0,0.0,0.0,0.0,3.762957175642406e+21
1321.3378553272623,86747.46649628566,12.021075043313088,13.796978303148672,15.547824199106566,14.59744864640149,15.591463566566595,10347.190865787465,2319072878.8295636,1.757185195471741,63584.95967249997,12.752842754301858,1829702860860.6975,5861.585270285285,4232975263384846.5,46464653666532.234,3437456903.1546235,16906909689.990726,224458.41134770773,859772774.8139592,45477790.25888111,348010296.1052834,2.414695589146645e-19,77682934458.58888,1323710.6975734655,0.2629617203509523,4178.027368997734,1.1925862408495997e+22,3.265511231208852e+20,6.446674575667542e+16,1.2267071220616528e+20,3.936791699587023e+23,152003546.35607007,3442531307648728.0,1.0489309141317464e+18,30622.62846346992,9.422713687649065e-08,152063333527.254,0.1629155254819128,1.4965935244441934e-10,1.0183430298652539e-26,58352822890911.445,3131113853948.7153,7.320897529316182e+16,201789157989682.62,1.8795156423032852e+16,2.0974592340314715e+20,367370335945.8392,1.9644641531161176e+20,1.2834306262224106e+16,3.186080811034952e-30,3.993690931927613e+22,2.9094073144876013e+22,0.7448164547305838,5.2568292539803165e-06,9.167505135164264e-15,1.1360666377803496e-14,7.809782060102165e-29,338.93332148242786,7.98313945962007e-12,673171315984.5132,409829780325.7812,0.9317512169259102,9.793169754453525e-08,4072101.71017662,3.31861020141707e-13,2.7005285955312046e-24,349082430761.95,89.60666911263374,3.7174018138274647e-16,57.11135624636721,1.4900073529282942e-12,1.4799276361495498e-30,32900230.84146256,257770497499101.4,2.5234340816193836e-05,3.3028838252171237e-35,1.1770579887485475e-49,1.5136262571312155e-64,6.382098562118807e-08,236482651.1523039,414393428.9087274,8.480391517539868e-06,22367.51041952778,6.1817433560702744e-27,2.957912083160753e-09,4.009860043590577e+16,61997221072235.77,309788638367.74243,380838490.4778416,9834970.45687946,114867.21784994016,324.82253308591424,1.0503709997675844e-22,8.523548796261836e-08,8.796650127763428e-22,2.382546698403342e-07,3.960814044749491e-06,1.0898389507943164e-26,552704707.382601,2797.647651835365,5764842.307011407,3.509534372216345e-27,3.897251376091913e-05,3.5138456292491166e-32,3.5562190223658374e-08,5946.729214040822,6.008981665756038e-31,3.0758231745555505e-14,3.747570785041971e-17,2.129412927731214e-38,6.690529016562902e-16,1.2170807857459857e-18,5.939155146737894e-20,4.5036541927797306e-29,4.3741023705259833e-08,2.3206444957508237e-37,2.1584266753824066e-36,1.992345542689365e-11,1.8385053411929449e-35,3.584729506000287e-20,6.701181634709032e-12,4735.239862619824,0.0,0.0,0.0,0.0,0.0,0.0,0.0,3.74992846485484e+21
2154.440240428314,77446.41551030945,12.00771042548094,9.437223065802105,11.321983442651993,14.92208206274997,8.154173669286678,2760679714.0811443,1.2189246201989683e+17,334942562.588375,1285118317.718576,6671300950915.546,20285624059709.824,41411107704.35804,1.1526629915674898e+20,9.75840487433514e+18,852204645681653.6,15143735659624.354,27185378733973.85,73973618008962.42,3.0658821283401652e+16,2.399912707496417e+18,0.3753754733275761,2614491637918490.0,127437467064.86526,81701371943.83543,28719336946923.4,1.685168384305763e+18,18568430128819.74,19072986139703.477,378671059222458.5,4238320081149.658,64062955.50858129,117744917681145.05,1.728463621563785e+17,2013476.8750778984,0.0001126450779389,3.267055608043823e+16,37074149.93666462,0.9017166473798583,6.785969348137693e-06,60437020444778.37,574977310131.2368,5.168012376424823e+17,13501993254.798204,784598943.7935679,24086499079542.848,4453134264.369384,294634181.59059614,59073.13366853657,1.0334879037480357e-18,100226624057076.34,62841.03471539608,173033310412991.97,4714837369.309254,761.454262184855,884.9000317122438,3.946563827723101e-08,939103232937.3848,219.25061520483845,1671697881768150.2,2.356240480280115e+20,1.4046746847609036e+16,136174469643997.2,1.36398964521883e+16,2043.3167370732408,2.7097684647323685e-11,6.9805649572790616e+16,8.860295195936036e+18,8424686092635.584,1364618643043.994,183.6416326484088,3.5786986172938914e-11,16248594144320.604,2.5993793391477857e+23,21236536762.775936,5.172449238036538e-11,7.474271219525935e-22,5.221006546693691e-32,7373755878628.857,6104649660.05408,1148084.3342306418,8223.707024906957,554651.7657014106,3.9066817843361046e-11,0.0001028356638957,1819986713883.9888,4207131.918674584,28.383595780973817,1.1290273393498994e-05,2.62691237324614e-10,5.580493324957288e-15,1.1470795325426015e-20,6.757902377198351e-07,3.0051737521812996,0.0002275145523219,957.0889742542068,29549.47374719043,2.016494222644024e-06,5446351761449.458,21728.51735079591,306804.5563508062,0.0001642907321651,20261232.53244366,2.1696068236728185e-08,25123.33221354026,714968513.5668973,0.0001757128251486,13585.57031747608,77111.07726904731,2.4717233473381927e-10,57.66682223766709,9.907370965587784,0.0003069401106748,0.0347503380257671,1371978553.4424586,1.8361383998558348e-08,3.798636351042243e-13,3.3811140795743815,8.509867361145558e-14,1.0750684055126626e-06,1.0304620254230443,5709648.95104183,0.0,0.0,0.0,0.0,0.0,0.0,0.0,3.5572956367632555e+21
1482.9776907629996,48121.64561004639,12.011613723903045,9.213518761937875,13.321344236157158,8.081732825478525,11.051912210657983,148234978.47452837,2056166391748.023,2.1704015326913435,15118694.375800893,18.052377948509935,2850403151956.97,42508490.21333588,4438135728016277.0,86726433087983.6,37860464.02565548,55492285895.410835,21314551293.046974,59408907284.1805,40884177659511.27,3505848407707794.0,1.722914266099331e-14,14901444068.243156,1902.716007833607,0.0031879547228793,17.19474577016336,8.1205109787668e+19,1.879656195625644e+17,3008202230055.12,3.9164320906974085e+19,2.7870511071575236e+21,24901391055.40884,1.6147220480180854e+18,4.42961491510016e+21,21996.271377817757,4.8198747221740275e-12,1.1611884833193777e+18,49320.4161695706,3.5551583304601202e-09,1.9145819727993308e-18,8430641376195.231,1571146141.8181572,12523367412749.371,15601665226721.39,4.767736974159897e+17,4.231528319644888e+22,830677.7399244044,8411695879768746.0,3.435612372394334e+17,8.850719034416647e-27,2.960707523856693e+18,1.8111931361345667e+23,34.64929095983619,2.0177242953039924e-06,7.024938497639661e-17,8.551013412410832e-17,3.887511076685465e-32,5260.694750330942,9.315547185411358e-12,28381760820906.887,4218990080015001.0,824.7790735187732,1.4941263920271688e-06,391855365.6831508,1.0386279099700572e-11,3.3235992555510046e-28,296452833234606.25,784137.7836446572,2.0507877967990002e-11,0.1926305177652837,3.1443624192013924e-16,5.369583225496554e-35,731492.1228219321,43920860178.77363,1.1157393162564982e-09,1.884446207945946e-41,3.842158787953861e-57,5.992749251843045e-73,9.714598374403064e-12,2648222.065935137,274688.85477396124,9.399108754043098e-08,1.3928796398348413,3.199142685059934e-29,7.914470787343581e-15,1477342585737474.0,282178552112.7568,168059474.79741603,16500.48242921172,45.307590517015385,0.0682205038049027,1.9351334695832137e-05,9.970484990355992e-20,0.0726347297444648,1.3924520986102617e-17,4.668120952602733,2.6326198007820416e-06,1.3006622946193757e-25,32939645136.194813,1015.3528414467498,231357665427.5049,1.1631629019696377e-22,202.2450210124544,1.3757569782276317e-29,0.0011524784285341,335614378.888195,1.3677175524617274e-24,4.370987668524229e-05,1.0116754173792604e-13,2.7884399964331327e-36,1.2246484635629956e-11,2.388709551174104e-21,1.5699137807579508e-20,1.9196259874622394e-30,4.2130954729335234e-07,2.028264160759873e-40,1.0069170776922262e-34,7.306380985527678e-08,1.7494246035956437e-36,3.200753633106211e-18,1.725557184189991e-11,12116678.048373966,0.0,0.0,0.0,0.0,0.0,0.0,0.0,3.486852393629605e+21
2275.2055997772886,52015.348352565576,12.021539829330315,13.18894845646993,15.955348329682115,14.519456764047195,14.994600442024309,663967631.5366429,9872303182761.14,262506557.87150025,26053829133603.316,20332339946.43684,6.8325655648624296e+16,25117842629.720062,1.391683318914914e+16,1397882324574534.8,19708736545.48548,683383445181.9152,381435740.5225519,90005834.71998781,9100742.978061384,15910.845870400984,3.161940822182934e-16,1.7507579934561908e+16,149220185831.45685,673242603.5889136,172275333138.5352,1.1112789348625904e+21,1.7798003476722625e+19,2146722276706732.8,3.1659063222406354e+21,3.4525304403741815e+22,4646378697722923.0,1.2692558699595613e+17,3915168161758403.0,1880.3042291631295,3.429329042910526e-09,810446.6689988569,0.0002651230128964,2.1121028089697177e-13,2.856790337919743e-26,1.5127272531866668e+18,1965986604063844.0,4.850390326984243e+18,7.52810552048509e+16,1.287298878964714e+20,7.671955253703662e+19,34503801287159.375,5.325969045460697e+17,4.094399335319568e+19,1.4462177624887457e-33,1.2090254418284825e+22,1.1441093804817033e+23,16023044.470673691,77.81482609672925,2.9475810471484196e-06,3.406228987193664e-06,5.094103341346501e-17,16740490.093624773,0.0013525084733376,161581208684639.62,423544173747.235,33721.514801972226,0.2735106976443991,4504326.797895806,3.638230683765369e-07,2.0100598279855732e-19,178545631784.18808,457.12286119294896,2.3152398284853958e-11,507539529.4730992,0.0223475800560611,1.952155227186929e-15,42612564607062.83,1.4771402396272842e+17,6100.255429489254,2.2787265895094618e-18,1.0699324619008513e-29,2.9780192473161758e-40,11465.52967240116,3502654270407.8555,847393539313.1499,1171.681415590716,50503735.60226945,3.326535701015102e-12,0.0027592613838616,5.986300847437555e+18,2.233890820148953e+16,241930914669704.12,136714905745.81976,4936253155.7318535,173371105.99896127,542057.0998918168,1.546597521163108,9415.929094889256,0.0129326934220646,79.82881085995977,62205.84033456322,0.0034723608325974,2700676401325.2466,471413.06434066367,1538158920300.1191,2.930879513441976e-06,293.12665467499323,7.595072541020086e-11,0.0587816210067874,7760336.633504111,1.19611668797769e-10,1.1347316750862032e-05,5.562016553957915e-08,2.1752818414009212e-10,0.0397852936816198,0.2336339828183787,4.215717346989214e-09,7.70268446523645e-06,274.67787671759027,9.628925301493322e-13,6.57699010618386e-11,0.3864928418075573,1.7164007371815977e-12,3.0133434386566185e-08,300820.0683229861,2348757719.693418,0.0,0.0,0.0,0.0,0.0,0.0,0.0,3.480585469943187e+21
1502.9741243094863,36581.65749972615,12.015202867398775,15.67121711045082,19.118634215317908,13.827882392085968,15.039878428661552,236929.8874528132,4546013.192464617,15.461922824384194,26174113.56791845,30.021144620538188,443631590554.7974,112.811314613671,7214039861.303884,150095007.92884976,261.1881125152699,443865.30218622007,0.0790830058379953,0.6997903204386241,0.0002047701465854,2.4142954039814362e-08,3.364000231511854e-36,19043007694.872604,9952.015983502835,0.0048355528251628,23.1957017564127,3.137899355430233e+20,8.243526410893138e+16,47116172284567.445,4.899664986351209e+18,3.4213018829796565e+19,39544673262.63151,3039744514182.617,11199529290.816282,1.051216596553852e-06,3.957129779296056e-21,7.416353427570315e-06,1.5453308058853613e-18,1.9368502252791073e-30,9.408942490637333e-52,9987157649502.057,7003456629.505491,11423275594803.424,75072689110511.75,5.900626280941806e+17,6.935051406447557e+16,3152749.044536425,1.192387908882426e+17,4.091908322416071e+17,5.758397539144305e-59,2.252761773340326e+18,1.7593393993693408e+23,8.902811529481685e-05,2.1431903608724507e-11,3.397398916535107e-21,4.127383792215429e-21,9.732220140168278e-36,0.0521509572881513,4.855137148128089e-16,6682642.758521513,12868.379889475696,3.085706166481288e-09,5.760277196604166e-18,0.0050065628317557,8.18402536518444e-22,4.87632614657012e-38,102.28203961258583,3.979252930264424e-12,2.1552986774714512e-34,1.156594406755281,9.72967068461488e-15,9.563353662273892e-33,114869.7537959589,43833743598.152214,6.701625581972123e-09,3.423367521817059e-39,3.5651056494792167e-54,3.0801914005727407e-69,1.5353969711802964e-11,1678219.3626863484,18995.265648645905,2.7927927020179077e-06,3.496150355724163,6.096708244511365e-27,9.831092717758516e-14,22703346350601.7,512718729.9772344,35976.05516818735,0.398386963364816,0.0001272864407455,2.2776950863090088e-08,7.469949386739323e-13,3.5592362119308123e-16,0.000172658777286,7.134108788071595e-20,1.64769614344189e-08,3.140406621224259e-08,4.6210546010338925e-22,44294593.35052525,23.747134234245895,376724113.7352665,6.76317195215181e-25,6.475750802907456e-07,3.436858213644271e-31,1.4791012700856993e-11,0.0974011997109346,1.3316268941732898e-32,2.724176419006583e-19,3.482973656270765e-27,1.3458452622474e-32,3.215054424746336e-14,2.398272575723051e-17,5.949694145412434e-22,6.1961340652910454e-27,7.793531688454858e-10,2.9898610437697143e-36,1.888592971562497e-30,7.001772819420572e-10,1.164817197423078e-31,1.4261856160245738e-19,5.030916008825571e-09,2378.5476766982365,0.0,0.0,0.0,0.0,0.0,0.0,0.0,3.379311807262795e+21
1303.9283808352125,37400.26965203889,12.002348582529756,9.855093898539993,7.920108504974985,12.952620578240348,8.076936864716382,52684260.83625348,261840110930713.75,3261.365205823058,5.272219887756724e-07,193350.98502368512,853990348.7444208,0.0082934751623787,280034401642361.84,2864215719800.528,757222145551.5087,117050909.66931808,60100.3900273736,1063121411395.606,2398308352393.1006,3.5407665611335946e+18,0.0163797747090737,24388.2875283361,1442.9390003299152,0.0018334664205245,33.26130125913661,678408264153366.1,12403534457.425316,12872943128435.863,1127032.4797087144,2845277.1291132313,2.1389237600342125e-14,0.1104733655567863,6673205.819779966,2.051295173161875,7.385944458051667e-05,25967481534.63872,78.76242492242532,0.8381827733311339,2.874554289123118e-10,0.0003077948603543,0.0629809122579563,13957.072970631927,0.0001383334955811,5.385272190881805e-17,1.209185679651825e-07,3.6804199208454733e-09,1.0434321609335865e-05,5.9329045549594205e-28,3.3621542126764343e-28,2.2202602013264154e-12,2.6087912655957797e-32,1908958524.4686172,46208488.35445081,248.14348108880824,308.182744852418,5.633599966177859e-09,119622052660.05176,7.372455491014852,54395388824322.36,8.884434803304666e+21,431695467891715.5,1181460176034.6829,2.9804332420824695e+20,53136.1466019273,0.0035604570180487,5.064419161264419e+18,8.134320361489627e+21,110677562527340.38,3456604086.283448,0.2413490209448955,5.671658902819647e-16,408959204.2334978,1.867910140544116e+23,41129504.169663824,3.3324302966312515e-16,3.2159385022563616e-27,1.0208062990609695e-38,742728.1922381533,384924892.4721722,470222.7025814574,53.41674237032604,131067220.31084688,8.147898529132805e-17,0.0485884222113926,14595759711.766464,14378.832340471406,0.0459970353028794,3.8018603702315536e-08,6.37411188525996e-13,4.721118884728794e-18,8.728954721959766e-24,4.476519914584561e-38,4.2586682528005175e-15,6.887110344981111e-32,2.100573300661156e-09,2.031310394783058e-12,1.256476775316766e-37,1410610.753115834,3060.419151512696,6.7887367539409786e-12,1.548587720656821e-26,24968.353975485978,5.086386829250552e-28,80802.36656721373,3264231420.2857156,4.0964782801487926e-25,2.570249160976607,0.0287987610452791,1.1291791049857703e-38,5.223301602899665e-08,4.793062776493003e-15,6.594006522215944e-05,1.0105614256915211e-24,136243.83830342104,1.5984585007283434e-29,1.5636129780326911e-37,0.0002280149214581,5.418871810098734e-33,1.2321928723682551e-09,1.7908491150425202e-19,14652.660155739884,0.0,0.0,0.0,0.0,0.0,0.0,0.0,3.230239616586692e+21
1209.7558550575857,21897.801413436136,12.004814125342971,6.480013138715498,14.248722622370572,10.250980592603405,12.339438105143612,168213.88769413496,1741619756.6417572,8.566851119833279e-09,1120.9883003023306,0.0014343738497163,11359274684.025747,1346.5867626974534,262217186455829.97,1766828687056.8113,58.976992025789606,15348.926931321235,1372871.6094899704,13947.002316777583,9765257400.526031,2274522472604.59,3.623108346190502e-30,85844744.43029404,0.0005420139092917,4.582551645244812e-07,0.0182165481671019,8573936242779629.0,17373084029240.287,18514.9429874618,5.274619373779812e+18,3.8874290592426345e+21,6666565.532454101,1.4600734516199634e+16,1.6366575771806787e+20,2.57949800815276e-07,8.841448241613544e-32,2296085419505861.5,0.0002224425528872,2.141041373962183e-26,1.9789009285846508e-35,150194600277.56616,5696.3497886888845,8584279683411.889,34026911.98696595,7198305313711603.0,3.273227100741755e+21,18.04635159538459,202561824.4573462,8676036989264944.0,8.818405510239739e-51,3.1729452386095698e+19,1.2343991061705352e+23,0.0010222488474039,2.450150238361595e-15,6.906242181728043e-31,8.689253691505297e-31,3.504611634663775e-52,4.544618109678601e-05,5.608820209411135e-26,60144713978.26936,9046857493290.455,0.0248089390182657,1.2336320591629428e-11,27.34448264639445,3.393881108627401e-26,3.2756458670300795e-51,577503455688.7677,80.82869976134876,2.5449731063746098e-18,6.219000821286234e-09,9.936366338767353e-30,2.5860471353360347e-55,1126.8081892384591,9081564024.819782,1.6412187549834222e-17,2.943985854622839e-62,6.991149749729105e-84,3.153044052021648e-106,3.781327583229527e-16,0.5591623861638827,0.0974651433016673,1.304364600859404e-20,2.511821261652963e-11,1.064748636206226e-49,2.8062393007025796e-31,53686869445581.23,4438600813.231603,1227265.4141169104,117.0957372753475,0.1843192717633411,0.0001116356125412,2.0203672235136533e-08,1.0887562244203508e-29,7.782125627190387e-08,1.9766652585287262e-27,3.5595336822884782e-06,2.6429124438608663e-16,6.944614066226239e-36,250218329.97808653,2.15219580566525e-08,126504882.18412843,2.3345200279869338e-33,0.001000600951755,5.827151951610285e-45,3.8991889394332594e-13,62803.93303828755,2.6221792482950084e-36,1.6088648759469e-12,6.681699045062437e-26,9.855053591570231e-49,1.3155735373081153e-18,3.971313444947187e-33,4.996490232572246e-35,2.815667581640236e-40,7.738950844987296e-12,2.2963815993314004e-55,9.238420855958697e-51,5.897483265765039e-18,8.688422702982585e-56,1.4401968429379405e-33,5.1540471736925655e-19,2945.0275772122905,0.0,0.0,0.0,0.0,0.0,0.0,0.0,3.1229304097312227e+21
1423.528656959514,107293.48488396984,12.01792917367339,10.39620078251761,12.463949357733144,11.653093603064232,7.878946450765901,2335942.1298293015,6489688606043.154,65.48490582006323,1990142.6885447856,861.9340075634856,74661628763.38269,55772814.25744939,6.398174101719255e+18,1.0268442711000768e+17,8375419663355.028,32702348416975.63,372091444681.448,395898173131960.56,1.060425085994144e+16,1.2754018935799912e+19,3.557936300257512e-07,1199215271741.7302,26347423.235610615,35.34905428702514,275577.1131018755,1.2322982528614656e+22,2.0162085873062075e+18,8.098254438958738e+16,1.501292804406876e+18,1.192473278036741e+19,3170071933.2514935,4.593031831473699e+18,1.9031461872533152e+23,19155926014.22839,0.1147288471423698,3.949917040688397e+21,16347067832.650166,31.06722679338432,2.339062557217981e-09,635544471583097.9,26518612752036.97,5.058657070472383e+17,878263219509439.0,9.782741636259342e+16,1.3694561096177624e+23,4046482258993.357,1.687556733172641e+20,5.8773071457942216e+16,3.6523744773264953e-13,1.151334866868796e+23,4.336937771548496e+22,16081.609570887664,0.1560640071762132,6.691369160561973e-10,8.194946050308316e-10,3.048212056833735e-23,2142572.154513415,2.9732972408792025e-07,7720943327371.236,1.846806648616689e+17,4483239.555658863,1.7438763673652151,2741173118615.712,3.451466974396585e-06,2.4665022752712503e-19,926094798995315.8,62388475607.9888,0.0014936734549727,2343.488535014298,3.191644182382843e-10,3.216966524532452e-27,4392249.925728551,2454988887031511.5,0.0031993278608139,2.502347682535849e-31,4.382603843248375e-45,4.548094668108899e-59,3.0274813661708507e-05,12120660.662407037,100459.40135257252,0.0004594433900053,1215.320637419041,6.567621140757399e-24,6.54634381263328e-10,4230871281283.292,50213589.358964406,1880.0119618619929,0.0133045506456837,2.3878385576409463e-06,2.1998801734708992e-10,4.1610637420467106e-15,1.9747262099763606e-20,0.000242338996196,3.3791490060387363e-17,0.1712938875535544,0.0064560305018936,6.1653869582072856e-24,154865929626.66946,532116.0326584796,1866303991.1064703,2.5738953578726993e-22,13.68537090667204,4.492211496287387e-27,0.0143078654791679,3243509.2142497674,2.28638518243963e-23,1.393239975154734e-05,1.7516218554702266e-08,6.850695022331876e-35,9.563919269449211e-12,8.439567923484157e-17,5.782107631530877e-16,3.930733248659933e-26,0.0002327522828015,5.0669480572738974e-34,2.122539327522974e-33,5.9585779670023066e-08,9.9084685055126e-33,3.0072264586779763e-16,9.190418059700625e-13,10500.212280399552,0.0,0.0,0.0,0.0,0.0,0.0,0.0,3.096407006168147e+21
1731.831752315143,49591.64569737343,12.005952932256962,16.220377053800938,17.149577421149054,17.988339746300994,16.40521943834167,8755.97225913305,220187338959.9075,11568669.360861022,62207496.779644385,9050315641.73417,1415385518810501.0,360155.15643309616,3.922379664531914e+17,1.5084085736934678e+16,66836456665516.54,232175326241.6709,137301.55851445894,332846022.3757905,137558.70110367215,7522.356887583509,1.9987817157255952e-15,4779895761896301.0,8283465557286.176,13576535937.407171,20699826787179.49,6.425159200998926e+21,2.47540722874675e+20,2.9095726459853737e+18,2.022785891882489e+19,4.974804838016294e+21,444486240.2065289,3706859112092.897,5050149002322.087,16993.823861937653,0.0008943759676826,12273.9962239428,5.0074030162828177e-05,9.98130038212504e-10,2.2138956065758662e-26,1.327327353913889e+16,1.3456221872027158e+16,2.440728214810487e+21,147081808418801.78,6303711504220.214,235341038017812.6,2.9085858132556652e+16,3.4168830213020275e+17,33750656660.612892,1.8328912359479008e-31,1.0047835327872786e+22,21857318311328.07,38818095.95758583,33979.82415123691,0.0507485410992803,0.0604811910997557,4.817110242286231e-12,20216154.04307492,0.0072299845638789,25101426506830.508,296551624309.701,1090297.7361012178,5698.621859562576,475420420.6615901,1.431976103382801e-05,1.1160660711595372e-12,331884115610.469,571056.8486379972,1.6658853594880324e-06,334995554537.63116,89.02584793565659,8.22180624620187e-12,828222896120274.9,1.8324240439688212e+23,4068800651.2807226,7.428346611336839e-12,2.2614154580483104e-22,1.253561624501099e-32,12163342546.643251,16742617878840.268,18769080419891.74,8265.953429655456,83488035866.89543,4.870957899011499e-12,50.05038740383986,2.6883723867449795e+18,1.3236460718793656e+16,196217793880766.84,299123229094.87604,17878980132.360615,737748277.8893583,4247399.0548451925,2.770316854410065e-09,3.3698703107219433e-06,3.9015445634429855e-10,3.114305714756267e-07,2255.647230414537,7.118687213673808e-09,6715485888.754494,27279.346244446297,1984.1322920396844,1.1641605860457053e-12,0.0004340850312959,3.1202155034168608e-15,2.643998992434106e-05,1031.4014211253557,7.320306182182306e-17,2.551449802786879e-12,3.048490309667266e-07,3.788492089409161e-16,3.122923399357995e-07,2.9149566507767073,1.45909423131041e-08,6.9986749045670894e-06,506.6357069724153,3.2814646154230133e-11,5.076452172798353e-17,3.5170665989948833e-06,2.5484477687191548e-15,8.227547171406725e-12,20.506523092352428,27094.51836842778,0.0,0.0,0.0,0.0,0.0,0.0,0.0,2.996240543636975e+21
1325.6430528306637,76036.78474594922,12.01620495128001,13.84040510812588,15.53479657665521,14.611127872017509,15.570705153487568,10701.787542396558,2475324319.2313085,2.153496801419863,71682.36399808431,15.66848885856172,1896996547860.1704,6379.191119914427,4303818937871128.0,48061162452562.016,3715656498.3334594,17813079963.106304,229957.30114877693,864840077.7214934,43436532.87131223,311438872.8830201,2.7642097015057954e-19,86123869291.6869,1544420.676377962,0.3264350885309346,5021.940263277562,1.1988606094310887e+22,3.1196254319774564e+20,6.801980457318197e+16,1.161862682043658e+20,3.4049574753585935e+23,162297536.61209038,3306694948534233.0,9.378237067095068e+17,31338.239922097426,1.075717577737402e-07,129235541919.41364,0.15312860870785,1.5731734211280826e-10,1.0729019518919071e-26,61423148861726.94,3390276068937.5625,7.664632925558456e+16,208810587401574.0,1.8182368863495908e+16,1.8818704651710435e+20,394196809251.79034,1.8956532324679624e+20,1.1905362921040868e+16,3.2755983172970176e-30,3.739439366133112e+22,2.4743766975436156e+22,0.8854213993454749,6.596189304491632e-06,1.2464599015325086e-14,1.5438291022406733e-14,1.1917620973684475e-28,390.5613224848651,1.0370535128870808e-11,671388652231.0308,410345741217.6106,1.0543845879959723,1.1937716327585958e-07,4320021.90305549,4.1456932047906323e-13,3.531134606924323e-24,331969245231.2154,94.65314067856492,4.3965199256593284e-16,71.37865346577195,2.087884773732981e-12,2.3958323874044096e-30,36542231.864494994,294295952373369.1,3.369639149951322e-05,5.744373752558183e-35,2.2886887381553397e-49,3.365307369169802e-64,8.828121594064939e-08,257743049.71365124,424729271.7303679,1.0998152603226944e-05,25430.55210332898,9.542916938321336e-27,3.728216585380075e-09,3.80430346102969e+16,56537039994791.77,271234727093.7729,316346738.90975237,7816928.146967766,87857.69179185736,237.31301859060832,1.5863327391454358e-22,9.538950881338169e-08,1.259696364045407e-21,2.553045922316016e-07,5.115037897234362e-06,1.7566072326341074e-26,565561744.163051,2998.9753902399316,5641152.882701174,5.364200432977453e-27,4.1903252416719107e-05,5.730560117794807e-32,4.0031169393094055e-08,5718.4438592924225,9.083382880434128e-31,3.4082495208079933e-14,4.921548704546279e-17,3.848950255710251e-38,8.478291961424059e-16,1.924189732809233e-18,8.006743472551798e-20,7.791911014040011e-29,5.3820621534623384e-08,4.353896359980009e-37,3.789103643459813e-36,2.4103511215969653e-11,3.267980983957251e-35,4.727766535753164e-20,9.066249438768067e-12,4761.657791480339,0.0,0.0,0.0,0.0,0.0,0.0,0.0,2.991886276705005e+21
2750.197177029463,53777.43276751808,11.97147038568339,14.128761555772204,16.64446454236275,16.195644194273054,12.760826443495112,3792788398.1073585,47618430610098.48,95830446628.09184,2082938142027477.5,19153875626947.5,1.2240851945290888e+16,458170319171.7264,5.445843493589236e+16,9237481304146136.0,373345307398.749,3251219832322.969,713065744.1009774,71570248.92463659,1339450.8817000173,219.52510127729417,4.369434687862509e-15,1.42284055549547e+18,44687111975488.445,3224545332519.7734,311542060206287.9,1.8068336474158649e+21,4.030695594424567e+17,1.2024160803510028e+16,7.087754625841144e+19,3.137089941822011e+18,1.436596049646115e+17,1.0468088331421693e+17,250839050914739.5,3565.32781434051,1.0890848405808841e-07,5057.975443521876,2.8661221986208897e-05,3.2279815286229593e-13,3.1137393985524775e-26,5.51473728769376e+19,1.1852336659846418e+17,2.6912666368934904e+20,6.877537306378566e+17,3.708226972969938e+20,1.2431055975467686e+19,6066694652107650.0,9.277480982064714e+17,7.93421460598122e+19,1.822557208029211e-33,1.0524193032563753e+23,3.3690406085288908e+22,3581839557.513954,67477.07118788704,0.023378879430318,0.0265382197564807,1.0903296626996685e-11,592212721.3553087,1.4429825846840123,5760260130155.364,183484204136.60095,1104201.0630823963,161.78848903968944,8277402.804266497,7.939585161435206e-05,6.7563328733490874e-18,996555288.474414,1240.1099338495906,2.685490084944576e-09,572666280205.2751,637.3537764084683,3.7611652707778525e-09,108517240450544.62,2.4137615847946703e+19,97336516.73872398,7.043485038074448e-11,8.369025886480807e-21,1.0731863210331914e-29,1309384297.8235326,2110930612539.0156,4781541537.275215,1756455.484965255,82640430.2612651,8.069438667757042e-07,0.0832996481097409,4308009796465151.0,306948585442.2137,62417912.23288015,452.395534484394,0.2764913667724855,0.0002018125485337,9.990293855734922e-09,584303.5986417369,1069754.892791932,623.585752438629,1386.183123614437,92607244.27665216,16881.46127966328,31980290944542.125,7301515.967542097,5649577103684.139,0.5244882920024827,3127.1434059483818,7.023153728342119e-05,1.779036664071073,142190.38768440837,1.0345305697288648e-05,0.0002094878917591,2.8893311433426132e-05,0.017509734887615,171.95209629416922,210483.99346742616,6.467914343230849e-05,273.5310331438008,806140.8897389887,0.0003200705833953,0.0008988850781024,167.08258902040276,2.4356450853017994e-05,0.0001344212120836,112888683.43715791,288059657.65811574,0.0,0.0,0.0,0.0,0.0,0.0,0.0,2.9915488256387375e+21
1289.9189458692354,64732.49171011772,11.999313408255343,4.145046715154904,11.42372181038236,3.547612552743232,10.566283609266604,12590624.874312548,64769146898622.74,2.220904072616447e-06,1.794679724628073,0.0065742531475924,17217880173002.1,9815.69526966097,28516861790344.19,275172319740.0281,85.019258771276,209769.544576194,26933287237.5118,687827323.3380604,4.205848560222889e+17,2.3888662059559943e+23,8.83486725372787e-16,6002.416041062749,4.0533354745057636e-07,2.1020005916831677e-11,4.253887064786272e-07,4620002044698.631,2288194455556.1113,100.96114274686104,1.577544628488782e+17,1.2349568794104447e+22,0.4473200376515256,1020260628598.4274,2.4249044818971394e+19,8.68537896034268e-06,3.974464584970826e-28,1.0666841324058466e+22,31208.107940071983,4.187288821967944e-16,9.99622021936301e-18,461.63712979668486,0.0001164654995626,1456.7288816027738,4.365297611537172,8039.533256072538,7189756386851.58,2.451175738359731e-12,0.0028934657714732,0.5220551279441134,6.111265488219635e-40,8.83842351890795,157.46931882465407,22.39310266745698,6.123723924052288e-10,3.3996186838594654e-24,4.229813452871883e-24,7.082982843061983e-44,30.965780124621837,1.7250477743333757e-18,3.8587556994546995e+17,8.420793210942116e+20,1846398.6535981237,0.0002683674653751,31501618554.74676,4.3800621591145865e-15,1.0551379144316404e-35,1.3025971714751048e+22,13556512688568.842,0.0026521164702285,1.504726119609878e-07,9.674841772251472e-27,1.8915752448855305e-50,446071.1889462069,556408122.5174268,9.776455490082939e-17,5.95612892519208e-58,5.3452428178677745e-78,1.4617262970898451e-98,7.889592925510557e-17,8888.864003286435,304767.1627718602,4.073805157187188e-17,3.558777656683085e-06,4.671839239556159e-44,1.262278025314505e-24,9.05908530225168e+18,2.325889949748655e+17,1.9468150773532964e+16,438386439552275.25,194545255364823.03,37410640930977.766,1841556751598.0315,2.1123134926267367e-31,3.979715293044433e-09,1.2007293073493029e-25,0.0007015244982241,6.82058064410964e-15,3.249143438551652e-38,121990.41515036151,6.091447057885071e-09,51.093490438452065,4.236480644709547e-27,1613.5679332909108,1.515322615983012e-37,6.063936516805271e-06,7016335756489.192,3.590034092350741e-26,0.0462783242339439,1.7015420074908529e-12,3.874973545214045e-46,4.2830668364703606e-16,3.5128015755911167e-31,8.06974350064265e-31,2.7479848458640007e-39,8.433566634726616e-11,4.482052702510585e-53,1.1763571391768247e-46,4.3443227623267675e-14,5.301980558505575e-51,2.377406848691281e-28,5.470727244320459e-15,87745328.21151932,0.0,0.0,0.0,0.0,0.0,0.0,0.0,2.9872230561761974e+21
2300.555670415506,49643.00025846679,11.98650140782992,8.192078065496334,10.33885459834805,16.196421049550313,15.367323702907251,9947167952.9873,8833489396507890.0,428312595.8337007,189518.7932529624,25917651790702.395,3.708276752084962e+18,134453.44387379446,55555980658708.77,5770846472840.68,97344951.1059046,3757762.530720137,1428258.2177595354,356885.461549272,23426721.059317444,28461347.984093446,1.1044247212634737e-12,104906789126.72186,1086803.073453087,4304251.244951518,1034845267.0903162,7057125876281.58,5203164074535.943,16493148.09020125,827253661527144.1,3.8389933135047354e+17,0.174854276121724,3063.771005542596,64890.845047259645,4.8741940461590606e-08,1.330126382599269e-19,7.568900345498645,3.3206814526370102e-09,3.953154000936187e-18,3.0514152063023356e-25,47311.70435603871,71.1573821369696,128145862.02665032,2.9301406050853056,2.289867741721416e-05,0.0092145756116142,6.049663348942704e-06,1.1458007209930217e-07,3.895794401304285e-14,5.911896791381819e-49,8.561298349178955e-06,5.301636185675114e-19,15073701282670.34,89300484.92964225,4.356104059091248,5.02831583021922,1.0388824178964171e-10,19041961697.95474,2.1383991116415513,6.399881555201452e+18,2.629283805017443e+17,22695787477797.78,182080553785.69095,3431127883096.795,0.4203353269413726,1.559290087357414e-11,5.080086272075292e+18,212168945912067.75,9075447.932835348,732482533768.9875,44.335709111715175,5.665088324784291e-12,2.2548005459400248e+18,1.3860162668314071e+23,8572493905.641564,6.494532566717178e-12,4.187716386611628e-23,1.6654309209110992e-33,13433415313223.725,229834506789567.1,2498176138898005.5,2341.0039865978197,3951434000.445947,1.0285360656641916e-11,0.2907638599366931,1.382781033194667e+22,2.4246295543480226e+21,1.2325307550785523e+21,3.1914193100790354e+19,5.372802889683502e+19,8.910238462873425e+19,1.293753735765122e+19,1.437747985964013e-09,0.0009402202726679,8.528291172387021e-09,0.0057289297715518,0.0367478917976576,3.126294623318832e-09,192200524.3716377,0.05191287555211,0.000678325317265,0.0003822178277223,3704188.6882689614,1.2311185132788144e-08,888.7856961908286,3960474233651.515,1.204121943712427e-05,120.07908753957548,3.6575707755388303,4.2622612224952376e-08,750.3723366752743,38.47105176830755,0.0001079268032411,1.178747258627729,4159998432.6050634,1.900726512530837e-07,1.564946400035981e-11,8.55814151690351,4.581879008796316e-13,8.665717097074321e-07,1980897.7361179895,1670645043149.2996,0.0,0.0,0.0,0.0,0.0,0.0,0.0,2.987221948055339e+21
2237.906835139348,25928.66813498661,11.9985784566787,8.69379059700484,14.447695488349998,14.657467194997682,7.977710624451478,350355828.6332613,6339229690494038.0,574250.9829287214,757319967714.8849,8248756116542.069,11833382832041.367,630239928635.8597,3.187757739093178e+20,3.04335750781475e+19,1501030411418.7637,75533059003.07227,8919131218599.111,8855942228.70321,203620016264397.6,335147750257608.8,5.0928649771921265e-11,3.9966423934365696e+17,11635816050.660467,8162200282487.52,2295249063229142.5,1.8198336787167376e+17,647750401709.8466,1209409858.744845,2.9755375019231684e+16,81224329353932.1,6574241340207.247,1.9084507296566816e+17,5.643551711533481e+18,28.97839825516509,6.049853829806602e-16,819745036905433.2,789.4190400498811,7.201995731540199e-12,1.4618983260350878e-16,1.6588132196502728e+18,7928629939268.676,4.0217358846703535e+21,464504654243.3322,1.0162270376648836e+16,5.950667429919354e+18,4382576675991.925,664228711.1680377,149656618148653.06,2.148775579355664e-31,2.3711064680632964e+22,2.2308686288823284e+16,5586261148917.686,92156.47555337026,1.0926684672050258e-05,1.2648116013633672e-05,5.323866552787663e-19,34301701.57944265,7.72784313440434e-06,24460402069055.637,2.5660956458174342e+17,10590390977100.54,51160068217.61536,9187770104.227474,1.813624291067936e-06,2.649036704524659e-27,24197958415622.28,136720765387958.6,2843599.9932288225,782928569.6161208,9.774896682957013e-05,2.2043877209646108e-20,4491715757006.194,5.5790160944213134e+22,5739489.057649497,1.5489657156857698e-20,2.0658079037895584e-34,1.5377241649207683e-47,1813186817933.6104,2088682.3504740817,116.48885269280495,0.0086563270032811,0.1058935332474665,5.825665263432721e-20,1.6921327152414282e-14,259407228431.57233,208553.47939937355,0.4874056909057713,6.163989885830378e-08,4.851288763126132e-13,3.644296543781079e-18,2.4986666532679694e-24,0.0319092012868657,164.78794747056,0.243456205318141,1249.3142174825553,6345.977276864518,0.0440452019812594,46202169117978.04,0.1497657307039337,1664568824.3688483,0.0010950239759108,108555.12188319847,9.368873047138927e-11,0.0761311851052551,778130.0704600881,3.588362667334613e-05,2.9834085297662014,0.079124964646284,4.7376058631765247e-08,8.675884089794426,0.3036779243312434,1.2190164023763238e-11,1.4280821525709728,48889885.37728086,5.57369814619356e-10,8.364006251644893e-14,0.0005179127554906,8.415066461975663e-18,1.247630247008035e-13,40.00215012559205,262688.74519445846,0.0,0.0,0.0,0.0,0.0,0.0,0.0,2.985333695575882e+21
2107.070325595529,49268.80028005321,12.014491405807732,7.436573770650637,11.432394011257324,10.142275593494263,10.647333555490418,15593835443.92886,6.252879397668922e+17,89106483.97735268,8146811551.911954,353004972756.0158,7.253662124865331e+16,2054577098743.8003,9.618739904055746e+20,7.57361478410338e+19,3438533404674664.5,542104903033778.6,1.1767888287928904e+16,2.1665830329637012e+16,1.203056002319576e+20,8.345245157061776e+22,1800.4174951156324,2248986955872799.5,55110546664.35688,5465513548.692223,2198181401188.9705,1.0941469090340868e+19,6.162591494510692e+17,62912855680930.26,2.090033064355219e+19,1.416457999622763e+21,5370282294.121223,1.0392902167993149e+17,1.387435006131901e+21,3585773482.5673604,0.0493520233047115,1.475071793621686e+22,6810921840748.841,40486.81392623903,21.84088669745817,675232445926399.4,3581206851214.8506,7.428954799271003e+17,806165423875.9851,1055584759676.7308,3.038905326468679e+17,37790581142.2884,154564752156.99118,981160149.7077188,1.5736969602665468e-10,2.5183101746155796e+16,15742286577.12679,71167131760000.03,966710772.172434,69.3181386809246,80.74640527339942,1.374202631680593e-09,2195026814241.7417,192.9262367377904,4.760105235464627e+19,1.0730184266187266e+22,4.8040123278394904e+16,42656545615893.555,3.056419201200491e+17,14288.145832695607,2.515157465410226e-07,1.638771519382629e+22,2.7290314498325968e+20,135159121150421.2,42246170673.303696,2.1914341213204076,1.44139875567624e-13,5482181346568579.0,2.377296314919861e+21,62295986.02621907,1.9361587702267256e-14,1.0825710796246348e-25,2.680915727773195e-36,3740134858.1966,11090760914752.152,11218988219622.318,1081.3398580123685,527681414.35502225,1.5342052918295297e-12,0.0394334849249415,3.933961989614389e+19,4.444809107274123e+17,1.4693131428408822e+16,30153278564872.76,3487331771819.3506,358621193685.8239,3694726295.234486,1.875870803468614e-07,129.62441602283516,0.0005346465182708,338938.56075062073,67364.79209875499,5.359737792535565e-08,43517694106966.06,443860.2904621445,246025084.02140492,2.7804674335992448e-05,665052549.4621406,1.7566258870634251e-09,428126.6959987911,158383403628065.66,0.0002099606718144,2641971.507181267,712293.5427610305,3.84738176395192e-13,17.660849147074924,0.0171461714411553,2.8468557619254783e-05,8.232955450566482e-06,60220242.707258955,1.924189755059081e-12,3.329831545199043e-15,6.271508589203899,4.451182251597967e-16,8.682812465166592e-07,180.44816335083607,153454805293.1486,0.0,0.0,0.0,0.0,0.0,0.0,0.0,2.8937468596688383e+21
1319.8752194410686,82496.89338427274,11.99788755935155,13.833534521979855,15.54621897781575,14.61611198086236,15.562713534704894,10023.158814134054,2019805704.972629,1.7587830193885623,61433.74819667391,11.812874749323104,1694015001116.58,5104.450178049333,3749051776721065.0,40912100217756.69,3198705278.9571247,15971109628.46766,177697.4108656296,734816857.1758606,32839370.969110016,228819906.09181347,1.6801502801183951e-19,75009521919.14076,1347573.072747575,0.242766578060283,3899.836939947682,1.2854699357318622e+22,3.357099368292476e+20,7.332803219261368e+16,1.1789468153412074e+20,3.658016054693396e+23,150582834.85879534,3148722340024776.0,8.755648180160052e+17,28095.641794601775,9.585985832115688e-08,102422335771.3934,0.1137479767721282,1.1576579437833036e-10,5.8185188565081736e-27,57724084349692.26,3291114636485.1943,7.209755777320299e+16,216768566615683.75,1.9382324446687324e+16,1.976389973236059e+20,387407034092.2838,2.3337100298743225e+20,1.3513647954722488e+16,2.1404626022877837e-30,4.139162940345247e+22,3.1760618169790913e+22,0.6213577371335116,4.618943529264693e-06,8.408345521974992e-15,1.0421788820990414e-14,7.388052548548041e-29,308.5282608650671,7.483889167869567e-12,562426127282.2024,324887136029.24817,0.7039681980853217,7.168312416023561e-08,3395545.941224535,2.807788026575324e-13,2.4269012214845283e-24,263986624170.53857,61.724235022685264,2.180369178528069e-16,56.42494571039486,1.5188758962432005e-12,1.5406914261354536e-30,29565867.535517745,243285928582447.72,2.4221099582935614e-05,3.3343138537956266e-35,1.2272070794948262e-49,1.6173664657308865e-64,5.606183131394176e-08,230921809.5128302,387324522.2278728,8.932198748796914e-06,23097.03354667317,6.582170040330797e-27,3.163585306800382e-09,3.5867915223752464e+16,52686955142540.61,250218829300.77588,293552075.7379517,7213490.816843039,80011.15176729289,215.41905912415297,9.373209312444436e-23,8.089681441881565e-08,7.118754316432332e-22,2.043834101585925e-07,3.5622234351947294e-06,9.452045963280536e-27,537447611.2792859,3101.3675503803647,5765111.05883957,2.7596963985118177e-27,3.317763336832819e-05,2.899477552083534e-32,3.197508852829328e-08,4929.45734511204,4.223880771094786e-31,2.3080390907077332e-14,2.640577590950212e-17,1.7645112795942212e-38,6.008986275006429e-16,1.1325597651921133e-18,6.011193621490444e-20,3.7642187098893283e-29,3.9432487049196095e-08,2.024164145827088e-37,1.950305557261374e-36,1.9626732815737808e-11,1.774664623318583e-35,3.678608132204942e-20,5.7819192908382466e-12,4340.90810752174,0.0,0.0,0.0,0.0,0.0,0.0,0.0,2.8503800282259967e+21
1467.7182282340875,75886.4457920006,12.000269723216988,9.549486735648529,10.910849351941533,7.1705100510801865,12.139903175862644,13491699.290329568,990262491438526.8,1669069.8659695794,22.17705335470787,97175.6658312616,5256601404960426.0,39982.11258098912,4.904936402797907e+16,912639550059807.6,482348128732903.4,78615246134420.23,13813629243.273638,5.568701182257608e+16,1.8764678200713856e+16,1.123310842254365e+21,5147.047271971724,221974807.21016183,33615142.854946315,0.3327525696730136,1967.039738865657,2.268723037717853e+20,1.2396918713337549e+21,1.0043637445974096e+19,1.9296053852254106e+17,3.6320636647384424e+22,0.0880216860294905,4474278848.230971,8727623843088112.0,55471759047.29828,16762574.00926634,8.889732215650324e+17,38870165096.77796,3828408560.1675935,0.5021268889220267,300189.37436014245,70850395.52562207,4381704945.671744,82731094.97152765,4.612434470137904,294277693.2457105,766.5816139238038,154084829288.92624,7.716561767577896e-06,1.9916059133501925e-08,6057.4692665243665,1.074698625300466e-05,118858149.71229434,8144479.92920048,309.43356613072274,377.2280162109179,1.690323093241486e-07,2797663853018.735,4831.096487870341,3.390791553331231e+19,1.4146486570340057e+21,1888509580244.6797,26771495.025590073,1.530135923337218e+20,3491403.3548037717,377062.44570250704,2.3524693790010355e+23,1.2667861844801636e+18,134543718.4967511,1356269065.3862135,2.192854670072881,3.4025576313705537e-13,10730805302207.334,2.8224608689484687e+18,62915.41108322559,9.418993625307126e-16,1.9157420512996592e-25,2.7974315868461047e-35,3.491996845217588,5815094484249291.0,1.468193071648959e+18,84460.69547962997,3721450293561104.0,2.4001028962981086e-11,21620018.71191967,7.170293383875958e+21,3.131195174649678e+21,4.2757414518035e+21,9.9586768394065e+20,6.330713195338685e+21,2.170803002550765e+22,1.4327114419444136e+22,6.328804820256997e-25,1.0917746536876316e-08,5.966545936512728e-20,0.0004611733620956,0.0207896257113441,6.638126430894996e-27,61899810.96891557,325310340.18933856,0.1052769664534834,2.004408126832432e-19,9573.569490456355,2.7066946258302416e-20,65756.64250709268,44696591857794.016,1.410494850460058e-18,1.1008535602991578,124.17262073148888,4.972675357324032e-32,6.057295003106435e-09,8.572512002686031e-11,1.2267053541981585e-05,3.7552405382034147e-22,2.19448402629368,4.319633599980294e-26,2.7682356701648334e-28,0.005850484647975,6.374433618025004e-24,2.7510924962725856e-07,1.4842640712987866e-07,2446770071.615327,0.0,0.0,0.0,0.0,0.0,0.0,0.0,2.836345064558906e+21
2214.9746963725984,96800.69472231437,12.01618709669767,12.984045964570369,5.444914877626657,11.91073339765292,11.446163631472164,104428081.648026,3910957973079552.0,2.646891897926241e+18,1.9808349235914e-07,3942540648357.0215,20697465629.018944,1.2260785877572465e-07,49.474505120466425,4.574131507282791,1398942.1157339558,105388.8710192698,1.3544550552603157e-06,9371.48570528188,2.454499129124648e-05,3.1743200317833065e-05,0.0001377702738083,0.0758324569493956,13486.3160120384,8.775832003524281e-07,0.0002619381341448,398768162659.4699,2906.694886703567,1.6261730099716816e+16,2.0193060927330036e-05,1.216873209374191e-10,6.229187578168579e-25,1.533748350797397e-20,3.6047148944100754e-19,6.531281478198856e-11,0.0502702981130868,2.788870113119115e-23,1.4935410079782485e-22,5.020547420498746e-11,7.28954423092939e-29,1.13078683156875e-19,3.458490005765909e-12,1.9419068087656307e-16,3.13706961843659e-13,3.801764606790881e-40,1.796156378027264e-37,4.445399016831347e-31,1.1230281695993065e-21,1.9656310333048703e-60,5.410271930542503e-55,1.501110728979498e-52,1.1247801136385892e-76,1980175844877.9192,1.988376180105401e+17,1.3628433600914132e+20,1.5792197271359593e+20,3.5931771824939065e+19,1.2381191419006693e+20,1.4989176081024254e+20,32071798217.884884,1.245466590927634e+17,2868297982320.6357,8441544195.135106,2.6989493909151696e+22,2.634112008441087e+19,2.9759961055358773e+21,24148536706.69055,29306454414389.81,239672.39290512496,2.445678314621767e+21,1.658199770637564e+21,1.9141221674765944e+18,4851578269.802748,2.1536476646912712e+22,1.108794466584518e+19,8.2488677811928e+17,5.981758510234444e+16,2.3302360252300356e+16,341350386150.7572,2.2426586320538464e+16,2620965347.547497,2.419639865129921e+23,7.073197610110905e+21,7.897292069139974e+18,6.259713726145022e+21,1001263.2137526526,0.0016163665279957,7.593184984179639e-12,1.975034563529083e-21,3.1444314428694463e-29,4.72165927450017e-37,6.57353280335061e-46,1.5062891542782754e-20,1.3960561425530134e-17,8.85201449111923e-20,8.047560417500752e-17,0.0188641696744125,1.2922261631571622e-20,3.260192392485091e-06,625767.6296026558,5.941764217281563e-29,0.0010754235817359,21110.62081330277,550.0469424207774,91779510531.36015,350.91656126716185,2.504126363776793e-05,0.3814143497814665,338612574307.34485,3.425893783494525e-08,1.2502254976717608,1907907271982.213,71052308620808.08,0.788257890417184,5236578.95057605,1775.575041154578,0.6133616119664201,781675415.3168116,406854809.3054584,1079530272133.137,0.1326979437393674,155.54640487333606,0.0,0.0,0.0,0.0,0.0,0.0,0.0,2.8302449620398847e+21
2323.8730366302284,108217.72106763064,12.018605694827308,13.809214464032827,12.609511671689868,7.429334472868204,13.358673658144436,1293489227.9722135,5464089139183921.0,1.7444128124416092e+18,72.95434973653258,2935061941.0315695,19983914470796.965,26.849154701685883,775350.1453158163,83009.84453576234,4313208150.693035,2014828170737.6997,141.3466057379174,97471569509.70367,1131.195941855323,677.1080098517707,329.6380849476365,3086.7401400950043,99915875.31755169,1.222049138617566e-05,0.0027777605991949,6.300090436749782e+18,21586529372235.844,4.5814391779540595e+22,1183484.0741516508,2377.8263808941674,1.90642894526556e-08,0.0001531263623864,0.0015807746997149,12195.44877912295,328661912463.9601,5.1426997479836995e-08,7.703067060288252e-08,903.883565095176,7.511540151727163e-15,3.9747297475768787e-07,1.7867977466768556,8.417940456021786e-08,863.1866791445531,6.518750243923415e-16,1.2589174519777004e-13,3.6910682486848014e-15,26.597340321204612,3.237704694767983e-28,1.1065049526267216e-26,4.518140993703406e-28,1.181952478475622e-36,887802167.9145246,16486752155252.104,2647123796930234.0,3052542789479388.5,221142538270686.4,3.831640374850293e+19,1.5170878032184596e+19,17756856847950.223,8.000498853582528e+16,676035611.3825132,488.84284114711903,3.289953462941928e+21,1.537206390781438e+18,2.557423808667371e+21,7154866039245.158,3092330208.82601,0.0070710251897494,2.4311433360800346e+17,5.136615288839517e+16,24230319893888.26,1080969416.4246302,1084114910804266.0,252850511689.4211,2487595311.7831535,55947323.26931232,8041532.516620001,11.681956591866244,3.8512419985908285e+18,190301081779714.4,2.998864209805703e+22,2.0333343840561343e+23,5.116924067093947e+17,5.127724849205845e+22,322644480049.72064,267797.9732626699,0.6437752936102833,7.713733141389793e-08,6.104599926786127e-13,4.813606801397697e-18,3.2736328185728834e-24,7.64030106266984e-12,4.349497926315504e-08,2.2744564230169902e-11,1.3455974688064333e-07,232646.04294496015,1.4691653731965289e-15,0.5965036425551291,18015553667205.3,7.707437502372584e-12,0.0036738856833319,282483.53556255886,377.23042855151425,208779922717.1891,1247144.4554805066,6.268391019104854e-05,5.33672215887729,23251984027.85984,7.868809238480372e-11,0.0109250559667345,159154291.868485,14212716929.881628,1.585430105533833e-07,4.524278603354335,8.427232834000588e-05,0.990932994102237,4145688736.144918,84335158.19511983,1392171222598.8396,140.63242987697006,1037688.4179691446,0.0,0.0,0.0,0.0,0.0,0.0,0.0,2.742138825933639e+21
1997.606954001528,88356.78009693143,11.975398794127267,9.153934290928664,8.95796127364128,6.122996927543183,12.737312995909566,7351250353.646057,1.1131236339247587e+17,104534604517.72215,83239.04785772714,503489809.99217814,1.3459244513093647e+18,10723954.701401286,128068962470749.8,8415022532850.837,2384755689506.5938,39938986789333.74,41113067770.04587,911595986026110.6,309758444728464.44,1.4973751668535184e+17,23469.30627263011,343040423.5164904,48295946.17586054,3.111389549045602,1751.2876962525077,3.7771466180264253e+18,9.64912071906975e+18,1.281404190853054e+17,3.643624232033704e+16,1.7081830014900516e+20,3.507254302013673,72688201.98717053,721443173011.8323,44167716.369352914,18762.088798717767,1619302594313.5327,2536911.980148153,454141.5553395411,0.0029756113305043,6305.077771485486,247960.85987886577,90815.37297229492,7212118.719900185,0.0713229589248437,16378.2622434138,0.0012592902563408,1018707.0633122136,3.584960895766254e-09,3.422839146116255e-15,1.2607433507438991e-05,5.111504113038534e-12,50935004461.897835,3889254869.005372,1175825.251399112,1377707.8961260675,0.067773688583319,1753077363149388.8,430376918.9922046,4.707855582877042e+20,1.334300585251168e+21,20423628519573.953,101805617.94205876,2.0669461683350752e+20,16917054687.074469,476612204.9014428,9.428168550321295e+22,8.415027378274157e+16,53991277.0041858,504373869854.1472,77489.612379614,1.0855584236202748e-05,613900054032557.2,9.247256241870984e+16,4544350.259974218,8.480526745201618e-09,1.4208243968496878e-16,8.456143122331505e-24,234.03357328911417,1.2124265238298895e+18,6.304268310232135e+19,6976670760.107681,3.666133099954952e+17,0.0155249831537715,90761241990.20876,5.01993465391925e+22,2.298877362482879e+22,3.100166759808541e+22,2.9504784333553874e+21,1.4428513778951678e+22,5.877625235487928e+22,2.6130629129183464e+22,1.2541881471561948e-13,0.0009900674487802,2.2193497398585551e-10,1.4845503284063182,826.6761418985686,2.244425112473969e-16,10771036.620314231,533845049.6592649,0.280680690331666,1.59963427967379e-07,75917202.10765855,5.121234038859749e-08,303533369.50234437,1630397966382100.8,4.77406141049856e-07,76990.86660643188,25526690.541228022,1.3325649100921413e-17,0.0125791818490018,0.0246201742132239,1.0482362542832575,5.667775126322037e-12,733.6259684563927,5.532531103754825e-15,1.2584876612979624e-13,5843.4419421214525,1.4790256877996327e-10,3.2443126650403333,289.575168734682,2726910257442.0244,0.0,0.0,0.0,0.0,0.0,0.0,0.0,2.704978444899829e+21
1675.7193585617997,41110.71728397753,11.991957182782778,7.75189278578986,12.166216499993435,13.165976851826448,7.864893986288976,3257148.3100863006,2541103397846780.5,846.7960051279669,13766866.847433666,2814526312.442361,3660496619473.222,2021980646.739665,5.87729810471523e+21,1.974747451862735e+20,223198646202068.8,608254991794.0331,23865327848551.305,24090353246525.586,7.973364487247745e+17,1.3968680323515362e+21,6.911744685045161e-06,1891371456496273.5,788255123.8209401,3440819909.782512,6746783977176.11,1.2684699630551002e+18,248167932791903.6,141037759864.23654,6.041520176520963e+16,1.0325535498640414e+17,85401471.21054822,3.140314596498818e+16,1.4399145650936477e+21,216261.91770183013,6.250385837684832e-10,1.926199812526343e+21,1278780034.672214,0.0013593433519751,3.044339852897971e-08,4440731251816161.0,1300971466263.309,1.3297331701072475e+21,12986603904.036936,1498232943845.9578,1.9518844882386117e+18,2646176195092.201,10605268238.250431,6231437234.937941,1.2499640002750535e-20,4.17787711286583e+21,4500055509867.12,301480328475.2996,62250.17368564484,1.7770665446522746e-05,2.126864868418396e-05,2.4452465196809823e-19,46324368.582501754,2.326363936811481e-06,1696122200302497.8,1.0917431316548964e+20,240120142190812.28,1089958399585.2952,40193224126187.35,0.00012034866385,2.8868700979728725e-21,6.26852073034009e+17,4.148480360242203e+18,148308952125.51907,32952424.227310523,1.283776464956664e-06,1.366030517795592e-23,1952542479391.4077,1.5927553305109523e+23,370372.9772725629,1.0973066255529088e-23,4.972874331454628e-38,3.457648206450304e-52,3632005724.639826,10562268.517038677,65633.08564577761,0.0001401691912352,13.617734727513836,7.552738982346848e-24,1.3039954265339938e-12,47835697834501.82,1096968968.8083909,76222.19937061913,0.5985471637323745,0.0001722345061536,3.2662982024843755e-08,9.182304271832653e-13,1.2533484525935541e-13,0.0003871648284399,5.166172099059675e-10,0.978015241115584,2.4252807166094934,3.021899581269618e-13,2449818802461.956,0.5739853248932136,371623.7682129953,1.6258015192021389e-12,2318.9691456171954,9.480962921555205e-19,0.0357138804645645,45864215.2288422,2.143551830096609e-12,0.2065592896769991,0.1884466921647072,1.152832225825063e-20,3.733153685562962e-05,9.211601985715305e-08,1.3972412262151297e-13,4.711012521251506e-10,119726.82566074395,4.192857542098755e-19,4.485929560449923e-25,1.397186324331361e-07,7.387872625801286e-27,5.988982177787784e-17,1.3336954645278471e-05,43697.15964676424,0.0,0.0,0.0,0.0,0.0,0.0,0.0,2.601130726365473e+21
1523.566226516846,33377.613302335034,12.012159618335676,11.062836521914052,12.774616439018567,17.7407054308829,15.751114378558135,4300058.407953474,3725845243921.884,584716.5721687463,0.1149932357861161,94780950.81757872,3880429127449729.5,0.2814148354901178,20878978879781.74,462589841436.6996,17011981464.65512,17680437.294858284,102.1352246097602,15204148.277649412,132195.92098225758,7936104.76410677,8.82633140016875e-13,117025019.22106951,1327304.0574568256,66.91999474782826,285428.82896855206,1.6290044301208896e+16,2.728370940554236e+16,52570024356068.414,87269903739844.72,3.3576803947994696e+18,4.038562030206131e-07,13.623404109813553,24964.737201246237,0.0012457518229114,2.2649727773661435e-09,5.730619218582128,3.1074988368052195e-08,1.9045690711096656e-11,2.1617180507693924e-25,144.20428020233956,2017.064575206129,240712892.60791144,12.309814181743365,1.189505024021014e-08,0.0006854446491206,0.0037158333974286,0.7735890001773021,2.012620549809739e-17,3.163171808714321e-41,0.0002543592922863,1.7882048218772263e-20,160849594.85763443,848734.3566410699,3.249051930027753,3.9394521233600943,2.5561359046017275e-10,1016210797.2129534,0.2638789402198917,3.275222092445181e+16,5387559552495589.0,3006374578.3344355,10968960.87505511,46551965610334.79,0.2490910481982363,4.364187857079678e-05,2.720561481912141e+17,1947384903619.0544,153.5818205089195,69874989902.7733,16.07076755572129,4.82510920802681e-13,1922472871581222.5,1.572963595471386e+23,768167617.096928,3.3412535036696053e-13,9.429962137185881e-24,2.394663709972655e-34,165672865.94228715,316886662822665.3,2.19808804755042e+16,2335.5448337244634,13862647080963.203,1.7357184962173685e-13,10233.847027855858,1.1009213060014353e+21,1.6513106248465305e+20,7.668672079722984e+19,5.379976055494602e+18,1.123594398959792e+19,1.342392236137075e+19,2.8593295539588557e+18,2.8483431200933856e-25,1.1819264672825596e-11,3.034467913505438e-23,6.201575056203924e-10,1.6468466405852941e-07,6.979534006707638e-25,3248237.696906992,449.03159381826146,4.473394581742563e-08,1.2884980414851356e-19,8.723482460451581,1.4915961387093805e-21,4.233651229631174,6674121735.830907,1.5738415300951245e-21,2.647330541377121e-06,2.8544002832279607e-06,1.090268075076506e-26,1.8189510699782751e-06,2.1391838230902394e-07,1.3654881590124903e-05,6.359463480287217e-15,58866.1961460911,7.43327656160698e-20,1.662048243495871e-26,0.000404168628534,1.9286194205669937e-23,2.0300508098768635e-09,7.280379208545478e-06,297717177.6408144,0.0,0.0,0.0,0.0,0.0,0.0,0.0,2.5884818360464284e+21
1523.566226516846,33377.613302335034,12.012159618335676,11.062836521914052,12.774616439018567,17.7407054308829,15.751114378558135,4300058.407953474,3725845243921.884,584716.5721687463,0.1149932357861161,94780950.81757872,3880429127449729.5,0.2814148354901178,20878978879781.74,462589841436.6996,17011981464.65512,17680437.294858284,102.1352246097602,15204148.277649412,132195.92098225758,7936104.76410677,8.82633140016875e-13,117025019.22106951,1327304.0574568256,66.91999474782826,285428.82896855206,1.6290044301208896e+16,2.728370940554236e+16,52570024356068.414,87269903739844.72,3.3576803947994696e+18,4.038562030206131e-07,13.623404109813553,24964.737201246237,0.0012457518229114,2.2649727773661435e-09,5.730619218582128,3.1074988368052195e-08,1.9045690711096656e-11,2.1617180507693924e-25,144.20428020233956,2017.064575206129,240712892.60791144,12.309814181743365,1.189505024021014e-08,0.0006854446491206,0.0037158333974286,0.7735890001773021,2.012620549809739e-17,3.163171808714321e-41,0.0002543592922863,1.7882048218772263e-20,160849594.85763443,848734.3566410699,3.249051930027753,3.9394521233600943,2.5561359046017275e-10,1016210797.2129534,0.2638789402198917,3.275222092445181e+16,5387559552495589.0,3006374578.3344355,10968960.87505511,46551965610334.79,0.2490910481982363,4.364187857079678e-05,2.720561481912141e+17,1947384903619.0544,153.5818205089195,69874989902.7733,16.07076755572129,4.82510920802681e-13,1922472871581222.5,1.572963595471386e+23,768167617.096928,3.3412535036696053e-13,9.429962137185881e-24,2.394663709972655e-34,165672865.94228715,316886662822665.3,2.19808804755042e+16,2335.5448337244634,13862647080963.203,1.7357184962173685e-13,10233.847027855858,1.1009213060014353e+21,1.6513106248465305e+20,7.668672079722984e+19,5.379976055494602e+18,1.123594398959792e+19,1.342392236137075e+19,2.8593295539588557e+18,2.8483431200933856e-25,1.1819264672825596e-11,3.034467913505438e-23,6.201575056203924e-10,1.6468466405852941e-07,6.979534006707638e-25,3248237.696906992,449.03159381826146,4.473394581742563e-08,1.2884980414851356e-19,8.723482460451581,1.4915961387093805e-21,4.233651229631174,6674121735.830907,1.5738415300951245e-21,2.647330541377121e-06,2.8544002832279607e-06,1.090268075076506e-26,1.8189510699782751e-06,2.1391838230902394e-07,1.3654881590124903e-05,6.359463480287217e-15,58866.1961460911,7.43327656160698e-20,1.662048243495871e-26,0.000404168628534,1.9286194205669937e-23,2.0300508098768635e-09,7.280379208545478e-06,297717177.6408144,0.0,0.0,0.0,0.0,0.0,0.0,0.0,2.5884818360464284e+21
2817.253344933954,131353.40453189932,11.994622552500196,8.737837268120337,13.166989865742837,14.498340315420071,14.895817439631507,211080500439.6189,4.5213229330759264e+17,91089847864.0362,646408644689.1427,2255125943871562.0,7.574978372882796e+19,955447307059.7744,5.150775914496843e+18,9.271338625734504e+17,20547541898885.03,2825341491494.684,9111841900465.57,403809158523.3125,101921088936711.9,101561604786756.38,0.0010368087945422,2.390439230257377e+16,423808032390.73425,4661847490997.339,403245399452981.25,1.7465155706289715e+17,1.8092711954784006e+17,651771044660.245,6.523617811871901e+19,1.164875127642057e+22,7545974111.191596,28960368517940.742,412934527657840.2,1997.067709469745,1.99613349320854e-08,404045628347.1612,1543.4889478548057,5.409103486738888e-06,6.578452909468478e-11,159689855415977.84,175736418809.5987,4.423817268387206e+16,15312048721.685629,2799394914.7081637,532932686117.5457,103343864.55532122,1571772.176410925,108486.1868091046,3.256993516407413e-26,500254144481.33936,7023.30277635384,2843838033567126.0,30397813681.814697,6599.111567499318,7475.15670542626,2.1808303295314803e-06,3426094771373.7183,5989.56886888323,2.355832450487159e+20,1.051182483144988e+19,5599992226708137.0,61753616693485.64,271746400074069.28,2187.354294749315,2.689339120128349e-07,2.62415632681047e+20,3.767778294154033e+16,53953902553.4224,33429901997328.902,26148.643728387095,1.2149009197970565e-07,4.907730135697741e+19,1.2565284855905064e+23,415976455731.7043,1.687475917763989e-07,1.4130441879876712e-17,1.362387099935788e-26,778670343779054.1,7290558410638754.0,7.310525176744838e+16,953164.6646522398,155506259194.25305,3.802960754570666e-07,106.36905954419476,1.072152257199078e+23,3.674378589882575e+22,3.586405932315603e+22,1.1938770066983693e+21,3.461502297140791e+21,1.2285787951587232e+22,2.8612725364031325e+21,10.465011758996186,15715.95570235106,70.17784757333752,130116.97633222053,3411428.939366498,21.864184732229536,19589380102424.93,20175.247945745577,10582653.025742844,363.5747239811898,1477527900.308957,0.0285140846872899,459578.7042672026,244218560125945.4,52.503245478391506,837997.3845818827,315956.4449896316,0.1655241969694117,1094779.4848039297,578987.0770924173,0.1123996027661769,127288.60864882635,265192947441.85928,0.0935144263981351,6.244265664842058e-05,7359.559365559348,8.25401137462484e-07,0.0037541828088823,36750720266.641045,77588892813630.16,0.0,0.0,0.0,0.0,0.0,0.0,0.0,2.570910751495839e+21
1303.0646413059096,55814.57943363871,11.980863858739747,15.11055764564063,10.839195761148533,15.37411938407733,17.10587228205451,7356.826479445272,282984223634.6219,34952370.07369125,3.337860067558677e-10,59421.27594698065,494075245133361.3,5.79376756573411e-09,63626655.31326769,648469.9188731876,1898889738.847843,920147.5751521514,4.657064767885329e-05,9242986.277540434,2.065491812648722,3385.69777253202,1.8597124753866606e-09,4.968765629665625,3251.468673006293,1.170249007441306e-07,0.002137186074181,4915950782963284.0,5.29454535366506e+16,1.0322789867262816e+18,431163341.6376003,646514815909993.4,8.887808951417683e-21,5.139774788703125e-11,3.451822665976194e-06,0.0001289180657304,0.5669790369371904,1.6287909657228482e-08,5.408278515791838e-13,7.026500142341025e-07,2.585717790504076e-26,4.1137332608937064e-11,9.353953754085762e-05,0.0005988903854115,6.466822906332076e-07,1.4822127674126806e-26,3.702938214389523e-20,1.1398265823303289e-15,3.590036255704585e-07,1.0690389633920791e-40,1.5996475219373814e-42,4.1065839304322857e-26,3.106071386004013e-48,647047.9708284262,173123423.97171777,10220634.65277258,12694957.537231218,2.5324720202093105,1422341289568.3174,955844.4764859934,3.4751037513578004e+16,1.0658151714466896e+16,161929971.56554225,139953.17607628636,3.9489506084795233e+18,7607872.782536542,36776315181485.69,3.57928476386575e+18,3390322090631.8755,15.831093764843647,11831935985459.69,9018344.003527634,0.0002299192979518,74804086207556.73,1.8691043241603635e+22,44535795309.55367,4.2685493762183974e-05,4.4994671921939475e-12,1.552765249396428e-19,22906.761207909734,2.463625679936054e+18,1.776682278297438e+21,6324382975.795655,9.294931511044238e+21,0.0001040126115253,3.770283976025846e+16,5.0133073172561e+21,2.9024450816760024e+21,5.457797777355352e+21,2.658283809498922e+21,2.621669127196578e+22,1.1408901642856107e+23,1.2412772598149874e+23,1.897227961330994e-37,3.796955222365753e-22,3.232789495292356e-34,2.0700440135915722e-19,1.0888026172499516e-10,1.6849237265698803e-37,0.0410869205182729,34395.78586609936,4.038790031101696e-22,1.1050445350388023e-25,0.003788695256407,4.0029007288379585e-23,135.75277130570785,295454555.23653716,3.2094704203917484e-27,4.245747850875688e-10,0.0028442042017463,2.278512534770469e-35,2.242813568724511e-12,1.1114129834213326e-07,0.3492470961467106,6.598917104832913e-22,1.8875604921341465,1.1473191857069404e-22,1.1063599903097845e-29,0.0003445328874218,4.274668111986186e-21,2.044281767847485e-05,6.973673790429521e-10,1199584.331924145,0.0,0.0,0.0,0.0,0.0,0.0,0.0,2.5255542378778256e+21
1219.9976237945857,16031.78842148288,11.983988626462851,7.893695426268149,12.190553173342591,7.326771889001649,8.768829439626314,3634032.195089169,70186340189.61914,2.8899765526257452e-05,998.6020677224144,0.0014272598150183,1903425983.193483,36399.60790113277,3253047560008985.5,23008633742389.305,1651545.560322841,719132863.5807668,1048885331.5375904,19214338626.0012,205139092927232.72,1.3325687612100367e+18,1.532227833992384e-17,40581919.05798619,0.5617723705051058,1.65735773310987e-07,0.0060136144106659,1.0497876047239356e+19,2784853862635443.5,49332990495.49301,4.347520096593549e+17,3.748190014128605e+19,3233914.2023714543,1.7607715620969888e+17,5.40087308195853e+22,448.86517437760506,7.553140167161306e-16,7.377587156986775e+20,180295.20210749767,8.564238048661401e-11,4.717047884565978e-20,38904383685.30225,3034357.9518224467,1217778550590.3987,28680233664.91342,1678820304444083.8,2.06775520105288e+22,3304.8727558056153,168868300266711.66,1139394452744126.8,2.8444317551627946e-29,1.322145692113414e+18,8.049971117455132e+21,0.0310699060427759,1.6472700690399268e-10,1.1055334933330652e-22,1.3888549329177597e-22,1.4750951184025283e-40,4.319575321033717,1.4199676887669788e-17,302825091565.44464,1.0204774492809966e+16,21.99390442710463,7.50168236732888e-09,68990503.21523082,2.5784791496034684e-16,1.54247928977239e-35,85201845820053.64,1977200.407508768,1.5952539484954057e-12,1.2335929028211524e-05,5.1688942947584584e-23,3.837722615005801e-45,127.5762655892216,4086782953.1714177,2.181763662242151e-14,2.9746275346915037e-52,1.8364725483451636e-70,2.2956010714586012e-89,1.6260873042348671e-16,204.9230362944148,4.541725822357964,9.805742723990689e-14,1.9693460090993606e-05,2.4852550771799576e-39,5.587624718166562e-22,1059274028906.8264,11843406.74011312,441.2821577658491,0.0054861253885715,1.1525686577526865e-06,9.467361135796928e-11,2.275771944238089e-15,1.1260790533256297e-30,1.335404043259175e-06,5.8978539228027064e-27,0.0018126361640172,1.1183212868727069e-12,4.801019826104079e-37,1855173335.3552012,1.1796086629391749,943565641.5043056,1.3184474509139538e-32,0.8094996568262788,7.508245978318411e-41,6.822232037278115e-07,5612910.422989933,4.810825919149818e-34,4.749366479192855e-08,5.24875832684545e-19,1.4830798280125725e-49,2.809090209404503e-17,7.779276079501091e-31,4.5825221262475335e-27,2.0833740294405703e-41,8.459653816158758e-11,4.05380928876856e-53,4.371415558177688e-48,3.772242739239101e-13,8.089171118706763e-50,2.232327675113704e-25,9.311457546338683e-21,8902.6120477596,0.0,0.0,0.0,0.0,0.0,0.0,0.0,2.5061888138323097e+21
1346.1048290201363,106038.43685871612,12.014460291297992,13.129332861222858,13.142263027957766,15.028149819889574,14.522726611119328,135743.69202755214,7574756055100.276,2600443.1818663175,0.0186811960410299,1250669.3269192176,801306973162598.8,3.1840624941137543,4.777736291867261e+16,578071668141798.6,2.566374922731239e+16,3573808468242.0723,195469.6297350248,315572851221988.44,60096107849.1082,717952078231918.5,0.4395041999725556,634155009.9393132,6748201802.148178,124.44257387527118,1647131.9053636682,8.557698646667006e+20,6.2674319426629e+21,2.845695051148848e+21,4795199105806245.0,3.283769280252249e+21,4.890517850992636e-06,137326.589466717,62931270555.950066,863586940.3215026,1079522824.6279974,34888953953.33742,30924.443543375568,11709593.0875451,8.796703879035136e-09,52907.59092238258,1557803223.464161,1966670303741.9993,2542300.420981403,5.15071958370029e-05,846.9684962364356,790467.6206360395,116079684568.58124,4.1319674580928115e-12,1.1632172985506188e-14,12652.941393920471,8.533892811942973e-13,136798796.35463902,613161672.7228072,787916.458822946,973464.398017097,0.0060357625988123,798733833824.3013,17346.992308751815,5.342926263948027e+17,2.10347199176664e+18,292222985767.42255,1429940189.2966444,1.3561336978327402e+19,1304434.8297240797,1073067866.6624357,4.776061172416563e+20,4.295237670743139e+16,23312870.13738277,2885134427114.193,67284.21336991002,7.080817770903026e-08,650167569267922.8,5.095216650135938e+23,56662333298.14015,7.246003560943332e-08,2.2717316792386697e-16,2.919359071912748e-25,11432549.299209995,6.427077382447107e+16,2.8380685477972595e+19,8085889.192710107,3.6113088285878103e+18,7.3957427802849595e-09,400505643215.3341,3.791251552241848e+21,1.67214149552756e+21,2.368261325398374e+21,7.713292248082843e+20,5.538087911099865e+21,1.8575075491487144e+22,1.4461817353282e+22,1.4926495494295305e-29,2.60356865696418e-13,2.087715227827337e-25,1.284365720382903e-09,0.0002447539654877,6.83986479599949e-29,31048432.41931728,1463869985.5244331,1.2262630933825085e-06,8.088123792735972e-24,1.4377412631535855,5.466847736660405e-23,795.3997569464437,41590280668.24365,2.9362802751428947e-24,3.038359861313973e-06,0.0871099652410358,1.7169739760963544e-33,8.47168424705487e-10,2.148773474335319e-08,0.0233481302264482,8.656772462881761e-20,1431.8524328840151,3.301207046910613e-22,2.2577376750187344e-30,0.0002969653191588,9.649819644057701e-24,4.0738907461663514e-07,1.22327684245034e-09,18900829.639718942,0.0,0.0,0.0,0.0,0.0,0.0,0.0,2.4648712717600324e+21
1673.522668326964,67582.45892633704,12.005812791256036,9.047986040765478,11.320348080590763,6.423468853610792,9.938505186531325,5486143543.816553,5.85393320896431e+16,26367215.579765715,4774.221475159446,100495.09909905042,67998543385225.18,16677549.133574754,1888435152359287.2,63104449414258.984,2336136478373.3604,168392083226402.22,4719685415747.97,1.591733633144094e+17,3.792170654444581e+18,1.595138281961153e+23,804895.1803856137,25139789.279244453,342355.76946138754,0.0016815449783392,3.3309814148155374,1.515750869432401e+19,5.661594720624292e+16,5.511566489734038e+16,416145915326107.25,1.3752340536294482e+16,10.8556086068714,97090901782.88132,1.0710482497804797e+17,16995678169.547731,52336.06001228409,8.053776187663643e+19,1719684802264.7,1945373930.0314827,725.0569287338066,21612.439583199844,208433.82957503185,247111.23108977888,55373927.227077246,70.81290115024136,2222659772.7227554,0.0058366857364353,553157417.7357712,0.0001074744595506,4.2929171747165955e-08,0.1043664167332359,2.873871994886376e-05,255862778.28801727,1724921.7003751849,15.941099252143058,19.082219221976985,7.021940811926579e-09,34600148620622.793,55552.341847727505,7.502746589119247e+17,6.0375337548249005e+22,4868807498236.872,822666.5046713417,7.249321485817702e+20,68433449.63528404,33.52520739472592,6.62099228317e+21,2.0220560506972849e+18,62497958.152081296,38874562.73777316,0.0485043693760565,1.6369438750078257e-14,1352771849.2759926,221954727851310.62,16.30628571172745,4.899256755723515e-19,7.11545402647368e-29,1.574512636556456e-38,0.0001814542088276,6414840083774.964,763714126437.1932,142396.32437324952,271037657422.5552,2.4107960680628376e-10,834.1179862565217,1.7174813550238314e+16,7492980720987.929,9907791593.616535,1486237.2656000298,8147.332169905006,29.37936511877801,0.0157431591666309,2.324848514279109e-20,0.0002292151372104,2.292410451699907e-15,13.812694612637452,0.3694183217617142,2.0930390859722222e-24,56898459.29849353,380160162.8526501,82.72868186756388,1.9612043792899595e-14,90778326.7319978,3.721874355778249e-16,45774103.81674542,34968572949162.91,6.102746684069047e-13,188345.77069627808,43845.10238178299,2.136966737704854e-28,2.24805683645963e-06,5.919983492617438e-11,9.10279112837717e-06,3.3760419602912632e-22,0.277463902591424,9.72451457824634e-27,7.313514280023348e-24,7.440471967694213,3.985414372442901e-21,0.0001030704705717,1.336334343439228e-07,1396102248.665326,0.0,0.0,0.0,0.0,0.0,0.0,0.0,2.460369944784413e+21
1459.3222903297114,64812.42078733612,11.9631988808727,17.00326179905537,11.22329547650828,12.847407113177429,13.809678149165968,57.54545778123015,2567035571.686244,2895708168358131.5,3.6887060656012304e-19,157649.79924413588,9.139555959729408,2.023152924267038e-21,6.2302071224898274e-09,1.1278904800302172e-10,0.1332976228156139,0.0100506633275713,2.2137489790698143e-21,2.204242554996648e-05,9.671314907212954e-21,1.8470737421770586e-21,3.286267849112268e-20,8.541747520762435e-12,0.0028594549617601,2.40739863198805e-20,1.4979712514054424e-16,10870817840.956043,0.0001185775505468,1.068371681855102e+18,7.802903853387412e-18,3.1243994768816558e-27,3.214260836984639e-41,5.5616282202753313e-36,3.4969256935515886e-35,1.0303012658687548e-21,1.5046175217818763e-06,3.1940528956624795e-44,2.8523202852949393e-42,1.3507736258194874e-24,6.0886779349674736e-55,2.5247165216027454e-34,1.3664451673840745e-22,8.3704844023932e-30,7.615941411713071e-23,3.970399581581346e-59,8.214926885850866e-57,6.7953972021742565e-47,7.653748805872907e-30,1.4283789933126156e-84,5.847154607914366e-83,5.599638176214418e-75,4.5979634260512305e-104,584.5857349083799,88158645943.90486,7067313303965293.0,8623044500337803.0,7701794809795376.0,1.5403162983215236e+16,5.270232238885849e+16,0.1803866625429666,11681578792.16595,28.899035811043664,0.000819296691902,2.7646414737879286e+18,116576096914644.3,1.2393018518927634e+17,0.0038831033108914,62.213587583614554,3.571814146886498e-14,5.137333879564153e+18,1.6601909647541772e+19,4906519238735609.0,0.0376551197515015,1.159610336477251e+19,482821153408012.6,27283556531125.555,11136106682936.906,3149383756016.1626,23.78165108894841,22398913507.142048,0.0114838067766936,3.212295895849117e+23,3.214335701762077e+19,1.6582387655729677e+17,3.7992991437616094e+20,2.6445355534440884e-08,2.264365236906083e-23,6.072505223493241e-38,2.8310571127059615e-53,3.5536632033476993e-67,2.3841035989273568e-81,3.1156556070761217e-96,1.4659363715708858e-39,8.275687861251238e-34,4.327067622104975e-40,1.078206618090711e-34,4.264331695245573e-13,3.121864307119252e-41,1.2193187959166358e-17,152.0145207281385,1.9903178988491214e-46,6.506207737551563e-20,1.104938105012737e-07,1.9011607855933877e-11,1692.822033755829,1.1358148211591453e-12,1.3401373579970627e-24,3.482359551343272e-17,1.019147852404641,9.67575152700296e-27,4.2134445608873506e-14,49554.12575096633,444915960.66584194,1.7649783860754878e-16,3.6040032484524945e-05,4.2782406155853706e-11,6.010791166452013e-14,46.67254596801788,3.255630208169833,4588200.416576323,3.7476768914499553e-17,2.0119738234423543e-11,0.0,0.0,0.0,0.0,0.0,0.0,0.0,2.4548329893292257e+21
1348.604414617348,70378.24638753796,11.976964603036668,14.09531176415994,12.547474188832473,13.124092582506638,15.300583839549445,11827.931139740993,3863110101749.676,316721091.20670867,2.1677653799464675e-06,161784.94463337804,1095841960736985.4,0.0001781236625675,296567035910.7492,3622959306.486851,17917337098758.27,21337227681.65848,5.197877884765319,902701667134.8152,755511.42182647,4279170004.794582,0.0355191007920177,8403.111046105632,10000452.62357708,0.0002025068376498,2.6324381535571426,1.012108760319885e+19,9.654815267678083e+19,3.758360823453151e+21,676398320675.8982,5.89999382353508e+17,5.97299807799343e-14,0.0007772600319944,168.24728790509442,29416.04387332337,461775934.54703695,21.92054335481563,0.0022342425656077,10639.795991118066,1.780390057594733e-14,7.389372606527499e-05,240.2319803197819,315.6610827622789,3.315948289801693,6.458588920597062e-17,5.00639533884521e-10,1.5169928944222e-06,1716.9600013944928,5.491474511604003e-28,3.2296582192562423e-24,2.2461332070122814e-14,1.1722348702666368e-32,8542009.105887735,4288998212.289578,626545564.3155221,773860648.1863215,556.4786444815982,46211255663803.586,116650725.06107746,3.5156092802734944e+17,5.089198775877173e+17,8727874567.832314,5132405.166710428,3.683301553454867e+20,4219687341.660875,5.6375890856191496e+16,1.5045794592289836e+20,606931249996488.4,19891.809393991116,40951732747111.875,110663481.71026684,0.0137235475926641,106521171637735.2,7.291343251425412e+21,96210225661.98384,0.0016851323034292,6.11223449967214e-10,9.202515683270188e-17,20999.28006137662,9.82365053201726e+18,5.61697811500751e+21,110478467674.93369,6.142741918650973e+22,0.0121082533509403,7.844312711462022e+17,6.611633771192117e+21,3.822490306258961e+21,7.092155856674828e+21,3.005821331868673e+21,2.8218267497255997e+22,1.241480078823544e+23,1.2625799550855004e+23,2.3863769130517944e-32,2.5725656492897577e-18,1.5929963554653704e-28,6.0898899996872735e-15,1.9155260995804103e-05,1.3072775971185122e-32,33.631874768942495,166775228.3858512,1.219461736084047e-15,5.899357204580166e-23,0.0629499802196888,4.4938284197654567e-20,3883.344052451329,2292410422.7236857,1.0465720295221284e-23,6.652613118829808e-08,15.334325481839535,3.2248992490591356e-33,9.533614546313247e-12,4.069240284922034e-06,3.2129963820046306,1.8288006204344285e-20,1.82694758006794,7.931651031506222e-21,3.9333884134554886e-27,0.0030701645039061,1.8399109180598577e-18,0.0004804165166215,2.271212259932206e-08,2172527.9435759955,0.0,0.0,0.0,0.0,0.0,0.0,0.0,2.450559293050369e+21
1297.3924722139209,72085.40349201432,12.003727242361794,16.46955666348803,10.87869125850789,16.108586777008128,17.031499602632152,1968.5485960839997,135225716044.2467,131902191.15222506,1.0373847191696586e-11,98253.08355823925,409415560095353.06,9.869359575189695e-11,2604870.7490556003,25932.782076607884,356219847.03946143,81612.7603532553,4.500033485471784e-07,456193.6740412803,0.0114726935868671,10.736224761836226,1.0458476916026771e-10,0.3460246272039882,1052.0961299752555,1.5297031544786116e-08,0.000291943106137,889986436475974.1,8946201518629018.0,8.714927799845256e+17,14796723.603209022,21866326717094.887,1.0890120573323244e-23,3.8007151666646834e-14,1.4704850981685426e-09,1.1335637249927825e-06,0.1065655584770313,2.028865633445683e-12,2.9250140312271246e-16,8.096885031162131e-09,1.6267721862842308e-29,1.1257241141076897e-13,1.2269222095851245e-06,3.616078372262683e-06,4.119888322686552e-09,7.606248854538258e-31,1.1000929579706415e-24,1.2136995249438521e-18,4.58837368379476e-10,2.126956252377368e-46,3.4611683640609823e-47,3.8700852396719207e-31,2.5469801827397254e-55,584573.724514098,723750671.979587,190771286.8240508,237127988.89739168,201.1609709175616,3049621480391.341,8668486.820162356,1.5859066562324996e+16,2902925944227436.0,81733613.1167638,139786.9527311101,4.951014642507662e+18,38016718.26825083,3730820956012201.0,9.105318337352936e+17,981983113572.0236,4.4964687797609955,95208959569972.52,309253116.58942324,0.0322530185332765,123579521648757.94,7.481942087655746e+22,717129742576.0023,0.0118923733335855,5.363257264536127e-09,7.67864477452429e-16,154552.2595878615,9.499070424282356e+18,6.48568274407983e+21,110052806644.21654,1.6852919858196877e+23,0.0071081532109387,2.9584428284096205e+18,4.082293287541547e+21,2.1717872964477408e+21,3.758680954146606e+21,1.7125704447099994e+21,1.5617376801502303e+22,6.2355754096706095e+22,6.2878915053761235e+22,1.4120588646322742e-38,3.3390841745910944e-24,1.3514558072376379e-35,1.0088839436678801e-21,2.6110762956923305e-11,2.5131499653940136e-38,0.0008942528217618,7960.662126836882,1.5615983011817e-25,1.1545887692499787e-25,0.0005021559921392,1.906911895235711e-22,84.18755656543581,39699879.91090089,1.778310498004726e-27,2.821065473614521e-11,0.004968577618481,7.939653375750487e-35,9.959765278678925e-13,2.3161179389577963e-06,3.5368828511653128,5.3461301127226534e-21,1.9111276674658844,4.145770579636216e-21,9.12510693177047e-29,0.0003707208778185,1.7266549364408516e-19,9.739805558067672e-05,1.434358491034005e-09,290333.5007864863,0.0,0.0,0.0,0.0,0.0,0.0,0.0,2.448913677967542e+21
1211.2543895775011,29044.018558035157,12.005468355434123,3.721740169666879,6.0747456088989775,10.756765678485168,9.72434409323644,15724654.991304956,213074710756710.1,7.844559702916795e-11,9.874420245134732e-13,193.61383718989083,2345883910.752018,1.3917548721419054e-07,3263882689.2676086,22149936.935897797,6.335584114295245e-06,1.316838904373745e-08,16.475253169633348,0.0013974629878127,13551749970.809046,3.657805006234206e+17,4.5684131945882713e-29,0.0093038670569704,5.048076014034536e-16,6.4492116421843435e-12,2.5294319328170445e-07,0.0605858593803977,2.4447019623988617e-05,1.123057922802481e-15,879.1157209051079,126902.29958361284,4.810836583829399e-24,1.2004739841376567e-09,1.5550224062667342,1.834722433821517e-31,4.6584543316201504e-60,302817.26241152285,2.5736687095179944e-16,1.836425005169512e-42,2.8631201732019365e-39,1.3347702081815243e-14,4.309410152816433e-24,9.43000943114655e-08,2.0390253985119078e-25,4.1781819458854526e-30,2.1922029633105623e-19,1.411792483983592e-36,8.311610598030976e-42,4.145970563918252e-45,6.275129100143936e-89,2.3360234723072265e-31,4.767218056130564e-53,16205864.59968868,3.342286857935857e-07,8.1948024828470035e-25,1.0308192491024058e-24,3.67056375861158e-48,0.0482967390904181,5.271283646602205e-25,1455269676764825.5,1.283297539696016e+23,45878900218869.94,2915098003.075552,3343080370.607692,3.736370561452508e-20,5.291346744821891e-50,1.6311078685671935e+21,1.7294355472961709e+22,8418027673279.3955,7.1133264405319286e-06,1.0027901328776151e-28,2.3314927302855828e-56,29669162.70752535,1.4731247717674792e+20,2.3905295548886662e-09,3.387833120203938e-58,7.089350199884448e-82,2.8441735402178653e-106,0.8230126970000516,0.0009919834229007,3.42850951109717e-05,1.028861199641773e-24,3.815505948909405e-16,7.596974089241749e-56,3.743362464675495e-38,2173688354051.4167,35959191.25623161,1988.422553912255,0.0377542613974431,1.1868246960937029e-05,1.4389139331128255e-09,5.1968959576446774e-14,1.1748315379916648e-46,6.300734547041569e-21,2.4840579454757848e-39,3.370398238668587e-14,2.6766635911502093e-30,9.538970256861148e-48,2.418213435120158,1.2115669716922964e-25,8.116769907714681e-21,3.597109924167243e-30,11320.479315961851,7.761182631247016e-44,3.7833089987155534e-08,138001110805.56906,4.78852275761716e-28,2.194542112799251,1.1529410080653143e-14,1.6942925355280668e-45,1.6583698827551727e-11,5.433275288176146e-32,4.5747011623505533e-32,5.889319752197052e-32,11.939537072292683,4.179286018871106e-49,1.0655637772843783e-54,4.952050534085258e-18,8.475491515255952e-62,1.0546635241792196e-35,1.2897305955348888e-21,55364.39406363651,0.0,0.0,0.0,0.0,0.0,0.0,0.0,2.290451537442197e+21
2386.7798772163173,46689.5032741917,11.97029806875667,8.195868435707165,10.374337964544276,16.1229137738447,15.374387104327196,17071324442.496067,1.3304071314569226e+16,909308513.5055794,755227.3028272775,59375246367141.14,5.730452959351063e+18,428403.49466868734,71371502300307.12,8265227020234.341,108339421.21966933,5673080.571610664,3086301.103512784,403507.45685912174,32465411.0784665,26202290.360231277,1.675760069728867e-12,232653696413.77945,1971771.5480735477,12294593.193358395,2415392178.3325996,7862252623481.187,5260145482431.33,14810873.273222694,1337003855965149.8,4.362919380144562e+17,0.9202201908772664,8261.117827256528,111810.20080734638,6.72787681279777e-08,1.2809192566104815e-19,9.486078675276222,4.685233202609567e-09,3.8503883321391864e-18,5.192999695169127e-25,142689.23323747792,149.5177176753124,233481026.90869567,7.477333983795092,0.0001187091941255,0.0288200509391171,1.4156398486545474e-05,2.080450701250004e-07,2.9770333078225293e-13,1.0544039889890594e-48,2.7369650424398936e-05,4.401535469412519e-18,27862371350560.477,136586913.1602361,6.5748821681237155,7.561960610689315,1.9360132934380092e-10,27112210754.724316,3.8477759872928865,7.694409133634209e+18,2.614452153515985e+17,30609957736637.945,247475340909.76877,2876961017755.842,0.5911546793673021,1.2772148215151704e-11,4.516667175844888e+18,185412923298568.88,10353465.232893337,1089873647481.7136,80.41602442665219,1.5328214394677584e-11,3.3483469962304036e+18,1.2266995933523025e+23,12216658399.390709,1.7298071433580715e-11,1.356542042803526e-22,7.452369433098548e-33,25509044958694.297,285447774071492.06,2599623429560063.0,4162.946538473534,3771630385.357091,3.2735581009397344e-11,0.3167155682770856,1.5022759674969078e+22,2.553625597623386e+21,1.2541106920734772e+21,2.90101793959473e+19,4.617871914626791e+19,7.546041785709153e+19,1.0224087428879466e+19,2.7458682881935303e-08,0.0048374550568333,1.1558376116652721e-07,0.0217938811532333,0.151494722744953,5.6167671120706544e-08,344006924.872702,0.0691967646624502,0.002759223003721,0.0042247962582234,7896798.327382844,1.1960854588857868e-07,1471.7651520127747,5000046748673.543,0.0001242791778361,311.22788329471865,8.905056309926328,8.516195682534888e-07,2829.804262429305,189.9200610953318,0.0002068110865693,11.027573795585738,8036190029.986189,1.764013375972438e-06,2.442922888841719e-10,22.600584660592993,4.509904036255124e-12,2.319606964058075e-06,12397009.006615622,2867597827570.3667,0.0,0.0,0.0,0.0,0.0,0.0,0.0,2.2849091278437965e+21
2075.4477755636963,31612.202608139116,12.010338152681692,12.147441470993792,14.233925315969694,13.897506867293394,9.86455962478666,514583336.00895375,522286159834819.2,89657315.3732187,1026130599199.8356,10978091838.76144,178555950718713.12,289723009804.7004,9.403127745280563e+18,7.040798113414998e+17,51181511382682.48,153585220227138.88,2002961717385.62,7087640687849.33,25382909879055.3,21487403305675.184,7.452653261683563e-07,1.6921427388133518e+16,648712591287.936,1670508464.0957153,737631804331.3751,3.529493309519765e+21,6.27123732194089e+17,3.1983493530342756e+16,1.2007627453548413e+19,2.88692087052602e+18,141829336671944.34,3.7747311478116634e+18,6.261143983722073e+19,361484900.21749926,0.011951848507856,786539529232241.2,490742.7117233031,0.0069674519691353,2.085945959469027e-12,1.0523194474513532e+18,9376571144353488.0,6.666907747159474e+19,4.240783712514145e+16,6.683980174523894e+18,2.440137186216028e+21,1024295068952368.6,3.23634601924271e+18,1.2427923662949256e+18,1.6951786965997148e-18,9.937951355981812e+22,4.581103208061424e+21,2465802745.498533,52090.4381621401,0.0053616035137573,0.0062557484170195,1.3759762862809205e-13,2678573263.765608,0.3014078751110464,132755501801325.22,1.094799208664024e+16,1943361427.866376,78518.70730350766,480578025264.8675,0.0252574006129456,3.497608865236761e-15,53048824266136.42,13623614565.76995,0.2755348831028607,2282689145.595622,0.1540918069545094,1.2031872079020027e-14,626685136057.9451,5.222264711503537e+18,156811.83097315868,7.427694543924695e-17,5.420495391030126e-28,1.648347622482198e-38,264086.37851700507,43018598380.762665,142174896.78623295,1681.9415994078522,3293556.239069303,2.602249814601328e-12,0.000330393293406,343059630228343.75,11852680851.062782,1200228.774380366,7.819397455895684,0.0027979705785889,8.741247711108154e-07,2.8022585363012393e-11,0.0002720557601229,612.7054599339058,0.0009165595449459,1853.1658361146112,284918.21255439793,3.646969438801353e-06,15244077805000.762,7931954.617468815,308753162865.252,2.1978230047057117e-07,19976.808364852583,2.0983521870405955e-11,20.56623920240941,18181975.950412605,1.730078300552484e-09,0.0732603576665902,0.0164102589088367,1.0457879466656257e-13,0.0184249096410224,0.012634974421984,8.23754953216418e-08,1.4475508013817008e-07,3897.750530378287,4.843689944351423e-14,3.167862991988228e-14,0.2408398356675807,7.458646916952396e-15,4.721135994297074e-08,5.527013036163945,15187383.424556091,0.0,0.0,0.0,0.0,0.0,0.0,0.0,2.280786627635247e+21
1309.618689959677,46949.57487454954,11.998909016354402,16.473090306317125,10.843366153676916,16.071885299340742,17.08119345149919,3448.64245107165,144793768544.4825,150790159.5304842,1.7901927200380683e-11,111109.20064595027,485086837049868.5,1.3589575534427255e-10,1818795.8615062735,19041.301917151424,187523002.3301017,64413.55069979308,4.592944728786518e-07,278108.9877589919,0.0084361051842488,5.7718331313428655,4.5906878099611985e-11,0.3518934674819426,782.9552827659599,1.3403735235319388e-08,0.0002327547524364,692037851357299.9,6386350612488159.0,4.9205360458309786e+17,16344876.497815968,19731510345925.3,1.9472544891091202e-23,4.4107129881357213e-14,1.223677962067288e-09,5.56244207612968e-07,0.0286049252127503,1.1390561080984138e-12,1.3897225577618683e-16,2.119168495294854e-09,5.3233908320622015e-30,1.1946514349122852e-13,8.913054963430121e-07,2.3374900996669273e-06,4.2355298595601256e-09,1.2378611688529722e-30,1.270339592443976e-24,6.454004055633014e-19,2.9431706790553604e-10,3.7177657714102984e-46,6.177329499172934e-48,2.6620157008862104e-31,4.1940169465507726e-55,531017.7876888434,485358251.2006132,101976315.935357,126558271.10336068,95.00233851223533,2575375614050.9736,6552703.448520928,1.4839583516602024e+16,2280436958037194.5,56858330.18584364,74812.50191757991,2.903672156408938e+18,22671486.62653535,1076326867789485.2,6.556465147142216e+17,493975743864.512,1.7235482039554082,71341115776075.33,204120341.71033084,0.0204712470827207,110856628537366.5,4.223978754650913e+22,403608978120.42224,0.0057618171405445,2.269671450625258e-09,3.031981871643269e-16,94698.29569827254,8.210701515986487e+18,4.991231784708265e+21,93581240415.07578,1.03892341749196e+23,0.0063437297112071,1.5542730505823557e+18,3.975865796739596e+21,2.007742279869907e+21,3.287084931949557e+21,1.3682246898215546e+21,1.1686195485153123e+22,4.4437487907017765e+22,4.1758516761630505e+22,3.6129048902805454e-38,8.954371962037943e-24,2.6178930625015256e-35,2.10799911618577e-21,2.3552820990776725e-11,4.814453752500035e-38,0.0011418464311821,7475.08372859077,3.434253854342051e-25,2.2279254362626103e-25,0.0008721024763476,2.803981624458183e-22,105.3989366732029,53007479.58213635,2.9388054679578964e-27,4.733684361543792e-11,0.003032853433612,1.7511084728831471e-34,1.9575703892502156e-12,2.1754166197857554e-06,3.3097286476450174,6.419715519919457e-21,2.1326427708088533,3.9770107342196266e-21,1.881641775136945e-28,0.0006478784241267,2.327437008785259e-19,0.0001381154370638,2.333336150724591e-09,499409.4117047937,0.0,0.0,0.0,0.0,0.0,0.0,0.0,2.2777203300672298e+21
2187.331468694497,100306.39116289992,11.972642995046073,11.180001189598368,8.344907944134212,12.864229180897627,12.246885660821148,7742487662.675806,2.736978632296995e+17,65159980192546.305,39126.095651669304,9822665268374.934,2.7116651987013217e+18,2134576.404522042,4037293194887857.0,358771079851564.3,3894817070184353.0,77924214563852.25,2205946638.752538,625657029440887.8,3817932345929.163,465703367346640.8,1764295.3530605724,62437537039.114944,386939074214.1955,2221173.8859169665,713566243.7063143,4.051659018915642e+18,4.701173909028457e+18,5.790041828554092e+18,849929481578371.5,8.944345545283558e+17,0.0363206925475694,92689.50186592645,208390254.51142588,42766427.52409462,39381967.81849674,119537568.6463119,19869.14479768157,7978499.497085123,0.001931104191566,27207.44829989695,30699747.808031585,189134047.93934447,771034.4690434232,7.276040816852784e-06,0.3348418626716347,4.175972187110667,33061.89188682195,1.0687076838220868e-14,1.574756560639481e-15,1.2728799281617936e-05,1.939204415221905e-19,433279469767349.6,1509351021238244.8,33679498680525.195,39077529858837.35,266462972.10718447,2.862442855658716e+17,10309847584903.06,3.739360042305303e+20,8.232180750352355e+20,5.71834928981664e+16,565697606388510.0,6.145402740362181e+21,161025487414942.38,3569411245717527.5,2.553222694874594e+22,5.5599370495156175e+19,113104248203582.56,2.3076173757585875e+17,4715570318698.066,152529.58158861415,2.1723106800211336e+18,2.5533108322034484e+23,3582443552964613.0,222757.84343313985,0.4876741273361328,5.470217275771766e-06,10338916753600.207,1.0300359937475066e+20,1.9710591621990032e+21,205696237438053.28,1.157734623952923e+21,175992.63347506904,3.163870458404912e+16,2.2894736453196503e+22,5.741907456054122e+21,4.196008141836574e+21,1.7464860055262367e+20,4.359487688024108e+20,1.011422609615322e+21,2.217922500826893e+20,1.8683755027650215e-11,0.0002264760765924,1.0103690344441865e-08,0.1182081458521982,107484.3352580108,5.5215962192424357e-11,261410419.04540437,17385532023.30329,0.0003428155342977,0.0004048320329279,117333719.7965718,0.007024738136367,18098758096.86696,361788266061837.6,0.0007853461817885,160464.5720484318,47207569259.924774,4.31221386777364e-10,234.1806267708201,1292037.4054204377,17847888.49840952,0.0440388313128723,4213077404.493358,0.0032229929658127,8.116529732874135e-08,1601742.9721308723,0.0020610074880052,71274.58978491272,116064.0058182478,1767459574857.389,0.0,0.0,0.0,0.0,0.0,0.0,0.0,2.2576886432803266e+21
1203.1983893782892,15409.865170627563,11.975712873931036,6.469453911205481,14.273951948745005,10.230375880037084,12.383950689570124,139074.83197317022,1176679846.9445336,4.5125438822440535e-09,791.3166557087432,0.0009544052046235,8534036868.866668,772.1316560363783,165340604273780.62,1079533869692.802,25.42689076114112,7143.195211658027,669594.7108193691,5381.11806181052,4124432041.251482,824258884917.9507,4.896071190027536e-31,60642523.86442056,0.0002668003096201,2.554847930807565e-07,0.0107761364426112,5710629922367335.0,10204408590619.057,8634.530939360944,4.113341647109403e+18,2.876185465145984e+21,4572775.919458716,9259019923157368.0,9.015923829369038e+19,6.497049448118598e-08,1.0665130985895743e-32,804810957670936.1,4.960113040526503e-05,2.2789085792513333e-27,1.5891337494685632e-36,102687335729.67952,2828.8772248387486,5754408656463.733,18913824.043851156,5201590813882335.0,2.068351345937824e+21,7.785899980473136,86143641.12887959,5961340962603371.0,3.358090458227471e-52,2.0207487277510173e+19,8.750183047776314e+22,0.0005501317134736,9.13482267908974e-16,1.700597225064178e-31,2.1417458422023942e-31,5.344125949466387e-53,2.040350817510648e-05,1.5463336151030834e-26,36938002652.771454,5232011433150.04,0.0111266434332287,4.687191728234015e-12,10.876702007912826,7.655315377573065e-27,3.195062148749995e-52,294705084008.2172,31.320724031365703,5.929408621670079e-19,3.0669923535496515e-09,3.0396525148814024e-30,4.646449204051791e-56,724.2092208635397,6708562592.062076,6.961174264712313e-18,4.502755393585948e-63,6.670590304430645e-85,1.800395506479542e-107,1.9081230950217332e-16,0.2931776674754239,0.045927812414555,4.736984463917796e-21,9.323974217327628e-12,2.14959046894689e-50,6.597874413539425e-32,38103092779431.11,2720158275.0126405,650956.0869176864,54.94113509678596,0.0753188203687321,3.931841611206134e-05,6.216729470636026e-09,5.1173092046197466e-30,4.8926359904600095e-08,7.798266560316768e-28,1.8441854136571485e-06,9.640259427022103e-17,2.8119895188805192e-36,179901790.03449687,8.565913952281528e-09,89458831.58855456,9.29419509424321e-34,0.0005861632209747,1.5752191901450468e-45,1.6057405156006534e-13,36224.61041653737,8.112510171900282e-37,6.791938082285447e-13,1.5574936629620942e-26,3.677484124912027e-49,7.26844828196167e-19,1.4485073241567272e-33,1.4418592208291945e-35,1.1048578073786751e-40,4.379813619220363e-12,5.943694373153802e-56,2.8658718471601836e-51,2.795231538155866e-18,2.014668468978063e-56,4.45707963126433e-34,2.705158727859913e-19,2056.258988943732,0.0,0.0,0.0,0.0,0.0,0.0,0.0,2.2362029084719847e+21
1317.4345696034873,52557.12395594615,12.028266553757334,16.490546160682957,10.92028573646347,16.119096543560783,17.072992327182355,4026.303613843592,175322635159.95972,199281727.0781947,3.1786059313857205e-11,158162.48053963543,561028712793264.75,2.4278439400869657e-10,2791766.3442785847,30168.056559638542,292714961.6148072,98478.65449657824,7.882020597665615e-07,419158.93509012496,0.013659802582849,8.900026592336138,9.195639554599556e-11,0.5900730882142278,1310.321721980567,2.696194546929085e-08,0.0004411710333949,903681523870643.8,8214547710162386.0,6.381437662244634e+17,22779721.41302209,25168369461704.44,4.45289176715293e-23,8.911246182646174e-14,2.325834609880302e-09,1.119005359241336e-06,0.0580906434920546,2.27331411562175e-12,3.033409894293906e-16,4.6906048953690254e-09,1.5017390088093817e-29,2.591637485480018e-13,1.850348081826099e-06,4.8898027744403795e-06,8.3048349589776e-09,3.359715884466573e-30,3.2221788731187107e-24,1.826836503619025e-18,6.560971852959661e-10,1.3293756770229417e-45,2.7853869183211924e-47,9.18546970464586e-31,1.8191161536551854e-54,763777.1945125867,700588724.2965822,155032959.28267518,192215364.01899263,162.30009212424756,3262321702261.5806,9404407.737668402,1.7157291408400212e+16,2635236764716157.5,80186267.7331248,117851.4143844754,3.391151526239891e+18,32506488.263120696,1498869085142638.8,7.45546379120948e+17,658842146629.1149,2.9603918418260697,95208345668907.23,305532839.6213935,0.036320053971983,141772388915993.03,5.115378871691646e+22,592650044954.4182,0.011362477946001,4.993704921030392e-09,7.758295109934773e-16,159090.51080232204,9.458813311059112e+18,5.555400773929895e+21,124702503158.2916,1.1752944168132805e+23,0.0105870191225563,1.9315148010780667e+18,4.2248376986839113e+21,2.1460964434483557e+21,3.526897334800955e+21,1.4415859463583226e+21,1.2282078519943649e+22,4.707952079340282e+22,4.399102732151238e+22,1.002168195516952e-37,1.721197639313166e-23,7.068865131399397e-35,4.016188159509286e-21,4.775264112121233e-11,1.4664036442976933e-37,0.0018124236714578,10952.831487745156,7.3376918474071155e-25,4.765222066264918e-25,0.0011744037370607,6.139837314394214e-22,140.31478247832626,62876088.67187712,6.612722572150354e-27,7.235127067431425e-11,0.0051363282329394,4.627753694982999e-34,3.236947902271708e-12,4.080498975562623e-06,5.062184786779454,1.524356926342305e-20,3.25315936579485,9.960041071079459e-21,4.395156541996091e-28,0.0009174076938656,5.053496742781533e-19,0.00020829993007,4.016745709149879e-09,599075.0193055499,0.0,0.0,0.0,0.0,0.0,0.0,0.0,2.1862257886908103e+21
2039.5467594281224,87537.07337586375,11.995816344273653,8.853465681394509,10.693827584514343,11.335279104817644,4.791217083304799,1764491349383.5515,1.5159524256214144e+18,3224493534.9874444,3526307.7521872427,551072175587.1627,6709964050.598442,4075421000.3161182,1.7005457760288078e+19,1.2003700432576364e+18,5412745360927482.0,174873964847094.38,125954199162195.3,3.4255630035075748e+16,7.363030552563987e+18,2.8232102565006673e+22,2178895.6746262014,6277802073482.706,14530653994.021349,42571239.828507535,20975208574.129578,1.3050939644389391e+18,11662353834.750622,720239922093744.8,3197101598.8328314,44363.022705561365,3045.634153063116,422374724252.99133,3.2409583366973576e+16,612202446.1583397,72.18564251861537,6.365850198332532e+18,201954098600.35025,10145213.931182034,548.1886088448472,2405354752.7677717,1406353709.5362206,15761529476533.352,72992253.14703092,1049.4391908653913,1813712921.6359308,82900.20586207481,2637145.65051454,0.0011544828287259,6.699552840185921e-11,918030.9506228196,2.9607742530247862e-05,503717834124962.4,637919313604.022,3583723.966781493,4189356.035190474,0.0044467619131096,433047486446921.44,2325440.159159779,20705929367967.727,1.4404970051329523e+23,1.7069373176097183e+18,5411891958270794.0,3.750101716824394e+20,807647718.8680997,2.0955223149648416e-05,3.533334195762333e+16,5.491180488656047e+22,2.7527639821825395e+17,7821858009661.929,25684.107312498712,8.760451591202774e-08,1892227683.5105076,3.444647895779421e+22,43346129540.49937,4.2931584252070934e-08,1.5297093597060128e-17,2.1137315409017414e-26,90932731239.35748,98409588.98460533,17.039287672870103,3600589.992913592,470120.32357079815,2.202384270478899e-07,0.0023793278253949,742661.1735619272,0.0012440052839418,6.1202252252998915e-12,2.0199292433491332e-21,3.5528647161490257e-29,5.341141362637305e-37,8.472764059036366e-46,8.767611128484954e-14,8.391972555632693,1.288509456524051e-09,107897.08337951289,41.25955236218702,9.558425244891066e-14,29023181784732.938,659232510.0108038,34852.80667786027,4.7528830017837144e-08,219823798290.5485,2.629932849573422e-10,14016006248.314484,12591730991.617935,1.4084977291614702e-06,2631711290.6172824,5712523.872802618,3.5631330200089595e-16,3231.8021609552684,0.0049516700234577,60.97068239661964,5.8454377535279215e-08,77156784229.86319,1.0642723287405592e-12,8.479786203988265e-17,35211.187513976496,1.3848809838362913e-15,0.3706389078782051,2.1332629206393812e-08,2466118.134203372,0.0,0.0,0.0,0.0,0.0,0.0,0.0,2.1541464531596794e+21
2359.246129597921,100095.15890296796,12.0184313732969,14.114606434116586,7.218309286722356,5.779873032006682,11.324556606985968,1429674155.4112482,3377420581456789.0,6.71633813790345e+18,2.8573291852877507e-05,8556105.69209896,8370914112.66083,5.010898029757341e-06,0.0002066036620671,2.312981469512742e-05,3.061824752803494,781785.6094672966,1.1748129110953725e-05,17543.79099987016,4.092079436335829e-05,1.081608771989169e-05,5.163153918856131e-05,1.9704877473663804e-06,0.1659678756178835,1.794974069152441e-17,3.7551601652654715e-15,4130330971791.721,4763.3256394913005,7.767969719096294e+16,0.0001120645017336,6.824542769588602e-11,1.8576700785087706e-21,5.9218228918201875e-18,2.6567751894969965e-17,1.4942750084383095e-09,0.2773501671056836,2.0694434968651917e-22,9.196179023016276e-22,7.400508156771889e-11,7.469246021829083e-29,6.389197239066535e-23,6.9965201174989955e-16,2.2811358888070963e-26,1.765366696047037e-10,1.4009961080887982e-35,1.1484392724348605e-33,6.952115621353384e-40,2.96611957090606e-18,1.8111228998724463e-54,4.41156287752063e-53,7.59704282702722e-60,1.5181365734878576e-69,1237851.5876879434,60095482861.55465,27117827428412.11,31224409160061.152,6980913072854.436,6.5399655610928366e+19,8.055962699078178e+19,3504769849.155787,2.1781769254972036e+16,432585.249833215,0.0006507045411069,2.359873233241493e+21,3.8535293431356073e+18,1.4360933979638331e+19,651683939.2416364,864856.4166558891,2.390148926659251e-09,1677285637148404.8,1086318527750289.8,1706662262150.9053,923.718409372888,4433727267.006319,3553845.3538586935,360992.0599859719,24863.572985836898,11532.389745917031,1.355696759775306e-07,4167210796430849.0,67073270.13746637,3.0336758977405094e+23,5.5798323461607306e+20,1.8579524717488816e+19,4.1980292911558866e+20,40961.19074126362,1.1758187895163577e-05,9.762035924656051e-15,3.911795418154342e-25,1.0597396180398622e-33,2.9093849939008785e-42,6.736547324679727e-52,6.4348842538044696e-18,1.6751082675250198e-14,8.691507135163882e-18,2.3913418213458553e-14,0.1540604158411988,2.5022723408715382e-24,3.0870510287345836e-10,31808142.414138235,5.981358652912256e-25,0.0058177341556388,178306.7245836626,1600.8857237145974,335685385189.3802,222.3521917014099,5.041307603912292e-05,1.9067863889593155,15249422564.254654,6.308479911345126e-13,3.4604141388943274e-05,2030087.4440069844,272184483.15312606,1.9297491912961587e-12,2.2574944992812088e-05,2.889042439712107e-09,9.781923576796494,15457204599.65303,1946453919.1304636,14749760125839.152,0.1182089938640537,401.79735898177125,0.0,0.0,0.0,0.0,0.0,0.0,0.0,2.111599292061462e+21
1562.5986209788182,107564.38219926658,12.002785062055684,16.48351392176133,11.665437296021668,16.605402262780547,16.709514607691077,1190792.4793055602,7660006206975.759,85166297599.73326,1.2824804905170506e-05,296907961.59429854,1.8639810390770852e+16,3.305161002147875e-05,1238703737.6349008,30776535.31618216,57083808324.16052,62816690.20080637,0.0106745949604351,52877309.460186206,11.53459831116522,597.8839160307427,4.87755705122021e-07,9269.08385339861,5566941.779122909,0.0089728275040065,30.89682314121076,3.173907581850937e+16,1.4355532300054189e+17,5.328308363768523e+18,11508038896.83321,916448114829406.0,1.5741610947092033e-15,3.4966586827194786e-08,5.301761262823639e-05,0.0092504374673639,49.35347646012151,1.5405330002708812e-08,6.15956504525155e-12,1.133753451693768e-05,6.1542852873788366e-24,4.072570790062806e-07,0.2585644360842457,0.5217919625489261,0.0014667356901914,1.2023216322668149e-21,5.581656968155776e-17,1.7996606339373017e-11,0.000109552592887,7.773287811740794e-35,2.7543748212290948e-39,6.6373033817322985e-22,1.948410830858223e-42,538184525.5203573,153072736266.53918,37699251016.821594,45547288215.34174,241245.0594683883,130566537518516.44,2836054260.2932343,1.617033372796563e+17,9617153700260968.0,9641789465.832403,45994984.47102271,4.5870327123384095e+18,2749286121.8446584,3509620193897544.0,1.3026528867984576e+18,5260603668679.251,937.6198224211508,9209619633414214.0,170838983612.67868,506.56400104866935,1.1610820267440254e+16,2.396923973571588e+23,125404998202375.94,450.0282616362504,0.0010085899338877,2.357298220674755e-09,724076485.3695346,7.979313971857991e+19,1.3903213137144102e+22,18633057056596.652,1.740227882914953e+23,166.59858648096724,9.624828094141989e+18,1.1064061154244392e+22,4.827815069944044e+21,6.481831518005853e+21,1.213881557341869e+21,7.164876863103773e+21,2.5148184215165134e+22,1.4962051235903368e+22,1.0155020276531878e-27,2.762057883860147e-16,1.0099166535834654e-25,1.4382744081852696e-14,1.0349691205043174e-05,3.051697264812448e-27,33.14528463498989,11113152.23009491,2.142432007298262e-17,1.3209355527281309e-17,4.142410662405561,8.840150616242135e-15,102359.74522127792,5663773938.013596,1.9968205983056577e-19,2.048513413484784e-06,7.073969172630069,2.039169656635895e-24,1.5406808476169866e-06,0.6145179182667528,24683.88745853776,7.052684930700091e-13,32525.221601184432,5.333542633536815e-13,1.2095956306623765e-19,11.88119497555432,5.725792705034951e-12,3.98703999086875,0.0009380536509101,256576831.2720422,0.0,0.0,0.0,0.0,0.0,0.0,0.0,2.1004752837869835e+21
1711.647761602607,36620.86773394322,11.9964667839431,16.261329083637005,16.31320756513604,10.478932010006057,10.307137521038074,84917113.8002759,93649316018.0834,4000535.8368739416,1682558243.8759797,11984.462554424956,31121803686.3328,5467185.362945902,16807747930499.402,616357715774.067,1465736428.4247675,2339959796087.3306,1254794.8892379077,1940026055.13666,776871.3053591495,25884.364042727313,1.2750882361379452e-15,316946149183.1645,288716694.9884899,1.537268281922311,2560.8761655652684,1.4495797843374749e+23,1.557079623263224e+17,3.4757595037380338e+19,2.1524546858298244e+16,164832774514939.97,526178083924.2687,2991918173356803.0,2526963448713591.5,2144778.2940903357,0.0306268331348186,1830849.0974635305,0.0034216212570783,1.8315120206853457e-08,1.7269830480739812e-25,38158827579404.5,21695121086280.312,16643566853360.74,1.1496230751129018e+17,3.6999886126762874e+17,8.675269723615015e+18,4217645906.069389,7.381007171161924e+21,8.335325422625906e+16,7.917772586267183e-28,1.3179966956101232e+17,2.580017470082157e+21,28.691618768738433,0.0131130369078954,9.494557256083771e-09,1.1332347649805205e-08,3.9638015255178308e-19,4225356.901532059,0.0006572437454268,313009450.1453663,76740394932.37332,0.4703822923927736,4.6734198415158175e-09,63633251.28010761,7.381186215525066e-07,4.505648403901847e-19,2403388.0395662994,0.1516609471605124,3.8388507389730993e-19,256829.68436714564,3.0139247760761032e-05,1.1290710156167696e-18,35216.30049624112,696230187392.8618,0.0060636634917157,1.9552984117689542e-24,2.6424472380587317e-35,6.1225712978329385e-46,6.336932440391712e-08,194499446.5827773,6270.202194351885,1483.0178948768237,523009.4973769608,3.267994179291195e-13,0.0001426936815678,1834338446.87844,244.26984056479623,9.815236960112362e-05,4.192915017782584e-12,6.857417852232389e-18,7.616666553525259e-24,1.2058802881647442e-30,3.117831129969012e-12,0.99422723203175,2.5917227508619344e-13,0.0529513544714885,1.2090076336790023,1.5650928912760008e-17,5946103776.91147,3337744647.3516393,31986128081.494473,1.7128733775164318e-17,1.9341870610369711,2.329885102356233e-20,0.0630384980964365,152.53452007597588,5.652584850771606e-22,5.3217494886892365e-09,1.075383004728843e-12,1.6103810513032204e-26,4.0579063749323335e-09,1.0903573176023848e-10,5.876227712548139e-11,7.86083761523358e-22,1.6720119342845284e-05,1.7824760408675212e-27,6.067831920490713e-22,0.0134758607550184,1.7864072601795443e-20,1.505886564295983e-08,2.0181665920221002e-08,6932.009389188835,0.0,0.0,0.0,0.0,0.0,0.0,0.0,2.071771548371718e+21
1653.744796113072,100002.09797201087,12.021251076159576,13.939722060996129,14.671826658269705,8.002619805037407,11.36750902095176,558154313.5829866,1202752343017.5146,535403.4231342365,1153147674.55291,506.7357105776695,11403048426828.3,110745623.80268715,139985404805400.69,4450031687551.469,5307675505.084032,45031558633981.17,927400584.0818024,1207826030649.4834,22665577355.87376,28574927491.470592,9.426947093265256e-11,58449807806.06225,25095810.86873225,0.025755463869807,55.9947587818133,1.8732864277986807e+23,1.506338145960893e+20,2.164187010557136e+19,3.104500105317852e+19,2.4801706225162604e+20,1049743967490.821,3.1665591767130496e+17,1.0662881502190246e+19,1528033674.8274748,4.587977050560612,5720160335488.877,3333.3004924951947,0.0036372157778422,2.2670528245439527e-17,19926691916861.938,6483391792178.047,2119015363278.267,2.1448568380455386e+17,3.1241927481782646e+18,3.032100218583089e+21,581746322.646358,3.2791699719876575e+22,1.822925191590193e+18,2.2438685931555514e-19,1.4417413432819818e+17,2.141149334135717e+23,35.261200718706704,0.0074403455130039,1.9915195874323112e-09,2.387666542190362e-09,2.2938989417114414e-20,20873895.622076537,0.0008660112864127,3496629019973.099,37111794229402.18,19.22136512779556,2.3944734906181217e-08,13808110833.802835,2.9648436484306677e-05,3.1621138119242808e-15,879306177315.0725,241.8502168592555,1.2200822490455226e-15,6837.205457825944,2.239727749072399e-07,1.8158019107378586e-21,1702354.7579397457,12706563115.592293,2.1646772370683157e-05,4.041173077640613e-28,1.5501204074216076e-39,8.50131581270595e-51,5.4365710440576984e-11,34087975345.918617,902240368.4679824,89.89198728350935,46635877.05271163,3.3560956889615717e-15,0.0038899032570965,693524050552555.1,63081645612.446365,17432576.576372698,565.9045815863514,0.6547845100398431,0.0004899299251454,5.5702100171595736e-08,2.1307190991685198e-14,6.368500220307185,6.089085844043927e-14,10.841016434574009,0.4850311688887697,1.4550280541694042e-20,18814205973.085316,16069747793.869804,1161475747738.0176,1.2596090448333013e-18,205.64014806590004,7.260600305813202e-22,3.3291924409123412,20456830.891897596,1.0043224227591497e-21,9.69631487584629e-06,9.891708976840058e-11,3.1139998339722784e-30,1.1668353111282455e-09,4.6690105280845584e-14,5.2956620216296256e-12,5.123062450693931e-26,1.4386639338091545e-06,4.263109981083114e-32,4.6381703135754385e-25,0.0176664585934983,8.935645239197441e-24,6.9767356168024845e-09,9.179594491342445e-08,28818023.761143412,0.0,0.0,0.0,0.0,0.0,0.0,0.0,1.9870590829582198e+21
2478.3071523194453,62634.4737431533,12.02654509289705,15.234085090924747,12.39359101605798,12.115627832937008,13.731633789410958,1503398324.172826,1788770548337914.5,9.197242296408744e+18,5.0746668074796935,2484255962788.619,834411800568.8136,0.2076155047631226,261585.78718919537,33712.870188560766,1662460541.1492257,6348423525.065444,0.0916744062441765,30551090.66358412,0.0559802264965378,0.0027166862269035,0.0065815183301975,16237.295858876669,544805693.3772544,0.0203844986343894,3.2830045985160625,7.252612797033066e+16,4190706680.26402,5.332902142734087e+20,350.3312241504222,0.0076792789581436,1.400566073816486e-11,5.852273624416682e-09,4.583959963744643e-09,0.051149552792966,1591395.949772654,2.2980899941345516e-15,6.1577124211021665e-15,8.08907455526103e-05,3.177972717717393e-23,2.3237232254819932e-08,0.0820775167960115,4.285447394658393e-07,0.2692468429235424,3.0634002063277053e-21,4.046544493848185e-20,2.7531214717565243e-16,4.455110307030093e-05,1.9442801731210408e-35,4.6482426936533854e-39,2.598394754409835e-31,5.3778443134227485e-46,84787316391.09276,1663347087219367.2,3.814226271622048e+17,4.371022023467275e+17,6.67123116020817e+16,1.6619882230861726e+19,1.433283275935893e+19,78616701395.7915,2097695117343722.5,6138323006.707188,926139.818070379,9.408581691743378e+19,1.5531314319434704e+17,4.357056019929742e+18,3082230588.10562,2180730053.3621135,0.2638828824627492,1.4366587178182454e+20,6.2150207164378e+19,8.481590872865179e+16,8672227351.833252,3.7189956505514615e+19,2.8587093163612056e+16,1744332484373323.2,80134946382426.23,29182322504318.14,303983202.076713,1.6158970508376464e+17,117336070940.56123,1.704943644809427e+23,7.944685687101165e+21,1.1476572581142155e+19,3.6670321969734505e+21,146748364.43396798,2.2981973871097248,1.0363832516876865e-07,2.0373167886607383e-16,2.915462223383027e-23,4.463455642916138e-30,5.3646822932215e-38,1.6742480640191684e-11,2.158564301224991e-09,4.5169482664307395e-12,6.47651395719453e-10,8842.090720500808,5.967463725084397e-13,1.002828340507092,189651648560.47437,1.6818041147491192e-15,0.0784472352258911,77178.22327377097,9426.533549928465,54037851060.97404,2761.786934772221,0.000193940502467,0.3315523480726048,1450478777.957733,5.83302602389291e-06,9.986666879675582,1581107054662.5066,8709207150909.682,0.6617427990934475,271385.21148461004,506.7710237397189,341.8703337727249,14629898747.809008,19312893558.865696,7336548615347.808,138.762085078506,23900.052332025196,0.0,0.0,0.0,0.0,0.0,0.0,0.0,1.9820200908752418e+21
1591.5819018584266,72035.29598516406,12.018090625901957,17.161019990743,18.26759387855265,14.083180872174102,12.49803936579645,1018134.9366502516,128085358.62233548,48296.09200164786,273474461.9104593,1575.972800920828,104173196990.4259,7326.189223387972,398469228956.6324,10740279173.256811,5317213.2015767945,2583903849.9456005,21.819254611234474,21467.215510322032,0.2077979185759672,9.72329030474129e-05,1.2001511125224795e-26,365385831590.1499,60649662.18453533,1.2127323186927537,3586.9281159579746,8.500784976468208e+22,1.427759480937409e+18,3.8947300664921426e+18,5.0639626108867654e+17,1.239537861614102e+17,313808149538.5048,51902687366191.766,689321177817.4197,10.746760496355073,4.522205006109549e-09,0.0237771317331365,3.324607714012782e-12,4.908699651093601e-19,1.873687669731378e-40,152290184745191.78,23943878975069.477,381266077573234.4,5.46855972924183e+16,1.8119021724361656e+18,7.225811233365398e+17,38851217133.67578,7.704686223895777e+21,1.1677199777697108e+18,5.168676071422717e-43,4.197341468099457e+19,2.350539278517775e+23,0.02999098525439,2.3870004577444992e-06,1.8659104160402837e-13,2.248630444833024e-13,4.477287810682624e-25,678.4734782149026,5.636243871651449e-09,9232309.97996776,1457061.920672835,5.223573192678349e-06,7.110526329594971e-14,197.7541843091595,5.5793521373917026e-14,1.9652620765028428e-26,729.1515395800469,2.5279156434834893e-08,1.901292752269286e-28,11468.784590307723,7.928360144651461e-08,1.0119972570613492e-22,180035.55365771448,1797165258009.7964,0.0004288376309927,2.530811044830502e-28,2.091307882090208e-40,2.0008451648486888e-52,2.7080970339910735e-08,122328314.54892308,75159.32848109548,2.9903458251081787,70627.69948582967,1.3240325785337121e-17,1.38158493860981e-06,191451348779.14005,327013.52396991744,1.7112696603519462,1.1802295011533103e-06,2.6717907933582932e-11,3.6974347980153836e-16,8.36653673604864e-22,1.1940563002143774e-13,0.0041280035019501,1.1329034721352169e-16,2.1409325977386768e-06,0.0015415968472112,9.781458160462738e-19,648019815.7129517,6346278.03357114,2048103077.7744195,1.6706203122528382e-21,5.2025921480555994e-05,3.287442785387693e-25,3.453553961338374e-07,0.1967885479950744,2.94441975341483e-28,3.6476815259647783e-16,1.420910889493141e-20,9.304894696153731e-29,6.870365863990043e-12,3.2138955967235256e-12,6.9214081403475975e-15,5.233062557380053e-23,2.523987722395352e-07,1.2611960074260297e-29,5.195587048862202e-25,4.597891857972006e-06,5.644604499117731e-24,5.029003165556882e-13,2.5517928194261895e-08,900.0007065766597,0.0,0.0,0.0,0.0,0.0,0.0,0.0,1.9776951094493535e+21
1323.9873574737858,92173.36868176852,11.962312959044317,13.16175839024396,13.147677468079747,15.02358537588626,14.531519752628002,92113.9081498744,4727557306219.2295,1430357.770935065,0.0058705125129309,580114.3337007648,542666662714352.2,1.036997428252885,2.8774730185950372e+16,319217754137920.44,1.7425616678760638e+16,2105496665555.7688,74920.97901157146,203773524022166.12,28469098576.224163,409842347165111.0,0.1706773599658911,284433341.3484744,3591801226.7557726,41.36305229739574,644261.2727648474,7.367824613037742e+20,5.670902829573912e+21,2.946718043498624e+21,2950790829035440.0,2.5972929911154766e+21,1.1637971899909132e-06,48357.6991268289,27606936965.133305,451709254.255268,766755751.8508751,14875642524.789991,12177.670280840664,6180729.783881426,2.2489925320420947e-09,17745.11119289852,695784495.2013618,889086113687.9337,1088277.5331484252,1.1612021825571391e-05,242.25567615061792,278939.31449967436,62493533975.472984,6.625846511387407e-13,2.6283741142714698e-15,3329.3449403410195,1.220902951074013e-13,65013835.54505328,340676621.828766,448279.9225584093,555340.2357637495,0.0029445788386224,520152516217.103,9472.512379157435,3.8174765024390195e+17,1.5728488559841518e+18,154504921240.69836,681199395.995181,1.1630074442415704e+19,752755.4419683127,942431696.2073702,3.7645241177239165e+20,2.7888748843292896e+16,9733001.028479785,1885410186215.492,37903.56872797747,2.9550602575585146e-08,407932749205133.6,4.490651095674412e+23,34769172033.24805,2.7619116132640927e-08,7.571162017520277e-17,7.593758868086629e-26,5014266.68254493,5.194278553953449e+16,2.542028492596757e+19,5133201.037632089,3.621193839310734e+18,2.991636529121681e-09,366447315237.449,3.2660336940497376e+21,1.4294236534667432e+21,2.0204387958591867e+21,6.974659400030547e+20,5.084353122868558e+21,1.6821601919727831e+22,1.3413326561093016e+22,1.3317719490461151e-30,6.830783565753309e-14,2.1136932978094408e-26,3.6403422835783406e-10,6.412874689575443e-05,5.763285523474716e-30,16795172.89823114,1125957897.555668,3.6471853920531723e-07,1.0236994909562767e-24,0.6958597232263911,7.660517143591467e-24,469.0593949376582,28750814910.836185,3.409054576852096e-25,1.0956149747466168e-06,0.0274164727024465,1.40926145549366e-34,2.704753411315087e-10,5.3262121537284205e-09,0.0128634951079673,1.1625022745161296e-20,695.7978030691714,4.52190996195994e-23,2.514479139437128e-31,0.0001402881249887,1.5499356974364122e-24,1.9116608524096057e-07,2.6856098634934385e-10,12017232.0723198,0.0,0.0,0.0,0.0,0.0,0.0,0.0,1.97717540460125e+21
2278.702488152977,79826.99337070233,11.969892593149684,12.989006106076076,5.416853256253789,11.942037266449608,11.412151326847855,244804526.41862676,5916213224727875.0,3.4620263402757325e+18,9.526036512296704e-07,7407794324160.755,52256803228.03344,5.355764454757612e-07,100.3357860824002,10.12550610286192,1803133.8337736556,180180.2407243808,4.7097120938076795e-06,13800.116959914816,6.491290901417714e-05,6.565672256909609e-05,0.0002173574771933,0.2194621536499877,23677.65304264837,2.9994631221787325e-06,0.0007608935390649,491166015675.8643,5879.944865430714,1.200261778738562e+16,8.35864273502045e-05,6.73931539536458e-10,5.923557049319962e-24,9.257743174972668e-20,1.6493528305488657e-18,1.2794117484632836e-10,0.0374553358846469,1.167581357399426e-22,4.9015900976670525e-22,6.267157911086423e-11,2.357333521010147e-28,6.619961055884434e-19,1.0816572814586204e-11,7.302703062056267e-16,1.1878641175206169e-12,5.6508715102220645e-39,1.940642251355632e-36,2.3101767685607232e-30,3.6431832311411795e-21,6.296016661593136e-59,2.3142852842576095e-54,2.2134890714133145e-51,6.082931398127514e-75,3405817908149.2993,2.094769409131956e+17,1.0125385725284146e+20,1.1699097593196003e+20,2.2545885482941235e+19,1.2778730492906694e+20,1.3315301179510532e+20,71985650976.81497,1.4681191459386064e+17,4163674723223.462,11876816888.551516,1.97900098342616e+22,2.0867692582731485e+19,1.3783839934798388e+21,46232210834.60084,32619183177011.973,345923.67400176823,2.317705458400553e+21,1.3141382114820896e+21,1.49108233001698e+18,11438850101.141748,1.8164047241868923e+22,9.775579227861017e+18,6.115148090207177e+17,3.696834685907847e+16,1.3321756399480412e+16,512192744384.25824,3.3885428543936144e+16,6107005835.327729,1.9580709883717267e+23,6.16818449459231e+21,7.277746075085899e+18,4.32724135029646e+21,3385089.008695429,0.0094691399736718,7.686204439773796e-11,3.2445325284806104e-20,8.772097514078351e-28,2.3110717396696047e-35,5.407663568905932e-44,1.6788986655707017e-19,1.253988322582685e-16,8.1454599538571525e-19,6.179670514474651e-16,0.0475313451289264,1.3217685661714872e-19,1.2084810855476118e-05,965842.1014910584,6.986989636139482e-28,0.0053110236453677,64237.56728417704,1747.6103445169354,162706609304.10843,1248.2461462168746,0.0001272463713586,1.4765290338504218,418094826371.1005,2.4143012797998885e-07,5.335176954362964,3117967283712.7246,89522575118562.33,2.9092952212316203,12583460.42498196,4641.907036792509,2.6230556137841177,1853659132.706561,856906398.2893643,1846390177961.7075,0.6781577549053632,650.1063103019178,0.0,0.0,0.0,0.0,0.0,0.0,0.0,1.9473438495438204e+21
1551.9708261713854,70071.39647170863,11.987574352412071,10.251868108656009,16.2197019624659,13.59437822974476,17.137119862085278,2818216.880343899,11871749993576.33,438.9476481109334,1247.5716161757744,6599197.475858131,1.8756371497235424e+16,5958.578746905677,8083466688659525.0,194781867596385.9,2472189245.4395046,88841169.66024224,3730704.144423334,141325636.5618644,7949375915.165528,805246693916.3412,2.3175390503608302e-14,29798299235.874825,120876.9172029341,755.7342732123234,2755454.5634909924,2.805033721714294e+16,1.4889772871516134e+17,31956922623.183655,1.6385019908374892e+18,1.6442005363715142e+23,20.312613212045942,947992623.51561,2841116799212.5996,0.0213183417489596,5.1261669267016755e-15,2736867850.1927686,0.0067650652175195,5.577033677919673e-13,1.2345305168753066e-22,172733591.96336004,771888.881427863,7163307163059.453,148053.3212701226,2228.9658290113543,206012656.56198257,210.4746644177592,11152.157614601256,0.0186629695548045,4.5707386428663566e-38,160940561.0067928,0.0657057743077312,22085242.088474736,42.227024335152805,6.66798159652659e-08,8.063777132513783e-08,2.5695981800690205e-21,1307644.7652406022,1.697764869613287e-07,3.035208822332922e+17,2.908601816762031e+16,751952395.919,100696.60484146768,92670802843.69862,3.070657939702568e-07,2.1204299351807428e-17,4.632283241267618e+18,807093694942.9869,6.55508598404701,1470290.6364409658,1.6462100674804224e-07,2.7908936900189787e-24,331438284096333.56,1.9480326947903413e+20,570.1959568617757,6.99565915230546e-26,9.502110189394753e-40,1.293980447357563e-53,13390.454368770686,543799355913.5301,113379562203604.1,0.0006428332977445,8140731.146177353,3.117437123013479e-23,2.7716583850931277e-06,1.3989426564665709e+22,7.023175031243567e+21,1.086656879920838e+22,2.395762334634484e+21,1.639537482505637e+22,6.603305638353278e+22,4.569383535453494e+22,2.330054974858504e-20,6.85164012913019e-08,4.435134504438756e-18,6.71840262802519e-06,4.044164917396195e-06,1.9996138670428186e-21,309452936.96214104,0.1631591340895528,0.8130929548380815,4.287723794817365e-18,15.950774961965736,1.8932910562093113e-23,0.0026904083956422,28585621391.679653,1.1504751208254617e-19,1.3008268758946425e-05,6.753416957779642e-08,9.046328217142856e-27,8.157047121186607e-08,2.5634969073885028e-11,6.41355429922463e-14,1.0850775565976642e-16,58.2169640586537,5.253305415179054e-25,1.3049971776675675e-28,1.5772749201663708e-07,4.4739009537530436e-29,3.359727593989878e-16,0.0002333325052991,686266735.5005132,0.0,0.0,0.0,0.0,0.0,0.0,0.0,1.8944704058099575e+21
1609.4826774425012,90305.44576079208,12.031333002756384,6.957149322592167,11.0279382301814,8.580250318808508,7.081051047120813,105273845403.44614,6.436981544962543e+16,11286.027270400988,14.951973043042496,393783.522661401,9916889417.71172,151382.8542377217,945475520496905.8,26759418398845.684,1970537106.8448057,6386033494.2306595,158581151880.90106,19438710104523.883,5.170156930111016e+17,8.40186265308912e+22,0.3604677023381828,2652086.047309738,66.8660638734296,0.0016926681794868,4.570435215623225,439883074343251.2,550545462.2086027,3038212548.618377,1450301845.9700787,23618503.310461633,0.0005721694964721,29282193.98080962,132649837434080.42,52.417573324597626,5.187245075028991e-10,6.914805149576201e+17,16911813.142897677,0.0593294184403863,3.0281102718762106e-05,37.19245148473449,0.8315516436639574,12780.471301910591,11.983684995900086,9.698598313098612e-05,13036.584140124707,7.1498749744858425e-09,0.0070825728697978,2.1669109540364312e-12,2.0437315787290168e-24,1.556012719714792e-06,1.3280911263886588e-14,2848919559.9555974,34696.220137853794,0.0004476141353953,0.0005386038180494,1.9589424021373295e-16,55553457413.00783,0.0851678473822631,328704478140377.9,2.548418698395902e+23,180149905899566.88,422402769.0428314,5.345487532924422e+18,315.2549380953927,1.8777263685048921e-13,9.473041309005804e+18,2.996044884522642e+20,181242986406.24008,394493.0158025634,4.955234922922439e-07,1.2531991973692174e-22,2902476.841769579,5.0731603745056776e+16,2.4830178039490045,5.354177211945345e-26,7.989098764787325e-39,1.4692959686658728e-51,0.1840717441973741,1760701.5884511948,78.1412898155665,0.107648437048548,150.46602943813497,1.0270474091264052e-19,5.183376962330811e-10,1217698799.0547142,159.95895566096445,6.421371342708849e-05,3.283695344338326e-12,5.6476425033397736e-18,6.037306310060066e-24,1.0326799625076848e-30,1.6003634342888165e-25,2.070946443841163e-05,5.450612202899319e-20,3.955593805366006,7.258490115387396e-08,2.196868052812934e-28,350750892.3386516,484.78427344491774,0.2729099806301822,2.4875490412477065e-17,2500735114.6211324,7.715217635806469e-22,2478423.328060802,590584607745.3594,1.7750163045045264e-15,7982079.190353036,3.1427167501539484,7.438321626985048e-31,0.0001755994384017,2.301697206656571e-15,3.631399206697732e-09,5.1424476025038923e-23,825.9260885115965,2.0504247262716704e-30,3.6003827584377094e-30,0.0970249102405214,5.314181315289183e-30,1.779308075876927e-09,5.5256979918014535e-14,7358055.971336819,0.0,0.0,0.0,0.0,0.0,0.0,0.0,1.8864695173543937e+21
2063.367648258357,107180.89722957285,11.976909736529173,5.95704381682734,11.221299351668124,7.198758429002476,11.866728522387168,29923371287.605217,4.303098405572495e+17,5380776.967514424,805749283.6697638,3495621318.808247,8.50273071526803e+17,210135122957.5951,2.9690767973423846e+18,2.1799688891808134e+17,1140054764278.568,8755798117346.281,1381791367594650.2,377754761593175.1,1.6830239639218412e+19,1.361036877435107e+22,2.036448347873403,5458038501482.06,14918435.956134122,190429.82876830344,87207520.64214227,2.3947489018310365e+17,2.232312185767333e+17,155164441908.84424,5.711459561838296e+19,7.541594541258805e+22,106689226.635292,2841966693130042.5,4.534924459260786e+19,1284056.5265084915,2.142435618341544e-07,4.749886811919565e+20,19955978868.87939,1.426222700822233,0.0044281065376517,323633334987.92,211379965.3621505,8302969812512.987,2499172210.028083,5075088956.740935,1796319274556212.5,8436.074286741527,14048089.17971349,887654.2394959091,1.7097761178705478e-17,11360456474.26724,3248457.1695492663,723835773771.504,1087656.290618225,0.0077182756609578,0.0090111580180705,1.3116608081981608e-14,153186411451.01303,1.1365081324413342,5.866293753557885e+20,8.619408647588121e+21,535624626041195.9,7994530561.94422,2.681681680799207e+16,88.33306361842155,3.28590156092658e-10,2.1959501630778473e+23,3.602654689929908e+18,22808160023.723057,53983569.870829,0.0002418014966763,1.2087353693802098e-18,1111150947259099.4,7.29205284907759e+17,1382.596870977705,2.7671991448898648e-21,1.341576995647838e-33,2.646372059832008e-45,11895.106457765058,14645663784431.455,257421121545670.6,7.163040404603681,80825973.28819585,6.86359630910041e-16,0.0005445659000871,8.966733170906753e+21,1.6056344259808288e+21,8.432589047668715e+20,2.889216558055296e+19,5.382752691244351e+19,8.693769179938131e+19,1.4543167402394837e+19,2.518819594738566e-09,29.413922696112262,8.005956964083645e-06,83218.2404252198,211.9404025409257,1.2622768423480836e-11,326980741459.9551,2293.2662705411767,15568861.14439152,1.9777620837506894e-06,989644914.937814,1.3281215289462698e-11,73261.1660654012,5091885857626773.0,1.3985443435498936e-05,3109292.0202814904,10483.84656803571,3.526028632635942e-16,0.3433244869649229,3.763612075044178e-06,8.19210934112219e-09,2.068056229922981e-10,30277.932703773717,4.765979500528726e-18,2.0758042214879552e-17,0.8895033295935283,3.6493007646937496e-19,1.1956772050398772e-08,319.8564330863255,4541971187070.065,0.0,0.0,0.0,0.0,0.0,0.0,0.0,1.878566050189602e+21
1772.0326023972716,81341.73993905813,11.995959370641788,10.76646487778286,10.580640859463546,10.256677086308388,9.047060164646584,16996782586.166616,2.60044551160548e+17,2732030112.273504,1371.414832412373,656308983.0637554,6713433989326.526,5501211.377694513,1.0131375019155763e+17,4269214757603393.0,1918351066398055.2,238815232092332.6,1269454539093.9404,2.2393871833223014e+17,7.322286914792806e+17,2.369051347327862e+22,151134865.4630563,2337006141.4444327,427561674.4614957,295.25195097848797,379683.87293566286,6.148702348188048e+18,712015316290845.0,2.8986325824150566e+17,690740222643.294,412838654148.57874,0.085600836368364,340187244.4842668,265237614466056.53,11849924390.95809,7196891.98512709,3.440727771061162e+17,193093909243.1151,45303774050.62196,8846.421421775392,57749.39390012845,5455049.750632981,251002085.2626219,1928574.8707641845,0.0083399336407928,173667.7441287072,3.2096676876379484,2903964.8495459748,4.211076519628236e-10,5.7121779560946596e-08,0.0782677222078392,2.0117218482549943e-12,1970805353732.512,184472012429.28748,33982567.94430861,40383446.902971864,0.4798531294315643,2867803294458321.0,155865044.57777622,8.084655242147765e+16,2.0770785697382608e+23,3.5562911775291416e+16,6726910108680.366,3.6250533922734768e+22,209721277465.5947,530311.8450209768,6.935344493579194e+20,1.0804274637840262e+22,1176428532842216.5,2128897858880.777,83505.33647553451,1.3405881743424705e-06,137515445958.00995,2.17719085320158e+20,896442708.1681497,4.3132637968047115e-08,1.9192390300519878e-16,1.745243670527841e-24,980582.5792704736,8299685394047.938,26341598519.86268,211263437.84268367,4158994135117.485,2.5301341632659967e-05,347306.45352156856,31182239242817.457,489160010.586148,23008.40658025608,0.1043922783600166,1.9443210079003025e-05,2.580304137771288e-09,4.584513019049e-14,1.8041041253820313e-19,0.0001149574093258,1.5975897566488967e-14,6.990977015024026,4.27519203511062,1.5915129396008334e-20,3442538619.188822,4745917982.801068,0.3857941158480595,5.793772218556175e-12,857328949.1219277,1.7532591399598577e-12,5324823349.82612,4373930620007.486,2.8720412474207363e-10,4950215.253034655,37699208.24594961,1.3369541646629674e-22,0.0429547437740243,4.028411869448665e-05,17.92413375842739,4.741952008724797e-14,1443746.9722770243,2.7554537271582596e-17,5.059995162086758e-20,1247.0769980879677,2.1717028873712967e-16,0.3701154073336687,2.496969067958722e-07,175623109.26463512,0.0,0.0,0.0,0.0,0.0,0.0,0.0,1.8747551992792272e+21
2720.3269407221933,74911.88920144016,12.015635539369066,12.60781200487282,9.69845222049646,14.31072548195806,11.304984936837334,51474745602.56,7.484530209146686e+16,2.9000492944352205e+18,840.3443743379506,1370169491042841.2,36320488253764.4,340.82969443577423,4500827375.572907,742802728.7323939,1171201160029.1753,107080931246.52092,1020.4966964111068,4416246736.873708,3737.3880902155215,1182.8885423496604,27.971776038410585,58774064.05880642,71056894442.4454,11012.9757650376,1119764.963019884,3.691213345092463e+16,27902111423.35109,9.485691848107389e+18,119130.85499793803,19.06473262709138,3.0932161185366103e-08,4.6506696834344464e-05,0.000217356335029,4.431593302071992,198207.39801845304,1.4414691943036741e-08,2.8973080022672814e-09,0.0487534858858779,3.3695685288608823e-16,0.0012057241046338,104.28294233729426,0.589484438535551,6.506605037201043,4.5947424621549116e-17,3.067180519595242e-15,2.6269797755244503e-10,0.0002003114441668,5.087136922209069e-30,8.611803427256278e-33,6.539575374569308e-23,1.209968591629912e-39,471643315970363.7,3.412013024775535e+17,4.337079227303593e+18,4.927929724043567e+18,7.011170428258445e+16,3.4585708013890425e+19,2.904283995180373e+18,31754502344696.836,5.58783493411595e+17,274431706454736.1,3536840689386.255,9.63596404621062e+20,2.963344418867037e+17,1.2801767936864906e+17,10331512833399.926,599239468374265.5,185996002.118658,1.6740057303869846e+21,6.482109172237837e+19,1.2631007073750796e+16,28703852547828.45,1.9408440541341815e+23,2.534933092094718e+19,2.094485107938759e+16,86493375296425.39,3740305565915.054,763936514890052.8,2.4236082838536576e+17,1901328018773.139,2.035370150695794e+21,3.7124442568258585e+20,2.950705350926108e+16,1.3232440462283872e+19,46277278595.32621,10992.457858105265,0.0074590369035101,1.8409565326298748e-10,3.7748828127356304e-16,9.140400239546708e-22,1.5238183596490802e-28,1.0141992720892672e-08,6.309727483886857e-06,2.058384433040912e-08,1.5424683517718296e-05,151309.82674164823,2.625076796211427e-08,21783.09500243191,81372500511.63466,2.0266565105060015e-11,31.82257706220989,70220572.72224206,161247.3144171145,1560386992381.079,12107305.475765524,1.1125026260889808,7796.765109877165,286236479806.80646,0.0462757632105111,169119.13159105458,29066967344590.047,101229378145825.52,77335.87677828061,82940294504.36606,3316728.014052844,1049.5692475850408,74650698025.39554,1170878221.69111,2191035621736.2344,15040.326747946196,12988775.177753069,0.0,0.0,0.0,0.0,0.0,0.0,0.0,1.8555715043099652e+21
1955.5975132108429,64808.103225981446,12.027054168491915,10.684826570818284,13.658063681673047,12.165722931639571,12.877619019788698,879257169.0262499,206129748643958.16,1550004.6745046724,328460203971.10693,133723523.89631556,6579248181068825.0,121240604180.11826,1.2681131676468626e+18,7.731199151983558e+16,648943862129.3665,18734618889050.715,1488801886358.8274,1283344747448.0215,37401258929072.266,58917591343833.49,4.041808239560222e-09,949737789262664.0,3828074103.7796254,3408425.7811803636,2204949697.5477724,8.87103936199297e+20,1.6051278665441034e+19,871264374900285.5,1.7596712032164868e+21,6.957225566305803e+22,116612366127047.1,9.40675723479574e+18,3.1253150918828006e+20,13640560.53134665,4.618897942645732e-06,5275955284168260.0,190361.50370929297,2.6820772893238685e-05,2.9234127174207064e-14,1.445740396341701e+17,180729160062114.4,1.384515305484277e+18,9835297179553494.0,2.4373154831758193e+19,1.924456094965299e+22,4091784525229.989,4.47113695137085e+17,9.64813703976326e+18,2.0980116850779375e-21,1.367715460937365e+22,1.3291866486830564e+23,38461860.2680556,83.29522489136735,6.344103176158701e-07,7.451217049681069e-07,7.8995227276098e-19,83831251.56458162,0.0004371942640968,6708516425553219.0,8053568590228070.0,47025250.64040943,109.8222593187664,34894980901.57098,5.002466005892335e-05,8.408262480934132e-18,4061794479106541.5,641862251.048725,0.0003981735488055,4477905.251950002,1.497177220657024e-05,3.9847159771992876e-20,1447702779985.033,2.2104010747099436e+16,19.577159298951003,1.4793839267795136e-23,5.4243657408457366e-36,6.443288711321842e-48,15.634834929354914,171363280882.04742,66417486277.110016,2.907008601135489,1546231.9380263083,1.0824258033890346e-16,8.728098869670343e-06,2.0630752014704335e+18,6385622412818809.0,58367052820699.06,39695095722.38009,1335371809.5132968,36435622.58584056,112357.9328325293,9.830410670493949e-07,564.7880860394692,5.401149317118433e-06,2541.517267929021,1133.8194224280207,8.61949680110772e-10,5938062994720.6875,475762.6887334638,1916176040368.8728,4.395335555224171e-10,19072.889742764513,3.821876361134603e-15,2.2526479055102735,3846853150.585026,3.380081707077883e-12,0.0416006475604705,2.967684958215178e-05,4.666107993030108e-18,0.0004087403316773,5.584033287050682e-07,3.3577803800709883e-11,1.5674346133677845e-12,17.691032032645218,3.839408297945766e-20,2.7652273046532714e-18,0.0128423649669733,1.1086097883530492e-19,1.7583781302244018e-10,3.1553592021788366,2134644762.1464496,0.0,0.0,0.0,0.0,0.0,0.0,0.0,1.8453302256768207e+21
1553.3569294033314,66776.80491354427,12.036675036428786,17.124348697906694,18.29895106951554,14.134111607008704,12.4662962687346,601956.8516460822,75025942.63291055,14428.888063884158,105083167.24799326,537.4371156327724,59017367726.10758,3098.2689077688983,321085377120.2399,7768131321.519386,3122620.4320854857,1437057118.5446486,11.904488427658151,14075.926021579782,0.1553191523058657,9.645079172468112e-05,2.889847306539838e-27,194041074603.26343,24972273.154839706,0.3922265362736485,1419.390404674532,7.209857936741451e+22,1.1801568049864182e+18,2.604328733219515e+18,4.134245078695717e+17,1.2674071022623552e+17,138366138002.81024,39212732543642.766,719363124864.1823,5.475189750856437,1.3272551076381381e-09,0.0265304792789069,2.1048351010599707e-12,1.7507372740106845e-19,4.791825020528915e-41,91029543713853.84,12835840322200.676,292642864020492.44,3.1385355346071044e+16,1.2151130802389212e+18,6.868071436158134e+17,22207679668.38281,5.972183196534869e+21,8.253796893190651e+17,1.163278827818614e-43,4.29797468295121e+19,2.3324505276513768e+23,0.0111086719992058,6.742680730164854e-07,3.4010616264823516e-14,4.1124845051821823e-14,4.2211914581312367e-26,263.70563232465133,1.103779812670619e-09,5890575.710324397,1127065.716094977,2.327157128520804e-06,2.4613968914262852e-14,114.09092010248624,1.2312966993584668e-14,2.6354547793363876e-27,553.373719723035,1.5299141746752904e-08,6.164680105022175e-29,3768.3189241303694,1.3584692306814812e-08,7.4681624990221e-24,82256.00245459635,1210329304081.5598,0.0001152063732153,1.477546771166593e-29,6.458298932625133e-42,2.844833748643842e-54,6.7545954353256414e-09,54265830.91816651,34800.17900429362,0.6711877057707233,25718.41485618792,1.0628062278300429e-18,2.812017630264503e-07,134525468012.13297,208801.4476711872,0.9986050312587684,6.786274767640694e-07,1.4343821004608152e-11,1.7866984159325454e-16,3.817016904183862e-22,9.918806867199764e-15,0.0012206828839457,1.1605724500970813e-17,7.373537856796051e-07,0.0003238184723498,6.708020917765418e-20,419014192.83846915,2827560.980748834,1149780103.153359,1.3909784486475305e-22,2.1394506763147127e-05,1.9545990452450046e-26,1.1432748928216245e-07,0.1165300246663339,2.317066509344271e-29,1.0936998935385567e-16,2.567590568562989e-21,3.805827339094626e-30,1.4177287459285414e-12,3.276190082808802e-13,1.1112805058268466e-15,3.50690338040807e-24,7.799190026863484e-08,5.424502570070252e-31,2.2022035231281702e-26,1.0952085641097188e-06,2.3734019345162266e-25,7.461819238756399e-14,3.687733064054989e-09,454.2556560694373,0.0,0.0,0.0,0.0,0.0,0.0,0.0,1.8032271285080658e+21
1588.8946957617784,72382.18960395516,12.037156250048476,16.540249991601897,11.695004927839616,16.59679682287959,16.737041390839174,2173051.0521647297,9251349786493.275,124460627732.1862,3.046883943506548e-05,423687033.2308188,2.3843848754997948e+16,6.156656153355781e-05,1013224027.6597372,27108252.648266785,37044729972.421326,61957733.914139286,0.0139822910351355,39009795.98396566,10.19627068312763,364.5234702682076,3.200602710863064e-07,12049.066633281089,5503065.905330338,0.0111882808961192,33.553651371124516,2.800324586372382e+16,1.1173899006936387e+17,3.5342734978525143e+18,14141693492.304358,836677028725102.0,4.1994556972795846e-15,5.400778509557697e-08,5.4953087908573955e-05,0.0063942144273636,20.311567060508676,1.069202507634462e-08,4.0262076193858286e-12,4.480542604242625e-06,3.35193838190993e-24,6.023924077727532e-07,0.2632251222294964,0.4441187243072892,0.0020866001671553,2.9694010616423404e-21,9.088744796445612e-17,1.4774972811575568e-11,9.998654374049316e-05,2.2851222471869382e-34,1.0173188117660279e-39,7.0599624083742475e-22,5.6019727819622386e-42,607607970.0331703,132914058338.5178,28229503646.70885,34027583959.63684,181267.7040443718,133406323875503.66,2960375317.380448,1.5964218958371875e+17,8038108429525109.0,8031180436.460401,31101457.66124607,2.9938296192466324e+18,2213973195.8226247,1406218236327973.2,9.560936624138447e+17,2974287379896.0947,464.8368810730379,8611552947829954.0,159399543184.44778,537.660485763041,1.175338111420015e+16,1.4655535855246865e+23,91927280311897.23,382.9979561840273,0.0008482254576549,2.1544076843689387e-09,597070725.9282749,7.709441189612274e+19,1.1306594331284331e+22,21158370178408.777,1.229567261811033e+23,244.42189417494953,6.470865262108061e+18,1.0584794992659036e+22,4.274689731529782e+21,5.291030396284387e+21,8.67597167609711e+20,4.6523828017373386e+21,1.5212466112933577e+22,8.160163833103825e+21,5.411085067464547e-27,9.995953096795422e-16,3.902821746254551e-25,3.9256946628700024e-14,1.5622891503916168e-05,1.2663249065931854e-26,47.932564506726045,12393394.042012133,6.166723990235405e-17,4.768582487301007e-17,8.115780411722119,2.567425498863187e-14,148621.94229241766,7491725192.751549,6.273265775863786e-19,4.172187283588654e-06,6.7254424087456135,9.77110340006323e-24,3.948623479000481e-06,1.0062355522201534,30656.33639669373,1.6456217486856999e-12,43172.71865182629,1.0771827983547005e-12,5.290584649815659e-19,25.815503171388883,1.6085723297620275e-11,7.653339493593369,0.0024028482515149,452250512.79668343,0.0,0.0,0.0,0.0,0.0,0.0,0.0,1.7998409245527258e+21
2291.708647022249,20278.139206855783,11.972610069191244,8.666092659869621,14.45258031878569,14.657878862639503,7.937331789099173,518181271.9298889,6842211219047465.0,780509.7800884858,1545997074068.8157,13023165180636.955,10443744693514.678,909087735602.5104,2.2727069589890148e+20,2.3334672314294178e+19,798675597798.7705,54350231264.07209,8146053814893.431,4308541466.113943,113388845845152.12,116468811565107.22,1.6709920678466543e-11,5.002344765939232e+17,10457723409.808935,10968597108612.707,2694685857648194.5,1.3028739214351466e+17,286410338893.2425,615450935.2623137,2.1926821649156816e+16,31176996544683.805,13093762620375.385,1.9943054253858694e+17,3.5860493392374615e+18,10.755371799588904,1.189964679733337e-16,283426027187696.94,242.5185500769751,1.1711585120631929e-12,2.824522259707278e-17,2.0645843595163548e+18,6373751194354.595,3.240365097231471e+21,468253010587.841,1.6241256124860164e+16,5.581207153449139e+18,2781440141623.497,354695056.6315657,250728380447824.62,1.8992962656589395e-32,1.823349644084658e+22,3.198434236110631e+16,6271693666175.027,74884.6798592696,7.225329039366422e-06,8.34352746204736e-06,3.3276940223649983e-19,29305381.303848036,6.339506904326198e-06,14982653474149.322,1.722847683624552e+17,7903711021200.273,34788003808.25035,4522074695.239636,1.0353737259876588e-06,4.68424311326517e-28,9940126269130.69,62634470186903.76,1157134.5644478465,761236904.3671879,8.909936896456725e-05,2.1546493843725152e-20,3501463200008.8794,4.232851431240736e+22,4914419.723746527,1.358534295833243e-20,1.6944988691668675e-34,1.2858075846777514e-47,2076194283713.7383,1308643.3769532167,42.7704966447869,0.0085866072669754,0.0457052504813917,7.00187874999556e-20,6.549747751184383e-15,119316090932.26756,61938.01425866352,0.0932474260046865,7.2106770846628634e-09,3.6034672956073994e-14,1.7661897948961052e-19,7.623104610624711e-26,0.1797684475069551,411.8427155603231,0.8951496351017237,2097.101744957138,8651.615755258863,0.2160305135724121,51743977433823.46,0.1024741622083399,2881238758.039048,0.00433584740309,152555.77389961854,2.7965348218165956e-10,0.0742712607145079,508916.82179476565,0.0001113557287089,3.919521681537789,0.0630850524392232,3.079287228856313e-07,19.72706972914247,0.6373775989350695,1.1898706375530235e-11,5.070640692059269,64496068.32760528,1.6163393628184883e-09,4.1756913780287267e-13,0.0008407459493175,2.53657926978229e-17,1.678961273888776e-13,87.063525459172,256737.29423780105,0.0,0.0,0.0,0.0,0.0,0.0,0.0,1.7986614426651135e+21
2281.191001594912,20128.709851558066,12.00904174908668,8.71268679105697,14.46348620903853,14.686587508972524,7.9349523703305085,460050716.55712014,6645294232759102.0,728003.175497492,1328309483853.8413,11716917475568.096,9460672913615.1,822782440386.3746,2.3122243683712215e+20,2.3411654301878977e+19,850210516031.8884,55604491370.383286,7931567811359.33,4682630669.382382,119632755996817.92,132560603537817.3,1.881959065274175e-11,4.635829335820972e+17,10215679339.499798,9846845149033.732,2482566959028401.5,1.3538513961260835e+17,288685656068.655,675427927.3899745,2.025746025753682e+16,28866788556014.285,11135924108578.604,1.891590266286857e+17,3.6875467527189233e+18,12.00082783722803,1.46750952869329e-16,318104361905055.06,275.4248203882308,1.470818026258782e-12,3.3691975379047376e-17,1.886945345125286e+18,6266862297912.461,3.161164066317941e+21,448891069515.79895,1.4195172173157892e+16,5.32547188915757e+18,2768492125919.569,374312504.63554907,213932742873153.16,2.5001060726163807e-32,1.7418556699361247e+22,2.7700361130552384e+16,5936730646924.096,74606.86824341994,7.407902838984683e-06,8.558315327965851e-06,3.4116160995223173e-19,29447367.538459685,6.350815502547057e-06,14346462165796.123,1.806259879840634e+17,7973865973510.996,35085341153.64587,4977762638.370696,1.095790816308165e-06,5.371606229081661e-28,10127102081606.088,68383909446522.93,1250697.0011149787,743528451.9031703,8.716155887798924e-05,2.0572895437027355e-20,3189897900669.8213,4.304163572309079e+22,4829933.750148865,1.3005583006502283e-20,1.6253736543041561e-34,1.215594264350783e-47,1915779600374.6404,1252347.6026869868,40.10569846749735,0.0084161209914358,0.0464736668016371,6.543492210637959e-20,6.727086431709591e-15,108315528691.04582,54077.98727912771,0.0783366739432924,5.887281476452315e-09,2.83872858789584e-14,1.3354632624605503e-19,5.570756171563194e-26,0.1328328703466468,325.77365405018116,0.7074536818545171,1764.6275657225035,8181.337744743799,0.1609779380548974,46884381549308.664,0.1016951118911053,2409226141.525058,0.0034291324522239,134807.72486572925,2.3097902086767528e-10,0.0696335294419549,460594.46286188066,9.094554555675966e-05,3.457738900640846,0.0651865599584634,2.2066660265132465e-07,15.838989723373071,0.5612241874807122,1.099506960751744e-11,4.007062145268313,56450063.698368855,1.313552500595798e-09,3.1708156197005146e-13,0.0007253996931463,2.099034975492795e-17,1.4855140961465386e-13,69.30653101734222,218277.88965652388,0.0,0.0,0.0,0.0,0.0,0.0,0.0,1.795758889709585e+21
1453.829964600285,62645.528529617826,11.995838591364368,14.433272884173604,7.668321857887543,12.393172540975543,7.50273233153157,363.36132399044664,47031899983.079185,2623831060540926.0,2.7112852850866665e-20,2059164.3703557316,0.0012166707807573,3.028301851209613e-21,1.6250648801695962e-07,2.8891835592759815e-09,3.65850487264969,0.0174726132668244,6.929485543870231e-20,0.0007894584125415,6.3953580956311635e-18,2.566669300642985e-17,4.4362066502526433e-16,1.0366728569003491e-11,0.003690290892282,4.206750323996421e-19,2.7077449946662456e-15,1012019165.0628438,1.6099208348938083e-09,1.0605958753332642e+17,9.527131819129312e-23,5.802122501967342e-36,2.0859349640864964e-43,7.916218528096507e-37,1.0530879909034724e-34,3.3882830711574735e-21,5.554166905753712e-06,3.9065819065904533e-41,3.520727498498561e-39,1.8652934542859775e-21,2.8782123008847034e-49,2.6974159505458855e-35,1.5904657523127082e-23,1.45885629487578e-29,5.732022995382984e-25,2.3843370291019722e-62,1.047925456270131e-58,1.0794921024553339e-47,5.800468308459121e-33,7.470724723985794e-89,2.4812507226266296e-79,7.627910017892657e-77,2.196651184169531e-109,155137.20871925697,24805079005981.91,2.0504950086755597e+18,2.5032785102933473e+18,2.2204650073958477e+18,2.9226047586338285e+17,9.891805333092164e+17,0.0004908679681722,4492852805232.57,158511.14428232002,67.39598320137031,1.1230406464037652e+21,4.473677226925627e+16,7889837634428462.0,0.0002180023525048,7198980.382669033,1.167485322659075e-06,7.397682556930921e+19,2.3784962634340617e+20,6.7745898682029656e+16,7.563155972391692e-05,2.6548535077146764e+21,1.0516751334854762e+17,5666242568893981.0,2307134713050864.5,635791081099931.0,72136.08658824085,3175229.894640188,2.401086239424881e-10,3.078070456026004e+23,4891199102138418.0,1.4841943523749123e+17,5.819831254931548e+16,5.344299118069445e-16,6.595069018502532e-35,2.5517318650323095e-53,1.7380863906338151e-72,3.1589997414137232e-90,3.050083937698879e-108,5.782089699431042e-127,1.2097434797898476e-41,4.012478488791634e-34,7.411127376129296e-41,1.0742730391180276e-33,9.139122926352781e-14,3.902505628098482e-42,1.0540442068271632e-16,97.15977177777113,9.268995056616101e-48,1.2476102595352337e-19,1.314992873771846e-05,3.822283903254989e-11,215499.52496045415,2.1030956723674398e-14,5.1015673819136657e-23,7.877788169445277e-14,991.157056439592,1.2856478274274307e-26,3.487028615644239e-12,85107.85838724139,43456401259.29026,3.984214545241833e-15,0.0499140419256084,9.949991830609767e-10,5.698532891753458e-15,280.6194199010104,0.3419368318947224,28272761.788386237,5.758523084676755e-22,1.8105702001718217e-14,0.0,0.0,0.0,0.0,0.0,0.0,0.0,1.7779719340937597e+21
2170.359925043841,69924.50085720755,12.021913065036443,13.388949479275146,13.850544285645578,11.583637392045397,16.68247776633603,3270791167.3000607,3120637847268499.5,2333279262273.939,13583475.18877086,32230695592.05795,4.311682726655838e+18,9763989.247521697,90042352847777.8,7805362554321.396,3816488228550.2007,17963351520557.625,137998664.45303413,1929300884399.8,3309230992.869029,5549175661.664442,0.0338800602084182,98197981100.37146,27094810692.988274,13076.510599155648,4399108.304787518,7.992993725218981e+19,1.6662547001482455e+20,5.103702958846093e+18,6.363735724057615e+17,1.275090432649661e+21,5631.073275136139,209580120.54566216,6535280900.208998,2544350.338460762,4601.711231003033,632025.1908215211,4.350165509684781,3.4259940009834553,2.6951263722762186e-12,18989449.428305022,988610903.7906824,587146446.5946827,5996627758.715225,538.3697513507282,347457.3235467649,247.53956713160144,5624606316.983353,0.0003448001519647,8.895200992645726e-22,7.877169881866356,2.92237525215953e-06,18689020566.091396,2890493117.999924,2751920.875514566,3195586.4275767487,0.8827127441478989,140520739942717.7,204088538.17911655,7.881076961890811e+18,1.2913618787860376e+17,33180579768.734413,1299503.2927606064,4.261126644872177e+16,42217955.710447624,3364240.2943383134,7.217522191910213e+18,445984989109.41504,42.41511742648822,35515354697003.67,29503511.72308135,0.0370658181970123,1.3816470866962128e+16,4.123611246154559e+18,2208290396.7288685,0.0002153938322105,1.9191530190731495e-11,8.504303965603681e-18,556631.5158821059,7.31925401844407e+18,2.5610582450666553e+20,326074379116.3076,3.714535994968784e+18,10.39221635173688,4190026140959.2646,6.928228088385859e+22,3.0744500671604735e+22,3.978609690624513e+22,2.98492152262254e+21,1.3259356899536768e+22,5.4246152658559236e+22,2.1230109797986393e+22,9.511884285444656e-09,0.0354107458456572,6.962467193715949e-08,0.2476231486592512,41307.384042380654,1.130060781965344e-10,206012010.1212008,6683474993.971821,26.900750864757555,6.143013573546335e-06,589971.0126715444,4.666700212647128e-06,4097399.9554707967,3596312029608.225,1.5156921295392424e-07,9.663493074458628,6737.362451863943,1.8105538341180945e-12,0.3274157920057367,317.05499746811034,52.63774657161848,8.712558047062384e-07,27190.09096127046,2.717104475198118e-09,3.866375061112965e-09,26048.8717229466,4.6361202638282406e-06,49.13344637627246,281202.1311142516,1309641856905.54,0.0,0.0,0.0,0.0,0.0,0.0,0.0,1.775517049651662e+21
1207.7926592414342,12049.747633973093,12.014342736059222,7.862249512562656,12.20377181760206,7.2611724769541075,8.827298380456401,2811749.617715768,50082597411.58512,1.2097972257033723e-05,552.021776745831,0.0007290577972053,1327653192.7508037,20145.738647539652,2316237348335085.0,15460992346633.91,795213.739811658,368905805.0630925,632619596.5985752,10246064311.852514,139340826332388.84,1.0022415136208406e+18,3.4772437568257354e-18,24267794.04076039,0.2352107735532212,6.92834018181899e-08,0.002803264688609,7.094610883828084e+18,1762448338349058.5,23551978940.26162,3.4058164845357984e+17,3.1452203273064817e+19,1778287.5466275555,1.2297893551530134e+17,4.2726952461199385e+22,155.8675904318465,1.253797144566148e-16,5.4729144186542463e+20,79210.89516232519,1.7874926787930985e-11,9.282688296496344e-21,22971977864.029724,1354106.1614540871,749135181165.438,14574967175.107218,1065477387435031.0,1.5046543262780804e+22,1289.8903310247752,74824596755023.48,691147228568573.6,2.8891268561059333e-30,8.139739055810796e+17,5.422581615639893e+21,0.0157649681021384,5.7904211910588985e-11,2.465768637746906e-23,3.103272970422762e-23,1.854385534156246e-41,1.9779534104116023,3.6087022773854234e-18,213968512123.84167,8028103482409904.0,11.71279284768868,3.181430532009769e-09,37104779.535653375,6.6481710876439e-17,1.8592268163103084e-36,62840292513820.695,1180877.9321856406,5.92676277568723e-13,4.9425088994767905e-06,1.1709046001150784e-23,4.4455280896234114e-46,72.14954904500411,2733177927.2877917,7.157015291564143e-15,2.7684060659574502e-53,9.764383514223472e-72,6.460193631923394e-91,5.829834152346859e-17,100.37027921445564,2.1570582104114666,2.8186879294512224e-14,6.954192388818317e-06,3.301914680657149e-40,1.1591833045504191e-22,785247068742.2615,7909457.682036676,266.62560721646736,0.003121720852009,6.001986801197042e-07,4.4264077113167186e-11,9.79392087105087e-16,2.6844082713008176e-31,6.549469508463377e-07,1.4951812346816378e-27,0.0009140350641608,3.338928958339082e-13,9.399905550421196e-38,1257980930.9789307,0.4619729859918797,602436840.2661996,3.240941963377569e-33,0.4878370731131777,1.2322788005898762e-41,2.9259219620606265e-07,3879414.248316576,1.0914269895207932e-34,2.2994332107267856e-08,1.4125213448456144e-19,2.3828137420313223e-50,1.1191521590194278e-17,1.6305482675959572e-31,1.0236642988067703e-27,3.9663575992003867e-42,3.8057437811913446e-11,4.88516095412091e-54,6.297303094335916e-49,1.427708880510025e-13,9.283744732731988e-51,5.249344996918523e-26,3.059653943439712e-21,5957.862555790141,0.0,0.0,0.0,0.0,0.0,0.0,0.0,1.7647297478422708e+21
2108.607734850531,74520.37965495943,12.009959105444256,18.01671655213662,9.511957015864189,17.536609715478875,14.15107894548688,3498015.9363212483,1060709568029.9866,1.1920715469164434e+18,9.33622648416885e-10,1830822454900.3513,21261081.08527893,3.938552029969378e-13,0.0009203224851979,7.263897411385686e-05,43.150014555268854,1.3449931154824086,3.759924269005272e-15,8.978453909114859e-05,6.398533141813989e-17,7.393897909712137e-20,2.7924381413602117e-19,0.0012956023641629,415.8557010451205,1.6122482880287095e-08,6.455415663207232e-06,16041210814.479122,0.2616985822882835,1207736923603910.8,6.81628108403349e-10,1.3305622453659993e-17,6.88294428682904e-29,2.2063300706320775e-27,4.902447056869943e-29,2.1833274477621992e-20,5.160307604911968e-11,1.4625175000617734e-39,8.907632176160465e-39,9.095243970559236e-27,1.0667008947484964e-51,4.352988236996204e-23,3.0137171698547578e-15,2.4117203906936623e-19,1.337846124846554e-16,1.5034063150827602e-45,7.196731511303515e-46,1.8043198456353865e-35,3.722980320870847e-26,1.5663884462591938e-67,1.6456900756858243e-80,1.0225755423826176e-58,2.7984888825118837e-85,617554750.4985198,109910296940319.88,1.0365755315815085e+17,1.2073781483843763e+17,2.7162158320561296e+16,4.893273598408907e+16,5.687745138834932e+16,23325.26401673839,30320843308.96232,695918.1761344203,3147.014357427196,1.1320917045489458e+16,7042632876880.711,6155429402853.439,13.409386417546475,6582.186134881892,2.80668381593515e-08,2.8555803780509603e+21,1.957424108624611e+21,1.708837306462416e+18,8175517.291991195,6.148452257254869e+22,2.1420870520372183e+19,1.1684452464974075e+18,8.632064953823976e+16,2.8326747582471656e+16,500902189307.59784,42565935329587.06,12450.890766525572,1.895943351322445e+23,2.6491686611696034e+19,3.584843040188018e+18,2.6122109768510444e+19,3.3214079261839333,1.0885992769249006e-11,1.0437970201690554e-22,6.202698829042891e-35,2.079788966224272e-45,6.2061448469041935e-56,1.8532289456887482e-67,1.0037650277866728e-22,3.31179476907546e-21,4.773055456919948e-25,1.446254780895741e-23,7.707598806961608e-07,1.4584579446779513e-22,5.531742036592231e-09,1905.5912841433253,6.9509401589486364e-34,2.223087305463278e-07,0.2520290807224231,0.1842717174832938,2122905.55138542,1.722613649920116e-05,2.817671022880656e-12,1.69029404566796e-09,204.80586976603604,9.440708161629596e-09,0.0205305279441186,5367869119962.267,5644156624709.637,1.0116776546738062,351273.1274891252,3110.288931111355,0.2099692347538685,18689894.769427825,365566837.28152144,34055765511.33706,0.0002460447800049,0.00999467053679,0.0,0.0,0.0,0.0,0.0,0.0,0.0,1.7471259055992427e+21
1591.507819713122,76135.07836248766,12.027866811987314,11.349754360075307,13.397877961079056,13.942908214086318,13.645919338025054,125409.26701257488,583677956470372.8,119614.0586420069,1210187.550367027,554670387.578035,1503168750480892.2,147912839.59550238,2.8406781423739255e+21,7.655156185153677e+19,9.40402939554261e+16,129566205472182.23,2010435135832.1997,4911785531018006.0,8.739025861775624e+16,1.8662964090005183e+20,0.1415680099669286,570589008550590.4,234992208925.745,667266087.5396327,1974342182493.294,9.352076144434736e+20,2.268825544442124e+20,1.063147381192408e+17,3.241633898093183e+19,1.1466645306376703e+23,6157928.826565217,4650671988238109.0,2.819199578683797e+20,27046907167.179523,70.05872331715729,2.0236938380820837e+20,70165339843.62866,63767.88593023199,0.0002039028283846,1054537605929971.2,411488591474554.4,9.315229927057832e+20,2665154385801.0786,157750728380.27063,2.8715940494951706e+17,1044026977518108.8,4134615357022598.5,450753991.17417973,6.810325861616079e-11,2.0165972690425115e+21,402502343752.4539,48156849675.35547,9509545.663125444,1.8437438747304329,2.221931449846927,1.096846029083156e-11,7668889168.817203,0.1579387756069784,6.078171341045836e+17,3.0303546359058305e+19,38273645828134.41,183652316573.84497,1.020382255253357e+16,7.133357246091965,2.2344189228600994e-07,2.1904633273096572e+20,8.453945326187448e+17,10216822870.641912,10019262633.32039,0.171723362314246,5.432449579027468e-16,915805588750806.0,2.2335893189503436e+23,132073474.5986255,4.789095404883926e-16,9.811848886840624e-28,2.3268675309427457e-39,1184767796.385869,4379660149276.094,38873161780815.766,18.374661334334288,6274640376.131898,2.015646465552097e-16,0.3043518368314668,3.992137546479439e+19,9.848099657806202e+17,7.44302447177127e+16,741487069327776.0,242438400955068.62,48454172868493.586,1583606908870.5752,4.273126502375992e-15,2.251217609157022e-06,1.8501171849134863e-11,0.0053274467222208,625.7913115922308,1.2340621027342946e-14,124818354291.81548,21343.14777262205,4957.667765759805,6.15165771382969e-14,29.21189184762175,3.00302307698954e-17,0.4811613034251766,1597195353.219008,4.945165914849482e-14,0.0009337064491233,27.064920290816,2.6454452514212295e-22,2.978586030322197e-07,2.2721236693038617e-05,1.8481777783316927e-09,5.2519288876826797e-11,3862.0616276695223,3.139377866076345e-17,1.0397858397412673e-23,1.4034585576500443e-06,2.804134557974525e-22,3.807119296019597e-13,0.0029786410332715,1600871.27841384,0.0,0.0,0.0,0.0,0.0,0.0,0.0,1.7026708274689933e+21
2283.25472973249,79881.42132448996,12.000203486057542,11.71532887924072,11.2751388157601,15.904756717416811,13.335163948133983,21116561869.648933,3.4418862523289548e+16,22194954278072.875,2973998.731380267,29034906723795.87,7.20921868348774e+17,9389920.955526458,6258451845281378.0,635421406243401.5,685888454232178.4,18628066628840.406,459484429.29000103,7982917046083.77,35130054728.09451,197488840494.45883,25.40783281127191,2481778927005.9897,1627650481269.1934,128741364.862743,32292885148.04501,8.78038503668262e+18,1.4076126573313208e+18,1.3032089055255337e+18,3341407292884536.5,3.5568396986872685e+17,54.28760798783481,4647885.405353233,459239957.7830355,1330025.2302790815,14421.057679080894,1032652.542965315,26.82508079658713,127.0062927338094,2.5917901928131052e-09,22011123.3307073,2166951088.7009645,88352149891.71536,64274390.39817871,0.149568664289161,284.0135147824486,5036.4166477882745,3436678.985527907,4.921460839531722e-09,8.05481761279513e-21,2.308324342799122,1.3806616960795594e-12,75005496541506.5,28061550372522.95,83318083163.5122,96248223203.77583,115390.9505733198,4555981790045339.0,29565796465.175297,5.568662968204688e+18,4.745756524563942e+18,512328314832125.7,5471404785283.363,3.8954305518023767e+18,25988033004.003685,847473957.5336704,1.9997248467914342e+19,2.227724917077936e+16,5102350553.845803,5.4518220180838264e+16,192132281178.9427,1370.276380211286,5.892839595110345e+17,2.5269293113501858e+23,858461867579669.1,2101.280988603607,0.0007894099039118,1.780502281540944e-09,27824168609209.85,2.8389668909736704e+18,6.821705449140537e+18,7641096443736.549,3.130539906251681e+18,1803.4030885087095,13600153432320.229,6.16573120738716e+20,2.3182380457879073e+19,2.5287629798174566e+18,1.4282611734319764e+16,5183056435284899.0,1837006243192490.0,57652721095350.94,6.832902048951654e-09,0.0332406949152149,1.8493930785575197e-07,0.916019932408298,62082.96216349222,2.0063726046055073e-08,11304010367.096315,8973939823.25599,0.5283764982204799,0.0004124715097663,31894754.44871442,0.0008283914431804,489692556.6593847,8105673559837.709,5.597912769108448e-05,4214.284976827875,5932407.532371963,1.2754466465972328e-08,1799.7455453128337,936718.535863847,1098978.940066981,0.5513819799104824,15305087189.140718,0.0054056046045336,2.245122389751719e-07,1006942.4866600452,0.0004394416425058,6170.448812332977,120823.9360489692,755165356690.9011,0.0,0.0,0.0,0.0,0.0,0.0,0.0,1.692152844737935e+21
2146.759333868881,70888.12663611479,12.000759876211664,11.136980606513491,8.375453745188151,12.895361053389031,12.225805367400522,5855242398.938089,1.9510189238790963e+17,32852996643994.72,20153.233821057955,5142011594749.238,1.8433991928564209e+18,1111706.6597854504,2866928118787016.5,239929118382329.25,2286370088040035.0,46737391834733.22,1271148488.1504817,393589756274423.94,2512120578842.255,343346018952390.4,574552.8472076979,36710684898.17484,194212803174.52423,940061.541621935,337603051.79496396,3.2123159317361475e+18,3.4045223582743373e+18,3.952663523103101e+18,621722028454178.5,6.876095018076184e+17,0.0177099952195631,58415.075839884485,150342932.03240076,20210157.61685581,13262321.316754838,82153888.69216076,9783.522891151204,2788640.0409914865,0.0005207340856533,14916.501063867225,15658609.382308522,113241516.19835524,428212.3173658276,3.943326917359422e-06,0.2133031250476221,1.832077415439968,18689.48458219723,5.176515686636042e-15,2.9349575107766743e-16,6.823930781546798e-06,9.912449455975324e-20,228063037156763.7,673582874637552.6,11575862169273.904,13457591030572.486,62346303.41741079,1.6061671713260016e+17,3886910933943.6406,2.6077377371991264e+20,6.587083969754637e+20,3.2000924434770304e+16,260921544718818.4,4.124637526932714e+21,62161997917777.41,938113658681143.0,1.879599926923341e+22,3.533505869066751e+19,45975807432812.305,1.1695090871974317e+17,1637510775864.3445,32506.505564401992,1.247787171849647e+18,1.864335136140385e+23,1539034016870503.8,39607.91308599927,0.0595833572312774,4.273176179674634e-07,4106693699401.407,6.03124196271836e+19,1.099916473597132e+21,87313628266754.81,5.986402999413565e+20,41438.93455731581,1.1630288531723488e+16,1.6338399843990238e+22,3.606979869648949e+21,2.3249332199929311e+21,8.908428004817386e+19,1.984815334554586e+20,4.02058181990702e+20,7.924368196240889e+19,4.000413181192961e-12,0.000102963849066,2.334567987186089e-09,0.0565684577923419,36539.18702016588,1.0111060224874336e-11,175567897.83798832,9692105908.263365,0.0001956300599569,9.489031404848654e-05,70164738.13938898,0.0013494278907862,9491702814.89697,248936633532347.25,0.0001709088131252,77047.86630979783,15517477571.344172,6.75024989048953e-11,94.64170329634425,333216.447386388,6107695.857726449,0.0086540655957194,2033715547.0011024,0.0004862883084893,1.3442180112226396e-08,727389.500707146,0.0003358888350618,24535.381511811047,35982.37936937842,1151692402769.233,0.0,0.0,0.0,0.0,0.0,0.0,0.0,1.6687044186756775e+21
2072.4332268775124,79807.65162455032,12.028835509575469,17.99133372890729,9.45043483256311,17.561264488050405,14.121780643628544,1902611.567413743,848354116608.0409,9.586407932658824e+17,2.88447366079456e-10,1249709477436.6487,11375702.777829904,1.360972426602534e-13,0.0005434614243851,4.04950005978488e-05,32.924646474935116,0.8248919048972515,1.5838208791283793e-15,6.380488879352175e-05,3.3873923355592306e-17,4.8321665791680854e-20,2.003904477800977e-19,0.0005768496087952,246.79354312113256,6.652843177024257e-09,2.96435669351183e-06,11613794067.8955,0.1346694863344432,1175311852156990.5,2.2829167597960207e-10,3.6229500442927946e-18,1.1774695000601661e-29,5.34235348644301e-28,1.4958598157689306e-29,1.0660471078540151e-20,4.381743100115631e-11,5.217711892323554e-40,3.5818185144902094e-39,6.3180795542513616e-27,4.567896985790062e-52,1.0582351638853677e-23,1.0595664697786488e-15,8.101766071185619e-20,4.0221008246965076e-17,1.660268323263338e-46,1.025158972072709e-46,4.0698018911533735e-36,1.030817494306322e-26,9.075922604169602e-69,4.0509416286756455e-81,1.0534355079478385e-59,9.968573307562725e-87,468852456.79329664,110468645628771.72,1.2583721344729357e+17,1.4684603000028278e+17,3.5384179509087764e+16,4.823259816696749e+16,5.94029218521228e+16,14150.064350268274,29968945154.77637,620011.4632586541,2958.8899638083517,1.4659491841268142e+16,8327045564827.685,9389080586416.244,9.482083213525224,7332.316476508177,2.8650516537797736e-08,2.9295101980998925e+21,2.1678568983929668e+21,1.839177951350924e+18,4725147.416347419,7.327519146713737e+22,2.3824709207660065e+19,1.3423662422243937e+18,1.0742069997708253e+17,3.560871588142684e+16,423178825519.2785,30606547423860.3,6623.77969208315,2.0046104052565868e+23,2.6221805292589867e+19,3.3421811696983444e+18,2.8922783575442665e+19,1.4424646869024396,3.2425968689087706e-12,2.1367605528918658e-23,9.090384102208532e-36,2.1187846806519095e-46,4.3041344274214003e-57,8.99279109413201e-69,1.883228113102786e-23,6.447860586090314e-22,1.0658426422816531e-25,3.2692320480888773e-24,3.864397059246467e-07,2.9906950209003964e-23,1.9865529694419684e-09,1084.3047911415697,9.81815976506825e-35,8.625522926330654e-08,0.1209762711481481,0.091593371304534,1392849.5581829054,7.320324805470988e-06,1.126826888619986e-12,7.276560701992023e-10,208.5669847557527,2.85433361015147e-09,0.0077672368481422,4059082655555.005,4377524714680.361,0.4828438790064802,199999.90631116583,1787.6077692038346,0.081832139445727,9656243.83273977,217499416.99357733,20920811083.10265,8.736547412461868e-05,0.0036465935041722,0.0,0.0,0.0,0.0,0.0,0.0,0.0,1.634803590556814e+21
1232.6280192195595,19228.059246148343,12.008173494373295,11.637340099082897,11.677620062758075,8.539991778179557,9.15571687070132,125916.0429070252,32049445929958.09,25615.078373165557,0.004161244947482,193.13334214587408,46676525942.86917,49.130732042943606,2.32896000788361e+17,1746874678950446.8,6.444500139487179e+16,384274341597172.25,420809939.5917583,3.201550669759614e+18,2.366076037664039e+16,4.495261897476118e+22,234104.57919066225,10692613.405585697,77885040.49446993,0.004299343931292,139.6874460483984,1.3078898216347472e+22,6.3119200168362435e+19,3.2050007665380994e+22,21650317587645.297,2.9631510680390804e+16,3.095213024816403e-05,428866386.3745429,3.760074791674392e+16,96789723374014.2,46256765680710.63,5.766095938929666e+19,8786373557930.499,1193185920873722.5,200.13234221084025,23723.60303579053,900980855.3843265,48782902790.81252,109004075.03047454,0.0317393066080482,110371274.8747736,175886.27133628775,617683068018580.9,5.1532105785218526e-08,0.1655559060497973,276258.06188290654,7.479680029156238e-07,1372731.4086415328,3870751.783803159,1510.445631983563,1894.0731055492445,1.3213355513393388e-06,1133655516311.8804,2481.7061266971496,2376921110107615.0,1.3688052193532696e+21,300053089177.766,8828744.199524488,4.988060141333114e+21,14402825.479176136,4260454.649908862,2.0765203650209487e+20,7.787847153709798e+18,225844778.89540905,782736161.64751,2.1434509403723627,1.15166703498127e-13,264991168.33991736,2.881359689736579e+19,116116.10411098848,7.63178401455555e-16,3.0472857296498185e-25,2.6618042676807423e-35,0.1477448933556453,2636169289210.9985,1025924610002.1075,46639.33023616557,129400903793353.0,9.476993831906204e-13,2308064.02851735,415611780823600.25,87918017931.94151,61714977.40333022,13878.414051055375,54.295000355093634,0.0846775480729985,3.768292868057395e-05,4.122389969646757e-34,1.6780061541231697e-13,6.578511213883554e-28,7.180769070162377e-08,3.873646010278511e-05,1.4694098800434682e-35,11492822.91302124,25019603597.69709,0.0002072998670723,6.64183566213152e-28,11.717622746124988,2.0882274920463505e-27,5110.386462613441,1203216572.5379784,8.525600367022094e-27,0.0002783734421201,0.9298650060270044,2.427937587702492e-42,1.306227152813124e-13,3.564908086543647e-15,5.1479321026036855e-06,1.9662563053816817e-29,0.0238141937683695,2.2300111533900198e-32,4.2790413013690935e-37,9.891074613229272e-06,3.6547051024980686e-30,3.476390034708376e-09,1.8339904345922918e-17,6080.756587410968,0.0,0.0,0.0,0.0,0.0,0.0,0.0,1.631985294053442e+21
2212.6168153501458,67993.90038357754,12.022236256601651,13.396001770233438,13.832181348216997,11.575183710147462,16.68622964756226,4210137262.03079,3721064312724061.5,3538283843162.0913,24394275.160614204,50079853925.200455,5.472103168712522e+18,14648326.02882951,79191559062725.03,7297196416843.133,3076824661738.429,17623428834288.633,157777813.49650145,1523408397904.8755,2792629267.370325,3523793846.832387,0.028183275814023,123887524891.8767,30328039642.236626,18536.988922790653,5567271.487266599,6.985585552105096e+19,1.3685045180524462e+20,3.923132813154485e+18,6.849994671748649e+17,1.1181242058458464e+21,9772.870725667464,236650968.53742573,5433151306.089135,1854386.61994759,2701.0160757554704,394056.5514444944,2.8766441663513005,1.8297511820545993,1.772441382374391e-12,23514320.271587808,994741665.20505,534363964.3104494,6884355550.42048,766.680235200907,354381.5252739259,213.3515999561996,4377575406.223864,0.0005033526924886,4.058197661649063e-22,6.703286147319806,3.69155142080671e-06,24394382082.892853,3370554426.6171613,3161817.643196649,3664216.5193812554,1.133114188376891,161426120937427.72,265447473.39249343,8.232730673633821e+18,1.1563224327315744e+17,34376009007.86059,1317964.1728975838,3.4458899331998284e+16,45286566.53972565,2608779.762056623,6.028129094994001e+18,342949663754.69385,34.92697568794791,43064091509400.64,39702479.48849,0.0619362891058247,1.6733252180881352e+16,3.6698121161159485e+18,2547393077.3768535,0.0003479525020502,3.4314532075553845e-11,1.8106836446457623e-17,740407.5031921676,8.165833920152669e+18,2.570981036510314e+20,444893611046.155,3.5518479684441395e+18,19.513675762574927,4282974672132.8286,7.170059399270603e+22,3.1044804903148685e+22,3.911967190503971e+22,2.7359251900774403e+21,1.1691789910013238e+22,4.706582221972139e+22,1.7594986252680636e+22,4.3139057411899266e-08,0.0699152314026926,2.4683843287732717e-07,0.3918805684587991,74636.39376748235,4.831158897374664e-10,219727726.84584215,6112725648.373834,38.50873126225195,2.348643666621252e-05,814491.050637992,1.6498258324710053e-05,4881710.280086258,3686059638038.094,5.280326405557105e-07,14.094099570029496,9836.910026106309,9.936144475362867e-12,0.6410141478312625,790.1108685801709,69.60716460181271,3.0489088950246507e-06,35707.363554685486,9.397875921572094e-09,1.8819214161453847e-08,42540.57690892054,1.7319989130470836e-05,80.33834050871711,820096.540316593,1680052029102.3508,0.0,0.0,0.0,0.0,0.0,0.0,0.0,1.6300529512417316e+21
2342.052710474685,32683.625658447378,12.06447957335154,8.226578273058475,10.337255937078591,16.169966008200547,15.399727609511514,11199994927.67806,1.0265210377084692e+16,576210755.6351215,312529.11523210246,31923872285337.504,3.982284104520926e+18,188848.26279542092,40989637985983.37,4491095391384.085,62243407.60366411,3402486.3496600357,1576180.9522308866,266518.4109900311,19761773.738044217,18670762.01505737,8.007392972663714e-13,106441113377.05817,929100.6921175966,4054910.73387884,882934850.4287168,5791992688902.053,3531110408525.4883,11322101.848583763,760101689127427.9,2.57383244812186e+17,0.2766085986411584,3318.3090998122843,53624.9244931454,3.1263202257030644e-08,6.180955987797356e-20,4.83383592550844,2.089638381944375e-09,1.795282528791862e-18,1.7697552484492668e-25,46711.138378550815,54.72647164809465,81032960.01180777,3.021647118092857,3.0098005384684945e-05,0.0089896544357743,3.366976081499978e-06,7.780485237093274e-08,5.1824993312587665e-14,2.1255277365179697e-49,4.99524531416005e-06,6.146970704951886e-19,15885461129405.271,79743888.82309742,3.593146180547224,4.140255421040678,8.835138913155676e-11,20018279254.20861,2.344483268870516,5.776195603653091e+18,2.3693456711829072e+17,19478031801090.13,128634440665.21292,2644393860296.5156,0.3881602141606728,8.281410523697761e-12,3.758423660182329e+18,139886630233280.6,5314890.904278023,678919609060.1122,42.10670730794013,6.0861517581459536e-12,1.9475947713668155e+18,8.782710854552956e+22,6379481996.016318,5.6782696334696545e-12,3.746735876194661e-23,1.6234329944818504e-33,10150506635898.217,206176865251929.7,1782274453777730.2,2684.7009112515407,2896671057.860927,1.4591265558091568e-11,0.2114369643464297,1.0835783209899904e+22,1.6229378904930874e+21,7.035098309196743e+20,1.4949034666776357e+19,2.1235246677312872e+19,3.03197871138309e+19,3.690807531859852e+18,5.917454641827447e-09,0.0015186595874192,2.8198632483510866e-08,0.0075871596479571,0.0630186245630176,1.0241366192716832e-08,151707264.97708863,0.0373808625603854,0.0008172227529285,0.0013662403942829,4410870.270846214,3.841217802590651e-08,869.4886375105945,3164526670744.546,3.955778258596709e-05,149.5758540349326,5.229909415839637,1.7575278738511514e-07,1019.880895373317,74.30854731594303,9.099273290301742e-05,2.747582394952868,3340333385.744513,4.1031376070458954e-07,6.481890436336593e-11,11.07320619130499,1.4074752401546896e-12,1.0495276516803817e-06,4888387.0159381805,1632316756423.3906,0.0,0.0,0.0,0.0,0.0,0.0,0.0,1.6257131454718264e+21
1252.1177013613803,58869.591243822906,11.96455823526407,4.156238051460606,11.413890192581064,3.576436811482014,10.56041891488552,7786953.832599208,25414276005054.977,1.3754539241809734e-07,0.6284418904875231,0.0007087386224575,6530737934434.935,3511.005251552853,14941423342508.332,122414090714.05763,10.688582602305454,43896.564529249445,12504805336.973448,163440385.51281124,2.7808612266128294e+17,2.1442766483217423e+23,1.407520821511627e-17,1887.8231092443584,3.3721038556753234e-08,1.7271682242703558e-12,4.7533901967447454e-08,2070022810207.359,892437199471.7825,12.271543958757878,1.5525322641942115e+17,1.5465606673757534e+22,0.2883103847110438,1315311979726.4614,4.522013032971516e+19,8.286485579740618e-07,2.4739308521529738e-30,1.718960247374088e+22,8290.564180225625,7.106835339575214e-18,2.0571743466878712e-19,261.3592807316998,2.166031664831393e-05,665.5245137760085,1.6307298571721902,14532.524318822074,19453646487466.133,4.1849706539330164e-13,0.0009924487724938,1.5477174160994878,3.5439777621825784e-42,14.098823044866108,1171.769914888427,2.412349060432226,1.694897711384456e-11,1.8845580737791668e-26,2.356724925363335e-26,5.627225189933663e-47,2.516646352166935,1.92488047715819e-20,1.5457313293382003e+17,4.4337492825860106e+20,232188.4683062935,1.2743763947621817e-05,4107336637.965767,5.181032833918309e-17,8.007061408196865e-39,5.996349517321571e+21,2398872560105.9287,8.967337468661568e-05,5.922057024178171e-09,5.508364566903355e-29,1.1719302926160423e-53,67274.88541531145,92399919.604658,1.57099315588127e-18,1.4291218446990808e-61,1.9083881867779012e-82,6.262304992780137e-104,1.6160495063002197e-18,900.211650508597,29670.795022873084,6.3243269835806815e-19,1.036165411563986e-07,5.9353512390142845e-47,5.921985290612966e-27,4.281862812100668e+18,8.582386470028395e+16,5672384989328611.0,112975785684747.2,40893292150200.37,6075591016972.856,247962272230.4732,5.368918717167713e-33,1.2713594035073836e-09,3.697725905355235e-27,0.0002471301562703,2.416174824182993e-16,3.4050373265423254e-40,70026.44772478228,5.41534335371874e-10,64.27411177250539,6.396595305648186e-29,502.52911818849554,5.300085871867993e-40,5.240186813387423e-07,3381846485609.713,4.398803320603086e-28,0.007902360334272,2.4953269817658972e-14,1.2430910348390874e-48,2.926855337294851e-17,1.7324778770809796e-33,5.64955795537059e-33,1.02427741508709e-41,5.843231309586037e-12,3.3224974244723737e-56,2.7951109479626948e-49,2.5890166855102753e-15,4.8062912367550855e-54,2.6765949273216063e-30,1.9338057625780772e-16,37881056.96796055,0.0,0.0,0.0,0.0,0.0,0.0,0.0,1.6014432332087338e+21
1692.6284085975285,69900.3437002456,12.00518653382428,11.083704745024647,6.463544101666216,14.07616535687784,13.86296345542298,59875680.86967407,1257767167203663.0,15869177404.472063,0.0019202857975549,4823025454.741494,7.638369370521131e+16,0.1094953900677504,281075568467.797,9845507656.386915,141901188491.03992,348673784.43975985,471.8587983143886,5221921203.231549,5625344.341379968,3560300586.475533,0.0042126967160635,263628.9778489638,1426651.8444323423,0.657650841367742,1193.2473952591015,1533786862795242.0,5084732118468925.0,2200248851934216.0,105654323637.4316,2777709109446646.0,1.0901196266339765e-12,0.0001312309030803,2.140952696561457,0.0587292230699027,0.0290811611285532,0.4529788241389496,4.404570808310984e-06,0.0008094528298816,2.841756992480347e-16,5.710161278473771e-05,0.2052745976367232,17.584513336992515,0.0017628727398709,1.5692437223501536e-18,7.19481525066058e-13,4.454492002505704e-11,1.4567392377101415e-06,6.179733102300578e-31,1.5830259257621599e-34,4.608208211162225e-19,3.7802857675303996e-38,201547868824.40182,543638813405.5746,2163007591.9934335,2585399664.204087,451.74472155895427,315892606728313.9,243167015.91024768,1.3616761505404228e+19,1.954945944630283e+19,60218577313677.37,341233686996.4263,9.480374465824322e+19,4839973119.348733,326955257738.44293,1.8961780243999073e+21,3.72483291115959e+17,7732521628.997369,673888243575428.8,397122566.7147104,0.0688413989551744,5.011350486381669e+16,2.37649875602538e+23,9272045658323.104,0.0685387006871974,4.675691412885926e-09,5.159781651812262e-16,9004254233.635456,2.849611289920484e+18,2.920765302412294e+20,34506982116.63465,4.665431648744999e+19,0.0325305680147798,65809650596587.125,1.5403788189951488e+22,6.147576972717173e+21,7.41923902380438e+21,9.829099617804506e+20,4.872189177840302e+21,1.6145481810104078e+22,7.784743329984719e+21,2.1042724080444573e-24,8.959410164469854e-13,3.222223444379533e-21,8.58822782367199e-10,0.0001349765679387,6.184808329416008e-24,4745.878149726803,156992.98569123918,6.4804585622363e-14,1.1385623405271945e-13,19728.02278566024,8.892768253875769e-13,3885192.081679049,5678679777689.892,6.180468111242055e-14,0.7996603621688887,18682.977223770387,2.984276634389758e-21,0.0011643598428292,0.1972488854494997,664.6483372679967,1.1412323633073558e-10,3617798.93455657,1.4186688186022877e-12,1.1903007149066773e-18,42.84884949882042,2.3132625640890213e-13,0.2593685712717724,0.0314257846462258,14296313220.566532,0.0,0.0,0.0,0.0,0.0,0.0,0.0,1.6011718680508278e+21
