e-,H,O,C,N,S,C1H1,C1H1N1_1,C1H1N1_2,C1H1N1O1,C1H1O1,C1H2,C1H2O1,C1H3,C1H4,C1H4O2,C1N1,C1N1O1,C1N2_cnn,C1N2_ncn,C1O1,C1O1S1,C1O2,C1S1,C1S2,C2,C2H1,C2H2,C2H2O2,C2H2O4,C2H4,C2H4O1,C2H4O3,C2H6O2,C2N1,C2N1O1,C2N2,C2O1,C3,C3H1,C3N2O1,C3O2,C4,C4H6O4,C4N2,C5,H1N1,H1N1O1,H1N1O2cis,H1N1O2trans,H1N1O3,H1O1,H1O2,H1S1,H2,H2N1,H2N2,H2O1,H2O2,H2O4S1,H2S1,H3N1,H4N2,N1O1,N1O2,N1O3,N1S1,N2,N2O1,N2O3,N2O4,N2O5,N3,O1S1,O1S2,O2,O2S1,O3,O3S1,S2,S3,S4,S5,S6,S7,S8,C1+,C1-,C1H1+,C1H1-,C1H1O1+,C1N1+,C1N1-,C1O2-,C2-,H1+,H1-,H1O1+,H1O1-,H1S1-,H2+,H2-,H3O1+,N1+,N1-,N1O1+,N1O2-,N2+,N2-,N2O1+,O1+,O1-,O2+,O2-,S1+,S1-,T_K,P_bar,comp_H,comp_O,comp_C,comp_N,comp_S,group_index,point_index,abund_H_dex,abund_O_dex,abund_C_dex,abund_N_dex,abund_S_dex,sample_MAE
1.060896306594134e-31,2.7976030390619758e-11,6.837061159569612e-34,1.6187242359411304e-20,1.8073607312654638e-26,1.1567688916168626e-13,5.2961547526479234e-24,5.565243542629127e-07,2.2404310894355352e-10,1.700115479559849e-25,3.752001953547215e-22,9.126692070535066e-23,5.849685637727516e-25,5.514147417355585e-20,4.709870859378553e-19,2.494137371937116e-81,1.3711669619692873e-13,6.743965712026458e-30,5.054384636774871e-35,4.190006193304427e-28,0.5469873711899969,2.482796218284064e-11,1.4029298325641866e-17,0.0009106389148244,1.0531816205860431e-05,4.517167518999932e-18,2.977751263389658e-07,0.0003921116902255,1.8030021345584363e-43,1.00200187760875e-78,1.5635180131135204e-17,3.3202694805861386e-45,4.914262234042165e-78,5.873556967402266e-98,8.669414972078387e-12,1.0037543869677692e-22,9.213230470599731e-09,1.3280682739710218e-16,2.9357847418711946e-07,0.0312242960174187,7.980120945616274e-29,1.6794729983755733e-17,2.7908492486503302e-09,8.334584748617434e-125,0.0001468897354297,0.4203267128891816,2.3442796160272317e-30,2.4502852565545176e-47,4.3996884988282494e-70,6.051380103975756e-70,4.44285139663026e-101,7.191756247089965e-32,7.887278438608552e-63,2.9192083181859533e-16,4.214875883511038e-09,1.522722349735416e-31,2.928654306286817e-45,2.769830394171813e-26,2.535739338457708e-66,7.716910387468429e-109,5.8245626810355755e-18,3.455646754115706e-29,6.9590199744900695e-62,1.4085573582667474e-34,4.99598187166872e-65,2.3076118899527725e-102,1.0165435316601192e-24,1.377842225720938e-07,5.673924941720931e-47,1.5477638924125187e-113,1.469172901728069e-144,8.717353834484475e-165,9.784675838607564e-46,4.717413257609738e-29,9.61750410743031e-37,2.8801416973183145e-51,6.590636383351513e-44,2.8966341799691704e-94,1.0998262536294845e-72,5.3839673150393234e-15,1.4595813634189488e-27,1.7034150705970416e-39,4.84571946679708e-51,5.635994086264707e-62,1.0001530141381281e-73,1.768473610545755e-85,1.459127455918373e-48,5.5871997052106654e-55,1.347751887666046e-48,2.342568535902435e-56,1.369560872734376e-31,1.5536123785835e-58,3.084956590937362e-32,1.7266053568654696e-55,2.0467588171682028e-35,6.130910099885741e-54,7.230324968553181e-49,1.0496272071110102e-71,4.291792434804366e-63,1.678314354386819e-44,3.5737776798254113e-62,7.09074103266448e-66,2.272384038468603e-49,2.4124225086604113e-74,1.5437008416350114e-68,1.0127664376767896e-50,2.1824204982471313e-92,6.442647701014517e-62,8.146247420276091e-59,3.0453856491838655e-84,1.1425986769247815e-76,5.865145298290429e-67,4.124203763251505e-84,3.074218118683799e-90,3.5806039100852135e-36,6.752928954643304e-43,812.8046446574616,1.2873146837430008e-10,0.0096264295822537,0.1645129740020186,0.8254918135311702,8.860371123029136e-05,0.0002801791733271,5.230412300690685e-09,1.4034939673520005e-07,12.0,13.23273491514996,13.933247532393922,9.963986674712473,10.463970611267596,4.564202926171457
1.146756320725841e-36,2.1853826314739056e-19,8.267701174895605e-37,1.932930749273614e-25,2.7127712369114435e-31,5.0283667841706e-19,8.721602177804081e-27,5.098159826459187e-12,1.1719090856733836e-14,4.575643648618066e-25,1.382312308383152e-23,1.6118977218542894e-24,9.500264998632488e-25,3.8396416409276614e-21,2.1820231133976905e-19,2.498462255982939e-65,1.7603521247357982e-18,8.539112981023674e-30,3.3951620582196193e-34,1.0273460243698044e-28,3.5154946901618294e-08,4.2363587953252404e-13,6.869480661470573e-20,1.1731170057503506e-08,6.248908639535076e-07,6.077970703456053e-21,4.174363301692405e-11,1.756849095940484e-07,2.1167734856786673e-35,2.640427371257978e-60,1.0052542394107944e-15,3.326186676078734e-36,1.0836679060533288e-58,7.759961715234573e-74,1.443912131601439e-14,1.7251218002807216e-21,4.921556313294115e-11,4.1359603518114484e-18,5.415804752399424e-10,0.000117109082225,7.515284959199226e-23,6.529469066822668e-15,1.690986339946395e-09,1.8589900794878664e-87,0.0064144857100206,0.9934675554167748,6.248906207021021e-33,9.348278336003914e-45,3.2443591148617816e-61,4.2216557588328826e-61,2.2453744263061636e-84,8.490222842870826e-34,1.063234029521429e-56,1.2403266479276798e-19,2.5420206761895095e-16,1.365255387070062e-32,2.7535212039700893e-42,3.7167830706237918e-28,3.1016947704365338e-58,1.461524476483767e-85,9.709451505336566e-20,1.379763047863493e-29,6.6648262023789925e-53,7.336295544934765e-36,1.681440705214706e-58,9.820055481461452e-87,2.8007171249955356e-26,7.079098292161379e-15,1.3190300967884957e-44,5.331092169800371e-94,2.2349933976344782e-117,4.273195638472313e-142,7.709275329561538e-44,1.9800877467950567e-29,3.889745905837227e-32,6.637087562037505e-49,1.1686884432238016e-39,1.8439460178870627e-81,3.844121713964662e-61,1.463613852887514e-16,3.482960039724855e-23,3.022312359073751e-29,1.9069622575480375e-35,1.16609984178493e-40,1.9260794337979583e-46,1.5066777800597996e-52,7.07556823955733e-49,6.277169804127186e-52,1.4765192667584003e-47,1.7391047461219344e-51,2.3702554131730295e-32,3.2233742260468195e-55,2.2905109306627014e-32,8.657829841552716e-49,7.963423576091393e-34,1.6996755262582283e-54,2.3497943216339624e-48,1.3217004563691893e-66,9.322013329837462e-58,3.6781216700089736e-41,1.5814602862955338e-59,2.382684176599997e-60,1.99452429827002e-46,1.9948718428405217e-70,1.0614882840278676e-63,6.385151556083594e-50,2.824444138688625e-79,3.6822804596132834e-59,1.6483823177740558e-54,3.5490100781190653e-75,5.070840213490648e-72,3.7795339562599063e-62,3.973233281475651e-76,7.60442350217547e-79,4.4367282261750254e-38,2.610630457313972e-41,1019.8517266045462,77778.3383469335,2.3460396600046724e-05,7.021107490537834e-09,0.9974140970037004,0.0025621835986331,2.519799587565404e-07,2.7155194423352884e-23,5.032762699794738e-22,12.0,8.476070272344572,16.628540152421643,14.038274897177,10.031030650885842,0.8879602674468294
6.778933612667252e-39,5.374913273392063e-22,7.171212973674342e-15,3.306206742369791e-74,1.0502649775208182e-33,1.2087744720519867e-36,4.520556087152015e-77,9.562023616408523e-52,1.4875443259476504e-55,7.013545834701862e-39,1.3637084954598628e-41,1.3164549284129785e-74,1.658439507314768e-43,2.3240498401297047e-70,4.333897336837682e-68,1.5122380802049013e-70,3.140499895420097e-60,6.80852750983188e-45,1.0288728442710164e-77,5.244470235923858e-70,4.504987957454594e-19,2.4129101921397005e-41,0.0005843194813356,1.9064384601678645e-66,2.3885315943407415e-79,2.546535628063414e-112,3.5775762815027254e-99,1.5584965121576543e-94,2.305275876798167e-71,1.5445499792592418e-43,3.5799382334364536e-107,2.0940225651297424e-104,3.961247867357009e-74,1.8338646637389408e-127,5.181120262289029e-99,8.948319791063499e-78,3.4298321612354265e-89,3.1643826204569368e-77,4.983242911262451e-141,2.343087880998859e-134,8.025521465762009e-119,2.0000641619683224e-85,1.0628413902489206e-173,1.1649770840321605e-171,5.417527529745988e-166,1.0628413902489206e-173,4.945420814436469e-37,1.832666784071276e-22,2.8462967809992414e-14,4.0372057702180394e-14,3.537762468514965e-15,1.3357141357564616e-11,1.3468656488453421e-12,1.537178343768292e-38,1.629471761627188e-18,2.8951038112652275e-37,4.1652505646935885e-46,0.0002950188746395,2.2881042884950903e-15,2.0932394452534483e-06,2.5468767553436193e-39,1.7966132794721057e-33,2.0036438984292705e-62,2.205241183846995e-09,9.853894053643391e-10,1.1442480245479437e-17,1.0386286188330281e-42,2.07867783035425e-06,1.0660841628057224e-16,6.6173805112438504e-24,9.898971800534061e-25,1.8371759354780579e-28,1.6777439677967913e-42,2.1606210010141036e-20,8.977137745652226e-40,0.9119920601230184,0.0020967946257082,4.235387008969214e-15,0.0850276317726016,5.066141954743869e-49,8.376142023270645e-74,6.596564877583404e-98,2.454538284456698e-121,2.32872863247189e-144,2.4675445802699664e-168,1.0628413902489206e-173,8.628721074557468e-112,5.214542660016392e-106,8.942167698127549e-111,1.3517827633912588e-106,2.057299302992743e-58,1.1141269300015772e-116,1.838278390125208e-74,8.867110531088109e-40,4.3542641660498513e-125,8.408460387314911e-76,2.816823686721254e-57,2.688270878065511e-62,8.886246192338456e-40,1.9664767946171545e-63,5.380678652163195e-84,3.1122648315276454e-75,3.3348979684777976e-35,2.2351435223123775e-93,4.901372505108026e-74,1.100088160373486e-33,1.1333105535434973e-33,2.998235923229181e-73,5.895650675058247e-57,1.19723953621921e-64,8.395175736097086e-69,3.836126765370953e-45,1.0547935376883493e-43,1.1803283276400932e-37,4.61673164375698e-68,1.1707363238248861e-62,731.607227343877,0.0950370202072365,0.0002734711326032,0.9593615039059774,0.0002688898125738,1.914583977164876e-06,0.0400942205648682,2.0193986414729492e-17,1.9449997441555246e-16,12.0,15.545070798331311,11.99266285911705,9.845162930747671,14.16617028586547,0.577075507301086
5.817427405625213e-37,2.869518461068254e-16,1.4344669863739294e-39,8.196577732448757e-28,2.5231531827485586e-36,9.272634660293874e-18,9.646953208503811e-29,7.570366686613103e-11,1.4827720113587443e-14,1.0116973416126992e-26,1.511987244729818e-22,1.723442109261489e-24,1.3606105767383445e-22,1.6345332409979544e-18,1.7579697164943577e-14,1.0506720071849666e-73,5.819119305546484e-21,1.9827242053766334e-34,8.03380480153849e-45,2.6358799955651503e-37,0.0192630565553855,1.494008482031279e-09,3.798990596458149e-16,1.3287823871194164e-05,0.0014084817563324,9.270516249641424e-24,4.322559598013869e-09,0.0098112958545185,5.543932862780262e-37,1.0310957037539561e-66,2.1855137014752508e-11,3.935582132634499e-37,2.0328824236857334e-64,2.3823442141968723e-84,1.4274534387946186e-17,2.8859964877311897e-25,8.140231149689618e-15,5.9927293212771e-18,1.4944984263033622e-10,0.0340342611357071,6.3296875550165145e-31,3.5516373335782433e-13,3.780571145427427e-11,6.159836347720548e-102,2.5985552466495645e-07,0.9354693508654076,1.0582946849035195e-37,6.50269320123478e-52,2.35559967134974e-72,3.31626420811289e-72,1.0954024365573558e-101,1.6210317289044022e-34,6.568087686082685e-64,9.70035480985356e-18,5.1169995092207025e-11,4.4272187015811793e-36,1.6024057122089682e-51,1.6339427025315502e-25,9.070802851008569e-65,2.780671843118895e-98,1.1714038704404956e-16,1.4998929526364608e-30,9.617553689708632e-64,5.374695439809183e-41,8.939050865896384e-70,5.705633597958237e-106,1.8790679496722948e-30,1.7429131058041706e-16,5.8270438668582055e-55,8.019444583067807e-119,4.225807421878613e-148,1.704948648860572e-170,1.7047581331633702e-58,2.6108702320224872e-30,1.3764643730925311e-34,3.145644130657244e-54,3.5681136921285745e-42,1.2113783609449461e-96,4.5908926852409145e-69,3.4418469273507837e-15,9.672731513176424e-25,1.262739770382731e-33,6.633941360541281e-42,9.964297139528374e-50,1.802854685715793e-58,4.42223526877407e-67,3.135813713067234e-62,4.097906190179219e-61,2.2019464632975733e-59,8.31954849034027e-60,1.0043669493542604e-36,9.063490147871786e-74,4.0537785623998725e-37,2.510889323582609e-53,1.7246311787404032e-38,1.6144108169304622e-66,5.8043557909937485e-53,1.0001813930105727e-81,2.7540047755285552e-64,2.6804656201428997e-44,1.2293964870528568e-72,1.3248987067501223e-68,1.292487688209998e-51,2.7771035847650944e-92,6.245287767227759e-78,1.8202440530999728e-62,2.131343438782763e-95,1.9359664588435382e-79,4.727455993609275e-68,1.8128917677798797e-99,6.067181449981838e-90,2.2558107671807816e-71,7.268013666935433e-94,1.779545455475958e-92,3.6539519579726105e-46,2.082722491901649e-45,749.7607532358105,6.0714815959720176e-05,0.0109605963396562,0.0039348167925452,0.984526325771902,1.061835362648852e-07,0.0005781549123604,1.7049486488605717e-15,2.9836601355060005e-13,12.0,11.555090332443264,13.95339314975178,6.986223000988288,10.722210036319945,0.5761552304809157
6.913720545260453e-28,3.047663846342246e-12,1.0988219114006036e-35,3.2553743328205686e-16,5.4652994104110275e-22,1.7243325022844583e-10,8.390015124615104e-23,1.7560912669724662e-09,2.7823927319226905e-12,2.1361862939794724e-33,1.3655692910309012e-29,1.5273974045149485e-25,6.836053230839222e-36,4.435844468008805e-27,2.7515494600874443e-30,4.0534871305862696e-99,3.460001182101107e-11,2.864108329016226e-33,4.7408517599826056e-30,2.9030571262619627e-24,3.6026215126186105e-08,4.653623759723873e-17,1.2703373667485011e-30,0.0300881857554097,0.0004080473309039,3.516978745616505e-14,6.393107817150981e-09,3.4230877197829583e-10,5.938115152132915e-60,1.8130494059159707e-106,4.1550956285861644e-29,7.973193921490855e-61,6.307707587653014e-105,5.831943690999399e-121,9.415413561545135e-10,3.117547274293876e-27,2.9591395634130485e-08,2.4329127097271892e-21,2.7718691732697e-05,8.330528548002005e-05,1.4655969050693372e-33,9.58593062856152e-31,2.3483098456089157e-07,7.301582135494971e-161,4.973827585804428e-05,0.9693421186201832,6.818030271213147e-29,1.6128529042456993e-51,5.064224841434875e-79,6.667528290596359e-79,1.4804128862233853e-113,1.1352949877254548e-37,5.400957370447583e-72,2.61560942950507e-16,3.750349131528527e-14,1.1505750449200933e-33,3.8030347002102184e-46,7.912131024810466e-37,9.827773688326754e-79,1.6156848718101258e-131,1.5295156709267185e-21,1.3810907800712026e-35,1.2778290076885796e-67,5.1761670912401945e-37,5.0850270102087936e-71,6.725782914651264e-111,1.7560421709423947e-20,5.679175566687993e-07,1.827889388507653e-48,6.324719736764013e-121,1.2279228540103085e-155,3.910377244532223e-166,7.987913847731785e-40,1.168699166615508e-31,3.061276561229695e-38,1.3136039447654933e-58,1.4134873276896805e-52,4.2886922195367794e-103,2.5627403401992416e-85,1.202102228315066e-11,2.379485766088995e-22,1.775153226528543e-32,1.2464594257895405e-42,7.055699164745589e-52,9.548520498154136e-62,7.173867331516743e-72,3.718706174721197e-38,6.995557721977565e-47,6.523741117268792e-42,1.2992401100474276e-51,5.04990988921753e-36,3.3678917449395763e-47,1.443680880663746e-28,6.373288153318955e-64,1.715784103311509e-30,1.7431637732147621e-46,1.5789089200083348e-45,1.6792946864568027e-69,1.1685755599189598e-65,9.552944265046408e-42,5.491303928915236e-57,2.2240023151116736e-63,1.9561437648465907e-58,1.6461325262871396e-60,6.175248159090426e-59,4.8664471604342655e-49,1.1174686066234333e-95,6.370778503591568e-51,1.4753267716797252e-51,5.4852968053704415e-78,4.921466642523799e-70,3.752611435313503e-65,1.4927559704189248e-84,5.918511953800977e-93,8.374559226203829e-28,9.80067325665153e-37,967.2701579278664,3.4151706652726092e-09,1.697265828618517e-05,7.338568935372738e-09,0.993666339118705,2.0507786450588065e-05,0.0062961730979893,0.0,8.016273351291058e-09,12.0,8.635861510588779,16.76749071057948,12.082168918870162,14.569326791812736,0.525914293265241
4.716585088073343e-27,1.8900127708650503e-14,5.669234509191494e-29,9.610584454318638e-16,6.410987424419986e-20,9.463796969769512e-12,7.0998180692377e-21,5.241103545364149e-10,5.3535632802924986e-12,1.6079754077677076e-25,1.1451386745292556e-23,2.420935173833535e-23,4.8886766109010786e-29,4.549155625853606e-25,3.1613691629869374e-28,1.8648451860777567e-74,9.681070553075076e-11,6.5039225217686055e-25,1.5691554271986616e-23,2.853711416303823e-19,1.4222185862222757e-07,1.8728959247755453e-13,3.0649759337256885e-22,0.0001493829113997,2.7246719939575044e-05,4.650485938528408e-13,1.134154180304816e-09,3.2264317319086464e-11,1.2755186960597041e-43,5.9182362155772724e-74,2.764809098072158e-26,9.485950253167207e-48,1.3006129305847275e-75,8.581542540462191e-91,1.4570329240064671e-08,3.3912802909515463e-19,1.4375098891316768e-06,3.436908987420156e-16,1.4013199887109395e-05,1.4822323599132814e-05,5.122898442439775e-22,3.529082926896489e-20,1.8396449802833237e-06,1.843648960515201e-114,0.0325398714268075,0.9672510921961022,2.9720286002606812e-25,8.167008988875516e-40,4.968824508064098e-58,6.171303963626088e-58,1.2745943003630627e-81,9.785216995409273e-31,6.811728881498459e-54,2.8316940854081606e-16,3.018359396529362e-16,3.1597809092961744e-29,1.8700030367063048e-37,1.1491518799967461e-30,2.3063177752572117e-59,1.4357606628986177e-93,1.2393144553505795e-20,2.8033571298428555e-31,3.851660782943051e-54,1.3048077507821095e-28,1.0294650923032937e-51,2.7273724540204216e-79,9.804352717164997e-18,1.3546069341286572e-07,3.359446452775923e-36,3.4659989995000267e-85,3.7804249062484257e-109,1.353906145172806e-133,1.154261069733768e-30,4.8440521739785275e-25,4.265591422691926e-29,1.05390492288405e-43,1.8741557626091403e-38,1.8081707937007023e-74,7.857615241909129e-61,1.1684046981298083e-11,8.283279058053009e-19,1.9070383795461764e-25,1.1354677396452612e-32,1.370449330122567e-38,7.304026570910719e-45,9.723034635540369e-52,1.3768536066011215e-31,4.501052722461623e-39,9.961805642112495e-35,1.0432877954718876e-42,3.3761429409512323e-28,8.36286810025191e-37,3.264875374293707e-24,4.217351136432067e-47,8.610830620012729e-26,1.8764140948919616e-39,1.043792056681522e-39,6.990774459439726e-54,3.837114528812877e-52,9.874670221395897e-36,2.326753424086037e-47,5.020767312827458e-53,8.828340513407149e-47,6.271966653002024e-48,1.0012215011794236e-47,3.0663178015558096e-37,1.6347318935420283e-70,1.2248778863504966e-39,5.692630449970254e-41,2.1949046903841472e-57,4.562555729843975e-54,2.2991082163353266e-51,1.8007805022533528e-62,1.406958162649486e-69,3.3553629615591686e-24,9.431683838463624e-32,1303.6069816063969,1.161981982728831,2.94618192749882e-06,2.8268625363766084e-08,0.987022952431906,0.0129335503973438,4.05227201973194e-05,2.168495903914466e-18,5.359282733960038e-17,12.0,9.982045129160278,17.525067690827377,15.642458198576216,13.138439029728202,0.4642056674924091
1.7136696734671742e-11,8.434964625332558e-09,6.699916371202111e-11,0.0001632246456109,5.54943751492193e-08,0.0002404298700026,2.681627129816552e-12,2.5115336071968587e-09,3.5496130331411374e-10,7.915298462688543e-18,2.430781656964325e-14,4.1294807048680564e-19,4.4475306544085266e-23,8.396247648470926e-26,1.3992128256837125e-33,1.614485696701497e-57,0.0005105348407531,8.097182483910554e-12,1.2809430562975269e-12,1.7379513019333607e-10,0.4412293928782861,6.829948153582798e-07,1.5156349575516463e-09,0.1516579339705669,7.167242204323552e-05,0.0008258105346406,9.49641389074069e-08,2.4711819970678192e-14,7.061255237162795e-32,5.0936022079510195e-49,2.231045356099472e-33,3.711472742566519e-45,1.0960581374287485e-59,2.9318327530873493e-78,0.0013751157948583,1.993159482663607e-09,2.662175248572212e-05,4.8123565015271335e-06,0.257663678744835,1.0671871175415722e-06,1.7055802899777005e-14,4.842623930031052e-10,0.0033067805414428,2.915726604947931e-94,5.472840936222512e-05,0.1422716667812924,7.657648733082209e-16,7.164799241900464e-24,9.114986917887896e-34,1.0412688977950933e-33,1.070097640436678e-46,4.180589626430218e-17,2.4676450088434108e-29,8.87915881545161e-12,3.3701635608312555e-15,2.059053941439749e-23,5.0420643384940656e-30,7.323060504701295e-23,1.0533492577644801e-37,1.7057875049908173e-59,1.30825588651428e-19,2.45778518697117e-30,2.9269338542586933e-49,1.2443138411311542e-12,3.571380739017572e-25,3.845523818661586e-40,3.886929464620235e-09,0.000594766330613,3.848920260310821e-19,1.2568380892221338e-44,3.832769516208026e-58,1.0292212120179489e-70,1.5020734858934286e-17,2.1654788250097992e-11,3.9267670014021407e-16,5.982739320749841e-19,4.768617576704426e-19,3.7052862779122335e-35,1.3817050028559874e-31,9.097640811153282e-07,4.0343062020955755e-13,5.1364971230058885e-19,2.6656075228065396e-26,1.0575035545842894e-31,4.653973621690461e-37,1.5324964366741052e-43,1.956197029138459e-12,9.022194033578546e-17,1.9130342943011744e-19,1.0124177203795476e-23,7.625385747569758e-17,1.0657894313898403e-16,2.7432598264989655e-11,7.873938825705483e-22,8.323308039455439e-11,1.9316422086607282e-21,5.112225983975391e-22,1.1641741986580675e-28,1.615281927474569e-28,3.387154388593293e-22,2.188725720609105e-30,1.2600706439568628e-33,1.3010370231051462e-36,7.880853993245539e-22,3.563402223939573e-22,3.6370896002220804e-17,5.480702983801198e-35,7.545028727796081e-20,8.81631752726599e-21,3.2186401021418e-29,1.3025246386809057e-23,1.3410974460833324e-22,2.782079636251349e-28,3.8103228811322317e-32,1.2585380412415814e-10,7.868529361352308e-15,2563.2288850813825,0.0515667474487266,4.35817047620116e-07,0.1638880318758849,0.7784444476397664,0.0012026746827776,0.0564644099845235,6.862792998526207e-17,4.550031758022875e-15,12.0,17.575243025537127,18.25192341101978,15.44084395452999,17.112470580106976,0.38301903086990924
2.6802660550116806e-25,1.505239678734536e-06,4.768659849794918e-17,6.607936294874801e-36,1.3314094829823312e-23,5.490027885916542e-09,1.7649645545592553e-35,3.6574124359430234e-18,2.190587676402494e-21,4.435126059782578e-21,5.70734532795953e-19,1.3859539162737253e-30,5.598144101294277e-18,3.035966043808325e-24,1.0606308604857052e-19,1.5024361730060955e-49,3.678361619955351e-28,5.583950444574961e-29,1.7622105523718246e-47,6.852166236896483e-41,0.0152333777860566,6.574918103160836e-09,0.0011378350421106,2.0887709325407375e-16,9.104484630198287e-15,2.0414667084570336e-50,2.1287021408769204e-36,9.666647166195586e-30,8.969885714677104e-38,5.773905433379919e-42,4.0778322187291433e-35,8.496576765344765e-47,1.4336115211357198e-48,6.657584191069919e-75,2.6461968780453738e-43,5.6673889820815674e-39,2.3663080164581084e-39,2.753563557200861e-34,5.394947140800372e-57,1.7690823419044284e-48,1.3137105644456722e-60,2.5235460599842326e-37,7.194583550385036e-76,6.968834205508737e-105,4.160178264440958e-69,5.555157235455038e-85,1.4945278736320976e-23,5.265994570531673e-25,5.75775248466267e-32,7.818924767924875e-32,7.992172878809307e-47,2.2396220722750253e-11,3.804304000581619e-26,1.0458815885089349e-07,0.9598578964510824,5.746729557413552e-21,5.894083457972166e-33,0.0235756764853223,9.063185188340806e-26,2.2276880301582444e-33,1.2788166737712925e-05,4.8611256515375745e-15,2.3041736502099326e-41,1.4985967184135998e-16,7.22367767658008e-31,8.910325239723163e-52,2.2976856463001962e-18,0.0001796184867323,2.6456306360419147e-27,3.004141734299809e-61,3.5398971054658407e-76,3.1540976394104424e-93,1.024001210874738e-39,6.90416573804186e-09,1.0639997376302718e-12,7.236465225723557e-19,2.4582796687312537e-08,3.936968360946254e-45,4.244067731061895e-21,1.036851335920338e-06,3.516840777805143e-15,4.932582778467559e-23,1.2793849960126517e-30,1.6522472643980846e-37,3.7084928202362035e-45,6.99965978408459e-53,2.7917202943772207e-67,3.6212671951846574e-64,1.3935553274202362e-63,1.0507337627618728e-61,1.2319186685865891e-32,1.294037214611761e-75,2.430577194224012e-41,3.83836452764572e-35,2.3227220010978185e-62,7.25403930321739e-52,8.671268632683096e-38,5.46161806565854e-54,1.4622626191853136e-36,4.9273272215469525e-30,6.0340037864356135e-56,3.1413948624799117e-50,2.6803164844981565e-25,7.307337394636044e-74,4.382360047349405e-59,1.3400999402674431e-36,2.413291629765152e-52,6.85646127588197e-61,1.1304474510473128e-48,1.9952579428469042e-67,1.766165396394524e-62,5.704561867359043e-44,8.272770670296362e-55,2.1355998541461443e-51,4.3462115087524265e-35,2.9702626929619765e-32,852.2957626296525,2.1061699688617916e-10,0.9714395115396874,0.0202904812178271,0.0080851829828388,0.0001774101012209,7.41415842563573e-06,5.587018951674768e-09,1.1174037903349537e-07,12.0,10.319876583434844,9.920274089615054,8.261562580041996,6.882646098154853,0.37092478043678273
1.0529169721382432e-37,1.3277026775086549e-18,5.745900977136181e-38,4.646088616193959e-28,2.051275142930236e-34,2.917861401370714e-17,8.67326798856039e-29,8.653506658772484e-11,4.5281633226692093e-14,1.397982012664742e-23,7.794345265263501e-22,5.803446145232946e-25,5.838073006025524e-22,1.1707572012267356e-19,3.615800142939407e-16,3.4708501263730635e-66,8.272145834518658e-20,1.822060656306398e-30,4.594993890455231e-39,2.3108358483560831e-32,0.00056796827446,9.389952605362449e-08,6.2786387906495015e-15,1.4717555345921937e-05,0.3365553540332658,1.4355705267190457e-23,1.8275574790537038e-10,7.773207229969442e-05,1.1765449288069331e-32,1.4923522407993873e-56,1.3690297499335506e-12,2.7937552170202223e-34,9.333103856746916e-56,5.464829583541984e-75,5.895005843034905e-16,2.1805483543556235e-21,1.5499896207451995e-11,5.3710999401096986e-17,5.33469888253806e-11,0.001701040295368,1.0082885464602469e-23,1.2100437871022604e-10,6.562270532325083e-11,1.4077898383535421e-86,0.0028246591655198,0.6582584341751201,1.5777586420138792e-35,7.829556300151582e-47,9.85986289851971e-64,1.3447594599084867e-63,1.1952156878528905e-88,2.31558838721095e-33,3.2989886226013505e-58,3.9898586989561204e-17,7.398075381648256e-14,4.7297897377910985e-34,7.614574957883777e-46,2.471307993820186e-25,5.676382355903515e-59,1.1700120459870406e-83,3.7587945936265123e-16,3.6500791754394755e-29,1.0692330283710798e-56,4.337865924270116e-37,1.8333545474516653e-61,1.5757205077312476e-92,1.9921630327727984e-26,1.3825633521548406e-14,1.2848685097365107e-47,8.50811654495524e-102,9.06305624079757e-127,6.092123420312487e-154,4.921307024782417e-50,5.327091632388624e-27,3.400039402620054e-28,1.2007105293046882e-49,2.93756081739206e-36,3.581125216848643e-86,4.878183526266594e-59,2.820088224940497e-12,3.33787990455524e-18,1.6559393471920486e-23,1.668737501469904e-28,7.830594089884968e-33,6.109732030762385e-38,4.2466918292958774e-43,1.079698525996811e-58,4.890847358430572e-58,4.3339118463696675e-56,1.0492715317645174e-56,1.8702388124462406e-34,8.417422939004601e-67,1.8633117666132798e-34,3.3795459440057567e-48,5.873023568671817e-37,2.0810855551104281e-63,1.3091807651662124e-51,2.0163342001893902e-75,3.2959980142003293e-60,4.5211596132585167e-41,1.0006647253057043e-68,1.9841881216236026e-65,1.525482719627701e-48,2.9600422859088497e-84,9.59448166759832e-72,3.3496213955903208e-56,1.5080338678874752e-84,1.0990566762367704e-70,8.753573679489882e-61,3.669704210897262e-87,6.903412751286159e-83,1.3798789054023836e-66,6.30027287856735e-85,5.636717012431153e-84,1.5611338408494578e-42,3.6413007351280266e-42,838.4490448674635,7.4346110263142,0.0004291451450894,0.0001313104109785,0.8425194549343132,0.0013059084450755,0.1556141810645432,2.024161194363769e-19,3.5656377962254096e-18,12.0,11.485694956876488,15.29297573439296,12.48330852666681,14.559444967833786,0.3376603530525052
4.581700077132761e-23,2.143806841087779e-14,3.0480345090634616e-08,1.6822969261370962e-37,7.877425532482625e-18,2.795421868222296e-21,1.6285510899721663e-40,1.1161261617741903e-27,1.8766582329277647e-29,6.352904947140628e-21,3.22084165098502e-22,3.5053202062518616e-41,1.307239800162301e-25,3.1398233318616223e-41,1.2031895513323709e-42,8.882885058350086e-43,6.95729179061233e-30,6.46834078536459e-22,2.001899140799109e-38,1.430377872236123e-34,2.811498273167612e-09,1.868899170530009e-22,0.0776229114820565,3.689402948191944e-35,1.0686672671229263e-43,1.9398384695695616e-55,8.02087325988056e-51,1.040448988674048e-50,2.0510468291582827e-38,2.2419548183030907e-24,2.7187390587741467e-61,5.446828978818538e-60,1.9049192997600097e-43,5.655958878654694e-75,2.6889391724566607e-48,4.4615537105498036e-37,1.5153087682325917e-43,1.819200222408831e-37,3.8407728505779496e-69,1.6662438399922238e-67,4.0064888793836855e-57,8.942389255908454e-41,1.7295541018589679e-90,7.904886747070131e-96,1.7945731124919913e-80,8.464367747743644e-106,5.107315211457997e-21,2.1134895191050426e-13,4.150328360307026e-09,5.075578689325919e-09,9.524790114567343e-10,3.2066216441177005e-08,2.268167502396744e-08,9.8894106992972e-24,1.9491240353589535e-14,4.734328465502244e-23,1.6185837842283834e-27,1.2460171754151244e-06,9.001406454914345e-12,4.608904123231613e-09,3.962506120697493e-26,2.078002261148546e-23,1.8462652304915057e-39,8.260769149778697e-05,5.650153930795267e-05,3.103767129207931e-09,1.4233592975954134e-23,0.0013205735328921,9.6958485497797e-09,2.1062142519093444e-11,1.839595408169816e-12,1.0114472412045649e-13,1.9689013156859193e-21,1.9136298300099536e-12,6.2603441847114456e-24,0.9180432733503574,0.0007925657783315,7.752189590760361e-08,0.0020801274256745,5.80579606638171e-29,2.8863425926014674e-43,4.51400808419055e-57,1.291907836405727e-71,9.596366159583448e-85,3.716573088537148e-98,2.8958131061599326e-112,1.5020257175243305e-56,4.9297113790495135e-54,8.455658728070329e-58,1.1761904032768818e-55,4.497731517961495e-31,4.0176597357964066e-58,1.7746600226606457e-37,1.3065234889456556e-19,2.2128598958069736e-62,9.165169842589452e-42,1.1318638537673984e-32,7.020661831717675e-34,4.93305883591112e-23,9.231619588725109e-37,3.0027985365721304e-47,4.752274490293388e-43,2.198223066506831e-24,7.261190643648743e-48,2.333018923034119e-38,2.2913387359820168e-17,2.262844756658565e-17,2.6573060404660422e-37,3.764567832733034e-29,1.572305437062537e-32,1.0658188161288146e-35,6.5735153758836025e-24,1.8950921259081112e-22,1.5437859556099013e-19,2.8834212398873357e-37,8.88308374419174e-35,1437.1546659746043,2723.4716418394773,1.2322076777449969e-06,0.9600096466900048,0.0372747346316686,0.0013350000657792,0.0013793864048694,1.384259572224559e-21,2.87051721819198e-20,12.0,17.89159168657953,16.48073064977796,15.034797376594476,15.049002030794629,0.335736274990023
8.972296601075782e-13,1.3469383615834324e-08,8.660068509742381e-11,1.2957353294011416e-05,6.360814698413521e-09,6.852778141876872e-05,4.4491698624126465e-11,4.425725080848219e-08,8.103859249948981e-09,1.2551965964301736e-14,8.493607015746568e-12,9.597418087239277e-16,2.7923527186559992e-18,2.408384729373236e-20,5.416720536751268e-26,3.148727007564281e-45,9.30506478851427e-05,1.1626736122153931e-10,4.028715388514569e-12,3.3753006848480806e-10,0.2077862735140213,1.5445312639430788e-05,5.4547963153060254e-08,0.0824241177984459,0.0010140217847163,0.00021929485056,1.8224234644024272e-06,5.828605605979793e-11,1.4250013350230907e-24,7.130145404435834e-38,3.1425379144653324e-25,8.906096142710134e-35,1.5371137786608635e-45,1.6332097227402397e-60,0.0009059781046614,6.829157856511786e-08,4.941335386580812e-05,2.8872059238240043e-05,0.1124971978916293,4.737296774348386e-05,1.2067411287401527e-11,2.835765139576523e-07,0.0064467327823642,8.251574189938116e-72,0.0011778551243928,0.5871389867919955,1.8652445872183057e-14,1.4071794657984712e-20,2.2189182869053536e-28,2.511950715313006e-28,5.5188435519152975e-39,7.35310703875177e-15,9.709530149534536e-25,4.927066417932867e-10,7.051695017871265e-13,8.4085935173321e-20,1.9805059747724992e-25,1.2903140830736331e-18,8.208012265354776e-31,3.571914811349352e-47,1.259329401844845e-15,1.2714402361785595e-24,9.761872414268539e-40,6.400638640469336e-12,3.7589279806787103e-22,1.3550405980644791e-34,9.401977958091262e-09,6.491345049394023e-05,1.6876049694488847e-17,4.002908941066874e-38,2.5189334573474195e-49,1.8592263095454657e-59,9.692696795230672e-17,4.6328513483076614e-10,3.287255457161838e-13,6.407149396631716e-17,6.893276754051761e-16,2.0402706685204857e-30,3.504619364416687e-26,6.675951417254416e-06,1.6583865705925468e-10,1.1725653028994864e-14,2.791720135655616e-20,5.8436615455898024e-24,1.5081985115915818e-27,2.5296651653113555e-32,8.024441773025006e-13,1.1009103487608264e-16,1.2260380479024545e-17,2.086390010623896e-21,3.588746333481284e-14,3.539585856182163e-16,2.4710381907098607e-11,6.027635511429395e-19,9.903125743949082e-11,4.434358636901827e-20,1.5605099472701968e-20,2.477066443846063e-25,3.3891686164894172e-25,1.7239650596601452e-19,1.524908774997333e-26,2.1979487889272752e-29,1.275912351987719e-29,1.9646503630732994e-21,1.1213564914669693e-21,3.999387263749754e-16,5.46794208005836e-31,2.854459151699548e-19,5.204106128738241e-20,1.524047313663464e-26,2.4311702099808484e-22,2.430047486313762e-21,2.17126240957777e-25,9.033967601910079e-29,1.2382382327892624e-10,2.3940627746601583e-14,2837.231917270628,33.75015851445582,1.2651418875658553e-05,0.053377569779173,0.9239767509106768,0.0009202609654733,0.0217127669258011,2.321305487050703e-20,8.704895576440137e-18,12.0,15.625219561938632,16.863521808623496,13.861771766011636,15.234575935462434,0.32488188899412784
2.0590235617174732e-20,5.604764204884422e-11,2.624502541994159e-07,1.9037255112098188e-39,1.1446294247149888e-16,1.2729227911726635e-16,1.5598663258676516e-41,2.147471522028934e-28,2.4890007194628677e-30,8.39484425339401e-23,1.6103575475609332e-23,4.902649169175786e-41,7.027933180560331e-26,7.906353495544652e-40,4.892735120547047e-40,1.1639576123823308e-43,5.215534634708789e-32,4.142803734558016e-25,5.970296663243879e-42,8.565607169152454e-38,9.85202254216967e-11,7.2010809681847e-22,0.0002461766251598,6.6375989284246935e-34,5.012068582334786e-40,3.967867834544681e-61,6.3892882256525565e-55,1.5418362891701483e-53,1.0856330009606422e-43,7.426766191136472e-32,1.880062915499452e-62,1.0986971533706836e-62,2.2619560251954423e-48,3.860137466237285e-78,3.442686351110694e-54,8.011145602088393e-44,1.0039075455529877e-49,1.891886236171229e-43,3.717521051830044e-78,3.248300687446816e-75,2.236374543238658e-68,6.063392973335587e-51,2.3016749187338613e-103,1.885076824002125e-108,4.124138694890992e-94,4.104743575971611e-122,5.9848376590217405e-19,1.9876521420090794e-12,1.772296197325935e-09,2.1925806138030132e-09,8.627937806289702e-12,4.1394280726587315e-06,5.65041071937995e-08,4.1164564299191395e-18,8.039250045284801e-10,6.365543607596505e-20,2.0016745522004088e-25,0.0038042258454021,2.0624043298325788e-10,9.566200740176509e-08,1.8245239855344677e-19,4.892194950777864e-19,6.81888014757628e-36,0.0002145924999992,3.1888081441272597e-06,1.983644820657192e-12,6.729532995270962e-20,0.0433638423869828,2.764236866066358e-09,1.3132849582380746e-15,2.6419495750481072e-18,2.0594055975445287e-21,4.659963744481607e-22,7.642566162411588e-09,3.4579594237455773e-18,0.6008459778656392,0.3276993440957437,3.014933647716139e-10,0.02381808197798,6.606997756494259e-22,2.8267943352077703e-34,3.894677799408481e-46,1.2712994462352129e-58,8.955403439360244e-70,2.905125306433424e-81,2.2286878488619242e-93,8.777449464445707e-61,2.254027633550892e-56,6.172908091845523e-61,5.456706395919246e-57,7.947773705498839e-34,2.6456595790956227e-63,2.6027788849049556e-39,1.0153584480021028e-22,1.0321765590999063e-67,2.92329952550349e-41,8.713343888504759e-30,1.4251334323870412e-34,3.645761227132848e-21,2.9285269523387693e-31,4.802584954839644e-46,7.517236295615519e-40,7.5623793598837635e-22,7.174732036117739e-50,5.986345836947981e-38,1.0644971639462018e-18,1.016677888610305e-18,3.1236829132198165e-39,8.429803543274818e-29,8.249633872362816e-36,1.1121765571028424e-37,2.5821500218152466e-23,3.908164460872503e-25,2.4212622680714232e-20,1.1974480911185023e-34,2.7034070239309265e-30,1335.0601419388877,0.9315985768796652,0.003199663412778,0.8124076549270756,0.0001034566217273,0.0365429614314669,0.1477462636069522,2.3743051995331604e-18,6.845913325320612e-17,12.0,14.404669711599638,10.509653997551164,13.05769944424646,13.664412211407248,0.29187429783109387
3.3225237866846823e-14,5.528201366036544e-06,1.830361496975337e-06,3.3874435252760794e-21,5.173699970396684e-11,0.004348821079372,1.4745186567808e-23,5.84569870668486e-17,3.29219062057006e-18,1.880667954711204e-17,2.2149486431791817e-15,2.4024299624418647e-24,1.879688042235627e-18,8.357217203421376e-25,1.7795001319442822e-26,2.7076197647974576e-37,2.9353276532584346e-18,7.768850858655138e-18,1.722240207816144e-27,1.2911073154896798e-24,1.3028910045889652e-05,6.395185162611748e-08,8.502931446213602e-06,8.778124517486164e-12,1.1324849887549676e-10,7.669756229965383e-33,1.0092619184303837e-29,4.663493248344819e-30,7.562735906297749e-32,1.0720063399733927e-32,9.980977740003834e-39,1.8783626181561455e-43,1.0917751793776204e-41,1.4172201865155652e-60,2.7992558215673613e-30,2.565582477613564e-27,7.591249733402048e-30,6.21529110159992e-25,1.2612514111980632e-41,1.423049564120636e-40,8.238866307081568e-44,1.605825469360634e-31,2.96708907391391e-56,1.9202035318339603e-84,3.059757533181038e-54,3.014520404159682e-66,1.740301901274104e-13,2.4498304203214284e-13,1.070148884614965e-15,1.2600880282837738e-15,6.494743738057174e-22,1.322867899108608e-06,3.302911638174306e-12,5.3249427805087726e-05,2.918795411086592e-06,2.680046611653923e-15,1.223747553598478e-21,8.09919571172904e-06,4.532525957980834e-15,9.170140500489048e-17,4.024828423180595e-07,5.031096760832375e-16,5.086331167646528e-31,1.339806598137257e-06,2.2000466224861805e-12,2.4913779717395268e-21,1.9290471020562312e-07,0.0033353532894293,1.1886294801596498e-12,1.8355969040310376e-25,3.3268469336151247e-32,1.7708394811132072e-38,2.670142493008353e-19,0.0751361637584254,0.0083352464470149,2.2093722521081764e-06,0.4650445603405364,3.0592990062986617e-17,1.354680619985435e-06,0.4433447935616255,0.0003541791501915,8.381449000365804e-07,1.560615822666164e-10,1.3807443360708645e-12,9.633608354136482e-15,7.88114538246753e-18,2.1175311255461454e-34,7.445282216972432e-35,1.4936388566002428e-35,4.146249491072589e-36,4.21619425800429e-21,3.805281370485368e-38,3.291748271267311e-25,5.348811858671154e-20,2.3352483583497248e-39,1.8081263283833501e-25,6.112890491730792e-21,9.759207556298156e-25,4.897820979890841e-19,4.502982691606951e-16,1.4656273195029446e-29,1.1607198326629435e-28,2.0760881667115252e-18,2.4435404088029543e-32,1.693964892936222e-27,4.554441310212491e-15,7.290912314253153e-23,2.7882399499298787e-27,2.3315991951172877e-23,3.9007707201014056e-29,5.00183404280794e-26,1.9902377839098512e-19,1.5844625786506354e-21,1.5274691519143745e-21,4.9216604205071445e-14,2.0096839114812503e-14,1913.0165150118191,0.0731524320284926,3.358682779926241e-05,0.4104226868657611,8.745970988478358e-06,0.0027018138171272,0.5868331665183238,1.0831646757348492e-17,1.8161061063154304e-15,12.0,16.087062371553777,11.415639044763562,13.905486430706024,16.242345663596204,0.27152942418134624
1.9422343680770523e-41,4.834585156221711e-21,1.6998168509935984e-35,2.133789188709737e-32,5.136273411174394e-28,2.336112677064154e-19,2.814736302035317e-34,7.819093030644097e-09,4.322043340674672e-12,6.334585454608365e-18,9.412495359878061e-24,1.228016501473313e-31,4.805952739387885e-25,1.5651455461257279e-27,3.1050914153199087e-25,1.107871944008084e-67,1.2487749905215054e-16,1.3323715823844638e-23,3.4417134582483488e-28,1.55925917500627e-21,7.467682347279341e-05,1.993330145831034e-09,3.966762631528295e-12,7.386972902774465e-11,2.400498921287814e-07,4.633989865736419e-31,3.3241592180793167e-19,8.871494149045417e-15,3.4943664220120307e-35,1.0683179706386993e-51,8.315105429496375e-25,9.640855976802056e-43,7.747235193748949e-57,6.966074348771987e-82,6.278997774931332e-16,1.0482720138098742e-17,0.0005615145971276,6.4563277962227705e-21,1.054070033603924e-21,2.0769342909819212e-15,1.3563515607641113e-15,3.9984437453750514e-14,9.417052489261146e-25,1.952517649911789e-92,0.0498235602905491,5.970621487130539e-18,2.8141546194102914e-30,6.847023880448829e-38,4.5870731244746504e-51,6.245198208013554e-51,3.309702035891624e-72,4.4539023502130716e-32,3.839435253003418e-53,2.232991875673165e-20,1.738641963451088e-17,5.7027238555654786e-30,4.0283943116808985e-34,2.8882835527815546e-25,4.606358833877662e-55,3.5402771321849873e-73,1.4288516027458258e-20,2.7910742525855167e-26,3.199709356010278e-47,4.7377247431027494e-27,1.1899296332835076e-47,6.67152337643355e-75,6.889910811768313e-21,0.9495399983443202,5.993128638697993e-30,1.5677842142182522e-76,9.80189145314604e-98,4.16168596515873e-121,2.15585694975336e-28,2.0655456524799028e-25,2.0621660620232473e-27,1.7575500474702646e-43,5.373311996677895e-31,3.7690599829565654e-76,5.106991569265553e-50,3.241172036937107e-15,6.43270603502469e-22,5.321780014015738e-28,8.608876978227567e-34,6.663497657646116e-39,8.731353982798558e-45,9.95631914429046e-51,2.8349506326645824e-60,9.781030730135644e-65,7.5962728692968e-59,1.4493264092549036e-64,9.704982754860993e-34,9.4297722707755e-61,9.704979396568405e-34,1.0024630607655359e-47,6.400853260382193e-47,5.362074513546339e-63,2.1752930798574097e-56,2.6422485697859298e-71,2.622369346692503e-61,1.0057411579197782e-46,1.9678030313188817e-69,2.869045890645687e-71,6.261063556411581e-47,5.717411631642891e-75,1.1822354242762098e-67,1.7417566451070922e-43,3.8536126140248554e-73,6.400452879478579e-54,3.4036361077951308e-49,1.1386410358495142e-66,1.4466287214740299e-77,1.7460146920017442e-66,5.674291123479956e-76,3.878542554918238e-80,6.572910219128568e-42,1.1786149356934455e-46,844.013699718906,200.301321518086,3.555440856969972e-09,3.394062616698207e-05,0.0911136147468454,0.9088522219698092,2.191017375482438e-07,1.1053570953450076e-20,1.3496991901054831e-19,12.0,15.979826391549198,19.408689817968757,20.407599814561618,13.78975236291244,0.2632758876998491
2.5729418586427662e-37,1.8439666183483432e-16,4.708422752244132e-39,1.825141581880316e-26,2.5418537122965817e-32,9.988177353725646e-19,2.646607668069527e-27,6.914789964461365e-09,3.174688036345679e-12,7.0707092670156705e-25,3.068567239429118e-23,1.666721838797436e-23,1.94524873056278e-23,3.411938972207697e-18,1.0276811077550434e-14,1.5556794953280225e-71,5.725191021429501e-18,8.671402082806482e-32,2.0973314342132097e-37,1.3533205347976014e-30,5.382266511968761e-05,1.554610137008197e-12,4.170329424136984e-19,2.563491522531148e-07,1.3889980321960056e-06,2.184193685949585e-22,3.707666328223563e-09,0.0016268493806062,9.093521649229164e-38,5.113910002293467e-68,1.4848297775370887e-11,1.4237425375902428e-36,2.119871326435458e-64,4.205793116173228e-81,1.5660414188272997e-14,4.7145721926428116e-23,6.68752377831953e-10,1.0525811214753713e-18,4.3717237656269207e-10,0.014920905180006,9.41867668189921e-26,1.0523204793162197e-15,1.9266588897257156e-10,8.939216961504516e-100,0.0189293246696295,0.9644674408022438,1.4897710554587356e-33,4.9380618409066726e-48,3.4188672464450646e-68,4.6825188230104695e-68,1.7427154244041997e-96,1.797882451804363e-34,1.035573869028977e-62,1.088600672462596e-18,9.908215140223544e-12,3.8563231331596065e-32,5.489907607607193e-44,2.1369078252604967e-26,1.4289483300385663e-63,2.5267565321146503e-98,8.755212222549283e-18,2.992487123512903e-27,3.454424090218424e-55,4.746206226249997e-38,8.466669800058885e-66,2.458968965913529e-100,6.258968450984402e-28,4.649161525477083e-12,1.3260918835410486e-48,1.1971384610572209e-109,5.545379725396462e-138,1.3603899388402548e-168,5.992667538628039e-48,1.2542675356222348e-31,1.5083841314039874e-36,6.429950152165986e-54,5.065500465546547e-44,5.136420298109933e-94,3.8841611331433214e-70,2.232384643504628e-17,4.2174837315203455e-27,3.3842337049805134e-36,6.04125509941216e-45,4.706332839424609e-53,5.840300368086594e-62,6.8272735528178436e-71,5.6177469985153215e-56,1.6445898683224105e-58,2.0064145625232462e-53,2.8938760433643385e-57,1.928039449321654e-34,4.140374156104382e-64,1.9240625165277712e-34,1.6052787095440512e-54,1.4037573189798756e-37,2.3011922901881982e-60,1.3918989579471662e-51,1.3644226566827714e-75,2.476276897439733e-63,1.3128079097607516e-44,7.151443471352021e-66,9.96843969299442e-66,1.8959945210927688e-48,2.376538359206374e-81,7.600078194223119e-72,7.513080008160211e-56,7.582147109171759e-91,1.9105810031891184e-67,1.3466683008805274e-60,3.494651857491806e-87,4.492421663117423e-83,1.0101317218849928e-69,3.749902877759061e-88,2.1525096391888153e-90,8.640192040887009e-43,1.2738550872479729e-45,825.4588172945761,0.0190054399429461,0.0036335446685443,1.0760225236727898e-05,0.988785567906872,0.0075695205014672,6.06697879937007e-07,6.596194505354608e-17,1.3372285224491614e-15,12.0,9.471490858717608,14.434771615416752,12.31873786606202,8.222641973826166,0.24880561057299033
1.241365856049625e-31,7.80813751111669e-14,6.441757561515791e-35,5.366944911170966e-52,2.5340906989761657e-32,2.0051391494797065e-25,1.302348780439002e-44,1.0181202379086644e-19,3.82920669291906e-23,9.212123760451064e-26,3.957522748757921e-30,1.839336299007561e-32,4.7850013794293395e-22,9.471296648213412e-19,6.753500637724207e-07,1.932304925751093e-44,2.7518373720209637e-37,4.18583564943583e-41,3.683962775170547e-51,3.476934164482025e-44,1.0771085973535456e-19,2.147899599553693e-28,8.628881765167847e-24,2.1526029855952354e-33,1.2815712986330528e-33,1.772282741363687e-67,1.1477028034769604e-45,1.2992892079348123e-31,5.025039430428061e-46,2.5825045215845225e-56,2.632886069615483e-23,1.4183911330988874e-38,1.9477472717753473e-46,2.5237212261892045e-57,2.0497754080840838e-53,8.010763258587045e-52,1.2640694918814609e-42,2.23336066761523e-53,1.6176583410586053e-74,1.508597105482864e-58,3.5979958074171687e-68,1.3480380177522716e-59,1.7480908739296292e-94,5.1898809225693866e-95,2.874400630822264e-74,3.5549049805284427e-104,2.413497235063895e-25,7.683437734725484e-30,3.797958058736523e-40,5.235204479497247e-40,9.1839902065634e-59,5.5724002230890445e-22,1.433618606591186e-40,3.803575932685302e-17,0.976317584275452,1.228451109838113e-15,9.993828036553784e-22,1.9196804639173017e-05,3.475803055990337e-33,4.5325296437481905e-49,5.9119253956702054e-08,0.0236478450862952,1.1192842963779039e-16,6.954501143659112e-28,5.9177232991969865e-46,5.8421641004576935e-71,7.598433505953797e-29,1.4639364216259548e-05,1.2255307916082243e-32,1.674330405861398e-74,3.873168426251598e-93,3.632130444606268e-114,2.7643438183093295e-36,2.528793925524845e-28,2.3555418973887916e-34,8.171357866618269e-40,1.1289343466327524e-30,1.5563611744049695e-70,4.736262568668373e-47,4.742840680789022e-25,5.389080780331677e-36,2.6546331682933008e-46,3.3418153063145006e-56,1.6629475661664745e-65,1.2347317001632476e-75,9.404165764180752e-86,6.397823095633594e-94,4.5144636027842023e-73,4.703630800227374e-83,1.4439543297791492e-63,2.723413496381996e-53,2.983075972833049e-96,2.014368214489797e-42,2.356877642461204e-48,2.6835231775197683e-71,1.7366217802573023e-70,4.6403235970809997e-38,8.651573251381473e-76,8.637684607960164e-40,5.968017209075543e-32,6.823331140962626e-68,2.6064577907468975e-44,1.8381680497849166e-31,3.083937757475485e-94,4.5316109081547405e-61,8.299218872696445e-58,7.139586629315488e-60,5.5495631839064676e-74,1.5227888351740165e-43,7.2084391122626755e-84,1.0911055946490276e-91,1.3769654285832734e-54,1.4124851606359685e-86,1.9330438924462426e-65,9.104856005873217e-62,3.128126196816529e-41,806.4061104016788,2277.181874637859,0.9884245147895502,9.377527863687812e-06,3.2984176627898274e-07,0.0115657489621927,2.8878626923430055e-08,1.4667653062587631e-22,9.533974490681956e-21,12.0,6.9771448550702395,5.523362139230593,10.068230253402294,4.4656330320372035,0.2322133740046343
2.298743100132963e-19,4.731995463415358e-11,1.0602071200067585e-06,1.1573299900935624e-39,5.635316843154682e-16,1.2323418658200725e-21,7.021217618579507e-42,1.3281474529117188e-31,3.419704689483543e-33,2.663701704942842e-26,4.779378265619306e-26,5.065326987441596e-42,9.257930101766919e-29,1.1986225693035234e-41,1.3749174320761468e-42,2.751060641271164e-44,4.6939722306567255e-34,1.2020920211617164e-27,3.341989393709904e-43,1.0766350156915727e-39,8.646518684793873e-15,1.0143681158140509e-30,6.155393640246203e-09,2.082650804699724e-41,3.959985386271141e-53,4.1921527756120304e-63,1.8940516808342466e-58,6.271895648104276e-58,2.13113817209112e-48,2.096578021409829e-37,1.0523582485850012e-66,1.9889304371646776e-66,6.800312309022688e-53,6.203530291773455e-80,6.125098991176718e-58,1.5803836021203162e-48,4.5120434323617726e-55,1.4037313907330824e-47,8.609980904823941e-83,8.655770729704472e-81,2.0766395565526703e-75,1.1494974382907258e-58,1.6894252670749808e-109,4.244990871040401e-115,4.976722936762879e-103,1.1691774412032145e-130,2.4151029691679274e-18,2.9450557156096336e-12,3.2860115794895422e-09,3.9656665350811534e-09,1.0248033197703155e-10,3.620702009978465e-06,3.86619782680211e-07,2.497602978099039e-23,1.3169113871135848e-10,9.891159640423453e-20,3.2022129080781517e-25,0.0002712833316035,8.75415637341895e-10,5.206973256312052e-13,4.616494785343121e-25,1.1851091223217752e-19,3.937740066146097e-35,6.93766527515472e-05,6.255167836069506e-06,9.602453833066688e-11,5.146035399228393e-25,0.0002269239274767,6.304204352897483e-10,5.755160248851174e-14,6.239710383749106e-16,7.385839642706637e-18,5.941339142737781e-22,2.2421409313371315e-14,9.906407696437431e-29,0.9994207705284082,2.0461787325979057e-07,4.919103369554751e-08,5.3760124616308425e-08,1.7521739553891626e-32,2.0294540504077587e-49,7.218869128284561e-66,3.493839781068214e-83,5.4251480437759404e-99,5.070321956669726e-115,7.906831859769196e-132,1.994890408697363e-57,2.0698172889587222e-54,4.498064030048712e-58,2.4902900116391404e-55,1.4258224445290851e-34,3.9878738575311533e-60,1.1979730350160404e-40,1.1180337626308755e-24,4.0124810518116576e-69,2.0400240461776582e-36,2.1904054510851673e-27,5.9818264396569874e-30,2.2795133279076463e-19,6.829046347983235e-35,7.633691559602463e-41,2.921141893550961e-36,1.9578896433054525e-20,1.02338777057887e-43,2.628866449003121e-34,8.944376984838979e-17,7.032817486483721e-17,1.8777722861046668e-35,3.0330434446376877e-27,6.444876694255917e-32,3.766823236156792e-32,1.213954504550442e-20,7.009154473885428e-21,1.867221672521706e-17,1.2782768726881802e-36,1.3421793150194569e-33,1575.16071499107,102.05338215217182,0.0002732579719594,0.9994619273098216,3.077378523118844e-09,0.0002646824809384,1.291599019700288e-07,1.2785920584673861e-20,9.227172688606302e-19,12.0,15.563193414303653,7.0516080777344134,11.986152355942233,8.67455486591916,0.22845120963205293
7.303545200487396e-22,9.875268756599948e-09,1.0480632050029157e-23,3.2802181846373265e-35,2.794437198085913e-22,6.402928646292972e-18,1.2813990169648566e-30,1.250443326233673e-17,1.1457166326873005e-19,9.346154883709985e-24,9.102605174483252e-24,2.7091357769846965e-23,2.2043824222542883e-19,3.356649946055456e-15,1.4899858075278077e-08,2.386187720217282e-36,3.1567130107170495e-28,5.511264491192537e-33,2.1516978033375887e-39,4.79926636668955e-35,3.595720438461355e-17,2.9807728244183807e-25,2.0478510969485497e-22,6.993992711197655e-26,1.0334128925795804e-28,8.743382097967732e-48,1.7618493711570671e-34,3.338798301066815e-26,7.239233170883048e-40,2.1660333539935383e-51,7.058576410366889e-22,4.5971719352235345e-34,4.0055045671195814e-43,1.2989994523511347e-48,2.5778321442518375e-41,1.8008387915342838e-42,2.262471952928078e-37,2.8276035000941164e-41,1.9202388328571278e-55,1.3841346214363172e-45,9.679773914311096e-59,6.333933317476523e-51,1.285447763988806e-71,6.4112277186696555e-84,1.5847307209869877e-63,4.573856136173889e-81,6.751483935017394e-18,4.7299070927676976e-23,6.216835179725963e-32,7.747454962179012e-32,2.7583993176269842e-46,1.129875027462424e-15,1.322436273659069e-29,1.0358125330393082e-12,0.9997494562805448,4.147681066847903e-12,1.3185141436900506e-18,9.470703293791184e-06,2.4265432808455147e-25,6.648613903656839e-43,2.5922715622657997e-07,0.0002407082886917,5.889497119164095e-16,1.8312881890124868e-21,2.515066630922964e-35,9.597784330721387e-54,3.688050769188449e-22,8.071999816115154e-08,2.6673789178541424e-27,6.662982820309787e-58,1.288578254769847e-72,7.094241960965516e-88,1.756781518197132e-29,8.572256941124255e-22,5.076645703949488e-28,4.8869045552824723e-29,9.110596863953276e-26,9.995841909963561e-51,7.141802814760003e-39,6.317165989213505e-20,2.622847952520779e-29,3.562899258098237e-38,1.3496570595837746e-47,9.820595497279415e-56,3.043740223753706e-64,2.4694400985475345e-73,7.201223732822216e-61,1.6516446177196058e-49,3.0860844744213996e-54,2.130688676800483e-43,7.216896656865289e-38,2.4911140787550292e-64,1.814246279431575e-32,2.616104598441664e-38,2.8847780062442266e-51,9.855862674659337e-44,5.3453947266880065e-25,8.740562039589629e-49,5.27354923032212e-28,4.668436100476917e-23,5.546324517744606e-42,8.992741915082402e-29,7.7757411731416935e-22,2.3168325745436103e-60,3.683907203788384e-41,9.478503290207148e-40,5.235238052538201e-45,5.128842943054901e-50,2.1687860483908335e-32,1.9760843991791906e-58,8.462482292167473e-59,4.73432769628514e-37,1.107400319757418e-57,6.0219586767873975e-46,4.107031858213016e-40,7.946553004063208e-29,1277.7115751288168,6105.080209998528,0.9998747304538872,4.734029848459124e-06,7.447577856416284e-09,0.0001203984761322,1.2959255404267422e-07,8.668540696325072e-23,1.028666829297242e-20,12.0,6.675285399145672,3.8720694592730034,8.080675397428497,5.112634456414773,0.2038518918272615
4.8511189414108605e-25,7.763569007841196e-13,3.925521019859784e-09,5.403924098317635e-50,2.1881046760870983e-22,1.85585697651348e-23,5.5220715708484074e-52,1.3940911514573635e-35,3.260261566055359e-38,3.630800484809854e-28,2.312456167666544e-28,2.253737819404069e-50,3.5590374990834445e-30,1.173905379709672e-47,1.4662085271948944e-46,1.5989399698042713e-51,2.2386245217812347e-41,3.1178414066766687e-32,2.2357041356497587e-55,6.548061309634153e-50,2.391522913035695e-12,6.866640408234586e-29,0.001338271404701,6.910831263942421e-45,8.426966329684349e-55,2.8116852335877108e-77,4.073781954537537e-68,3.7417722969500793e-65,3.839794833617954e-52,3.980037837176331e-36,1.1201897938584553e-74,1.1186833546660405e-74,3.0302604997364824e-56,4.3909196430249586e-93,3.0435036031067284e-69,1.0208150331745583e-55,4.7706334369911875e-64,5.0579000731133447e-54,3.9678116440774466e-98,1.8649971362864928e-93,3.5572205358156207e-87,3.5476419886930143e-62,2.072719113638268e-129,2.328880355538345e-129,1.6956104286114671e-119,1.949431880257804e-152,1.1442913915551235e-24,4.932125234163146e-16,5.061062883158207e-12,6.582035358931173e-12,1.072809665965162e-14,8.893209948635188e-07,3.427697815768167e-09,1.0331886763182752e-24,1.987603658721826e-10,5.5832803629001805e-25,5.609541794566677e-33,0.0840837139039264,2.255403982241018e-11,2.076649206731604e-09,1.8090786731608665e-25,1.235331437794432e-22,7.245382036188624e-45,1.6432781628479244e-06,1.152731776030323e-08,2.122350150422371e-16,5.123138275150592e-29,0.0002453874188322,1.4595581069806998e-13,5.724891592408897e-22,7.320005950930751e-25,4.3675311813103245e-29,1.4973847506740995e-31,2.097309636331082e-13,9.717657190697966e-28,0.910455320986465,0.0035240711780074,8.219731392641634e-13,0.0003506813144033,1.240001929704993e-32,7.113679759570083e-51,1.4858905761811767e-68,2.2299983769329204e-86,3.271253579717206e-103,1.3035379514801214e-120,2.4419961867808327e-138,9.188470694399107e-78,5.029554305621649e-72,4.2654286731222706e-77,3.1322982483921016e-72,1.6842557018609358e-41,2.0666237378992148e-82,7.760085035311377e-51,4.948886038986806e-28,9.746496710397964e-86,2.9987374925869537e-52,2.427800685012745e-37,6.794600024152133e-44,2.753721424619334e-26,8.531840740242548e-42,6.473775735832365e-58,5.952327225537259e-50,4.542560344750028e-25,8.21054504447225e-66,2.549820542965615e-50,6.272403745612461e-25,5.3772167776512115e-25,6.709445338437074e-53,1.7782335979501182e-39,1.9131540406459147e-48,1.196112184497786e-48,5.11429222673631e-30,2.5906092294383316e-32,3.0625644355316814e-26,7.409004325107278e-47,2.6978432834853916e-41,1022.4238765385214,0.0054985599965397,0.0804846776849257,0.9167847252268392,0.0006404255169123,0.0002356791388778,0.0018544924324447,5.134466158256628e-17,6.700478336524899e-15,12.0,13.056554159613194,9.900755418299886,9.466607933495933,10.36251185627514,0.20376286920775327
4.551406956222257e-15,5.9234579627759366e-08,2.5495298891771916e-16,5.468593264098701e-07,2.414096386163533e-11,1.9132412819831595e-05,3.270052358487565e-13,5.87444390731812e-08,2.7071915147164692e-09,5.474034715530704e-20,4.277206740795574e-16,9.853687374975525e-18,5.652081318509135e-23,7.0679432409431445e-22,2.9209720580383095e-27,8.656376297562989e-62,1.1852471423360714e-05,1.0152014602669323e-16,3.766246372012962e-17,4.0999913591380545e-14,0.0480519381135046,1.1197351582086192e-08,1.0461530637809526e-13,0.2894239037543184,0.0002826875155194,6.065581503185964e-06,2.491164362039423e-06,2.4017817776729575e-10,2.789930085217751e-35,3.841784871435273e-59,7.681707027596373e-27,2.6155685598252232e-43,1.4181781782367432e-64,2.5110163447329204e-80,5.3021348188265105e-05,2.074063386279093e-13,3.120768429039593e-06,4.16430813540731e-09,0.0829701647720555,0.0002081101898311,3.8509604540458234e-19,3.6941753793734966e-14,0.0008032353221371,1.0314587265752138e-101,3.053031153820555e-05,0.5780572015076917,1.0915161881731065e-17,4.8422802010223456e-29,4.8636750536291834e-43,5.763482757098475e-43,4.498612374417343e-61,3.468175212565822e-20,1.2605659407804596e-37,3.3669858644418113e-11,6.054946495545142e-12,2.726633050128983e-23,1.060048547398131e-31,5.0961965499606435e-23,2.4803208939449985e-44,2.680372224151668e-73,4.0375537006979824e-17,1.03777187102331e-27,5.1129869733174075e-49,3.0535795599120252e-18,7.784062012549087e-36,9.535533617023826e-57,7.793303548535684e-12,7.571549730236853e-05,2.5340198146893495e-26,6.205590140015042e-63,1.7783104164417618e-81,1.1654517421874042e-99,1.297245220724652e-23,1.0960913843108065e-15,6.599441705347228e-21,9.453466827030572e-28,2.449692725564451e-26,1.0064834100294272e-50,1.2564355845635775e-43,1.4604918124439517e-07,4.880200523455281e-15,4.87050660937619e-22,4.403584670023109e-30,1.7096618404021725e-36,4.878948431440659e-43,1.789832853792624e-50,1.3480498400415698e-18,1.0835050031240676e-23,1.6179397111254266e-23,9.331037615075935e-29,9.039648839651296e-20,2.3203778979679893e-24,2.8185586138938127e-15,4.556469731763269e-31,4.253198789320931e-15,3.502004162495107e-26,4.980404261405541e-26,5.295793597848297e-37,1.3989245083047467e-35,3.673597610701632e-25,2.9366454975903333e-34,6.03431436243776e-38,1.1789038989392952e-37,1.502476765905492e-31,4.558291818520807e-31,8.0213225273427405e-25,3.3541082873464363e-49,5.885252780610466e-28,1.8228417200837574e-28,1.873349329767327e-41,1.2549641017167819e-34,2.670680929881628e-32,2.050100655206674e-41,4.44083206537202e-46,1.1621830445776264e-14,1.0474212265872912e-19,1813.25017707458,0.0002761173698036,5.516648822967342e-05,0.0125796358051156,0.9113659671356154,7.426014141685766e-05,0.0759249704296225,0.0,4.134396524085144e-13,12.0,14.357992729306826,16.218017468160326,12.12908043327596,15.13870929278528,0.19957238436620087
6.805020829703754e-24,2.93369857487525e-08,1.8237701721690135e-25,1.8924686519928684e-27,1.2244344199005628e-24,5.2382565442994534e-14,1.655278457701117e-23,6.03544072856643e-13,4.349133952383551e-15,1.0608869148875794e-21,1.0229952318966278e-18,1.1137664906581372e-16,6.480115624472112e-15,5.032800925588394e-09,0.0075947787932484,1.1967372209996008e-36,3.3176814398456473e-23,1.572419073761727e-30,6.726984457602775e-38,2.3567546180879457e-33,5.692801395280673e-11,2.4200644308830136e-16,9.133213053933205e-19,1.1554691450826764e-14,1.5288135747231565e-14,6.154619240526498e-33,7.448333455791681e-20,5.268859911723485e-12,5.319041197764211e-31,1.0577143304167379e-47,4.234184462374136e-09,3.738895570471804e-24,2.1031300876340335e-38,2.2284151961099723e-43,3.2016895972631355e-29,8.341943972804023e-33,4.3760253459387335e-28,1.7090753385766679e-28,3.058636963042258e-33,8.654066978088125e-24,4.207762878447343e-45,3.218633553336761e-33,2.111721127497985e-42,1.5572174320875856e-69,4.774119585944475e-40,1.4461495339566222e-44,6.4122695104972536e-21,1.1679363272742152e-28,2.770096790220898e-40,3.477988065592495e-40,1.3569577012918852e-57,6.357437599459304e-18,7.710717620705754e-35,1.992242062053235e-09,0.9922724233367932,1.0728001541669329e-15,1.7420569776972224e-25,2.3144556793464943e-08,3.345582624748391e-31,3.7376220561915214e-51,0.0001327117519024,2.2312523367999148e-08,2.227688622046811e-24,3.493238592315746e-26,5.36832837254028e-43,1.5098934186900788e-64,1.6618387824215957e-21,1.4223292670374405e-12,2.9152583179675737e-35,5.55589753205472e-72,1.253852671959779e-89,5.871798639796593e-108,3.0603616309881414e-38,1.9289982365078008e-20,6.774604402703882e-24,2.1319324512192656e-33,6.2874367104301805e-27,2.114554458065139e-58,6.4626148231053604e-43,4.484987875298643e-13,8.136498895069704e-20,4.912428407757923e-26,9.769116319528876e-33,3.313379025134355e-38,4.421017836679638e-44,1.7124980347129774e-50,2.5344731150649946e-51,2.903073581329967e-45,3.124048586675351e-45,9.374999337027089e-40,1.7155616172084924e-30,5.093549633157214e-58,1.607674935185273e-30,2.5691286556003623e-38,1.8890702087964283e-39,7.035609002655636e-42,3.943464160278667e-28,1.3928804217537188e-49,1.1318862537117324e-33,4.104851819250598e-23,6.323775955087768e-41,5.9594195734489025e-33,4.785420732148855e-23,1.672585908347025e-61,2.8815051088209307e-47,2.458516768711634e-42,5.2769568526833185e-56,9.842895916881963e-54,3.6921249773394796e-41,6.773695135531223e-65,3.5230737727713193e-59,2.714237250839442e-42,2.1411571895264464e-60,5.7148653544599e-54,2.957974004997206e-34,2.740538920118685e-28,1223.9783808002448,108.18592059971468,0.9961802573500084,1.1469769830259796e-08,0.0037541119855054,1.1031402368359124e-08,6.560816331391773e-05,2.81163402094327e-20,4.889119158640242e-19,12.0,4.061216772297943,9.576169293041673,4.0442927952070775,7.81861994946793,0.1800143867866385
7.640360871190507e-22,2.0322303667940128e-08,6.194294536006198e-19,7.033988056847524e-18,1.1968851622361145e-13,6.2188237300955175e-12,2.8071428975384123e-16,0.0001298166443769,5.427931420844451e-06,7.229145841937119e-11,3.7399125486997705e-13,6.519088095129577e-13,3.5061040499533573e-12,3.8003742299852545e-09,1.2398105548987326e-06,6.46522692474302e-30,2.9412998009138806e-10,1.5895068873524529e-15,8.594407219575494e-16,1.121321236717111e-12,1.0046723945251586e-06,1.3629702684098954e-11,1.4006655037881398e-12,4.3912809996465744e-10,3.1308384505330056e-11,2.9640171369423427e-19,1.2097930633339977e-11,9.537955281741825e-08,3.663124773954413e-21,1.935391355723014e-33,1.2136706349399908e-08,1.967114651263554e-19,4.008265367374346e-29,2.4794358920637765e-35,4.898981566771935e-12,1.3815267401376272e-14,5.196657332260639e-07,2.047467449560899e-16,1.9898135556755594e-17,4.199167320245685e-12,1.3081791496952162e-16,6.334948731774151e-18,6.73858052160906e-22,6.413343767254718e-50,7.389758641056173e-11,2.2047002011038906e-21,3.5725625621107e-12,9.866950640553754e-18,5.298428532960659e-26,6.297970609468773e-26,2.1464466049810916e-38,6.5479290046555605e-15,1.0191520469743451e-26,7.463541046681326e-10,0.0001636434993894,6.455004570117491e-10,2.8739076144892418e-12,8.41430090443919e-10,1.366569356297561e-25,3.5418532192246056e-41,6.40544737853067e-08,1.980739841964633e-06,4.8824080368311165e-14,1.1651101997238067e-14,1.3120198848918896e-26,5.963336570816021e-42,3.006832270906395e-12,0.9996961681375368,1.1589849768031538e-16,4.522278000857266e-42,5.7815813199668735e-55,1.4958468179893755e-67,1.0046236227106061e-13,2.272938950195834e-16,8.494546553085957e-20,1.411903170357791e-24,3.3784955424644267e-21,4.724180926327262e-42,8.139467549800435e-33,3.4439113863322185e-12,6.298003947570453e-18,3.4545839652709584e-23,1.8378047787653665e-29,3.997831994931671e-34,6.179925217035585e-39,1.2834803573508958e-44,1.4584379347978263e-31,3.287472669491129e-33,1.2955400200427682e-28,1.9978109840459333e-30,1.0984289966276573e-18,3.041922292827918e-31,2.4970340064317977e-18,1.2655892687818142e-28,7.723561436580854e-27,6.924087199236075e-29,3.711067941356143e-25,6.154049733948393e-34,6.828623405238958e-29,2.282549426671318e-22,3.377518488440611e-29,2.0694606632047266e-29,1.3995613480928842e-18,3.6831695390314095e-36,4.2927131159342924e-32,3.5665618249658133e-23,1.592633152725097e-38,3.245139237647387e-26,3.561010284079204e-23,5.4945489521933855e-34,1.7541769591965134e-39,1.5805395675548904e-33,2.2641468802008286e-40,1.3641258145588744e-41,3.689377405538581e-23,9.166991860560324e-25,1768.542276406633,29707.06717912139,0.000236885753263,5.027902742899908e-07,6.936574453606236e-05,0.9996932130495996,3.2662327173292856e-08,4.931626762006734e-23,3.9288626537320314e-21,12.0,9.326847926077942,11.466606109875997,15.625327801424907,8.139508182498234,0.16587241681108797
4.590385647243609e-17,0.0009124419305719,1.08005868506799e-10,1.493324096370897e-21,2.594248365822764e-13,0.0001064953586019,9.999248972252186e-22,2.6348506366655376e-11,3.643795864184649e-13,1.3865448563166856e-14,5.307073233013915e-13,1.982683013984982e-19,1.6892191004944757e-13,1.825981015708106e-16,6.794828250656274e-15,1.0462213536184046e-35,1.3262378939035146e-16,1.2780288372423913e-18,1.8692985256125118e-28,1.9259140766687728e-24,0.0170661855718028,6.016651074944675e-07,5.033947954228636e-05,7.07153428102374e-10,1.7096308233571462e-09,5.744202401272464e-31,3.6620313948910554e-23,4.967337734500941e-20,7.225099708158546e-28,7.830078488950004e-34,4.95777608863101e-25,5.854357400025368e-34,1.962980987849002e-37,6.582531179985432e-54,1.658603863860313e-26,3.702010642144111e-25,1.7622371965075465e-24,1.4249418139761733e-22,6.293248863638406e-36,2.9776250121074867e-31,1.1712938501283276e-39,5.1598059817857475e-27,8.177822890132257e-49,1.3425725800626022e-77,2.3943113570979013e-44,1.9286757726339743e-55,1.1344402130558141e-13,4.710435984715424e-16,6.878754961628989e-22,8.463462360577025e-22,7.870892317540266e-33,1.0615036798377389e-07,3.5632415606021615e-18,0.0002713824881741,0.796065395905799,8.535165376005164e-13,2.2200698505871342e-20,0.0048954720999885,1.0216182453862557e-18,3.1771146288723824e-27,0.000865663953781,3.7956180596946127e-10,7.646087109419088e-27,4.1585790763839045e-10,1.4364866586263315e-20,2.8288093120018114e-35,4.3986341004548037e-10,0.1779512037378018,4.074212468239068e-17,1.506684568285583e-40,6.848779043959898e-52,1.5194892698507222e-63,5.296602087444725e-23,7.665194461823784e-06,1.5008837353258015e-08,3.1728046929216914e-13,3.640950533170855e-07,6.847186739018823e-31,5.480732651292666e-17,0.0018066593767189,4.189392890898408e-09,3.092952451612145e-14,4.7860560100599614e-20,1.7444892251122643e-24,3.1056135466052287e-29,1.2110672613811448e-34,6.264226930598694e-40,3.6392789425380437e-40,2.993135296321351e-38,6.611718180674728e-39,9.561268446870696e-21,1.4188188844336085e-44,6.443550835159346e-26,5.42007559492307e-25,1.3527927959837371e-39,8.588722446655264e-31,3.3929719397609106e-24,5.846406247085324e-33,1.6309792308798215e-24,2.942147720951821e-19,1.4783452912019738e-33,4.6837105568091776e-32,4.6154557225380467e-17,3.8730738615713334e-43,4.136779033977673e-36,1.040809809506003e-21,6.831758053640541e-35,4.1399435149640377e-35,1.656814925486789e-29,1.8050922742594542e-40,8.286301434816993e-38,2.0647670150181076e-28,2.373991534360799e-34,3.372114227763125e-34,6.95838031812919e-20,3.6661763257640423e-20,1381.6525737909,1.3584746945525775e-05,0.8005141181829526,0.0110097127823188,0.0085383773430323,0.1775108449699985,0.0024269467216976,2.387148861159603e-13,4.676003357447927e-12,12.0,10.13840699367951,10.02800634828808,11.345855895576529,9.481691246740194,0.16584900763584162
8.81154901834324e-33,1.4768780687990722e-13,1.0408949579723182e-28,1.3811551191616223e-28,2.1532231642188122e-23,2.7242531828761425e-15,2.2327381513746295e-25,0.000237750694749,5.936191302577071e-07,1.1632452102808596e-10,1.2301491638681665e-15,1.3098652082224617e-18,2.869906538645531e-12,9.446490220785268e-11,0.0001665590851913,1.0235467078643617e-36,2.9386624353345645e-15,7.384962028372566e-20,2.466558289622042e-24,6.3827120402221115e-19,5.8810586423030294e-05,2.16246579271506e-07,5.87981853960993e-10,1.4180464260705183e-09,1.9019544747136304e-05,1.151870028930038e-28,2.0163474264521043e-14,2.545513886788401e-06,9.627560446583115e-21,3.348639391342027e-32,2.057058584870336e-05,4.481017436463981e-19,4.082434115995033e-28,1.3176040375923446e-40,6.445703645667329e-16,3.581377041731109e-16,5.4097347490362215e-06,2.7316494246301674e-19,2.2056772702252536e-22,1.403577848306385e-12,1.2948959513992909e-15,4.2957402062625555e-14,1.9262221456126823e-26,5.433156919891795e-50,4.865815475998673e-07,2.5610998342782935e-22,1.7980487475461188e-20,1.416920302164865e-25,2.9330781240828536e-35,3.806694511522646e-35,1.4340016029323543e-51,3.376783203676455e-21,3.057776681216959e-37,2.3682811133604972e-11,5.3667223774921905e-06,1.3161045551346548e-15,9.5932365716962e-19,4.217496055786942e-11,3.134333490257959e-34,1.1797650844597417e-45,6.257779847100036e-07,4.050439778553621e-08,3.605067189591846e-20,2.5704803198800498e-21,4.147555365227366e-37,1.9654447728667858e-58,5.35119338895832e-16,0.9994820023128852,1.6046174066255394e-23,3.8089699873767058e-59,1.1054208533517803e-75,1.6333474839859618e-93,6.918218013225906e-23,5.5451450523732725e-19,3.1659285644393036e-19,4.4602881762494445e-34,1.6277300849710237e-22,1.1629925341352425e-59,3.565011688475077e-37,2.0231629563830862e-10,1.5539739615389687e-14,4.321422923906179e-18,8.251407795446432e-22,1.5906831731637788e-24,8.510763146887595e-28,2.081710447165665e-31,3.6595133026813926e-54,2.446528648637913e-52,2.5108197794968656e-48,2.3428865739308347e-47,9.9394078572604e-27,5.771243140386137e-54,1.4689241428056063e-26,4.524627672655848e-36,5.6078882570818686e-39,1.1461532479485605e-50,9.294193636691616e-40,4.955358929048795e-56,1.8717505438189506e-42,3.3364089143160914e-30,4.2915593551864523e-51,4.6226700687147805e-47,4.753126568987639e-27,1.7993270779911108e-64,5.525151516846855e-53,1.22897492377456e-37,3.2664715763899266e-55,6.812647338515372e-47,1.885225683820517e-37,3.927842475724526e-56,6.380247576768665e-66,2.5265024482500665e-51,2.1582371105393082e-63,3.129278722361357e-61,1.5337550269336705e-36,6.898582043441046e-35,1032.3162505302373,6773.852418096954,0.0005018684108171,2.9502488689126336e-05,0.0002708947666429,0.9991782971732476,1.9437160603097028e-05,2.5248847614605464e-22,5.828275657704761e-21,12.0,10.769268791857034,11.7322107543976,15.299053131623424,10.588042962441522,0.16500151157738638
2.0485605186055636e-24,5.332601568064773e-11,4.6791953309252403e-07,9.083561311244882e-52,2.1535631335173953e-21,1.9217193612405655e-18,3.5471405457754494e-57,6.692332208252873e-41,6.118781275669277e-44,1.159262713038348e-35,1.6387539192985126e-33,2.18996683255129e-58,1.7812086235660727e-38,2.957482224929612e-58,7.236301809743936e-60,4.271026031865256e-72,1.6549833238376617e-44,2.749902940168997e-37,6.230746477197312e-63,1.0835345008847766e-56,3.955931276645006e-12,3.3261044442866606e-29,3.038712623388087e-05,2.7495397255888613e-44,8.72093598523778e-54,2.551751225458463e-84,6.786658814071147e-77,1.8037649261941374e-76,4.458913639358647e-68,4.221886153495967e-56,2.6579559889676002e-93,2.073864140666463e-96,5.0946191331398906e-82,9.983552432804275e-127,1.11780539514443e-77,1.5166286556469312e-65,4.26169579633215e-74,4.951571031677701e-61,2.1059895235594298e-109,3.608640599716194e-107,4.6030641912460256e-105,8.675658090961292e-75,3.299909563520521e-146,1.1332588923405562e-164,5.552797231784365e-140,1.1332588923405562e-164,3.7594155200070024e-27,1.589457621558274e-20,3.9189931784156363e-19,5.250528038015445e-19,2.9179494219029737e-25,1.6896687327326045e-07,1.745001777839654e-13,4.923959150122439e-23,2.4698263283979287e-11,1.5006936721872909e-30,4.682871761003544e-42,8.11161497326221e-05,5.487179727955888e-19,2.782595051735333e-21,6.486612972851094e-27,8.060435554413826e-31,1.026637986230477e-61,1.1793024961814995e-06,3.0087937703001556e-12,4.038735932090464e-24,2.1673023018431233e-27,0.0023536988995369,5.144711626917749e-17,3.8905729863274296e-33,2.208427991686381e-39,1.6696549569463414e-47,7.325339030519795e-37,2.636466929510383e-10,6.1935018286310025e-25,0.9138203697835564,0.0837066511606038,1.1453010526967333e-17,5.728024550623321e-06,2.850020057151664e-27,2.519542563300712e-46,8.836989980548358e-65,4.272610791753478e-83,1.2684280718875643e-100,7.517915364475889e-119,3.1280347809773965e-137,3.059942508116547e-80,7.099107323404913e-80,1.439463378109628e-82,2.5223165606567892e-83,3.118443268459305e-45,3.473903474546306e-88,2.5888127108450602e-58,2.6119335407411493e-36,5.811919955609546e-97,1.06159563091686e-52,6.285807822654704e-42,1.2709558812239e-46,1.0585012300644596e-32,1.6355084558824996e-45,2.339623127668221e-62,1.6609065667008865e-59,3.6480860937531206e-31,9.50376972456431e-68,2.597320966380934e-56,2.048560182546148e-24,6.5919296377229135e-34,1.4988356223993995e-55,1.600709959465623e-46,9.958670501944687e-54,7.217927469094059e-49,6.953246916556034e-34,1.4677834377011329e-33,6.943880432257467e-33,6.364944300806782e-42,8.361142534269009e-42,898.7635705907493,1.0949631589319196e-10,7.793845959109917e-05,0.9574691274506544,1.4584807026300448e-05,0.0022597465066894,0.0401786027760389,5.666294461702781e-09,2.2665177846811125e-07,12.0,16.08937296155335,11.272148869321978,13.46230790573536,14.712243011982729,0.15421555856930602
1.34043160119713e-20,2.985406712873244e-09,1.271052080975018e-06,5.796641595562115e-42,5.263658707982351e-19,2.50010593011292e-18,4.151240396727066e-44,6.445643019158616e-33,4.5500797238122587e-35,6.679503421282851e-28,1.6919351176413852e-25,2.356932248763574e-43,8.892965657479274e-28,9.092575206782644e-42,1.1643923630220394e-41,5.500481592766545e-48,4.068873859224207e-37,1.1510345326339041e-30,2.828284649608778e-51,1.0299998508385171e-46,1.2689141127049256e-11,2.0391799961724324e-26,1.21894710435242e-05,1.550293430989029e-38,8.1336149517674e-48,5.075572344362283e-67,5.473180316015016e-60,3.312103221965982e-58,1.14527592835892e-49,8.041302046650656e-39,1.7424960182852614e-67,8.65321140840257e-69,1.7147209260550074e-55,1.7590114271662818e-86,1.0543962575947355e-62,1.6849131955413165e-52,5.693509075881301e-61,9.285157536852866e-49,7.159950740127051e-87,1.7405484823989198e-83,8.510586170780027e-84,3.0437018387158187e-59,1.3120977502989997e-115,3.24503052523554e-124,4.520650622271532e-112,2.5157643894175646e-137,2.2506419748272394e-21,2.4376018958668272e-15,3.3320746852092717e-13,4.18625892487621e-13,9.019321130927632e-17,3.743717454956371e-05,2.4953182385308313e-08,7.817772816114517e-20,8.55583838234943e-08,3.135137062272571e-22,1.8280404042311888e-31,0.1181098523562085,8.906390427475694e-11,1.3487105699839248e-12,4.32760671870794e-21,5.558567573498703e-21,1.4937498946730296e-42,9.332672422704098e-07,7.933934152602793e-10,1.1911058097498664e-17,2.866347829138225e-25,2.6201021334802432e-06,2.824363601152053e-15,1.5787447337541495e-24,1.978208600435566e-28,5.005811407931332e-33,1.758568279846554e-31,5.501015002263544e-11,7.39445331051972e-24,0.880747941826403,0.0010814070799003,4.4983013725701585e-12,6.233216637395517e-06,8.464600388702248e-27,5.7257268094484184e-43,1.2908863307659213e-58,9.723945148399932e-75,1.2366000186552477e-89,6.1446478896726505e-105,8.942664824201769e-121,3.739719975137232e-64,1.3117325777972842e-61,3.856067383294319e-64,3.5013061060069756e-62,1.5206058535878137e-35,2.7285306660521717e-70,3.1737076598372583e-46,4.9191127008699206e-27,2.528808158793729e-75,3.1842850183921206e-41,5.816940943692407e-31,3.6998076468758303e-35,1.0023753460460593e-22,2.4601261587279483e-35,2.2765336895278042e-46,6.655616663620995e-42,1.0150702971567016e-20,3.0961048035043975e-54,1.7454703902860145e-43,3.389127575468453e-21,1.1945141046613032e-24,7.535459530102865e-46,9.092535881901693e-37,2.9861754034382423e-43,1.0916258940160439e-38,2.809269761924686e-25,4.146039652956182e-26,3.3836810472335953e-23,7.0181146415141704e-37,1.9839669795856963e-34,1219.5821932223614,0.0007689225031978,0.1114731426040208,0.888004999677117,5.751123668789655e-06,2.912930142137372e-06,0.0005131936650511,1.5328859131869013e-15,6.547612686326906e-14,12.0,12.901245166217082,7.712582461763372,7.417159824757934,9.663111041983328,0.15421094620653145
2.5983155719869655e-21,1.075710041711558e-13,1.7018549711865657e-07,2.607198351165305e-40,4.465003554665859e-16,2.83399283876566e-23,1.89459025094952e-43,4.730430292483624e-32,1.3652867598383579e-33,6.090414290229572e-26,4.4364766986978494e-27,1.3840332285299137e-44,9.57282981419128e-31,3.1127667180979615e-45,3.509718361934345e-47,6.622482170771112e-47,1.9593539373482084e-33,3.017871655680106e-26,6.14667059114664e-41,1.6001944613637015e-37,3.876519404857869e-15,6.051483205925871e-31,1.6307202794265273e-08,2.7386830868228466e-42,5.315819296385561e-54,6.870483840148049e-63,2.3293053800751962e-59,7.268605005411372e-60,1.1130583762718467e-48,4.1422427327591405e-36,1.9965050408380025e-70,3.156530543468279e-69,4.1816691305167285e-54,2.0723939626127963e-83,1.8990287011320992e-56,2.5261200022916885e-46,2.8021131742719864e-52,8.003461400758075e-47,7.620133305380015e-82,7.021754909981643e-81,6.810952124219241e-71,1.8451103900410929e-56,1.1908665365464449e-107,2.4287236775781672e-115,1.614257678941975e-98,4.846316074671067e-128,2.323967043183863e-19,1.7341046142400638e-12,1.4128929798113076e-08,1.6990635868494985e-08,4.064757525394481e-09,5.8328175724691635e-08,5.9060043165791424e-08,6.713797962670376e-26,2.957270736900391e-14,1.0379021822228598e-21,1.144546305355602e-25,3.815745159998806e-07,1.5623999714066774e-11,4.302988555518125e-13,1.3693320063463254e-28,1.192584775278932e-22,2.6507355835632284e-37,0.0002626862090693,0.0002165750611333,3.7220995628362255e-08,3.874473307901829e-25,0.0022846053455771,7.70475778466395e-08,7.45435895777746e-10,7.282652172000339e-11,8.991848133122761e-12,4.458642898531926e-19,3.068068306146199e-15,1.677238187631545e-29,0.9972341164962925,1.5851786712100785e-07,6.686517072109677e-07,3.539648312994726e-07,4.15451790420922e-34,6.893458152462363e-51,3.4919697036501774e-67,2.222776387863493e-84,4.805427977520554e-100,6.500287541744716e-116,1.3947861208199103e-132,3.4093150546641017e-57,4.0902331915933744e-55,8.163822149184876e-59,5.549174401899675e-57,5.568730495381532e-35,2.176899280079786e-58,2.7010406023877692e-40,3.0249849620713893e-24,3.3882544816253693e-69,5.47944161826365e-38,4.8128634513597844e-30,1.053656419780854e-30,2.8937739235290507e-21,1.3205677344851197e-37,2.8847546922633572e-43,1.1879780137667408e-39,1.8716101358839116e-23,1.14644273969677e-42,2.355586480131546e-34,1.7538794764281856e-15,1.7347429589082632e-15,3.256202602707379e-33,4.6265506188331824e-26,8.207777541851865e-29,7.158655956441186e-32,1.6465761578644497e-21,6.172469142086294e-20,1.9191121240579548e-17,1.8722470177471352e-37,2.3193677128602168e-35,1616.7693294004575,10746.575608776488,4.577836827369301e-07,0.997475283888262,8.152382262490031e-09,0.00252399396961,2.562060630451846e-07,1.2462710201655627e-22,9.056236079869755e-21,12.0,18.33824183465058,10.250624226797967,15.741428004344506,11.747929094386825,0.14887173873327333
1.170252895447871e-18,0.0002594396856995,1.041160458951016e-22,4.206397135549057e-12,2.4298423997011546e-18,9.923758923852713e-08,3.4077541351687117e-11,6.878970191315776e-08,2.2218715107644222e-09,1.908731983065478e-22,9.294727640373e-16,2.3514498539599167e-08,2.081899348077477e-15,4.6939992765372194e-05,0.0048564074503199,9.631789932778965e-44,3.569734498479363e-13,1.111564015693931e-26,2.972227775801171e-28,6.272875277602678e-25,4.246549246689872e-08,1.1776064175618338e-13,3.549285154607595e-22,0.0003480702323348,9.241469625611608e-06,5.101878136508324e-12,0.0001216277489958,0.33414583687274,2.596885413242417e-31,4.1264653736429077e-60,0.0012992775171668,5.7496836250692e-23,3.3317142722285367e-49,2.285594477730696e-49,1.6263832974631158e-13,3.7557469347929395e-24,2.927570347374001e-17,7.004256709929795e-17,1.940474398212312e-08,0.0015302360549763,7.973217065158603e-34,9.730516359247611e-25,1.528144294283766e-11,2.08006169493395e-77,3.530156809797654e-18,2.321739430026952e-09,1.4289873206008048e-17,2.191890818063162e-31,4.3716806632539734e-48,5.238671496369345e-48,3.8764718994257183e-69,3.3404923698790495e-19,1.0709666297986138e-39,2.558144059810215e-06,0.6573264375523624,6.485383721435009e-16,1.4727438392717567e-27,1.7835605955746133e-14,3.0822669933109087e-39,5.930284239807354e-72,5.3649179115038286e-05,6.673561539039211e-13,5.547327729806685e-31,2.3023233589639703e-27,5.798634246183793e-48,3.7182981979011264e-72,2.6855073728679012e-17,9.678000867512321e-14,1.3188401019301555e-38,1.504407237090616e-81,4.428283029959433e-103,1.9018704200629505e-124,8.42017672239662e-37,2.1480408201069095e-20,1.9406996842467276e-24,1.2734679333322366e-36,2.1132603590750378e-33,3.864616803718649e-63,1.3415400686730935e-53,2.0084103482886594e-08,6.3648104363406605e-15,6.1234507132563856e-21,6.843892732738079e-28,2.748157048861407e-33,7.175056292503693e-39,2.826349093031631e-45,1.1702216671429986e-25,2.009988063252565e-29,2.773972749583937e-23,2.861497221483383e-27,1.3883755318002998e-20,1.443601575843163e-34,9.291283222379872e-23,2.3290165500758496e-40,4.534559814641771e-21,4.351709786842208e-25,3.890213119300097e-23,1.8409977040132414e-38,4.5412538711933054e-35,1.2593797297036154e-20,2.993415901487007e-26,1.6442348492013751e-28,1.5583473595364192e-23,2.4522041509602445e-41,5.0156507755918375e-39,2.2443458247436552e-35,1.1523258904427069e-61,6.587157097251245e-40,1.0232120225438203e-38,4.087757635898599e-56,1.4450027647208396e-43,2.9569638477765945e-39,1.9465755159546584e-52,8.745492784224829e-56,1.1737977833187706e-18,2.1235783304757485e-22,1660.0027140683048,0.0983553141299282,0.7468167957036067,1.5781202813029487e-08,0.2530259980748441,2.639109502906411e-08,0.0001571640492511,1.1651028264456678e-17,9.833467855201436e-16,12.0,4.324926024677984,11.529951070081912,4.5482433339510795,8.323139133108537,0.1446657391010542
5.8281321684380215e-25,1.1297295282259745e-13,4.051064461658676e-09,4.77369409786162e-41,3.1347567992608048e-18,7.303629534326054e-23,2.8043909409893032e-42,8.835614427099534e-27,9.409950884165135e-29,2.3286373500892113e-19,3.095141817964167e-22,7.153330818372201e-41,1.022809320902804e-23,9.8206172124051e-39,5.047350423354239e-38,2.967322358937653e-38,2.324868748169916e-31,1.3089148165705332e-22,2.4969523248727183e-39,4.1987751778027557e-35,3.9589088904318897e-10,5.5290317485880924e-24,0.071038843594944,5.833990497833541e-38,1.0243224113669198e-46,1.2760234368551174e-60,2.0849173313139022e-53,4.3165533416178945e-51,1.298265339626992e-37,4.305803536597287e-22,2.4543666469598756e-58,7.961579830071449e-57,7.848892287758517e-39,5.279633041937467e-69,1.9443088242675292e-51,3.5881389340930255e-39,9.532330823862076e-45,6.46955517442362e-41,1.907262522181231e-75,1.4554250797222922e-71,1.6826877009671996e-59,2.615951751485364e-44,1.42503533955607e-98,2.326881013121681e-91,6.536017317497114e-85,3.8245927254434386e-115,1.1620604674767893e-19,2.6956679582248803e-11,1.475473251658277e-06,1.8301706241002968e-06,3.70858221821585e-07,5.215710740770823e-07,3.596363879731654e-07,1.723043394617217e-23,1.3381472575903655e-11,9.49554206813799e-20,3.38959503095015e-23,0.0043408074147779,9.592348975182528e-09,4.388653278401027e-05,5.819275256029655e-24,6.173890964258104e-18,4.8681844834304926e-32,0.0004923730275104,0.0003796976474741,1.0574649171973405e-08,4.5035620064537374e-24,0.2790511155574611,7.495832168812591e-07,8.0532397740906e-10,8.525724687521345e-11,3.130432367434608e-12,1.9082202057079408e-19,3.124824500336713e-13,2.844893863561382e-25,0.6397018710320804,0.0009917688552187,1.2406070513053373e-08,0.0039542910904731,8.724808381718541e-31,6.7439396116086805e-46,1.6881017820149251e-60,1.061619933031052e-75,1.3816349136700496e-89,8.050966311442913e-104,1.150817549748355e-118,7.1965695304077474e-62,4.24689351420549e-59,3.9639857497717336e-61,7.674602814454643e-59,7.73719351179856e-32,2.5777820943791532e-62,1.2478198309161258e-39,1.9643082797608135e-21,3.6963286775132284e-68,1.3876674174603189e-43,1.2280094736621236e-33,4.4804934162658285e-35,3.7361768582643146e-23,1.0633487042995428e-37,1.451094639087239e-47,5.5055535749592265e-43,2.509160265601599e-20,4.0514606473752497e-51,1.0204743204951655e-40,1.0592194110495244e-17,1.0613569412209125e-17,3.5821476184942267e-38,2.719731071235458e-29,5.785510901696618e-33,4.036710952851018e-39,3.078551274961163e-26,1.2158102714914521e-24,1.720082106664941e-21,2.556508730824388e-40,1.3067730997798551e-37,1313.833346619571,1988.6425201405395,0.0042083201761659,0.6912189282764053,0.0340759726930025,0.268103355078346,0.0023934237760803,0.0,3.2381372053317486e-20,12.0,14.215506848047868,12.90833948728129,13.804193474564938,11.75491082669506,0.14341186902370667
1.091682831054063e-14,2.4269586333951487e-09,1.0792518055620513e-14,3.042633422343109e-05,1.2906412017622386e-09,1.697526761835264e-08,6.488934698270324e-15,2.213098123989439e-10,1.1146218313889003e-11,6.133892606622568e-23,1.5508430643028791e-18,6.113926071755551e-23,6.913675022066601e-29,1.3065918475499814e-30,1.6523590054569146e-39,8.270404442074299e-75,0.000162899243988,3.95049560238245e-16,2.516951231387162e-16,2.3226263249275725e-13,0.318725216719529,6.188996500825519e-13,1.9383503011172621e-13,7.03577050224028e-05,4.657412073769162e-13,0.0001116114763999,1.1366381638680391e-08,3.247438873107589e-16,3.580063413202483e-42,4.086189062446472e-67,1.4648610637636075e-39,1.8267949432457298e-56,8.362843847574473e-79,1.265340117520571e-100,0.0002456019098306,2.4071847095583713e-13,3.8015656043972927e-06,1.4167055816826692e-08,0.3994851198933112,2.889559287915037e-07,5.0895070893624965e-20,8.356683173909859e-15,0.0013807018610441,4.193325312485029e-124,4.045145047195765e-06,0.279035036912733,2.1016660039906832e-19,2.6714766700898843e-31,8.838316707707971e-46,1.0444045343042114e-45,3.230538921517566e-64,4.555421159353117e-22,6.67802110976453e-40,1.0444565058237657e-17,7.602276017256741e-17,1.739660365555765e-28,2.691531316443938e-37,1.8648906951675654e-28,4.598143564702813e-50,3.216170247654957e-85,4.1909258538318026e-27,1.9874107533511297e-36,2.0473542526491968e-61,3.8532517888361065e-17,3.8505881354818646e-35,2.169355017832129e-56,2.6618894489719285e-15,0.0007448457853693,1.2205822796304516e-25,5.528489968560585e-63,6.158230446674754e-82,1.7531915152880543e-100,9.358999062306093e-23,2.7246558342740496e-19,1.2887121779135742e-29,1.159795460456753e-26,1.6427079444805903e-30,6.606835259868984e-50,3.123373643939749e-48,8.827810410323506e-16,2.600214060839449e-28,2.2789792440573455e-40,1.7001393188037106e-53,5.695674535834325e-65,1.4467589764234716e-76,4.536268099335204e-89,1.170756406089724e-14,1.6922336857469294e-23,4.558929638248976e-23,4.935057981625047e-32,3.2347595195098607e-20,7.613814043993675e-21,7.446399813315606e-16,2.6640680997590355e-32,1.4503414372717472e-15,3.16363723013136e-25,6.176610109655499e-29,1.4443410928074572e-36,4.7431934186014236e-39,2.7305538138187113e-33,1.072734206388071e-36,3.747970214799001e-44,1.915816153492563e-44,2.037115899608332e-27,8.337180915351e-31,1.1730013536841694e-21,3.9602651613990547e-50,1.7132833379725148e-24,7.70754573222571e-29,1.8047136457154566e-38,1.1731394658224594e-30,3.0816337116396845e-32,4.4159258307161694e-38,1.7333183323860775e-46,1.4042052644805044e-15,2.3115778213770544e-24,1856.109586175289,4.129664643036488e-06,9.353203044991949e-08,0.0983963900142128,0.9009909951133372,0.0005907966389114,2.1724701508287953e-05,8.687606503755016e-13,3.053073142748192e-11,12.0,18.02201880286848,18.98376008810206,15.80047765353624,14.365993455694005,0.1405362839613202
4.5124247463781885e-20,1.1492097428083756e-10,1.2111910645710125e-17,3.902340498362694e-12,1.0649771993719188e-16,2.3384728092617e-08,7.044400563585577e-14,3.653514361204678e-08,2.304265753810878e-09,1.180874649163514e-14,5.705043314054075e-12,4.0221552467166864e-14,1.8714255457165667e-14,4.6134242704507063e-14,3.3527417494230127e-15,1.174769951030063e-37,6.186387457838011e-10,1.545970547817122e-15,1.577752909418305e-19,9.58299934055024e-17,0.0046909657608473,2.726012271443618e-05,2.842023354132143e-09,0.0052413660245438,0.0614965098906158,1.247808155224935e-09,4.284682142255116e-06,6.4878955764773905e-06,1.1596324733123233e-19,1.5285587278887794e-32,2.7253488539884017e-13,6.72807479776149e-24,3.7119721959721653e-34,1.9971204464492097e-45,8.547777256488537e-08,6.318651982710435e-11,4.598532703972608e-08,5.5443570643167216e-08,0.0002146882315753,0.0076335838972454,8.027083262392662e-14,1.235105303248775e-06,7.891231984374321e-05,4.3303074391824615e-53,0.0003680888661782,0.9202341794776454,1.5032746866009958e-18,2.0270778139607037e-24,1.014287712296283e-32,1.1899983375676935e-32,8.895543306840429e-45,3.036495073590015e-17,1.1239086248059534e-28,1.1570242032732243e-09,2.0713285982160988e-10,8.738658312787151e-20,1.3434293034222487e-26,5.623533148677243e-16,6.2440753811157325e-31,1.279790279614693e-44,3.343564609269869e-11,5.461897564310888e-20,1.2655099484498328e-34,2.0612703102194208e-18,4.8381097077223066e-30,9.612744097129512e-45,3.342805931814964e-13,8.622225010740367e-10,5.838728644970886e-25,2.3342486762231656e-49,5.992756120611469e-62,5.197002977734987e-74,5.073057605466147e-26,3.759508811524906e-13,4.5730197295687755e-14,1.4203415406956317e-23,2.064119661203913e-18,4.181991841365184e-40,8.008355989028636e-30,2.179218227547526e-06,2.2128023506902483e-09,6.626762602627064e-12,1.4416708756420257e-15,1.5783670470750532e-17,1.4185707759135178e-19,1.4183432771579685e-22,4.081743222933679e-24,3.3785838362401175e-26,1.057565895195564e-24,7.28141879284735e-27,1.0128126698077775e-16,2.308729087870255e-28,1.684632370758697e-17,8.16888986835139e-24,8.807027907650536e-17,9.773719275059043e-29,5.510351859467053e-26,5.396586065423545e-34,3.9784271732756966e-30,3.141695299197959e-21,3.856687505219384e-32,6.693140993348899e-33,7.497952168497923e-27,1.5636640113885142e-36,1.767753170687457e-33,8.015736218105702e-26,5.134682576092754e-41,2.729507469836722e-32,4.0895761467335435e-30,4.400224395400754e-40,8.623344662232997e-36,4.996028871923915e-31,1.979967465517e-37,4.537800892812116e-39,3.720098527356492e-18,3.6472535648686424e-20,1974.4042955875111,29139.360939889222,0.001580930945705,0.0009753757316573,0.9707904919154308,0.0001521577088043,0.0265010436984023,1.1225885297538544e-22,4.855195391185421e-21,12.0,11.790259045125763,14.788212613553185,10.983381059447527,13.224350077646308,0.13831067158485646
1.324420745267622e-12,3.381682086470938e-07,3.953662532594133e-20,5.73935334900436e-09,5.6211233261197756e-11,0.202154718082188,1.95776413672877e-17,1.1713907745371472e-12,3.3004390770613975e-14,5.544831678644561e-31,1.922473572244846e-25,6.955589115731818e-24,1.9772378751907823e-34,7.710264440616225e-30,4.2544897697852085e-37,9.11281251968097e-86,9.622952233265286e-09,5.524516500122085e-26,5.610480877613947e-23,1.527693787317974e-19,4.0163105258720454e-08,6.547145861234512e-14,6.320892370648384e-26,0.7490617178837505,0.0160554729678512,5.512041393976248e-12,9.681093190488769e-14,1.4916106132950597e-19,3.0296647408095834e-57,1.5517623960095288e-93,8.78023629464534e-41,4.826467511300216e-64,8.75520118150035e-98,2.1564153094252864e-113,3.384073602981269e-12,1.7333446683778028e-26,1.0958486660799836e-14,2.686133933731058e-20,2.372629274122247e-11,1.0859074641098474e-15,3.47749981415088e-38,9.23156187076284e-35,1.3256420744057318e-17,4.773869211909341e-155,8.407848408958579e-22,2.056274599448202e-18,1.3693963237886285e-19,3.794940871511586e-37,1.1062900606228956e-57,1.3313606393115606e-57,1.0839867861032594e-82,6.602711872075826e-26,2.2638782746053e-50,2.2597106327393376e-09,4.545119835358781e-13,2.9282734397315387e-27,6.336117567579644e-38,2.1673911161512408e-30,2.8260826676731282e-59,1.138481180414366e-99,2.2012122397428656e-17,1.6552166610234033e-33,3.0530193882578113e-60,1.2939489387489793e-23,3.6402475840777137e-48,2.0455253194558312e-76,5.46861699066639e-10,6.948099409216355e-05,7.53179282585748e-34,8.070979332961713e-85,2.69878432993873e-110,1.1058896371948103e-135,2.255643626677201e-27,8.176141463026958e-18,4.739812487841049e-22,8.575740064386147e-38,1.594801479990636e-34,1.8038937778564756e-68,1.2340210362781156e-58,0.0326582013597168,5.571428179674867e-09,2.9053043038828114e-15,1.9359601723633673e-22,4.329063436939609e-28,6.007550568794475e-34,1.3366433378669842e-40,7.173900882163825e-23,6.3165219664642765e-27,8.27112806610152e-30,4.0745552171478386e-34,2.611856522448408e-30,9.110950923545606e-31,1.0308019379575105e-18,7.966155570853927e-45,2.1333976780971802e-21,1.499688534495858e-28,1.0399215415928947e-26,1.0555203806691201e-45,2.3505481890735002e-42,3.2514530918465454e-24,3.5825552435352923e-39,1.0992833216813148e-41,5.071359582968079e-49,1.209881824546526e-34,1.9718765506706776e-32,8.950386225691325e-32,2.1372297628835785e-62,7.962990046080847e-32,8.796436056738529e-31,7.172888887251895e-52,1.4472768305886592e-41,2.7047551977067657e-37,4.9145043524098054e-54,1.1191977443798404e-57,1.3245418741301758e-12,1.1991366172018355e-16,1607.8142086694893,1.3866583207606571e-08,1.8768027276793977e-07,2.2139972034530763e-08,0.421839017385934,7.661956807497993e-05,0.5780841532257461,6.40338578515635e-11,6.4834281074708075e-09,12.0,11.071758442016147,18.351728120736972,14.61092107345937,18.488572438448635,0.13110943068122238
1.5480753568691736e-27,7.814139532083986e-10,4.880408113595886e-27,9.683385985064212e-33,4.084101216185413e-23,2.6778957846772904e-15,4.96309183493169e-29,1.8288757709169773e-08,2.5969206043051903e-11,1.002960835264681e-15,6.612147529244885e-19,2.1097420937484705e-21,7.0716552880652866e-15,1.5235176085775269e-12,2.27428082090529e-05,3.1134793316982367e-41,1.3019656727026616e-20,5.201439371445533e-26,9.898658413329596e-33,7.461789617195908e-27,1.4814177139191684e-07,2.1299085781902018e-13,2.562720776879802e-13,2.175873553000254e-15,4.2378427236238564e-14,3.874398285088726e-39,2.200551189655698e-23,2.96748800662819e-14,9.745833905367913e-31,6.581766972883725e-44,1.254785427899493e-12,8.454617458340652e-28,1.4780700271452306e-38,5.0599579387122855e-51,1.2993826944084415e-27,2.3944995918765864e-28,4.820970803968721e-19,2.1880352648669098e-29,1.493392260682594e-38,1.1611388173402578e-27,3.5857547307422365e-36,2.361330946021144e-30,4.374765567217147e-49,2.291435414856255e-74,1.1414992072030515e-32,8.259187315192123e-51,9.973599380556729e-20,1.1129840254649476e-25,1.3989770239081684e-36,1.8482829431206625e-36,1.3080818755307226e-54,1.1846197206375176e-18,1.74657161383751e-36,8.255296604376142e-11,0.229268398251883,3.65805434332308e-14,8.58109855053529e-20,2.2203603478367981e-07,6.487240880253024e-33,2.856438684510529e-49,1.038981351648522e-05,1.083468577471303e-05,8.870041823411889e-21,2.305982047748435e-21,7.275578852894072e-39,2.5620305387942605e-62,1.9983971398090448e-18,0.7706872450804841,6.09672010561724e-26,1.737935779092475e-65,1.1091273018291837e-83,1.6979272809057499e-103,3.64046784126115e-27,8.77772918569584e-20,2.728450904197469e-23,2.7037115021801118e-33,5.4062038726386145e-24,1.9366054447523927e-61,3.3908270641246414e-40,2.632002257024424e-13,5.380315161376511e-21,4.186806261188542e-28,3.308780887753424e-35,1.9966991421113382e-41,2.7789811746260217e-48,2.2500816793911795e-55,1.5200664636489066e-63,2.4499804141155254e-55,5.942292007733684e-57,9.482108422653573e-50,5.9395961700277566e-34,1.0340011007938737e-65,1.0181643800309825e-29,1.3030776263050384e-38,3.701422319552799e-47,4.012059479184448e-53,4.341032446823213e-35,1.6963328964378937e-59,1.5907627569169447e-38,4.261876596282001e-28,2.154625209998006e-53,8.018470237600709e-43,1.984446875587492e-27,9.293530104268414e-71,4.255543592703878e-52,4.2948035145989435e-42,2.3012621037390814e-55,5.406972739670237e-54,1.3952338731013375e-37,1.8569680433959772e-64,1.9580848699292725e-70,2.0337431897930647e-48,3.646725871350876e-68,1.2304954855213864e-59,2.1123164827174243e-41,2.0785142096878316e-33,952.797793986233,0.1372756119242098,0.2293353689457073,1.8508100387974893e-07,1.145402433102954e-05,0.7706477967325805,5.1952163772237694e-06,4.7913805061598736e-18,2.1465384667596228e-16,12.0,5.9068908080577245,7.698487062930762,12.52638490271697,7.355132601948574,0.1300523996424438
4.73403426767005e-31,1.1135109212533705e-12,1.7516845882868608e-32,1.7692377358100017e-43,1.1671991067029696e-26,1.4159771298932433e-19,1.935066007470922e-37,2.209681905154944e-13,2.0571175923290606e-16,1.8384602963101072e-20,3.891964301307986e-26,3.2587125631849105e-27,1.170905658678699e-19,1.1879985700313521e-15,7.889550391348542e-06,1.2219401660290353e-42,2.0604348389164796e-28,1.6258621700249358e-33,5.679082175670997e-39,9.542811892153184e-33,3.0768848717789335e-16,2.5898354614996764e-21,1.1194182807074894e-21,4.7140791529466155e-24,1.4352381779471792e-21,1.2009168366543395e-54,8.30346954504734e-36,5.9445531161401084e-24,3.429164520046579e-40,7.386553094273975e-53,7.017126001755401e-18,2.740201846800039e-33,1.530992609686035e-43,5.650057737450907e-53,3.367439699444415e-40,2.119620434209287e-40,8.299762940330484e-29,1.0148479398955231e-43,2.287904697111609e-58,1.0510349912845416e-44,1.0585466320706004e-50,1.9016603388905417e-48,8.758431229347505e-74,4.647734418130975e-85,6.284767247571318e-52,6.3328394295402245e-80,5.7218373679751524e-21,1.1533154465800091e-26,1.39273624378999e-37,1.864866187718232e-37,5.270229220289412e-56,1.7236806922403404e-21,9.095192718635897e-40,1.0125578509372726e-12,0.1401962298061287,6.304411608014969e-13,1.3830560579771912e-16,2.2052217438836033e-07,7.975645738974032e-34,9.083325010252236e-49,3.687671736295242e-05,0.0915258511534206,2.478723191863731e-13,2.9319513313349e-24,3.7994506858446686e-42,2.6714688626544895e-66,1.116862471076895e-20,0.7682329322472946,8.912932664724195e-27,1.8043839237938492e-67,5.181718654895778e-86,2.0303973206979295e-106,1.9014035236699635e-26,9.223652995775713e-24,2.1465132339885758e-26,1.6357644586838068e-38,1.3785734080019129e-27,1.108774082482749e-67,4.732853197215065e-44,2.0221990968831243e-16,1.8120000906550568e-23,6.430568555093689e-30,3.1067194684252003e-36,9.29871469280588e-42,5.589502093502899e-48,2.3405549622895788e-54,2.4345196047453267e-78,4.570613264216924e-65,3.1480859375585206e-69,4.5139330552988774e-57,2.753952973848212e-44,1.9251392801124903e-78,9.867847306622562e-36,3.2602802364524915e-46,8.31443847683565e-61,9.713418201861452e-61,4.406042816109174e-37,5.6108826897806484e-67,3.509471139444214e-40,1.0787839044377302e-28,6.1499045856232025e-59,3.4923336431610697e-43,1.0835185721519e-28,2.322122318792824e-79,4.844440944816874e-55,1.9587258524694814e-48,2.661877235937775e-57,2.2752298439709802e-59,1.8829260564011467e-37,7.408088934208644e-70,1.1844209496799756e-80,8.553704965141603e-53,1.0994827477546963e-77,4.2136583805208456e-64,1.8636922207083176e-49,1.9872596218570456e-36,900.8596462638412,1636.5136527340976,0.2542554427843036,1.0100637781899004e-07,3.614243619326541e-06,0.7457239498704754,1.6892095223747714e-05,2.280038401711804e-22,1.7784299533352074e-20,12.0,5.599078538659579,7.152747164449129,12.467307832702318,7.822413262424642,0.12951635736845019
5.299153840770871e-35,6.794225530652927e-19,5.503502285127537e-36,9.29384043057175e-22,1.2491068183075911e-27,1.2066245713908129e-15,2.130438455896223e-28,1.7724119200350082e-13,2.428664042345617e-16,6.153584343562801e-31,2.181342813233659e-28,4.2673820319603805e-31,1.0679984282938242e-34,1.4820863084020596e-32,1.0527947805475523e-35,4.479357501368254e-92,2.533694216958356e-15,6.552054970349988e-31,2.988060772483488e-33,2.4099494834300857e-27,1.2956655704633907e-06,4.208388092807154e-14,1.4585613557211026e-22,6.081647299701161e-06,2.9070664463405984e-06,2.141194275595081e-18,6.299761421643303e-13,4.102914922409887e-14,5.2779425269625594e-51,1.468464960556963e-84,3.3300574053139136e-33,1.3096763903440069e-58,9.431221135993813e-90,7.706276275521579e-113,1.451517408457257e-12,1.8134498083161474e-23,1.0677182021007399e-09,9.285645662504093e-19,5.2016943401880784e-08,1.97056594071691e-07,2.7971345035782763e-27,4.291063744424379e-20,8.581342926866912e-09,5.048106973300738e-137,0.0008455949108047,0.9991438619311724,1.357289365326239e-34,9.731328687085588e-51,7.450609100189237e-72,9.854614398176257e-72,3.9448976562209294e-100,6.307174513736735e-38,5.211850956345247e-66,1.6754119476115889e-21,9.45717241149508e-21,2.291699949565776e-39,9.033327194990176e-51,5.8323176198407965e-37,8.73176819252337e-73,3.67780750588215e-111,9.676215611532572e-27,3.2563754542319526e-41,1.7214279353324318e-72,4.889503653828713e-36,8.747064450699268e-64,1.6432328434301583e-97,1.528852434176126e-24,5.375382872526648e-11,2.2103290361940796e-46,1.8829742194859667e-106,6.865570970155836e-135,5.725823540055588e-165,3.345510872364878e-43,2.5617242220071413e-30,1.8367127171955403e-35,1.9475412808941913e-52,1.0392262354056374e-44,6.988037459406648e-91,3.7862539373141015e-71,2.893071398205512e-15,1.3038785919663138e-24,2.2443557035993225e-33,4.021526641774767e-42,5.406180270429263e-50,1.6567087240930623e-58,2.998787672404812e-67,5.200904800740329e-44,3.6485919505285724e-53,9.435907781438556e-48,6.412159236419472e-58,8.406580827198043e-35,6.0551898143762024e-52,3.576057021341606e-33,1.0960307311974948e-56,3.7448799191522094e-35,1.0828203276822476e-53,5.681338823142676e-53,2.8731696648637182e-70,1.3587604486667246e-66,1.4242456695081834e-47,2.473798649065183e-64,4.099338576993104e-71,9.102334967908673e-59,8.342020096243278e-67,1.865360413704505e-65,3.656234617062523e-48,4.5826871941321124e-89,1.0408673033878536e-55,1.2733205219186616e-56,2.1749134843916368e-76,6.849350956486131e-71,3.600137881250934e-66,8.928769357914665e-79,1.3084983194973577e-87,3.5824315524500415e-33,1.524982741992164e-42,948.185849850131,0.0057030091618917,3.94016790438805e-08,2.590963730846422e-07,0.9996591600330288,0.0003381626753502,2.3787935689533207e-06,1.8363804907173896e-16,5.050046349472821e-15,12.0,12.817946604600312,19.40433722081844,15.93361094169222,13.780842026685107,0.12908099558642755
1.7310940451399854e-21,2.1434338513579097e-06,7.0806121961794015e-12,3.389688088235652e-29,1.7025347834777048e-20,0.0001167855879412,3.7215180553502696e-30,1.6798575973715149e-19,6.5228467181776275e-22,8.888642161065247e-21,2.0050868774175135e-16,7.7689317926476685e-28,2.382335685951305e-17,1.5488895706993983e-24,8.60118724935946e-23,1.4569561887310676e-43,1.152800681800437e-25,2.390406500107612e-25,4.295069783858842e-43,4.824740973480894e-38,0.0170916642585745,1.7466559818999664e-05,0.0131870659067994,4.135519338294073e-12,5.526590771714377e-09,4.845129162128343e-42,9.353736286027652e-33,3.110770886419373e-29,1.851521122701053e-33,5.361729864956771e-35,1.9307528913759098e-36,1.2470146912601348e-44,9.674388584233244e-44,4.252590365098124e-68,4.5404181865488284e-39,1.1677709879570528e-34,8.07535017196289e-39,1.1409510683721803e-28,5.156726287224087e-49,7.829053741389998e-44,5.532927420248935e-56,4.557622667351364e-32,1.0297172796069057e-65,2.149338631771688e-93,1.932742365663283e-65,1.0072019616785082e-74,1.02758330054891e-21,7.289627197020168e-22,2.6416161117973294e-26,3.381266967675182e-26,5.580961440963532e-37,7.961546595976269e-09,3.5229832387205554e-19,6.313776580737865e-05,0.0025431524014292,3.568846007448048e-21,4.279419788620062e-33,0.0020004168800859,2.2121404867620702e-20,1.3776546748445922e-22,8.241588872608943e-05,3.1328142231610973e-18,2.0541835148421578e-42,7.114718767448704e-14,4.8647123929343895e-24,2.0889373156426944e-39,3.3066351493086886e-14,2.9454891515335103e-08,5.901258419000992e-25,6.233620180000845e-49,7.023178557712589e-60,7.245772681074233e-72,6.844751305886417e-38,0.0019335525201273,0.000236294524595,2.929322623155719e-12,0.0376142222469852,1.503636143524501e-31,2.5955912724862005e-11,0.9250850042221728,2.663205568767256e-05,2.675601398841084e-09,1.359027921987849e-13,8.670666497628364e-17,1.7750502921258384e-20,1.3753779309649802e-24,3.156116218847849e-52,2.6132147243959993e-52,9.293704623417357e-51,1.400221110196126e-51,5.75802760324108e-26,6.498289611966248e-61,3.857667714878669e-37,8.0578792692922235e-28,1.320980028311479e-52,3.2455102251250566e-40,8.552575881232246e-32,1.6828421911582283e-40,1.2705096779098662e-29,1.8486402810598644e-23,1.5352309383226708e-44,1.546991238767794e-42,1.744826804019093e-21,5.5574614663112434e-58,5.083876966131976e-49,2.739393925753398e-28,7.434669688586213e-42,1.678546273566198e-50,1.9982391235635453e-43,1.7218997763130448e-54,8.538105381486059e-46,6.477516303970283e-34,8.977225839339594e-39,1.659485311349031e-38,1.1780407858307144e-23,7.083742284502673e-24,1104.3886367227517,4.500586765224478e-07,0.0045379047801555,0.0598510613820745,0.0147555252049464,2.8692895430006024e-08,0.920855479939928,4.404325705322313e-12,8.402098268614873e-11,12.0,13.12021647771945,12.512099293545369,6.800918996817718,14.307336098147822,0.12859428300867376
2.2485034144726883e-25,2.315588635283523e-13,7.513659393011563e-23,5.532800635154615e-13,5.495278922855998e-17,5.3990890204583045e-14,1.994413604913971e-21,2.3649378732956403e-10,1.6497765206159741e-12,9.676570011377654e-24,3.423518180113004e-21,5.799457335072961e-27,9.127268330704772e-30,1.1535967374705668e-31,7.590781010466204e-38,5.1341465866711015e-81,2.8625466885441434e-08,3.220173298141279e-20,1.341202151667685e-22,4.9945061963675876e-18,0.5398416430284089,1.2048667522275652e-13,2.0659637810388117e-13,2.2369999509229137e-07,1.675450442273724e-14,3.157555137970058e-11,1.7993897312661886e-10,5.6211525734808004e-15,3.004900477980405e-43,3.3192152490838123e-69,7.3909294789948575e-37,1.4103782122558434e-56,4.391153570329397e-80,2.634807448093704e-105,4.827469790165791e-07,3.116023621779454e-15,1.9065952586287904e-05,2.4313335359288607e-11,0.0002992889168038,3.76516599115915e-07,7.246939747843411e-20,2.1629025547046305e-13,3.5455694617287093e-06,3.3069632609192657e-126,0.0064457977939125,0.4531798950261524,1.1807995599665883e-25,5.074627492116926e-38,2.7034306860834664e-54,3.3977137376591305e-54,2.7835867877749157e-76,1.1343010290580275e-27,2.8668929333453783e-49,8.518353119690888e-22,3.4068850794646025e-18,8.359651334440939e-33,3.374384238447684e-42,1.8611227118560883e-30,5.164531270190805e-58,1.7240061833722957e-94,2.3938438992071178e-29,7.635697593575716e-38,6.795816454502577e-66,3.9656913604825896e-23,1.2832444647714962e-44,7.183688043335377e-71,4.3009912680249935e-21,0.0002096516372962,8.355551949386532e-32,6.603484599319937e-78,3.1561851935632417e-100,2.99919718788251e-123,8.983215638967342e-30,4.726933239492376e-25,8.887771802428192e-36,2.0621747184279855e-35,3.7174213659858003e-36,3.846933134844829e-65,8.220154693298426e-57,2.6053814979994952e-20,2.428310244196207e-34,7.549984883062958e-48,7.907742836087477e-62,1.3900937728395598e-74,9.510780229959558e-88,1.915595897662824e-101,2.8071979080054254e-28,1.3077907842321259e-39,1.4750624230850402e-34,1.766675123711747e-46,2.572912909245834e-24,1.4268733252748403e-34,2.4523519378856423e-24,8.570025600109774e-42,1.7362928669270692e-26,1.855106442133815e-38,4.665469251682244e-42,8.488446420762364e-51,3.2077237734059105e-52,2.8564976285890975e-44,6.565416618485043e-50,2.568556155890397e-59,6.525767981648503e-49,2.3830305422202433e-45,1.8538862831368145e-48,1.178260069066999e-30,2.062203713548068e-66,4.355443412924116e-37,7.180898229815242e-42,6.723302580990397e-53,4.845815648104549e-48,1.7413374219183508e-48,7.514900069562815e-54,8.139015535337261e-65,1.2136865364750188e-25,4.5475720829059704e-37,1217.0655657663538,4.646098720481176e-06,1.1133505158612702e-07,0.1594697484386633,0.8365870534486526,0.0039430206979051,6.60797274223003e-08,3.9783367229065794e-13,1.0560675664442915e-11,12.0,18.156046394450435,18.875879224714893,16.54919714211567,11.77343632817476,0.1271009055398955
4.0344093884630294e-11,0.0028542751761185,1.0096149505826756e-12,1.06188378059046e-13,2.809068612980225e-11,0.2035839861397373,2.8850509280716264e-16,4.462546122380802e-14,3.322925989044155e-15,4.88113940725707e-24,3.1689254582381178e-18,1.9352833570673185e-17,1.4120303274321276e-21,2.3866833855330777e-18,1.9627753355348996e-20,2.6401681471994103e-49,8.209374897683058e-15,6.3434674771088985e-24,3.641098163578109e-27,1.6244376877246768e-24,7.77352113141358e-09,2.75925067665059e-12,1.4209714014212712e-18,2.5854657657272873e-06,1.2579900175127363e-06,2.739148636008081e-21,7.176259512228682e-19,1.1586737368863429e-19,2.6902925067155163e-40,3.6062135693153914e-60,1.339035969693037e-28,1.6569245737946937e-42,9.530783711667998e-60,1.2587843792205995e-68,9.515117448447164e-23,1.7223536637348137e-29,2.814713739030162e-26,1.695430293440031e-23,2.4450341656324262e-26,8.708027774786119e-26,1.6119212409489352e-45,4.972144197909394e-36,8.440705306965988e-37,1.455016992077734e-103,1.4614230422353306e-42,5.8656037786799864e-43,6.06812357410151e-14,2.582066802558756e-23,5.306139083948239e-35,6.192147423372526e-35,2.6879065479965165e-50,2.9282130895917186e-13,6.495912889288285e-28,0.001458434973675,0.0005812918534725,4.623358185075796e-16,8.498245995685127e-26,5.134501426797061e-13,5.244200297097502e-31,5.905948261748711e-53,5.630380672120679e-06,3.152562280497932e-17,2.723929539599559e-35,1.1909888655478236e-16,1.5878492463581423e-31,2.4239883852540728e-49,3.2579321643806652e-09,6.381598184068236e-08,3.7318221599850327e-26,6.815198022532717e-57,9.826061217366188e-73,5.863722865388863e-88,1.4128700746898572e-26,9.893880206386344e-10,6.5575433762301766e-12,3.81245436339071e-22,1.5315285316666113e-18,1.1424432833787268e-41,3.0447439329534626e-33,0.7914580119678257,5.443911361159516e-05,1.097690097891422e-08,1.4296212301118984e-13,1.0197407133332748e-16,6.33791363168273e-20,4.052774696577863e-24,1.8930227679141363e-25,8.595400822389052e-27,6.173875433191059e-27,2.510613913926444e-28,4.067817099544782e-23,1.1583682045956847e-32,1.0267175352929526e-21,4.74285583437092e-32,8.296966969432608e-28,7.903091154542058e-21,1.4730215188968036e-17,1.5150162529394356e-29,3.063983839745245e-25,2.7355186121196193e-14,5.939423749041927e-25,5.0886004875374475e-25,1.150566853206434e-24,1.7453605673990632e-30,6.3125177627033706e-27,4.5162187973788176e-24,1.1624853521641232e-41,1.1425906706588074e-29,6.2867284469254944e-27,7.631007757444989e-41,2.346991669425726e-30,3.683383928379771e-25,1.1284572983406153e-35,1.4393863850978696e-36,4.273682049895963e-11,2.3653567041887308e-12,2072.0142090331283,0.0004876787458214,0.003059124058773,4.892288332245173e-09,2.147518097031577e-06,7.29956484443933e-08,0.9969386505351931,5.866001686967056e-16,3.15004290590131e-13,12.0,6.2039149551421,8.846339742711184,7.377699881316209,14.513071343997456,0.12120977377371325
1.7236872788596823e-10,0.0002255420928867,1.5272796587108933e-14,0.0001383964001078,0.0001716116773268,1.5595205503051614e-07,1.8293671748661663e-14,7.353175124530548e-12,5.679208579921469e-13,6.858632612058652e-30,1.4007185572795084e-24,5.652611296359104e-23,2.969092482378489e-35,3.149481851569066e-31,1.183551165499299e-40,1.5107325044834528e-85,3.098210950837494e-05,2.0016087804703416e-22,5.2664367997304267e-17,2.1953297692694773e-14,5.9200792084755985e-08,1.0239102140062904e-23,8.999727251648478e-26,1.255908855740313e-09,2.73402643679703e-22,2.4471439981881294e-09,2.6859212289479516e-14,1.9559365063667316e-22,3.393085115872209e-59,3.2228969774572384e-95,5.584816329832816e-46,6.427175485625181e-68,2.6311323581046548e-101,1.284692483120413e-116,2.483462786688945e-10,3.5689300824367666e-25,2.1847514970250578e-13,1.0624878979300436e-19,1.3583528533487626e-11,2.1500904955729248e-18,7.614794092923496e-38,1.5515347660008837e-37,3.3260175884108024e-19,4.713876224728934e-162,5.3290147712693385e-24,1.482477326040898e-22,1.810010201442138e-14,6.467435506025409e-32,1.1829512792511416e-51,1.3788436233378362e-51,5.749736201524133e-75,2.0333818083563467e-22,4.363196246208886e-45,5.3886457315741526e-17,2.0975785020913234e-12,6.507841568169142e-24,4.221547084042744e-33,1.5661847539993222e-29,1.700572293708339e-55,6.435529524203054e-106,9.859007335057744e-27,2.0113874311486878e-32,3.5042311969470434e-57,5.637010142859478e-18,7.183652656064945e-41,1.1206010771697199e-66,8.678413397275038e-15,0.9994328463149016,6.1276434537643426e-27,1.1038884808873472e-73,1.5180081813948745e-97,9.03216464583206e-121,1.0053585010506037e-18,6.303986868114866e-24,1.984730405131903e-38,4.864153819778987e-32,7.99356592655295e-41,1.5843176533567774e-59,1.4850965288875948e-63,2.715412250939089e-19,9.30940863873116e-36,9.344095084235725e-52,5.902803233868925e-69,2.0807945877919636e-84,6.476512704917746e-100,2.0382235869640152e-116,1.5315910043852046e-10,3.3210767057356493e-23,2.3361418252936434e-19,4.609080715428064e-32,9.241609130836337e-24,3.234760365908778e-17,9.821000795172144e-18,9.339136944458153e-45,1.8510119333192026e-21,4.470935063221415e-16,3.559283047854244e-24,7.348901690219673e-33,6.09217414877463e-40,2.8018143736852585e-33,1.7217675498902448e-27,6.88256076064306e-39,9.65739288291742e-43,8.087774475789942e-18,1.240389416230452e-25,1.1733303102248197e-19,1.4581063304815413e-56,1.4469744538212472e-16,3.480029471541767e-25,8.617920785972413e-36,2.543427270151961e-26,1.6317309470198675e-32,9.380818611977534e-40,5.7325260693539514e-52,1.9209004693066257e-11,5.109173624091433e-24,2094.830700254036,3.756207481149765e-10,0.0001128116268857,2.9612802660518223e-08,8.475876068359843e-05,0.99980232136528,7.86343479061721e-08,1.539970709025138e-09,4.003923843465359e-07,12.0,8.419125650159257,11.875830735622428,15.947560278430132,8.843258427305814,0.11842143719844854
2.073797426604171e-06,0.0108848849125105,1.4917069430953004e-14,0.9880822212860434,4.668065583412311e-07,7.671359940254864e-07,5.53195030607502e-10,1.7738127428486674e-13,2.4027921542401622e-14,3.643789592681286e-33,4.142210186194868e-23,3.0979146385397465e-18,2.6483986503493288e-33,2.339778812613372e-26,1.4279127876032098e-35,5.166460290711098e-82,9.3276775683837e-07,9.85732543037713e-26,5.081818519099983e-22,7.460982539893093e-20,2.7134624511733923e-08,3.398556288718129e-24,6.24401678470596e-28,1.0199757243036405e-07,4.3103839289344416e-21,0.0009614636981641,4.483368421892009e-09,4.338034616230353e-17,5.174452541943574e-57,1.6290083397870056e-96,4.3226464281603904e-39,4.226015539648242e-62,5.533048241355262e-99,1.8758588320572186e-109,4.773426876184536e-10,4.921767657577939e-27,2.6988793961356746e-18,4.580233735705432e-17,6.476313572001243e-05,1.0248571104742872e-11,2.0780359849652202e-42,6.951514803637987e-36,1.5275589278236183e-10,3.208719915453438e-155,2.0434798267642888e-25,1.363158172730516e-12,2.1883699734681196e-16,1.3587556948190288e-35,1.0698874553559845e-56,1.223987885624267e-56,7.121428871631349e-81,3.4004838606557443e-22,1.1278556061451885e-45,9.76320011371524e-16,1.5986730126985108e-10,2.078640524330013e-25,1.2163557455518334e-38,2.288706483955807e-29,1.6552185586458706e-55,9.79144594812906e-110,5.053993304411686e-25,9.17824338606798e-34,7.362203833152834e-61,7.64107263121491e-23,1.2501628569776287e-46,7.08442943760173e-73,3.02255786739112e-18,1.7428766899162023e-09,5.7612561154178333e-36,5.587345030794828e-84,9.709064946068617e-109,1.415728381399582e-132,7.820198363573911e-30,4.638598344526194e-25,7.030515206635649e-40,8.79926326398597e-34,6.977408977540715e-44,2.6723991622270723e-61,1.1821303312540616e-67,2.5984480136221693e-19,9.088951394028148e-36,9.140166447815149e-52,3.8642991195075874e-69,1.2210858903537063e-84,4.209207873666713e-100,1.1100579070935596e-116,2.0737222681249535e-06,1.5265161715112525e-15,7.244861047915427e-15,6.0333603141909936e-24,2.835446353274881e-23,2.775647540186933e-17,1.6851745280340896e-16,8.59183148523717e-43,3.3122800941980034e-13,3.6935013332173474e-13,1.7790010784032674e-18,1.4434552867837338e-31,3.8266751545956265e-36,1.130920841451945e-28,1.3419637768514956e-23,1.267916383793531e-31,2.7046007999234546e-42,9.180330805610164e-19,7.618835804238532e-24,4.517719004545702e-25,5.8018440497817665e-59,2.838408307294953e-23,5.87869740706858e-29,7.480556298980261e-44,4.2939063494599e-25,8.4702559432946e-29,6.773314023645071e-41,1.4753317916597143e-49,7.511478221926959e-11,7.445641294735965e-20,2523.4221806724945,1.047051419269167e-09,0.0108734823928931,2.7106190340592546e-08,0.989124220083618,1.402062781733352e-06,8.683545166121784e-07,1.996440381351907e-09,2.139518608682127e-07,12.0,6.396699828064506,13.958882180729706,8.110398805387478,7.902328411975832,0.11314471014773934
1.7190168288146424e-39,2.8705995268488305e-16,1.3441676547355974e-36,3.101702575397752e-32,1.1158000179068179e-27,1.3475809674781485e-17,1.2565971807990459e-29,0.0001721678780203,1.0320123709781172e-07,4.6713964044679575e-15,9.052590480577135e-21,1.4949509785673452e-22,1.3461136688597585e-17,4.9589997660580895e-14,2.624128770853405e-07,1.871584065493587e-52,1.1443386258806827e-16,3.884952392004099e-25,3.6553071650539245e-28,1.4191720153606653e-21,1.586914868510328e-06,1.3379203373206234e-09,2.650512902727255e-15,1.904334246554848e-09,0.0001618394156974,3.5650927559924573e-31,5.620049233272485e-15,3.864354900593996e-06,1.7960973721146547e-29,5.784553001439897e-49,3.753913676088558e-07,1.7532742210562592e-26,1.4800731818220657e-43,7.112002713643932e-58,3.062960927191629e-16,1.4655467919285098e-19,0.0001816235641194,1.0712905343476244e-22,3.4981350218994284e-22,1.7365132908844873e-11,8.400148622879713e-18,8.143503380802934e-18,1.7364293796452424e-25,5.148881812773792e-72,0.0044188618743431,4.9804902552030975e-19,1.900007089679092e-25,1.4974477641107856e-34,3.6665696295543695e-49,4.979008864451815e-49,1.141606952592107e-71,9.563831490953243e-29,3.6448566282811487e-51,3.8933227807902585e-14,2.7728565878127113e-08,1.1074336471699284e-20,7.559672866446744e-25,1.5236807773038158e-17,1.3168243853789114e-48,3.161342335614889e-68,7.216426267106152e-10,1.418655488421786e-12,6.811481992972917e-29,2.804407358698969e-28,3.032138815230981e-50,8.400549584170363e-79,3.7528553572632657e-19,0.9950592832762566,3.293856953349139e-31,1.8848330985607657e-80,4.980804561398949e-103,9.963313934866984e-128,3.7962106890419126e-28,3.789953261199417e-25,1.1403716645935766e-25,4.563112826913224e-46,3.0166902412568973e-32,5.58385787505061e-80,1.1675593954148893e-52,4.962914249278701e-12,3.2899866281064457e-17,9.017838596749285e-22,4.5685196674971175e-26,1.152834669457162e-29,5.057322047133803e-34,1.865020161404778e-38,2.595775094999196e-61,8.695457150427092e-63,1.9637484750937736e-55,3.825655961683201e-58,3.854597844556485e-32,8.00487613695483e-62,3.85511620363333e-32,4.57898949189739e-49,2.0673635958701242e-45,2.7488682831242917e-59,8.465304548786549e-50,4.6317641654093786e-69,3.191947825202731e-56,9.370669331659852e-39,3.472097030162008e-61,4.6657691680498144e-60,5.1941928553508594e-36,1.218389082085841e-75,1.8821427931335898e-65,4.9544888345596746e-46,5.1744251112385795e-74,7.567411316629465e-55,3.215903866229369e-47,4.931645662689635e-69,9.892413978609947e-80,8.22363704339553e-66,1.0344519000520544e-79,6.896606423849926e-81,2.1106897063842668e-41,3.7256657909422184e-43,852.3788079788684,168.31561156023324,9.046811512457552e-05,7.869301788674231e-07,0.009106581858495,0.990641814125003,0.0001603489711984,6.991840735118006e-22,1.6221070505473774e-19,12.0,9.939440658856574,14.002859853773462,16.0394211132051,12.248570635814298,0.11275507840507873
3.926858891856621e-19,3.419235616951324e-08,1.4804375797468458e-16,1.3754832789866918e-19,2.546021658667373e-16,0.0006632295530247,3.621405397197929e-23,8.457470098940348e-14,9.449563292208903e-16,1.073690224171844e-21,1.4826849764429713e-18,3.8591256820431314e-24,2.1289486912350766e-22,2.154252386807364e-24,4.565427434321958e-26,8.795430963988194e-57,5.729689359099558e-16,1.5104052864228654e-22,7.559855944213939e-30,1.161862745724442e-25,0.0003364379671335,6.558245206082226e-07,2.805797470031206e-11,1.6637584890741675e-05,0.0036480443027872,1.2769625183599816e-25,7.680345743388061e-21,6.43704205252455e-21,4.652895708666803e-38,3.452111556829383e-53,7.768734565361283e-33,1.3552278758135034e-46,3.0095689149840917e-59,1.2267865161677342e-78,1.6756993432556592e-22,1.3586660532389683e-25,7.252239688335371e-22,2.4089720047016085e-21,5.8579268597167975e-27,1.7914851383645589e-25,2.25015395130334e-38,1.315487785961505e-26,1.5733507156149252e-36,1.360022298124038e-104,5.948312051837706e-35,1.3394771714496152e-39,4.256808271727609e-20,4.662163856821273e-27,1.296240608481279e-37,1.6054595300199844e-37,1.8255016859240438e-53,7.936872624497396e-17,3.104605116631059e-32,6.943724597510918e-07,1.6754427786334486e-08,1.4990393475507085e-22,5.900980537325641e-32,2.593445179193518e-15,3.6712921207441066e-36,5.061175697740165e-52,1.015356708513385e-09,3.977093381144962e-23,1.904540964618021e-45,1.7032058164979362e-17,7.33798243494004e-33,1.241369650062547e-52,4.4412719268322415e-11,1.655092093619782e-05,2.7948670692260164e-26,1.0347614400853761e-59,6.071801347095224e-76,1.315804616784121e-92,1.7325081903403225e-29,1.3246158325207675e-09,1.6346427881074427e-10,1.1116299774826652e-23,1.9207052525082425e-15,1.4233035748916771e-46,4.1459682709665974e-30,0.9952068220806968,0.0001108340209001,3.9844816044865513e-08,3.481097589482441e-12,6.445100756626812e-15,5.428638273846073e-18,1.0986269636299157e-21,3.900405148839592e-38,1.4411303237064358e-39,9.158166952690732e-40,1.1408266912133116e-41,5.44046971045209e-26,1.5012534771826177e-44,2.955753157733943e-26,9.746860613584996e-33,3.4859388240758794e-35,9.514153894023036e-36,4.559327732346248e-30,1.4947471024621165e-42,6.401796130923032e-35,4.652257821021641e-23,4.769866965372616e-42,1.0993389502125948e-41,1.1185252442925596e-32,8.03726720426943e-47,1.0859677681753607e-40,5.87283919837157e-29,2.2134234620490945e-48,5.636521664937067e-40,2.3891902206640884e-35,4.634132848620758e-50,3.344681573350293e-44,1.3043991826947998e-35,4.235448382126102e-45,3.7651331717257566e-46,4.0583032117723843e-19,1.3097934312787798e-20,1325.7767457086577,3.932561011515231e-05,3.814557979523365e-07,0.0001682722000308,0.0019978805688808,1.652450842936951e-05,0.997816941266861,9.309110947422068e-15,1.5546215282194853e-12,12.0,14.644568152478197,15.71912530265839,13.636684328611778,18.417606652903928,0.11248064385414305
7.0232001810590586e-15,1.5305316903925942e-05,2.229474563069404e-13,2.0578607471135607e-16,1.982279034438744e-16,3.971223412906366e-11,7.615508680029834e-14,1.3304415405946858e-07,6.574287161805042e-09,2.1945371442336343e-10,1.2025611579642006e-07,1.2807619396391675e-09,9.41416348435881e-06,4.93631970955102e-05,0.1119409686458251,1.7273871736398856e-17,5.333800659766612e-14,7.779708503468317e-16,3.4501186820109546e-24,3.2986040524475824e-21,0.0156093751821413,1.91945841228835e-08,5.725973746433667e-05,3.461331663608676e-10,1.51676223272005e-12,1.5246212789210469e-18,2.9126830410225195e-10,1.5025207981660258e-05,5.77911785629056e-12,2.3690340027688956e-17,0.0001996047143562,1.4166809598305393e-11,2.320187686784714e-14,1.5310207791803134e-21,1.6175516771564311e-16,9.788909238875253e-16,1.195903611990729e-16,1.2753500280788889e-12,1.1589761498035896e-17,1.5226401619781768e-11,1.8843975413664193e-23,9.834432303091532e-12,7.957847331686686e-23,7.621409107829714e-31,5.196719655421163e-22,3.364060764501905e-23,5.5895909159429785e-14,4.262458927298722e-16,8.210577466823683e-21,9.70812136311382e-21,1.680383267240154e-29,1.6824868072826888e-08,1.3750072041009919e-16,4.2581157145684263e-08,0.8594692790987223,8.156323771962529e-11,5.5148870417507716e-18,0.0126023237897429,1.6495552417474997e-14,2.661032412941016e-24,3.00564655291347e-05,1.6777934689095775e-06,1.2061529365420857e-17,3.701268579054721e-14,2.0746059375684696e-22,6.334778905806221e-34,2.7410256478275243e-16,5.899566865314287e-09,5.169854183165039e-21,7.079852158722885e-39,4.431267981644334e-48,6.921870616421933e-57,2.8413815422483486e-26,3.84244461697015e-12,1.1656080617419768e-16,1.4338212636318457e-15,1.4078763366943616e-13,4.2855721340740564e-29,1.519539584927007e-21,1.3656423654027145e-12,2.5168222936525e-19,1.3812952369997303e-25,6.539523850384262e-33,1.3770439919219616e-38,2.1839485913024304e-44,4.312974898555255e-51,3.471366174447543e-34,1.9015456593350774e-26,2.3937570774677375e-30,9.73107057831916e-23,1.213265133832208e-17,9.97685745243666e-39,4.3936777236599356e-17,1.2751162989191172e-15,3.598273018499097e-21,8.121853136370643e-30,6.3677732525868e-17,2.199742305235218e-31,2.9633729901159156e-17,1.913515372794991e-15,4.6518056887273965e-29,6.23392058323788e-20,1.0337938002311956e-14,1.2360200866964248e-42,2.0390589152270589e-29,5.2655134557033016e-27,3.6704764944377605e-29,5.186219513089221e-38,9.256683462812648e-26,3.17754012774219e-42,9.862196942152878e-38,1.0643384597538397e-22,2.3337228215671177e-35,3.465845190549084e-27,1.4829393289564366e-26,9.22071789139566e-19,1846.7451382915533,1011.7123113752637,0.9334101508450432,0.0120595368008856,0.0545167141757769,7.787316331109766e-07,1.2819446661081716e-05,2.2681706227995024e-21,1.2953774445766047e-19,12.0,10.111258107618712,10.766457152679768,5.921315297140088,7.137796760157615,0.11110897753089834
1.3611447740788544e-17,0.0004189596847919,2.4431432865177394e-19,1.5617359562805276e-06,8.243102812365239e-13,1.0153902730181842e-11,3.498068118125268e-11,2.321624485603277e-06,5.025771253655685e-08,6.804590295761399e-23,8.973199405644848e-17,1.202275585518669e-13,7.167995564461208e-22,1.4928490459691596e-15,8.539226454177818e-19,1.038931988935557e-64,1.3269220094406406e-06,5.486705308040484e-22,5.31381613388464e-22,2.3668866966188676e-18,0.0100948173217338,3.5341328175746865e-18,1.1919293609631382e-18,2.9280831363562825e-07,2.4851191262917714e-18,6.69735134963357e-06,0.0022740632107917,4.005105303212541e-05,2.5401507295862638e-39,6.08161947050625e-72,7.498151674728992e-19,1.3862114986264028e-40,1.1136514840593152e-70,2.4573682929778643e-81,1.9886519090069123e-06,1.0461793951280505e-18,2.7283694829899534e-09,8.317877575976657e-12,0.2558587840564733,0.1424570602414371,1.80481536860265e-27,2.5452810718754295e-20,0.0005192266279819,7.2917075885027735e-112,4.31189153994467e-09,0.5883157876109011,1.276678731007075e-17,2.4469509339223506e-33,3.2829517754692388e-52,3.9834296381938305e-52,8.632303609890652e-76,4.0280664313949036e-21,3.4759705661328617e-44,7.882569681064002e-16,5.765528632063356e-06,2.2259700978280188e-21,5.9929138282722754e-33,1.8008294669220993e-21,3.0184970564486668e-49,1.4806724792330442e-95,6.093626040480111e-20,1.3807660008712458e-23,6.652816709408536e-48,2.3208849010654626e-23,1.7870315515208753e-46,1.724184589734997e-73,3.74132627648015e-21,1.233068920868992e-06,1.9034608259266798e-34,8.843760682834639e-83,8.38302815305889e-107,6.938989495554198e-131,8.174434647786375e-31,3.028967614818082e-26,4.456359749018571e-40,3.5331768183779045e-35,4.889892391493494e-41,8.107111845070791e-65,1.2267459854707445e-63,6.340522706001457e-22,1.9581388133555747e-38,1.8747386924535548e-54,2.755601120872606e-71,1.1919179379493714e-86,2.9262925682932377e-102,1.293998263497301e-118,1.1057161605020184e-17,3.821113634607652e-29,1.1047667946492632e-20,1.8570231888915964e-32,2.6931982349915817e-18,2.025274452249744e-26,9.674767540805616e-21,2.349560014256685e-42,1.9674468687306736e-19,3.7849236845661794e-23,2.2894812428466767e-28,1.569074794875005e-38,4.082667340925478e-42,3.9798520431384375e-35,4.0953146525902886e-30,5.821307355438261e-40,3.0644310217821178e-33,2.3883181132333624e-34,3.576321342771957e-39,2.1946704551078584e-28,3.770589112277334e-65,1.2063563691241571e-31,9.830721643984554e-38,4.93625417135236e-50,1.813403689657301e-38,4.050665967479882e-41,8.086815878716201e-49,7.075895768686799e-60,5.642185566267731e-20,1.9136684063643742e-31,1515.9001500101444,1.4877155467764113e-08,0.0337131336460493,0.0023433904253563,0.9639415122473872,1.8957164431555129e-06,6.79647639125954e-08,2.8136104642251723e-11,5.1207710448898145e-09,12.0,10.842045528944224,13.45625156141194,7.749974254902467,6.304484690438552,0.11004615530443243
2.8225174217258963e-22,2.2895079530098727e-05,5.880108763679075e-13,2.1838479585692693e-34,5.795056590499309e-20,4.744566821307194e-06,1.0802394489277426e-34,2.734727313206657e-19,3.7384304163577698e-22,6.533842892250101e-21,7.710066320642898e-19,4.685347498532478e-31,8.158320295933809e-19,3.5283583928684567e-26,5.430688675884474e-23,1.075904770226717e-47,1.7987861330094945e-27,3.2057833529012076e-27,6.296329604313682e-45,5.1010015514660803e-39,0.0021464295586472,1.7524550080680863e-08,0.001665838903105,3.653251166628208e-16,4.4137772864018415e-14,7.648397276231065e-51,4.9034194253788274e-39,6.926394460120925e-34,4.2130739603408485e-39,5.561268793430023e-41,2.610501970599775e-40,7.02723994540925e-50,2.400826366789637e-49,1.3028777268341e-75,1.5661929742278876e-44,1.3526796388832784e-39,3.4756056011118683e-41,2.3119904334576024e-35,2.8415268135886744e-60,2.336104749555074e-53,9.50328840527818e-63,1.1296918831876447e-40,7.115555515704289e-81,9.392714141395504e-108,6.364483576207035e-75,1.2651688863824528e-92,1.3583326974281726e-20,6.708446160958477e-21,3.525489597007951e-26,4.663369662726702e-26,1.2750799004615892e-38,1.4593758366728316e-08,8.231921097250047e-21,1.4222409294874311e-05,0.6903798228266299,4.958473337048392e-19,5.8320022816526736e-30,0.2931077752542269,2.977695534565429e-21,1.4984468036447013e-25,0.0001775505963052,1.5274664538415106e-14,5.1469891718398054e-39,1.5704834691769132e-12,1.9192977902980428e-24,2.453201113736283e-42,1.7950184619602913e-14,0.0075937356838959,2.120835893248129e-22,8.390943204004209e-51,2.091095658746582e-63,1.1882115727095488e-77,1.3876298028822351e-34,6.942339512710419e-05,1.252916114201825e-07,1.4327867614528534e-13,0.0019431993030646,3.483282647691723e-36,4.84424333288928e-14,0.0028741261756293,3.250784854944177e-10,1.4045650033907843e-16,6.327805543502732e-23,2.1362695087753276e-28,1.64277531265138e-34,7.469349978914962e-41,3.4739449039697545e-62,2.8997255839884876e-60,1.3633847737692153e-59,1.1007711342714886e-58,8.550910535676216e-31,1.208320681631175e-69,8.673479894726177e-40,4.220167143597015e-32,4.574320208051609e-62,1.0277388234867452e-45,6.4622078293989445e-34,1.8755386049639708e-46,1.0657166182407855e-31,4.10538841756434e-26,5.049756309436271e-50,9.971578133712922e-46,2.8229482878359973e-22,1.086017458495223e-64,2.911619806404722e-52,3.364717526071166e-30,3.415769261133303e-44,4.1093882178129334e-53,6.015494295971568e-43,5.893434191001298e-58,2.06110524826056e-53,1.3019815714905394e-37,1.8613559923285698e-45,3.2451603198602657e-43,4.018703160568809e-29,2.0346249367109977e-27,947.8811340434804,3.6005119601499576e-10,0.8565333797326837,0.1317307761352593,0.0016596386040696,0.0066117625688998,0.0034644429590877,5.4521038488515745e-09,7.30581915746111e-08,12.0,11.18694295821545,9.287269235788088,9.887572957081682,9.606889122807551,0.10710268982728133
4.374919013289306e-17,5.6932666044866075e-06,1.1742563280272876e-16,1.516859054172773e-09,5.3752427325562993e-14,8.074122493284055e-13,1.0453754810501424e-11,2.1557702186223437e-05,6.843251206409452e-07,2.7271149783588776e-15,1.429337429086838e-11,6.29524342853843e-12,2.753598801738459e-14,1.1072712899323248e-11,1.0042249352464746e-12,3.649826336783134e-44,1.249038311645301e-07,1.7907090522794923e-16,8.844682941014181e-20,1.9280440208578641e-16,0.8342805021364522,7.192680704354787e-13,3.219063091442905e-10,4.4238141068448035e-08,3.801788219693963e-16,2.7705421701326453e-08,0.000603246418141,0.001462069544044,2.3296765175644072e-24,7.794817326669793e-44,4.032319779212144e-12,7.813735597042837e-27,9.498206377654645e-44,9.036473970269316e-55,8.541446092014825e-07,9.297587721480593e-13,1.474130879175151e-07,1.9032057353137607e-08,0.0016605942561766,0.1160416763742896,2.7049735836866085e-18,1.9601901553195832e-10,1.9418403079412532e-05,4.020103469295399e-71,4.038271711461189e-06,0.0458844630794872,2.6836482648054944e-16,1.890434340174343e-25,1.6855028833789205e-37,2.020868229570026e-37,6.44800504841882e-54,3.292566260924127e-16,4.5353717669685436e-32,1.7772293831920755e-14,1.2636673008241671e-05,1.0510154281215637e-17,2.1108335652775564e-26,1.5691709460500395e-14,1.1145798674765334e-34,1.4217480253276533e-64,3.2104449291723683e-16,9.5162089810541e-18,5.519758638139142e-36,2.4287395652951426e-18,2.6427339681222534e-34,7.098706206344076e-54,1.9442969809750232e-19,2.2000280106441316e-06,1.2405278739451748e-26,2.547670949350041e-60,3.2466243228312574e-77,5.904629450521389e-94,1.50274699894243e-26,8.060625788624054e-21,2.2895453714801845e-31,6.580497063490306e-26,3.6851027975667745e-29,8.120084347756644e-48,1.0219271574692952e-44,5.28186552934893e-20,5.1462430293588485e-33,1.5234943832786625e-45,5.303315192217379e-59,6.575328177569601e-71,5.269334062366272e-83,6.420557256738508e-96,2.314533672095507e-23,9.906453419060316e-27,4.7536842070205465e-24,1.2110786265178977e-27,1.2807574085872635e-16,2.5502354375183517e-29,4.78339220087371e-17,2.8212416832393335e-28,3.6492649338994915e-17,4.8965452654045246e-27,1.1497064866303914e-24,9.414407836820036e-36,6.218330426461193e-32,1.2326421334110847e-28,2.7960033691784366e-31,3.869058377812457e-33,6.685717349529247e-27,2.7066250535127857e-37,1.4590369529054275e-34,1.376194560610748e-26,7.408496090670728e-48,7.25018433629054e-33,2.925562760098497e-31,2.009512865082146e-44,8.353841845618537e-38,4.5841170145301755e-33,5.3916136511922744e-42,6.027504469650191e-45,5.379301568890379e-24,2.41769147041448e-27,1653.1857414908875,0.0034315112788975,0.0503685416100092,0.3512586253483609,0.5983576576484373,1.5156766965458042e-05,1.8626227074345128e-08,1.3302997960916926e-16,2.8002810707730136e-14,12.0,12.843467621072016,13.074801477093974,8.47844719709531,5.5679655168706335,0.10645337370619282
1.1761138129685228e-15,1.5002144020440542e-05,1.4878863769078156e-14,4.480208374820382e-07,2.1772955554554988e-10,1.988703945560426e-09,2.1555984538977959e-10,0.0001444438499833,8.1461211601014e-06,1.5334685643464622e-14,1.0603936415528772e-11,3.874036017209947e-12,9.93813911232283e-16,1.4854031414313468e-13,3.4876553870286163e-16,5.837378577671336e-46,6.588928673588565e-05,5.750205438560309e-14,6.6311937191400845e-15,4.958367445926886e-12,0.560552595627224,5.1310336311534974e-11,1.2060203316217815e-10,2.143260086878854e-05,5.139777730987237e-12,5.432035322169988e-06,0.0007856117937905,4.0008414836822866e-05,7.072795180711598e-26,1.0906147290272372e-45,1.0478499333060544e-15,6.52866844110796e-30,4.129098473290763e-47,2.00608977188788e-58,0.0003365812343625,1.015230929353266e-10,0.0001550680584655,1.4418345591321128e-07,0.047658614489976,0.0592371532749155,2.978511145144938e-15,6.542623108752366e-11,0.0006011162112001,8.4634006314393e-76,0.0017921682527458,0.326207966543064,8.096476981161748e-14,3.7588393649480404e-23,5.426993151784484e-35,6.389939253547198e-35,1.0917220328968706e-50,1.1860169708468866e-15,9.818452338000935e-31,2.6907141624561557e-12,8.73432880331479e-07,1.376589859724888e-16,1.0748127001791173e-23,7.995169728221835e-16,1.488844806913872e-34,6.10446883324175e-63,2.2457337946582335e-15,2.848695647060786e-18,5.476410398373256e-35,1.8538897536146864e-15,1.0089077743165978e-30,3.7960069265793734e-49,1.507610290536601e-14,0.0023713016356052,2.8105043803714035e-22,4.781135015483903e-54,2.8715311978713374e-70,5.073818859014779e-86,3.277293763828862e-20,1.1327651206374884e-17,2.3412419571223662e-26,5.9241202207587494e-24,2.3100551334545582e-26,2.731931542552803e-44,2.2282566253457483e-41,3.7688459235002504e-15,5.619692142573956e-26,2.482033191668278e-36,8.617049171019866e-48,1.4225099662860068e-57,1.8527788401726916e-67,2.8277281200308515e-78,1.978780993561427e-17,1.4262937210775902e-23,1.5404923244744804e-19,8.77224644800283e-26,1.4159626162804546e-14,6.075419847920376e-22,1.0639240589837564e-14,1.100871781284619e-27,2.3800831061129384e-15,3.4856831572847093e-22,2.4056343512528348e-23,6.209712818885884e-31,6.351969871578154e-31,3.2875283181290607e-26,3.1291604296967904e-27,5.075865146565982e-32,1.5948847786227823e-26,7.321104623931142e-29,1.0357770821883496e-29,4.4319365104740535e-21,4.830594184850531e-44,1.4147067475308819e-24,2.4171110211361686e-26,6.542078920525734e-36,2.888433227249263e-31,2.3422820451156973e-30,3.0073036546347812e-36,5.944012598371573e-42,1.586806457168677e-17,1.328633438482382e-23,1913.746235544294,0.0030049195720259,0.0191035593891202,0.1776624475792062,0.8003138045037875,0.0029133953064316,6.793221454278196e-06,7.034362797654888e-16,4.3876837950372375e-14,12.0,12.968481348050958,13.62214601519324,11.183285123377138,8.550961479666821,0.10610563388138683
2.6537544653061135e-29,6.038886125634967e-13,7.260007341002593e-29,1.3990961402959404e-18,1.1691891551738942e-17,3.9167268602960086e-12,6.6398627606067e-22,1.6836723826147088e-06,1.0971463738096194e-08,3.9666829395996505e-21,9.511370886736557e-23,2.8086264270335176e-22,3.4893519153527657e-26,8.447795528478994e-22,8.239317797714798e-23,1.1326278733585551e-68,1.2622356458763192e-09,8.517588360997029e-23,6.16860904926067e-20,2.611467905829656e-15,1.578074196722649e-07,1.22469032500201e-13,3.660831669584654e-21,3.203068863798656e-06,9.771377446217542e-07,1.3661504940221672e-17,1.3562709363956025e-11,6.450210381916478e-11,1.0894138985885624e-41,4.203454310736552e-70,1.3589989814192769e-22,1.2773998455264857e-43,1.3792328997469498e-69,1.4625614164339712e-83,3.6107249618505245e-09,1.5296060670435709e-18,0.0023789900818411,8.748608853405111e-19,2.6391051431010628e-11,5.127505391851682e-09,8.316134409729782e-20,1.0405641045397481e-22,5.103895983797736e-14,2.080349177763193e-108,0.0238624521800324,1.2706114441177142e-09,3.276973861715052e-21,8.342899741048931e-35,2.37432543835835e-52,2.990426765706322e-52,1.1360544458689531e-75,1.601361535957106e-28,1.8469036074648715e-51,8.248678150564567e-15,1.3102422712744185e-12,3.228739128651942e-23,1.584720770719142e-28,4.1744128460562205e-26,4.4490675717747304e-55,1.8983686141853972e-87,3.2053913025796824e-17,4.437480897499323e-23,4.72080520377863e-42,5.784917497239251e-25,8.730459255775985e-48,2.0253018270128687e-75,3.874959879992587e-15,0.973752513691072,1.5312477504754566e-29,2.287429633760572e-78,5.161977492425033e-102,2.116802931366887e-126,3.1841153649230313e-22,2.063994285873646e-24,1.4059157981642347e-28,1.1681481581805159e-42,1.0078010061291223e-36,8.0172046627371e-74,1.0873508982022722e-58,7.627466404102044e-12,2.361785905818698e-19,2.451812288804123e-26,8.98899696347525e-34,5.347794905014418e-40,1.210721748280288e-46,8.30907248802359e-54,4.876610095788002e-35,1.5536749783237261e-44,3.6218465109305894e-36,2.8508921878399247e-46,6.989071832427642e-27,3.1254579357524222e-37,6.781406171025787e-25,6.505547737311543e-49,4.844064382679202e-32,2.5514852481227067e-39,5.394034080232833e-41,6.622018721817918e-53,2.267645248073229e-52,1.457693763661979e-36,1.0802201448517153e-45,3.01737291404598e-53,1.5748492388506763e-40,2.4024282021882775e-47,1.592290776509144e-48,1.4822435978093285e-33,7.464613206928639e-69,8.523323299831924e-35,1.1311802420007217e-37,7.008836225921881e-52,2.4662640618097244e-55,8.082212219527166e-54,2.6708387330702965e-62,1.968680920998384e-71,6.71178255563424e-25,1.6994773765256544e-34,1202.7932925695072,0.1555877238283483,8.093729113874864e-07,7.513102166675782e-08,0.0477120977893305,0.952284562116604,2.4555901323085957e-06,1.0673306592247937e-18,3.255358510635621e-16,12.0,10.967670629567236,16.77047984683909,18.070618078805587,12.48200721446456,0.10503987690547824
5.2769056937311985e-23,1.1407106482900132e-08,2.1530589463317563e-22,1.0273401563760757e-22,2.3868516427423658e-17,2.035302463965571e-05,2.7496202461878787e-24,3.2068453559134275e-10,1.7109454841799964e-12,1.0887671483514891e-20,1.6860153545511354e-20,8.789425674578605e-23,3.971787807092238e-22,2.2386149745268174e-20,1.7435568320672646e-19,1.1853493217854109e-57,2.3416857904047905e-15,2.568987421817165e-24,6.4042133447048605e-28,3.951133185281393e-23,1.2905074735225597e-06,1.335615986368218e-08,5.018593159101697e-16,1.3108280595019642e-05,0.0848317670848525,5.195548181146268e-28,6.6181047649766e-20,2.7197587954824818e-17,8.293091449808832e-40,7.74630836957408e-60,1.4472856139739225e-25,1.240343666972025e-42,3.180496107361402e-60,1.5582517751498639e-75,3.3851305201357596e-21,3.0341856197225725e-26,4.950723574610648e-17,1.4109133763141135e-24,8.679695226444326e-28,1.5203113014954217e-23,1.0565985380397916e-35,3.070844296687276e-30,7.585503987581957e-37,1.9502713258731866e-104,1.3869165423227242e-28,1.431311872747837e-38,3.670517074579452e-19,1.4637399057370007e-28,4.8195404068037926e-42,6.108083687905482e-42,1.7722637080729686e-61,3.6348714309898943e-20,3.0531545337981085e-39,2.5167805924033923e-06,1.946449229162576e-06,2.4000892302497337e-19,1.0338174551493566e-26,9.274329697998739e-16,4.3425780085325505e-41,6.951210189168734e-61,6.370054037567781e-07,2.7532786124085706e-17,6.15554781142641e-37,2.839618658238258e-20,3.327743766243704e-39,4.239822524955891e-63,1.8794016073431047e-10,0.0970962128625405,7.260695061899497e-27,4.3321327000259845e-68,7.875291294230169e-88,1.997312105136839e-108,7.104354485220039e-26,1.760017846545258e-13,1.8024773393143785e-13,5.261714858071213e-32,1.5451534529724222e-21,1.3982335830464277e-59,1.4783983791898728e-39,0.817736480666945,0.0002952989348171,3.629463159050915e-07,1.8096129968165855e-10,1.32617952225087e-12,3.462418379725366e-15,2.9859415248044826e-18,4.3908750674623105e-44,3.368231122332313e-45,2.264821620984182e-43,3.816896937128315e-45,4.2807382588323194e-29,2.746324914263268e-48,8.668230502002854e-27,2.007900631869447e-40,1.3771431474074332e-38,2.7205262790309966e-40,2.5372459717836008e-33,9.73091104339154e-50,1.8323896916951147e-40,1.8384492742464485e-24,4.9036512469715684e-45,3.7428254597438754e-44,4.027439970434919e-33,2.0219534085966834e-52,6.149271346216644e-45,1.738658354930513e-33,1.2102661248444316e-56,2.482582066778424e-41,1.27999326925784e-35,2.3428027577683628e-54,4.1134317160185565e-54,7.552925929407981e-44,1.130353390186648e-56,1.978233101859328e-57,5.803283431717406e-23,3.416699389477717e-24,1162.778917339544,0.0001393778353145,3.690792755059458e-06,6.253990377505561e-07,0.0406950773021963,0.0931345842386452,0.8661660222673656,0.0,3.4209220084912273e-13,12.0,11.229037549264651,16.042422218350666,16.401991320745452,17.370481483908385,0.10482956539952641
4.1719207717089305e-22,4.451937851381913e-08,9.8702461490026e-21,1.0280270744541206e-24,5.331416433534295e-23,6.463633105381476e-13,3.302010647646334e-21,9.934732853287347e-09,5.839696555469898e-11,3.7550056713394843e-13,1.3301709124637527e-11,1.0992679843140227e-14,3.531211333329463e-08,2.7593549806892677e-07,0.2179164574386154,3.678928097653453e-27,8.081252389743282e-19,9.308972504277396e-22,1.581921348933993e-32,8.131640607199731e-28,0.0053384144702039,5.8048364298104354e-08,2.147729609873265e-06,6.893573654927598e-11,3.7431610411806585e-10,1.0547217402945932e-27,1.0826170212444943e-14,4.34174306707364e-07,1.7554874397607762e-17,1.8866769096213784e-25,3.720720888005237e-05,4.4310489655750532e-16,1.3190120506403909e-21,1.7837351050441015e-32,2.3979926068477873e-22,1.986552398439088e-21,1.2876771912670547e-19,1.890051862124285e-18,2.78875435376112e-25,4.669647232969367e-16,6.839879703943528e-30,6.015829641962498e-16,5.28069010633633e-32,9.121135692790317e-45,1.4556092947352463e-26,1.6807226986725123e-31,9.971390677368622e-20,4.2516164943864474e-23,1.7332768395889892e-30,2.1900575749371723e-30,9.621289997644284e-44,1.7247882506077573e-13,2.2448590962542744e-26,9.406659746197285e-09,0.776034008664007,7.231524299906853e-15,1.7928889923116085e-23,0.0004043433774311,3.747437754383521e-23,6.742180042067318e-34,0.0002664654766939,8.233049831987953e-08,1.9252214572927497e-23,5.510381832703307e-20,9.699923131245766e-33,2.195276054545446e-50,3.3346457315252605e-19,5.434737307231019e-09,7.741130865057876e-28,1.2722313811831056e-56,3.4122891474432836e-70,1.4513778389486766e-84,4.437431922422534e-34,5.8431507346560726e-15,5.932779386626843e-18,2.6179490205460064e-24,5.130172519450589e-17,1.463933366522377e-45,6.91322107025581e-29,2.208811769454045e-11,8.943387540822803e-18,1.2234252586508478e-23,6.348306716486342e-30,5.079563916318025e-35,1.494952515500767e-40,1.3941096542523082e-46,6.430443717992746e-51,1.1496658857088128e-41,3.5986518713648173e-45,1.496409604619825e-36,2.9920216548982758e-25,2.1990756522971944e-56,6.767822384464847e-25,3.34252526217496e-25,6.080070578091824e-33,2.262893072044586e-44,3.6681087550575446e-27,9.208603785851304e-48,2.708771417659064e-28,1.9913860982379335e-21,5.609165203035807e-44,9.384808449681156e-33,2.409326816570946e-21,1.1208296853523842e-62,5.81272780653165e-45,3.5739952414889083e-38,1.0081803495092929e-44,4.074990500691871e-53,3.8836887903223654e-37,4.779961235372803e-60,4.0261308259383274e-57,1.1443549325950076e-36,9.364311282884243e-54,3.845439279284187e-44,2.3264917266043784e-35,3.246767643876448e-26,1181.8276817524666,7.678534447853767,0.9135984928083032,0.0021647843219397,0.0841362790113537,3.887160078406409e-08,0.0001004049868026,2.1250008235787685e-19,6.545002536622609e-18,12.0,9.374659259532102,10.964227926680383,4.628877051388855,8.040999908964004,0.10416704547623533
2.4296956315378427e-24,1.7731841279280296e-12,4.6201111566354215e-14,6.868868678820699e-30,1.3366695331440464e-18,3.3899821526212315e-08,3.5825292588003744e-30,1.0650661106872965e-17,1.9647794623206794e-19,4.782375179290455e-16,3.3706542162500403e-17,3.6261548132455613e-28,6.945322185254571e-18,1.4500477214940503e-25,2.5488962065454075e-24,2.2884265644754272e-34,1.6240662952057285e-22,1.128599213068955e-19,5.389075946994943e-31,3.237283494290344e-27,3.503482273449303e-07,1.9809725936947967e-06,7.126763112536053e-05,6.578380844429428e-14,1.3070814809128921e-08,1.4154088650862777e-39,2.1559798460291616e-32,1.2388794390505649e-29,1.630935908162697e-27,1.0342058015828306e-23,1.045701330699492e-34,2.046774427363305e-38,4.223553636907085e-32,9.49715080497176e-53,1.138661822283162e-32,1.2474905272207771e-26,3.903546890392373e-28,6.3612397500679065e-27,3.937427636496496e-45,7.414411291196286e-41,1.6043052744916303e-38,2.9178964145328328e-27,3.3977601557569744e-58,2.156575118955409e-67,1.4563488704258693e-48,2.496685017010265e-65,4.724606923443208e-19,1.4835535027338091e-16,2.5490432606423232e-17,3.1083475708451716e-17,6.187577144052225e-23,2.2701939443916503e-11,1.7383043298505238e-16,6.337481640896105e-08,7.434549373728655e-10,2.1870266091644242e-18,6.996861079775674e-23,3.6783102422280353e-07,3.6412231778551957e-17,8.59310388878295e-11,1.279863475743984e-07,4.3157548642559223e-16,2.8838002426207186e-29,8.708825556672085e-11,6.260695070309016e-16,4.254581082998804e-25,1.5662620175514347e-10,9.43448493777859e-05,9.154425538449473e-15,2.6616738231313308e-27,2.410078259569513e-33,1.5494027635528772e-39,2.48381483114504e-22,0.0001722071125537,0.045232526965084,1.0700473555268937e-11,0.5079903637347672,1.3121247309662726e-23,1.319513609844523e-05,0.0487689118369842,0.0219141409885442,0.0308071471293201,0.0074311944711317,0.0487162262282004,0.171772383720075,0.1170131516046928,6.016942865059769e-48,9.553730247188186e-47,1.6558901468207379e-46,1.1725206444654748e-45,2.8601711230942337e-25,1.4310502704374356e-49,1.3269809899068633e-30,6.447077462970748e-23,4.977830880408417e-47,1.0656135923125523e-38,4.808017070771819e-31,6.559275492620706e-36,1.5197110115783327e-26,2.395247897460717e-21,2.1432746847286903e-41,1.5479885195991516e-38,2.709244415563361e-21,2.0035841414954403e-47,2.3094488686139527e-39,1.7388031472654938e-22,1.0050934796088444e-28,3.622791341369545e-37,1.989044470888352e-30,1.883839981852217e-37,2.274702922067757e-40,4.588245615791812e-30,2.4508446081246276e-32,9.729091093225413e-31,2.9770140964315066e-23,4.510148806546973e-22,1465.0774353998263,31081.78539695612,2.3933185325351284e-07,0.2404184428701587,1.6674197373209207e-05,4.273331129560472e-05,0.7595219102893191,2.6031428143214073e-23,2.5966349572856036e-21,12.0,18.001967276249065,13.843044434194203,14.251766042735744,18.501539802918565,0.10071951274896933
2.4173275630446297e-41,1.0318302019531699e-14,1.91136923836251e-40,1.4493696363318604e-36,4.949645058062823e-31,1.6421194274232425e-18,3.9695691470832256e-33,7.937587806192839e-05,9.238458624463635e-09,3.326705633099895e-18,3.3243148285215644e-23,3.548511365888149e-24,9.798117457962165e-19,2.2729289284655854e-13,0.0001405866282658,2.0275380570289462e-60,5.3821924479757384e-20,8.036109455803693e-31,7.804592542178696e-36,6.932748941891301e-28,2.199384208967356e-06,1.3704424562055392e-11,2.0478786486431186e-17,7.662389216858423e-11,2.198254781095784e-06,1.804425630352135e-37,1.6874283811163378e-17,2.7731383698938717e-06,1.122868127590052e-35,3.077497156444932e-60,1.8204689150614795e-06,3.142528393748246e-30,2.4872514631326882e-52,8.064251506277652e-68,1.414134630327555e-21,2.4361224838749855e-26,3.0614122037741492e-09,6.217214299330204e-28,1.181143711809047e-28,2.3028303272558424e-15,5.037302009039438e-28,1.360879521241654e-24,2.441467368520239e-34,8.912617752580909e-90,1.3720678070914022e-11,1.832437749631521e-28,4.47115298157166e-28,1.0659675460866936e-39,6.932502957727066e-58,9.926615868564735e-58,1.989473033911148e-85,1.1079741796274616e-30,2.356147858587785e-58,4.4288488568575316e-14,0.0001012251249033,6.6279321097107185e-22,8.081720389622252e-29,1.0902599163377286e-16,8.61941794451552e-55,4.721928343487491e-81,1.8126321545237212e-08,1.4624021583129834e-11,8.097319320780559e-33,1.2413935299806918e-32,1.2885620640609845e-59,2.1281370728369222e-94,1.2968303916471966e-22,0.9996697905771844,5.880348517343617e-38,1.0895364964799826e-98,4.060981044916791e-126,1.272249487938083e-156,9.43808553262431e-36,2.014069378966438e-28,1.1494590212552062e-30,1.4882459167224333e-52,1.5452126542665914e-37,5.853275527408393e-94,1.7805230941898816e-62,1.486503582245397e-13,2.335736218956292e-21,1.805236504933561e-28,8.06947718589465e-35,7.96142865622649e-41,7.975276115966108e-48,1.3533236917164868e-54,2.29401373351951e-72,2.9897349254087825e-72,6.437889160127645e-65,1.748297264957766e-66,1.3846254277430594e-37,2.907441161077196e-75,1.415842598724304e-37,2.7230750005854723e-57,1.5519663748576074e-53,3.1597229352889816e-67,5.518509195200514e-54,5.337826902817568e-80,1.2658501123120403e-62,1.2014510538194121e-42,2.6932610123341717e-69,4.0539628121452825e-66,3.1468058986677376e-39,1.304583933011324e-89,1.5794107958842756e-75,9.904805240715468e-55,3.310253278847055e-87,1.0813567583540302e-66,9.224900966903227e-56,1.7963614439880666e-84,4.354585131338378e-93,1.4704793557380757e-74,7.066931309807509e-94,1.6807949887130584e-93,5.920153094047802e-48,3.0839446941626223e-48,709.9481061885627,0.0017514658169487,0.0004284441128873,1.0994690997031916e-06,0.0001167506421744,0.9994514987337176,2.2070421210224095e-06,8.954229145389212e-16,1.001754385640418e-14,12.0,9.409288848426328,11.435365098327924,15.367867543866232,9.711916441969786,0.09966310282307693
1.3571566943476593e-19,0.000448765188351,1.5603815881923127e-24,1.8960409499861296e-12,4.286429227371804e-15,1.8719919194649408e-07,3.752357556639185e-12,0.000665299182399,1.2013758734809564e-05,1.592926742978078e-20,2.115163951470857e-17,1.4870429315430315e-09,1.676552091351865e-17,2.356231840937242e-06,0.0001630915250153,3.567792956412247e-51,2.508861274097333e-09,9.412669697393821e-25,3.9635936854879577e-22,2.4780339844542157e-18,6.417834924095954e-08,2.953525932005306e-14,7.071625967563262e-24,0.0017233431016219,2.928548601632237e-05,1.7720309853437468e-12,0.0001117929451036,0.2549928617606942,9.39037847097657e-36,1.720669454201248e-68,3.023543639596094e-05,3.0039139434222007e-27,1.7841059875951518e-57,9.173241649880197e-59,7.950224916154201e-10,4.838755994187733e-22,1.5036078276857898e-09,4.763203858708749e-18,2.3632088116200487e-08,0.0017747772645277,1.461204950037749e-28,5.810728534661566e-27,9.101122965809538e-12,1.27610877090062e-90,1.1575434842877284e-10,3.157209566760992e-09,5.733400117247308e-15,9.686124361801954e-31,8.664948479392853e-50,1.0573201747632851e-49,1.048272949659379e-73,3.0066756790536345e-21,1.1413061991095438e-44,1.333876706403683e-06,0.7400159888112617,1.0248316899151328e-13,1.6379709065889078e-22,1.960943637104207e-16,9.114393748563454e-45,5.1389088175503466e-82,1.037970348777641e-05,8.000330987176879e-11,9.241712914000054e-28,1.5734001646930103e-25,5.645546517316275e-49,1.8442890532825028e-76,4.3517678119318174e-14,1.8168072022929663e-05,8.346519011446123e-34,5.7840264963992135e-83,2.6222338747273356e-107,8.209986210089828e-132,2.0643484540555168e-27,5.142714706523606e-22,1.114167943819252e-26,1.938450961066163e-40,8.281914096603907e-37,1.1012567069623828e-70,1.0886900119199734e-59,2.2981788526131308e-08,8.288414861585713e-16,9.363716532444276e-23,1.842257970860687e-30,9.746568582956008e-37,2.7536216291910418e-43,1.517100080113658e-50,1.4970572849605129e-27,2.0527428132226232e-32,1.5987302225145068e-25,9.662437765519598e-31,1.8065363578070628e-22,1.7998710570849014e-33,1.7469502822226074e-20,4.8390639031042827e-45,5.357979707842574e-23,2.2376307916733155e-27,9.301320986988172e-26,7.313405571686237e-43,1.5983732715474982e-39,4.070683439977033e-23,1.657140756473572e-29,1.0475737056864724e-32,5.2157970865909735e-27,5.154988786792892e-41,5.4972236397392545e-39,3.040981041552411e-34,7.334861519228927e-65,5.394784913167554e-35,2.691935894547083e-34,1.459062442645302e-53,6.371787112320278e-48,1.2146593114632096e-43,3.890103018290165e-58,1.3313405572575157e-62,1.5310074438013803e-19,1.995492736386109e-24,1458.54937299926,0.0004095240732237,0.7929162100384674,2.5521983416201616e-08,0.2060865888807774,0.0002838111782403,0.0007133643805312,7.375920814107514e-15,1.848897484069617e-13,12.0,4.507687125663326,11.414822434440731,8.55380220019024,8.954084124026624,0.0995194473457922
3.392134147748256e-14,6.209232897225378e-08,0.0040464196418688,2.6576772192261547e-26,8.829269136489275e-13,4.241350297935615e-11,4.96789733859062e-32,3.438082743494475e-27,1.3981804179600554e-28,2.0501150614890904e-25,8.251463214078554e-21,5.630172737924043e-36,3.687125971317298e-27,1.6262512266320548e-39,2.607011606346758e-44,1.2737511665392302e-51,1.5316679713799163e-25,9.00202938904509e-23,4.99316163045283e-38,6.86024469343862e-35,5.407506799359563e-07,7.492235211063331e-19,8.233875925143283e-05,2.072467709201341e-25,1.609674832372563e-33,7.307561494603575e-44,1.5651754427614752e-43,6.125124872733336e-47,2.6384968091223767e-44,1.631544659494563e-40,1.6557314742762127e-62,2.693182475771185e-65,6.384336955085234e-59,6.51836938047045e-88,1.6552609946566008e-43,5.272976700004875e-38,2.3735326137241708e-45,6.271916311076722e-33,3.443436277326467e-58,3.635605691711405e-60,4.049534870233173e-63,1.5327377492133528e-42,7.433732702532914e-79,8.716919164191489e-119,1.4402481465495494e-81,1.6705652440757631e-94,1.2305311433239141e-18,3.681889485766784e-16,2.0510047744499072e-16,2.4400565838189935e-16,8.142632436948356e-21,2.092297848305477e-06,3.17084206915227e-10,2.398890453037012e-16,2.4552225980342393e-11,1.065562205429922e-23,5.6348900773614504e-33,1.3602795100261308e-08,2.003400617446519e-16,6.333632927879575e-23,9.837456731370186e-22,1.616395025613051e-27,1.964347789821157e-49,9.891583524701238e-06,1.0942234114324622e-09,4.648748019950324e-17,2.4605954453710277e-18,1.1142823869815023e-06,1.1840487824869036e-14,4.2079397648454465e-24,5.300263951646326e-29,1.304588478956373e-33,1.0989258050139499e-26,1.691134977806535e-07,6.573349114146032e-18,0.995579779663708,0.0002775095943667,2.9694788003373476e-10,6.684125984461518e-08,2.5540058766674132e-18,4.686462271231377e-31,2.5825536931754283e-43,1.4073686108055326e-56,3.092655877819471e-68,4.783156324482986e-80,1.0064600595486891e-92,5.601047979415539e-40,7.703156858872253e-42,2.400173460130069e-44,2.2273906808990177e-46,2.84285847587546e-26,1.4100326522565335e-46,9.075887292901662e-34,4.4476295138557565e-21,1.344390560671479e-51,1.930448477634717e-28,6.868030427443427e-25,1.8284021911104883e-25,1.3890515625226324e-20,4.7786530200067397e-29,4.241058348963231e-36,1.6134510090669587e-36,1.1560282315155076e-24,2.3732441442678668e-35,1.8461463116246911e-31,3.3777139601368396e-14,8.665314826944436e-22,3.010889769477456e-32,2.1548281667093228e-29,5.280786573458293e-32,1.0451348545613613e-23,6.4619814854786875e-18,1.564192764437835e-16,5.736488215036009e-18,2.668945948749667e-22,4.026410274924313e-24,1756.18786510807,0.0003846245570404,1.0929586108792968e-06,0.999812213078366,4.151179837537833e-05,6.071588276746878e-06,0.0001391105763708,1.0716825689266608e-14,2.874630890767986e-13,12.0,17.961314721503143,13.579567832290094,12.744698597729318,14.104756433998038,0.09483993803858455
6.362293770192602e-24,1.6718226118037633e-13,2.6153226589762344e-11,1.0286252303587664e-42,8.86383351131815e-18,1.2390247845804057e-21,1.2950693026932344e-43,5.355720731915788e-28,6.384409368236073e-30,1.003905026275278e-22,5.500552261293134e-26,6.002180439295325e-42,3.622390992617651e-27,1.404875347912135e-39,1.2722202160344996e-38,8.520384047960432e-43,9.205851631838155e-33,3.4485994931966397e-26,4.256709880464416e-40,5.793524233297449e-36,1.9145393007806633e-14,7.172441496735654e-27,2.246367706465746e-08,1.5026154810896332e-38,5.4483512976160315e-46,5.289379312745121e-64,1.166168208392029e-56,4.073989190240847e-54,6.733544926154769e-45,1.0366707913096818e-33,1.2114921638605201e-60,3.6213339405705466e-61,1.684981499541058e-47,1.7627142727891994e-74,1.5053488737271878e-54,1.5914753284202184e-44,1.4608376301524083e-47,1.039478661097994e-46,1.1370705930672207e-80,1.429862266017601e-76,3.963234013443962e-66,3.47645813784523e-54,1.7725413877023515e-105,1.1318447083646413e-104,3.6353819870166144e-91,7.395667328126625e-124,7.147770621294488e-19,1.1249720333372497e-12,4.962052283852616e-10,6.133405552450718e-10,1.2656709549076769e-12,6.070807659798537e-09,4.373373583241627e-11,6.121342853545505e-22,3.5156666056169027e-11,1.1416594281106477e-18,1.3611904255694506e-21,7.93288809176846e-05,2.4373759356777683e-12,1.2771812996683934e-11,4.0854747026231163e-22,1.2761221790237114e-16,1.1694114577510637e-29,7.413261562603824e-06,5.761858307822006e-08,1.969051611083291e-14,2.4612964581220996e-22,0.9998839182069568,3.57262645189736e-08,4.921121003483858e-15,5.154392367013538e-18,2.1702814613700572e-21,4.9377862730890576e-18,3.5019137470062513e-14,7.982558251124992e-25,2.849248048799649e-05,6.9800657881328e-07,8.247052211208674e-15,2.6051720232609853e-08,3.0984839291540827e-28,6.922160860826788e-42,4.9707440168548205e-55,8.293421840704555e-69,3.027999786389266e-81,5.139018023785658e-94,2.037620513801098e-107,4.309850967324715e-64,2.1362579514880765e-59,4.522541962430043e-63,7.840276059422319e-59,2.1332796079227623e-36,4.851034753711616e-64,7.153347427336158e-40,1.687847355990707e-26,2.1178247177325753e-70,8.83651572333974e-44,4.6691950220850536e-32,2.077790504043811e-37,9.134985436525105e-24,7.282322056962212e-35,2.320630698247545e-47,6.888062562905697e-41,2.0499575331912955e-22,5.884522315883025e-51,8.655966007004635e-39,3.0425593137197076e-20,3.061298316050739e-20,8.007178218079858e-38,3.89980409577464e-27,1.0474168576014832e-34,1.1236908194833307e-41,4.472201827860832e-27,1.7482201726609684e-29,2.094986290645654e-24,1.014669889015126e-39,4.4435062180636634e-35,1342.2629391510327,5686.194837295141,7.933843419369336e-05,7.270891410149495e-05,1.1232965055120493e-08,0.9998475793627488,3.6205599089954355e-07,1.9554665685631583e-22,1.1602434973474735e-20,12.0,11.96210403347869,8.151010782749605,16.100450174432986,9.659292113017688,0.09419742881053958
9.706494383601217e-14,5.249731530789567e-07,0.0001992107527689,5.903568285407651e-19,9.880609805018135e-10,6.052392927020357e-12,2.065899881623776e-19,7.808250066788648e-14,1.439081062281725e-14,1.3110063748704083e-10,2.250778280761972e-10,4.495863459420012e-19,7.513042727247588e-12,1.1346538444006793e-18,2.572495011380857e-19,5.4829542440726315e-19,1.6424257531883341e-15,1.2109008085764976e-11,2.898563053786964e-20,2.399180796827551e-18,5.233063137818347e-05,9.041638862413825e-13,0.0810024473844376,8.309514174263292e-19,2.339790772910287e-24,1.1567807598775709e-27,9.53915542417611e-25,3.0681546646368467e-24,2.628621990414166e-18,4.5927996475030335e-12,1.731777444874995e-28,2.9529183048675983e-28,1.7682592173188701e-19,3.4772276736337494e-34,1.855163150709133e-24,8.161959896122808e-19,3.940479341461448e-23,8.70855043440261e-19,6.748138925567986e-35,2.842496054750997e-33,6.630824623680012e-30,5.6992874511588155e-21,4.511043270340183e-46,8.127243276993385e-46,1.2604548190874248e-41,4.7026514359969366e-54,2.9539181226261556e-10,1.315631064476806e-06,0.0001238194350635,0.0001401386099311,1.8630097157377405e-05,0.0017051592791764,0.0013639688907248,4.4266899972058695e-12,2.7680425149138836e-06,1.3495928932321156e-10,1.2768223219673188e-13,0.029934180740506,0.0001173515639671,4.121826958586223e-05,1.1476976892809499e-12,2.053731240974163e-10,6.647765698851152e-18,0.0057834091805483,0.002052797420581,4.528761033832848e-06,3.324568346781567e-13,0.0038204903716168,6.106485776873774e-06,5.365032210518584e-07,2.0412274535215743e-08,9.173462973057934e-09,2.3987761587734938e-12,2.4112525750693857e-07,3.9558009095282996e-14,0.870703115001257,0.0021086792270887,0.0001715125442957,0.0006454844852309,1.3490062956322428e-16,7.8192719419353875e-25,1.289715664956123e-32,7.128512977968729e-42,3.476413131480266e-49,2.096115607518446e-56,8.183414623733738e-65,1.4144468416490614e-28,1.447645732611348e-27,2.186261496527083e-28,2.7802974602394137e-27,3.556862013184841e-15,2.495080478237547e-29,1.2232102407559752e-19,2.604260848998645e-10,1.4615304959080735e-31,6.861118967762823e-21,1.7649773518835087e-16,2.2705337692582966e-16,2.2537703822036204e-11,4.411521927004697e-19,2.4273169522307555e-22,2.5985443411670294e-20,1.1477764719092875e-10,1.224224798058901e-24,5.10103194394233e-20,1.3673153694257258e-09,8.51363774673911e-10,6.819298807882985e-20,9.124285343533522e-16,2.173527918608645e-17,2.2203939893773835e-18,1.6095140604007133e-12,1.1514487590536164e-11,3.5757601678162927e-10,4.1882030637529244e-20,6.046419704885514e-19,2844.894848279223,91904.66799599332,0.0299944826459047,0.922980189423214,0.0382581718325998,0.0074474603063301,0.0013196957919512,4.273777728394413e-23,3.239523518122965e-21,12.0,13.48815100406344,12.105682837925002,11.394966821686298,10.64343245639257,0.09325615904643858
1.2129022336328247e-27,2.9836791465185516e-11,1.2751422234951955e-30,1.945031392421728e-38,8.111378979588203e-28,3.1356063533365104e-21,1.4719672074430656e-32,8.14814478674139e-14,1.3590650478695126e-16,3.0413634716303177e-21,5.558426596609011e-23,7.298249758303529e-23,7.900759032718867e-17,5.60504323644453e-12,0.0093360504009398,1.8688968484844814e-38,6.383232653987475e-28,1.57042242130813e-33,3.9740621697483037e-41,2.2076920400229563e-35,3.90633825335643e-14,2.856205144922247e-22,4.0625041547790663e-20,7.055181959620657e-24,4.806113208141481e-25,3.0166987148561187e-47,1.302935931016519e-29,1.8339059079742556e-18,3.096985732281913e-35,8.556889715829789e-49,2.0369606546707608e-12,1.34844019298287e-27,9.65980929507798e-39,3.7595765224826544e-46,2.5053134539417157e-37,2.3060399898275661e-38,2.5114102212465597e-30,4.84787254981493e-38,2.9959795011279142e-49,2.3376381844140255e-36,5.758738345669256e-50,6.672398969444139e-42,3.763475123061879e-62,8.085691947092977e-75,8.592551814731734e-49,2.0202714010942608e-66,2.9933352541358423e-22,2.1270306358225e-28,2.1667664839133672e-39,2.8481234706880175e-39,2.2828453052008193e-57,3.5778244146374766e-20,6.225572120978137e-38,1.3824938251371348e-14,0.990209610772996,1.4227698747606788e-14,1.9039691870011844e-21,6.355696659426634e-07,3.286053924552064e-32,2.6601688340150784e-51,2.2875108454582525e-07,0.0004532547764773,6.20564147707087e-18,2.0678198552901782e-26,7.307110064739029e-44,3.796182917887323e-67,1.2735509582209477e-25,2.1969120891122218e-07,2.88330008413288e-32,1.4342950871209314e-71,9.90869146687234e-90,2.0356228291370234e-109,1.7765934773524922e-34,6.309795294899485e-26,9.078331251521984e-32,4.617371197728023e-37,2.2116998136617552e-30,6.4830977436887555e-65,1.3930756665369826e-46,1.1074965544784916e-21,1.2851847557982144e-31,5.594772254644889e-41,2.2121420269189405e-50,7.232782009294798e-59,5.749732634210932e-68,2.4824835550041407e-77,8.265248188859726e-72,2.6385080543444753e-57,4.036480849334293e-63,1.4076354943825149e-49,5.85487819059662e-41,2.9510813523139973e-75,1.3521123543776936e-33,1.3802103282500743e-41,7.319201821048574e-52,7.750592611136999e-57,1.019477250366929e-32,2.319953008515212e-63,2.2155939751053603e-36,2.9256032947231563e-28,7.706162345035844e-55,5.125455605105569e-38,1.50547412276952e-27,1.2029662108040814e-77,6.48741068654399e-53,6.092626497762294e-50,9.226016079590112e-57,1.3258401747276975e-62,4.606510933377156e-40,3.709879529277987e-73,2.5963412311771602e-76,2.703345272664497e-48,2.0906165083273865e-74,1.4110658521568658e-59,5.23816740700888e-50,1.0494898279971868e-35,974.20552833333,1394.0170475954983,0.9951744229935366,3.1323623329860665e-07,0.0046015155177152,0.0002236355163518,1.1273616292522261e-07,9.648632997766485e-22,2.6437254413880162e-20,12.0,5.497972787210992,9.665001685263425,8.351641570868,5.054164043464619,0.09286370002979567
3.974586901561127e-15,1.0484882192347997e-07,5.789021976466755e-14,7.235434414022156e-06,5.276876265377752e-13,4.389252856727778e-09,9.566183048780554e-13,3.2180477180893843e-11,1.9337370952225305e-12,4.484910370440835e-22,4.359104975319446e-15,4.2991641483827195e-18,1.0792103772239025e-22,3.9835339631537785e-23,2.3043333987063217e-29,1.0551656126187923e-60,6.446406896606565e-08,7.132597975948373e-18,6.382081726748227e-22,4.241186780523401e-19,0.6178501277616397,5.1860550910043505e-12,1.6693649391703507e-11,1.998424334953399e-05,3.7909717450722826e-13,4.2405336291531614e-05,1.2999745772717905e-06,1.5942739375175447e-11,5.103296377944787e-34,1.2951633289011542e-55,3.3951074642910685e-29,3.2242862000792417e-44,3.396014062990822e-63,1.5574319616364432e-80,1.6146243226507817e-07,5.6534848888216915e-15,4.715327934031665e-12,1.0524020634024369e-07,0.1520321029367419,4.453428408138292e-05,6.1655706298346565e-24,2.292222825170281e-12,0.0009807010705683,2.326302944059762e-100,1.2700612063594292e-11,0.2290211681756884,5.428185414772994e-20,3.221080785101156e-30,6.570214140467125e-43,7.720358631922333e-43,2.126872442869181e-59,1.1473687296734677e-18,1.550559010201208e-34,1.6083954090724876e-15,1.5042663102699454e-12,2.405947270894677e-26,1.6014658779312053e-37,1.7810775767670506e-22,6.374426125958459e-42,3.765030638542812e-73,3.524558599929559e-22,1.2097370115115475e-31,7.191049656545955e-56,4.997778951818249e-19,4.3502633221762526e-35,2.936290616126802e-54,2.7682290473102504e-18,2.8200413166524206e-10,6.2700128599393e-30,3.1155977686661705e-63,2.9774472249567086e-80,9.054840788287449e-97,5.145386607210702e-31,3.144133318843769e-18,5.7088519737236895e-28,2.9695760655125828e-24,7.850155786870533e-28,2.7361599988202138e-45,1.164078697734077e-43,6.599480756499623e-16,9.390278350022876e-28,3.9478850766222317e-39,1.2476356354735617e-51,1.9360611885690323e-62,2.4242498462300544e-73,3.453913444720589e-85,5.60766567103772e-15,3.775477882766095e-23,1.1208364529425958e-20,6.139590513960733e-29,7.361481989970204e-17,1.4135380404953052e-23,1.3011202406487198e-18,2.7143381413977905e-29,2.262800411757991e-15,5.472364423397029e-23,2.908125318767084e-26,1.2929198762741608e-32,9.485162451067999e-35,2.8729692378097592e-30,1.4767979108067706e-31,2.149555146932795e-38,1.4577114971663692e-35,4.405247606192145e-30,4.739335334823675e-33,1.6942819267792892e-23,3.0401192143131883e-49,4.6651654072966645e-30,6.389426154177504e-34,3.0580106793738506e-42,2.5272829953193355e-29,1.4625572543367888e-30,2.876985482087887e-35,5.340752347193944e-43,5.57396480833235e-16,4.4078221363667345e-24,1947.685847525055,0.0001740455781034,1.6168661772199863e-05,0.2174471642778456,0.7825295519116677,7.974607762522332e-08,7.03540263690058e-06,0.0,7.663389429163348e-13,12.0,16.12867967217125,16.684826671238127,9.693035254886867,11.63861488095976,0.0914580248971247
3.9831292951664513e-19,1.7769505151056402e-08,6.990662029372594e-06,2.26457961737285e-36,2.205633987919516e-16,3.163476481329425e-18,4.1045235363529885e-39,4.738883958336411e-27,3.647525586683303e-29,9.30512062966426e-23,1.979048246963657e-21,5.1965263943177314e-39,2.489151814325654e-24,4.256022226033927e-38,1.18675696115217e-38,3.7470313568238604e-46,1.5311859527238066e-30,7.792884421605129e-25,1.9686857945465348e-43,6.092943245915111e-39,3.877693932395822e-07,3.5818304517776233e-23,0.0661307862601031,1.8742899922560862e-34,4.6240505878393796e-45,2.2714208956692315e-57,4.3447897139262535e-51,5.534698827666439e-50,7.307469360903064e-43,1.7241007614745843e-33,2.060635225928258e-60,2.3641206280255013e-62,1.5896945095230728e-50,1.0835510121701406e-81,4.5965804248614974e-52,1.1788035323635737e-42,2.5293811393506095e-49,4.9379761808948325e-40,2.93905729451179e-73,1.4769507523746476e-70,8.958238303414566e-69,2.3849869756960255e-47,6.551472559898844e-98,7.74102964899884e-113,2.5917881319865923e-92,1.220885554098894e-115,2.4150641576547605e-19,4.7804893295998066e-14,1.3619597487799018e-12,1.706502195209358e-12,9.170843566657084e-17,4.565474183432935e-05,7.745772768058701e-09,2.460086206531426e-20,1.1159675442600288e-07,7.934891112327301e-21,7.043885427978214e-29,0.0287163516487427,6.8604408502664655e-12,1.8808939725071256e-16,3.2384433375608237e-22,3.0055452493320975e-20,4.5098912864845445e-41,5.936750738218557e-05,1.2495879574639233e-08,5.397485358065147e-17,5.374801322303264e-24,0.0079516578062244,2.6243899556557504e-12,1.0748301659484254e-22,3.2836993378547526e-27,2.2706453119481398e-32,1.467787371186512e-26,1.246651838356236e-11,9.142239278576708e-26,0.8970463962445945,4.220084753190975e-05,1.5329130903098509e-12,5.68766857339677e-08,5.094911741564371e-28,2.0987368697294017e-45,2.863484976325671e-62,1.2293907876173342e-79,9.300578842556953e-96,2.828975055488376e-112,2.4282088378284737e-129,3.594419776780675e-58,8.750826717271848e-56,8.57147248881234e-59,5.680495243011321e-57,2.796076865665772e-31,3.812357672753752e-63,1.4135255261128215e-39,5.123021448642311e-23,1.2928492377544277e-65,6.522105786571986e-40,6.364109063873834e-30,1.4633412358182398e-34,1.9250727147784264e-22,1.1424250489575606e-35,1.3327551041930216e-45,2.5605831060139976e-41,1.232799702027197e-21,5.114342743465157e-51,1.5141231152505207e-40,3.9742018358073296e-19,2.743452906947787e-23,1.0464408384465283e-41,7.125980045337927e-33,8.674348034963148e-40,2.0692772984729676e-37,2.5650798908447022e-24,1.1656284381864916e-25,6.643810653629477e-23,1.9144446335483844e-36,3.8136696672485253e-34,1238.269919730791,5.505850163635968e-05,0.0274378279413367,0.933352746684044,0.0315684962467422,0.0076207564884261,2.0172639450773808e-05,5.2786532997716905e-14,9.12896511842869e-13,12.0,13.53169608148714,12.06090416655842,11.44364835614619,8.866412997994177,0.09094646053498476
4.300251512376223e-23,3.918176097735633e-09,1.1440541334377637e-23,6.5705164469238475e-12,1.3518726508400264e-15,1.217830499245693e-12,5.509961544751592e-15,5.122406820572575e-06,1.0286274579152389e-07,3.375228496742591e-20,4.7882050820903175e-18,7.917079771850732e-16,1.5024781344886974e-21,4.285906117826844e-16,1.0455526518918889e-17,3.733243701888896e-59,6.253590134578071e-08,6.071094373065239e-21,1.5879548367063117e-19,8.139468057948924e-16,2.0618956804533743e-05,3.262237787011501e-15,5.782926969157833e-19,9.56229576246741e-07,4.36626165798903e-12,6.549561050697389e-10,1.1328378807703523e-05,8.751252753201372e-06,2.6474186265631176e-35,3.3904211027319776e-63,2.1058616585559263e-16,7.357442509179218e-36,3.1157739976508506e-61,2.3889761978799592e-71,2.150998368498524e-06,2.9385242488833875e-16,3.1425188364419926e-05,2.737911743765366e-13,0.0007070640726202,0.01756407236011,1.0029450207475708e-19,6.113228489492318e-18,3.148364276163892e-05,2.2754449668792276e-94,0.0271087707254949,0.9544790546165682,7.765552440441745e-19,3.4531942186118805e-32,9.574099349395499e-49,1.1644079626677212e-48,4.461032849286843e-70,7.930199509518372e-24,1.1903893475343085e-44,3.596018536559686e-15,2.290544750432956e-09,5.3913948387707736e-21,1.0902001956285602e-28,1.6339238322747321e-22,3.9347544075947765e-48,4.930281630156799e-84,1.0985430989922438e-17,1.4496404685174585e-21,1.419789305425501e-40,1.0386387316182673e-23,1.4247783750076352e-44,2.1452368120304416e-69,3.4567907177161866e-18,2.902889617881107e-05,6.629209287511615e-31,8.366586955592544e-75,1.4279713762323657e-96,1.9313531533151973e-118,8.637985062733177e-26,8.583334863193605e-25,5.9825650088328466e-33,3.798001052746374e-37,3.383930607299067e-37,1.1946709201717473e-64,1.5876412518290072e-57,4.0611201469179993e-17,5.397163319456211e-28,2.2330790976113795e-38,1.4945510486323352e-49,2.835578928193629e-59,2.9773024384097505e-69,5.819290917809731e-80,1.366473564438677e-24,1.573207689872512e-33,5.531333333826641e-26,2.9742458824000475e-35,6.2229559435768505e-21,1.9599674286114994e-29,6.137232220700557e-21,1.0089079418168192e-41,2.6713953777899427e-22,7.769036899971033e-30,1.9657093530933463e-32,7.135581043283135e-43,8.439852274816336e-44,2.022209602959987e-33,2.831224571638565e-35,1.4056265658689085e-42,3.7018903158419614e-34,7.639402142679427e-39,4.856193465454279e-41,3.708235426201372e-30,3.373522016205649e-62,4.8652144889659084e-32,1.5809898282734418e-35,4.0989922914610834e-48,1.8612787657156794e-44,1.9023799531140234e-44,2.311319394896965e-52,6.697449338763175e-61,2.2299857784869447e-22,2.486573312121271e-31,1491.5993252970768,0.0377920802404793,0.003514292259819,4.117581201530718e-06,0.9856298039120136,0.0108515952692811,1.909776847138511e-07,2.179689641285975e-17,2.0870528315313208e-15,12.0,9.068804296528246,14.447875951424836,12.489655711575937,7.735144747956142,0.0856518383799688
4.122924786563054e-08,4.595163620372381e-06,0.9999445743120864,1.2763502479042526e-15,7.513454727370654e-06,9.567925654436158e-09,4.0217700691491515e-27,1.0290735817916664e-28,1.5359719167215588e-29,1.4924188906071569e-33,1.236629136543076e-25,1.0923807710729471e-37,4.2022894661085244e-38,3.8128475341077274e-48,1.1111037649311028e-59,4.0057208337549776e-76,1.2826723359499978e-19,9.101046169769072e-24,1.5796645080495187e-32,1.9364553184124716e-30,8.968186452817468e-09,2.0496195920476895e-25,1.36887814373791e-13,1.1638511026861236e-23,7.140418663025566e-38,1.4012040823809882e-32,2.471241348222808e-40,1.1026765866331717e-50,6.80442434261307e-61,1.0045906494387862e-70,3.9100676131431465e-77,3.4207611345188367e-85,2.0175168615987935e-92,6.692820009341115e-122,7.616796741795801e-37,4.5363761880725306e-39,4.943657580352718e-43,2.8084006056633147e-31,8.174596263749511e-48,5.597830361869992e-57,3.3349156147259465e-66,2.2251758354798893e-49,2.4151238138737422e-67,5.90043751756711e-166,4.814712855329521e-78,2.0465763141147793e-83,1.996079015645741e-17,8.39799101415133e-22,5.255956936355814e-28,5.992954418191842e-28,3.3980108344953588e-37,1.0939839236465254e-10,3.5971338806427954e-19,6.679012304757874e-20,3.1936493207070133e-16,9.828426321716843e-29,1.0444691478723549e-39,3.149314970597048e-20,2.911709048570233e-31,1.3635276827834286e-56,1.8148160637276534e-31,2.0248501103573015e-39,2.562871983796355e-66,6.699640657909611e-07,1.0514715071844685e-15,6.862520045964104e-27,6.54304952199177e-18,2.1509920118665907e-06,8.767250482996741e-18,9.610739303300344e-36,1.6040361859405737e-45,2.5069078674001934e-54,3.4524777507675124e-24,3.8174462112566295e-12,9.798564919810948e-28,4.03850031927154e-05,3.64208580066479e-16,1.659951014109241e-17,5.585473907472101e-25,4.6921965684879895e-22,3.1740005119952403e-39,6.153724049747725e-56,4.672624521767757e-74,2.792492319291744e-90,1.8920238362339023e-106,9.31840024798399e-124,3.814561473820293e-20,7.094463525000978e-31,6.732237482777027e-31,1.4623368379368894e-41,7.290037512291225e-25,8.70222832853804e-29,5.4630388929013926e-30,7.661604119232672e-29,1.0961401765676354e-42,3.2536001168244505e-15,2.9324744809807923e-22,9.082317451983348e-19,4.0308166919969904e-25,2.301632517468899e-33,7.646922936866184e-28,1.7125945472641502e-37,2.327601951713003e-34,3.59897072189032e-16,5.481690353197313e-23,4.0565807544685545e-08,1.466106687916895e-28,1.0147622756242721e-18,4.177284440754949e-26,2.1344622982174764e-24,6.01618837902109e-10,1.9745539264380696e-15,5.0346514348842165e-11,2.793294994538973e-21,1.1473468113827972e-11,2.9172810900498703e-22,2616.334110576444,2.546035790907834e-08,4.5952737355076726e-06,0.9999828601487551,8.969254329130301e-09,1.2526025614687102e-05,9.582640359940728e-09,2.5537858856363295e-10,9.746949463511993e-09,12.0,17.337681169246107,9.29044495194908,12.435501908515231,9.319173802273268,0.08531400788356132
7.393641815237403e-21,1.7576973918706614e-10,6.344537992610442e-26,1.4803933665314633e-08,1.2469157884614531e-11,1.924074464185808e-13,4.962486330601766e-19,1.411753266834688e-09,1.576696843901847e-11,1.9042933277402142e-31,2.1637075849089156e-28,6.737175556713931e-27,3.956694946910664e-39,4.792421631710334e-34,1.2940654512252349e-42,2.8060481498772984e-101,7.502501361052392e-05,2.1019025875946136e-25,1.200516407761146e-18,1.8465056778572843e-14,3.863886542867807e-07,5.4101415097128236e-24,3.42489993733829e-28,1.2900837010359604e-08,2.033814351705768e-20,3.6701823068468366e-08,2.8153806952930815e-10,3.0069686413126256e-17,2.4530439299441812e-62,2.05531552977431e-105,5.8800909506765095e-43,1.0888416955429223e-70,2.730497106970613e-111,1.6925927647978124e-130,5.859122732299987e-05,5.051667889406492e-22,0.0003084196115077,7.373219878495201e-18,0.0045010137844266,1.754300504724649e-08,2.714055645911098e-28,1.1445864493714152e-30,3.2273699870147577e-06,1.8838919684223157e-165,0.0001804140735968,0.0073432782617685,2.6542108623264215e-22,3.0892386027416665e-43,9.121884178066711e-68,1.1298061647601582e-67,1.3631516645939336e-97,4.333497783077397e-33,1.7985046629759475e-62,2.5650046511296117e-23,1.0973591622764097e-17,1.1904557188906047e-31,5.688706792242684e-41,1.8049642904175943e-38,2.70810445599779e-73,3.0293265856288197e-131,4.7768935284513616e-33,4.024593859587532e-39,2.973406160534437e-68,8.872493877307726e-27,4.0562926024581187e-56,7.2762951405181875e-90,1.564273803053367e-20,0.9875294995723078,1.767728111515281e-35,7.363206646870514e-97,4.585094851750552e-127,1.053872229768956e-157,1.2512618606352555e-24,4.084168027996133e-33,3.621173259514508e-48,5.062391622963035e-47,6.295231137459403e-53,6.868052556847239e-84,1.442348510501867e-81,2.075740014369749e-24,1.6600221858497e-42,4.2855432329452754e-60,2.6894882112317127e-78,3.5761229005734265e-95,2.1629299893754395e-112,3.14375968468131e-130,8.95251103315042e-21,7.222616011478822e-35,2.677528139431201e-29,7.28111718400273e-44,1.6968369491527386e-29,4.183856290241122e-27,1.8054417778669378e-21,5.537078764825594e-56,4.6745984102640284e-24,1.0413416836027023e-31,1.0910147501131107e-38,1.7381574865170472e-52,1.6282861873030718e-57,8.008251815281617e-46,6.643147131292e-45,3.344028754813067e-57,2.115992205518301e-56,8.375403291694863e-36,2.4743251391181485e-42,6.533517643720727e-32,5.701881682756988e-78,7.15068859502515e-29,6.6248868430196e-37,6.243556693537104e-53,3.0518936729140713e-47,2.6034495812270325e-51,4.111180556322452e-62,7.97976411650101e-76,2.5124285223063204e-22,1.7704195607914624e-36,1325.67147953543,9.715455719403295e-10,9.57945171163761e-09,1.905359859528643e-07,0.0255225679107283,0.9744772256126072,6.361227007953718e-09,0.0,6.084971058004079e-08,12.0,13.298636359075523,18.425583715502157,20.00743104116691,11.822200241605938,0.08381778749638816
5.137742025672126e-07,0.0055536269560224,8.14511685707443e-10,0.9317001960943064,8.853317913968594e-05,1.0467485720547764e-06,5.917518259712654e-09,6.074024663095975e-09,8.453378366334287e-10,1.4185308519835348e-22,4.3317819278437573e-16,3.6069040514492783e-16,3.0920239797953647e-25,2.925243744158681e-23,1.9344083293452711e-31,1.0978807196555848e-65,0.0030510175217095,3.6145366607832535e-16,7.111744361407035e-15,9.929305430926945e-13,0.0219251686497307,8.548906107410848e-17,5.636562618353826e-16,2.446582608751949e-06,3.0200962939079885e-18,0.0168953238184056,8.000170975231086e-07,8.306789948596958e-14,1.295393451319139e-41,5.181232418654247e-69,1.1003167356075409e-33,1.3063462524157608e-50,2.152043928896672e-75,1.025925355159626e-89,2.9324006191540095e-05,3.25135878006747e-16,5.872972808931496e-10,7.92074208167879e-10,0.0197038877855005,3.288977297186297e-08,9.842617806325994e-27,2.263870233080978e-21,8.914908257605146e-07,7.4379380061333505e-121,1.548544502123707e-14,1.412914843290284e-07,4.717625311797844e-13,3.2922643227621263e-26,3.0459136203356356e-41,3.4814021344411576e-41,2.519045022073263e-59,2.015066887073864e-16,8.351675595289423e-34,1.5005373321934142e-14,8.81740567070278e-10,4.968370977088853e-21,1.1702408701402406e-30,1.4253230001877768e-22,1.3826332778272289e-42,3.166017279659286e-83,8.642232436433753e-23,2.361941451744654e-28,9.763035148900024e-51,1.5328096426561816e-14,3.105275269570017e-32,2.2926029337259064e-52,1.6394275389140462e-14,0.0010465109242159,4.5934892465962814e-24,7.232962467921934e-60,1.5566158310502448e-78,2.8988791048372672e-96,2.2828915765317508e-20,7.061550364636642e-19,3.263820175667383e-32,5.415941544452454e-23,1.172082023935415e-31,2.2416912745169096e-44,2.419300274010854e-49,1.0349853858768941e-17,1.1454597593415484e-32,3.641627277161189e-47,4.7722674868175187e-63,4.7418877601029494e-77,5.195012569458412e-91,4.293090895410807e-106,5.137819311587e-07,8.63600731975304e-15,1.9759820314888907e-14,3.791739873107147e-22,6.772182606592091e-17,2.71972633468829e-14,2.9398676139891896e-12,4.8156419600321624e-30,3.0719401754687836e-11,5.5075858075961504e-14,5.571479688466349e-18,2.4551446919540295e-26,1.3252732681593994e-29,9.892432040156303e-27,2.3598374363148093e-23,5.001652408177158e-30,4.68525153087504e-35,5.312647034435901e-17,9.210127648626871e-21,2.172257469550916e-17,8.223016436207245e-44,5.457487859084487e-18,2.414260594797162e-22,1.6919542837586412e-32,6.855505536347166e-21,2.748771183650095e-23,1.1354003887029143e-30,5.659956041156246e-38,2.5822089864365456e-11,5.869539709722878e-19,2548.637553091661,2.7523460007231145e-08,0.0051312679430518,0.0202554968809116,0.9697490551786232,0.0048609530172738,3.226980139136881e-06,2.42908062098559e-10,8.271658746198302e-09,12.0,12.59631820807494,14.276434672031485,11.976496730384346,8.798571599381045,0.08370237037725695
5.0996505469568225e-14,4.6880022589448505e-05,2.1162545737458146e-07,6.515886133656239e-15,6.716064922661741e-10,0.0009558837961194,1.0921418643440359e-14,1.2262788460169574e-07,1.1706036783396569e-08,5.7969684070566024e-08,1.314855229326776e-07,3.1134763662921533e-13,3.105154751263264e-08,1.4319170317591231e-11,4.7478074678263546e-11,7.265953423954591e-20,7.630990008230633e-11,2.230565403929277e-10,3.455592113692595e-17,9.719241100178382e-15,0.1573697006331764,0.0123219124680991,0.1050030858731832,5.636211186047117e-06,0.0003385314392527,1.3260649379497472e-19,7.756602844456333e-15,4.620822519912608e-13,2.3912484900646525e-14,5.032022680249056e-15,2.722376398121033e-16,2.631309421914893e-20,2.4197147309167325e-18,1.9829341478144535e-30,7.424991778017671e-16,3.563668579037039e-13,3.994556414441706e-14,9.411693160194505e-13,4.80685629092221e-22,5.670672509017585e-19,1.0243917361127328e-20,3.16908316760525e-13,1.659378065649989e-29,1.614888248826442e-40,1.294359089844986e-24,5.800071248902287e-33,9.160570813409383e-10,1.5172407299108955e-09,1.805796300636364e-11,2.0902957621547184e-11,8.830035451384377e-17,2.546457227897775e-05,5.757365224355792e-10,0.0039797002553308,0.0038228342911888,3.498096496136154e-09,3.747888249748272e-13,0.0137417419918691,2.7214585620037046e-10,8.814674266242956e-11,0.0079300936501898,9.097546797131517e-08,8.448221031531842e-17,6.4014765464418385e-06,8.02103475212375e-11,1.8150128401920106e-18,8.047557540313979e-06,0.1008400136136423,1.0408519785441302e-09,2.828648887233976e-20,3.7860741442701517e-26,2.828027661007715e-31,7.263192587114127e-14,0.0169398041055442,0.0207842860115853,3.2027404474611273e-07,0.0862312507740358,2.1623604247361363e-16,1.3829886188499172e-06,0.4610720651981717,0.0081537310937296,0.0004191633233586,1.166116586513673e-06,2.018832224606458e-07,3.3358181360807847e-08,5.031130282906807e-10,6.915391828226713e-27,5.618575203271403e-26,1.0628011604296355e-25,8.579933665393361e-25,2.784128010300249e-13,2.117212649428425e-28,3.497495024475158e-16,5.152132347315757e-13,1.3312172650240587e-24,2.0389089815121492e-22,3.1810354604026126e-17,1.7513079186722513e-21,2.2399326369185515e-15,5.0180357107093566e-12,1.3454968183247871e-23,1.7600667427683888e-21,6.005523992527912e-12,9.710324594148199e-29,2.798606695139192e-23,6.256575839333603e-14,3.9647967587150378e-19,6.496719344854559e-23,3.500050477572181e-18,2.545269098420253e-24,7.7607301583934325e-25,7.563893431163364e-18,7.841337823257269e-21,1.8290024961317392e-19,8.140648263401795e-14,8.410254025842802e-13,2237.828680889928,84.0938042493032,0.0244167383362809,0.2678089334024537,0.1220063416516855,0.0894689844027695,0.4962990022068101,3.306652921733735e-20,2.171368751938486e-18,12.0,13.040137410762547,12.69869475596354,12.563984858447702,13.30805575298506,0.08275864645508162
8.876344467394206e-22,6.7309684225008465e-12,3.8790659114111616e-19,7.292519274699563e-14,1.73773008324489e-18,1.1020581605880302e-09,1.1099839482514952e-15,1.2233570176298462e-08,4.938537883956508e-10,5.347168837050655e-15,1.4070920138044745e-12,1.0355361766280858e-15,5.143559489187566e-15,2.4722043557177268e-15,3.268418125884163e-16,8.132268051587667e-40,6.548442115868779e-11,2.832800285706882e-16,3.144679031573066e-21,4.3802846727747065e-18,0.0117326545042979,3.153108588221045e-05,1.316424234014494e-08,0.0011636067956862,0.0178331183722711,4.265726504349615e-11,7.66757605693951e-07,2.4812591827488375e-06,5.709409493118597e-20,1.907305389146944e-32,4.4093192888907884e-14,5.167511932098353e-25,6.607325450769702e-35,5.761681217948968e-48,1.503266841543156e-08,3.560424269734158e-11,3.3414177049513176e-08,2.7917820025264337e-08,4.359853899379898e-05,0.0038143569619366,8.818281204937578e-14,1.099118667879724e-05,1.989979170226477e-05,1.9023919725009755e-54,0.000918167828134,0.9644285920553288,1.9704014166613638e-20,4.3349869794958485e-26,1.755242477898217e-34,2.088676184520451e-34,4.989169663263469e-47,1.652142670763206e-18,1.789552918011845e-30,5.083763576776531e-11,2.194552389822671e-11,1.3978301844063818e-21,1.107159269846483e-28,8.927113018408469e-17,9.221370082175931e-33,3.0713860706267907e-46,1.7065785842286313e-12,1.7515167571588117e-21,2.5140390970410446e-37,1.4546130360583505e-19,1.1528049546291323e-31,3.462778396750748e-47,9.601883880587472e-15,3.501489928481657e-10,2.6170027061474557e-26,4.700810960752682e-52,4.245317432606415e-65,7.422585164465891e-78,4.916608709775557e-28,3.236939855155939e-14,2.452264194068296e-15,7.010773875853245e-25,3.9252206511757664e-19,1.4599485940191336e-42,6.804958488865799e-31,1.3088070780486218e-07,4.636458329439308e-11,4.9342621791922975e-14,5.219800432734756e-18,2.2184168840963707e-20,6.618876110960841e-23,2.695693424197393e-26,7.090423158807957e-28,4.0532296661131265e-29,2.493519492137094e-28,9.583074856363758e-30,2.3232724591310087e-18,2.684908493043708e-32,7.678019045301429e-19,1.350339311859867e-24,1.5575948473425566e-18,9.381781818779956e-33,1.41876431008021e-28,6.505049593428805e-38,2.1179491245036136e-32,1.967399372647715e-23,1.6609217097268453e-36,2.6386230595155015e-36,2.9039822605202026e-29,2.0698896015656238e-41,6.854135579373899e-37,2.3488614014553448e-28,1.7743207193220673e-43,4.139491008969178e-36,1.253376373305916e-32,5.275187091610459e-44,4.491176082255573e-40,1.1907877340578532e-33,5.032314480292049e-41,7.666249199513203e-42,3.235805780311131e-21,2.026408385286057e-22,1752.9363552094326,27624.045540432617,0.0007759941170412,0.0023941018728315,0.9889689839454108,0.0003730621240283,0.0074878579406878,0.0,4.187839675451006e-21,12.0,12.489284197580824,15.105324242661416,11.681922729752642,12.98449916759065,0.08223919080873861
1.2675698049638548e-13,6.5695978855999005e-06,0.0006672981092211,1.1958216796922533e-21,1.3956288492116437e-12,9.753106566567648e-11,5.40548726004368e-23,9.168243490732873e-19,7.676014490433534e-20,3.6104674383131022e-16,1.1195498022087717e-12,5.061610040717989e-23,7.723843341501421e-15,8.19000251186448e-23,9.166093561231834e-24,3.7515637917764655e-27,1.4344395431665476e-20,3.746422329447368e-17,2.426740425647501e-30,8.708284781499117e-28,9.3710329085692e-05,1.279262837940386e-13,0.0569222102252843,4.7370046567481446e-20,6.741476982050532e-26,1.5146618448099097e-33,4.0869036216746644e-30,8.611834623061098e-30,2.8236363781084336e-25,4.516741032512179e-20,3.1615682299254e-36,1.8610339564559277e-37,1.2931016770507706e-29,3.294551896558055e-48,8.401910193543639e-33,4.3516222463024554e-27,4.201648644546405e-34,1.8043627675764577e-23,4.8556251077271226e-43,2.1500259220585448e-41,4.840414870817135e-45,5.594754719529694e-28,9.191157821423793e-58,9.398503365957942e-67,5.260190576493922e-59,2.534875473935909e-68,5.0726157566412094e-14,7.396706054836774e-11,6.280068144560941e-10,7.300831860304581e-10,1.6724868850668485e-12,0.0026715644633278,3.197132618111409e-05,1.1304891975449808e-11,1.816244405033639e-05,5.830544606348959e-15,3.1377603134288173e-22,0.0561526231946502,4.189530827535078e-07,1.984539719173658e-09,6.675121171454902e-13,5.271329410243011e-15,3.716537066988611e-29,1.5656885265550455e-05,1.0839449984611017e-07,1.0647584841650745e-12,4.356640601601035e-16,3.3274870663742377e-07,1.3596506711614186e-12,8.562270729608187e-18,6.3686008840515386e-21,2.259450719832517e-23,4.851967199851416e-23,1.575260629238373e-06,3.6992222980556553e-14,0.8756263192549156,0.0077171571847521,2.0578440151153586e-07,7.411231026831516e-05,1.1123529329847293e-15,3.1639118410907045e-25,2.627438148537786e-34,1.2966829725563974e-44,3.7218413579429163e-53,9.714017352675917e-62,2.4663716875678357e-71,4.531287996823754e-34,3.2231186372251656e-33,2.1659448128602563e-34,1.4506641097350959e-33,1.6671894195122393e-18,7.557254223771594e-39,3.612573129836394e-26,7.367461533457893e-14,8.809277858821362e-39,6.1095734302160425e-24,1.2468710212605629e-18,4.290550073364776e-20,8.325570516476372e-14,5.688809359053382e-21,9.022713039408006e-27,1.1238047320822072e-24,3.30107920530965e-13,3.5055706079955076e-32,1.3564340879572174e-26,8.503642995435424e-14,2.1312457209833711e-16,2.95757966866055e-29,1.918827466599785e-24,8.210757719139126e-28,5.2207090991555535e-22,7.793273838581814e-15,6.433842016802266e-15,1.29884820315973e-13,3.631828305285262e-21,3.2127571236909213e-20,2147.0396492199898,7.231658981531018,0.0542650240324458,0.915158204364961,0.026893138314636,7.749765370713989e-06,0.0036758835225863,6.558513254984147e-19,2.4102536212066738e-17,12.0,13.226976177819228,11.695121485813036,8.154768554469022,10.830841741796306,0.08219948919424344
6.548777686661936e-15,1.1810436367221703e-05,1.5245119071938353e-17,1.4924904050405825e-13,2.318285160502607e-12,0.005936934389162,9.511341779081245e-16,3.805591512663141e-09,1.5163958975543822e-10,1.609682825322817e-20,1.2530511235257537e-17,3.7873513307984364e-16,1.9335792840014843e-20,3.886855907941639e-16,2.2004374309154737e-17,4.6639690757797227e-51,4.6810772483195943e-11,1.9739691257740097e-21,7.11081778069738e-22,1.0147895950319793e-18,2.6564830892296797e-07,9.077017551967634e-10,2.911315617694829e-18,0.0033275845896372,0.0668324588646464,4.508489640352083e-17,3.578776574254905e-13,4.982678865860453e-13,1.0626512951750982e-36,3.356609553415766e-59,1.5289300908372465e-21,1.6820781975151266e-37,2.027902746782208e-57,2.8945427049078736e-66,5.53484063954756e-15,1.3007979590193794e-22,4.2582769974834335e-15,3.061691481212529e-19,2.4624762606006684e-17,9.302988631932211e-16,5.536568467473267e-32,6.380501395905618e-28,5.741436404064793e-24,2.4520587443341266e-95,3.123893616410679e-23,1.4719872380018048e-25,1.0989702376223911e-14,2.3525776804129167e-25,9.08211450592664e-39,1.0811821968200615e-38,2.396544238376911e-56,2.7744026023782122e-17,2.781333850588752e-34,0.0001149951962749,1.6483258892110272e-05,3.299493139225632e-16,8.513201007684125e-24,6.507650011581281e-16,6.017449191248787e-37,2.4325211034575536e-60,1.6314494660013087e-06,1.7753692315217523e-16,3.284177520321862e-33,1.942511880130464e-18,1.430750651695507e-35,3.902191453366983e-56,1.693019859567622e-08,0.0001703471377366,1.1454249601375025e-25,1.7295932411840618e-61,1.4537156412153485e-79,2.3269294968244508e-97,7.124723777602894e-23,1.702281056022119e-12,1.6536976428038484e-13,2.676390859673538e-28,2.0264077132289132e-22,4.949165064745514e-51,3.2920065291062956e-39,0.9231745480471168,0.0004123653771353,5.53683084289622e-07,7.457520850055673e-11,4.009096405860843e-13,1.50624476849915e-15,7.770382381722024e-19,6.935166945233026e-28,1.3979812518120743e-28,1.0353561440958035e-28,1.3940621837314786e-29,1.05751037736696e-23,8.619191070810225e-33,9.776725555971044e-19,4.94677773364392e-34,2.9482458697746414e-24,7.47918714097667e-27,4.149187963204736e-22,5.007044026925279e-37,6.067780040881371e-31,7.674246686303237e-17,5.4428343966231045e-31,3.07419095466514e-30,4.37861526001936e-29,1.2291666767286636e-35,1.4969740056139151e-30,1.5659073256724282e-27,3.8003345496838847e-47,8.763991095472464e-31,9.65444880277573e-27,1.0641261953108337e-43,8.017620659138032e-39,7.920774443494181e-32,9.024303372750337e-45,4.84247334928046e-45,8.499057449084264e-15,1.872559260232569e-15,1747.2232028081055,0.0060896223518352,7.9099132171936e-05,1.2930881169217416e-07,0.0340375119939898,0.000165298486916,0.9657179610781104,7.5265319819420295e-16,1.8261743387764607e-14,12.0,9.213456401989324,14.633786088676654,12.320097159505073,16.086678590077753,0.08182644164527716
1.9528882816175396e-24,3.454624157412461e-11,1.9454812658338745e-29,6.872831701083853e-11,3.287853302810072e-15,1.9970827023733677e-14,1.1462992286111957e-19,2.2647681669787283e-09,1.5968235761720796e-11,7.250920499526357e-32,1.452862158081979e-28,1.5184082902605082e-25,1.7798563273959826e-37,1.3675551388374168e-30,4.087160314100833e-37,1.8271509151792403e-98,6.116680680837413e-07,5.349745588802918e-28,5.3423064404319865e-22,1.9499359039706512e-17,4.7054006591911654e-08,1.2145768416367257e-23,1.397759007060609e-29,2.9778054310124985e-08,2.516384203783103e-18,1.443442982555395e-09,3.642924288766385e-09,5.1473308572568515e-14,1.6974727039549067e-60,1.1386750579663616e-104,1.466807024411959e-36,2.2442931158004052e-65,4.248342420466319e-107,7.579933942423172e-124,3.8013169559708697e-06,1.881034987686168e-23,2.600486932313416e-05,8.211035713743847e-19,0.0048990764180283,2.781424445806959e-06,2.877103627967912e-29,2.0053261337688597e-30,2.151624157246099e-05,7.69996437546836e-164,0.0011881940791009,0.9917746925997192,3.2735670419524247e-24,1.0959377237849637e-45,4.622292895894571e-71,5.807443448615568e-71,3.850999483342199e-102,1.3369706595140331e-34,2.741974260052413e-65,1.4547444465538217e-22,2.310391771834738e-16,1.063054357694337e-31,7.809408716471339e-42,9.855953065342697e-38,2.279914654003635e-74,5.3028613146903114e-132,1.8770958590249173e-30,4.399878485751205e-37,3.4516151646111645e-66,1.8065638880159677e-30,4.7273833270278174e-61,2.1800471602650946e-96,2.8857689307928273e-22,0.0020832338260757,6.892076401474476e-40,3.6411648399657283e-104,1.404683066203267e-135,1.0956889743506278e-166,1.7472736211971827e-29,1.35865809827372e-34,2.935563799747245e-48,4.166240198309801e-51,8.262711274723532e-55,6.52255477071589e-90,1.4671496275559936e-84,1.0888928415196057e-23,1.1821350618851315e-40,4.277796990666033e-57,5.176431330124537e-74,1.0568561620314925e-89,8.4277308327732605e-106,1.969387018772979e-122,1.4886446466563862e-24,4.541409255306292e-39,3.5793056321581567e-31,2.8247178303611697e-46,4.411034723632104e-30,1.369277242275962e-31,1.4002203425103262e-24,1.64443641832242e-59,2.111692761388546e-26,1.2313642549967664e-34,1.9635219271270056e-41,4.4190717073210025e-56,1.0464572320535021e-60,1.3394400449211951e-46,2.0468169191095343e-46,5.208527918660164e-59,6.643328503132024e-55,6.450618685821087e-42,3.175169641591961e-48,2.2113707029138384e-36,2.082849580036287e-84,1.994321993514497e-34,2.0989723139895476e-42,2.438365628111687e-59,5.583484923110577e-53,1.2560661071033092e-56,6.5739659183497005e-68,4.665946980895305e-82,1.8855760114061182e-24,4.635115499127165e-39,1219.327695089284,1.536442911197736e-08,5.591783613824757e-07,9.440491617922914e-09,0.998675548766442,0.0013238766414909,5.973214078010409e-09,1.4243956666558162e-10,3.1117566871557833e-09,12.0,10.227444253873529,18.25187405979024,15.374297162435491,10.028657722898714,0.07984709036733273
9.380566188756357e-12,0.0047614016938365,2.104399657895786e-05,4.37480096303907e-18,3.414843118445762e-09,0.0116282617649683,2.610934449944421e-18,1.0018504416155063e-12,8.968759871621947e-14,1.928153471302567e-13,1.8255613220541187e-11,2.919169084916782e-17,1.5962494160159973e-12,5.444963439859601e-16,7.17447185927018e-16,1.1413384966193212e-25,1.4476056821708833e-15,1.7826989358204865e-15,1.1301061859019177e-23,3.5811622382842184e-21,8.372892253854814e-05,2.637292341180272e-07,2.375193017093732e-05,2.44349134315817e-10,6.861159837041156e-10,2.765901262922879e-28,7.49208174393322e-24,1.8147656437286543e-22,1.4898972644065438e-24,5.432621847626011e-26,1.2566275108958892e-26,4.241007762407507e-31,6.745649056365283e-30,1.0379003376813992e-42,4.304237993183583e-26,9.549228281483925e-24,6.238195178166058e-26,1.1261513440784485e-21,3.699924746095992e-36,1.828367137791768e-33,1.886603881158444e-38,6.352728313427745e-28,3.7276760211095304e-49,1.5394563573323187e-64,1.947689571432929e-47,4.5457035629432154e-58,1.6489029958629315e-09,1.142377531637175e-09,5.129940071570084e-12,5.950709447439519e-12,8.292756598968335e-18,0.0009994246389969,7.366781745012298e-09,0.0175102482612832,0.1546627010685078,2.365967650534336e-09,5.0515939694637866e-15,0.2299234606237598,1.256724647079796e-09,2.9778752674497986e-12,0.0130099938888735,2.4808637504880947e-08,1.2309573612681317e-19,1.569677091834128e-05,6.548552068730349e-11,4.383463217463413e-19,2.004333480289273e-06,0.0179578725561097,5.2412324463159376e-11,1.3795772252718185e-22,6.164050500511024e-29,1.4236330323381927e-34,1.651637015354334e-16,0.0876756037664202,0.0045306330744242,1.3223268926531851e-05,0.1950086800699867,2.3705576153359578e-15,1.083090191218722e-06,0.2619913439962679,0.0001791783944731,3.569750251968002e-07,4.029520424563139e-11,2.738176590041712e-13,1.7341149534740409e-15,1.0343245859658392e-18,3.028438063372573e-30,1.9759695379341777e-29,1.7772417130428084e-29,1.1226168054681862e-28,3.5138466491208577e-17,1.9228479535716278e-33,4.5816599141959145e-21,5.618428081944517e-17,1.967643278925376e-33,1.0507896287101264e-20,1.6027466304208597e-15,3.64141547340175e-20,4.896333252133956e-14,1.303924601897444e-11,2.253453310640627e-22,2.466724833633136e-20,2.74876782990588e-11,2.2630218803295067e-28,6.458116234926121e-23,1.2427535208717933e-13,1.908008621340886e-19,4.736535883846929e-24,2.395768584572357e-19,6.978708803868234e-26,3.91156583503172e-23,4.0264611247181943e-16,1.9395216935007605e-19,3.612711121207414e-18,7.133320648901495e-13,5.854492968137569e-12,2192.4248583043504,0.1986966332981652,0.3373322027510889,0.294006294407385,4.441014616364525e-05,0.0148108546943687,0.3538062380009937,3.0468242194460882e-18,8.911960841879806e-16,12.0,11.940298826130194,8.119424400304142,10.642522318972985,12.020707683508869,0.07693655945088113
8.548616921289495e-12,7.732326128282324e-05,4.483472937028188e-16,0.0019134678287155,8.951624524134153e-09,0.0003431651781515,2.2776920552301687e-11,2.0502862708165853e-08,9.562426540478423e-10,4.977663995215276e-25,7.268547094413674e-19,1.3422504925938629e-17,1.8977096229181387e-27,1.8706345682068802e-23,1.5074607788574425e-30,3.3086755350675482e-74,0.0002153172806776,4.7730943439926344e-20,3.891762355673411e-18,4.14325233146198e-15,0.0038726033842897,2.493652090425794e-13,2.1780791722768956e-19,0.2565205694202382,6.733253401344068e-08,0.0010756942616946,8.37387678558137e-06,1.5674657671611717e-11,1.2477202935111841e-45,1.1560415869396475e-78,2.014441795608672e-31,1.837853607425432e-52,6.721822926095761e-83,1.9872483593966625e-97,4.894253388864626e-05,4.8740545917148355e-18,1.5082661221807877e-08,1.804601672408665e-11,0.7226102017850309,3.50632525547516e-05,2.490332826464661e-27,2.0051867579299008e-22,0.0003582176759564,1.388887249960023e-130,3.7873982954384577e-10,0.012780828181254,8.067674102981728e-17,9.277919218565923e-33,2.461510189425217e-51,2.915799444962009e-51,6.1633197569912386e-74,1.191524931418783e-21,1.175617274867172e-43,1.1989707464679972e-11,1.5415689677495747e-10,3.9722371913317894e-24,8.550045887986541e-35,3.3711995985954436e-26,4.5929197385749585e-52,9.147825510180704e-94,2.8375587160497373e-19,2.9403831759765813e-30,1.6822083364378492e-55,2.859518346919329e-20,1.9711691892915868e-42,6.6717362540045516e-68,7.704719983550608e-13,0.0001400926468715,1.3064327736053481e-30,2.3986860185825735e-76,1.8566174396182913e-99,3.336218889678958e-122,1.4430293413541838e-25,5.081022658956688e-19,8.386824186701815e-28,4.316188327097077e-32,2.919895997165622e-34,1.2958692678126824e-59,4.0193251931234896e-56,7.04494374591832e-10,6.554540847183616e-21,1.820466822204644e-31,4.542235620107413e-43,4.89607057170163e-53,3.895388965231162e-63,3.96236833241002e-74,1.9310188854768754e-13,1.1301695888753317e-21,4.555123900833589e-20,1.9240892921541883e-28,5.9119007381399775e-21,1.8274324893666727e-21,1.4504343201469666e-15,2.872984153243014e-38,2.1261266632148065e-14,1.9606860557941295e-21,1.957861871788364e-24,7.740570297086461e-37,1.4166311703894943e-38,3.817472846190196e-27,3.3288028334379402e-31,4.943287349282844e-38,6.164683347141299e-41,2.4350323609575513e-27,5.1748728779325154e-30,2.9541132218407667e-25,2.4772352297514412e-57,4.8593588142557084e-26,1.0648573798219373e-29,4.0882855309640576e-44,9.467450875134243e-33,1.3945197155069737e-33,3.8931940177470244e-44,6.147109145308415e-52,8.378226818672819e-12,5.50990088402408e-20,1818.912481635837,4.5293673004564565e-09,4.377398286221477e-05,0.0014034259988986,0.9052724486720668,0.0001973606052959,0.093082990740876,6.653325638715793e-10,2.4617304863248452e-08,12.0,13.505973454154889,16.315563239574256,12.654044404893543,15.327654265096324,0.07604924096388918
4.863301548597097e-25,4.419033837553442e-11,8.065374324317015e-23,1.3249108589057307e-16,7.454208333295105e-14,6.031205218488573e-12,8.021743229494339e-18,5.7050037923487385e-06,2.104539718783714e-07,3.9043996779283764e-16,2.6082765767367324e-18,3.4006486986788716e-17,4.014338248163999e-20,3.876190625151077e-16,2.381917714504526e-16,7.545169006683857e-48,5.876130010043925e-09,4.186765085979402e-18,7.020212871202442e-15,1.1566084740864096e-11,8.428009846489151e-09,6.962381700892031e-14,1.5792009353517633e-18,1.248666790991945e-08,7.253208441505963e-10,1.2559472078715763e-16,1.2987418987607699e-11,2.0186663359111287e-10,1.0602176426844527e-31,9.283324548161244e-52,5.1130629392648176e-17,7.603607463178557e-32,2.498888501566418e-49,1.0917271868570944e-57,2.1469979961140427e-09,9.470867430939998e-16,0.0002213907542238,2.0860769247625324e-17,2.635714437705445e-13,1.1354723191933466e-10,1.3432988658045068e-16,3.1036125622508204e-21,1.8087252897686943e-16,2.797801370278444e-77,1.6100492196646956e-05,1.678487628246136e-14,3.3275513068150656e-15,1.1905328982799298e-24,6.81081067310047e-37,8.127613906315384e-37,2.274063646614089e-53,1.5726840375870079e-21,1.959195772470524e-37,1.1288117277545366e-12,6.679729554107732e-10,1.0115380308801574e-15,2.442568033910683e-18,4.341080367266727e-19,4.0945798505262566e-39,1.173573912209765e-62,1.6081421203061734e-13,6.007319397306646e-15,7.066100107145967e-26,1.2345061287163645e-18,1.1580614591149608e-34,3.5048796575749915e-54,1.6551462043736297e-12,0.9997565625684168,7.064020778516444e-21,1.473656759643877e-54,1.5909300144814254e-71,2.966929328318251e-88,2.3036242572719956e-14,2.9463518843301515e-20,7.276736114442098e-24,2.3424184781196996e-32,6.177210094554974e-29,4.2127341251629344e-54,1.3421519164972178e-44,2.697620373129527e-12,2.773221089199184e-18,8.600196211091071e-24,2.8236715766177842e-30,3.559928653299018e-35,3.054326151623568e-40,3.7253438094453385e-46,1.1744389371740683e-27,1.8062272667923611e-35,1.8076888782139485e-27,1.786577934953001e-35,6.252145175640389e-21,1.4279731542228023e-27,2.479944591480951e-20,3.5263615967093383e-38,1.7133214094138994e-27,3.956597079561395e-29,2.1163170322551646e-31,4.228048484132718e-38,5.383044292441967e-39,1.2559423117963508e-28,2.4534108650491248e-32,1.1098479594193583e-38,6.441214617234095e-28,4.949282191594684e-34,5.900563430104658e-36,2.4578016938785127e-24,5.153079362767372e-50,5.6351788145637044e-24,5.699047924979066e-27,1.009907130233952e-35,5.989063590080776e-41,6.255827828730474e-41,1.360423890271699e-45,5.533639058390159e-53,1.8539696426528882e-20,3.0744527458127574e-28,1714.142035396043,9674.61872437433,2.958203259186033e-06,4.213347767545295e-09,0.0002565017769611,0.999740528831668,6.974763816292158e-09,2.9354688441550824e-22,1.1668488655516451e-20,12.0,9.153599295835546,13.938062366896894,17.528859287268705,9.37250149463726,0.07509305459906296
6.523319495740106e-31,9.497665657723274e-11,4.139711887013865e-29,2.619794831202546e-35,8.032842230198701e-29,4.19952868610289e-14,6.679407490987064e-31,3.032183225787745e-09,1.3283504098998748e-12,1.044798098696222e-15,3.368621891044969e-17,7.922859972172181e-22,3.8719145457301216e-12,3.1384136906057824e-11,0.0180330636493523,2.219072875387327e-40,1.2387012185683845e-23,6.512884443614052e-28,4.80919927401013e-40,3.3933267243225676e-33,0.0004205711749227,1.6873445757216792e-07,1.1390057165195433e-08,7.136709459388388e-12,5.991303797298806e-07,1.882484560808589e-40,6.81954130368351e-22,5.824678007241166e-11,3.590801458584608e-26,2.3778178063635934e-37,1.5561782070281782e-08,4.5187958008596466e-24,7.93869680018011e-33,9.971252466909636e-49,2.028036831499535e-29,2.2513691617229423e-28,1.2678986236369625e-21,3.9438416982285466e-27,2.546136810056384e-37,1.7143485962861592e-24,3.4557812904282635e-37,9.869455731333785e-24,6.55254733970009e-47,9.721252327097764e-67,1.3102162851929467e-32,2.1569622540136574e-46,8.220922982632203e-25,9.361017972896852e-30,2.076434240229735e-40,2.848196473354795e-40,3.080294896263913e-59,2.9844495936685996e-19,4.93261230169006e-38,8.122166755215729e-09,0.9696316227200849,3.886192824263677e-18,6.513330899678341e-27,7.09669759080348e-06,1.210493784138126e-33,3.631625389692318e-45,0.0118809112442501,5.8163992402234666e-08,1.1388653370099248e-27,5.6947975552656935e-25,2.9603650746398324e-43,2.3135371213720088e-68,3.139722781115767e-20,2.5855766396245097e-05,1.91716543294053e-32,1.3353199035802608e-74,1.8219545802684405e-93,1.236364460022955e-114,2.849000587344227e-38,1.8307658917183293e-17,3.1420717123085417e-18,1.926904575016812e-34,2.6252908853786315e-20,3.81069372700807e-65,6.058280083927761e-37,1.4415355309786052e-08,3.662186798877612e-14,3.9706030659334616e-19,9.894445401207652e-24,1.051267250059928e-27,1.7520844213090502e-32,2.806427489760179e-37,5.048831338529992e-71,1.7273812284231233e-61,3.3286829834738396e-63,5.449334130022643e-55,1.6921017918951552e-34,4.4869181991227144e-76,3.7176354936914243e-34,3.007922610474536e-38,1.1005889275405345e-49,6.1833775056106036e-61,5.040110761236824e-40,1.220517349756008e-66,3.1430588080453706e-42,7.74938519322749e-29,3.163126040295917e-61,5.3107096373500566e-49,7.81464282398077e-29,3.639050117842258e-84,1.5828427713610826e-62,6.601109680199391e-49,2.1146461117321053e-62,4.748039387379502e-67,4.3778320341689877e-48,2.7788750493246307e-77,2.0586618346605833e-79,6.599109535391409e-54,6.607280045263785e-75,4.421064036193335e-65,2.443118527633979e-44,4.1763088125822945e-35,820.8989543073541,0.0049001980460947,0.9850833999804144,0.0002071102290248,0.0089328107297379,2.5061851450531265e-05,0.0057516172093725,1.6190393057437486e-16,4.1632439290553535e-15,12.0,8.322728548246154,9.95751513149581,7.405540150788371,9.766316973822594,0.0748113705039242
4.067806971858252e-14,3.7603855399652446e-08,0.0001746707540146,1.1139993674136409e-21,5.087995250811075e-11,5.547677338273015e-13,5.596124682387809e-24,1.8127195695216972e-17,1.7271798528867824e-18,2.6546864250756974e-14,2.108922195610505e-13,4.794864849554466e-25,1.4943655379651632e-16,6.634297831781117e-26,6.61389938586597e-28,9.58276054763596e-30,3.7429586170931674e-18,3.3927575763450744e-14,4.79309760333654e-25,1.35281133018232e-22,8.498577140332039e-05,1.4405189553631624e-14,0.1758917313461895,2.1150245512918577e-21,2.762150277261615e-28,1.4600162865288904e-32,2.5792359096067023e-30,4.6229208801125194e-31,2.293076821789294e-25,4.637012014179743e-19,2.4410578881675468e-39,7.276535206842121e-40,6.430005422494358e-31,1.505431870506677e-51,2.3442337126915506e-29,3.498527516456031e-23,3.613188496143695e-28,3.2424711718010125e-22,3.4254616910238327e-41,1.216903617026213e-40,1.84483180861018e-37,2.1961134676154567e-25,7.601302807046461e-55,4.898309266320358e-67,4.855289215144653e-51,1.7168245436513128e-64,2.0795951640394305e-13,1.0678854643412928e-09,3.9286573556153766e-08,4.5478902006599454e-08,5.915182617246981e-10,6.318181732880281e-05,4.3967693482881625e-06,6.925525820022923e-15,9.220411286671796e-09,2.3837860982254226e-15,7.253004722043051e-20,0.0001027251831677,6.231306428566701e-09,4.2045120301164377e-11,4.1415394540193236e-17,1.8647945204265271e-16,1.4617314687423506e-28,0.001509837823026,5.826422662603747e-05,4.04643098535556e-09,1.3274268278624537e-15,0.0022055174250971,6.977753569523826e-08,1.791582243209462e-11,7.385815056334703e-14,1.6954182843608386e-15,4.453064079982259e-16,3.0496090977171076e-08,8.11092984495438e-17,0.8193970104030293,0.0004819111063713,1.6925977647539828e-06,2.3830854416967364e-05,5.818170782679134e-19,2.2248017868586608e-29,2.4732153510360715e-39,1.4898637657318916e-50,5.579685304888171e-60,1.9930308230350064e-69,6.503961409962129e-80,3.86788305119448e-34,2.845639935996375e-32,1.78522265634116e-35,1.3040543394230633e-33,1.4751060282421489e-19,3.3668494787852506e-36,5.123156643118922e-23,2.550483748626657e-12,4.38041434834888e-37,5.311349238005422e-26,7.546861702463503e-20,1.412949799321291e-21,1.6493440733906087e-14,2.595990379485383e-23,1.0476790634962669e-29,1.242493300373494e-26,4.422852876968023e-17,2.3819840736142205e-30,6.254595922021328e-24,4.858233881232329e-12,8.561139052384516e-13,4.585773696417743e-25,2.247352917995353e-19,5.552856400161002e-23,2.0801910920997868e-22,1.8506151871404083e-14,6.5468200788638795e-15,1.382549465345409e-12,1.5501303132596612e-23,1.4497020599471753e-21,2236.4769388772197,310.60935019938285,0.0001255327311254,0.9160278711428876,0.0808666638580427,0.0027475362930879,0.0002323959748563,5.9646426818081335e-21,5.895055183853706e-19,12.0,15.8631517101897,14.809012549166694,13.340186460308006,12.267471624157656,0.07479368587153797
1.9376935366028475e-10,7.454055092246156e-09,6.936237600985033e-16,0.0020347533771004,2.6085122139718222e-05,8.786832397041203e-10,2.5375039327775013e-13,8.02640108167316e-10,1.1544283940320738e-10,2.1557416993847927e-25,1.7775516989525322e-22,2.887520085280638e-22,2.4433742138234426e-33,4.300783409747164e-31,5.281344165292833e-41,5.015155615007355e-79,0.0226421523596722,3.032760420528408e-17,2.3153780465733614e-10,3.0408172133079535e-08,3.90274754268881e-07,1.9285415188006614e-20,1.12969727512925e-22,5.29446366399452e-08,7.664616806436735e-19,0.0010212951035971,8.297643412164022e-10,1.5811257782046362e-18,3.3032619301668273e-50,1.7116252011082479e-81,8.399642754117857e-42,1.2428901894952392e-60,2.6173717174835845e-89,5.4490220074298205e-105,0.0060810918719139,7.244297547295244e-16,0.0004245801190816,4.61956377398624e-13,0.0301398731208362,9.036474995463956e-10,2.339647484816027e-21,3.6416646486602647e-25,3.9105720098411434e-05,3.730927452822026e-137,8.606986315552572e-06,0.000161803905489,2.7356513505590116e-15,2.1652099771359908e-30,2.3982459055486448e-47,2.7380336751864836e-47,2.541664195095105e-67,3.19216083083193e-24,1.7072266582416442e-43,2.4517579981251073e-19,2.1910226897599282e-17,5.5013388618154845e-25,5.277743022147237e-31,4.0392824353946727e-32,5.511626730464594e-54,2.0181564134587516e-97,2.7077866407740097e-29,4.8186827466478815e-34,1.8457063123983942e-54,4.756578446022581e-17,1.2296473848482816e-36,1.2325824023483922e-58,5.5199735351344193e-14,0.9374201668306632,5.717292247323971e-23,1.571869337302316e-62,4.318488400584759e-83,1.065626194311555e-102,1.0482429184475797e-13,6.662631553259797e-24,3.805222498310017e-36,5.249258353774588e-31,1.226403226354685e-38,3.1158941340012456e-54,3.167297341771448e-58,1.017978480352022e-19,1.4562570731488565e-33,5.977969724113734e-47,9.875133307949816e-62,1.2587561622731818e-74,1.7923253430964398e-87,1.8919711596670414e-101,3.19107831682332e-10,1.1543032831497264e-16,2.3230491568694533e-19,9.697763470462096e-26,6.66365092749886e-24,6.733789910871351e-14,1.1569103640105076e-10,6.158273775579064e-36,9.722325526255304e-12,2.39324275030458e-20,4.705608347651753e-23,1.2317979078010642e-34,1.2444768494727897e-36,9.275051920694523e-31,2.110798983549859e-31,9.4217495049225e-37,6.81619947674209e-47,5.3406275433557156e-18,1.7877571232550364e-20,1.7142480723001515e-20,1.8747065462994824e-47,1.7689555800398559e-15,1.5524442301523265e-18,6.574942519241525e-32,1.8911352966978272e-27,1.4162230290099824e-28,3.2692800775955014e-39,3.516941002503324e-45,5.857161005812749e-15,2.8799492164592096e-21,2580.0282941427363,0.0004936936612111,4.964476534563587e-09,1.917191414073617e-07,0.0644332366257687,0.9355665402501202,2.6440493142354497e-08,1.010132286396604e-14,5.029015740131667e-13,12.0,13.5867920131147,19.11323648520833,20.275201218967887,12.726396088656944,0.07404556444640485
1.1483413291456088e-15,2.3232683049801364e-08,0.0016304185933221,3.209177501226261e-29,1.230760994815332e-12,1.2755018740779901e-09,2.7090979237759735e-36,1.241897508088099e-26,1.4083852642854264e-28,7.9028913034787905e-25,5.126651406520288e-22,9.056835559705923e-41,2.3377024279398146e-29,1.5727981093556798e-44,1.0414424401204968e-49,5.6116941208566255e-61,2.7432510265963413e-25,3.5930837755176603e-22,8.311314186349765e-39,1.2421739090847263e-34,0.0003378743328771,6.04688581833463e-16,0.1396838747479919,3.2030566284641376e-24,6.229153333457221e-31,3.077154815854633e-48,5.582484726162365e-47,1.4535473437946298e-50,2.6689496732399883e-48,4.919238272011099e-44,1.834672889497748e-69,1.660105816544805e-73,9.178579422257272e-67,8.617919165473579e-103,8.304161348117276e-45,3.2799507409073647e-38,7.447815423451113e-44,2.6856694895821303e-34,1.4030325566369124e-62,1.3288481437751002e-64,1.2148725123391668e-63,7.1045422900946356e-43,3.934020582770496e-85,2.477367669008524e-135,6.499790808727059e-83,3.3632632740760207e-101,6.61088556218094e-20,3.606789638665948e-17,5.1102705096391656e-18,6.3264039498560435e-18,3.780837854405322e-24,2.739387963878764e-07,5.65102170291272e-13,4.268671375647557e-16,3.560506387084484e-12,7.374261738729529e-26,6.446040079817924e-35,2.754523083270256e-09,2.1354777737446335e-20,6.640826505788772e-26,1.9800484965631332e-22,6.0930945309768535e-30,2.214763513837759e-55,0.0003972276804629,8.982641319544841e-10,8.185938228550154e-20,1.8876280419087656e-16,0.1563198143554282,1.4372081687999485e-12,1.5116820930189082e-26,4.644389030308953e-33,5.373533324607048e-40,4.023035464889936e-25,1.26454352789531e-05,1.4197372139146469e-15,0.6112040308080676,0.0904127944587222,4.3260782041301786e-14,1.0144070322358164e-06,1.7006122333374244e-15,1.756056261100079e-28,5.847666418280509e-41,4.6836962724447015e-54,8.008794040157844e-66,6.2609746130375395e-78,1.168469516985752e-90,8.018189039687449e-48,4.884929098739073e-49,5.943348820921676e-53,1.2311175179757844e-54,1.5346639569486956e-29,6.798047430517725e-54,1.930275017482998e-35,7.192530048383529e-23,1.1388086359615121e-57,6.034467987113287e-36,4.558135263622042e-30,4.767105149918339e-33,3.1657027404398954e-25,4.051372943545326e-32,9.905535632657478e-46,3.729207136417045e-45,3.23142567912106e-30,3.712563501747406e-43,7.8836656718521e-37,1.1483418147201833e-15,3.8310789023657062e-25,5.2191632806849197e-36,3.520219494600272e-31,2.1881241422659055e-36,3.4393699779344093e-31,2.0769612800906085e-22,2.0928732999995673e-22,3.0711079619512724e-23,6.722214386043514e-25,3.5867005838285476e-26,1329.529240654734,2.0301463851648244e-08,1.3583525660880726e-07,0.7561149202467269,0.0628427814011503,0.1404641662399392,0.040577996276927,1.175431181947636e-10,2.956661511514438e-09,12.0,18.7455753004582,17.665242891001903,18.014553038146108,17.4752780904375,0.0738402218117076
9.15916722428781e-13,1.3578948830558837e-05,7.751305968895107e-13,2.0373522312138747e-05,3.5359570685028894e-09,0.0001262251002175,4.1531089952519503e-10,4.553702509750568e-06,3.754037337181472e-07,4.71759702709957e-16,2.464569839752647e-12,1.79488227989866e-13,7.740684106380473e-18,1.3513805530876972e-16,7.003565902887405e-21,1.7727314720985317e-49,0.0001509157351361,1.0455697467114333e-13,1.4000995673660532e-14,5.1705963798448576e-12,0.492945080917645,1.8738955125961914e-07,7.960581257810116e-11,0.2517810296100099,0.0001034521302684,0.0001025420499876,0.0001329218302558,1.3041765549376326e-07,2.926769737213643e-28,3.2754598375295764e-48,9.561428299753832e-21,1.4271279018877611e-34,6.928690078540201e-52,1.2085240400289805e-64,0.000349901848416,4.9146461268649514e-11,1.0683326457351704e-05,3.490287678505685e-07,0.1361331326976946,0.0028254057076964,1.2648928995227223e-16,1.210643188264101e-11,0.0010089955616836,3.8866825149642664e-83,2.1115804056672735e-05,0.1137204255141398,5.787299915472106e-14,2.2345527479464097e-23,4.901048786317145e-35,5.700541005856131e-35,3.266261990095049e-50,1.4344255277099004e-15,4.2812083824787826e-30,6.622434837098401e-09,1.7390759764622285e-08,3.038829482515444e-18,9.286545917760838e-26,1.4197664640122502e-17,2.5381823941092093e-35,2.3695847861119503e-60,1.7830787050343297e-13,1.2766075743975205e-21,2.1530968288405185e-39,1.0868864866575644e-14,1.8861171510156362e-29,4.514251999906243e-47,3.2222100849996576e-10,0.0005481798168476,5.398664553317439e-22,2.0678297009317876e-52,3.858296843202522e-68,3.370454588522369e-83,4.078382940691866e-20,5.420325771280178e-13,3.583327031988856e-18,2.6883771427056646e-22,7.105525079986114e-22,1.4997990349918304e-41,1.726804806095465e-36,4.154939578056036e-07,3.259693239393704e-14,7.470383892679718e-21,1.0286856107062363e-28,8.17325389499154e-35,5.871739781237661e-41,4.1341505656266687e-48,3.977631068590409e-15,8.232008762510486e-20,8.719007743016993e-19,1.6880665713327994e-23,2.0482434108742327e-15,3.802996557859124e-20,6.088879348257417e-13,1.5139054281029187e-25,9.614248527016496e-13,6.1251666581293155e-21,3.8131887703739016e-21,1.1290644987183741e-29,6.800731642264213e-29,5.1407940709007315e-21,3.9906321734304505e-27,1.4605240984200963e-30,2.0172322159397477e-29,4.203897300353406e-26,4.97716097331083e-26,3.2041652403200207e-20,5.719394808124331e-41,2.2445041852476225e-23,4.3988566995780944e-24,1.6083971015191026e-34,2.94067968227744e-28,1.3641659884895212e-26,9.971361478567576e-34,5.849000854314115e-38,2.480266377803242e-12,6.366971440452166e-17,2136.8285480417417,0.0014350156671564,0.0011977283729003,0.1983157109476829,0.6983837982046542,0.0006701907711114,0.1014325717036511,2.8782225834697258e-15,1.1882947523182154e-13,12.0,14.2189987835552,14.765735817975548,11.747840105423434,13.927819099003615,0.07330706228110533
1.1743819242223683e-14,0.0016237092752754,5.7476764713377916e-11,5.730939929228489e-21,3.9481993391077264e-13,1.3241232152136716e-05,2.139526175418105e-20,1.1377262737781144e-14,5.363880506286829e-16,5.152777356604028e-19,1.200477307531639e-15,3.891643567637697e-18,9.763743717423984e-16,1.6642288077516936e-15,4.1286008384518225e-14,3.4112854306041305e-33,3.9334905607530194e-19,1.6169127500246237e-22,4.708387896237145e-30,4.912974974731236e-27,1.9362361705034628e-08,7.251650992160411e-13,2.0160597808979093e-12,4.131543786889521e-13,6.15116127597499e-14,1.3759040685213007e-31,3.2141000349306094e-25,1.8448788525102345e-22,5.154454834639242e-32,1.6488442623141387e-40,2.361605647476707e-25,4.1222445682138576e-34,5.217157034507625e-40,8.846463565902499e-50,3.827103256120126e-30,6.963358086857666e-31,7.248595551752828e-31,4.064213384723378e-27,3.8365737334988607e-39,5.689987481077795e-35,9.649104647322364e-48,3.430544019128549e-36,8.1978501397399965e-53,3.838387239079287e-79,3.3173997402811973e-53,1.2245284018917214e-61,1.1173300501590437e-12,2.386186907558716e-16,1.1957135761737644e-22,1.415907603176268e-22,5.781251399010886e-33,4.710361313079237e-08,8.996599487039525e-18,0.0001447452239596,0.9967274253130032,1.7100399104177962e-11,2.3789839510577356e-19,0.0004056220163551,1.0998043805534568e-17,4.364182398690106e-29,0.0010660851089173,3.887674357925205e-09,4.7257834783193274e-23,2.2876169979741198e-12,3.0421134458665973e-22,2.025227649676529e-35,1.9137690352248575e-11,3.636363213614541e-06,6.720938307263267e-20,4.69692568991162e-41,7.00596938246515e-52,2.4591172895782003e-62,2.607567654865695e-24,3.6308990517238864e-08,3.46099361670742e-11,1.0289727465631534e-14,3.8465282120029886e-11,6.1892744718321195e-30,1.0145273820023191e-20,1.5428546518805335e-05,8.406325028162122e-11,1.3666702992038772e-15,1.980971124851054e-21,1.247225736215349e-25,5.81798011666375e-30,3.4527348255318136e-35,3.2537546442886103e-35,7.199762945105501e-35,2.3797123458890164e-33,3.820294986620765e-33,5.195550938551043e-22,1.9776825198290054e-40,5.382551359508909e-26,5.7373721793163336e-27,5.499806337422931e-38,2.415601035546553e-24,8.825296857488765e-19,1.7822719996995956e-27,1.1791119143435884e-20,9.61611949962594e-16,1.3060147162074186e-25,7.282744216010615e-24,1.2732996850315883e-14,6.409223411035206e-36,4.9728602007554616e-30,1.282314795478809e-21,7.973173490888321e-33,7.669672467191877e-32,6.1914969710318585e-27,1.2194279818371755e-37,7.122158662740325e-32,3.7889837545014825e-24,5.29674982288652e-31,3.1648325830071534e-30,1.7888281673787724e-17,4.456141228762313e-17,1824.0462249127336,0.0722462472065307,0.9991659479246964,0.0002028716897224,9.684181067907441e-09,3.638334399607234e-06,0.0006275323670004,6.971621900803432e-18,1.6139304700359944e-15,12.0,8.307583821820614,3.9864252763288377,6.561264987957573,8.797998506220566,0.07316973345572057
2.5966352648641576e-16,1.5798731363784317e-08,7.8313054945944255e-19,6.646597123270727e-07,8.928608706596749e-12,7.516577609412419e-06,5.91662138686589e-16,2.663679630418004e-09,4.8324446063432935e-11,4.0437389374982407e-25,2.061576220443743e-20,1.0474723683415337e-22,7.328144106270493e-30,7.395255236006268e-29,2.283887625194155e-36,2.0773433979309334e-81,2.2643681812096764e-05,5.3719244422720453e-20,9.540920951188424e-20,5.913216431320773e-16,0.136000355186469,3.222854979810457e-11,9.468993026057766e-17,0.3008303653050168,2.604093373641758e-06,2.7271796059339753e-06,7.592424647088064e-08,7.713327530199676e-14,1.1459979898070328e-46,8.412233754485477e-78,1.860365339015891e-36,1.1845663835569488e-57,2.8208461765532255e-86,4.798921833135271e-107,3.1526106006506195e-05,1.2057706705737018e-16,1.5399278463824384e-06,4.533041850868304e-11,0.15775584015068,5.271433532541847e-06,4.1862416719297284e-24,1.5077650424218437e-18,0.0002676686547293,5.120887378979027e-136,2.2834457378345077e-06,0.4041093952969893,5.3749599086143455e-21,5.746286259094674e-36,3.2763236656483175e-54,3.99727922316397e-54,2.5504551944300406e-77,6.73892708337857e-25,1.647909971299334e-47,2.406726492882625e-14,1.1626975072397554e-14,4.305028034652721e-29,1.8159401790334683e-39,1.9516186662959956e-29,5.913291710401396e-57,6.8540275818596894e-96,8.395741810855064e-23,1.4979638388984267e-35,2.0958665990386896e-63,2.053232429390441e-21,4.739018349504835e-44,1.0040439417204152e-70,4.604477094950422e-14,0.0009594890391068,2.8682606375364767e-31,8.304227772157909e-79,2.42006118577556e-102,4.900122791990633e-126,2.9705859279997053e-27,1.30525584810087e-19,1.4519149240577712e-27,6.160585604731858e-34,1.325948616635561e-33,2.2881948030005096e-63,1.1178211646182635e-55,4.702890175967622e-10,8.760413301829741e-21,5.110397302473747e-31,5.174929853805437e-42,1.4124025751207525e-51,2.0617816563259967e-61,5.857332792174929e-72,2.282604788846767e-20,1.787358091683233e-28,1.0910976834997116e-27,3.775442807782167e-36,7.476356488922306e-24,7.224194871797282e-28,3.8396838812383595e-18,1.619504074067121e-39,2.0042553233190645e-18,3.4888212815065496e-30,8.165692158394255e-32,7.236578498175081e-45,8.859547152272316e-45,1.8098083069728013e-32,1.1698112325204034e-41,4.210685159079981e-48,1.0036008928929252e-47,4.790511481449145e-36,2.8738071162416327e-37,1.6994006654199612e-28,1.5163976427141749e-61,1.2813350701861886e-31,3.6107573102558513e-34,2.2092382152933218e-49,1.4164063908783662e-40,1.5118974025721252e-39,5.410695582103301e-50,1.0578507933042656e-57,2.6548462471771725e-16,1.9776698182166518e-24,1459.968190434742,5.381857040027539e-09,1.5920669102875097e-06,0.0403515758835173,0.86979223070651,0.0005876929203144,0.0892669084227479,6.367125863775616e-10,1.3633140084790142e-08,12.0,16.403899184237964,17.737454208060438,14.567189142972316,16.748729178117507,0.07271866888638161
5.074325981618882e-29,1.9828823703905e-11,1.792856107331715e-26,4.321542933327188e-21,3.404791488540237e-19,1.2758526362615067e-11,2.589200230024459e-20,0.0018309953258846,1.0901170807824217e-05,5.103189106412138e-13,7.174137340001276e-16,1.5780413896608852e-16,3.523181874247464e-15,7.199314230182694e-12,1.037217495767284e-08,1.0436075475119846e-44,8.296385552177576e-11,6.993016014341824e-19,4.367357412495487e-20,2.191576896844464e-15,0.0001452031372951,1.3179036524897998e-07,4.2662353652703403e-13,2.207522169032898e-05,0.0097127412088161,7.388290359226964e-20,1.342184494033184e-09,9.77030026142072e-05,2.1673518478794267e-25,1.2542165317327848e-43,2.9564903522976994e-08,2.673405431500041e-24,4.290259995641098e-40,3.0254110508635616e-51,4.1087775447734134e-10,2.4490774244121982e-14,0.0054330321513799,9.112042503503634e-16,3.150321544494806e-13,9.549019188331026e-07,3.59197198665424e-14,3.365213239683256e-14,1.0027535444000805e-15,2.2685942608949816e-65,0.1700998004241025,5.190392329817435e-11,1.1899241590512897e-18,3.72137272863712e-27,1.1345239828948938e-39,1.432940894794172e-39,4.834285354168391e-58,5.730960304471993e-22,5.745487615258889e-40,3.4545610036951793e-10,6.3117379147482e-07,1.5930417834155298e-16,1.0320075579987091e-20,2.419293378426365e-15,1.7838214935104688e-39,1.4286373356034325e-58,1.8086415400950567e-08,3.2993347430468488e-12,3.972027582811046e-26,2.5114046434956568e-21,3.3913260791229973e-39,6.0196546418485e-62,1.7131502903850437e-13,0.812645734797211,9.162367646323974e-25,9.097810375866032e-64,1.8675139683553996e-82,6.1827690104373775e-102,1.89202618800023e-21,8.434598672553287e-19,7.093753478033457e-20,3.4947773420147016e-35,5.384013239800138e-26,1.567348382320908e-61,5.518666652412576e-43,3.539142170632296e-08,1.2064067256014805e-12,1.3880443212085355e-16,6.0044140411698e-21,4.030627036683271e-24,9.993974266968567e-28,7.808882172028567e-32,6.274336481817406e-41,2.5742197770621233e-44,6.463074853150801e-38,6.213777690381873e-42,3.5055725883099384e-23,5.568670405716425e-42,3.505673690288375e-23,3.598360193064929e-38,2.1377800526397006e-31,2.458342401616717e-41,8.797447220410627e-37,7.397942794332204e-50,4.737057000239835e-43,3.81249943254312e-29,1.1572699760748218e-43,4.40753815919216e-45,6.04134287053523e-29,1.7813172979633195e-52,2.0343477821877072e-47,3.622916074231757e-33,1.8341787866065687e-57,1.5501321753809e-38,3.288151794259421e-35,1.3604685318204528e-50,1.7841763920893499e-56,1.1025781677097663e-48,2.951333485232677e-58,2.7837091608452765e-61,1.045306699033078e-27,3.355129237755049e-31,1184.3877163882803,34.7299680267389,0.0007545802770877,5.376679050768866e-05,0.2601515577832621,0.7318454003837486,0.0071946947653938,6.120912645758227e-20,1.4596022462961925e-18,12.0,10.85280866337988,14.53752098118724,14.986713898053912,12.979306924138488,0.07260605344198179
1.274415284716837e-23,1.4954873080947029e-13,4.885047745482432e-10,1.5386713651612733e-44,1.8842828240331492e-19,1.837758415132517e-21,6.317255734641098e-48,8.333929347995528e-31,2.76415075116389e-33,2.3964867629716546e-25,4.361740256777577e-27,6.211245826603565e-48,2.147516112268684e-30,6.381851779349634e-47,1.743487279565882e-47,2.8219394228549724e-55,9.525958027752992e-35,1.1819269388375879e-27,1.971938749228135e-46,2.9830441288689975e-41,2.1122995803597359e-10,1.6196942828939817e-25,0.000998815384856,4.3409285329807925e-39,6.277023566266177e-48,1.0547929171771395e-67,1.4566876483920302e-60,2.5393503778771473e-59,4.011611761582559e-50,3.873173307402906e-38,1.8374506446125993e-71,4.499048994342227e-73,1.15270846880232e-58,3.790307969656655e-95,1.7687215230110243e-58,3.346661930296123e-47,5.176776576733331e-52,3.164539775382096e-47,8.051245149805807e-85,6.63430923922172e-82,7.911369113834396e-73,6.693843218902775e-54,6.950188299407694e-112,1.8772247432709347e-127,2.950179903344909e-99,4.4078007140465914e-131,4.159907556731635e-23,1.7123533267283915e-16,2.8389580232842996e-14,3.651843496350542e-14,1.987654447364523e-18,2.611789097578925e-09,3.6666634522537553e-13,3.834330844958025e-24,8.618880582810098e-13,6.140897084870581e-25,5.831251291683721e-31,3.788833539117027e-06,8.931533100715741e-17,1.5680093666484376e-17,2.096841799248171e-26,2.747177187903614e-24,2.719809654802028e-45,6.401757031149087e-06,1.461085498198462e-09,1.5960924600578777e-18,4.3207333044898665e-25,0.9978239550410488,4.537412304588168e-11,3.8620621321349624e-22,1.4978448992984252e-26,4.3149446479974127e-32,6.2569560827301345e-25,1.8307875775240052e-13,1.8432408044247424e-26,0.0011439249426054,2.305021757935669e-05,1.1327663054420687e-16,5.900372585467377e-08,1.5380574816325997e-29,2.986646437635702e-46,2.050111528738102e-62,7.936021219273464e-79,3.569334412487261e-94,4.891059823881846e-110,2.7137074246495343e-126,4.614629323968839e-71,2.689478123596378e-65,5.986322046055892e-72,5.7775351466478334e-67,9.1380169739577e-40,8.173058764214964e-74,1.4097430473856165e-43,1.1167049665112302e-26,1.355641605595631e-75,3.956121140262184e-51,1.1829288558058432e-36,1.0747704435899513e-44,1.0951699171342384e-27,3.3146634492881158e-40,5.607459962117884e-58,4.395862514723878e-50,5.949636974128637e-30,8.387720625516923e-61,8.980779364162515e-46,1.3432975258318018e-23,6.753778153630527e-25,5.9101277391462e-47,7.222646772223969e-34,2.757403597928406e-44,1.0261212274402464e-47,1.0666288711047848e-29,9.151556694656966e-34,1.1783628453988978e-27,7.594332650296489e-44,3.127729385096768e-38,1077.5405742483554,0.0093537469819151,3.7880101198257906e-06,0.0021696571921211,0.000499183885025,0.9973158234064988,1.1547506235089672e-05,1.1133439071569152e-16,4.13527736943997e-15,12.0,14.75797998976343,14.119849426158616,17.420421579039967,12.484077074848004,0.07256495538958016
7.622784527580153e-32,5.6100761637729694e-14,2.3387642680496847e-22,7.540467186861611e-47,1.3695824634391307e-30,2.0621447404420212e-11,8.996079322692627e-44,3.5890568472297013e-23,2.057359701256771e-26,2.8504976358173194e-21,2.41936285111904e-22,3.3651942188945616e-36,1.0909081314888824e-18,3.601337197371655e-27,6.065545869009895e-20,2.6956174974548893e-40,7.075817372361505e-36,7.232873280386483e-32,4.109553951467261e-52,1.7372112424048625e-45,1.783370665951012e-08,3.3597742948072874e-07,9.027520919973392e-05,1.422004036147066e-19,2.9965380017399027e-10,3.8527746832658833e-62,2.1509409202065685e-45,4.798125887388251e-36,1.8581221236915518e-34,5.307987300789347e-29,3.837467791679958e-36,4.738666959173705e-43,3.5535009338933846e-35,3.553945347083322e-61,8.392220007477481e-52,1.2807828928766006e-42,1.2309386125095377e-44,4.3192106998246125e-41,1.8810721756401375e-69,3.0669495722683232e-58,7.0995281425585585e-62,5.231522006182417e-40,4.0409838345775755e-89,4.853119239028826e-83,5.988076910857345e-76,5.617880233928083e-99,6.822962655471102e-28,1.6032572523813131e-24,1.0950681017882511e-26,1.4891741828335136e-26,8.67899296379002e-37,5.2444247814246033e-14,5.020230244400755e-24,1.76997880002177e-07,1.718174046496646e-05,1.214212133935335e-22,1.6658828842446195e-31,0.0278264446710265,5.399366848480775e-21,2.6601658635969472e-11,0.0099777830388328,5.0025082722699284e-14,1.1757674860259155e-34,1.1289609225509177e-18,3.1112719404465327e-28,2.036233111548014e-44,1.1690459015645905e-17,3.600297790532327e-08,2.724408024132718e-26,9.243595251763584e-51,6.289240833657972e-61,3.051047072263709e-73,2.035021842255635e-40,1.7465852823146868e-06,0.0120508750940915,2.3496290724436683e-19,0.4277232422266959,6.274214299039477e-41,4.350721975789946e-09,0.1867750532503321,0.0268278081837675,0.0160044283790032,0.0182030047014062,0.1008659984865696,0.0957521267451374,0.0778834601784381,5.2678870902217097e-82,1.204095497542823e-71,1.229303278037716e-75,1.5893769258609286e-66,1.08528562736693e-39,3.3405220320611143e-87,1.641450625560523e-45,8.354685382223986e-33,1.565873745882019e-70,3.7691402776962577e-63,9.070769623088432e-42,1.8378622235803638e-60,1.0396223482722464e-35,2.6139357299767053e-26,1.3166352839041012e-64,1.2423903372410584e-51,2.6139807670578465e-26,9.779594707064836e-85,1.1910415391667271e-62,1.9328287172007497e-42,3.2830652934295163e-46,1.6576109964927968e-68,5.351165197595146e-49,3.0095901894165596e-70,1.2065613914036449e-71,8.269954020008597e-46,4.1881157362268986e-59,1.9004163459784878e-48,2.8863058993755947e-41,3.450043862248345e-31,847.747522158516,1.9409666565954136,0.0191951329729392,0.2272272712543476,2.299586633298834e-05,1.827150769998909e-08,0.7535545816348725,9.648322756576165e-19,1.3688557910892432e-17,12.0,13.073269328106765,9.07845865056932,5.9785832602625115,13.593923589697056,0.07245558408327589
8.087073384798821e-33,1.066741527300902e-15,4.3466206344117585e-22,1.525691936791589e-44,7.35689832981628e-27,4.9778071035014896e-12,1.3086425818246301e-42,4.59085035111939e-19,3.585001570840107e-22,1.195913284275017e-16,2.145147532282301e-21,2.236324012770368e-36,5.678740194773748e-19,9.152445701596035e-29,6.472017218401207e-23,2.8049911283812975e-41,3.2085162706392215e-30,8.852261793021458e-26,4.2621538222955055e-42,1.0003587246285868e-35,5.012385328387496e-07,1.0717880351069744e-05,0.0065438489855992,3.611959394365154e-18,4.205697598278501e-09,1.5638370967461532e-57,1.751472390501634e-42,1.4380979167493603e-34,7.275822990542501e-32,1.7601218134662346e-25,8.513997562814354e-37,6.9742843145056695e-43,4.390330307160373e-34,7.952742497801272e-62,7.810507763348064e-44,2.1580258165980987e-34,3.114007211145975e-33,1.073707051197621e-36,7.016582482578294e-63,3.8719168790539404e-53,1.5870238549345246e-47,2.108073003961453e-33,3.6439455441295265e-80,2.2307154273884477e-78,5.624429749328508e-60,5.587712115504513e-88,2.7568469319538196e-25,1.8706593909692368e-21,5.849782192518457e-23,7.876827516136864e-23,3.9991222038878006e-32,4.381130337276686e-15,3.9656764839865916e-24,2.890089991233796e-09,1.4086772821867854e-08,2.7464316196853672e-21,4.307731188772961e-26,7.132751813912894e-05,2.8451963584978147e-22,1.0594195456997009e-11,9.370683035746735e-06,4.421536455055807e-14,3.179056912735716e-31,9.053325409394498e-15,2.131700619715567e-23,2.018062677343406e-38,2.9528132398927234e-14,0.1561879377507345,2.145039326458048e-18,1.0003039604070427e-40,5.425941815045869e-50,3.1743893785019064e-61,8.326573491789992e-29,1.1357028463632968e-06,0.0074356726063634,1.3273728610287311e-18,0.6463668740036232,8.872731776580316e-39,4.5460677125227924e-08,0.0263506794473522,0.0053156456398586,0.004319681137358,0.0053990337852993,0.0383203949422518,0.0515649561792929,0.0521021558404635,1.5097541970501434e-77,2.9464421750794125e-69,1.837519921362876e-72,2.457036697052527e-65,2.7248075871745483e-37,9.34198406216252e-79,2.422301127405328e-40,1.119611868960438e-30,1.8301603884608057e-66,3.3787187164724723e-62,2.715905896741262e-43,5.846149224809222e-59,7.861796141345385e-37,3.084759427804456e-28,1.3103944698232698e-64,8.657541751717472e-54,3.0966997293294598e-28,4.0297711704738873e-78,1.542314178036384e-58,7.82080676870052e-37,1.5416095865597618e-41,9.404558993129025e-59,1.2337088838628908e-41,7.887726947952673e-60,1.0635122222374132e-68,1.6803640982859122e-45,5.070827867670249e-56,1.9995587067826456e-47,6.159605416314629e-40,6.62589080402561e-32,880.8608586753892,46.73958430334224,4.728058904689436e-05,0.3846714638473209,0.0019197513868246,0.0914839506253711,0.5218775535514364,5.203981784094765e-21,6.010598960629453e-19,12.0,15.91040709157566,13.608562111414493,15.286662032249149,16.04288573925948,0.07085696798833177
3.0779135636024627e-17,3.8138836240723806e-10,2.194792797583e-14,2.1792423081918426e-08,4.419820909459004e-09,9.944309586761448e-09,2.445007688437253e-15,3.5703435159803574e-08,2.4897633746595558e-09,3.0735900070112225e-17,3.03399579315047e-16,7.470021073738795e-21,5.813010110701704e-24,4.344908630084354e-26,1.651403438249066e-32,8.533139716004849e-60,0.0001309710403056,8.253233877171305e-13,2.7317053498498296e-12,1.3766737203251004e-09,0.0247325406734884,1.2503742371978678e-10,3.722658740558412e-11,1.221809945901772e-05,9.867511796336526e-11,4.729566796517015e-08,6.69207101821288e-10,5.112238217022229e-15,6.9993446718467045e-34,6.0897005439395185e-52,9.329492055635152e-33,7.777943737503156e-46,2.878020016467429e-61,4.926931468375456e-80,0.0001257345082228,2.0359609345261887e-10,0.0027569765306253,3.271455864629701e-09,4.229606299136781e-05,7.311446722863208e-09,9.723319549901109e-14,8.47310843719806e-13,1.156201436373017e-07,2.850145140558402e-97,0.0010141364979892,7.617828585080808e-06,3.9172378754686193e-16,1.3486143927497335e-24,2.0202377221642457e-35,2.3625740365086088e-35,6.519516786446803e-50,2.9171645883555513e-19,4.0631370664302856e-33,2.987492151388711e-15,3.5928377167747176e-15,1.3017597008973555e-22,1.3047372127423732e-27,2.5370542793261842e-23,1.3734618493941867e-40,1.501061750913409e-65,4.9923946879908205e-22,4.162263135717689e-28,6.070746868140051e-46,1.751643346106138e-13,1.4977500704708336e-27,1.3011568663584958e-44,8.908189229780156e-12,0.9711772580037826,3.0861607653377533e-18,2.0205371909289751e-47,1.876243688013588e-62,6.656898119779496e-77,7.452106425169724e-15,3.977307301792551e-16,3.928894458426044e-23,6.652644715213668e-23,5.2080060029841e-24,1.0153351849599664e-41,6.915566702152754e-38,6.403299654046589e-13,6.0225003765140495e-22,1.6643868726441802e-30,3.112383631650868e-40,3.082573264976373e-48,2.5980521050815595e-56,2.3238482425489577e-65,6.840550272790063e-17,3.3542868970289067e-25,9.887932253122024e-23,4.219094349652204e-31,9.622708562784666e-18,2.3748880831355077e-19,4.1254138433517235e-15,2.169099135181806e-28,3.705871046968406e-18,1.4397429644804192e-24,3.540229752999383e-28,2.1506541791343492e-32,6.177488532079247e-35,1.2013957149416956e-29,4.0711897783080816e-33,3.9271977019554414e-40,4.885445089174652e-36,3.3754913066206635e-25,1.631631706778291e-28,1.458364650716943e-17,2.351332363056216e-41,1.9056994261976372e-19,1.3270885836393978e-23,9.246120374046288e-30,6.948183285451635e-29,1.556428190147422e-30,3.178852114998491e-33,4.3538644007488197e-41,4.0668560386371504e-15,2.4034974764847037e-23,2032.3063719925776,0.1008681019689474,2.3165287295371815e-08,0.0123055859045096,0.0173465543187224,0.9703417517412708,6.084870209828953e-06,5.285331310575782e-17,1.513273806817487e-15,12.0,17.72526460586359,17.874375529713078,19.62208702786743,14.4194136284885,0.07042208048106294
1.2968014342205125e-44,7.456670261164505e-25,2.876685659047356e-17,5.853312847655101e-81,2.098146571174197e-34,1.7787875297502273e-49,1.1445770379228838e-82,1.5117612865931332e-51,1.3424002431471919e-55,1.845206551533657e-36,1.2193932478959102e-43,1.0879386109100145e-78,3.065191756291281e-44,8.660169657548085e-73,6.12035290300677e-69,1.0894776754412982e-68,6.297262626069309e-62,3.2607878126998333e-44,3.469672524521966e-76,5.175973028568409e-68,4.1286520560357694e-21,2.2919767627509338e-52,0.0013855347445963,1.8900900850213388e-80,9.086745015531924e-102,9.444540330364123e-121,1.933335991247778e-105,4.096423437099382e-99,1.1942491290951396e-71,3.4260958191220255e-39,9.986066847794721e-110,2.7109421895739123e-105,2.297554055784749e-70,1.5161163911949689e-125,2.116841968593097e-102,1.7852839983951223e-78,1.1244221524836666e-87,4.1368777103621576e-82,1.5776420982057486e-150,4.341978954558398e-142,5.4175346123020686e-117,1.173397347068256e-88,2.775267536828062e-176,4.647139372642326e-168,9.150197238862497e-168,2.775267536828062e-176,1.2996565667037498e-36,1.0077697350690412e-19,1.4288110874256223e-09,2.0641055129505742e-09,5.129969176217247e-09,1.7956622456272116e-12,4.387748490682133e-12,3.6126543318652747e-50,8.169039487491287e-20,1.7114990128981318e-35,1.453003226934458e-40,0.0026587986604231,1.2263843053373204e-13,7.76715331198362e-09,1.2836012999679442e-49,4.6049999740587696e-30,4.0293186337782685e-55,3.0478033130598397e-07,3.9790034605760245e-06,5.23315582123847e-13,1.0546568246561181e-51,0.3004583800934334,1.1511957124897226e-10,1.9429870065432227e-15,9.730362055651836e-15,2.84847733472808e-17,3.1152676161420925e-35,7.534704327231582e-31,4.472133291698521e-59,0.695492946305939,2.2792358769700588e-11,1.3424947954668492e-14,3.9877010553075705e-08,2.5532676697179797e-70,2.959146749520949e-104,1.739006249869274e-137,7.138114056838037e-170,2.775267536828062e-176,2.775267536828062e-176,2.775267536828062e-176,5.0923232270870885e-120,2.4105762727639562e-115,1.3517386440828164e-117,1.1240729520244287e-114,1.1482658551863458e-60,5.152124704730022e-121,1.046082670172146e-77,2.531014764012081e-42,5.696105451400731e-135,4.370589434184196e-81,6.317139946045987e-63,1.997774793090869e-65,5.280575512861799e-43,3.071127700136745e-77,1.817983177962858e-88,1.1845642508831915e-80,6.022006786462319e-34,6.906073059397769e-97,7.29912137304099e-78,3.302656700627726e-32,3.3628801347959245e-32,2.5419085914745617e-71,1.5120062314633638e-55,9.152004484997539e-61,1.247603835040117e-73,4.827864345250595e-50,1.2614227445979006e-45,1.0753300150677e-40,5.32525417301252e-82,9.630160421937472e-78,690.8679227528708,34.369525309446715,0.0026533996952038,0.6968105517219003,0.0006913784119042,0.2998446463869486,2.3784042811632492e-08,5.550535073656124e-21,5.300760995341599e-19,12.0,14.419312043605554,11.415913139780317,14.053093624163727,6.952483003018996,0.06948489160726286
6.007705559803723e-13,5.885913059322201e-06,2.7756471843196895e-06,4.0687958872574526e-17,7.693741543619071e-09,0.0055626585369316,3.507417718056685e-19,9.219857408262869e-13,9.4258919425423e-14,1.984001103206785e-13,1.3148674035303472e-12,4.63726915597386e-20,1.5320037457719069e-15,9.54511687143494e-21,1.4478359163612125e-22,7.550605077708564e-32,1.3668430938121806e-13,1.7537088267589465e-13,3.010569216766615e-20,7.455210430848771e-18,0.0002195194555278,4.362960702898751e-06,6.367915324197752e-05,5.3851917794043904e-09,6.992609647473222e-08,1.5744774765786766e-25,3.577670752627924e-23,9.514531581528493e-24,1.0670689333316586e-25,4.4396375367714064e-27,1.6078952027020618e-31,8.338475978483622e-36,1.5145350025331008e-34,1.239259210910192e-50,2.574547183711995e-22,4.908616555440848e-20,4.1817292464467816e-21,3.5275433268519433e-19,9.026298923267736e-32,4.597403495077386e-31,9.996225432174169e-32,7.617002799740108e-24,6.339541992577765e-43,6.579618903839317e-69,4.9111370258203337e-39,3.723527922080339e-50,5.4296282852875713e-11,3.976979353195722e-11,2.3377133638597516e-13,2.699883785017198e-13,6.501587392246331e-19,1.5383482954142547e-06,2.0077274310212495e-11,0.0001171118817261,2.1890381152212908e-06,1.0067073657139397e-12,4.4941901980593506e-17,3.5220363323971945e-06,4.8112755968925966e-14,7.424822398290307e-16,1.1425209437276658e-06,1.1792549469596629e-13,3.1784423036313417e-25,2.7851579812676873e-05,1.9695197887891907e-10,2.8548028292467704e-18,1.8950725400308723e-05,0.2633758390040583,1.827351240160376e-09,1.8273178953288305e-20,1.3771930137685106e-26,6.282668013527346e-32,1.271888370848893e-13,0.0428073758416671,0.0126885784013803,1.8722831656160255e-06,0.091981827552421,9.0856724468074e-16,7.984522521286929e-07,0.580358820747757,0.0027167012120126,3.6886533490402515e-05,2.5804076705758266e-08,1.163985721023575e-09,5.141390406025855e-11,2.004066893017548e-13,2.259841361359022e-28,2.112199971272939e-28,1.6573672513910442e-29,1.5814592456837198e-29,1.0221242274485473e-17,2.7618324567614642e-30,2.8065616823161536e-19,2.0548087862261356e-16,6.889132844858786e-31,1.7519285932541192e-22,2.54811054375902e-18,6.9151188658067025e-22,7.628822740796958e-17,7.814750585501536e-14,6.555845269973115e-26,9.440299151295118e-25,3.4782277415224716e-17,8.486854595019569e-27,2.249446846241648e-22,1.1301040882114585e-12,5.166041524238557e-19,1.4608310407585625e-21,7.660342992864594e-18,2.836291744227368e-23,6.974404719792636e-23,5.834869142057806e-17,2.626892048643913e-19,7.091067415227392e-19,2.229707108888298e-12,2.680586389396439e-12,2288.46786555823,5.251733684979713,6.577594944010615e-05,0.1141087214968685,0.0001368456432255,0.2506227960237422,0.6350658608867236,9.625992725892074e-19,3.778202144912639e-17,12.0,15.239251713842776,12.31816384966216,15.580953445188475,15.984751641473714,0.06895997075309536
1.6874060289498112e-11,0.0001600162528377,8.274199633552064e-06,1.8371898543435054e-10,3.7047695004474536e-10,6.79220248050035e-08,4.546360643735154e-11,9.498122992054276e-09,1.8295732943765126e-09,1.379163787995084e-09,3.3390482550292133e-06,6.530037995289947e-11,7.68424475456215e-08,1.0651082229318667e-10,1.5854583823705638e-11,3.430317743241396e-19,3.2235826248944784e-10,2.0096733565798702e-10,5.069254284121348e-18,3.8640882522529553e-16,0.8836001681618599,4.154013239480401e-07,0.1151172488124983,5.033379887609059e-09,3.4723187929958713e-13,2.139946588037929e-13,1.040909451420708e-10,2.1629720653963877e-10,1.381534631988899e-12,1.761955690218551e-14,6.442582932347597e-15,1.0606779583203328e-18,4.422767723612655e-18,7.237403117849015e-29,2.1944039689510974e-13,7.577365276345899e-12,3.046397913012999e-15,1.1005335061652854e-08,6.5668136277113915e-15,1.721782751478258e-13,2.728997294723869e-20,3.0565426152237532e-09,2.7475350560605424e-20,4.021171445376949e-37,3.470523119715882e-22,1.5757110058199607e-22,7.851367712061656e-11,2.9678243682720054e-11,2.553440572567434e-13,2.8854079942083434e-13,3.849258432539503e-18,4.650516828097139e-05,3.761767871888364e-09,3.46890150077906e-08,0.0005504516675095,2.442561312266657e-11,1.8637268251055666e-17,0.0005089410140205,2.2677868646582094e-10,1.522223481552202e-17,6.160744194276405e-09,2.4131560178213236e-11,5.4426686902109835e-22,1.664069506267082e-07,5.880706050573552e-12,1.4062794661584141e-18,2.9424778934269007e-12,7.76699858441712e-07,1.3882338721465878e-13,1.3287605312773422e-22,5.046811925346103e-28,2.374110538583591e-32,5.369266569961602e-19,2.268415466677796e-07,9.76511670509361e-13,3.0833229125611075e-06,1.633518308083785e-07,7.080417887646174e-14,4.851005426108994e-12,3.698686948404013e-11,5.9874053110939194e-18,2.7535097993890335e-24,4.1055529081312736e-32,5.534040420732161e-38,9.39749686481312e-44,1.0076078819245476e-50,2.0158062213712964e-19,2.081461106670996e-19,2.0953713738079532e-19,2.7197133554265e-19,1.9203017749132652e-10,2.782946186444443e-23,9.12625677825718e-15,1.8061356294366877e-10,1.0112556600275233e-17,1.1412611371722954e-17,2.5794470911936342e-14,3.28150978473212e-17,2.718490819669279e-13,1.459504448178577e-15,3.0437887972311863e-19,3.190469375821435e-18,5.642851467230817e-12,2.6890035078320735e-24,9.756852393971496e-21,1.54892197940137e-13,1.0370558360387273e-18,8.800578156844734e-23,1.062873813666036e-19,2.5676612650859198e-24,5.036572765909527e-19,3.0394429090660074e-14,1.9802319603689448e-16,6.22520173017338e-16,2.0089283300365136e-15,2.9441762976672708e-15,2898.096302895274,280.9223798454487,0.0011008478515521,0.5267528918776179,0.4721450061454623,8.195173763405111e-07,4.346079913955644e-07,1.2818932939737764e-20,1.1294904245791164e-18,12.0,14.67987962939297,14.632348101361154,8.871830867236318,8.596370408514888,0.0676006384580529
3.1494168077794503e-16,4.068520387045967e-07,5.0413275534806936e-17,1.7098118690549035e-06,2.1128267742863133e-08,1.9744818499541975e-10,3.4477636964186973e-12,9.939646186449244e-06,6.343042939597776e-07,4.1012603458659427e-19,3.3413562506564965e-17,2.1608311792212572e-16,1.2154670232308324e-23,2.703438268779943e-20,2.150735625646106e-25,1.337944917427127e-61,0.0015600757292714,4.94510513403731e-16,2.5054257201141266e-12,1.488869750452979e-09,0.0002324119728093,3.635381672033643e-16,1.7829113156203637e-17,5.672929948786167e-07,1.7431799827961605e-15,7.185600750607872e-06,2.6267450678899867e-06,4.335769877028175e-10,1.2744495524735476e-37,2.7146501641065268e-64,2.30403487168967e-25,7.465500942123794e-43,6.669104596611331e-67,3.8446348351026633e-79,0.0028407223089629,2.620192267586845e-13,0.008870504166491,3.8275759246737834e-11,0.0157496607218605,6.0788960140339055e-05,2.6320056803429002e-17,1.3585654871915969e-18,7.689674288564223e-05,2.2915988833035813e-104,0.0122606188159675,0.0115351022791609,3.335464021877687e-14,5.713375534759275e-27,3.699704427721392e-42,4.3389889621082467e-42,4.301712189382868e-61,1.3858215188476543e-20,6.818251831882429e-39,1.0883143682686449e-15,8.027229874819384e-11,2.1448025914002041e-19,2.0219628678195983e-25,2.7744589296785983e-23,4.2208315429432615e-45,3.7304911266871743e-82,3.483587905895079e-21,1.463725498215571e-23,2.4458833791344107e-41,5.0624458901718353e-17,1.5734838320043615e-35,4.2291760372188006e-57,1.7228704490651796e-14,0.9467901246761083,8.745167613211864e-23,6.28345790304057e-61,2.134306290141447e-80,2.4845237819145406e-99,3.704575435319786e-16,4.0201551601099193e-22,1.3057478783745068e-32,7.520719882396208e-30,2.781554983147829e-34,3.0558166326456284e-53,1.418664496291779e-52,4.8212573641405744e-18,1.3274577026263412e-30,1.0774717416115569e-42,6.3007441269987585e-56,1.8653018283427055e-67,4.552264387549083e-79,1.2291617261120354e-91,9.502645689128106e-15,3.388763135350624e-24,2.7157879351901203e-19,8.098971666917904e-29,2.966283138034855e-18,3.272912630196598e-18,9.248429287954748e-15,1.1913177901962561e-35,1.0987749513093704e-16,1.9246757226697768e-21,4.5105547653078263e-26,1.35916821214871e-33,4.110475425602146e-37,6.622252578624666e-31,8.626090408445376e-29,6.401798137698828e-37,2.130889491541675e-34,1.7578587348763186e-24,8.24150920574936e-29,1.0055198442441811e-20,3.7414854160862984e-50,1.7335675877222398e-19,1.0877314888626251e-24,3.6189557294789683e-34,1.996904127882538e-31,4.741755727589849e-34,5.657929811141467e-40,5.5923728266741446e-49,1.6390420894338786e-16,6.937375450010536e-26,1981.0065933092608,0.000987903352389,3.509222402079651e-05,0.0001096194235971,0.0847657667496615,0.9150892539170836,2.676856367552703e-07,1.661139122083146e-15,1.381514036532483e-13,12.0,12.494676620994015,15.383009601653972,16.416252562237734,9.882414175681015,0.06744692498877473
1.10849657278406e-19,9.918492053716908e-07,3.498593085959915e-20,8.0279641611809e-23,1.948571704256187e-16,2.267097529229952e-12,1.0587730635370489e-19,1.4586014559020873e-07,2.786350655452025e-09,2.0604342419179022e-14,2.5903326428339792e-15,2.5745446460603936e-14,1.3198261563896766e-12,2.4254304002268077e-08,0.001014730007031,1.1605298052658203e-30,9.759007277124582e-16,2.090731817531191e-21,2.168607870272781e-24,1.2203611825960116e-20,9.008397879641454e-09,1.5836099542245556e-14,5.618828654914761e-15,1.8594330287024821e-13,1.0592598284182636e-14,7.524929939791488e-28,2.5118820552493818e-17,3.3906616039298395e-11,4.5372590226090065e-26,2.7733397505673436e-39,1.905162681032584e-09,1.271586606831584e-21,2.545860351623818e-32,1.5268722706837873e-37,3.130343979267073e-21,1.0090021447192833e-23,5.648291822310062e-17,8.819199949004767e-24,8.696962440080704e-29,3.817399299241722e-21,3.446873157966612e-31,4.956499010268305e-28,3.505497122825051e-37,6.583455105236674e-60,4.338668543189366e-28,1.0974220489494483e-39,1.7493208769862236e-13,1.7029618348665464e-19,9.571827889549328e-29,1.1659397899551343e-28,8.163488049156494e-43,4.119310897209847e-14,1.1178831549177248e-27,1.0639130554369704e-08,0.9917003652998816,1.989870376006066e-09,3.9406631804040855e-14,1.5324422129934474e-06,5.8756987595728225e-25,4.050200998405711e-42,5.298376044707195e-05,0.0009275472844329,1.1278913853105213e-13,3.650366845724957e-17,9.197816620701358e-31,2.3296297673489396e-48,6.408671355956169e-15,0.006301652874352,2.336302761323422e-21,8.970662309284242e-51,2.832559300381568e-65,6.64410580075343e-80,1.304401618663452e-20,3.5405037149754274e-17,2.828904544762323e-21,2.524675658338617e-26,3.1616691285493963e-22,1.2255621713646827e-46,2.8141089188072004e-35,9.384512281768782e-13,1.3412992410468745e-19,5.985547789136703e-26,4.473266987718913e-33,9.244618213627488e-39,1.0397068888330301e-44,2.2248440507456048e-51,5.400058095257129e-43,2.595198151049093e-37,3.622751533185197e-38,7.913707735158798e-33,1.409288147426245e-25,7.798183298521341e-45,1.5981818685852677e-21,1.2379435470167791e-30,5.2283031295469184e-33,5.24088288745419e-35,6.439098850487857e-23,1.021895651485611e-40,6.2027759143758826e-27,8.801896465919584e-20,2.79977962247775e-34,5.987550607494613e-27,2.005377894104507e-19,2.712927635636913e-47,8.456879498793396e-35,4.980571806164783e-31,3.2204458941030483e-41,2.387198203333061e-37,3.649129759865507e-26,4.067539295174379e-46,1.515473648637955e-48,7.983816921080971e-34,4.650888341753524e-49,5.6035068362675895e-43,1.4493012187838549e-29,6.686803785648536e-24,1475.8755058139805,173.5588263477383,0.9927171156798202,7.688786710605823e-07,0.0005061884602767,0.0067494967774307,2.643020380114475e-05,2.2306935117096215e-20,4.602272929421957e-19,12.0,5.889032303881657,8.707486730477418,9.832445884600608,7.425275002231946,0.06730635765475669
4.150060990334348e-27,9.309283035454516e-16,2.1480117843444872e-10,3.6791644270517796e-44,3.3305465975981683e-20,1.1831778716675952e-25,2.830098845711971e-46,6.878160666465549e-29,3.99476440233636e-31,6.671911946828288e-21,3.1235349585721212e-24,2.2963485262575093e-45,2.001367038365239e-26,1.4145574995592853e-43,2.731824943909859e-43,2.786844283607065e-44,2.2536762314138957e-33,6.710946991102965e-24,3.1401953751725763e-42,1.6510950652951351e-37,5.543816615578191e-10,1.2523533160268073e-25,0.5776232226333539,5.585014152970338e-41,6.478356327379346e-51,1.6291455218183086e-64,4.2074009869599914e-57,4.145826097178919e-55,1.0948204216543167e-40,7.82147934987238e-24,2.0096437471894373e-64,5.975639703842411e-63,1.1810730817039196e-43,3.24943584697599e-78,2.882030664889785e-54,6.270330052598243e-41,1.1966038623392922e-46,7.994068326654603e-43,1.9172483597917857e-79,7.907987375820904e-76,6.955940847474168e-62,2.9742652739306234e-45,1.5541106496339845e-103,2.0953387057115215e-100,2.5257907593976735e-88,2.1842190510430403e-120,1.4893274506083742e-22,1.6378953536246832e-13,1.691209570438202e-08,2.1377039330593577e-08,2.3200220865808184e-09,9.155606919273126e-09,2.935393283116831e-09,4.1336948140700326e-27,3.9645931057981145e-14,2.6120874936009874e-23,4.735917218165903e-27,5.313225700624445e-05,1.1767577722994386e-11,2.9502326710120692e-08,2.828647344944319e-28,7.291589688283199e-22,2.836454065652181e-38,9.110218026010685e-05,3.965641451738256e-05,2.1737099065785662e-10,4.480447223889475e-27,0.2752398557846791,9.41341182372664e-08,9.229192962166986e-12,6.134800142278e-13,6.3650041850331234e-15,1.5139707302109905e-21,2.766504452846221e-15,5.877726470383327e-29,0.1466774949249612,6.31699976642796e-05,1.94524163641009e-10,0.0002121882680537,8.622850612404094e-35,7.195102893120759e-52,2.030247180418844e-68,2.191189681126269e-85,3.625092066752498e-101,2.197204904641813e-117,4.24159733819427e-134,1.725949599121495e-67,4.49496522862273e-64,2.342260502352923e-67,1.4088039408097474e-64,5.607431061591282e-35,4.343984415610618e-68,2.169566344771797e-42,9.662294422515134e-23,1.0848459377325124e-72,3.387204156711447e-49,8.29428571298568e-38,3.528009809698179e-40,1.588597392070501e-26,9.75536895544848e-43,1.9770702212935164e-54,4.855310224671517e-49,5.862909071265338e-25,4.9184500960395215e-57,3.8623748654666536e-45,4.6125786183387293e-20,4.60274206655377e-20,1.4200033832561697e-42,2.028857173289084e-32,4.2167058300227734e-37,6.270626504468793e-44,2.7313560969773256e-29,3.872371272899439e-28,2.314463230622886e-24,3.252952156455463e-45,6.599105196657654e-42,1179.4328905656291,818.0808811768259,4.1256865267312525e-05,0.5622337909094457,0.2240488585778745,0.2135692807862733,0.0001068128611391,2.587638645051222e-21,6.250142573431411e-20,12.0,16.134420716846616,15.73484650891504,15.71404255831716,12.413127321620212,0.06684057610832411
8.281874002186993e-15,0.0001218909589492,8.619756852851437e-24,6.940300038231343e-06,2.9754428688664455e-10,8.133712860500522e-05,3.036463129646985e-12,6.234476546295185e-06,1.3173407245387292e-07,4.589301457667931e-28,2.232595976598908e-23,2.1122876207407224e-16,3.53790980345108e-30,5.3807538418656174e-20,6.269615573705693e-25,4.038354839349153e-82,0.0001697508108724,1.7876504933331196e-25,1.6290143552243885e-18,7.591776104824255e-15,1.443935217567179e-07,2.6660521294024558e-17,4.3584667113049637e-29,0.8169591838725787,3.868110067870623e-06,9.851300199796544e-06,7.215193396331529e-05,2.6120294165902417e-08,1.0256161406167699e-53,1.5774318234667427e-97,1.8143792049945176e-25,7.965975539288105e-53,4.0916667138815113e-94,1.136092583723824e-102,8.385992804926488e-05,1.1606917233303561e-22,3.2583585602134595e-06,3.4995329439711725e-17,0.1326642785551402,0.0015266904788802,1.7462267554827298e-30,9.912822208952367e-32,8.746534137032309e-05,2.4540216715744002e-145,5.659954404073315e-07,0.0343234876710808,8.974284550888612e-17,4.364055299564659e-38,1.43110823263878e-62,1.7377692516023006e-62,8.753174128233005e-92,2.8816695817542672e-27,5.7499756609822625e-56,1.2396810032452376e-10,3.412634991040778e-08,3.117681245293031e-22,2.1242125840201414e-32,2.6907271513112925e-29,9.80534735435826e-63,1.6587765092265967e-114,1.90478246233368e-16,3.9600547986717e-26,8.495361769870148e-51,2.23959618660578e-26,4.0182298317073855e-55,8.656213316302751e-88,7.646882502680824e-13,0.0138787544055879,4.7019160839687825e-36,1.1281094096846326e-95,2.5001899538744315e-125,4.689765634991761e-155,1.972532287260706e-25,6.192217850144674e-25,4.878386142432235e-33,3.1519210681472304e-45,2.5785007282302733e-45,1.5487752253478003e-80,1.5310655719480523e-73,2.826765767570451e-09,4.532090712194698e-20,2.2556650446447725e-30,1.7528349573500122e-41,3.9603277498575907e-51,5.0375408250166926e-61,1.1664568206409742e-71,8.742476952878986e-19,6.3867720587163116e-27,1.750156942392439e-23,6.13840050461495e-32,1.3509930968750968e-26,4.107411879831265e-26,5.1586850496610056e-17,3.1284955681288734e-51,1.2183408663275553e-17,1.7835866762085476e-25,2.4542649090982248e-27,1.8483353775067574e-46,1.123757899210341e-46,2.454435896450457e-28,3.643229347087029e-34,1.1115605053378008e-40,1.6923327067490778e-44,1.3442147724508046e-33,4.6007532490273177e-35,4.085409504994098e-33,3.332648561659389e-72,2.030483753522409e-29,3.706544602440173e-32,2.0283937617639703e-53,1.0358382608378669e-44,5.417907932166404e-44,1.2429845958102384e-60,2.2947357683253643e-68,8.344770102400513e-15,5.957700526983943e-23,1507.9839764218943,8.626450160682423e-10,0.0007715068943029,6.449911559128549e-08,0.6217844910704493,0.0125182968988505,0.3649256406372816,3.1375544000782632e-09,8.76101728637238e-08,12.0,7.922213948313402,14.906300074065316,13.210205436246994,14.674864567773588,0.0662461201077641
4.6651855798476135e-30,4.925563624572061e-13,7.693254076466454e-21,2.0482791688173443e-43,5.020155400263051e-28,1.4306148665043407e-10,1.3949807881061263e-40,7.243232547940929e-21,6.936100034747725e-24,3.4759240318932444e-19,1.3879085269431174e-20,1.403540720438313e-33,2.5524635469804288e-17,3.0078841053903477e-25,1.1842533628142321e-18,7.46252104517831e-38,1.1811960447360087e-32,5.281737260989887e-29,1.992954867976488e-47,3.1740131469163604e-41,1.5396775141532685e-07,1.8805409621906025e-06,0.0003161012235435,6.477293334646506e-18,2.6797681245352068e-09,2.0055450271555737e-57,7.685788681273715e-42,3.2235387855373936e-33,6.29819938114168e-32,4.415923652415027e-27,1.5244953607666269e-33,3.6617404880510694e-40,6.656710236888941e-33,2.0630196715172832e-57,2.790997040081221e-47,9.597880059468072e-39,3.467102731605865e-40,8.388233792074691e-38,5.131831821593715e-64,1.3710465616389443e-53,3.779967909445181e-56,1.1510086286809051e-36,2.883250800062505e-82,1.097907568187819e-77,5.423901280533808e-69,2.8477920576078115e-91,1.5387163029505363e-25,1.7681828628565771e-22,1.2697145483167468e-24,1.6986146731083324e-24,3.0270711244734823e-34,4.5160537802838707e-13,1.51379177898275e-22,6.334850497843713e-07,3.685495159536084e-05,1.0318446795913555e-20,1.3006699490213912e-28,0.0332871129130657,8.209996094957982e-20,4.3209714688873166e-11,0.0140765635571576,8.823387990751306e-13,9.640112376082272e-32,6.769043065442356e-17,5.521256655267661e-26,2.5640295286451843e-41,6.431151505853765e-16,1.4906853544984105e-06,1.1661088400610561e-23,9.909235305698616e-47,1.7801046753799918e-56,4.53107297562464e-68,2.5702127263744923e-36,5.279096362251315e-06,0.0175371769745962,4.114787513339458e-18,0.441020008851029,1.936521909514447e-38,9.348515422670571e-09,0.2790151305710977,0.0369887318193661,0.0193684775746086,0.0135386544875827,0.0594557117199854,0.0529245506612332,0.0324254747032763,2.937729862110534e-76,8.116179767819672e-67,2.2971698335912537e-70,4.932174568133302e-62,8.838621716599856e-37,1.3155837588768123e-80,7.69754557757381e-42,1.4677692775073135e-30,1.868296636505597e-65,4.997661645856501e-59,3.062246769676703e-39,1.6769128609612433e-56,1.3735370546235489e-33,9.876663368311128e-25,2.0500076583331222e-60,1.6824195061240385e-48,9.877031955217327e-25,1.2144477356571478e-78,3.4034451397324175e-58,4.28980527412491e-39,5.6336488166368075e-43,5.636076341062995e-63,6.414385726789493e-45,1.0921686346994517e-64,6.053822848325021e-67,5.709321236300543e-43,2.993720724856917e-55,1.6911453169454334e-45,1.879979511977145e-38,2.964179033531649e-29,904.1544610173086,2.7280526319439327,0.0285595847179713,0.281209143231835,9.583615243658536e-05,8.982271942262858e-07,0.6901345376705628,3.2031062608371077e-19,1.038721601728605e-17,12.0,12.993277549106688,9.525777481523445,7.497634311265625,13.383181874028514,0.06618712528686428
3.750219020159731e-17,3.3536583022074646e-11,1.5792602279725273e-18,2.401948572357155e-09,1.0197137253585803e-14,1.3466055611777364e-06,1.0687934401584065e-13,7.847762374970278e-11,9.262168411709415e-12,6.1492351297332936e-21,6.574995300604715e-17,5.868501723143814e-17,3.6269919355455967e-22,4.659640185171001e-20,2.856309960211566e-24,5.5816619144417056e-52,3.4498559842890446e-09,1.4943086938744925e-18,9.841513092645678e-19,1.866528400156399e-16,1.0593978794105012e-06,5.2756832271771906e-09,1.0173746513314859e-16,0.0274948143851233,0.0638742863392656,2.667739826637039e-07,1.7382949081382726e-07,1.774832822251788e-10,2.876007403778742e-31,1.4407989682339752e-51,9.477029829334199e-23,2.5295208179879994e-36,5.453619470833728e-54,1.0194601455866077e-64,1.9386900626760145e-07,1.0092850475979562e-14,1.500492212941964e-09,1.0112402313027888e-10,0.002980150784591,5.400788994840465e-05,4.366724996976314e-19,1.218679987525431e-14,0.0006946307249791,4.407028420932104e-81,1.4633094979962732e-06,0.9048724319933956,3.7593147204420096e-19,9.437057575663275e-29,2.399045995744034e-40,2.757452113517677e-40,3.879428886022757e-55,3.5817701712270405e-21,2.8029037494249624e-35,1.4115144721213508e-10,4.9993611503836054e-14,3.188343533998514e-23,1.3332252090467166e-30,2.826338435412664e-23,3.364607745512491e-40,1.403006448806894e-61,6.411603121055576e-15,1.4603999973885103e-26,3.5996854374678525e-43,9.18748886700712e-21,3.714362048089661e-35,4.018844155379383e-52,4.0354735364407625e-12,9.215537155357944e-11,5.279475102892007e-28,2.3359832303413892e-57,1.003494325987257e-72,3.0871574027897115e-87,1.1309933566834206e-25,3.417392401218213e-15,2.284236773547115e-16,3.7101562231659518e-28,2.2826172644334135e-24,1.7094456970051216e-46,1.0382761490226911e-38,2.5128551654363663e-05,3.2161237443990476e-08,1.1885334070603593e-10,2.0406886852523833e-14,2.435214221410215e-16,3.004963866613717e-18,3.0450788392137816e-21,1.6529593145805828e-18,1.1174179491592546e-21,5.345216073923937e-22,3.8943830781359614e-25,3.012583592392688e-20,1.727761734108839e-23,3.4128205764291593e-16,3.5369774116411765e-29,5.3117534669340546e-14,2.171463932900754e-25,1.469135136729519e-24,3.1812234721715792e-34,1.3865978775970254e-32,6.42443132054117e-21,5.148337680570269e-31,4.886778096165688e-33,1.2375247223731754e-34,3.0733910012089298e-30,3.682584208883154e-29,2.8418409309561395e-26,6.699020884483951e-45,1.8003586610598055e-28,4.805656731126774e-28,1.5222780783984408e-39,8.653809286997636e-33,2.8323075770436597e-30,7.801336281597108e-39,1.5422086905986184e-41,5.3542313094537985e-14,4.767153721061258e-17,2402.501729072877,11527.44560483457,1.132735839455804e-05,2.226167320318613e-07,0.9675228668049032,6.538172816473526e-07,0.0324649294026883,8.632471859223975e-23,1.832961524775224e-20,12.0,10.293429161419493,16.93153259640588,10.76132775394591,15.457285821117384,0.06613308647465972
9.0340419361879e-15,2.2581044022317376e-08,0.000627981520904,8.349263618900126e-28,7.940046779500985e-15,5.257182750576409e-14,1.0566570892156967e-31,4.590729814268818e-29,3.2459817857583574e-30,2.083494485518622e-26,6.404798101782946e-21,3.5670308662923895e-34,1.3724324765493624e-25,2.2755717600541127e-36,9.526746201427003e-40,1.5134656600551878e-43,1.555433183741903e-28,5.128734176255154e-25,1.1182152482436139e-40,5.492185660972935e-38,4.3294336153414327e-10,2.2317021537335857e-22,3.402821761596435e-07,4.3126716345814154e-29,3.438360832492645e-38,1.2460416273259317e-45,1.879182660255926e-44,1.5734322970325582e-46,6.050465136878784e-42,1.4487082178887548e-36,3.713316793769315e-58,1.6864982700881396e-59,1.7208216637978894e-51,7.924373170150894e-76,1.0302077557102372e-46,8.560184905689889e-41,7.072846713452851e-50,4.219598305354732e-35,7.385448829433259e-61,1.391901813741537e-61,9.182810708159713e-67,3.728193102130383e-45,1.406090118880205e-81,5.858819508447153e-106,1.2299724087225796e-86,6.211747979521681e-98,7.948933592478166e-19,1.4343597336550505e-15,1.151249045059371e-14,1.3457308501750488e-14,2.0480280678422746e-17,9.21053094703834e-06,7.093741415350255e-08,1.7757773339390794e-17,2.3427707182183016e-10,2.945494179189052e-22,9.862589504496494e-32,8.69293411880175e-07,2.696931473020152e-12,8.186381772791534e-18,3.3142300192347828e-21,1.0342153244193631e-24,6.040700251317761e-44,1.59982660983286e-07,7.530256624511946e-10,3.693152477660678e-15,1.5646370425753669e-21,5.164394855326053e-11,9.35554773271532e-17,1.9107564686579209e-22,9.758229406226912e-26,1.9366275575607409e-28,1.4567662735044937e-29,1.098120210394865e-09,1.0955081112679271e-20,0.9993537339749636,7.466067630386944e-06,8.81478979573815e-08,5.4108125220699795e-08,3.3434039037863397e-22,3.2339993266311826e-35,9.18709271477734e-48,1.7487088668750614e-61,1.775443871551218e-73,1.541610720913883e-85,1.4113346968249463e-98,5.642233230669551e-40,7.520545993658393e-41,9.06351031077393e-43,1.0576930927719794e-43,4.0713467081101757e-26,6.489509501680149e-47,2.7020143968594315e-35,1.1814623124602655e-20,5.35415068984301e-52,1.9370135954780343e-26,1.2411259445408488e-22,1.5286720193541006e-22,1.1264982276507388e-17,4.074640814929008e-28,6.301024744527156e-32,1.63772244626163e-31,3.92417737100891e-20,1.408408438426939e-34,1.7691357024584985e-30,2.7370061187171013e-15,6.744860043142024e-20,2.411363639978914e-33,4.414200594075373e-30,6.273060108983015e-32,4.518561085605844e-22,2.5940398273944887e-16,1.0470707864720528e-14,3.902963545255573e-15,4.530877586142761e-24,7.296164389469884e-25,2040.5625206522077,2.09173115051901,5.522846463017887e-06,0.9999904646873046,1.7038351957634906e-07,8.044546891529915e-08,3.7616372439511937e-06,1.885625140701115e-18,7.353938048734347e-17,12.0,17.25783288898718,10.489264615270883,10.163338617662042,11.833213941890214,0.06602519113924325
5.597079960715946e-18,1.9383981729031934e-05,1.8150313717554515e-16,4.8287402223395496e-14,8.179942950544422e-15,2.554294870284933e-07,4.12062050263403e-13,0.0012042776912595,2.7717675263166603e-05,1.8618891650464012e-10,3.989914459535708e-09,4.93104662381565e-10,1.1676886222317898e-08,2.0601817493809903e-06,0.0004037146399813,2.130022043344985e-30,2.1679039938754294e-09,4.564427519668059e-15,7.299451493281053e-20,2.899503545039924e-16,0.8783823021242319,6.694157845425042e-05,5.231071164680579e-07,0.0012672461660286,0.0020308131752947,4.053656632849053e-14,4.079109510225903e-06,0.024056172589841,4.451502289518785e-17,2.8316022443638752e-30,7.016176364692023e-05,7.884211168274834e-17,1.703508503285302e-27,1.6664875653343738e-36,6.427719732002005e-10,1.5857060428355878e-12,4.8570299457197267e-08,1.9107664401870837e-10,2.5845366498757896e-10,4.7510849458583936e-05,3.5417377406194696e-17,4.5987386473664584e-10,1.0766067993826856e-13,4.6234541955785806e-49,2.9179765604782343e-09,2.129251542428729e-11,4.8635658517108384e-14,4.7923273333373974e-20,3.6332497633926747e-29,4.4000701192675587e-29,6.1198623752987185e-43,1.0370825175409658e-12,5.819815623763171e-26,7.4573844536755395e-06,0.0916678513483187,3.072221699738066e-12,6.056985122201822e-19,1.4908972153343174e-07,1.8996928135557289e-25,5.15256693896812e-41,0.0002101672785125,6.442649880714767e-09,1.12876120613657e-22,1.037138742363752e-15,5.092888806160795e-29,3.4918922515115163e-46,6.750058436642756e-12,0.0005281073630197,6.0511840543658555e-22,1.298434534206704e-50,7.783195294386873e-65,4.409197026084605e-79,3.902406881578945e-23,3.8593532085989116e-12,1.1892103657210916e-14,1.3610954064527277e-22,3.0719822927779354e-17,2.4666945122356168e-42,4.7245763340343154e-30,3.0294163456751455e-06,2.1194296581281137e-11,4.581282780301437e-16,1.4568435719261413e-21,1.4055411658266156e-25,7.857802199767096e-30,7.70182230956521e-35,2.2657470101344082e-31,4.9300784827200144e-30,8.086505354867914e-29,8.844984777873935e-28,5.782778614989747e-17,2.9369904627596855e-35,5.085057902362386e-17,4.6701608383105716e-24,3.735146406723232e-21,1.4721152471294196e-30,4.656618541335341e-23,3.2573955551458013e-36,4.141195402819723e-27,1.4134401917503258e-18,6.615731357954308e-32,5.697229684116018e-29,5.480784866261063e-20,2.1938400420236548e-42,1.6973048181346315e-34,5.295780304786299e-27,4.0102417410698737e-41,5.316709667632644e-35,2.355778212009887e-28,1.2330421619645137e-43,1.1337446566020435e-41,1.2308075335297912e-31,2.239449112194053e-42,1.239854949838617e-40,8.563991104422396e-22,1.848804217874375e-20,1536.322745407393,0.1775782219642607,0.1144945379385196,0.4277999122017146,0.4538542647506256,0.0011144593181863,0.0027368257909537,3.583413305737684e-18,4.586769031344236e-16,12.0,12.572455922330112,12.598131651978798,9.98827945100509,10.378462385071623,0.06600135039572577
2.9502377792909418e-12,0.0275940094959766,4.403177300240063e-06,6.155887658118048e-15,3.048948721389102e-09,0.0040765895016433,1.7265718156407641e-15,1.325986829755527e-09,8.550410844960002e-11,9.557174881466025e-12,2.7601952602211182e-09,1.4819683634510298e-14,1.387601204673284e-10,2.52512380433771e-13,2.744647503123521e-13,5.6203440013352194e-27,1.543115115133431e-12,8.495812894454916e-14,7.372782890514194e-22,4.2973907519234114e-19,0.1312758167057663,8.77427283983555e-06,0.0017464673474107,8.08828105149254e-08,1.0365463540028948e-08,1.8265042834791836e-22,8.899861930593597e-18,1.9996036427430512e-16,1.807860895985819e-21,1.166246126459163e-25,2.0809392321442585e-21,1.2071086324513128e-27,3.2714799091197376e-29,2.265895692154326e-42,1.9885683804127625e-20,3.1397875892455993e-19,1.7187850452850208e-20,1.6075059896793475e-16,2.7494493328358014e-27,1.4390633928034056e-24,6.362485358985249e-32,6.7219671073438935e-21,9.56724616481186e-38,2.0114242363049017e-61,1.1838228441592824e-36,9.941539182358084e-44,6.702085187966056e-10,1.9965818630432537e-11,2.285912931867257e-15,2.6800084304824865e-15,4.800800392750659e-23,0.0001656097075203,1.4751751340311927e-11,0.0031178646508074,0.7438078488335973,5.94271737577051e-10,1.6280489634305794e-16,0.0447973529284865,1.2674039849637662e-12,1.4385414264333176e-19,0.0013778076116113,5.5283813282897224e-09,3.908309257723978e-22,1.2418345650888176e-06,6.964649695121813e-14,3.4421594795853694e-24,1.0294911083484073e-07,0.0362589514600645,6.203692640153544e-13,1.483225827542732e-28,9.083729684001356e-37,1.9311155443243898e-44,4.429859595667004e-18,0.001439670593613,1.9839360405620666e-06,1.1438741046770409e-07,0.0001720209898288,8.698578718762272e-20,1.5728753583933737e-11,0.00415321496199,4.9181926487712994e-08,1.7162563103892868e-12,4.283175192907287e-18,5.44025361905934e-22,5.717508757757167e-26,6.6158261832059655e-31,2.046780917405094e-27,2.425687781333894e-28,8.04585131212047e-27,8.011612133475273e-28,1.3892242189247895e-14,2.035875071228544e-31,1.7395502012127677e-19,2.3519223189637385e-17,5.288496814473286e-29,8.132650850919702e-21,6.136125808952014e-17,1.0048489321562176e-21,9.67023326330671e-17,3.70133655246544e-14,5.1451542705895754e-23,1.2606293910166838e-22,2.7881352394146682e-12,1.6065784256648322e-29,2.420033491993067e-25,1.424902765948495e-14,3.2304300842165068e-24,4.281757624155392e-25,8.706758449256367e-22,1.5812500215557284e-28,1.0868090975214328e-24,8.205488693753998e-19,5.2196945756878865e-22,1.7161035722327993e-22,1.9923061585833405e-13,2.8074509984819255e-14,1986.891127524863,0.00215912103496,0.798874061986923,0.0900184137171861,0.0659697079871414,0.0359617285832736,0.0091760877254755,0.0,6.835379726114201e-14,12.0,11.05185303501525,10.916866241071864,10.653362238305164,10.060179236244762,0.06510926607158964
3.1290970271227215e-10,2.6503574134266405e-08,8.901175266964601e-12,1.8293025838877765e-14,1.4534924943285355e-09,0.9858824935957372,1.847040194810376e-25,5.806013622594987e-23,2.745808077180602e-24,6.697024539373231e-35,2.5948017868598715e-28,9.044623372055512e-35,5.696647277261921e-40,1.0395225183606416e-43,6.937342481028146e-54,3.803135868662596e-88,7.490708903746054e-16,7.828547962395687e-27,5.477716825919444e-30,5.682748080405773e-27,1.524459871901963e-09,7.062325200537584e-16,4.033718060332436e-21,1.5948111474001504e-08,2.915848818479184e-11,2.2919732276633127e-25,1.4297221565231197e-30,2.2051641361230588e-39,4.0061326631387e-64,8.293360734198976e-88,2.072279593494442e-65,9.279804503604351e-82,7.605539468838449e-103,3.794809731599019e-128,3.8059448585122825e-27,1.7530880517006925e-35,4.310046706243016e-31,1.6957679472276466e-28,3.308004040479484e-33,1.317057516855709e-40,7.6518457563474e-56,1.876539796570779e-45,3.698652540012766e-47,2.065971996367704e-166,5.371078230835459e-54,2.866721283273902e-56,1.1128671028048243e-20,6.04502817839933e-32,7.742331128364714e-46,9.1672011691449e-46,9.62911688899548e-64,1.9633218700914582e-20,9.652651573498671e-38,2.9127151225769666e-11,4.37688547266484e-17,4.5946131315059135e-31,3.877657948928883e-42,4.533173065530667e-28,3.1892867226405355e-49,1.010775254574867e-77,5.789147192736654e-22,2.808074207596348e-40,5.676975012796625e-69,2.1275586514212435e-16,7.2756569779613195e-34,1.2525548494435851e-54,8.63412502217818e-10,7.90474439838067e-06,3.7864271806499026e-27,1.761276821831077e-63,6.753829714278718e-82,6.118161373784129e-100,3.513071982025051e-27,6.870715545803163e-11,8.084372451541908e-16,4.054759719431306e-23,1.8474461126919225e-21,6.340590384374182e-46,1.2505894903790066e-38,0.0141095444380118,9.528029737841152e-10,1.919607105859036e-16,3.440569636213966e-24,2.6827578251852465e-30,1.5515444319726123e-36,1.1399733071218226e-43,2.451851238862198e-26,1.0251683982253656e-30,4.8338604638365384e-36,1.468546970052305e-40,2.60891074323494e-32,9.024281249313063e-35,4.51224578148176e-25,5.141775268676896e-38,4.0278369928424245e-34,9.421565767450124e-27,6.443019999850359e-26,1.7713313611502971e-37,2.1859239915268728e-35,8.584327547690014e-25,1.38373889383333e-39,1.4551797459844018e-42,9.014105905925236e-48,5.6656380415770445e-30,8.223289999380303e-29,2.7862070943869737e-23,8.45822668405455e-47,4.025071841856995e-29,6.094139255730364e-29,1.6359666004390504e-42,2.635675569034529e-30,2.614860392788552e-27,4.947761497330891e-37,5.5877000587904e-41,3.1292444057246567e-10,1.473786021683677e-14,1825.5310099321089,1.2199669426978278e-08,2.6161973999275034e-08,1.5796873269924487e-09,1.725737064902349e-08,1.5590416391184592e-05,0.9999843645845768,4.1319439927354077e-11,9.172915663872609e-09,12.0,10.78090062433552,11.819304117152043,14.775187204838437,19.582322699864665,0.0644230060100982
3.3937248602677124e-18,1.481850647331773e-06,9.575123284328504e-17,1.7827766680363103e-16,2.0391476955761051e-13,0.0009612026536578,7.440153944008796e-19,3.967184604607925e-08,5.707742270037233e-10,6.453363220065233e-17,9.838170921495588e-16,8.676637456480859e-19,1.902672926676381e-18,4.596276878836334e-18,9.952263377606241e-19,1.947955951620918e-50,3.6050473974201073e-11,1.049240627088021e-18,1.5603599943550925e-22,1.4927472634153813e-18,0.0042003886655803,5.291928229335175e-06,3.7191571529216215e-11,0.0022707776302765,0.1789775511184875,2.6513614637971214e-20,8.956495205007675e-15,6.963728858071246e-14,9.969362842874628e-33,1.0017991635896595e-49,2.825849219893671e-23,1.1298517652662237e-37,3.535844028803594e-52,2.0279782903638934e-67,1.753694650486746e-15,1.1214991744599888e-19,4.3554699720215597e-13,1.6432457016781438e-17,1.013807429969028e-19,2.726376393281129e-17,3.6055240436770917e-28,5.9615153013122465e-22,5.243977890878729e-27,5.415773455076659e-91,8.789949710754628e-22,4.438117912584121e-28,5.5862847544857515e-16,7.052331043407746e-24,3.326769661803007e-35,4.088156572745948e-35,1.3333047005662198e-51,5.519289942548164e-16,6.554900483641194e-32,1.5141999779081673e-05,7.541502464913276e-06,2.536130773470647e-17,1.852982571245607e-24,1.422215956796237e-13,1.161036369057084e-34,1.1619636786010368e-52,2.925902741831937e-07,6.506388071368882e-17,2.7208692856124107e-35,9.126779234157064e-16,1.101439765479835e-31,8.12170924376493e-52,1.1008955516472328e-08,0.2795157318176044,2.4649241137491946e-22,1.2075007164869613e-56,1.9057740014845223e-73,1.5458237487572823e-90,3.0638237050864155e-22,2.0837087864595576e-10,1.4228842561692803e-11,8.60160947620908e-25,2.928866361169253e-17,7.444144225282835e-48,1.5010749842107736e-32,0.5339991154518098,4.541897240136385e-05,1.2268840299985448e-08,6.75810849140951e-13,8.942451205103411e-16,5.856141009053577e-19,8.257339465766514e-23,4.434337269072314e-34,1.4126180488612792e-35,1.267003080416958e-34,1.5689764384644864e-36,8.565601541723629e-23,2.760904483644682e-38,4.815337551942413e-21,1.3731073481788187e-31,1.6889009202881918e-29,9.642494039860472e-33,1.852936498205228e-27,2.045456745446243e-40,2.6569342852731185e-33,4.989071810026282e-21,1.0936788754100896e-37,1.8532342287767337e-37,4.48060165145921e-29,2.2395018222126616e-42,1.15450738737313e-36,1.1868276421965983e-26,1.5846576698579344e-46,5.121466640130535e-34,1.0224088092139759e-29,7.226586733584488e-45,5.081915779573967e-43,5.875266823917908e-35,4.0220813028780424e-45,3.1422104933127636e-46,3.505425619624939e-18,1.019811748747386e-19,1392.54064743718,6.621248869153499e-05,1.4843889150874662e-05,0.0019310511783622,0.0851477455754514,0.256661058397075,0.6562453009599604,1.4518486529952363e-14,9.72738597506808e-13,12.0,14.1142460814489,15.758625451275556,16.23781227831547,16.645518504137357,0.06422747246537261
1.1981161172870952e-07,6.147623333939021e-07,0.0016527016114938,4.4400980150761236e-15,4.48354719865158e-08,0.9982511693824808,1.2719472146938755e-26,2.5360534387412727e-27,2.2563499804373456e-28,1.4464587674734454e-33,2.727101201978513e-25,6.889710313115106e-37,1.1488911846015195e-37,6.246112727666419e-47,3.992372487644838e-58,5.333123401375715e-79,7.49592684002212e-19,2.744698585857573e-24,2.84721506757481e-33,9.126507577293064e-31,2.684793659911943e-07,2.6838326626505805e-15,2.2665116403839217e-13,8.2365571982325e-13,7.446709653714519e-18,1.0878075813297694e-29,1.4505356059051704e-36,1.7081636003952263e-46,1.2263643243634713e-59,3.944151586238173e-72,2.70540953734439e-73,2.6662584211023273e-83,3.739468134630806e-93,4.260943088124758e-123,8.623259699847394e-34,5.7390759166379865e-37,6.347343454538546e-40,1.356565367647083e-28,5.732844465783046e-42,1.3811295636906705e-50,2.189638208823078e-62,9.028928856963238e-45,2.224888809276202e-59,8.439332162108687e-165,2.9755229171818684e-70,1.0631695579692509e-72,1.0385791276604708e-19,2.137928081228004e-25,2.824457126436412e-33,3.2770222560056146e-33,1.326308093628023e-44,3.804940391856822e-13,8.136073481351653e-24,7.2261368724403316e-12,9.688881911825596e-17,7.190140150657403e-31,7.57414609913872e-43,4.274971319547162e-22,6.670819223522306e-36,4.445299024600594e-55,2.588540381253827e-23,3.6623489845864527e-41,4.1877575564628496e-70,6.207758037814546e-10,7.528117290271985e-21,1.4482549243107982e-34,8.511205314818037e-11,1.228029173244879e-07,1.0256265341839725e-21,2.251645035807223e-44,2.9251941450962623e-56,1.949895764016856e-67,5.339135250129401e-28,2.2400109199210745e-05,3.689761824279292e-12,3.083414363363736e-09,1.4865670527024429e-10,1.5722292689813479e-24,2.4091059120980626e-21,7.241039968805444e-05,1.565715655621816e-13,9.864320203848158e-22,3.536701248031942e-31,7.609211785218964e-39,1.5222989369045248e-46,2.8768952236709687e-55,5.956530444234179e-24,9.333668813329719e-30,1.689174304319625e-34,2.555975714924008e-40,1.0502317975146272e-27,1.8730721030031364e-33,1.133878598332508e-27,2.4753826650235675e-28,3.707765995387963e-38,2.5665489612643578e-21,9.5808477085418e-23,2.633480821966157e-26,8.727031701113279e-27,2.5333642577836723e-24,2.618833747527318e-34,6.91183710844666e-39,4.829490845904379e-40,5.566166129801535e-24,3.892333188654451e-25,9.725066385614831e-15,1.0324902480365532e-32,6.002324679199467e-26,7.401470951738879e-28,2.6009750109626318e-33,5.810744207864844e-18,1.4748037963764382e-17,8.693165671692794e-20,3.8866866068665127e-25,1.1981183791944744e-07,2.3590695644210933e-13,2188.1583639030637,7.112002152181154e-09,6.14733720753796e-07,0.0016754395443414,2.68473745087901e-07,2.911305202566435e-07,0.9983233861176724,8.495718982319011e-11,2.3957927530139613e-08,12.0,15.435441724935764,11.640214784386233,11.675400699803724,18.21058420808123,0.06366361563455561
6.650489271139101e-16,5.955605217366776e-05,2.654291579358734e-09,7.09192854690245e-24,2.0878700436124464e-12,0.0004806965665994,2.034936264569585e-23,5.246460770750402e-14,1.700859082925029e-15,5.675188869037423e-15,2.1204355205469415e-14,4.946288781705384e-21,1.6782599339185124e-14,3.471052025450444e-18,1.2638134576571072e-16,3.913121592140271e-30,7.771752810981753e-19,9.41455596837892e-19,8.594058838703345e-28,1.801307726954171e-24,2.6871385171195087e-06,5.586256350990328e-08,8.732315913175123e-07,4.283240629315266e-12,8.452443411005531e-10,2.2023537099222392e-35,1.831639527029099e-28,1.7684954908353735e-25,2.0949512138418214e-28,5.0452786085347635e-30,8.663337806278493e-29,1.507490747239982e-34,1.3249859094625778e-33,3.0102779302431555e-48,9.072246288341324e-31,8.109467313218722e-28,2.114141806145593e-28,1.1555731367344596e-26,2.124041420076536e-43,5.88113345650332e-39,5.7703207256336794e-43,1.5763614473599688e-32,4.295620576668976e-58,2.708367455689343e-72,1.670564301686881e-52,1.659561691703344e-67,4.350829138547856e-12,2.597646174526877e-12,2.0282579160714363e-15,2.4302203037905893e-15,7.094382621148189e-23,2.998977518102049e-06,3.795981929850448e-13,0.0043853119401376,0.0531103237579273,6.972434578236346e-11,2.0853867262040391e-16,0.0561339603892757,3.866326642762121e-13,8.429127369573218e-15,0.0324872399937034,2.5229527783217376e-08,9.941329970631115e-21,7.638768967414278e-08,7.586763381397105e-15,1.9311113618759083e-25,1.711051980452292e-07,0.106078616013363,5.753125957503435e-13,1.02840426755291e-28,1.1932060640903488e-36,2.0295001565434457e-44,1.2468163693396956e-18,0.0040462964630779,0.0027340451420034,1.2643100392858327e-09,0.0154558594405914,1.5327062335001513e-22,3.860052890745737e-09,0.7232863031421654,0.0017224335795523,1.2450130336876906e-05,1.0427498338928416e-08,3.1435554197802167e-10,6.169602036202273e-12,1.823865722109764e-14,2.363014241626591e-40,3.0087298203241513e-38,1.9762000496724766e-38,1.5140463746158644e-36,3.7217457562761394e-22,3.831265885857701e-43,1.7679330683591917e-25,5.112465507753488e-22,1.7081858877392827e-41,1.2137530779904992e-28,7.953588199684946e-21,2.003122227944395e-28,3.6071469754203864e-19,1.904402149834385e-14,2.9725678016312325e-30,1.207561515997638e-26,2.0610460865097984e-14,2.5750746012876e-38,3.858010928629159e-30,8.808774148534726e-19,1.3295762696525404e-25,8.880322177165834e-31,1.0135307355871904e-23,2.157801054551337e-33,4.476192844612977e-33,6.684747341905234e-23,2.325997118979819e-28,7.749019836557174e-26,6.7712564141425985e-18,9.086970901873244e-16,1661.463247638963,0.1552000214723062,0.1365803093837042,0.0445181488778283,1.7159217853006574e-06,0.1006502705571319,0.7182495552595501,1.4780265198746253e-18,6.281612709467158e-16,12.0,11.51314900535853,7.099109395912339,11.867426854495848,12.720887273595048,0.06211395217177688
2.307856975782594e-27,2.0657448331649673e-17,5.572019838939086e-10,2.476345906726256e-50,2.404291931981369e-21,7.750031789955215e-26,9.659964418004156e-54,1.8120857098812824e-38,1.425024093270537e-40,4.983562167472979e-30,5.803949154613324e-32,2.5507638222438374e-54,1.549427876595197e-35,4.3044360333248504e-54,2.488606693867175e-55,1.7984291734125975e-54,2.9008466608992317e-41,2.0414271110957737e-31,7.597313998178419e-51,2.2583139050945046e-46,4.7684362051529786e-17,2.0308221712606228e-32,1.120753501143717e-07,8.103930795505994e-48,8.770291267825115e-58,4.585551512979317e-77,1.72846136449715e-71,4.527224253224544e-71,1.1906773871526104e-55,5.421116820988095e-38,8.003084918230746e-83,1.3508527939188423e-80,1.7572962167256695e-60,4.684248128943609e-97,1.6122331899776278e-68,5.557168751036338e-55,1.5586837599862502e-62,1.2436439601563508e-55,1.0366054780651256e-98,1.066268844402274e-96,1.4588641419202628e-83,1.4108817138680236e-64,4.3302413180099753e-129,2.1314899991865865e-131,5.421376819352965e-117,1.4302827854414057e-152,5.682424659201558e-25,1.5613526568163257e-15,6.379405598006323e-10,7.98790543609147e-10,6.436921562325055e-10,7.57900146406858e-10,1.9378010762404934e-09,1.2914778006670655e-28,2.6941143878490786e-17,3.948554890751688e-27,6.803235321618051e-32,9.670189681816133e-08,3.675908781682838e-13,8.824248544010593e-09,3.602886511953667e-31,3.086407310014484e-27,2.121171483166164e-45,8.578799097644763e-06,2.7026008187726384e-05,1.8135838831432646e-09,2.5385841973510328e-28,0.0001399124917829,7.285424043992153e-10,6.9865217631431505e-12,3.182591213668788e-12,3.375519142860713e-13,5.804865051221047e-25,4.2181639981552905e-15,1.4078730351788068e-28,0.9957447088455142,0.0001953038408498,2.7443221742496274e-08,0.0038842170835173,5.490810505112451e-35,1.0578899407850586e-51,6.740511844338147e-68,1.331504448615459e-84,4.68415011686562e-100,6.672689631950202e-116,2.657638534057115e-132,4.855221845982941e-72,1.1060460669235638e-69,2.4367350845793e-73,1.5299770758231928e-71,9.063963060462335e-42,9.88082962044798e-74,2.8261803308208467e-50,1.0330888195033347e-28,2.7304036165039036e-85,1.017887699716404e-48,8.709091858378162e-39,3.21368098365262e-39,3.620347654496686e-27,6.685382278811142e-44,4.613798318607199e-55,8.182818345306551e-51,1.0449657480113676e-27,7.741020744328577e-56,2.0010537228424256e-45,6.603602440801315e-20,6.594833793645433e-20,2.6529574084631667e-43,1.6058699812288062e-34,3.1567056194133283e-37,2.2151014818089207e-41,2.3467057549915536e-28,1.6445581488331093e-25,8.784570614694155e-23,5.606672303999548e-44,1.049013046682396e-41,1242.9953018879537,11600.579897592794,1.074728335080232e-07,0.9978115083480628,5.5811648674482864e-08,0.0001570685827496,0.0020312597847054,1.479357269814079e-23,4.6895625453106304e-21,12.0,18.96774980945772,11.71542615260406,15.1647906259107,16.27646677120318,0.061588318481090504
