{
  "mae_test": 0.0014686299255117774,
  "r2_test": 0.9297211170196533,
  "latency_ms": 0.04148411750793457,
  "speedup": 168.2571648936476,
  "hyper_params": {
    "n_layers": 4,
    "units": 256,
    "act": "swish",
    "lr": 0.001847650491829415,
    "lam": 0.38406976720910685
  },
  "species": [
    "e-",
    "H",
    "O",
    "C",
    "N",
    "S",
    "C1H1",
    "C1H1N1_1",
    "C1H1N1_2",
    "C1H1N1O1",
    "C1H1O1",
    "C1H2",
    "C1H2O1",
    "C1H3",
    "C1H4",
    "C1H4O2",
    "C1N1",
    "C1N1O1",
    "C1N2_cnn",
    "C1N2_ncn",
    "C1O1",
    "C1O1S1",
    "C1O2",
    "C1S1",
    "C1S2",
    "C2",
    "C2H1",
    "C2H2",
    "C2H2O2",
    "C2H2O4",
    "C2H4",
    "C2H4O1",
    "C2H4O3",
    "C2H6O2",
    "C2N1",
    "C2N1O1",
    "C2N2",
    "C2O1",
    "C3",
    "C3H1",
    "C3N2O1",
    "C3O2",
    "C4",
    "C4H6O4",
    "C4N2",
    "C5",
    "H1N1",
    "H1N1O1",
    "H1N1O2cis",
    "H1N1O2trans",
    "H1N1O3",
    "H1O1",
    "H1O2",
    "H1S1",
    "H2",
    "H2N1",
    "H2N2",
    "H2O1",
    "H2O2",
    "H2O4S1",
    "H2S1",
    "H3N1",
    "H4N2",
    "N1O1",
    "N1O2",
    "N1O3",
    "N1S1",
    "N2",
    "N2O1",
    "N2O3",
    "N2O4",
    "N2O5",
    "N3",
    "O1S1",
    "O1S2",
    "O2",
    "O2S1",
    "O3",
    "O3S1",
    "S2",
    "S3",
    "S4",
    "S5",
    "S6",
    "S7",
    "S8",
    "C1+",
    "C1-",
    "C1H1+",
    "C1H1-",
    "C1H1O1+",
    "C1N1+",
    "C1N1-",
    "C1O2-",
    "C2-",
    "H1+",
    "H1-",
    "H1O1+",
    "H1O1-",
    "H1S1-",
    "H2+",
    "H2-",
    "H3O1+",
    "N1+",
    "N1-",
    "N1O1+",
    "N1O2-",
    "N2+",
    "N2-",
    "N2O1+",
    "O1+",
    "O1-",
    "O2+",
    "O2-",
    "S1+",
    "S1-"
  ]
}