T_K,P_bar,abund_H_dex,abund_O_dex,abund_C_dex,abund_N_dex,abund_S_dex,e-,H,O,C,N,S,C1H1,C1H1N1_1,C1H1N1_2,C1H1N1O1,C1H1O1,C1H2,C1H2O1,C1H3,C1H4,C1H4O2,C1N1,C1N1O1,C1N2_cnn,C1N2_ncn,C1O1,C1O1S1,C1O2,C1S1,C1S2,C2,C2H1,C2H2,C2H2O2,C2H2O4,C2H4,C2H4O1,C2H4O3,C2H6O2,C2N1,C2N1O1,C2N2,C2O1,C3,C3H1,C3N2O1,C3O2,C4,C4H6O4,C4N2,C5,H1N1,H1N1O1,H1N1O2cis,H1N1O2trans,H1N1O3,H1O1,H1O2,H1S1,H2,H2N1,H2N2,H2O1,H2O2,H2O4S1,H2S1,H3N1,H4N2,N1O1,N1O2,N1O3,N1S1,N2,N2O1,N2O3,N2O4,N2O5,N3,O1S1,O1S2,O2,O2S1,O3,O3S1,S2,S3,S4,S5,S6,S7,S8,C1+,C1-,C1H1+,C1H1-,C1H1O1+,C1N1+,C1N1-,C1O2-,C2-,H1+,H1-,H1O1+,H1O1-,H1S1-,H2+,H2-,H3O1+,N1+,N1-,N1O1+,N1O2-,N2+,N2-,N2O1+,O1+,O1-,O2+,O2-,S1+,S1-,comp_H,comp_O,comp_C,comp_N,comp_S,group_index,point_index,sample_MAE
1312.5237803072778,128453.1235102004,11.996813290299754,5.955933695280686,12.711687388217404,12.156836536982334,10.284223885355736,177333.7328153704,633077645175.8666,5.816875589283957e-07,55281.315105577334,17.772137406272773,144406951350.74432,1712346.539547488,3.036347427845196e+18,3.2165928111684468e+16,1095169.601329658,2662332.0247270744,23209622414.096622,46547266.392034456,1698277645635314.8,4.644829388350256e+18,4.922644408087077e-22,149141178591.7749,1.152766812271311,0.8524552807562382,14478.11256214936,6624585679407760.0,17141016108418.8,16333.016964227148,1.3002458667945665e+19,4.2820458376621793e+21,164721847.81076336,1.4503638495324595e+18,1.6012126579278295e+23,0.0008984997815672,5.603988305968191e-28,2.5156687962452064e+21,1103.2700921180256,2.0438586710111405e-19,2.6795093088867836e-24,138932988396031.56,3544868.449101703,3.7600825452172486e+17,117612231.70237094,2.7823906517181696e+16,1.1334556044622458e+23,1007078.3163412825,74292101.56325799,2.30860998450242e+16,2.78122339735924e-40,3.206669247645672e+23,6.9765484809119095e+22,347.12643501426766,1.1044713441134755e-09,8.2249133664329045e-25,1.0203829183487995e-24,2.782295025170004e-45,0.0398105602206063,3.689317302218892e-22,17982374879723.574,3.989012932827335e+16,150207.137837574,0.0288784343109264,177275.60160579413,5.1946487749736084e-21,8.313189147430423e-46,3214465008991911.5,5203193463.452922,1.1388121451301717e-05,3.872708227595328e-05,4.020607418315163e-25,1.4935875797045544e-49,4803927.57901504,891863122897115.1,3.183419316780219e-11,6.1312588886549e-54,8.746365004098906e-75,4.297290270413764e-96,3.1675581166003553e-07,8.484949903565392,1.4358236257224226,1.2588785935263576e-18,3.707192489957094e-10,3.2265824948790404e-46,1.9968718298246888e-29,323353530356004.56,46143563483.98775,21331750.7707089,2486.717926436504,5.983261660815607,0.0064344902506915,1.701339696437317e-06,2.714975380143179e-24,1.3823635283586682e-06,7.928842178417246e-21,0.0013204764871451,2.2284893422207645e-11,5.252759046711907e-28,23011859199.275883,1.2603706720053302e-08,137470951.8910939,2.4816549002592312e-26,0.1925526190653465,1.0953672908813968e-37,8.055604574340906e-11,3147500.5806461377,1.3581177062193539e-27,4.4607442688907254e-08,1.784120069877332e-17,7.269396424885632e-40,1.607067813730921e-14,2.762610151802001e-26,3.189683104523407e-31,3.590326483862627e-30,2.381998476676725e-06,7.887547024741504e-45,1.8496097465045762e-44,1.2446460764100986e-16,7.739699191660908e-50,9.443800132048842e-32,1.660107802367668e-14,7314.669723868228,0.0,0.0,0.0,0.0,0.0,0.0,0.0,5.248373485079776e+22
1332.6681302713578,145734.73106020395,12.047705949736068,5.945316744459719,12.693842667233252,12.139994457075984,10.27256845127265,256418.96613298365,1138740420593.3235,1.83392553454278e-06,108497.23939319816,45.208235006082866,237800281127.4316,3775600.4293692834,4.718485595737889e+18,5.4177353416797704e+16,2756412.48297022,6130888.762866437,51096847452.77357,114326186.73858786,3567049629194906.5,9.52931289945688e+18,4.730982844738593e-21,262363894525.1133,3.1316112779258325,2.4691900500762713,36055.800674751874,9237896745809800.0,26175026031590.76,34737.15212045991,1.568726041206905e+19,4.693179989413024e+21,280493751.73722005,1.993693463910408e+18,2.0844260939140193e+23,0.0032549023427498,5.0081611656978715e-27,4.535091200950249e+21,3875.841728680571,1.7922004716411274e-18,3.430742459014335e-23,214517044825126.8,7595395.09766548,5.487264408573432e+17,210232597.56259835,3.339703195357408e+16,1.2668097973362483e+23,2243879.331886319,130243215.24637271,2.5474394183610496e+16,5.877595518857467e-39,3.473751182273807e+23,5.736027778169458e+22,1002.652525838889,4.99577244769125e-09,6.5876319764826326e-24,8.152209654937938e-24,4.65243561091375e-44,0.1246296988740097,2.462007484663957e-21,32723239929851.54,7.046726436950524e+16,456406.98062171065,0.1205196672397351,499230.7709113626,3.824588503517743e-20,1.5575524862152126e-44,6201610738539735.0,15173580041.147738,7.243940087745896e-05,0.0001297504714246,2.7986757892284442e-24,2.48592903536531e-48,10588962.18278288,1559312207666005.5,1.409808278889475e-10,1.3841095097983681e-52,4.047944274425025e-73,4.531122229928242e-94,1.319489529661467e-06,21.467495863231026,3.787060033821892,6.290096214039357e-18,1.3898902494098752e-09,4.433857463798282e-45,1.475422535329928e-28,488471361895995.6,80513699745.44589,42761849.43382826,5415.94071408264,14.734290969720275,0.0184021886472022,5.457350175175362e-06,1.698475221943164e-23,3.237200202074732e-06,5.1230713493898136e-20,0.0033433155635868,1.0785435289558598e-10,4.321003252948474e-27,34335442599.026356,3.5650312549493346e-08,192087176.9708324,1.9443961145963736e-25,0.4425631679888774,1.4137380206073669e-36,2.7905370967953014e-10,5960931.93355075,1.3388368505243614e-26,1.564600823659776e-07,1.4657092148959243e-16,9.140900558504146e-39,5.834817232286243e-14,2.2549789760038024e-25,2.287427039610823e-30,3.565044388025509e-29,7.302940090267443e-06,1.391811461782041e-43,2.5437760500975492e-43,4.560823891148286e-16,1.3718905068799727e-48,6.30379758098416e-31,7.705161136118749e-14,12889.56686059418,0.0,0.0,0.0,0.0,0.0,0.0,0.0,5.192126030897114e+22
1412.3271886860598,17507.862996876807,11.992734390086875,18.07261228398019,15.253086651159832,13.66419732127622,17.982283606201126,0.1320825950612355,2.641824023035556,2355059299941952.5,1.8580187322931805e-17,45661.84460898731,1.7084206579478506e+17,2.6613451756478604e-28,3.0083835039974985e-15,4.6437006897853786e-17,1.9541167860506353e-07,9.57590877064418e-09,9.608356947008608e-37,6.075216154653871e-20,1.5146211392625944e-44,9.962063075616823e-54,5.165309068307113e-52,9.823170049259311e-10,1.0955796010406806,1.8921720532485368e-18,1.5867283829322373e-14,8507074089904.1455,3877132619557613.0,2.8551528371322246e+21,51.65379981409814,1250979384.183045,4.100130694327161e-37,3.5622564636973238e-40,8.191723662401644e-48,1.9714113077207865e-33,2.994453099590964e-17,4.246381318624429e-74,7.971829192714874e-72,3.8163257376090263e-53,1.1168396759688772e-101,7.168103674547075e-30,1.5993373493353606e-17,4.877551648820159e-25,6.950365109653499e-18,1.9389935628150125e-52,1.5191341963761305e-58,2.5748274627851214e-39,1.0920024369088457e-21,1.5677099466590056e-75,8.973758499599289e-124,2.1433821499224074e-65,1.7244896004791356e-92,4.332559434745648e-07,212.0665928003679,43200968.72970092,52972426.51734895,86342403.94403158,41815323.6684432,252100785.2298175,9103237.85015156,4.1016885323084355e-08,6.373323232472568e-17,1.7686225895242848e-21,30.450340236629025,0.001508739667642,7.838765589988677e+17,0.0005739349477894,4.891344846391926e-25,3.610193567737538e-49,6.809993620714682e+18,4.079616076457284e+19,1.6892313605462558e+16,726262804926880.0,1.2975615398799262e+19,675630208092908.5,94327437397278.2,73101376119142.84,31909026257735.508,8.743378383116774,8.978722246593587e+22,8.978722246593587e+22,8.978722246593587e+22,8.978722246593587e+22,4.5491256938918656e+17,8.978722246593587e+22,8.978722246593587e+22,8.978722246593587e+22,8.978722246593587e+22,8.978722246593587e+22,8.978722246593587e+22,8.978722246593587e+22,8.978722246593587e+22,1.5556122018692396e-36,1.4050237761866507e-34,1.417210264077681e-45,5.174400762718144e-44,1.9508900430746274e-17,3.539793528188463e-38,9.292724459484119e-18,1105.6802320302788,1.796879068305534e-44,7.601281714018173e-28,3.346918997238426e-19,6.5314340807067745e-19,1.7985402523437014e-08,2.538423813823766e-07,3.266982077781787e-41,1.5015468327583374e-37,9.266039901439351e-25,2.476566117099016e-26,2.8851756366639126e-17,2356829.4720974746,4927410.965065041,1.325571304101752e-15,6.34094637029585e-08,8.10387760421824e-10,5.533881606077324e-13,0.1347784703066424,143.20058307566387,31890.627574108643,18.83351415968728,1572.8185041967154,0.0,0.0,0.0,0.0,0.0,0.0,0.0,3.552919118979623e+22
1298.1191925561054,60547.68645612062,11.994750476174154,5.9754480584515495,12.68644446005681,12.162972423298148,10.239026263834,106882.50665014396,419140594989.1942,3.258012452794067e-07,26143.25340399239,10.85880420314561,78543263470.43651,757441.8437242599,2.1056883069274117e+18,2.1026512781141068e+16,693721.7479751374,1484362.1670673685,10471234580.980576,25218847.948612247,808031157559535.5,2.290750280410034e+18,1.3235566405972537e-22,92680518471.23322,0.6776701053046699,0.4454941188878163,8454.209405691292,5239109470128830.0,9949757007248.67,12331.530964438083,6.894374039500604e+18,1.9114572298592303e+21,67079141.80042992,7.041760356530545e+17,8.243932116501188e+22,0.0003696512195044,2.012248422055312e-28,1.0585650665555464e+21,370.219672689406,5.936739449322713e-20,4.701105762664591e-25,73727878333985.55,1924691.6889337597,2.522084630581769e+17,60150688.377946414,1.1362765158273508e+16,4.96965922913013e+22,500001.6010642508,38918184.72624756,7782875375438461.0,3.4447194832418364e-41,1.611677281269045e+23,2.2649669227669233e+22,196.8295755214112,5.863428247146639e-10,3.7358035213774217e-25,4.643154555989221e-25,9.580828502516904e-46,0.0228338800031059,1.5798157391506985e-22,9259659676062.27,2.726406834060204e+16,83603.22921633701,0.0154415939998101,111957.422496408,2.1085432685686194e-21,2.2586888509949604e-46,1615511282600309.5,3040907466.3340883,4.639200334902339e-06,2.515419690025068e-05,1.9868171866952955e-25,5.065342736133653e-50,2557866.676200219,870145601736265.9,2.043190674906239e-11,2.0160749789216215e-54,2.2098210008610995e-75,7.720099364949738e-97,1.9816057865068184e-07,4.381553238614556,0.5641630094734179,6.543489181856321e-19,1.8665274036732687e-10,1.0385773386956122e-46,7.951926921347627e-30,146984443710944.2,14803140021.735077,4849001.298048608,417.2891085553964,0.7198091958298768,0.0005441783326167,1.0376699346489837e-07,6.9401591484754225e-25,4.5361507590260443e-07,2.016468105882834e-21,0.0004167958007316,9.11841474540306e-12,1.3317778260438707e-28,12747619179.190838,6.096917986355241e-09,51129753.307481565,7.061647989444068e-27,0.0841190258537584,2.811558536371229e-38,3.388406459276396e-11,1243158.2916005703,3.326363702874268e-28,1.4557684134546698e-08,6.622041055596585e-18,1.7396984454304283e-40,5.973661438541953e-15,1.181455332383988e-26,1.2181904398573811e-31,1.239116215261523e-30,1.2155487155718678e-06,2.322970389647636e-45,4.447753496948817e-45,4.931295501783941e-17,2.010260075561936e-50,3.1349968298327075e-32,5.3419230266328814e-15,2990.2708049316548,0.0,0.0,0.0,0.0,0.0,0.0,0.0,2.6954962685950714e+22
1913.9158381467375,127754.20032031182,12.009030214066476,10.560441929413146,14.193100069995854,15.908628685532682,13.144265208419595,2174125.2895234316,297480305367597.25,374520.9924519314,1542168965.160341,330071199229.80383,4885112273495164.0,1291291687.1498537,1.14748801309215e+20,6.473514304554414e+18,26891206302694.49,139971612408.16037,40367765609.54163,22825138148.87743,2691871502004.2363,10993222931586.057,8.986753028285409e-11,3.0106225383209444e+16,57987461724.7638,403191533855.66486,301299098076762.6,4.2451388461864223e+18,8.379616594760843e+16,2015664885147.296,1.5871976609009105e+19,8.201964795440067e+20,5640862229.559825,1417882434321663.0,1.255783124008126e+17,1082.0232895845322,8.128074178908826e-11,9964860590743.018,137.1553408051886,4.226110212823354e-09,2.8241575328744554e-17,4.639933434094509e+16,30874612704835.81,2.838257443457003e+21,329939972557.7527,14917727561685.14,3.2243314545632356e+16,36317776314303.95,99561172358.60677,56779655830.22254,5.28043529915078e-29,2.98538447327716e+21,9290113469471.926,213611150445.6192,218881.43508160888,0.0006978510126206,0.0008216667299131,3.1020680141847446e-16,51927733.52118106,9.49990033019976e-05,1.1501720198557374e+16,3.012428274720618e+16,631886130619.5964,6560380806.033778,60865135791.464066,2.506792364844476e-05,1.0795146233435921e-18,1.6702274896802274e+16,22742132634132.71,101316.14784898948,6198615247.000218,0.0074539204867765,6.2006328979090506e-18,4923816086564186.0,4.766717562214104e+23,124937081.93444692,1.0384268638462194e-17,1.3780633181394233e-30,5.3823889944885295e-43,877962109005.2565,61409538337.02421,27364756437.71506,0.3291358587200403,276344.32240408275,3.3576469652697553e-18,5.888819939489118e-07,1.9949731305522824e+18,6416128623645733.0,61121564190315.26,45758637377.85405,1629177545.0544906,45770406.156703465,150654.51120521908,4.216453300778341e-07,0.0079737039810506,5.710602152539302e-06,0.0853296895774258,1155.09319945864,1.7210951837081228e-06,788444482506.5004,2.9895221468881856,400808.0693217463,4.2840453263019745e-08,77.49448744479749,1.684793435853055e-13,0.0045154572772977,22810250.069958977,6.695993909964331e-10,0.0002849116744717,0.0130692923704099,6.882545849828507e-13,0.002552032395067,0.0916325258227909,5.7928875153529385e-11,0.0017645148449039,790349.9070487584,1.8018985027162377e-11,4.5064279300202673e-17,9.574507430797424e-06,1.0347369310696461e-18,5.3659431458429933e-14,241.17294820128933,5298291.287790929,0.0,0.0,0.0,0.0,0.0,0.0,0.0,2.196622260535128e+22
1278.7571187756164,111180.5763232116,12.026863085881509,13.229406805856412,9.340077262860891,5.378420995401604,12.706798716286585,5.0045648840051635,878854048.649556,78104895551513.47,9.143527763005138e-22,4.596431259956244,46.020604034459744,8.948028474858584e-23,3.8643603324463685e-10,3.556590266747945e-12,0.0599350817546242,0.1287240209755198,4.708263161133153e-21,0.0077867553515228,1.4481802042034913e-18,1.597913333446451e-17,1.1379438014224232e-16,3.9466063316300875e-15,1.4259948938000774e-05,1.2479937103702847e-26,2.760298738289121e-22,198680266160.38776,0.3343757231771948,2.3401593786511655e+20,3.833129076778711e-16,1.1379691114225505e-22,1.875955763147e-43,9.297471600720105e-36,4.372083018752343e-33,4.095108266033084e-18,0.5258026142681745,5.830658966686357e-40,7.961302112020151e-38,2.9784426906231293e-18,3.0250573181586418e-49,2.482228195227099e-37,3.567521783991455e-24,9.799879572734939e-34,1.2289239913719245e-22,3.1349300295548037e-60,5.6020491412628895e-56,6.727527957891813e-50,4.309808655164109e-27,1.6204390103025353e-85,3.770827913483257e-74,4.0635163807153776e-78,4.400591674159066e-104,0.2783671980434589,403918786.51720554,110711210313078.05,137949755300237.69,103379493246039.52,2.0949703455708176e+16,5.1663727106459064e+16,18.633338775938977,221233461769.43457,0.4268459488899155,6.231871386453635e-08,4.345109768160999e+20,2372417658925708.0,5.644288547392002e+22,11.644564070731256,61.51565676915072,1.7652877187858326e-16,6179216529527758.0,1.7855383937370218e+16,1444828386730.7434,0.0012156942092469,586785528084012.6,4124792505.983231,46034279.53516881,18716899.806510203,2179178.480592196,6.047430599396026e-08,1274776518349.0325,152.85261086828962,7.548129957730304e+22,2.797523013375449e+22,3299385869893401.0,4.600429207152601e+23,9.127902214665709e-05,7.717040288042992e-18,2.133907905492309e-30,1.6403743379152509e-43,2.4275425391760783e-55,1.5324630934667835e-67,2.5275287276932014e-80,1.1036082665498721e-46,9.019160026353414e-37,1.1792915394999066e-45,2.908642847993803e-36,5.4826086076088226e-15,1.7491433222020052e-50,4.3600242159447126e-20,5892.0172894076795,1.1875797357828503e-47,4.906771486652834e-26,9.354906404732848e-09,9.038398737516807e-17,1907.5249711560816,1.6327917148244895e-10,6.960990144934298e-30,4.010259808536401e-18,0.485782437965888,2.1468754049848193e-37,1.1989389296413124e-19,0.017323267567268,722187.9855372538,2.1166647381569657e-27,3.155320859332149e-11,1.7009957354730006e-21,3.528232223787599e-21,0.6901671756224084,9.45999892061182e-06,183361.08670772423,1.611875863474168e-20,1.1121513289261835e-10,0.0,0.0,0.0,0.0,0.0,0.0,0.0,1.9865577785624036e+22
1437.947511929347,47020.25956581091,11.99080640391869,11.472889785662316,17.972650054127577,11.46798752779636,17.696438039367845,713885.422108998,23731001.645448685,0.0013374763498424,3516664.3660674538,0.959762465880108,10278563576965.09,270.28336969126065,15754973190.029997,265616149.11752176,0.2804025084866753,1647.1709493101478,4.600728100556864,0.0529867024497163,0.3254103962698734,0.000985435842419,7.25225580684786e-39,1246880301.887148,0.3619126076463922,3.139041114736423e-05,0.2231645940063943,1.7878901244246566e+17,3140947792588185.0,15404180.662079629,1.9993184502193983e+20,1.5210280041598625e+23,6010147966.006663,19514345242750.125,1998397503660.4248,3.85949362219926e-11,4.1163181392636734e-32,0.3301799861486519,2.081219681214701e-17,7.105374696275247e-36,4.342713976654729e-52,714567352013.8198,368823.0239689192,345858392177.6669,17371674709.48276,1.7514966415795e+17,5.995204571982013e+17,42.49934164373933,39104375638.641685,1.1713572783179832e+17,1.2960023370688737e-65,8.994279165975286e+16,8.453795252439738e+22,4.942091401182733e-05,6.387562642485034e-15,3.9338963543232693e-28,4.810495838515017e-28,2.846980185132892e-46,0.0001112525990097,2.4832378808578154e-22,2885375651.371175,1705320.717520653,3.629211400876896e-08,1.0790322360923509e-17,0.0003406879482421,7.819604611134361e-27,1.0304176851123012e-47,916122.855928092,1.2581006765352504e-09,7.807669327545331e-32,3.125400902578758e-05,6.739932778136888e-23,1.172845113917836e-44,454736.3018225499,1367271659.7466018,3.1861377114307177e-14,6.918507375473438e-52,1.9044408511796907e-70,3.3115943231257986e-89,1.8056709468003022e-14,21962.420074673853,18956.950614184538,1.2586764623186417e-13,2.8358193583266115e-05,3.382567025933053e-38,2.3425383632098275e-22,5.608414702761176e+16,73817907826992.7,305591952158.88654,231082839.443681,4541277.407568816,46573.536685364714,95.98073548958224,2.910554123223869e-19,0.0001162270775985,1.2972226028547957e-21,2.1987416264592226e-07,2.1028724184470228e-12,6.760458318934646e-26,35466380.54724289,2.934849714648124e-05,763677708.0066167,9.502964383103704e-27,1.4163567591502862e-05,2.2773768835051687e-36,1.9255048819655138e-13,302.3933274115104,2.481271427862255e-33,4.769841591783063e-17,4.393388192681614e-29,8.321580271076329e-37,3.225127749871147e-15,7.964415834969312e-24,3.0295952296281036e-29,2.5999339138361116e-31,4.452837110443023e-11,4.82523055674774e-44,4.380851884494126e-37,3.25043176890743e-13,2.4171148626364377e-41,2.396250348411607e-26,9.787719152272092e-10,367054.0908082508,0.0,0.0,0.0,0.0,0.0,0.0,0.0,1.8474377198055104e+22
1837.6785013003969,107466.85947996745,12.00826625070576,12.560127013031886,15.928318339155012,18.078827264606453,17.822556021051685,32042640.020258065,42675394109881.305,38410033.87938171,113039.96981530414,81247957804.17159,3.1465198242296794e+17,32769.058664057426,7956293947197165.0,385897285445562.0,664397418401.5101,2901602269.7306137,443784.825228399,180021824.59258875,13913732.53699326,25522861.698901538,8.813643424089722e-12,3853208591526.107,2874784964.9152336,28436782.50007238,28146921293.770924,5.2586665834405344e+17,1.4166358179434353e+18,98951752620729.77,4.76961181383969e+17,4.781598892892132e+21,140.0115015106839,22613016.9577007,949967938.1118162,0.922774720587562,9.828271573749026e-09,7577.890007173198,2.606460030408257e-05,1.1048485210764883e-10,7.642141406840557e-23,1945807620.6316257,617982052.0648881,186723597071007.84,6551116.62581051,186.89908601909264,201119.70443846635,243950.31841915063,464154.7562189088,0.0002111194074009,2.8309426108799096e-36,22703763.048083827,1.544104922726396e-05,17909800445.945747,6968591.555694297,6.651630926199607,7.869479000121477,6.492931581950047e-10,2337949522.4453845,0.9074231500765968,2.6539238247611354e+17,1937956595041412.8,20790072753.073326,167268295.7521442,1444733586938.4597,0.0856152091547126,7.969221902143882e-08,1.487198627504949e+17,347343398763.8002,214.57744014234385,806195454168.0349,215.8930818569671,3.0457252392131937e-11,2.6023502841252294e+17,3.382769392794292e+23,13516971168.71568,4.0641593730848325e-11,1.2174485736754057e-21,8.892147993875635e-32,170528791195.60007,1560756428684554.2,1.0501477872099974e+17,12573.9918217326,2955007321809.58,1.6821242197799586e-11,1541.7259845545325,2.472835537309236e+22,9.866912977082143e+21,1.1733402812174469e+22,1.2194815153248162e+21,5.584546394741549e+21,1.9136533115805064e+22,8.23528431737124e+21,1.1610459194528086e-13,1.2582854994572804e-05,6.397407994829863e-13,5.0994058362894006e-05,0.1962394603677662,4.014162799845947e-13,4139729227.324545,2590.1360529790154,0.4342967205552824,1.282494004091055e-11,210.52843889177376,1.7530271437127843e-14,5.048527842875886,14852275486.501244,5.6044298761419397e-14,0.000150349394,0.0005927143117686,2.7860462695527743e-16,0.0096585358606481,0.0743362972374064,4.760553362658082e-05,1.5832715606715204e-06,5847180.547836581,4.80220568551236e-12,9.619217726738157e-18,0.0222257177142606,1.2157589059945222e-16,3.566465942806855e-08,73.62047909317701,9027042450.051996,0.0,0.0,0.0,0.0,0.0,0.0,0.0,1.284946708208222e+22
1211.0248299779712,62224.68850264706,12.013216502232275,19.136421130949913,11.523776556333225,15.050387988195496,15.105111190053224,0.0026654577848986,759208.5084568044,46952641000660.21,4.3247691867025475e-29,75.15437835830518,1.9384338303170585e-05,2.185859985628626e-32,2.024843095430841e-16,1.3726323319331665e-18,2.3739431916311714e-07,1.25662572160887e-09,9.293843029430795e-33,4.785528678660806e-13,2.7474654308527703e-32,2.6643538828474696e-33,1.2044227214031063e-31,1.604315560552443e-19,5.260952544559042e-09,4.3423559821878876e-29,1.7066160518082254e-24,1620720.5545183765,5.4340638759691546e-12,1.8160349724387784e+16,3.224472596052946e-28,3.877455247655687e-40,9.33134075056808e-57,8.387583089178828e-51,3.9051847017739857e-50,1.679550138820813e-33,1.556976290986306e-14,9.76685062743364e-62,5.0010949208618435e-59,1.3027244972108358e-37,4.2874184488536923e-75,1.0191650206088024e-47,1.991567206756037e-33,2.832803476993205e-41,2.4029014932739747e-34,3.599170972783205e-79,6.7891700544466414e-77,1.1331682207653083e-62,2.63285065356705e-43,1.580468806091241e-110,6.739956854270702e-110,1.3766355012870309e-97,8.064922526931344e-135,0.0225545174864195,281080095.6301256,415746947304855.06,522983379911048.3,1120871292124882.0,103834967769260.44,681942691216149.9,4.313127354362621e-08,1642689.4704469112,0.0002291762232726,5.699954629376792e-09,2.5851813921676364e+16,173379701366.78094,745503782624216.1,1.7349297266227202e-10,0.0003104561067761,2.111249722322341e-22,1.6723780193977137e+18,1.4191541064446616e+19,1982381793342748.8,9.59972684233002e-08,2.2594282949235966e+19,220112690431295.47,11277412710155.371,14208137876049.8,3426913969975.618,0.0490433190451616,4954329.096489526,1.423749848715552e-09,3.720493941315944e+23,1.1523511818138566e+18,1.6473606931268466e+16,6.810313241606156e+19,1.4960357972217108e-16,2.0549383751328867e-35,9.435755086553503e-54,1.4888204180005404e-72,3.8871936992129486e-90,3.9129183916721545e-108,1.1738986294451851e-126,2.9732392802602595e-53,4.689818208852008e-47,2.2569357116275783e-54,9.000612594243345e-49,1.4843298302904948e-21,9.455197663329068e-55,7.11947198700812e-27,0.000332460260883,2.68922796247696e-63,7.374674575906784e-29,6.8486193733543105e-15,9.608135395830445e-19,0.0138374393727517,6.963790003466983e-22,3.5150456188084767e-35,4.7411560992568245e-27,1.8525623286329509e-06,3.7776336168087896e-36,1.0913282380575158e-21,74.08181099172175,1102460.3339995015,5.178680013063368e-23,3.0959107847821894e-10,2.2168716796823303e-16,3.669629349379148e-21,0.0005039005078195,0.0001768395378246,647.1504672032758,6.168388556275627e-26,7.78629402475445e-20,0.0,0.0,0.0,0.0,0.0,0.0,0.0,1.2761935591697489e+22
1948.351805228142,96581.14711165174,12.007558809845545,9.934129610318749,10.900087695445707,17.991934653684403,10.96519694054444,671903517.4760054,1247867313775280.2,6675171.4245437775,421400.1623093671,483810498210.87103,636797215153533.0,1017228.0526069556,4.753911984532067e+16,2860138194626822.0,116851415048.14693,812044077.4515505,83315063.66771469,366782163.4822496,14059902801.201204,148181950257.99573,2.1295197283210968e-10,5234791141042.519,102084562.42850009,72938019.6321871,48360648015.93153,6266988560229482.0,11720091145109.129,29838591935.92185,257017096388328.6,1083193674547140.8,219.50379011773504,122245711.54653431,27302804458.95364,0.0272113728211366,2.1462645274793937e-13,19409597.8365515,0.0032603876262685,1.0674800829591744e-11,9.341654272979252e-20,1165641196.5023637,7181266.329373618,47504725047891.22,95452.05126975109,69.71743183922379,371759.35096953425,974.9878020230726,32.414402336414256,4.001370848793885e-05,3.4200412482319273e-37,1010678.0074153008,8.28642449117675e-07,908778227695.178,9506112.229291208,0.34246617519319,0.402400636627439,1.962935546678518e-12,2410860820.912091,0.0577036719879574,4259229945488897.0,3.261868307880117e+17,7346792090394.747,68634331137.1434,6809603912055.506,0.043300512170298,1.769324259970551e-14,1.7025949933241848e+16,672856689069747.9,10304089.418073572,80558194005.17525,1.241433095771113,1.4867682203757882e-14,563402883251107.9,3.590385677495484e+23,1417634937.1863604,2.2135919392491846e-14,3.744840275061461e-26,2.0191041815863563e-37,927206878325.1268,80384714274.20683,3249221772.6416626,60.36925686566155,3534993.8331113984,9.890094842258224e-15,9.273349479769709e-05,2.127283125598485e+16,6749085818630.721,6326471075.046032,445390.4226113059,1540.6272609717716,4.301993271464029,0.001366063521473,1.2800924775758173e-12,0.000572553215928,4.6653254015538297e-11,0.0169866598155155,0.0534116249375461,4.525460230913374e-12,27368070392.09492,12.653203925136408,3.032460476044724,2.5649344934393704e-09,90215.72127491502,1.0690033684252882e-13,51.83523720086171,1976624386.3667896,1.265970641019756e-10,1.223206362053174,0.0397592101033312,1.5936857493706437e-14,1.134521725061772,0.0106601730594542,2.2539348657697326e-06,2.3486159996889884e-05,213064539.2525393,2.719247556659883e-12,1.1476692468999777e-17,0.043894216039933,2.2961008996803217e-18,2.831955631713321e-09,0.3163637604064886,166235445.84535375,0.0,0.0,0.0,0.0,0.0,0.0,0.0,1.2152903940828584e+22
1262.290666443404,55263.0913214152,12.012608726071816,14.929291233536002,9.385877708214805,14.697634811807964,12.93835738802377,0.014108218521587,229693709.66204137,92418197976625.72,4.511520071470164e-25,36463.55814177763,0.0415042850343162,1.7509829092264726e-26,1.8705527904462736e-09,1.6030678388113562e-11,0.6194825512898869,7.931918362888294e-05,4.056115164752849e-25,1.9927520180805092e-06,5.718945536825188e-23,2.8329270022019497e-22,5.507598613302211e-21,3.892081761296695e-14,0.0003133195170703,1.4360496320409909e-21,3.6316893363119546e-17,434179085.7172922,9.465400642304427e-07,1.15198676714096e+18,4.083381954557851e-22,1.85294932753452e-31,9.41379336032748e-50,2.4800346587776017e-42,5.382469394747191e-40,2.1833358242208044e-24,1.3497648253080426e-06,1.0399599523367756e-47,2.5744344224667504e-45,4.59519158638517e-25,1.97026279425602e-57,2.4656025540509464e-39,8.676882104327786e-26,1.8568650838858864e-31,1.9340452414116494e-28,1.9223116405858438e-69,1.6092289905382057e-65,2.5738679415118335e-50,2.0264123619164013e-35,9.610104233726184e-98,1.359716142071664e-87,8.06933131296152e-82,3.038470284321625e-119,867.4421884858622,2768934923529.8853,1.4978491016425605e+18,1.8705096338519196e+18,2.3856911576921027e+18,1.0965304531713094e+16,4.526976692836711e+16,0.0067621413808261,25826638332.607124,559.1141127789587,1.1183539320822982,1.0981019125429009e+20,837871419368044.8,1.3111273212768494e+20,0.0017642507682136,36744.725418642585,4.2182428320762303e-10,1.256808410808643e+20,6.219841607708194e+20,7.613786336310101e+16,0.0153626016569029,1.1770152679193973e+23,1.189203808597999e+18,3.3603164643187504e+16,2.3688604526329612e+16,4353945922087934.5,102047.99059878064,2571908743.8833985,0.000417132563552,1.9437875131764606e+23,1.3039893898065466e+20,1.1352078169302238e+16,3.8492956806665433e+21,1.2468510800234276e-10,1.3021933951787146e-26,4.4703377508021635e-42,4.4825024957523066e-58,8.352603277265932e-73,6.484281793137792e-88,1.3562559748389077e-103,4.993968905977612e-48,1.4861447819305746e-42,2.2798565918950076e-47,1.965235693304792e-42,4.481530786976757e-16,1.1267428083688924e-47,1.942673443820812e-21,0.0879666180778268,2.7723825162538736e-56,8.919036348195884e-25,7.684208519099053e-12,3.454688780345179e-15,3.5644297949428756,2.232585901372677e-16,4.5391874723714475e-29,9.960813677290113e-22,5.354661571327844,1.0589485870247083e-31,2.7101725048612267e-18,40997.02963562951,95686627.25448991,2.3345560598247802e-17,1.5029195610258553e-05,3.6912771991878614e-11,2.8997707699857003e-19,0.0027913440993125,0.0020320575269964,1426.7846309891802,1.4866223894471668e-21,3.6886487306744323e-16,0.0,0.0,0.0,0.0,0.0,0.0,0.0,1.1354095388477245e+22
1434.150291546626,58829.879457275965,11.994062521082272,17.107362699059653,11.71741539918644,18.091878261535285,12.34250313536968,22.428496956045073,705859869.7702806,592800495430610.8,1.8547714758425893e-19,12127376.311482456,0.2827574268063804,4.5713019883361855e-22,4.133368702451463e-07,6.879392643674447e-09,3.626483785157513,0.0014732300307397,2.542781038178197e-22,1.5323110620247198e-06,5.919878480440805e-22,5.878592483270757e-23,9.580100656490428e-23,9.817401512209635e-10,0.1415310530397838,3.3471894906483294e-16,2.437659540678014e-12,5303661511.079745,2.735178612802045e-06,2.2741368191131747e+17,3.3956374984128867e-19,7.813388399587074e-30,1.9047662904187716e-41,2.090731710772288e-36,7.055029777345463e-36,3.279020377535089e-23,8.58214061215171e-09,1.180987732714868e-45,3.5623804857165033e-44,2.9777064104605156e-27,3.434217664548329e-58,3.373797175640425e-32,8.799135256156137e-21,2.416850504766093e-25,2.9085568345240233e-23,3.448714751220097e-59,3.9007015985729385e-57,8.679050933306337e-43,2.0538361381619033e-30,1.3726055955059549e-84,9.248783521860485e-87,2.2737976326611e-70,6.098367019348257e-104,19992.153145317356,1280690890024.915,3.832743534559601e+16,4.688677005137119e+16,1.312837991068603e+16,1612875063261991.0,1698423161081868.2,0.0025521724627265,1662052131.7537248,475.7733663477883,1.9721125759325209,1.6411913151117133e+17,1719943103600.267,16482517037261.557,2.6226700630962023e-05,542.3495199718154,1.423474779189383e-11,2.0124301288885564e+20,2.055828629653092e+20,1.6567940719424214e+16,0.1751455949807281,2.691017664062032e+23,2.877649506423476e+18,1.3653593207034772e+16,1783848716457616.5,144783580114148.28,45365438.2071984,300375569.3165579,7.672132257017858e-06,2.7598876938328967e+22,1.9392942328103104e+17,3359307262874218.5,7.65243044259373e+17,4.660003143435831e-11,1.7853862112573295e-27,2.1531391556455087e-43,4.785650005402226e-60,2.746743357604094e-75,8.191685822212305e-91,4.93686740444983e-107,3.825841474897637e-40,1.9866181989940108e-34,5.542252215936484e-41,1.2128840747276702e-35,5.0098998732503704e-14,1.2477024992333591e-39,9.557558507917524e-16,13.801056211728644,8.327818571887135e-47,6.701454885924114e-21,1.3504200115764144e-08,7.896647281093503e-13,91.56343597129242,8.8613938783585e-15,5.510300293046528e-26,1.3886074965566114e-18,0.0174776664749762,2.4430477250834627e-25,1.2833917789150596e-12,1334238.4630328054,3065862624.6975303,1.1627877700712529e-12,0.2670573330735096,1.0480209087704385e-07,4.6024471149133304e-15,4.6885313557702775,0.1298513859323293,167225.51940369786,6.843935117589374e-19,3.329848886821298e-13,0.0,0.0,0.0,0.0,0.0,0.0,0.0,1.1011609632161334e+22
1559.6897653450671,109182.18829085537,12.02149092817231,12.65389774918732,12.442891011524503,8.0700117834255,9.755228965632966,8596473.92589632,4617170433269863.0,1036654749.4455208,3858.346394808601,1358057.2106001195,15274714853144.912,6292697.21717084,1.2319489634687283e+18,3.0354455381963116e+16,7.402958255008882e+17,1.6321995361957043e+17,1302012726299.433,8.741167915907722e+19,9.055265162753084e+17,3.0135989234432672e+22,3935124906.263112,14210207723.095442,111821494617.5512,65.80168172232663,230136.74309181632,1.3563085428787527e+23,5.242156318956788e+20,2.987166779850715e+23,3141956963480919.5,2.1799289907924416e+17,155.0353995701869,2255126990833.792,2.202172703064744e+18,6.490910643568627e+16,5.925429234334006e+16,2.5380907887442575e+20,1297968105833261.2,4.080825052534444e+17,6375910.148389053,204090138.6107272,1716899756738.6724,1324960375629.8389,1969917720779.3884,39616.46704688657,1186825487410.9165,193335717.42332125,6.517663609560726e+17,0.833014298239065,52930.04534554018,180803591.35208744,6.942638311868161,1556241142.8737316,5792035463.5038805,18427024.64127256,22268854.25732689,1.497461505611663,1018819224107491.6,280461292.5581019,8.400686478303054e+16,3.7204305436489097e+21,17765324479773.188,413082477.7460778,2.3180270504929772e+22,172371384875.9051,32370077007.685,4.308461582132107e+20,6.234529462609917e+18,3306176780.8156853,561257252895.6123,132297.88258585965,4.91176142112199e-06,46510272467.15419,5.742869222065164e+18,37398569.23100514,2.1298823319939085e-08,6.072379435487023e-16,1.7861970605274956e-23,79.8601866846798,857371047929392.1,128333447582488.12,2964382480.7755666,2.4607357122004948e+16,0.0003271320667957,17387053675.77237,7893149544509874.0,2927278326687.6724,3341816577.611766,535247.9728288833,2690.7670902230902,8.021135205805766,0.0040680037388726,3.6106745045994523e-20,6.122043435845486e-07,2.2924526268205635e-15,0.0202622950185535,3318.1045682079043,5.3136055068853325e-22,387863337.69616234,4539287522052.068,16.161422711025118,9.11022923881252e-16,18265.627181184245,7.937571660573006e-15,5930724.816245484,21993173622.239605,8.613426677698731e-15,5.537455700839684,2730974.5365702813,1.053308759951602e-27,5.096379320675713e-08,4.55116289425213e-06,0.1429862499711177,1.8809402024744736e-18,5.516586141353353,1.8367322398169287e-20,1.6843930901371765e-22,1.068380441027283,1.0647323086320495e-16,0.0046186895545973,9.20161702820216e-08,1566644.334204777,0.0,0.0,0.0,0.0,0.0,0.0,0.0,1.0887542097829471e+22
1592.3831547449213,113337.99518377872,11.971835252909877,13.90363306982336,14.897080490089204,12.182162096927742,19.127700535020377,5988043.714311778,2443750076323.5225,60378987.94456384,3.662003962533367,531540.2790684242,3.650686343714355e+16,1.8477262757390585,32723898134.728416,883985675.9774895,536056808.5002917,790405133.0564176,103.31072190251916,123508372.3083415,18448.46147580975,161967.6410839238,3.0614000465781726e-11,1603670.0758678075,326362.3236968557,0.0017740621127414,5.2255971290509935,1.366079331142308e+18,7.952010481199581e+18,7.671038485501214e+16,2312988853600896.5,1.9521823493200652e+20,5.502426165689576e-05,169.86625978872794,42294.160831289024,0.9954066800718184,0.000630182387732,0.5188496814225182,8.951658667660118e-08,1.989407216725891e-08,2.232426911324039e-24,8.755825921252582,1682.8037837477468,7195.634907849336,11632.439096168402,4.136268546321687e-06,0.0309079312273057,1.1814701071756518e-05,26088.14736737607,3.4967187672133715e-14,1.5838534381331538e-36,1.3579355011625973e-07,9.178857716408331e-17,190568.89966719272,18602.33424043639,1.7895532371462848,2.1564629207930164,5.308498367763661e-09,15921269690.27188,163.5947139336229,6.090896700425834e+16,521642995359290.4,624018.6795361947,2.817144107736129,86870237514965.28,30.4867640147975,5.5904147635680355,9.045999691752658e+16,56634528.2151865,2.6863168007633444e-06,4721512541.659501,40.34377020690388,6.390019089698898e-11,20908445632529.35,1.972271756323815e+17,58490.02406204729,5.297842110052288e-14,5.409570651232982e-23,6.41348420026665e-32,1.00069429374179,5.254895940156963e+16,1.1174140884138383e+19,4586497.90809215,3.715460244567511e+16,2.529517112821925e-08,897076241.9476981,2.313868236058613e+22,1.3717383503554137e+22,2.4911476530380945e+22,5.953253920442817e+21,4.674938510420348e+22,2.245874051400319e+23,1.7624511754126236e+23,2.8354365000934407e-22,3.2335279281053157e-10,5.055152715094082e-21,3.154934673125423e-09,8.26767458179055e-05,7.6937148148611965e-25,16482.054863653968,733345.5260462177,2.0792413279236636e-06,5.7010054927946596e-18,5.817371983250441,1.377741805884532e-18,47.309095991319175,7565522252.814941,1.898380200339026e-20,7.747085716792713e-07,2.073107061186961e-05,5.6327934501746774e-27,1.3621869980692864e-08,2.3290580108904426e-07,2.051982045346371e-05,1.0347093176795162e-18,0.1637544824645961,3.069247634967524e-22,1.1618278667980482e-22,0.0336010367017931,1.5397776256596884e-18,4.526119311940734e-06,0.0015804735024301,1839481713.989212,0.0,0.0,0.0,0.0,0.0,0.0,0.0,1.0707064764043937e+22
2931.640923151249,117694.42192064876,11.982918095344248,15.10855384119694,7.946236503740334,14.1386866377862,13.827857017928345,58708742167.51475,2.2907588023847676e+16,6.700145309138758e+19,0.930364406884868,2111937522708703.2,110842610430567.2,0.0401147065797139,44058.071723759705,8718.87402082286,59011905.33552453,23333199.11830219,0.0096233864407336,92126.51350212697,0.0025884801833874,6.415945066791447e-05,0.0001421969784111,9303.154103113806,52771100.60415158,1.0300782920050064,74.660935511726,31029745406670.973,29770239.965372145,3.668134025987892e+16,42.36908971233116,0.0055939693936083,5.930035676585674e-15,4.498312223995806e-13,1.5411769166336724e-13,8.34065176593468e-08,0.0892069215528218,1.4402993373894717e-19,2.3401206333227565e-19,7.925339919164696e-11,5.3369276770774655e-27,3.494948244912327e-11,1.0484687848460368e-05,2.826310548024483e-09,2.4354639177457563e-06,9.239260646854484e-28,3.9013840714255886e-27,1.304253741907089e-21,3.036777078613816e-14,2.183784647373188e-44,7.071643743997741e-50,9.69024964928309e-39,6.536875207548709e-58,78095127882200.14,2.6918616380823024e+17,2.2103997022852133e+19,2.495339540440236e+19,3.363462110571271e+18,6.269915433144076e+19,5.148482021140943e+19,9786785525754.867,1.3068421507976842e+16,4136335596148.167,20908416352.840847,1.1067794412082867e+20,5.377639293511145e+17,6.031921087368102e+18,297009148892.5849,675777970749.5317,19888.362188206655,8.132734880452388e+21,2.8898054034046997e+21,7.320052950959752e+18,31374346100768.844,2.300173725781455e+22,4.43860501562274e+19,4.55068113240725e+18,1.741036629453201e+17,8.490600690198947e+16,127444824348469.2,3.3502040950720456e+18,28780230003120.035,2.2830742072085575e+23,2.159647758611538e+22,5.805693409968229e+19,6.347430784367325e+21,115307436132.33804,38703.1802032522,0.0368670256127405,1.1157598337276795e-09,3.098667779089352e-15,1.0967560648904648e-20,2.413220874054868e-27,3.51040058790538e-10,4.8487312455139535e-09,6.165004125166053e-11,1.0777316454889783e-09,400.9502699371552,3.151835129550051e-10,1.075098163358731,273708402.7846525,1.1327029098227038e-18,625.4645177145413,17375187.410253365,16635882.154286778,1641389399213.517,1792003.997950944,3.0225867860795583,416.0834742458229,68605254551.08564,6.128463826036822,271820.5251710015,2373210163864095.0,2228016814488382.5,1094559.5524212006,16517038212.191963,305011858.8387835,1562054.866217782,1121037457634.733,5226574677360.684,220236052679742.8,1080785.002998317,21266622.221866857,0.0,0.0,0.0,0.0,0.0,0.0,0.0,9.781922438021615e+21
2266.411595808745,113209.2445537188,11.98788467857732,17.51437614991253,13.72822348419908,17.182469535795118,15.54990896694962,36883478.24843295,7498570222650.658,3.537033112610271e+18,0.0039333361286295,15993750854141.564,18151973506.76533,3.085594946654654e-06,1624.2377160325736,161.22958749328075,34165515.502134055,1331327.770502971,3.8814339537095914e-08,143.70365035387056,7.71837086137058e-10,1.1204097743045002e-12,4.508464978510894e-12,2424.680983983497,308886538.8764152,0.0780875764762489,20.425351188594693,2817432379101667.0,12703933.62292312,8.14826709437255e+19,0.1468401250921203,4.634963379778112e-07,1.1940326504089098e-16,2.785687295599966e-15,7.164740240667517e-17,7.533238531368648e-09,3.055697297540322,9.683552617485395e-27,4.5736140008512174e-26,8.105631462856556e-15,4.4514911067840165e-38,3.555118649743579e-11,0.0007025901987626,1.0365026149046949e-07,3.060700536961015e-05,5.812916330121342e-28,2.905426811798641e-28,1.840551099575111e-18,5.765306244499482e-10,3.1105538605140553e-44,1.475507592740084e-56,7.482684287333631e-36,1.5113982956849728e-56,10245363296.471844,742728066378002.4,4.1204204077027904e+17,4.763428648643873e+17,1.0178365506890082e+17,1.870671696755139e+17,2.1547471755461555e+17,35032130.00770165,267256018584.602,17720149.437521905,123624.3560185186,4.2339196390399544e+16,47281274906373.27,1650394953524934.2,31767.21081011731,199983.19979376817,6.727686687960317e-06,6.118165481832521e+21,3.85567386068332e+21,4.716416453832144e+18,9786872704.274277,1.1089826115029503e+23,6.360201877841933e+19,4.747236553835384e+18,3.191450675251049e+17,1.2541935086135064e+17,6820805952329.743,1.393442719716337e+16,957247385.1123168,2.353467172458921e+23,3.0233491360538275e+21,9.172684991357748e+18,2.3812626401832044e+21,460284.92326956143,0.0004800968658246,1.4538575930609945e-12,2.3168137799967697e-22,2.344516758506739e-30,2.2976892995603263e-38,2.0162796962334176e-47,3.3440481296345025e-15,8.143106453162318e-14,2.3049436794995794e-17,5.664262718422544e-16,1.8450511187086736,6.505857923403942e-15,0.0225462927589763,1009518110.3550512,2.394052455452556e-21,3.044154062492244e-05,12.627172291913146,11.698063196173834,38056322.90899584,0.0985503627148846,9.940182510265052e-10,3.8005583399380867e-07,6279.315300169413,2.296397169698851e-06,1.7460454704361588,41979406454006.17,42582610897582.48,76.00848101329026,11158232.95721412,139075.34747809198,12.11562768242186,299519676.76525915,4860966813.651858,340985992776.7953,1.1657246145797355,36.33295486263189,0.0,0.0,0.0,0.0,0.0,0.0,0.0,9.29884432953871e+21
1612.9508535732014,46429.24357599482,11.990751505907166,12.6353057547264,17.395584155945347,18.91093090803995,13.955684343154756,1877.320662202061,11937059587.143848,42.88105153962958,2348145.0060593053,853506263.0442349,8413481426513.54,4175.028897969187,4.871193288024895e+16,1391603609648879.2,357145583.63073796,588751.7917684912,757.5723985264078,312.8597029832775,425.61740258195687,11.951701136822006,6.790093629586812e-28,799940166120268.2,70573318.46106403,1052575873.244586,2793029845442.9395,2.208237651996868e+17,223757355521222.44,5329237380.23658,1.7238093410811338e+17,2.224057722957435e+18,12839089.715703256,111061902376.32196,86638711742.54424,4.2679190990644555e-07,5.190265803387349e-23,14.079359401641922,1.237870205673064e-12,5.347213132961448e-26,2.5727966053203655e-40,1605658369387015.0,124043877601.02034,1.066500451477056e+21,899757989.8816191,303467967771.3819,7008327971858.537,302932590289.5767,256459749.2196102,976025736.379031,4.30141433235291e-54,2.64811666796473e+21,840002025362.3357,1085610.1895199255,0.0463285807177537,2.1248385244827496e-12,2.5560245386577677e-12,3.3697537825223045e-27,36.534703280485076,2.034228737802924e-13,48875646376.26445,8169469261.612219,11963.251427521403,56.625652428316194,601.6009681708971,1.3196514329783727e-16,7.767011105946548e-34,245708046.2153482,3431.0448765408505,7.661806585806656e-10,2936154.8974220473,1.3354979419199068e-08,1.243457581196769e-26,4954812421962.646,2.047736493056104e+23,37143.32986980625,1.0707568639009483e-26,5.778601261973624e-42,3.8900011912765247e-57,1599069149.9711127,5222320.358369895,186528.22510962308,1.4350303715060734e-06,1.5539257258970232,5.1220062930012e-27,1.9268537624827937e-14,819122577842870.1,87641526098.33904,28642717.722807854,1184.69964026547,1.6557513687223964,0.0014428905822597,2.0036367807338117e-07,1.683674663140099e-12,5.6687624679623017e-08,9.971608445233876e-14,1.892038704984996e-09,0.0004271989542187,4.641156270724625e-12,1772313618.0582356,1.5006682586815702e-05,102.1938552419078,3.204303952676409e-16,8.147419368727204e-06,3.502172738737269e-23,2.8161449269463758e-11,1.505941787441743,4.0685131755360264e-21,4.7323762596786485e-15,4.063330952645796e-15,1.1364378315581322e-19,6.7730792611974895e-09,1.1123527023712764e-06,1.6770939314657673e-18,1.4869555180882613e-08,60.762769997477506,2.108779930287841e-18,9.5036706316521e-25,6.405768089353662e-12,4.804798011927991e-27,4.1889158119911793e-22,0.0030959135242974,107.43855877457632,0.0,0.0,0.0,0.0,0.0,0.0,0.0,8.393065936421179e+21
1855.4028649986644,75777.07953990958,12.015722859980864,3.3335259251353007,5.227474864365001,10.599834966713926,11.194612381008474,19359184000.538456,4.393070227889011e+17,330.7542643096963,0.0939669607308639,7469716166.022677,2472491245230719.0,226.9866166027967,2844435424662.3647,143054481715.64297,1517.0799558873,105.21609163982129,24275580.272215016,53175.68740619418,5893174070572.445,8.462257116668422e+16,1.5521617580358314e-12,184065.1582541297,0.0008596566402859,0.1029232449824411,95.23006442027187,1922287.2936026847,33978.34793078004,0.0022519004897186,1998655724.5898552,120836262653.93338,6.702320824058509e-11,0.0777648067605634,25240.54008387308,1.0292284034532065e-15,4.354598773028686e-34,14582558.981372911,3.487757022578248e-07,5.916872760624332e-23,5.902363313478022e-22,5.394375586812808e-05,1.0202268850182679e-10,0.305182535214234,1.6496777486772408e-11,4.682179928145378e-17,3.8492032400741144e-10,1.5263505237247657e-21,3.6640387532171555e-24,3.1426734122688077e-29,2.746514611848309e-58,1.2278602695143972e-20,1.238203580341094e-36,13775137645330.309,33714.90894688831,2.142900564554981e-07,2.532333601239405e-07,1.5003579072596496e-22,158484945.6221472,4.448898141724634e-07,1.7236522328907655e+19,1.5624769683174654e+23,1.2930429364116632e+17,72633355563511.06,737807436761064.2,0.0003470733447975,8.200143704674647e-23,7.841819755508775e+22,1.6778139329523165e+22,7063600240830126.0,430746.6769447342,8.246430306172711e-10,8.8775877546173e-28,140841332592950.8,1.584723183103168e+21,495.7255309327318,8.216230668260598e-29,1.753572790659745e-44,9.548238691045569e-60,71585629.91631864,76440874.81836316,32943093.38290793,6.842629311260181e-07,0.8882485605530512,7.430230424415313e-27,3.2384174266397736e-15,1.174256083992775e+18,3145620942253269.5,25075569667400.887,17031182026.82776,519088800.0915068,11989777.688837511,34207.14684393784,3.1969344511227143e-22,5.771706889990137e-09,1.412193898104814e-17,0.0001908110014644,1.954815654183954e-11,7.554787081919263e-23,93490.56255954067,3.411635481579209e-11,9.68303180526678e-11,5.035202132642735e-10,1233237901.4555187,4.422558491574793e-18,182.48852830463613,498928934148383.94,1.9299449452922983e-08,8429814.841877194,7.618474618570958,1.0343306749439501e-19,0.5311924719379914,1.1649822848251828e-10,9.391102031720017e-14,3.1899280666358386e-11,17986217.007018976,6.454895632336266e-22,3.161156101364465e-25,0.0001043488916816,2.299229198892309e-29,1.1270995253749284e-15,0.0018123650657267,37255597070.59083,0.0,0.0,0.0,0.0,0.0,0.0,0.0,8.318351351265892e+21
2339.33676936013,98282.13022258689,11.984110344443687,14.104006517932737,7.231745010266791,5.741796780875033,11.323643903520033,1256199248.4580803,2830300557562057.0,6.007434561270286e+18,1.8786781994529348e-05,6737249.460765552,6625242685.868057,3.193163361989672e-06,0.0001545139602982,1.6871557159084902e-05,2.516423034973209,628889.0693382213,7.535594591127934e-06,13885.086069581675,2.676130020960574e-05,7.153695970624978e-06,3.442438091394327e-05,1.4120114187075426e-06,0.1324261705374651,1.1560399777182364e-17,2.5333136505098044e-15,3869831654574.333,3991.57670066597,8.131616665298493e+16,7.929444639301022e-05,4.5794829317829184e-11,1.0349776100562405e-21,3.541851197653627e-18,1.621434853340789e-17,1.0850807549482327e-09,0.2473313385924039,1.1517231277535185e-22,5.29581529816162e-22,5.247221241124896e-11,3.7135575445299207e-29,3.853462894394605e-23,4.875410367178165e-16,1.4714124928791442e-26,1.2349869291847207e-10,7.074987797537417e-36,5.99703446830684e-34,4.06655367481923e-40,2.1549523033464024e-18,7.556576232856899e-55,2.001663255760444e-53,3.5136215396134423e-60,5.6134156006937415e-70,942733.1267856352,50829040542.44675,24462509139656.93,28190517317555.527,6379386678241.22,5.9032432224286835e+19,7.327082959073535e+19,2705404119.37281,1.848691322719471e+16,326087.83759588026,0.0004664161441718,2.2147710493112213e+21,3.414702471193695e+18,1.4247985320223328e+19,496378307.7844925,663124.009411664,1.5117189146822055e-09,1550712731639373.8,1020418909198032.8,1554950108638.2805,702.823410421082,4137771979.9202886,3160984.7670204295,314439.99741262704,22015.132873084345,10080.972630338283,1.0113288067770056e-07,3687522680395086.5,54066879.21101334,3.0051215010717954e+23,5.577411329390814e+20,1.7120168111731632e+19,4.328459972845621e+20,30746.611767978226,7.775022284576097e-06,5.6908836643896126e-15,2.0469423067909247e-25,4.913090843867594e-34,1.1837592773138046e-42,2.4358159545415832e-52,2.967341569701605e-18,1.0331529405394125e-14,3.992477499463849e-18,1.455463650534172e-14,0.0989075394921241,1.1147066559895195e-24,2.3116325225411598e-10,30250246.650193505,3.517079470414296e-25,0.0031004178036986,137236.68269262844,934.4583624200772,291140324898.07117,168.839215072042,2.5127213474012903e-05,1.2918389282562504,10368530545.76212,3.036208269092442e-13,2.4172858545940465e-05,1432399.906961501,251145779.2675953,1.053211093815981e-12,1.7517482552510153e-05,1.679654854009231e-09,5.56175647344043,13080783582.771715,1308286385.9990463,13231167601151.836,0.0682047338546948,308.8011598368849,0.0,0.0,0.0,0.0,0.0,0.0,0.0,8.300199795077237e+21
2268.649447167502,102947.7470808285,11.985606598523416,17.500831652468833,13.681189488509446,17.19117276047484,15.56067549648718,39198338.8899612,7893769818489.699,3.3842199816804096e+18,0.0038613052576817,15911750869270.822,20328571791.252563,3.133176940704225e-06,1563.644794190032,155.68395053107687,30696910.95482774,1240766.9267790725,4.0582070021722e-08,138.2776878469608,8.29628187638534e-10,1.239280887339128e-12,4.439823261392939e-12,2276.947429065327,270284043.1763272,0.0717960883490558,18.674738828133755,2501710221703202.0,12447248.09932978,6.738897639056972e+19,0.1555580285414645,5.379929518073087e-07,1.1159886235520676e-16,2.6600235835231103e-15,7.032682470141596e-17,6.453463757569049e-09,2.2754222002164872,1.0205895512298596e-26,4.531452119581219e-26,6.980406259418723e-15,4.500668757069985e-38,3.1810197729591603e-11,0.0005832141826243,8.891751255230274e-08,2.6271562573657424e-05,5.130814311515191e-28,2.6322552931805263e-28,1.4075683563344925e-18,4.3395468205357704e-10,2.621775596070166e-44,1.170664893003172e-56,5.8192136774469375e-36,1.2062728684533285e-56,10545870604.341108,712607702857185.1,3.702881533816199e+17,4.280303548143771e+17,8.62089839870684e+16,1.8423893083514224e+17,2.001424109850012e+17,40550757.87102488,289473917823.18665,18818944.30325677,127671.7862056311,4.276813311459523e+16,45397337833066.11,1516447481908913.2,37952.76485117951,218403.2442834747,7.4897471347193806e-06,5.635656135334529e+21,3.3461926462143694e+21,3.8780361649883464e+18,10644612340.332315,1.0447875418369955e+23,5.689106952824963e+19,3.793393456848112e+18,2.4024804873624378e+17,8.926329951867078e+16,6381094555014.725,1.4534130695048982e+16,1099333172.2684822,2.099629995932517e+23,2.93334873494133e+21,7.7925755853255e+18,2.1727548947688488e+21,564808.8916924869,0.0006512628572886,2.1800168604208836e-12,3.8317776867332337e-22,4.283645043164901e-30,4.642935417927272e-38,4.499325401273781e-47,3.2745647110831802e-15,8.42931322718279e-14,2.3269284780367346e-17,6.052062799399709e-16,1.6886719777145756,6.183416304110957e-15,0.022037042719608,883802393.3048321,2.326118854080545e-21,3.234517791115253e-05,14.052399937328213,11.605281709111908,39408012.186777994,0.1196063141543594,1.097177830422056e-09,4.425971258533821e-07,6494.248832677097,2.317015950108085e-06,1.844076339813677,38180481857146.49,38752467496654.8,73.01121078091596,11247317.23223751,125147.05842283549,11.701054311908798,301875550.3699966,4343110290.840455,322144015649.1232,1.2961633069498495,42.72722634159377,0.0,0.0,0.0,0.0,0.0,0.0,0.0,8.276626153979753e+21
1219.5114584697235,21076.204110126775,11.990191482216456,17.22300215613398,18.76646003798684,15.183147802403766,11.481892455976782,745.0886807144819,66319.67182115895,0.0239533827410504,1649.4428009333978,0.0036646937525773,10226594.684190918,0.0575749928802783,13702104306.297283,96693134.4526904,5875.926510682742,972830.2739418,0.001594078281793,24.92807669363024,0.0002999424945314,1.8732542635141548e-06,1.5117620132987485e-35,177283330.7102721,2075.7727940895893,1.882178446113788e-06,0.0685877383934879,1.4992734280931269e+22,2.161837559962791e+16,5.96147129174823e+16,3967590528970529.5,1869177460647125.2,9029909.370139131,475254907592.8243,140279283410.46515,0.0008304619192203,9.987777071687789e-16,0.0017526107729043,3.598913018154666e-16,1.2215310884324969e-25,7.175147637186217e-50,287221238644.03235,19005470646.189003,23742785983414.977,68482188845453.42,7971072102905026.0,9.452049260689427e+16,91793901.73913863,5.8168245164606875e+20,9130837169856036.0,8.867601857897093e-53,7.369801797523471e+19,1.0952830029616922e+23,7.637160541258817e-08,3.42341614003927e-13,1.9358151807947464e-22,2.4320905698133537e-22,2.1661071012907497e-37,0.0034405073500609,9.479029147682713e-18,1558.7630521060871,9269.087613034735,5.186744538815929e-11,4.622671916338804e-20,0.0529540193186323,1.6491789982447467e-22,3.839234460782081e-38,0.4206723967833624,4.485174157795631e-12,8.966840018956043e-36,0.0269114478314081,9.457674001961156e-17,5.8662456378868e-36,1.792319327673361,27962566064.93626,1.2450584173248696e-10,1.1885373997739853e-42,6.156920533610561e-58,6.4382235047865675e-74,2.8622003666435603e-15,931.3665156686895,0.1123543100687362,6.869173950351485e-08,0.0757945229804878,1.4486503751128632e-30,1.806429886476664e-15,31089494.60383799,1.8865147406509235,3.815491511537945e-07,2.578920584692671e-14,2.9422952169556665e-20,1.311498576824996e-26,1.7124334207486124e-33,8.687352930483505e-27,4.54697678928497e-10,4.367557542706205e-29,5.91655730307335e-13,7.149987078408064e-12,9.689987158552943e-33,1686899.0414460264,292.9385819296903,548910.7822483188,5.76737643729147e-35,1.573719162890136e-10,2.772840850615314e-40,1.1225392687883013e-13,5.9788070991737585e-06,2.0087811678684754e-42,8.7653075530169e-24,1.8124227410629694e-30,1.7565732853991162e-45,1.4793050210007402e-20,7.987084885496207e-24,1.73567012110696e-24,6.549684901250613e-37,1.18023937966965e-13,1.0736734373573741e-45,1.6772669892333755e-41,6.450013353499115e-14,2.638649899739701e-40,3.213338727887712e-23,2.344774615546665e-19,0.0098905146543486,0.0,0.0,0.0,0.0,0.0,0.0,0.0,7.425598466353895e+21
2289.8453057437396,69141.15479278458,11.974557259614432,14.452080926958736,10.398334406982524,15.146086455806818,6.846298013206712,145895790.77855122,745266267538983.4,1.546833432052003e+18,0.0038917479194185,26333642453623.633,78855.82348327611,0.000252860735951,132947.94232870082,13616.675752938385,944893480.0195248,30993780.98518656,0.0002512907573995,271887.4359031935,0.0003884241856521,4.426995904083121e-05,2.5519642437156344e-05,2629.089513653629,111303512.71529125,0.1180976189357296,29.14627450618346,680480887535028.4,11.431965813025617,6.511711037689367e+18,4.295655250877788e-07,4.6947300982294515e-18,8.507208326286755e-17,1.4461986601472426e-13,2.88800170098703e-13,3.5373201672934702e-06,160.34604881866514,2.7786552776226673e-19,4.780212960819165e-19,9.458828235118724e-09,1.3505844593522703e-27,2.7987777826392947e-11,0.0001756039489474,9.154282831104629e-08,6.234229739470493e-06,2.7415986479234013e-28,1.0475944348464156e-26,4.0908279092880623e-19,2.491671219893128e-11,1.0897096779414404e-44,2.486928239381684e-47,3.4310551232708296e-36,3.603753522639182e-57,1400963277883.523,3.386568467887069e+16,6.589075930146103e+18,7.609428884140263e+18,6.088481251590819e+17,6.442794757339931e+18,2.7948019406933955e+18,12507.517433504332,2082463569910708.0,195483619632.9416,1772470166.7021103,1.106130198054588e+20,5.046101610989693e+16,716152434139.0494,918.504516424045,171988553352.32474,715.3949414789537,3.1333912815462163e+21,7.360219213701722e+20,3.555790663550696e+17,54520.16947923666,1.801794997316644e+23,4.171930685148223e+19,4.620903291891699e+17,1.1567778830319696e+16,1756611412350633.0,17897448649114.906,20017454870.568542,0.0050087114851757,3.4442169661655894e+22,1417766353792307.5,5.587705128980505e+17,408352590293171.9,6.92459839716249e-06,2.742959576026397e-20,3.1513717906082492e-34,1.8629730768391507e-49,7.108262613822429e-63,2.6576090587513355e-76,8.760436207130585e-91,1.5325227995245865e-15,2.9377350997719e-13,8.454688169573754e-16,1.6557451583115952e-13,16.922123672781666,3.799705170458495e-15,0.0778838105988226,306257089.00704813,5.366420828406989e-21,0.001584024553201,4698.771425669261,206.55545172243336,4637858614.8403,0.0001209459403304,4.479369360587799e-06,0.0132133585517525,581055778.9356669,2.0802841397777926e-06,11.241261403535152,8959013402354.97,27978842975555.953,71.80054514727213,76876564.60400951,46147.11566313367,2.7755433851887505,472541037.0354705,343446645.37361246,190171834824.51205,2.2347300463017465e-06,0.0005511724566571,0.0,0.0,0.0,0.0,0.0,0.0,0.0,7.161296206342367e+21
2833.802353792068,92793.5156447945,11.980734033775487,15.24979076362125,12.577985552397742,18.501357955531144,18.86901004254705,5582397514.597393,117765801221637.5,150523624124387.78,16206548.77804052,2135330630246084.5,7.216861137164821e+19,5744.047180301473,23333913283.82909,4260160750.861742,136771718.05759844,23038925.969026953,12.848022976922673,783.1349040063247,0.0334778567163811,7.810312469650633e-06,1.9002447378584304e-16,471162232011.7461,12185328699.056871,80718513.03706583,6799626732.426604,5539284556953439.0,5104432776773717.0,30107923718969.99,1306625501080768.2,2.0066410000504765e+17,4.102501860188976,3.561591657350923,0.0118282848035454,1.2352185162716884e-07,2.6442487375278344e-12,6.770551152030957e-13,3.936905679623976e-18,2.9153123220085616e-20,1.5589935106219666e-35,68552.4046005715,107477.74776882828,15101002.023428973,11338.485029125295,3.1733229671212816e-05,1.3909314185110007e-06,0.0011372705425616,0.0348648002823807,2.710757549442324e-14,7.578597815378227e-54,8.048788751833924e-08,3.711652395335677e-20,646220646778.4678,10088251415.403397,3275665.889621494,3708639.9611245226,1.6675031329357832,1325694204586.7246,3580672.9717866895,5.360368571623781e+16,639793159881.952,301452093.99721384,2828077.157646748,24213151863.611813,312.6317990129548,0.0723402648318019,14171784626247.484,473163.03805818193,0.0001473967150057,4.475966396529757e+16,53822808672.01083,395.05475228771394,3.949643747702853e+19,8.910485368070112e+22,470701309528111.3,465.176069626118,5.992774425629748e-05,9.026968490639719e-11,519154847928599.2,1.010428142578718e+19,8.909203498598657e+19,2303766003727.8994,3.11725288170019e+17,1486.519100027709,325066944451.44293,8.777990788531206e+22,2.698558233065934e+22,2.361529527886599e+22,6.974042690962959e+20,1.8078336753570008e+21,5.77109279994465e+21,1.1992360323179807e+21,0.0131213825462563,0.0100235294544267,2.0762202754751223e-05,1.9657409744313235e-05,1292.1233317289036,0.0230992102565915,9226163.501440622,24130.575137381176,0.0001367578168986,5.010258316532618,9907.56290262967,0.5782453661396844,4460.804890559591,1373434162.446076,0.0001770932235423,0.0014240876771749,0.325525983626832,8.483207138287941,27223.60203703834,36930678195.40625,5730.639693108181,5013141.835408131,5126563457.687169,5511.0784690641485,5.46052946172229,307788.3270847573,101.66927323873854,235.48392170920985,1712608638631.8752,1842947286515.2576,0.0,0.0,0.0,0.0,0.0,0.0,0.0,6.981139476999163e+21
1207.3716128670883,27786.297009559028,11.975268027176927,14.586019742577388,17.024049160277535,17.506574382721876,13.615806143639112,0.576866257953777,580188254.3533896,0.1321742265985043,2.731394464110631,5105.774444367755,15049400686.096855,1.1684790284579234,9.716377873387072e+17,6472650512834820.0,3705956380200.852,240337138.0609408,431.3927209793876,78350253.5813808,1118405.183083322,94629619.50271538,3.9938031135150744e-20,863212783206.6609,93060764.8560012,17448.855200207185,708682078.2952654,3.981216916345664e+20,1.132658446662183e+18,1.4705206520558898e+16,1.9580150525688396e+16,2.0805379374798103e+19,44.43782845192854,36323965881.2432,148573858332775.62,66.7986044811084,6.642024894214649e-09,260896325.87839884,0.000417562657823,1.1645292739941724e-11,7.36297625899264e-29,4125699442191.799,2712252954721.006,9.659386187800925e+20,4090557517.7583294,135165976.89056158,22481350110009.74,93126937078466.48,1188953585753086.0,442194.03284462466,7.247296917816892e-35,2.6780436898619343e+22,17588871319.590015,1293.845961933294,0.0528397045260133,2.4942136188132957e-10,3.1392694152020937e-10,2.070711030206096e-24,254.0968433990951,5.114914370303725e-12,28442719936.13416,1093863678031.2725,11286.864854728408,21.805096954596262,56187488.215310104,1.1050944387715297e-12,4.381705844180164e-23,98061880322.43262,13391990.839165691,5.55562580866329e-07,386533.6764855199,1.0109884610416128e-08,4.222919367457539e-27,5820531743.876654,1.3852125086136123e+23,3984.8730410275866,1.8710082700169485e-27,7.288424371511146e-42,5.31153986956374e-57,20726.992102340217,12656249.412559694,3118777.4156518984,3.423006533650037e-06,9763.62700118245,4.396030814228808e-28,1.7992113717240855e-09,102388557018306.92,11795073848.607277,4548092.504054925,609.9615271288312,1.3419942171469088,0.001131787309949,2.866187093542146e-07,6.2310674202344224e-27,6.680419424712232e-16,4.076902289534316e-25,1.0938839917097991e-14,1.0311877090409762e-06,1.553556170775727e-26,9303482.766815629,0.0592983748313923,0.0031325953282363,1.747587095776716e-28,1.1630010030277802e-09,7.378669614013489e-33,7.763107378003629e-12,0.106667940354206,6.879222555276255e-32,6.3768090094576e-19,1.1823145228210104e-14,7.74280061755511e-37,1.6084490786647592e-17,6.02259771812895e-14,1.828738940318694e-19,9.29476384412187e-22,0.0003937916305664,1.2688790749934025e-29,3.2022720981571433e-38,3.217575887229794e-16,5.274763829946785e-36,1.3104082240912474e-24,1.6320395647426199e-13,0.0139598071096429,0.0,0.0,0.0,0.0,0.0,0.0,0.0,6.856739885920531e+21
2309.0568475511404,72917.61833287122,12.00614074344616,13.366400473061262,17.145001776170684,19.284087063393063,18.715502858590305,91921320.52250564,19900304018330.973,3576772567.9485908,827096394.8166387,33085146011261.348,5.27564464268692e+18,1239243.6861792146,547565393327929.8,57512268516578.67,7312317894.863078,248228226.95547697,27339.747845201106,49456.53013353551,926.0079222464466,2.3314380709525446,5.694700856353346e-18,505939348700710.3,39713336460.691414,24986946801.39734,5885012126914.526,2.091808226884035e+17,2.0780640146489613e+17,3698480566102.886,4.4815467761261286e+18,2.7303512618169763e+21,2975683.945851855,105229593.37587646,4600570.923725276,0.0002021278800929,3.1799872971715624e-14,0.0024250922771694,8.327890852618228e-12,5.712067877112241e-19,2.816929257462521e-32,892380298868.8593,10005289755.270988,2693354371634045.5,358202912.71859246,1474907.1066731557,1218223.3224293054,3824097.445082405,396591.7389375562,9.893936862102423,4.712876319229738e-47,2737562633.3766723,0.5146682125215502,40677036431.29611,1828052.3155088471,0.6886809529298938,0.7946616028815948,1.297751622054952e-10,329880140.75613284,0.2934092729563019,1.917595048320413e+16,1226832717390.1897,128146930.25620778,1206924.1692674777,121683267.74418624,0.0001215218011909,3.472317589032357e-13,31891788161129.816,2476347.532025463,0.0002758500111343,6920385467973.072,3305.4918943339676,3.402190926407575e-09,3.7478615552354647e+18,1.883861591310232e+23,94589106596.8336,4.568015925335218e-09,2.323680249432907e-19,7.38613527945795e-29,23150550532966.277,2473077545821631.5,3.5928462601773644e+16,148484.99844023626,320118471122.17786,5.353612567795289e-09,184.63583995800948,2.5827445160379515e+22,6.143363711521255e+21,4.234852663939153e+21,1.4751796386294024e+20,3.360375781771938e+20,7.572093640370791e+20,1.485682872756118e+20,0.000841580137146,0.0368373661275471,1.0415593884930892e-05,0.0004703276406579,307.4372533090272,0.0021333652628978,7932701490.399073,106.00859771479058,98.35532767034786,0.0001206166057295,75.62245502964224,2.9654118873402595e-08,0.1367657118041306,104323559.5559524,8.152915078114817e-09,5.403223276611058e-06,3.571848635898473e-05,7.756841213168981e-06,8.81508402355367,46956.98044977172,7.077713229377876e-05,232.92154850984383,53551282.3471984,0.0002902222605501,1.8309735297188036e-08,0.6391774104042316,3.955590315052819e-09,5.012305055250267e-07,371552846.0021947,21013053418.124413,0.0,0.0,0.0,0.0,0.0,0.0,0.0,6.397061187442587e+21
1456.9712998324983,50445.6308824356,12.012005738155931,13.002838884931355,13.276778076529313,13.253889051494689,14.01983052786392,969090.4592949454,95979662178398.84,25925233.79176568,23.160885773426873,10201465.14580906,4725626433109108.0,4968.962829890856,1.1199136242395918e+18,2.0118322223478228e+16,2.2866834261199485e+17,245724621480325.28,215103487.02432403,2.1184620953335732e+16,37339435231179.016,2.827137936225582e+17,433.21747249122814,38359833470.58007,123102286442.67883,7293.171549466233,46041855.88542152,7.050733718298663e+21,4.134603123554266e+22,6.650707995052966e+21,2.7844705003551107e+17,6.102425789616029e+22,0.1370407418816099,957395163.8465952,239341804309741.56,638470169164.8779,85417610634.63576,331524349196828.8,277541172.8603387,12023678067.216572,0.000818186698292,76892395.45127092,403094872678.7387,181392785279934.9,3230280027.4613256,11.727412936536757,96639460.96766327,946524939.4324336,217729411533595.72,2.8481542457941376e-05,3.3553525818353287e-08,560135367.650665,6.316492254516765e-05,1478246072.6345155,2134383274.7187016,1618866.4366795565,1975702.7153474337,0.0164296811023615,5458916480612.484,173607.75629871382,3.654235888289637e+18,1.730769546524386e+19,2876658724739.2275,5598223057.42379,3.915360029668349e+19,15046929.608547945,792299718.3914275,3.0941503212962573e+21,2.4592241186715267e+17,366671961.30909747,3236361270508.307,97451.44085290168,2.647346035918678e-07,1339922406502726.0,5.505649892697356e+22,20955535616.570946,1.0117754899264229e-07,3.8523154280668316e-16,1.0061549135506422e-24,7351029.388254516,1.1109093764071586e+17,3.0767303619647443e+19,27505001.567120295,1.5344211620551027e+18,1.287799665118194e-07,169841692907.1036,7.477961967343977e+21,3.424859417765424e+21,4.9150050320366e+21,1.2328130728397858e+21,8.293720738317328e+21,2.9743784398303825e+22,2.084903895644184e+22,4.7187955483292974e-24,8.915510992501898e-10,5.492710238521223e-20,4.561227335445408e-06,0.55627136006296,6.927652323352443e-24,970841725.9403088,16069143902.337711,0.015093079471965,1.2102873936182914e-19,70.41934786264065,3.3698859097212633e-19,10368.4949774801,400055961829.3923,9.645821039313444e-20,0.0008429505484117,29.519187816307696,3.077455492748547e-29,4.5983112427790593e-08,1.6422838774094646e-06,0.0454451260463362,4.064244641698467e-17,2829.328517522265,9.317400783827548e-20,2.677028408815205e-26,0.007187654141955,1.4145282107759032e-20,6.667791777491374e-06,1.0052340497350256e-06,180368751.8655983,0.0,0.0,0.0,0.0,0.0,0.0,0.0,6.34342704209659e+21
1578.5312507434842,95946.12814835044,11.972707738707564,7.521955990705707,9.246061414125498,10.081552883498242,6.706885957364499,66627297170.06219,5.557410339343568e+16,15109.247134595704,0.0398887406043104,3553219.2730801194,1965848814.943219,573.0602572472234,125259164855614.77,3255860945076.074,705550496.8887845,104030945.03706548,965471832.079106,474330327393.1183,5307289955967831.0,1.418194472315665e+21,0.023973760523055,192280.37041572577,13.754863813515362,0.0017482591440072,5.533361752117194,7594858483813.319,2888164.1766984216,150807066.15465143,2173096.8631581943,13102.475806712237,9.641582388622065e-09,992.3009281860642,7627746364.474169,0.0205959142517691,1.5868957554867173e-12,72560769435152.97,3937.044906983548,0.0001056334323784,2.0712370320632298e-08,0.0167711540518639,0.0011934140332368,147.78323297422602,0.0008617727707065,1.2891431704649708e-11,0.0030016996184293,1.2877434404654565e-12,1.2681358795518868e-08,1.7005827452962828e-21,4.8788898839293285e-31,7.249991369651483e-13,7.71579464926019e-26,36102376713.98502,1231532.2037574577,0.0390065027636418,0.0470604284099686,3.520829761757135e-14,120411991798.62646,0.3729882551371584,94158544309115.98,3.60445901741275e+23,3474248145037724.5,140603108262.918,2.081153514103269e+19,1995.817665422309,2.9929262272900436e-12,4.0934207034187894e+18,9.677251254860443e+21,99168616773112.14,11988515.081952944,3.126195624301477e-05,1.4114623184189894e-20,10228306.155851888,1.64814105321319e+19,1355.7304612922442,1.0558168770318768e-22,3.3065968692625925e-35,1.144418098108978e-47,575.6312123998831,998224.0002094028,14.210723407333685,0.3989535593478147,253.19721942947328,5.870118229167171e-19,1.9123162272828827e-09,88707778.67648216,3.351007174396996,3.88561642404643e-07,6.090076210012146e-15,3.0768865740253732e-21,9.38665779326396e-28,4.758108924295672e-35,1.3332266579487103e-28,4.305526621483997e-08,7.048095148403159e-23,0.0122061742687259,5.730656875061736e-10,3.3139584614914566e-30,28449378.280283745,16.74197553811597,5.3291101789815865e-06,4.81969713625681e-18,1565127688.2921178,3.976235861558205e-22,4534797.13949043,152849075091.34756,4.3282438399858536e-16,5124499.817540389,6.732688437345579,1.3175532238621161e-30,0.0010217097212991,2.903611687127697e-14,2.0850196523765722e-07,2.8306918041253676e-21,139118.75934838978,2.759210840963775e-28,1.080080933549448e-30,0.1040897362076846,5.4939508444727554e-30,4.558880236910107e-09,3.8970334630749415e-15,1275720.148521745,0.0,0.0,0.0,0.0,0.0,0.0,0.0,6.170155812547098e+21
1966.806993116458,69214.40140512731,11.970530284099414,7.423239415425945,5.585682425917509,10.86411897002053,11.59961256561361,21947859085.86672,4.046933189303009e+17,179011889.45713875,110.18082199477892,127545909654.17644,9.383317043365902e+16,70937.70894365545,512142170994812.9,31863613279951.69,25606421892.681824,957864547.5195242,1474188578.1666849,113015695597.5526,61994634962288.91,1.6449683048581258e+17,0.1248911254109732,233528471.64273003,90950.0743322167,717.4789062901704,446960.309535569,23581041167553.773,5503012455835.941,2231049963.7240667,6564560498293.289,3192805236716001.5,1.0682954984591593e-05,1383.3248203816063,76852657.22230561,0.032526567906485,1.0360903170852271e-10,4041760162.343583,14.946689190445682,1.988098471686639e-05,7.907423125994379e-10,9.753527824653965,1.145230084102831,69470.76704484902,0.0789770815354057,5.778422257131303e-10,0.0007575013836284,5.602919521794074e-09,8.76189417565406e-08,6.361793461557205e-20,3.8777089650541087e-32,5.115034560110442e-11,2.3063051058552027e-25,64122027710427.0,13452269403.772837,10249.010214311558,12029.75283898366,1.330891728972521e-06,16354669722163.455,8935.560399194066,1.661052904888869e+20,2.6632588446707833e+22,1.3445780494826774e+17,256787767673285.97,1.122094424818006e+19,1775686.7576206285,0.035674738009943,1.7288263579343833e+23,3.077580086779933e+21,2976327824993303.0,395729974440.4909,137.71100797628324,3.9576720957122144e-11,1.6751780360922954e+16,1.4445747063561002e+22,1401433853.8625894,1.1969675834894186e-11,4.560792382596359e-22,5.77241869437753e-32,9611506953.55187,235522627398370.62,1161198642237458.0,32605.180023092693,203051920848.6105,1.3568789533418826e-10,117.79575351596796,3.622740621021751e+20,1.4646992089718174e+19,1.747432128691399e+18,1.5290990018567434e+16,6687171166038003.0,2389148119752639.0,95563339949811.1,1.9500825116249848e-17,4.49267497643437e-06,1.8285942067568233e-13,0.0348252243442682,0.00308709382846,1.381444946071094e-17,31746478.52991814,29.66808351280978,3.785160456123451e-06,5.522890572796482e-08,903392029.0579932,4.707142323341174e-11,10222943.83467322,2177264605980489.5,7.624160777768588e-07,3714664.412450506,934772.3532822912,2.941115099210718e-16,9.672733210741608,0.0027259322844539,0.0070570022333814,7.013379960716613e-08,302247488.4242732,1.7202924902802885e-13,2.044664112446698e-17,34.93452759075004,7.553460172320821e-17,4.81263050016268e-05,2.5793818839149085,702202926893.7738,0.0,0.0,0.0,0.0,0.0,0.0,0.0,6.086702910630694e+21
1587.9003765231134,22843.88058148596,12.007087558480402,8.518145736635995,13.470175891687717,11.458640252376089,7.379523418814166,32226804.170543034,4722857726076.657,3.369287975119432,203776856.61966556,15954.70244487898,65862904068.631294,213611386.7952762,1.3831598511469054e+17,3690391362002698.5,140045565.6660278,6043466191.51605,25269566309.39481,1977450506.8766415,9613128662309.615,179143342630868.4,1.1824649214058951e-16,3144749891110.1387,39837.96341767574,111.5979493834782,336406.9281097087,5.33520719764249e+18,59622944022263.086,18684771788.07817,2.7020702477022547e+17,4.50604467281827e+16,193152529309.41824,1.3032980499539932e+18,6.919479035178836e+20,61.614744571695525,1.5041484258196694e-16,3.61177593984085e+16,374.24876201380266,3.198854631262174e-13,2.276354916677236e-21,1080698201814941.4,13146960163.36218,3.103432675554629e+16,2697374257522.166,9.460316684283054e+17,1.5119004762789745e+22,196050394.93539655,24919050095969.05,4.9958391201476595e+17,2.5206133555574636e-32,2.3340123793463677e+21,8.466010587135279e+22,11865.944331992978,7.196610012430835e-05,4.219756342024672e-16,5.086892327057191e-16,7.438467326007274e-32,1881.5503933274872,1.145449316529467e-12,228901328106.016,2138713287219992.0,81549.64282897982,0.0121445123482938,22072881.607511565,4.446754424422299e-13,6.091360634565328e-34,712592475797.965,15752001.15430278,4.8530190686118624e-08,9.04466614299778,4.596935190120936e-15,4.2368246054145284e-34,1249677.610272106,217335428967069.88,3.7177138118426417e-06,1.161143474321142e-38,7.063597165835152e-55,4.910589834854689e-71,3.341240729323311e-05,5908.244983196365,2.431051885288659,1.587455184028087e-08,0.0002617462325568,4.9871674690766225e-30,3.7890279888711403e-19,82391801462.53607,93024.70703802892,0.3219501032102353,1.4789529009438973e-07,2.2187227358415308e-12,2.027740922942692e-17,3.0438725538033954e-23,2.3155766912543064e-15,0.099814247981334,8.68949362430511e-14,2.0365546831201065,9.89016270840905e-05,2.0871298015241565e-19,188978372618.90997,0.974661050453578,42894845808.06461,1.5410743088418491e-18,61.71392441733718,2.296593511356551e-26,3.137724402180937e-05,161149.25851550582,1.0476659277304903e-20,1.6286910568586365e-05,1.6574946977912498e-12,2.3192161711413338e-29,2.2064665825763642e-09,6.824736223494146e-17,1.3266324862855534e-20,1.5308943552927106e-22,0.000943371067123,2.7661256451405586e-33,9.06615693606982e-31,1.0443547803531149e-08,7.693970195964111e-34,8.539984027432848e-20,4.2648021789017184e-10,18721.21314818559,0.0,0.0,0.0,0.0,0.0,0.0,0.0,6.081607305753522e+21
1680.4115256378298,40771.22972540529,12.009379703525475,17.21449481078611,9.984290069610331,17.175579282437536,11.550751608694148,5092.454781127751,50230871455.21728,2.2679393918620264e+16,2.028307731795039e-15,2239572501.156256,54.41740583657275,5.502200435615513e-18,1.0573665053752434e-05,3.5942932604975045e-07,9.77026299784144,0.0377885357724619,1.1790602093053673e-18,2.7439788930050753e-05,7.106128960448901e-19,2.253551577297309e-20,7.183612350769094e-20,1.9070583573380433e-07,1.9211602441517923,2.593870082667502e-13,4.976940164659827e-10,4035003697.2537456,1.10720110043149e-05,1.0825064022377256e+16,1.1476228243231526e-16,2.677576766364506e-27,1.6477645269591264e-36,1.0670108286320195e-32,8.818658293734656e-33,7.913644751583697e-22,1.342364864035722e-09,4.078853122078452e-42,6.769542833217486e-41,4.234047710441278e-26,1.4554697089955555e-53,5.876880589458672e-29,4.096448819028458e-19,1.214039176491872e-23,5.7279018043593326e-21,3.6719855571302e-54,8.596566403403353e-53,7.796217907711804e-41,1.4156522445048838e-29,2.0191427899518731e-78,5.9216063559640496e-83,6.534182507616484e-67,1.8687276216227322e-97,4436828.357923299,22181823370328.414,1.5612224666213136e+17,1.8678529665233283e+17,5.424241365824928e+16,2.2504070060198736e+16,2.8614269234602624e+16,0.4645343235846012,39080865711.29622,64645.34049512922,213.70746970238537,3.4918023814749216e+17,27271717481241.465,5339374914129.695,0.0031445254797156,20166.293571613223,1.0200163204444426e-08,6.190376511249563e+20,6.083619299462952e+20,1.6671658303944227e+17,21.05236681936784,8.346031643914885e+22,5.039560543746655e+18,9.733672015332226e+16,1.1112370081240878e+16,1975414816388748.8,1501360526.5154068,3790931764.531685,0.00032791693551,9.10391412257587e+22,1.1740874110112496e+17,1.2888045161788302e+17,2.815115543726401e+17,9.71664384109234e-09,3.1486100424162764e-24,3.0897476236125105e-39,3.398810387544388e-55,1.3780504944200702e-69,3.6970028901377822e-84,1.4626281076398097e-99,1.474625483093656e-32,8.666329802414983e-29,1.1089020689518737e-33,4.0177363336239344e-30,1.1330718077947035e-10,2.5722194363853715e-32,3.571675568524458e-13,67.97420697672217,1.0317992161916435e-41,2.6850482644632802e-14,7.033588184057086e-05,3.8178048081407385e-07,26072.088185958448,1.8699114475296564e-11,6.646750949951697e-19,1.209675267991217e-13,23.4422025632878,7.8057286799892e-18,4.6315385748421784e-08,1329107914.6825287,98484929635.67976,2.1433067206252817e-07,100.7794209543156,0.0047059062806125,1.00399141068938e-08,5663.521437921727,3891.360318762949,60073747.8504617,1.5553026211559169e-13,9.71476034650706e-10,0.0,0.0,0.0,0.0,0.0,0.0,0.0,5.759524414585061e+21
2361.892051454345,43285.200432559046,12.003731766514134,9.60089475223826,9.519306536320371,16.314209666118824,8.738651839685618,322973694382.3524,5.862967732646154e+16,159836395081.47693,10727287.849508384,48091063742239.02,220464755845341.84,32037965.37395207,7044725641468425.0,791271757685501.0,2418140764622.6714,113680614082.19724,1272841459.5737371,43359470350.81181,75002165717.67415,335728236929.105,0.0008804469264531,3983929952753.968,7758651195.513857,200459010.5415333,41681617328.76291,3.470846719293997e+16,1037389072815.8868,15086507132142.297,1064139738334.1426,16666180892.29765,253.23671350245857,13564068.814159462,1029360642.3139726,31.11942228960348,3.0919005672301054e-06,2334539.86200151,0.2421994303025285,1.04293460356414e-05,1.3528888102424965e-13,46946130.62369709,11828903.78904528,90488402837.3957,547708.8991333076,0.6873394563258308,951.376959245354,23.274149777231667,76.29097778897885,3.23713437367319e-08,5.6138295592988596e-30,3.9739984834136894,9.794703733459383e-12,118520659965307.58,133088394106.9793,1396498.966287923,1607800.4797536507,0.0084164265047539,26364986771972.742,760859.7671407792,1570670936446788.0,6.402187860164766e+18,703420508663826.0,5801435029671.957,1.605254693867992e+16,619394.403950115,3.194256735427853e-05,4962005691477699.0,2.379835226536407e+16,6231526438.665838,216464183729032.25,3280931.7982567074,0.0001213674596995,133194665598225.22,1.3273060562334335e+23,2510835552854.165,0.0001406536254661,2.2669983360920477e-13,2.4700678126220284e-21,22766567643830.406,2536303217601.346,1055444140.249845,167049222.75601417,7837533277.719584,0.0002422224997144,137.72078561056716,27743757541108.605,206814288.48824495,4458.44204019362,0.0046279924103568,3.253385815637361e-07,2.320602734683507e-11,1.3937431260768464e-16,1.1397718515611845e-08,1.4085108360258345,2.612304777679554e-07,34.16208175862474,103.90860671317463,2.4250131070858562e-08,137815292837.46518,1389428.776014375,17.980722922649097,0.0004826476348007,695176336.0468684,3.077516589070476e-06,30213393.93610045,22178682427.71189,7.156106102575436e-05,128219.01937441854,8264.820842624666,1.7034264521589446e-08,43882.74176154195,1222.3952713439885,183.00233011462385,0.2791510140344891,153784042622.01636,9.719598178859274e-06,1.1125922855157487e-09,82294.74476953471,5.078763555557484e-09,1.827521843258766,14.613456874286356,2359306124.56134,0.0,0.0,0.0,0.0,0.0,0.0,0.0,5.725960148174002e+21
1560.7735028437853,43075.81282131273,11.98028014857868,11.457713150853662,15.18070447886967,13.766988659351982,16.545416884265066,5335948.806488697,23036206891315.7,93644.9505062426,465.7465752696196,17231415.105241466,2.0721495970972376e+16,3721.6236261899826,8797810595782878.0,217448069149218.8,465462084341.94104,8355751536.22735,3755532.2218177062,21881037024.69967,12716463117.925402,2062323256900.775,2.135078643220257e-09,20905071475.092243,14457676.030078491,1207.9163530434892,4200129.035678027,1.396202540544649e+18,7.207106828149741e+18,270123358190051.97,4.952978236096141e+17,4.556517043838743e+22,2.1889998675527433,154026975.31848547,732119670297.6183,167.68067858877555,1.1837912528636056e-06,2032788827.9018557,0.9218820425247224,2.242922660603228e-06,9.788561770376957e-18,35138139.80666261,25870471.32843194,2785994626663.382,2408274.8681054395,64.89858300638556,9456544.886109,4200.499587385797,8093146.367710067,0.0001600061978016,8.561044181146329e-30,5199362.673175552,0.0001550785750658,96781580.84659162,31672.108214515127,0.0089026456290159,0.0107577054718447,6.432846906125517e-14,448749399.77259,0.0109923934771893,5.579851144018558e+17,9.046861289411603e+16,5399158524.657031,1555579.2614683495,49594340893874.055,0.0330777394556406,6.401233626158309e-08,1.398962056982862e+19,9227218028160.992,301.08479132963384,621973503.3496149,0.0130330336592708,4.325167126604517e-17,780972229962311.6,8.789649350838022e+20,512778.534955453,2.3227322964502833e-18,5.8844367431611014e-30,1.5442419898370914e-41,154717.87805667336,102192040301408.84,2.038887573553438e+16,23.55604730063394,257349078292.54703,2.336093287474662e-16,16.13235378263007,1.4201903549320167e+22,7.048512848814292e+21,1.076665931481907e+22,2.302382354042008e+21,1.5477324864493728e+22,6.176046718039526e+22,4.187112063324265e+22,7.450178660246251e-21,4.5524310888887595e-08,2.3099547650732196e-18,7.370182528645417e-06,0.0002857289921765,1.3561670344801585e-21,346889933.42487353,2539.1691022857653,0.1385471601973497,7.863886441525833e-18,56.28808513309522,6.03599645963968e-21,1.6045187483937222,89506507548.3299,3.6587693623094834e-19,8.460345432509004e-05,4.8547892034649897e-05,2.3235691007842468e-26,4.011157018466427e-07,8.531885138340043e-09,8.628255648666263e-09,5.032104992321333e-16,527.9326397640253,4.342157961077444e-22,2.632633602032834e-26,5.939258224788903e-05,1.452211348503571e-24,2.2708369305711557e-11,0.0002123600098999,1303725584.8766265,0.0,0.0,0.0,0.0,0.0,0.0,0.0,5.364442169953878e+21
2030.7131601615583,54681.00489044616,12.029041546980167,5.427555327703611,8.097643001642048,12.745127670469412,10.110201068864615,217334104528.7501,5.465171507147179e+17,763177.0720215206,35085.70543260749,1057550221671.9775,923026801170776.2,15938895.772553593,1.616954919694246e+17,1.1245513659650382e+16,13765657113.99299,198509624.7192036,197967636610.6867,15425563628.754486,4687804558369536.0,7.247675003029081e+18,3.591551922610655e-05,145329920847.5224,90698.571402184,2046602.0792765063,1036568871.870472,4048634259795.756,5355566962.756365,603756.2097744687,5249181141654.11,11162005805460.645,0.3504382908336912,20299120.26824802,631396273290.9481,0.0008437066734713,7.192666669732701e-18,18831707926004.207,154.27601991386592,5.591346235213542e-10,1.5538549591267327e-11,641688.0169751248,103.29427237261764,9678613469.861536,2.431813516783273,0.0014526408562364,1023.4804264654358,0.0001548931309016,2.900574311554475e-07,1.8229963726265327e-11,1.8720227914628933e-35,0.0754098490757838,5.554896583828514e-15,379413744797591.94,129322848.5111776,0.19098176893977,0.2233636353031432,6.042415701251907e-14,41247312520.196205,0.0562914708728692,1.1234984537457466e+18,2.094317942095168e+22,5.116690886019196e+17,3483643178904465.0,1.4634402547296038e+16,7.708994155350237,2.164349022454052e-15,7.616676596938466e+20,6.658890341655517e+21,2.6399701059362364e+16,4174091313.5096,0.0035000919038189,2.9673586589129936e-18,562270195928201.25,1.6159721955721784e+23,50018813.18135112,3.1317416391031697e-18,2.8524007410275993e-31,9.89394261713245e-44,826818345148.9574,3657508457.391587,94710049.59333529,0.2289489621368617,4750.218019648305,3.394529052257928e-18,6.196080530359104e-09,1.5647669072068852e+16,3844341066493.3696,2775497816.347544,135846.11070896738,351.6738681722338,0.7739765344771913,0.0001810051005747,5.324815205090212e-15,0.0106802762755393,3.125565484177351e-11,54.48714846813069,0.0003086577581487,1.2578030722567581e-14,91579897423.82878,0.0693303030687546,0.5499327421182422,9.871025301443289e-08,10010046907.57416,1.457578377628671e-13,173185.56892078667,89792134088616.7,1.1258946765328797e-06,44500908.56820888,555.4723385051431,3.847970424019382e-15,767.4937539075918,1.695488615811085e-05,1.0920641460116895e-06,1.5036598122872892e-06,43110604078.7842,7.191103934717641e-15,1.1559092604930116e-19,1.0712937548806951,5.2705895808830255e-22,2.952098393121582e-09,0.018326740920589,44283042633.9144,0.0,0.0,0.0,0.0,0.0,0.0,0.0,5.204782148520115e+21
1961.750228342556,88007.46718705163,11.988250161201456,11.201814876618078,7.4348929993976896,9.28349488547513,7.780978262007599,241120438971.65457,1.029753862367597e+18,192640045629.86157,190.00939443060224,2266037485.060175,2567241167308.4424,328290.2026080551,48700467762807.38,3002433334939.572,2825015712367.17,5407740700438.01,18558611892.840744,1721952867035704.0,2133472061061972.5,1.5431898138957265e+19,14756087.88872142,8054338.688873154,3657551.192106968,0.4615370278943951,292.4383289812344,5.183937622156643e+16,346295410835.8651,5726572511917610.0,346389768.6361206,4926270.286413523,3.484870513812919e-05,12570.437864201776,1910014245.03022,1080461.3275211432,4663.247545119289,715719187583.3944,3005365.9598596515,5407774.36008554,1.2431830207566212,0.6349972720074186,88.05019507954296,89.86488015130324,313.8516290039086,3.6529393029659014e-09,0.0131391773197909,1.5745876927945956e-08,0.7954417320240126,7.545292861008353e-19,2.9909458156892208e-16,2.368210501880109e-13,5.261277640562387e-24,3054286860092.594,746270366194.4023,652697432.2082473,766326104.2174954,95.49162110175682,4.7915757101054936e+16,29434753972.111996,1.222132924360548e+16,1.847368961648551e+23,1.7317924134431558e+16,629703034797.8837,9.04960124412758e+22,15727433432767.232,12337795.426528888,3.435929543188505e+19,1.0827224992649968e+21,51403147727519.195,8353959939361.166,3278245.745254372,0.0010449770050369,8757209074.1746,5.291018986512156e+18,565685319.0281795,6.027715183514393e-06,2.591759947310555e-13,3.6602489187623495e-20,62936.14533625596,7522450381072.883,1068265658.4226104,40818620440.25032,7600135877560.259,0.1855163925707175,5000267.59397349,289710724143.0876,333382.9071457342,1.1324352046621895,2.839649459962287e-07,3.542214161295293e-12,3.598058575685997e-17,4.109193180519672e-23,2.5693182689384713e-18,8.710391424171404e-05,6.529002953135889e-14,1.8221356802130264,1.395800379009931,3.484304098403517e-20,12799564.3426729,845957266.4001418,0.0001448816436825,1.0361699655092746e-08,25643925267.10833,1.02311373884328e-08,339649585317.5568,1830981068674.881,3.7892555781510425e-07,273250061.67942005,1581996350.4134324,3.79764740482649e-19,1.8931210662557152,0.0045333826490936,1920.4704387386696,1.837453087638313e-12,1191196.3901101009,5.171445683914443e-15,1.622089962748049e-15,423938.96137083543,7.1378304613046585e-12,668.692604459352,5.467954144292652e-06,218701043.08985513,0.0,0.0,0.0,0.0,0.0,0.0,0.0,5.113953701033514e+21
1578.956980028442,84453.23225947238,11.97673312708742,7.499666638691507,9.226500883693888,10.108603246652253,6.70130219939413,66307892669.05673,5.237011439011758e+16,14649.175152152511,0.0437021957598861,4038277.859334296,1937812667.7030067,587.5413324949817,143208053418840.25,3726852140201.549,774422821.0859457,101732717.05677748,924699288.8472782,433744758638.982,4745352799119182.0,1.1841829590477284e+21,0.0186106177545871,235748.07748024215,16.17949370128951,0.0024205351594316,7.644110320415197,7891289716509.599,2940423.0505908523,150302150.96419322,2312873.428695133,13626.437974665285,1.1434189924433788e-08,1095.8774303036355,7863398778.446293,0.0195877425951474,1.3897815664732317e-12,65597161983630.15,3426.4702354358437,8.467994186880426e-05,1.528693457190871e-08,0.0222624699593426,0.0015173931996577,219.709497772473,0.0009748990136709,1.649719886248459e-11,0.0035846575000087,1.992077498561401e-12,1.4829607404405518e-08,2.3578692692131168e-21,3.878850541625403e-31,1.2627210518552018e-12,1.1554191752507877e-25,38402399319.53971,1257021.8096050902,0.0382745810901437,0.0461756638934187,3.3293229967658554e-14,109049225996.81049,0.3256200329856248,86835243931336.23,3.172209699059288e+23,3454956033054333.0,157470884258.7452,1.757951336719387e+19,1630.0792986251545,2.2037325847778805e-12,3.529679546621678e+18,8.984813171889631e+21,97540305253347.36,13040435.170378989,3.27673267616517e-05,1.4285989634569182e-20,11350373.097469734,2.087931736480055e+19,1659.8897908766735,1.2032799629837162e-22,3.630694121454366e-35,1.2125200948988295e-47,828.0282862688675,943924.7530822974,13.156968746041125,0.3712264542839014,229.55657800567877,5.285319873983565e-19,1.6693828918310771e-09,85452716.9913524,3.165444897300344,3.599044826453786e-07,5.526585425475065e-15,2.737227845737667e-21,8.189391062051136e-28,4.0689926294807623e-35,1.501463284882605e-28,4.6808713824807184e-08,7.41859390986096e-23,0.0124106034291946,5.72510539107447e-10,4.2003960231433886e-30,34437543.38172618,16.58397943254489,6.236539052257755e-06,4.6902955973296295e-18,1465037803.3720355,3.715713598858513e-22,4070722.6734403335,139587790868.39255,3.948280142750931e-16,4509323.294865552,5.454002425829309,1.54926875971863e-30,0.0011553210340489,3.233625693651936e-14,2.163902978745609e-07,3.717876789045269e-21,175888.07406061623,3.4840912797816547e-28,1.0814469131380632e-30,0.1001050340819469,5.2631563483316215e-30,4.216493871800255e-09,3.941482182911248e-15,1245839.42749857,0.0,0.0,0.0,0.0,0.0,0.0,0.0,5.10872201389135e+21
1350.5666890970151,27516.087636459233,12.00006017089588,9.888786397836936,7.886817661391262,12.93261122137372,8.09283314389734,140650018.82178658,496253728354069.6,13959.276676831469,5.571230694843907e-06,731037.1185743485,1876802758.271722,0.0562739718744517,375467681888962.1,4621517529667.324,939409832324.0508,267933340.76236084,199648.46350143876,1386666392457.976,3513091426248.5166,2.41419435734802e+18,0.0362839617531618,88512.4492810444,4342.972971850848,0.0092543700859695,118.61253038411638,997278697590682.0,15683574324.438766,15250523890414.81,2715074.9315547193,3836648.301191604,3.655210033114318e-13,0.5669023166949464,14845784.97422786,4.476346253880432,0.0001198239197684,29482858762.45179,126.6199803074798,1.029396045853148,6.665409400447096e-10,0.0018553897612707,0.2462135971011738,32646.482650254715,0.0008069523639481,9.229735114346e-16,8.641709502775308e-07,1.5591907251358624e-08,3.9839531581775176e-05,1.8788682026313014e-26,1.1562408354851138e-27,1.3154146625507472e-11,9.415138574189428e-31,4749394895.135083,98445774.99275582,600.5595751047083,741.5913240684256,2.2620690039930346e-08,247491306520.56287,26.545636583764427,73900141657494.38,7.935876253329927e+21,592871809181326.2,1487125744228.1606,2.375003623333499e+20,117841.83230420256,0.0044012319370433,3.866810031729018e+18,4.99393866319313e+21,88648738927793.17,7516229860.471919,0.8609599575884579,4.5857866448992756e-15,776293993.2390352,1.3171824453912776e+23,75052957.52561533,2.3990649478701437e-15,3.684086285387953e-26,2.3715720357109093e-37,1703732.920737763,693313400.746842,650525.8572171923,201.23759536569327,178049395.54029056,9.597548122927432e-16,0.0959054723424646,18360577799.886345,17587.218718704233,0.0540368397665478,3.7728205420648256e-08,5.856609265439067e-13,4.271275129476658e-18,7.177293371522844e-24,5.950389934879592e-36,7.72166568494942e-14,4.8444968141995465e-30,2.2388642067784617e-08,2.244536430421637e-11,1.3847522706404087e-35,4007314.9685233384,7984.129096414512,8.415512506533753e-11,7.570528367458017e-25,95049.70416214869,2.391938276615216e-26,241190.5566014962,5556201945.0716095,1.668554258554576e-23,12.706914465303957,0.1156852626212782,1.4730303010866266e-36,5.116148924211022e-07,7.06623070679157e-14,0.0002879586486083,3.383291499030502e-23,399589.2095529305,6.129807323681672e-28,1.7320740137089814e-35,0.0015764721941095,3.284290113207854e-31,1.0328737556313828e-08,3.7307514838628356e-18,43014.75729253977,0.0,0.0,0.0,0.0,0.0,0.0,0.0,4.960520025356441e+21
2436.221339599309,43983.86789435469,11.989956840583268,10.966793050532551,14.46384864617917,15.789643446983582,8.606716091956045,669496111.5970863,2910744886353423.5,264149963.61555305,3895504809893.659,97646406578145.7,28212854064318.27,343286106003.6413,3.6734098491277926e+19,4.5116517509684654e+18,9974762195484.713,586415146558.237,351358438542.2539,6255663281.861611,509603509737.975,57812374708.74962,1.808079320474204e-10,9.176376942504402e+17,1348999977559.5493,58421229455312.35,1.0289756809420952e+16,3.93125041223773e+18,9715333495013.447,1274542068739.05,1.6459746721936492e+16,17281037652625.686,13468185941234.783,1.4764569973841872e+16,2.7504606291736132e+16,546.8472360261932,3.204870022100582e-11,60402076389.34435,6.152494190284163,1.5401439759912303e-10,4.4742818133134595e-18,1.623048200021507e+18,270145926339066.4,2.123818271002291e+21,14304099249348.322,4204913149656343.0,1.359150330662186e+17,69499087106983.38,156290454089.80386,31791704820924.586,2.0727594158386777e-30,2.012858540620255e+21,1200505721643236.0,7151850696749.802,6117874.489809,0.0565480947043111,0.064908817317067,3.609502990505664e-13,1112094221.6123166,0.0346445513369048,5797297691548.338,8008358641871491.0,1161565224231.8474,9907915646.002708,15533849381.498028,0.0008167954465884,1.917010600417254e-21,506807044229.3618,975591789172.8616,11598.784201246264,274262279989.77777,4.3556984151938725,1.9941777879148935e-13,16942042070524.129,1.265773270195011e+23,3155526866.93395,2.3437318139228133e-13,3.95355753110344e-25,5.0014650495196246e-36,41815673378624.65,241369091.2336095,7772.203321570943,212.3969691184163,534.6964606005598,4.42599167371584e-13,9.327085889940632e-09,237826648975.0343,154736.8002029231,0.2903350156875872,2.4591083808111957e-08,1.4782229658420308e-13,9.33047985116705e-19,4.739334657724772e-25,11.312946315045032,838.1464041925532,6.933682405161639,561.6642455393046,922586.273580604,23.51377470175614,35329101038443.05,215.62538704303827,1027387461.73518,0.0929947217090597,60991.99527278096,4.7455147964213715e-07,1.9160939375456845,113048.374341485,0.0004622357957317,0.4685677117922823,0.5134758660960296,0.000154708556761,178.28248545273158,3128.102162706617,3.375253295274644e-07,1395.1001167661263,370109843.95446306,4.296991508708677e-05,7.1470000791103405e-09,0.2161097862938406,1.9868414849688627e-11,4.319330563756362e-09,4450.319228234159,437071.3179746653,0.0,0.0,0.0,0.0,0.0,0.0,0.0,4.455088442784873e+21
2238.8382424428582,61282.95981770826,12.01984112296281,17.521260282105718,13.708102882671987,17.227277407494856,15.583413881770417,29107532.58811579,7333771631661.442,2.1988067924779976e+18,0.0018011708293415,8988131116588.764,14829100676.451134,1.7211166269406478e-06,929.246565719286,88.8298001737539,16576967.042832566,775910.650191121,2.7913366947117124e-08,104.37542462186384,7.297998113830276e-10,1.3762313640623374e-12,3.029866940101505e-12,1018.5235491697129,112265080.75381382,0.0225109667722867,6.315048317267551,1617953425450848.0,7171287.657656369,4.070062517229785e+19,0.0872902121129179,2.958220996863597e-07,3.6704002397618375e-17,1.216986711639796e-15,4.1212547364762166e-17,3.039946674760987e-09,0.9101040474134204,7.904510804690823e-27,2.89277500011928e-26,3.784590568612815e-15,2.7007731344550504e-38,9.926830809333054e-12,0.0001792963594129,2.5813317434778077e-08,9.757477080037109e-06,1.3272349048520802e-28,8.894648632570251e-29,2.5051291950422276e-19,1.2338910677848688e-10,4.5940301432018644e-45,3.131506249967263e-57,8.386543713066316e-37,1.6038123601602768e-57,6990059397.058829,436635786072527.3,1.964339471366533e+17,2.273712239521081e+17,3.6411851771842904e+16,1.5049792783901898e+17,1.290273694253808e+17,35185285.461026154,340104877696.8022,15199553.799431307,79231.39090221502,4.611930980796858e+16,34760205514859.91,905752853056110.8,39930.338392762096,224749.45847703193,5.824850274001948e-06,3.221031087258123e+21,1.5297119699236062e+21,1.3153553508359112e+18,6070552681.980515,6.4858144875919635e+22,2.546427481223957e+19,9.970744042277704e+17,5.058010807688539e+16,1.4342942365246548e+16,2294986694940.367,9907489022448026.0,687430283.24126,1.2552123398005612e+23,1.900265031784496e+21,3.227959553387532e+18,1.1541482934864756e+21,403587.9194271619,0.0004043632823607,1.1776734207287109e-12,1.8542805847785944e-22,1.818191955719607e-30,1.702447733814323e-38,1.4540236756187439e-47,9.365193522743718e-16,3.2452269950065425e-14,8.19294501260518e-18,2.822498991289221e-16,0.7991040453883962,1.3937915593787598e-15,0.0096955043488022,418029447.7060461,7.648509038107184e-22,1.5711962220158243e-05,10.410211448171747,5.093804792202645,27623956.416075747,0.0924579528751314,5.922830004039673e-10,3.301452761621765e-07,5609.350531149682,6.415685808220402e-07,0.7850353787495047,15350443951810.658,15758721190538.545,20.679938630753067,4735547.207006572,30626.85217709429,3.9721466635965914,164133029.5799408,1508370483.356325,150073528937.9986,0.6173744634458039,27.20944802937708,0.0,0.0,0.0,0.0,0.0,0.0,0.0,4.43178028125239e+21
2597.152929109324,73911.33156049308,12.022316294010365,16.315172690151098,15.424318943925872,14.469757864164873,13.140051280329672,2162773487.993991,900203949269489.0,1.4872966318698068e+19,6401.215380552463,52669159394836.266,82518950817.43567,62.78080400772146,218180044.18262452,31938053.218544938,783960006591.3368,533215392822.2762,5.468594702838362,570471107.3980792,0.6180566528714575,0.0057935316448664,0.0111639964511938,82464797.27154188,1464328589422.1404,1119.3554208234368,142270.53354706994,1.366053215199578e+19,41987130937.259865,5.230706897422613e+22,9080.751482029382,0.0078441744315622,6.09557952203834e-06,0.0003623682270126,5.237581159617677e-05,197.09649049719405,1807920806.3688283,1.7577205108101465e-12,3.632766196417649e-12,0.0134364533795541,1.4901356906178337e-21,0.0422351247973768,64896.55596464124,3.4610917418803337,33578.55011781133,3.2527891094124693e-13,7.311071460690841e-13,4.924511950298885e-07,622.2707880791505,8.161215209354144e-25,6.328348397752985e-33,2.5304126160660353e-19,6.209278687347542e-33,434939552823.24664,4571252116671997.0,6.921387289053303e+17,7.897222364158083e+17,1.039895974851014e+17,5.229405583837889e+18,3.979633950351394e+18,1802304097.4337935,201639787269227.44,6776710619.975351,8293462.600477778,4.950978115075939e+18,1.0067209997646188e+16,4001697311380997.5,15457401.685998464,451197058.0987186,0.1876149866413017,1.225759132748506e+21,4.4820247318556816e+20,6.569419279236605e+17,6558513628.746065,2.064495099408252e+21,1.8640855067334536e+18,1.0643465200789614e+17,4137179143208461.0,1473341487600731.8,333079178914.775,8268689110112856.0,289770260.0696984,1.4974537417569104e+23,1.9970035708421535e+20,1.3383434902885335e+19,7.218544389213648e+19,570144.6479872288,0.0005126838681119,1.3221660281318029e-12,1.354566495702915e-22,1.0809530609261076e-30,9.703718131517543e-39,6.397960497970339e-48,1.7580996806722813e-07,2.7897982712197235e-06,9.869712164609618e-09,1.817789006284745e-07,3195157.9727127873,4.6782857340573095e-08,2997.7839681378805,22398614550194.637,4.1005038766599056e-10,0.5425309279247177,44311.433424382005,37436.25727114536,15396331661.749268,50.59918361867191,0.0003859529942541,0.0747012937003671,110001925.20939805,0.0020818180786615,288.46349677637534,72868379787362.31,50805567754223.73,776.1859443805328,28607313.15634611,394661.1408306043,7614.085013809299,23185809660.128345,167188818070.92984,7901438410593.188,93.72845874927172,2027.2363408500496,0.0,0.0,0.0,0.0,0.0,0.0,0.0,4.3817825984002313e+21
2814.1223699441503,77534.39468863554,12.032398680110717,8.680019342058149,13.19721085878911,14.494282663995236,14.883338206535164,203724587859.51337,3.709794189789272e+17,57070848751.54856,535868510741.57166,1650171881145639.8,6.3036296217793225e+19,660219205777.3975,2.7202672882390124e+18,4.8832150868556934e+17,6952860252924.469,1270092450765.0483,5270452250743.529,151547804483.6022,49411740437037.11,41229211603653.0,0.0001695557961937,1.5023790907380308e+16,170897431063.49374,2174830485349.0916,189072285716303.7,9.544994360803176e+16,8.336758374009445e+16,228608015347.4745,4.653951795226243e+19,7.051657509693019e+21,5331231588.78892,17245332529425.275,206103600691986.8,409.16031335411645,1.681459291901065e-09,139658520333.66656,339.535095474646,4.904438384313553e-07,6.32622846112907e-12,85463069478519.33,60614638594.788666,1.7910437582220838e+16,7032113552.949598,1698172573.9899266,271566169176.75043,22794978.705311224,398817.98725312465,55911.427695504295,9.398084802272387e-28,147037520528.61127,3099.5260922242755,1734305297071135.2,11891253345.757914,1648.412307083891,1867.4221290847536,3.4590778543841157e-07,1797376210004.5615,1994.0984200520552,1.635368665318264e+20,7.224860131476286e+18,2853270640484974.5,23498324667617.64,119752253438831.38,607.3583052490492,2.594570631975585e-08,1.5213808743828842e+20,1.6085891281745322e+16,14164946052.646748,15788192963060.344,7844.566075442756,2.3031886360563345e-08,3.0541883640218853e+19,7.035514582507575e+22,146903661831.85983,2.390765040962404e-08,1.2715018938186482e-18,7.763349981779011e-28,319466239104378.3,3894594446490046.5,3.299851054839252e+16,382961.5535619494,53384798787.34391,9.612528632092685e-08,23.232719334649428,7.572002106064681e+22,2.1844056503341604e+22,1.7949245439076425e+22,5.040326274605194e+20,1.2309290956599892e+21,3.675766349305549e+21,7.213403964621643e+20,8.522433757062577,12667.771320980251,47.78441099760023,87626.041904366,1527868.7660267418,13.322036131505696,12114614875951.328,6857.433297254049,7364272.75321692,289.9289545532156,1176090689.0327668,0.0145644753384266,235053.70262527195,165745025064345.66,34.762806407395345,550172.7304783899,114805.68481167952,0.1172057637624837,774209.306557017,271117.1601940701,0.0329532151414055,68629.61870772568,142485471632.9894,0.0321927194025998,3.8020616269365094e-05,4487.7541527820995,3.246108862716113e-07,0.0014610225209397,30170535969.89647,63020759290828.234,0.0,0.0,0.0,0.0,0.0,0.0,0.0,4.335787007723885e+21
2288.028018167647,63878.67656803153,11.975732017659524,18.588200336001695,15.507183878942538,15.299574967224192,12.060701366282885,43967353.77113619,2103885910609.8804,3.7048821050951864e+18,0.032709916675423,326938776802.6751,655198.0164770264,6.084257203142866e-06,41.270208021159206,4.216790746519523,716595.573245656,1846388.4155746447,1.7372836628328713e-08,46.43659554615084,7.725185641637017e-11,2.5309590290462324e-14,8.557637155188487e-14,283.05794813185577,29313508.814117253,0.0001598820602428,0.0396351595930125,1.4326266320152612e+16,2023.4715409764865,3.354640554984431e+20,3.0898621677579303e-05,2.85512665899581e-15,6.158232609894611e-15,3.026644355595628e-14,1.7389085764415476e-16,1.2692870609557242e-08,3.4397465415656097,1.3672905818069537e-27,5.713501144197507e-27,6.759527002279278e-16,3.176827366014817e-40,2.5935634037844724e-11,0.0003994647529717,1.0846899384327687e-09,0.0011167644210734,1.7203451116321857e-25,1.893534648557593e-26,1.0172775537330128e-19,9.490840828339057e-08,5.875142815817362e-41,2.6025416431356876e-57,3.015319088903562e-36,1.6806468082475717e-52,49783298.65252526,2943020553082.857,1394920866223945.0,1611060216566848.5,312446229881819.4,4.434847746330793e+16,4.660922924212117e+16,297.6873620186422,16900982914.477432,19926.717104726267,2.2842781338633675,2194495042244414.5,2410387562420.4053,1722552203.524917,0.0626919406867081,50.42383155669958,7.510938152465978e-12,9.56460408269443e+19,5.447585592209417e+19,6.352995158809485e+16,5733.103506776499,2.8886530010259517e+19,1.611842115989113e+16,1044323622051254.0,63394241216761.52,23277405606465.684,35676172.702597216,407007664070.7824,0.8577014015795102,2.016876673718012e+23,7.06129205433175e+16,7.866820420767505e+18,4.9386886457503736e+16,0.0004864450266053,1.6176350083268468e-17,1.5603285729852614e-30,7.75760304749645e-45,2.4862598774138913e-57,7.800889852191972e-70,2.1605564887506177e-83,4.0799199684101445e-14,7.487802024466074e-13,6.460639193618202e-17,1.2102131745080951e-15,3.233050883224736,1.2808397139748985e-15,0.002569376451323,4769804002.16197,1.191466285721012e-19,1.4031204460757198e-05,4.014379175938324,4.468517248663503,9703529.381676158,8.769147098785863e-07,1.1320182954030816e-10,3.2019820952893266e-08,105.1744777652703,8.073183988563013e-08,0.0420964635445809,873273076072.4675,630773038426.2896,0.0358296561616848,3694.48119534118,56.09180046446093,20.858501663088227,343505121.57244724,6350023153.710302,336564495583.7797,5.903225987536452e-05,0.0013933970553622,0.0,0.0,0.0,0.0,0.0,0.0,0.0,4.2013410018278145e+21
2853.776269953866,72459.65903092589,12.00594982706062,8.739309802539353,13.215337135022375,14.49097554604214,14.898514781193658,243014318801.04465,3.856209612196952e+17,77492093493.93832,780410063000.7227,2052347175544264.0,7.012838574518846e+19,820737093751.1732,2.4411328423028977e+18,4.5329033737664506e+17,6404528512895.969,1339472552343.9883,5305404897528.22,133792118339.79263,39630244737529.23,26664393939068.88,0.0001461681331334,1.7472268892633346e+16,200520681338.07364,2631156050863.3228,214763196750950.8,9.988232414051466e+16,8.242298656465525e+16,240474853378.67215,4.956808429130498e+19,6.548595660166797e+21,8002433740.026735,19231343610067.508,183064915404632.88,382.8619104244585,1.6265479256772034e-09,94178525048.53656,255.65717932195463,3.694402632275174e-07,4.466023010079578e-12,103518187703789.64,70010406572.38583,1.7801610954711818e+16,9044612321.01478,2392888395.796898,296463176039.24,24644188.12810176,468534.9792369854,84441.13348201822,6.856777644307627e-28,156143703114.6853,4546.430628115197,1844737584094582.0,12797644579.12611,1899.8085836982743,2149.624266714323,4.5794059038279394e-07,1968540201889.88,2526.618094104994,1.5381788285918033e+20,6.02775343809727e+18,2516762512031472.0,19976796442934.09,101660477812153.44,652.2797055576757,2.6433859537421453e-08,1.1920587766882696e+20,1.1344221592936494e+16,9578271797.501097,18394905633782.617,10448.957362987372,3.7425817005815535e-08,3.2197290249702396e+19,6.224649319244791e+22,162385135455.1984,3.7128365571892e-08,2.261636420240165e-18,1.640473267070646e-27,345665950684162.4,4342710807724767.0,3.38190322515295e+16,527971.5495898313,58852249002.655396,1.7094879787990588e-07,28.703744627549792,7.330416401361016e+22,2.0383133931550498e+22,1.612385149361481e+22,4.2502628802838135e+20,9.92605417031736e+20,2.8751719108650263e+21,5.369627425931393e+20,20.254099656538475,20060.02171291838,93.28669758555992,115032.4302956644,2205265.220454528,29.82351783014064,13196808321367.229,8179.999851252329,10225492.750823298,562.3982314480454,1367586343.5180044,0.0291050820632822,270728.69241451815,158253619112283.44,60.446502293482034,623041.1771113678,124481.22203343512,0.2871928948943255,1129484.5281999768,459166.8967062523,0.0447910760385858,127200.86930074796,161624012851.4608,0.063964753004602,9.639531702350532e-05,6545.152570820786,7.638844662741896e-07,0.002296919350328,51955406277.95726,72661449284284.3,0.0,0.0,0.0,0.0,0.0,0.0,0.0,3.877688877044685e+21
2587.3098194883446,46433.55278425665,12.024366340426475,14.467191245324264,17.13408812035014,17.11550868263947,14.898560664364345,98659049.44986495,133952411839022.6,58671266080.81652,56265265136255.0,255433565258982.84,2.289785192416596e+17,87083390611.67378,1.7253592610750938e+18,2.500288251012541e+17,26580524804581.332,3355182144272.9,1215749453.9032488,569848537.1067197,22132658.47941995,33304.37261619485,1.0978524432491549e-12,4.0103001016089815e+18,306914379632502.75,278459707680142.47,3.606286910829956e+16,5.721870669679465e+20,5.1254893243892e+18,9454615251704516.0,2.5087664099478916e+20,6.468008457178368e+20,521930487330560.7,5103161942632163.0,118836120165390.05,8191.082540485615,1.3898983214718511e-06,98121.24107866207,0.0008482589602813,5.83049324425464e-11,3.462707525073175e-23,1.9949105737914462e+19,1.3420772881860298e+17,8.973772859393381e+21,1.3009235435346098e+16,2.788895712479847e+17,1.0167617487238178e+17,5.280704889851969e+16,1.0521487286962786e+16,6742123095686899.0,2.621664961232782e-31,6.2186457059603295e+22,5.0872369841688486e+17,332640526968.0534,15053633.179771954,9.652447242629895,11.017167467728695,6.01467088589635e-09,3309939062.345608,10.424726911545145,791352698841571.5,4821293317441.135,824924330.9221776,5283336.602805392,508860651.7933289,0.0041703611090375,9.010211869694341e-14,1078847645180.645,8838204.320548415,0.0029009117034073,26185298883255.055,39762.34367905135,2.3746267052427714e-07,9.569370084278397e+16,5.731954500023273e+22,209383611522.3793,2.0181376220244346e-07,3.2572009425449085e-17,4.7618830546198733e-26,45098913295351.61,99069528174722.3,10197510864188.346,2540823.289349714,10373603366.240477,9.098597455753246e-07,15.666182560164904,4.723302350140577e+18,1.2303749901079508e+16,91947781126875.52,27499882382.90608,637194142.0687056,16542043.186378255,31710.422096990857,27816.266421682896,1149.2514412028895,249.2183637901452,11.912109972719357,381339613.19858086,38993.79921341323,7139882803447.092,187341.0317801748,1726255711.2351022,1.3964947759137487,306.40337994714594,0.0004126581284215,0.4612260378881603,1062100.7484886856,0.0001545204556953,7.83889538517609e-05,0.0329551474363817,0.1718613576919276,64.1012477554423,28998246.108427204,0.0002152400522448,360267.67379974294,35446853.75500438,0.7754246150949546,0.000519487494715,4.301838246875599,5.038387558323589e-05,6.194573335629816e-06,4755610091.950641,267390323.72280267,0.0,0.0,0.0,0.0,0.0,0.0,0.0,3.7129030985721824e+21
1797.1237894521423,57677.52949460698,12.002036812002196,12.636609528640893,11.2878850293038,11.584723342741842,10.787552744561358,412321.0724308411,75229236493245.19,8.997752964472578e+16,3.386979972125739e-07,8907955284.87576,3500376.86539407,2.852268512412212e-07,29706.591098317887,1322.5442142764778,11773858213.861032,191749090.69560972,1.2738668396183205e-05,36465947.972932175,0.001380016269569,0.0085248703328643,0.0355483486430979,3.841914457218765,14268075.49849294,4.911232627468547e-06,0.0057012674480687,1.8057065732856188e+16,828938.401038023,1.713524498969217e+22,4.537706978032408e-05,9.461322779935736e-12,2.9923639030559337e-21,1.9934815384829668e-15,2.9089986393065297e-13,0.0059480173428537,1519846478.1036286,1.7727602313585574e-17,2.3680750356978123e-16,0.0236521513400297,1.4922619894804523e-23,1.3591231361058782e-14,2.4170302191732457e-05,4.0864506284733005e-10,1.051236178713841e-06,3.570758128891788e-32,1.369581373984169e-28,1.6446574423476242e-20,3.679258648700065e-09,2.673628857492587e-49,7.552783338048455e-40,2.5425371594949512e-39,1.6333797625787994e-61,5650453819.083926,1.0817699520504602e+16,4.442113071896874e+19,5.269673480694092e+19,1.5649753065226772e+19,1.8194793610050435e+19,2.498912705443784e+19,8742274.038541038,1.1486733896497786e+16,20454250424.91485,34582047.15294169,4.144426964527647e+22,6.976001770862445e+18,2.826270588388463e+21,15134544.521752138,1172415390558.8206,304.35253781546527,5.242772898932176e+20,5.1061493779407104e+20,2.2462239183558106e+17,628038.93905521,1.6394730706866438e+22,1.922947602162008e+18,6.3966524893299896e+16,7027555997312820.0,1690818924701147.5,963284068.0775052,87297055068102.84,105933.99000471624,1.4333509616936063e+23,8.619395420069964e+20,5.166670844438051e+17,1.726216657508848e+21,5.6919528017349945,3.665679908190694e-11,7.061421665375017e-22,1.2625305227599829e-33,9.526115533396215e-44,5.2201459430334853e-54,3.735422512196021e-65,5.2528920243207745e-24,6.007123546783394e-19,9.211041558187668e-23,7.432048017217635e-18,0.304702101892596,4.0118576275379055e-24,9.474435905023837e-05,6383194358.923691,2.2071299418109097e-25,2.4467765649968256e-10,5.498508041550511,0.0015645298645861,678704415.3680443,0.0090783529614617,2.751952182817441e-12,8.22273114544017e-06,927484628.866428,2.8885534325054684e-16,1.3942264919182225e-05,972783004.971118,2097641401263.876,6.253141122803977e-07,2994.0750725299595,0.0081228450971128,2.435060841876312e-07,853390.1465589576,18682.654769111963,5741088322.737408,1.4106145457707297e-08,0.0017979006640271,0.0,0.0,0.0,0.0,0.0,0.0,0.0,3.5400712332080185e+21
1709.6580071779122,27066.171803818143,11.985420787660994,16.743382018534433,16.7345486167858,17.551068995661893,12.9354514899145,137447.47434191738,3523838753181.169,347421416.6683785,3209484.879391798,4096149875.67765,4572299021459.613,403430.3243716809,4.571944416929444e+17,1.668638946649091e+16,3600716454130866.0,16004472912281.943,3607112.112132573,514851255314.50336,87227165.78261025,113355671.8521944,4.399917161867411e-08,219745592907484.62,18126303563729.168,373657337.9271827,627991843081.6956,2.62199838525286e+22,4.237140532502548e+18,5.697173864586118e+20,6392951412213697.0,7446868225898477.0,2008803.631280104,450542126783.4461,14867581972062.549,102535221.80812164,11984.174341999613,16031886.583413595,2.676093934902387,0.1171240845147116,1.7636572610388538e-17,52900893397037.75,2741191694586916.5,8.359011167813609e+18,40658598709984.125,2862550636.5691037,2625715049055.641,380897748386353.5,4.818478242780933e+17,1285619.6839009798,2.667965113414243e-21,2.6527036554372154e+17,80347627.56971459,379151693.80490947,15680847.0445443,1019.8498955952816,1217.4359906024358,3.7874347008009137e-06,14300580502.497437,197.65280688883612,1780809616529.3176,112609457561270.95,241406775.2571023,849909.5738576059,8441793341242.49,8.595823046002158,6.483533634978381e-06,530767969152.7725,3038933620.7152824,0.1032923147477544,8025871300611.52,83815.27297435897,2.7706129563990756e-07,1836513932887.0735,8.786232507405138e+22,67296233915.42246,1.7016337481876793e-07,2.0475546945002595e-16,4.198802202496721e-25,2742857792.5747733,2588865436651.8857,12594583650.11173,11647113.838846795,631989994334.7692,2.246404006096582e-07,15390.712909406786,40978979669214.4,818472208.8155031,49338.25088892701,0.3172410607521087,7.7909609443432e-05,1.297307669349008e-08,3.085715522740694e-13,3.3560249400206266e-12,3.1058896614885384e-06,1.0846381176570232e-11,6.415933637947218e-06,4782.03172362873,5.985967042751713e-12,6889274576.775226,89035989.26413828,204.4676463809744,3.570555604403919e-13,0.118711802312696,4.3824891700554546e-14,0.3509713891112833,1433.137529668052,4.52780009981861e-16,1.2408533851123766e-08,0.0031521480519869,3.0264979301201633e-18,2.2475262761867764e-06,1.9535595053671604,0.0002699507962182,5.4100407029057136e-08,3377.8900918771233,1.101652105269234e-11,2.919005786724226e-17,0.0019195901045233,7.867355920362415e-14,1.9239587071229732e-07,0.001685378818616,1678.6654102661826,0.0,0.0,0.0,0.0,0.0,0.0,0.0,3.4664504737718893e+21
2376.183878465627,33537.601606183816,12.01045265806971,13.7588799705887,16.65603430586056,18.536952663795944,16.668756751578787,5713761.668176792,7080082293807.392,226564818.8108763,988526796844.6842,48292774612229.04,2.4031281705855603e+17,321744643.0194112,5.360430297930129e+16,6127951626435673.0,22554381229.63748,1268930261.9808202,1356321.6701642077,52189.8720236223,8403.939984072014,3.978397866805371,1.7806062804617676e-20,2.9308333943067046e+17,693195426317.3209,13489481762242.062,2714546593092037.0,3.263480172793425e+18,9.753881041672106e+16,1718655618525.5051,8.604726895917382e+19,1.2930179742068142e+21,1797877272756.466,9764238067502.893,77874178760.99306,0.003573773429561,5.272818390598634e-16,2.1419948040534496,2.8423281963459783e-10,1.8134794764671046e-20,2.6215395046200085e-33,2.6735979858569907e+17,79702048149575.47,4.169341935284177e+20,4338575255943.083,358488933643238.06,51651410347297.22,10317723669008.809,52844063019.51075,1324324932872.3845,9.357135440961674e-46,1.0880286125755664e+20,29911237781450.824,12989320976.132912,17746.65288663969,0.0002331408557172,0.0002682584006084,1.8242573308823148e-15,3958173.462384886,0.0001488635428135,185752649830505.75,81675973087.36609,8277686.370384581,60013.27619814627,249929.4114299054,1.3158301648243582e-08,9.940682608362829e-22,63147730550.18963,29497.75447689608,8.00205339558776e-07,254283821721.3195,4.9934674099972725,2.472958026228302e-13,1.2663982405327984e+17,1.002893276818453e+23,2571517797.1742883,2.5096797518420453e-13,5.239115056799052e-25,7.547186761640429e-36,17093319740528.389,3347841973757.5835,1375134410765.4297,288.6672829669458,12437228.576133644,5.771500243080695e-13,0.0002801426602944,2.9013223907459764e+19,2.1859773528447424e+17,4760388660297390.0,4928635311017.274,348777152543.15643,25212139679.584568,152101690.19427443,83.5619793277445,2.1924557592933613,0.204714874001205,0.0057213429867299,84234.27462769498,154.54640755339682,158688088901.53455,2.7347131640628235,1984146.0269636584,0.0049688631416827,1.4393311716599342,3.892676826233906e-08,7.533132990625238e-05,42841.17235019154,8.23340143321814e-08,3.0965713729585594e-08,1.066631585862601e-06,0.0014996922980033,0.7742632378128993,107630.45698863112,4.554118299617681e-09,19077.99217811872,2137188.153542842,0.0008323578944196,1.344904199036966e-07,0.001958544909407,7.147329936203042e-10,5.468782033350508e-11,1233172195.3461788,42392690.33690164,0.0,0.0,0.0,0.0,0.0,0.0,0.0,3.4646565661909183e+21
2419.1224678198746,52712.05863355578,11.998420712007617,14.563861898047964,13.044289666623714,17.144601940312842,16.732273798207927,6014818270.125628,2110284605846452.0,123044406523569.44,9410572.866131902,80678719389162.12,8.783085508702381e+18,675722.6790878265,82335577409775.67,9911584454104.031,12287509900146.049,709277831095.0862,580994.6780077204,6239501870.778215,715140.9298021178,68399.66431990098,5.591950544601934e-05,2378439165385.164,1941927614040.4375,139120116.7505731,25433569839.495308,6.433155052130416e+18,5.458774851432399e+18,1.1614545806718262e+18,1.5847582909135302e+16,5.988509507988212e+18,96.3752281855331,93455.14956370194,147834.77699690347,878.4131930843341,15.756101434919335,0.2104566793429999,1.122300006572681e-05,8.633063106561947e-05,2.582436424453534e-18,12391932.71004534,1180566052.4103007,17133436796.29775,62609948.32410651,0.0941017602090225,2.6127720390279903,893.9337688700515,1215535.074189918,2.064125609456106e-09,3.305227601736456e-30,0.1422642286947478,2.3931380670731e-13,4807237505643.537,2279285890727.3516,11301845666.29928,12981632469.455233,37131.45779162559,436091568917392.6,6962754461.062087,1.4781555945119e+18,4901918520071746.0,647039758400.5006,5305481689.013543,5252039944398423.0,134318852.79759973,33649771.48387556,1.0682046438204957e+17,460315116016.0122,3920.455930343692,1.3136048821945664e+17,1076412170079.75,24492.979613875843,5.115942439682228e+18,1.2004572886755455e+23,1466554740634052.8,27795.330958432016,0.0241962672277855,1.543409168226028e-07,33153302529335.6,4.1875327025951e+19,4.699668947982312e+20,54717121701000.65,5.21231161977503e+19,54801.12191281296,474840572844107.25,2.6654543686670194e+22,5.882804439216821e+21,3.746643928525297e+21,1.0928926117190086e+20,2.238806913446403e+20,4.778576002002261e+20,8.292261178715978e+19,2.060238838016894e-06,0.019178967970281,1.051905884533625e-06,0.0106297412308502,93326.37201847685,4.169681841124291e-06,946149322.8253428,1814193897.173526,0.0765643333804538,0.0046977069490526,411814.0411113368,0.0131412822049083,7256196.285711138,283762717614.41785,1.848830970196654e-05,2.385785597492932,11224.266937691296,8.626995763845488e-06,1334.1052549026692,120887549.0989848,819951.9370234624,86.17439492833195,3017552035.2372594,1.4225420714407506,0.0002318863398385,960164.806369144,0.3757371227638051,10245.948925438715,107743292.77293272,1325267129329.4026,0.0,0.0,0.0,0.0,0.0,0.0,0.0,3.4107838835471863e+21
2367.935239134734,104597.58552228092,11.973162425035362,13.633615789468072,14.188968706801251,10.76615281970506,15.688468583047916,24519937045.524097,3.347597732383525e+16,33002641280669.492,5915392057.910731,378434152681.5642,1.3315690908599867e+19,9657390325.758995,1.4827817351650744e+16,1677980107262600.2,988076439299896.6,6381761867063272.0,207370301406.60925,1324609962034140.2,6578980148403.327,15894293669320.809,1658.1585088921888,15683842090998.09,5906289832677.163,5968893.037092839,1223995784.6206467,3.437335235663134e+21,5.982186724210975e+21,2.8861768703460603e+20,3.232558094974748e+19,2.896642425943336e+22,71370112.3880114,2026679649515.4624,82788751177171.45,94737616950.7201,352971124.31647867,56606519032.132416,1160833.4526977977,1872758.8677800111,3.967983030674855e-05,94649625826.44392,4560726954264.106,1309839084494.1765,28793909546428.24,97026450.4447588,71998796262.71022,33691948.234352574,385151991413498.75,2353.310912186701,1.5962071427457038e-11,15032822.74434104,359.07108114680733,510138303039.3764,110856033545.79408,227852072.0468079,262262194.53291705,273.16736296015597,2939967117694820.5,16904512984.117548,5.175953239985045e+19,1.972046211509384e+18,1644655861379.531,100877297.310045,9.58119992996172e+17,7510830469.575231,840899226.8334216,8.890597610435609e+19,29979737154502.12,32991.33187793225,324186834310335.9,976585981.8097216,7.280469169762761,5.963209879802403e+16,7.271658167623544e+18,27868055443.561703,0.062647018538573,2.0065324969856413e-08,4.3826945766688577e-14,9771082.015234731,2.9585444030114386e+19,7.12936727974659e+20,6680436309518.422,1.7602470198199224e+19,1976.769303226511,61196913837132.41,9.587088726535585e+22,4.180277906278068e+22,5.269979003985252e+22,3.181837455494949e+21,1.3061072829381366e+22,5.455559477814416e+22,1.9115358661154315e+22,9.5707322230837e-05,57.821170648747376,0.0011892774911074,762.455796685613,85454133.18537328,1.5072198013675118e-06,39104378650.62242,1997857899168.8735,364163.0246515966,0.0043213037190179,29736556.249550577,0.0053543787224353,249013860.33280757,53639346072797.81,0.0003539968253526,3085.837163298853,4028616.74478333,2.127040242309671e-09,26.140327709777008,27180.930607644557,3999.520261669626,0.0002459100759472,650273.8285577354,1.6777784014633668e-06,3.602749982524817e-06,1261721.9708527864,0.0031235970136195,5498.449155539713,13285534.04442913,10498886912450.916,0.0,0.0,0.0,0.0,0.0,0.0,0.0,3.3903374715301596e+21
1487.1892505478634,42183.4326029901,11.984696662840378,10.313642703848062,9.39956562746384,4.371757336227531,10.411758855029117,138299347.98122853,1.3177139915277254e+16,1239822.87012499,0.0034146682021922,0.9792327618546296,2597952691047.228,56.91358866695254,260588231.59086055,5160635.935851261,1137307.8104852966,35340525391.993355,165886787.87324065,222376117634168.9,1835877019256709.5,9.118692279735522e+20,1291.833922685808,0.1535785209969007,0.0099553388937839,1.658759733088665e-15,8.726224453969616e-12,8183776351396326.0,16142655199505.51,153588435580235.66,6847410250.321148,402580652361.8861,1.1096185935094863e-09,403.82060327462887,6384635988.896366,8383.826412888253,0.4760170336429501,59727081925631.07,1338510.5981888685,25064.16568171955,0.0010286467372985,1.7180844622582047e-08,1.5966571354242362e-06,1.1750935201408144e-09,0.3310593398437002,4.048706688218699e-12,0.0020648229426032,7.979573172542944e-21,0.0169783601050254,5.8149395520481395e-22,4.7071517566974784e-20,1.079363899077332e-23,5.898646569593572e-26,11160.457051504183,330.64048579556146,0.0059781460779477,0.0072738004391769,1.7655817002710004e-12,17451251688009.48,16547.064306188186,1.5291601553739846e+17,1.567244846276311e+23,1557679599.3763573,0.1382390437058967,7.426491442364456e+21,109043367.68421786,762.9713655242341,9.377919334827596e+21,8553210905516338.0,68.81720271574429,5164.988791228365,4.495330974683898e-06,4.1904991449459423e-19,32515.651988957787,104029091.7898843,1.4563577902930816e-06,7.189008702886111e-27,7.800327791898692e-37,6.587477368746552e-47,1.2351831815835056e-15,1224010263681.592,107292428214.37724,27367.603969498276,324559530475.7114,5.203413470418567e-12,974.849147924922,1113944091375233.6,182901350154.54175,93569454.52142316,7818.358657159512,18.39163014745698,0.0238311154897424,5.783359427352645e-06,3.111128291816316e-29,1.4818800515755583e-11,2.5398139235953058e-23,5.607669441021653e-06,2.16194655609738e-06,1.9735950843457765e-36,0.2897738120827515,47671.96505155523,8.751407793852036e-09,1.084574773583854e-18,1184141.8032621974,6.580137018123632e-20,3410474.622679365,1596315212010.7068,7.703453164758198e-17,1596.203983538808,15178.18740046746,2.247395917500976e-37,6.181528821875468e-13,8.462633443241881e-17,1.9786754553452632e-10,6.913151067646707e-33,9.60850254531724e-10,3.795711877238499e-37,8.370904000906855e-29,0.0375371547690488,7.163137234508076e-25,8.577989015199425e-07,2.128875783308177e-11,9797035.33976614,0.0,0.0,0.0,0.0,0.0,0.0,0.0,3.225420747886191e+21
1661.150813709664,10294.20398926346,11.988539295658256,12.345409895926409,12.531641405041327,17.857804710479723,11.825062702556668,811552.4651650201,20353724141652.42,39031.32462616316,32948.687561650266,1109953028.066128,30745611716940.008,47976.487519463546,9.842263479596386e+16,3188258264586506.0,232910102824.7149,1098399840.5515203,5924709.156885033,441383367.0235118,2113236914.372378,39099203415.33564,5.760680670747126e-13,2866317585890.3135,75993973.27916376,2501072.642738353,5249961549.813012,2.753397397817906e+17,543266248726084.6,1958552420913.6567,1899513100166474.5,3.564205388042632e+16,708.2611162307657,2998861453.0590177,1471784291287.234,0.833876706828465,9.616748565991427e-12,185496579.5003727,0.0070483313564912,2.9660871763159104e-11,7.883799329120109e-22,23157266423.955227,453528334.452342,4281556877205150.5,8164406.246529604,47380.621906704335,666977157.7008364,1768099.339241494,1692446.7779259945,0.6628534643588367,1.629221700502843e-35,162117839290.4069,1.7752338105257708,1173644226.3967333,15334.44868662236,0.0002616986284899,0.0003135701100058,1.9974676970231526e-16,22406574.91687595,6.18773331594544e-05,142360936161830.2,9223214183395836.0,9550709892.99521,22580567.61209391,213296546254.17007,3.1987797185909946e-05,3.1713744926703247e-17,535492964225249.75,1756436242153.1516,276.68056303348925,890211907.8920742,0.0019294838045596,1.0702750696471244e-18,8653542522711.518,4.488447243745769e+22,5301912.362209372,4.506172977785602e-19,1.1410772889246531e-31,4.231622082014786e-44,414772786.77479136,5664719868.063939,363463356.6292822,0.4068136914205335,473773.92956009053,1.0732862049460121e-18,2.583478107300464e-06,4398512127759469.5,993642982771.2548,681351007.1861248,54165.90149416468,154.93304949627952,0.2884295152375077,8.090741086142042e-05,5.995807053565216e-16,2.5260741214147866e-07,2.5467074939113835e-14,6.453457723521104e-06,0.0105721269487462,7.688046881055749e-16,1182279143.9364064,2.0699944877200727,0.996396726717682,2.2585131691805004e-14,4.908835852042948,8.15298988793165e-19,0.0048739165958482,1118764.519703501,2.8037775779225614e-16,3.770671701219638e-06,2.174858084681881e-05,7.444320734363267e-21,3.699895506585966e-06,5.621369834006018e-06,6.119458770149896e-11,2.0405004591645028e-10,7720.575988696435,1.0836573062528239e-17,3.583783106299228e-23,1.7768533222331149e-06,4.083229046689275e-23,4.500849421000463e-14,0.0002368183921787,105144.4419436842,0.0,0.0,0.0,0.0,0.0,0.0,0.0,3.184253199989064e+21
1276.504825555563,14504.067497007616,11.996523814768912,12.789009320823922,17.065155095029425,17.369016668744823,11.747548935060156,7.064201884869864,1786747940.1895003,0.0188888963601965,68.892666407942,43509.580110905554,6296539552.304496,14.50204478577119,6.914243598300992e+17,6302477905453786.0,28089943564.38223,5759498.301706531,1664.7136919248703,754107.0730195623,1123184.5546502764,27108583.135829736,1.23579049851503e-23,3189530869912.02,3036110.555973364,100586.3499020825,2265441294.2867146,4.3278793628931343e+18,1046570452528544.0,1344958209695.1792,4446720236788114.5,1.9397776134771686e+17,1174.428870650883,130261524690.72173,134489167315948.9,0.0085830099916547,7.617331861901169e-17,82068265.91494705,2.8709887305217995e-06,7.414741107377287e-18,1.2337501420985162e-32,16646227773153.703,63838951654.23037,7.004778500280751e+20,212280517.8864753,1671719184.8627298,65721239171007.57,1036321918111.3073,169170879241.86395,7131026.096709709,7.444453129724427e-43,2.0087774501291833e+22,163875586230.46823,5660.608208093262,0.0021601922859634,1.534493300460256e-13,1.912601565053393e-13,3.6409403431732144e-29,11.06022614392313,6.913230216560975e-15,5494610140.619306,983164702385.5948,18818.121876182104,28.001394272422903,506744.0835721487,6.843487402589343e-16,1.6286756434634068e-31,7437517777.127554,5944753.673645539,3.588175421667854e-07,15705.333657913056,1.1537989389165267e-11,2.334162091266912e-31,1700410933.4919963,6.150347128294287e+22,107.34238608368152,7.591018053619598e-32,7.859901287689167e-48,2.3010971343483908e-64,60478.02924709138,45975.152440366684,796.7448154868417,4.793923177213235e-09,0.2671123669653629,5.151630712812674e-32,1.123891813064226e-15,1832835241788.4084,22122323.128089868,873.923239383141,0.0096619058285485,2.0466069931291004e-06,1.8433890588885304e-10,4.356019802726951e-15,4.9058099302172205e-24,9.814784966810357e-14,1.1390180805187514e-22,6.839300389668607e-13,1.5213501089250624e-07,7.965806131422096e-24,53015480.49912633,4.827541966176409e-05,0.112304077572378,5.66930930151615e-26,2.7244344491461793e-08,2.7297972460388236e-32,1.4676864793575697e-12,0.0706843215846326,1.7066948138758336e-29,2.421699720930029e-17,7.36848163429105e-16,1.1375672123316669e-33,1.6043317526645921e-15,2.6826349278184123e-14,6.859761606946792e-22,1.2214002719083654e-19,0.004561290195385,2.5427437325685096e-29,4.848386791263874e-37,2.4182627555258307e-16,3.499524626618277e-37,1.659348907158077e-26,1.3204342956104965e-12,0.0222655452125136,0.0,0.0,0.0,0.0,0.0,0.0,0.0,3.0630871985682666e+21
2753.3897481245476,39964.6041076,11.99094210277223,17.911018762412112,19.62503185547632,18.397282129553137,16.731309820319215,52723771.231615506,25019179074.98432,414535877030.05615,2545296614909216.0,5056680986891.1045,6.0701942645298536e+16,289246124.5591843,8664176711964.714,1473915573099.4438,250867338.29995584,8528972545.628648,231.5261457171068,96.83481804302966,0.0002233663677637,1.8820630782754132e-11,6.819339980324903e-27,4.419618781394608e+17,58538115393524.16,260416194173.5393,25025061775380.55,9.045484534042028e+21,9.867343310471533e+18,2.53777558221907e+17,4.14379714313888e+20,8.907324389877858e+19,2.0827117115853894e+17,77479018689508.1,95348845.4931883,0.0241841509149942,1.3155309244882131e-11,5.149632226289625e-10,1.2412940523730573e-17,2.4839694000222793e-24,1.5503553539438088e-44,2.034077179033639e+19,1.834967736849168e+17,2.52910052559939e+19,4.146580221841374e+18,6.327556226248996e+20,1.0869698174351988e+16,2863982555734852.5,2.7677545477635187e+19,1.6114945013414324e+20,2.263471525786465e-50,1.3926821285617683e+22,8.076962547679858e+22,488619.2311812805,38.82918854714556,5.7024174612098165e-05,6.472361552975676e-05,1.1340441486899718e-13,1317115.025764834,0.0136932870514736,14745602645.202446,49545.07401072091,0.0776281600074424,2.9380067675315836e-06,9.432863275885117,3.8901072601780806e-10,2.8756229223402077e-21,1315.2117415841756,4.4789821936136563e-08,1.3113683393929485e-23,633573452129.9055,3005.6654415555004,7.602319929305561e-08,138805505605757.42,1.6039423538072817e+18,27779160.318197813,3.67484204809205e-10,1.8614130584710152e-19,1.0207936239590972e-27,22936277.946542356,44121847347377.984,487582814817.2097,32060060.255298875,7271958329.788133,6.343266026595012e-05,31.19057439305456,1.0373762078467427e+17,36205728480906.12,36060325142.3175,1277369.6690150837,3821.557130834271,13.670574607985987,0.0033113347762526,54366472.03920019,18029.2846027268,29.87786473735153,0.0120403183008247,18221982.299192425,404943.149247656,135276509595.48178,2133114.1248337207,111416680199.84834,0.0212245039970873,0.0227161713564169,1.2007287395876944e-05,5.441624502136498e-05,4.991116156314683,2.1718865626964279e-10,7.95084130331885e-13,1.285690848257292e-12,0.3576878897774603,0.630180348798557,17557207.8686508,4.184129853848472e-06,1413.7939767481987,749.2896426086043,0.0070129854870055,0.2994940430008702,9.957993881049903,0.0339813844255057,3.397794120353364e-05,42433800048.80394,19621422.723809127,0.0,0.0,0.0,0.0,0.0,0.0,0.0,3.0298928342717117e+21
1239.2063762116666,12713.71112777546,12.045231541016598,15.169765769287794,9.796102054093442,16.691026374524327,8.766331733592105,1.0823376998323315,47022565.51841489,6272013951693.523,9.119331635166332e-26,12342.125619401058,3.836674945831001e-06,1.3246679105375867e-27,2.4825550105108206e-10,1.918995819544057e-12,0.013108875045701,1.6781512528051055e-06,1.335715514670567e-26,1.6869218291261557e-08,8.69180195248175e-25,1.92803492968149e-24,4.539369738447681e-25,1.013735845636816e-14,1.3839071263031123e-05,2.2129488459421756e-22,6.794194841310709e-18,40199315.62792736,1.3683485290637587e-11,1.8377036535969508e+16,2.697706901496783e-26,2.4284383870683355e-39,1.0952839117365958e-50,1.6498893441589026e-43,1.669184692534924e-41,1.5986058097241252e-27,2.7186954187520896e-11,4.0112911003883417e-50,1.2497421691654183e-48,6.0604402197590335e-30,1.0200654105810278e-62,3.6461000131347814e-40,2.4940107921091477e-27,3.3077849981287663e-32,6.2575922368836305e-30,1.6785283596157832e-70,6.693032275735036e-67,3.788788094712163e-52,9.54824137013987e-38,4.493698105523165e-99,7.484017406034102e-95,4.85597547866085e-83,9.946620337172515e-121,108.36899947032587,57583203130.06987,4432512817593018.5,5553093082498818.0,813480550338051.5,326144097746966.94,150983981418234.12,2.3890965335916386e-07,2349986218.528078,28.436501527697686,0.042449740914772,1.624842545227576e+18,1070693851265.964,777254809709.6139,2.5127796861230377e-08,856.0481529783217,1.7631335765029197e-12,8.836433335544614e+18,5.068096913541961e+18,60094967709806.445,1.094715044172896e-06,7.213192468943024e+22,6.555382246738306e+16,20110815932841.35,1672924899051.199,31675712097.13204,23053.00392791426,40546.05157606669,1.0929073135342037e-12,2.1618826958691592e+21,367364251481082.6,10217259449186.473,1345351085934035.0,2.255891626397167e-18,3.434174925027731e-38,1.7310488610711038e-57,2.7376007065339413e-77,7.644919393534492e-96,8.59582526183254e-115,2.7223403118793804e-134,1.8600472969488236e-51,2.943389256229718e-41,3.539061525290829e-51,1.5282576531840278e-41,2.9802402883290544e-20,3.3099804287765137e-51,7.676649084036671e-20,0.1195988277724503,5.1049324367104624e-55,2.254890102909598e-28,1.4117859159357027e-10,1.3617820144112502e-19,11.440893487669891,9.200387955660034e-19,3.7150287472114745e-33,4.626830929771391e-21,7.106302616490238e-05,3.7641233640739e-35,7.144376251499356e-17,7.494025901094179,92218410.7158615,1.2577515073535684e-20,0.000551057112068,2.8174587060865396e-15,2.4257594894471975e-23,0.0191959279267535,3.630462580659825e-08,1345.413049785275,2.964310952886663e-28,3.841065778428917e-18,0.0,0.0,0.0,0.0,0.0,0.0,0.0,2.97070451552915e+21
1776.7569578405914,15231.154432015664,11.979878825935256,11.832801901540916,9.382296959329317,7.594289704750717,11.569585675511933,79770550.38976906,1.0303509814941614e+16,1676686581809.766,3.0416792215724953,60649170.93246536,6.229674219869942e+16,454.7965909630251,655130395585.0355,27896851499.61625,6983307768263.834,10494788319700.54,3851824.969593485,364414804500291.44,81077429976.86484,96026491406438.86,209514.04117278484,418205.0351398851,42821362.89771213,0.0046167707851008,5.822385461825941,6.893408334575827e+18,7.030519814264807e+18,1.815854416347855e+20,12505806126009.232,6.424680356177403e+16,3.787242873056596e-07,53.74806376474657,1528242.419600715,21818641.104261898,4167217198.6282105,2788130.5639303843,902.67617347534,66752022.5668176,3.4903496446215965e-05,0.0206590678611489,1076.639924597766,7.298009259917586,4541.474270690054,7.160551348445739e-11,5.421342578197489e-05,1.0601239539168253e-07,7332.4293821936335,7.276375009684887e-21,2.781471277530912e-16,9.04822805938436e-15,6.801273292377026e-26,6796534604.110639,356562459435.72906,37422692686.70961,44456870994.82031,307596.0998391874,6.453897397847444e+16,2046784466407.3184,2.789907976873408e+19,3.013422483955353e+20,4532068767638.39,73159812.93394418,2.9537188956646953e+22,102424302962392.06,7.118779397311004e+17,8.854095464123707e+21,5.028896344339725e+16,18231169.632713027,107777153109440.69,2458576825.306721,23.38893515395829,108483124451315.23,1.5679550311438792e+18,3854044728.617285,0.0641018078325636,1.6569863798824505e-07,8.869491636393303e-13,647.6658107960387,4.3052944258497135e+19,1.1952077093792475e+21,72769111811001.97,1.200611114660715e+22,5257.4847014711195,5.79229040325669e+17,2.4888566649274473e+21,3.461664270130568e+20,1.4429812794537987e+20,5.759656406319904e+18,9.487152731223446e+18,1.1175202186589002e+19,1.754020212073661e+18,1.0414362227697833e-19,1.1658899822190788e-09,3.3995287537269734e-16,2.6271472847745873e-06,46.32550877517192,7.793010695563299e-22,2694.125237094562,13784569145.059942,7.432477779119503e-09,6.222985395745423e-11,156719.2410959605,1.0620412671539214e-08,542585253.7430245,6775263834084.079,1.166985951642298e-10,35.106091139040174,290172357.2980497,3.404816576971066e-21,1.8579307845577788e-05,0.5125000188418606,2367.4768170347884,9.583975915471277e-14,49.99262827711139,3.1746233085101545e-14,8.419686500889436e-15,3487.670983977918,1.9741116266628666e-08,591.6205369549864,0.5934407110502213,7346744045.615927,0.0,0.0,0.0,0.0,0.0,0.0,0.0,2.829302963268055e+21
1802.3566614839265,2849.3883136493487,12.034239584999476,10.402048853250225,11.593777117408578,15.0950369228832,9.170488831121077,30330474.60180097,1869574208260238.5,237936.8734376195,4053664.143425482,8154202951.288231,9951388649647.09,79439139.73328939,6.329175869175986e+18,2.8497049394704422e+17,6044872848669.942,120980207188.70836,81195841781.04639,531624718504.5285,200073217321615.88,2.8206858041667344e+16,7.414106259678231e-07,36370120945317.96,323451369.84514207,40072561.84097148,45552983579.87382,4.637617969515451e+17,57220849987741.93,1052054969459.6288,1344965907517191.0,734220970524108.4,382402.2211618334,5660981672515.875,1.8776364208742024e+16,2249.408167889181,3.3100788238243822e-09,627798854374067.1,20748.76653583076,1.196328584370122e-05,1.851838583459688e-12,1377041674610.1672,5774339045.372813,3.300882409829076e+16,304766142.5213105,47298514.43422235,4109764970692.7183,34609200.638022155,26113880.809692968,3817.9071720158095,6.063079413227933e-26,23396281539378.35,24392.251998837728,120515240112.9112,553361.2166349783,0.0055468386203178,0.0065778665542091,4.881794946672484e-15,1100075837.364637,0.0037842072110852,576916940302431.0,6.516496248103071e+18,10057776887897.25,14288477005.05304,56512590173006.39,0.0245239006755611,1.525265070600499e-16,2.305426874775702e+16,1.3125027301451766e+16,69976259.65054294,1123071307.9295883,0.0027297489006698,3.058081291832289e-18,1494042116452.2493,1.1435299199450809e+22,3442966.6716402955,7.302772725965142e-19,2.0000070496238638e-31,1.2166469994777193e-43,610082650.086345,593542430.4257828,1921504.2889361808,0.91039772531226,13948.271019250158,8.519385711588663e-18,6.922036824035979e-08,42397066168036.195,739131032.58238,38524.71366225799,0.1849000069716549,3.766361456628499e-05,5.593745014730178e-09,1.0793164215224597e-13,1.0601824828687957e-12,0.0005142259833823,4.274569520710328e-10,0.1470920689358137,3.0586959981654926,6.759243396556895e-13,61143043210.77584,28.45110026342389,1913.8670044676544,1.0713366666097364e-10,9867.54683023784,1.6539564913853537e-15,2.9039710203387497,42000889.580499515,2.8490359398780313e-11,0.3585021834510097,0.4822662821663376,4.742084915592349e-18,0.0009360303896561,3.383772992079277e-05,7.857390934461371e-10,7.976743630979153e-09,157663.65173961248,2.530890846244221e-16,1.1347457791836658e-20,0.0001608092444898,2.0311682700761567e-21,2.6498621165669532e-12,0.0006646686064547,360020.7192131619,0.0,0.0,0.0,0.0,0.0,0.0,0.0,2.6252711008511365e+21
2483.2512487086137,63049.65151028668,11.979094184135215,14.410812761594512,8.62884239483266,8.964282567452834,9.950905509623256,3708884238.750112,4719038525955604.0,9.758110726684602e+18,0.005970222102092,15497219369.322096,888844356.4029028,0.0006238955578744,4.487126096117306,0.5815127551368549,28902.762926669504,18746855.09736197,0.0006977401680635,229681.0514859828,0.0010761129183189,0.0001321416893056,0.0003422198478975,0.110853471036103,3758.8572238441657,8.430410477543168e-10,1.3438250615496433e-07,81613444378745.02,4889.335310517792,6.060332962839478e+17,0.0004100228459464,9.197667057778732e-12,1.832151908855305e-17,1.9115423116629398e-14,3.7810678420826625e-14,4.345516653290684e-07,13.83847013998296,1.244966504287082e-19,3.4268791328281437e-19,4.6007518121694965e-09,1.2162872816398208e-26,1.7667496776750294e-16,6.25363803378578e-10,1.898853391997218e-17,3.465658479129037e-07,4.389324898119521e-30,1.4592728802475826e-28,1.3825690970891141e-29,6.308085632082557e-14,3.115741964011681e-47,2.2332907543096348e-48,1.4241664452489479e-47,9.488284163692236e-61,1351575031.9230049,26810695297293.543,6273160470505574.0,7187551842636904.0,1132438131343076.5,4.4634723947823866e+19,3.9775555623402406e+19,213600932.10063663,1.3996795007969538e+16,248766278.39920497,224.54027073092416,6.353853286059678e+20,1.0996621989401184e+18,3.259518347295602e+16,21305484.77303514,223334267.76741365,0.0004233093774611,8.950093178061636e+17,3.993428500207816e+17,567969414379986.9,55125.81032529332,1321330609648999.0,1062658304507.6354,69792644503.25912,3306972820.09037,1250029017.3750436,67.1600921350458,173788149970812.2,130291.02947334669,1.830189191622344e+23,8.607145101603414e+18,1.29586908619359e+19,4.083922394470811e+18,159.95713562216972,2.605937627825166e-09,1.222272416720542e-19,2.489013023594123e-31,3.7005818624497965e-41,5.898843733048141e-51,7.36086374359885e-62,8.894495953846862e-15,6.173481049491737e-12,6.091832648789787e-15,4.711353896431203e-12,11.456604876264144,1.8897781279415385e-18,1.6247291657072888e-05,527638791.8554101,5.2096643731605184e-21,0.0955136856554986,497291.2266862453,11640.600193392103,350909133625.02985,18.04661759027323,0.0006079601041298,5.575060871762528,11139296210.91139,1.6942398757816527e-08,0.1533376856482527,4364971109.890791,134648349162.89629,1.105569051340202e-05,24.077695077551912,0.008641156851032,167.41727280407542,37661308144.10732,9430740881.635843,19295647155004.46,0.0661750984507634,61.41461689789534,0.0,0.0,0.0,0.0,0.0,0.0,0.0,2.4200299310291264e+21
2316.1958417142314,23663.02060551483,12.016091531448648,8.675810809316046,14.45702428780837,14.676226986494996,7.97326372036496,643000134.4745058,8837480379393738.0,1187855.161935307,2085720822524.7175,18304220683560.293,13867117935655.729,1315029828566.1394,2.7731994793545207e+20,2.939827785345895e+19,1139639685440.546,77006270881.81783,12038715910605.352,6420277467.659894,168397099554399.78,175619300703950.4,4.343564001113591e-11,6.258449046241933e+17,15043550574.896484,16282502452035.592,3769610026340635.0,1.47449719778445e+17,367967431601.1362,797329735.0136014,2.651229202495713e+16,39705708088090.74,17226807504618.035,2.4682931201496134e+17,4.455184743368073e+18,18.642915698439342,2.7601382482604323e-16,420435884646591.94,454.2892672790067,2.930577277974077e-12,8.947725232691581e-17,2.5404265576762383e+18,8604662270619.459,3.7873690830219326e+21,607402362963.5714,1.911991364905997e+16,6.489096909474286e+18,3836713146555.577,456272045.0382756,297187747098471.2,7.331820729826027e-32,2.029722687813482e+22,3.4904830800446064e+16,9477361518400.482,130557.00697050644,1.5303629322466795e-05,1.765325960378198e-05,9.14548724496086e-19,45417829.60211736,1.2836471311201396e-05,21161395012048.508,2.2556595036515994e+17,12466624960723.63,60575541954.14499,6868987770.255541,2.232876137017294e-06,1.4976481151385909e-27,14711638858916.611,99578052369600.6,2508899.9351488915,1149706985.347927,0.0001739669142626,5.770399973925235e-20,5062101876041.457,4.95638894460482e+22,8072278.188429616,3.989273440288795e-20,6.4270620634811545e-34,6.541063548112654e-47,3350796582715.986,1987687.980095568,72.05269886410807,0.0151314811182811,0.0783728694216313,1.7856534538526968e-19,1.4239756064366882e-14,166883782862.0622,100279.91678557376,0.1745796695178754,1.525673675237107e-08,8.761062289121522e-14,4.994039364060121e-19,2.4673520854776142e-25,0.3628821297180339,634.3084591735983,1.8708302155118663,3385.603269053804,15546.357124699996,0.4718253736279846,64381907635433.42,0.1579168661085724,3722103408.8936286,0.0094967943392645,231115.85165814767,7.193903537333265e-10,0.1274399214500026,772467.9418476055,0.0002737084765999,7.2008003553769795,0.1416964914839693,7.72103744852156e-07,33.996032541245306,1.2928596342171066,2.500536442776409e-11,11.207029708038196,100596510.41802092,4.346838599346326e-09,1.0782635815982616e-12,0.0014448866128005,6.9774998218221e-17,3.533597927331191e-13,164.6206389129492,372358.3223067443,0.0,0.0,0.0,0.0,0.0,0.0,0.0,2.3961782184522474e+21
2492.523922860736,24395.335329614736,12.005621714515124,17.312561508275554,10.975823703985634,19.68482095839844,16.096346200816317,4281094035.5864263,9461699710925.088,3.0237602035804806e+17,0.0037479636168371,123217116615407.72,4664688832168.809,7.3938994136085e-07,35.83051699836597,4.691766973643599,6566.714221191068,596.733340917198,1.536583013513425e-09,0.0137171264800249,4.380824762965764e-12,9.978526786064365e-16,2.253421467114924e-18,483.5161322021595,463983.13597701106,0.027680040994087,4.328247205372393,1308547117241.1206,391174.6169448767,274616727406114.88,1.1891293011025317,0.0001299042292945,6.4993723103742394e-18,1.227018822192577e-17,4.485400303531831e-20,4.193758679144317e-16,1.0739900909551943e-11,5.328772780065071e-31,4.2797048631661286e-32,4.606987373999969e-25,1.6570115606428075e-46,4.36729613613561e-13,4.3064435982338246e-08,3.2873216117547015e-10,3.310153682222012e-09,8.554935680627617e-31,5.223260820076811e-32,3.8889853479387676e-24,9.25985433487412e-18,3.4691196295391176e-48,7.696038358362714e-72,7.87991608418863e-41,5.860560952297896e-62,20302665648.41708,11408977914166.234,76912784361119.47,88092754103788.44,408671873677.1584,2567293945526327.0,67486831743821.58,2110510115.650936,52013209844.2561,6992989.515780923,46417.752009801,67005964899486.02,3514652675.7040124,414647256.29654694,394461.4020197835,11617.14895447774,3.201276617527194e-07,1.9696996016784343e+20,2.583492061420569e+18,110127846801532.34,2117488668263.3867,7.049104085675941e+22,1.7115310481519816e+18,99285394173542.6,138292276668.2962,1554982344.0889478,28319256627991.535,2.576447620437063e+16,95634030170.58232,1.6083887047055606e+20,3.589450414257933e+19,347262921543040.5,4.9754749199570266e+17,4087345484.886272,334.3483173218482,7.871542380333321e-05,7.985668825626039e-13,5.947323997870496e-19,4.7680347281103535e-25,2.976452783642118e-32,5.916409171636725e-15,4.352409461713532e-12,7.562492200740782e-18,6.2212970389714935e-15,0.0003662422933352,9.182505502483752e-15,0.0760891503357262,272066.03998813615,1.9762614243527105e-21,0.0002113363047987,1129.5750845144703,0.7337839777441573,22441160.771039207,196.2766534051894,2.5773485915726003e-09,2.4881496833222696e-05,2.2884792233674,0.0001511247368896,1401.2283090314208,982755942690.8536,959695523429.0508,673.9819451970911,1516619200.7421565,15184.816561622843,5.726013991292303,1305904648.5197356,8902833.697883451,19323565902.187176,362.1172239183264,356785.0507059041,0.0,0.0,0.0,0.0,0.0,0.0,0.0,2.3742018940691546e+21
2037.632918231115,33462.594920150106,12.009159843603443,19.161547086481,13.87349111744033,17.10146573780709,10.445954386817204,1168644.061795041,118867068115.10368,5.751664406478595e+17,1.7127983543635264e-07,84370034126.15279,100.11713282885152,1.5814061061947895e-11,0.0106321243346054,0.0007480923976689,619.7940144576531,126.49102002514532,3.9232487260505045e-14,0.0019833978137386,1.8441385396824095e-16,5.680078203694891e-20,1.4365047840848642e-19,0.0486668818373634,20666.36617638981,5.1395166839486186e-08,2.547403174687253e-05,12000617130343.61,0.0016256010224843,1.2156176045517711e+18,2.4098758940525e-12,5.107064687976966e-25,7.422528669817559e-24,8.332022480894569e-23,5.1415976453475175e-25,3.249865487459059e-16,1.2882809793158374e-06,6.421274406890017e-37,3.70271895574556e-36,6.2505689906710236e-24,1.14779679131377e-50,9.348954322630904e-19,1.0073733747093216e-10,9.754700157931457e-16,3.3142621457471025e-11,1.2942599383247097e-37,1.8011016476868798e-38,4.698050878571774e-29,1.1159399205749282e-17,7.122932670136339e-57,1.1922276151061322e-73,1.4304458093021774e-49,9.219363824107904e-72,6159046.707458074,1430460835991.017,1466284784602514.2,1714257024156031.8,329794041843995.1,6202397926169391.0,6033028618454167.0,0.0246998129023071,907356927.3645922,1671.8150684683426,0.8314571694219408,432950117116802.56,167506334434.96432,2220168.00069497,3.3749522427832044e-06,4.32332262013971,2.6780341447150596e-13,2.2117437130194456e+20,1.3168790087018077e+20,8.097115065903443e+16,4.43441184807557,8.507423179428615e+20,1.9255150671370586e+17,6228329625399052.0,402487308751474.3,100471346114299.8,344573887.3046471,269507218.4448198,7.089417652121294e-07,1.1773916394510156e+23,236630213142478.8,1.2912434058160172e+18,217587721103462.47,1.6921690060607395e-10,4.288202362235546e-27,3.1920573308409383e-43,1.597626242016869e-60,4.2544512974467836e-76,9.672172856932901e-92,2.3237899658803186e-108,6.0458335250675986e-21,2.7217894841028554e-19,7.12273114331222e-24,2.8013635410912113e-22,4.30758765541635e-05,1.0359092791124589e-21,1.5231224677110577e-07,739856.9207507788,5.75762782265762e-29,5.2251252838279414e-09,0.0114782364497885,0.005292603989933,134454.11672187707,1.0088589583654624e-11,1.2314230322848307e-14,1.0843986345706107e-11,0.7541200630678964,7.609872480334283e-11,0.0003280394653713,200930639187.07428,209969199183.65,0.0020026434939326,1252.9709525078265,6.6518134681563055,0.0212058839927767,4198389.059801943,64018659.31198239,8056368415.507643,4.5411548780460584e-10,2.4678074739198504e-08,0.0,0.0,0.0,0.0,0.0,0.0,0.0,2.3241841036562022e+21
2853.369775034831,65423.281564732046,12.002673191644806,11.38409178368377,15.756374027179088,10.04083585653749,9.467835567609168,96006130277.44566,345947476562085.4,3323338102.8966994,6346754510070882.0,64331002067.849945,73671112013696.14,5999941983902.6045,562460549179403.1,104406770493170.64,63464804.29085317,421947876204.9011,34882478955.73099,37892659.99790826,234386274.52463788,141840.73454904833,1.4347720011188502e-15,4473965281063001.5,2208631314.700018,21156471.21507371,1727958572.3105896,3.506136247507873e+19,30444484866349.72,3631168546216.4375,4.252811073314794e+17,59169068714124.44,5.311257359785783e+17,1.1489696442708977e+18,9838343743736914.0,38.05880509504507,2.991249886232539e-13,4088051.717740974,0.0004768676100602,1.2752882297217889e-15,2.888329239497129e-25,2.1630190396552192e+17,6296166333220.089,1170840741506789.0,2.5864435028674364e+16,1.2973425408052222e+21,1.4462531644492538e+20,568754848.5285171,470967909293157.1,3.734738670491879e+20,5.4674158633725096e-36,6.83959009872667e+17,1.642040025906536e+23,51976847.7777853,15.510068373992407,9.89811244691928e-08,1.1199803481994449e-07,1.0249498958415897e-18,75931924.12866265,0.0041863884205456,145266889114.4162,4863956648163.693,63761.53115481271,0.0159048940243261,3528336.0933155445,9.7158054537411e-07,7.66703157288981e-26,101222856.05758362,258.5190700511333,6.156516257261696e-12,24820681.233515617,0.0006057048550146,9.314209642219981e-17,1063129056.3227288,61504461835283.36,6.886839220044773,2.9040639787787178e-21,7.599527251128401e-33,2.367208475817485e-43,10.70757328085048,196251991.6068023,1608.6292332877513,973.9140969197672,114.42636516597904,1.3530631073168666e-11,2.3980643182929603e-09,81098660112.11742,23724.03019109129,0.0197435052398494,5.476713869675131e-10,1.3456996555188196e-15,4.100527796059111e-21,8.057655529684183e-28,414142.428015454,64511076.59651799,1715.2969229774228,332633.8909833102,1749710.013452321,19.168356691459948,1338262989990.7852,48822.49480050031,268808759799426.16,1.266812704759384,485013.3916150998,2.8194643384122788e-06,4.130809957990109,59141.167531178995,0.0001223316650195,0.1983586022511855,9.772921818519858e-06,2.2590399234397205e-05,13.989139140934574,1.5595616033367237,1.0273834077508555e-09,0.0003152048153183,63.04467121636537,6.8139325186963026e-12,1.0379811156201536e-05,111.01070296632729,3.5411834173644387e-09,1.6746387672832956e-06,137301.08209388988,30198990.869646672,0.0,0.0,0.0,0.0,0.0,0.0,0.0,2.2649825982444848e+21
2083.745544942958,92383.33454010492,11.99451892437369,5.994274065846768,11.203674008051852,7.170064254710681,11.89795697809163,34524349427.59809,4.5834069605498035e+17,7699219.436077675,914710105.2006392,4261957585.309471,9.972916454752804e+17,209691906189.68253,2.1358375738590472e+18,1.620736889997794e+17,894387007615.9933,7945401525579.686,1153782740895713.5,295272316889960.5,1.155504551100714e+19,7.762336959839291e+21,1.7560937378622108,4924636437242.513,14420343.078984097,175821.80086562957,75735551.81252974,2.1085856483733757e+17,1.9591979126650525e+17,145661351563.5812,5.075808630162535e+19,6.185916232893225e+22,98444763.06257628,2014293443433069.5,2.638745419558113e+19,910678.3395820383,1.7653640248551628e-07,2.219714569189346e+20,10997575189.303663,0.9169516475662955,0.0026116768365735,239239058590.75732,159776672.0615947,4996741441963.42,2108752841.418786,3486301429.2502756,999835506755588.2,4667.117201138387,9092269.538436372,511067.1753993355,7.414519433274754e-18,4515575359.4379225,1431713.7982510636,778256305660.798,1257761.42749429,0.0101166931486771,0.0117987344955746,2.0852866971535487e-14,182839076845.31488,1.6573349678562326,6.001349430692293e+20,7.622433786831967e+21,492493988109826.9,6982838199.794532,2.5659730584882868e+16,112.44490139472715,4.727088356335714e-10,1.928545598893446e+23,2.731705152735469e+18,16692586454.178968,65832125.10643408,0.0003564349243694,2.287298444109515e-18,1221717833945305.5,6.331179104030319e+17,1577.13435245181,4.942101681888162e-21,2.8903959533712928e-33,7.159249336020289e-45,12320.688349187796,18317688611712.207,313655761892895.4,11.067327423715971,106322147.34686305,1.4393324947281785e-15,0.0008484356562287,9.71643566557567e+21,1.770083960269626e+21,9.446644031030917e+20,3.2130036844855804e+19,6.043236209923282e+19,9.972112183986684e+19,1.6778565475984228e+19,4.672668948138095e-09,35.41580560243432,1.2598782361784222e-05,86224.6990793156,265.0845538465961,2.1803625355230265e-11,271682365749.58112,2383.4458895615735,13052784.091283564,3.9147463591603655e-06,1149695104.1530287,2.8812166045512358e-11,89882.56690694972,5200724152003810.0,2.5498677395269233e-05,3603060.4216692783,13249.152459734976,8.416175161431884e-16,0.4778327123820483,6.712556157205347e-06,1.2057080048092773e-08,3.7238302530586285e-10,32672.279732470623,9.744016022944614e-18,5.5227946122879897e-17,1.3350887484316851,9.624732047808149e-19,2.0526727344882072e-08,582.676991806205,5400748556017.597,0.0,0.0,0.0,0.0,0.0,0.0,0.0,2.2313444004054596e+21
1277.716294281558,8829.142368233892,11.98948680701159,12.194486997366807,8.237419590132854,16.040777288899577,9.915097385134914,224.1210698169043,980676986.5958616,597694800567.2455,9.289616392130809e-23,40937.210715387235,1.7177454821228182,1.041189820930204e-23,4.299502688585134e-07,3.939491854698241e-09,0.5294577193197147,0.000121844946864,6.315589966232629e-22,8.465908306178062e-06,2.2450285244811106e-19,2.8591251418545786e-18,1.2431025853271333e-21,3.783250217420616e-12,0.0001088228494517,1.0914715068746749e-19,2.434386288609073e-15,167739474.4039385,1.0778009963504816e-05,1573929424067863.2,1.5350329016912424e-18,1.757949377716949e-26,2.025840670825922e-45,1.1711406049413132e-37,6.367402002812535e-35,3.7476514878443704e-24,3.0437800374347996e-11,1.1081543998249844e-41,1.1891541050735464e-41,2.8124658768710797e-26,4.557895399397302e-55,2.5276479276213076e-35,2.9091360642851724e-24,9.3882753150984e-28,1.0792974124803515e-26,3.639898366450676e-63,7.527353800941747e-59,5.414416690934013e-47,3.2586051597146684e-34,1.993542162020715e-89,4.0872070347125214e-86,4.401675708265004e-74,5.803201353776938e-109,2837.7542882323464,32754320294.76366,70931497499859.28,88395175569643.31,518559575665.5493,184867025068653.4,3565150265761.8247,0.7972784105437379,284842034468.7004,5001.775827339336,6.7295350898612245,4.4456732098742e+18,187689345559.70917,10819769071493.996,0.5724710092918811,832804.7876636351,2.4745711571383832e-08,4.419795476885906e+17,1.0001524760798188e+16,6288893299.216263,0.4187508197572031,5.0039276078387624e+22,2724629186620674.5,1847787291.1973171,5887946.000903632,5341.217814097371,46098.73938617597,378890484.11465675,0.0017392034460409,4.591637686090376e+18,6.6343709425614296e+16,1547586506.4250703,8568922930531392.0,1.3135406964594405e-07,4.2272753671629473e-22,4.4509891783938394e-36,1.3068806059717137e-50,7.370791703135778e-64,1.7707230481805062e-77,1.1135366289760328e-91,2.3008808549209263e-49,4.147290872236433e-36,2.8290261208818814e-48,1.5350207530561148e-35,1.0897820779300723e-19,3.368667321149488e-49,1.9277106653538043e-15,1.7828166249634865,5.92584477010941e-48,1.104329115782422e-27,4.70670685936051e-07,1.6135752321377035e-20,765.0268409328785,3.185944802149514e-10,1.7830847191224195e-31,2.272026303898195e-16,0.0001181457233453,3.829650600068776e-35,4.7852534821531085e-14,0.0258076660667053,18458227.0517481,3.587608208458422e-21,0.1192178793579905,2.2774312347734513e-17,5.4452365961036155e-25,0.2393868550817506,1.1739317448258991e-11,501.69142505693026,1.2430471334601993e-23,1.8901658458601536e-10,0.0,0.0,0.0,0.0,0.0,0.0,0.0,2.181779776878619e+21
2255.213450386896,57513.70038026598,12.01305371172712,10.747888662834203,6.897732469381661,9.697864188661883,6.899574619770789,5300615395190.765,5.116947270779908e+18,2421927991655.623,25398.1027474614,270263720442.68024,2478517315818.2524,14853871.010685353,168393825621296.4,16463544178050.182,2748927398615.3633,5410313510599.277,142528857254.5474,439404461312038.7,2179078896663636.8,2.420210464411878e+18,5253238.814267288,322347135.4709878,32126894.38383041,190.136795748349,51157.170357892996,1.6530581551417132e+16,10965425824.004904,374820301955391.5,156042246.76544315,75083.59716534424,0.0058084844322818,107507.869037661,2127115824.6203213,133365.0785136844,32.92190976942868,156944354251.87057,554690.8037879145,59837.66713415886,0.2087497916282494,35.46545474676642,560.6025760848671,2104.8689438863216,1253.1149952943429,2.2190746423796006e-07,0.0859564001525315,2.1496626143569285e-07,0.1474878958766673,8.812827549003594e-17,2.4391846530370338e-18,8.619629845602095e-12,3.3155544899034815e-22,128898090983776.16,7298430005782.821,3085983854.8301587,3569357227.660289,563.1162427129364,9.7856759219509e+16,82991351639.05869,3579491141035707.0,1.3963021343746315e+23,1.6833881599071424e+17,22259976323747.316,1.723118499562377e+22,13619732837279.225,43055.92030298067,2.446424269894864e+18,1.4585948790735891e+21,648305316654808.0,83518919013123.81,38947424.69111562,0.0342782872015621,25493528516.2248,4.059628951706073e+19,16573905982.305431,0.0006560493238474,3.265276545099982e-11,9.330653599598462e-18,42592106.488062195,1492079062341.3684,15245359.723131496,125648269774.13884,255477462427.1987,3.434717368124199,150283.87958207107,9579544457.41466,1456.3471515211768,0.000643114593986,1.5108289236874718e-11,2.2362214901813977e-17,3.1873152084169317e-23,4.0983029810303575e-30,1.1200890920759325e-13,0.0786077103427386,5.851987770541264e-10,411.9768020551998,42.0725143504521,4.169779949197167e-15,478424471.3295703,680774492.1400629,0.0187022808700769,0.0001015362757382,1271709674294.8682,3.02172659681167e-05,3019756212717.1235,1548992215648.513,0.0024188704467043,26915369137.81348,10273278349.329329,1.8516081851687217e-13,4263.776471444667,3.1291019090679395,66128.58908529114,1.292595879525007e-07,567507350.3356801,1.8012478708207746e-10,4.053926585949626e-11,30819512.095664937,1.3193907546062672e-08,26638.309204355937,0.0008452957595862,757362191.2558811,0.0,0.0,0.0,0.0,0.0,0.0,0.0,2.155870258199172e+21
2211.936019311067,63721.04648229304,12.034976773933,13.409977408025584,13.84379861440568,11.53979924983062,16.682815881886505,4076841621.96462,3641396878767861.0,3471825581191.6084,23708847.869790576,45983996245.89857,5.368314094715038e+18,14010493.284676544,70628300091595.2,6501845368811.449,2714080617842.106,16760804906651.076,148725346.4883652,1426654489287.0835,2595643277.727517,3228508987.9861975,0.0250828624762004,111954802532.6296,27120841304.292763,15460.443650960837,4651614.786585718,6.78255167105964e+19,1.309727780177127e+20,3.7698700030350746e+18,6.609159269681876e+17,1.0657892109201297e+21,9322.250821052969,223031066.3819552,5049149581.320976,1684691.4392154696,2402.0250208141733,354255.1599501535,2.5518880113104863,1.588858237961854,1.4956424283052658e-12,20850487.98625254,874063407.2366374,440253290.92101514,6528611110.253636,719.6359401589215,328150.2700256515,170.4513967880683,4046901357.1786656,0.0004632758354956,3.233169204497457e-22,5.319798112001061,3.3404871290866085e-06,22041365899.885704,3013331203.6192183,2792582.1336831814,3236413.8567980337,0.986742158774598,156118392407888.03,253063037.49858785,7.95010016924973e+18,1.115462404484701e+17,30591328421.620872,1084826.216660796,3.28851570376366e+16,42496228.84106384,2363789.304483007,5.732646270863903e+18,300903641103.2056,27.775564499874257,39208889089202.36,35644634.478329346,0.054733984572079,1.5189863944142584e+16,3.14327378600005e+18,2146224061.3867977,0.0002844671399868,2.766397576619299e-11,1.4378153599440176e-17,582662.8921170604,7.928515895080804e+18,2.4622612349220163e+20,431886587680.4352,3.4145007573961196e+18,18.615840800833247,4062396533234.665,6.949059635396915e+22,2.964008257502207e+22,3.679481488907546e+22,2.536857929578673e+21,1.0682106918993876e+22,4.235554444082229e+22,1.560366425155095e+22,4.2498194609118065e-08,0.0659638862247239,2.395586238192673e-07,0.3640971475117979,72310.16498214711,4.4047877803594557e-10,193560178.87231627,5695060754.298589,35.82141026277093,2.3208985963477304e-05,773114.8165981423,1.6122708917582056e-05,4587380.552168948,3461672312123.92,5.127978584200007e-07,13.116742883142248,9387.417128189209,9.198897716990336e-12,0.5701475771365474,731.5584606673333,60.77333927946229,2.628571263618058e-06,29552.04477769616,8.004005139010741e-09,1.8646513759966363e-08,40534.28409989577,1.7020932050802118e-05,75.60604789932175,816721.258263745,1602121558263.983,0.0,0.0,0.0,0.0,0.0,0.0,0.0,2.1426141476072653e+21
2055.2434572046573,46992.57613249155,12.012572113923726,13.510588056165854,8.309976454170048,5.061141185425756,5.720474735374356,171400342.65291947,450102340443345.25,7.586860750224227e+17,3.700161387279182e-07,263835.67986077943,1016.9765717317944,1.0908653791121528e-07,0.0001438671061942,1.0423242504533847e-05,8.692964835429468,769776.652269346,8.272058733267658e-07,37852.545580499456,1.17013751084142e-05,1.0944603888881196e-05,3.680082540941276e-05,2.248987488972013e-07,0.0974336470003868,6.3571323330832975e-19,2.984224843189363e-16,19861042305365.445,0.023650153195174,2.043705855165924e+18,3.694022030469887e-11,6.427713215572915e-23,2.5752360065299408e-23,8.189271944245308e-19,1.5186218931760646e-17,1.0542319896117507e-08,43.972527254935024,2.0011672303980711e-22,1.2819099593181793e-21,2.286259986462985e-09,5.193003801957543e-29,6.987033485363121e-24,7.370678861289419e-16,1.5929346965525787e-26,1.0193505197802177e-10,6.67153076802525e-37,2.7585922137241233e-34,1.31912218296967e-39,5.0248694822704976e-17,6.058132263766641e-56,1.4091542261352663e-51,6.022496987757505e-60,1.1939450726819924e-70,61678.145224709224,14666359859.251425,16124477103180.432,18833587421598.754,4130774923323.015,2.493904008161041e+19,2.7809636673050997e+19,795.6635124352763,1.0429731939207004e+16,52171.00979797752,6.501244087316899e-05,5.122549923370584e+21,2.450303528050852e+18,293965212347210.2,339.9341629746743,407056.5782026963,2.2939385350957388e-10,663973995695586.8,448939108082292.6,330632867598.32574,0.0001115528360031,5162596790.593392,1428661.960738422,63361.302689354256,4640.916817968234,1360.8002351358157,6.412611513898648e-09,2781665299.209411,6.30356610124763e-05,1.5957172703348586e+23,2451392083070559.0,2.2024738802492375e+18,2513810560073642.5,1.4126860422866809e-08,3.204792450902042e-24,2.133349484033273e-39,9.352584730554948e-56,2.2143696295512945e-70,4.5233326098649364e-85,9.630640550248443e-101,1.562845701854709e-22,8.004495885710316e-17,5.696735147583826e-22,2.5820290845341276e-16,0.0026969298675869,6.591964068040842e-29,8.453378267028405e-11,175913951.5833237,2.3706595007021472e-26,2.6535828961486024e-07,6065.450006066447,0.2798475065197984,71580109994.45615,4.193747907373307e-05,2.081501468954054e-09,0.0204693358617148,316438607.56751686,3.3425646583348194e-18,1.4906245672160513e-07,6541.322083300546,92360907.25276291,1.7965678189102835e-16,1.1914390113638704e-06,6.410114162675086e-13,0.0003753459259538,746558175.176213,1079209.340480361,1549054452538.4187,5.276290949439912e-11,3.2785640363923894e-05,0.0,0.0,0.0,0.0,0.0,0.0,0.0,2.1319637335062636e+21
2246.195168879875,33715.37500094723,12.007791873599563,12.93748307733434,8.555543396112732,12.90748432356804,10.661002119067977,244909663.73493016,3639049656504515.0,1.433054734692143e+18,0.000620301523438,8525022774820.5,8983634805.641302,0.0002772363753585,120739.12377024772,11659.57821974918,1291156285.4543138,70829524.94748007,0.0020711160392333,4429124.6446972415,0.0248115662240118,0.021508184974568,0.0183165716777736,291.575650472744,19161899.416471556,0.0057920470888174,1.5945219390883756,300634311172006.7,768004.6185496864,4.5026467615207014e+18,0.0160767858764546,3.066501194604248e-08,3.927230721969086e-18,5.842739255289115e-14,9.062537107233674e-13,2.4184567161433003e-05,2583.7333773921214,3.8484460716728336e-17,8.65039868200913e-17,4.038714891470283e-06,1.1394725698494125e-23,8.85236354448831e-13,9.39378698788131e-06,1.927998806773864e-09,5.928397768094771e-07,4.293548335128569e-30,1.3115499067091486e-27,3.523359131312309e-21,1.3356004513572496e-12,4.663475009160028e-47,4.489657323842571e-44,6.048323344103899e-39,4.9664181494137183e-60,3103772907835.1084,1.1572501455537678e+17,3.1587395603465957e+19,3.6549995713357255e+19,3.627448930977247e+18,4.513560359566577e+19,2.402621037381242e+19,9945093004.995916,7.754497082272442e+16,3129936272485.2744,14332265457.098688,6.287811322287918e+21,3.0210217969607276e+18,1.606679779262568e+19,5240569475.139026,21226036660885.117,236398.9535623459,1.7829735011894226e+21,5.2399376980082295e+20,2.840901695330667e+17,3216689368.544246,4.942790014017416e+22,1.2323453124164178e+19,1.8877054216607373e+17,5923699800000322.0,1051708580908358.0,1648397400912.319,3572978283375963.0,141848004.67754686,4.888750448961422e+22,4.062441205441349e+20,8.063288821919898e+17,1.5174294895483588e+20,137625.20587169944,7.996949619734461e-05,1.350291296272742e-13,1.2236966080541245e-23,6.942486783415417e-32,3.775437305746772e-40,1.8634686290098148e-49,4.663669299705933e-17,9.159335425743313e-14,1.8872853619680174e-16,3.69997557054177e-13,10.008900122969282,6.058628658028833e-17,0.0217740848848103,383999219.4075136,6.393949070376057e-22,0.0011729867225949,42699.4659859038,228.28427580870513,67240256426.337494,210.13554455873893,2.098253959092295e-05,0.6585867828289833,50402056299.51764,9.30366672647928e-08,6.242034223090688,1187291412151.4893,43421099345242.51,2.453021297130369,31059699.27215127,2205.2885482085353,0.3895645111101257,873667873.2987535,86096900.43775462,485932899813.9044,0.053239596680929,133.21523846876693,0.0,0.0,0.0,0.0,0.0,0.0,0.0,2.09599413997583e+21
2383.311397207649,31720.925715428435,12.00442816920635,13.32074708034331,11.56154894435631,12.850885426025547,11.970700866165638,872667279.0847654,7175557300362271.0,3.34338748952316e+18,8.315694149553277,24813796368707.613,496717031172.9493,2.607438588252514,194204945.35965472,22395361.899215795,1122285301140.994,134567789597.28424,10.45009120268982,5304114150.902924,61.28582668025918,27.538352349004317,24.75948930263343,1131026.392380282,36573166091.06057,25.542546143866012,5057.558863076974,3.44370909401172e+17,20387166731.431313,2.4765654886051317e+21,1344.084161851061,0.0391968525772028,1.1645297479191025e-10,5.879473683683901e-07,4.437058547244701e-06,38.602435406553305,1068164396.853044,1.1444640077282008e-10,2.1301118032361328e-10,2.545787272688677,2.6648881987183296e-17,7.963258918043191e-06,32.03786972991821,0.0057345920217959,3.6843827085044025,1.7463492906979904e-19,2.3695474652072956e-17,1.51459194321723e-11,0.0045687064779031,5.011802659034159e-33,1.0449020382577832e-31,8.877224602489713e-26,8.580951891302112e-43,6434246509025.885,1.2029380946611936e+17,2.1933156589517005e+19,2.522952774807036e+19,2.4250613507773005e+18,5.548190934587466e+19,2.9539722958705037e+19,369063252463.69794,7.852854419797701e+16,3921267465367.083,13677835003.441082,3.293208698842492e+21,2.5108493443602893e+18,6.999364563665831e+19,120115707385.7138,13236903488822.908,173001.90183807345,1.7535054804370918e+21,4.8606424419121345e+20,3.453434533662226e+17,125453650237.96268,2.2957597740021032e+22,8.49692611335675e+18,1.6829828221620877e+17,4958642127105656.0,1018448190732577.2,2000131007271.676,9.44701710560394e+16,76368397563.42792,5.834821290929129e+22,4.77416561565475e+21,1.6982054087471662e+18,1.50996402720501e+21,116375703.19172348,1.7459791176709705,7.569101158973135e-08,1.5502722110835602e-16,2.1801624530612745e-23,3.1423528941590844e-30,3.7633520975943367e-38,5.4496433609823224e-12,2.753176079206977e-09,1.2739177555528107e-11,6.8775283382168864e-09,66201.6817191839,4.822403466133086e-12,88.0348950880009,594849103751.4757,1.8411769466220497e-14,0.0403977962039314,219365.94676284,4351.670996684263,156309385845.52026,12496.755671998248,0.0006529407396819,4.701859942539546,102661084303.76932,6.267637451554084e-06,60.55437665678931,5586906274520.594,65118569496544.32,36.07390400336991,76169577.44323519,21852.789031898872,15.923346417475909,4301512935.427278,1133010910.9929345,1670519625775.945,19.495934769095147,12923.328682659523,0.0,0.0,0.0,0.0,0.0,0.0,0.0,1.9814937795703918e+21
2204.710962168901,37867.45074927299,11.990704656368331,14.80779208679106,13.406212471785755,12.241771832002344,17.864326362220574,989639151.5206672,277804716389589.84,6169391991311.148,281846.51328744716,17543396055.064262,4.521171326719891e+18,13490.83326813244,30572775850.781605,2785653184.561258,2272284199.423689,33041601465.395943,11780.680233535386,229237802.39023572,17004.52788000505,1743.5777067207584,4.7025685659872854e-08,580348502.7213422,273410320.57932526,32.28973518076498,9902.37265369728,1.734935522450317e+18,2.96782373582294e+18,1.8780864088985485e+17,7507784246075686.0,1.0986253847520125e+19,1.4622790419464722,2955.499081247686,5536.007546930533,6.861263044772578,0.0368570229053762,0.0025176400871205,3.422546819646924e-08,8.025701057496743e-08,2.363380568030383e-22,1422.41697438048,117695.82029300508,12997.109203847738,2092474.7534112004,0.0015310805460412,0.0580398241052171,0.0001269887287933,34625.996374130074,1.2876496140748258e-11,3.3973076564627356e-35,2.733686810288603e-08,1.2480886698213344e-15,680493930.1386793,180716803.74244052,320003.3401384703,370987.5972634455,0.2115242250697271,22844361558049.57,69118090.42146657,5.4369564922899085e+17,701790082329619.1,77162911.72243047,1128.350060822889,401167807743703.1,942179.7531401762,176269.6538824199,3.1990991914265036e+16,62713690.22430062,0.0001847708972533,29726806341308.37,50612671.2381198,0.1428247246569703,5298035544595806.0,5.412100366178471e+17,674219979.633746,0.0003067416430846,5.5890910757535607e-11,5.3762982514062595e-17,38523.80044933787,1.3006226796456923e+19,3.6045142002505974e+20,1489027527096.6936,1.0956815284493492e+19,115.9266343703221,24568322110378.88,5.309940601661972e+22,1.99373865276531e+22,2.1794524371099987e+22,1.3329656849145235e+21,4.952634117900387e+21,1.7262083079736855e+22,5.618081167466358e+21,1.7064931964412622e-09,0.0001954820208606,7.879308571365013e-10,8.801256556955188e-05,507.7826656532145,7.340096715141334e-12,261441.42296109023,69793284.38013496,0.0014701559281939,5.745159762402033e-06,14575.784236825762,7.70788883736065e-06,168987.43984369948,60159375213.20511,1.0132631572112228e-08,0.019254365919142,32.16400881670064,1.1203286460757194e-11,0.0529937090759308,1939.5878679268212,21.922244140755012,1.4189070009979902e-06,1207.1167111361444,8.251096015300351e-09,1.0749272949614321e-07,18018.44745652605,0.0001955399219998,64.04492995985166,2360585.945180889,341156665663.5623,0.0,0.0,0.0,0.0,0.0,0.0,0.0,1.9727220169275327e+21
2722.154949201473,55216.809851686165,12.023556282084783,14.105942513245903,15.894783717072098,10.5837845242664,15.673839973518156,30816448726.74116,123737045701580.05,193315607642.80884,1728898659564183.5,35085613756.77156,1.7516304791312476e+18,1147879485213.017,377731312380868.75,62445417950919.086,6460987920.210636,23480878702198.367,5611480705.419514,1583701376.112593,33526044.42208546,17320.548913652347,1.790932513868371e-12,3028467109676931.0,240459834362.76447,14401468.420755928,1459680245.008877,4.903648285665093e+21,1.7730057454378723e+20,8.274333510879662e+16,1.1574797296089745e+22,8.82470829397123e+22,1.2868285867000944e+17,3.14522685420953e+17,2397982833795190.5,211310.3556816492,4.079417104148749e-05,427034.40774016903,0.0056656142514084,4.1101249287522815e-10,1.174165210727245e-22,1.2569131712263168e+17,712002173766616.6,1541126913154342.2,1.7632389530475558e+18,3.847222210032144e+20,4.184196002934248e+19,91423949231.12337,7.16201748721185e+18,8.629481560094153e+19,5.281307452901144e-29,6.992259079301897e+17,4.137935741741812e+22,19772491.15053194,939.556167804716,0.0007866812911384,0.0008937994905535,8.406327908568766e-13,3763416049.6992135,20.897466288050087,2505761577677864.0,1507631827635.2456,18806.206253687964,0.0061275263401223,170818325.819396,0.00348923417816,3.107734646478544e-13,1332953541327.897,67.00234072328115,8.672816241932635e-13,2804838028.8126445,7.177640658778296,9.273006049897924e-11,34968354287552.836,123755631602119.44,1072.9428203367688,3.8858355177526505e-15,1.060550822111369e-24,3.036750054034864e-33,12.462414123742237,767385517816947.8,287571395075459.06,8913459.080367407,77120993082.58723,8.591422661848845e-06,181.480850332583,1.0631768282853387e+20,1.2091853048621002e+18,3.928404838261574e+16,46362654999876.94,4550070811005.385,527681677410.122,4209484499.42888,36032.33245704816,7735974.244997006,119.4849585444658,30914.02835978221,56793850.644889094,2.355169180668002,663924292371.6292,423892750.1122794,49839606824584.67,0.0914616492500317,69280.5800145207,3.046883870341592e-05,101.0155154397178,567414795.4730376,5.247022541377628e-06,0.0126756513980562,0.00014281770619,2.065641454546596e-06,2.5905354920020027,83.61724114288586,6.658678464025488e-06,8.622421393326324e-05,31.776892326844955,2.435984350876892e-10,0.0001216336685732,2963.6359610685854,8.874610772768184e-06,0.0057316787418757,1249272241.020664,372402794011.1128,0.0,0.0,0.0,0.0,0.0,0.0,0.0,1.9710744052279403e+21
1794.313532081649,2420.09825360682,11.947725151994115,11.842505432827808,12.039173392754751,14.6310007726093,8.321904760066897,22495721.492138144,2263049444356752.0,6332225.200544103,7526592.950400577,6522767621.932761,1641305388006.3228,197553177.08312964,1.6597899961100003e+19,7.344625347036882e+17,486755858399611.5,10160046434665.33,277480520187.29926,60452682574063.43,948524980173483.6,1.8455137232726944e+17,0.004031028308151,67641211791177.74,18650617985.40312,65405306.193565175,76790816166.5011,3.160760494952081e+19,701290146820811.4,2228956502562842.0,509361360749046.94,52061130777450.55,1571535.1246431984,33453249042811.098,1.5409611472479894e+17,17167656.312284186,0.0241250652234332,9058317415682782.0,8826897.534299923,4.842290243489783,3.8254074031391064e-08,5648033569517.03,751978934384.4928,1.3397115509605746e+17,42203059322.21838,450346121.9866635,54622665936285.94,9365931238.512226,265322160078.1606,79280.51447904005,5.995178222267364e-18,465767488718329.3,1157574.5922533902,128869417441.63504,18302236.805599473,5.5223823561002945,6.552453234726871,1.4118843201375915e-10,40291117921.12773,4.010114466196494,127936308612860.44,1.0882131785228669e+19,14613090079562.016,18946331166.038456,2909194237294706.0,34.937079724181025,3.779070573536567e-11,6933352481255310.0,2.6416647040950736e+16,159621662.94770092,28858530659.036263,2.040772349127022,6.447695280039627e-14,226335142766.2693,9.704804166244877e+21,81402206.29479082,1.40959073122423e-14,1.125119585320189e-25,1.9517645764996757e-36,419360744.1964161,3041172924.375699,1790809.3800534082,747.7116910941149,2236733.1223279363,1.9157398129137505e-13,0.0003265027605726,1307801901742.45,4054982.3328696634,37.61794667797468,3.252856120427916e-05,1.183396305485553e-09,3.1201128058469494e-14,1.077209610528786e-19,1.904737848067136e-12,0.0007394195643385,1.0477604774015916e-09,0.2861258663569717,271.84387765789484,1.1195222774710898e-12,94821266688.03703,45624.907572428434,6605.6486864065,1.172972312756456e-10,9114.834435584124,5.5439377493159733e-14,83.72814713075384,7438763.642726948,4.07672273434835e-11,0.415086888200437,33.62741909637374,3.338576368178835e-18,0.0005578857453865,0.0008917255737603,4.695593199368062e-07,5.781272036556946e-09,95350.10143756482,5.5164929265023155e-15,2.7306877872925453e-19,0.0033333463273497,1.5775185057382413e-18,1.644724765188353e-09,0.0001089406501661,47083.75302867667,0.0,0.0,0.0,0.0,0.0,0.0,0.0,1.9544390580284825e+21
2065.44595012063,35495.44817066267,12.0026470316514,14.604258225953371,14.667444497769193,17.777811066391262,19.793453353434415,30534852.935649097,2676673298477.637,13565473757.915024,8375.712380208523,206583223834.14536,1.9142472425949207e+18,13.321444287459292,10538069543.956274,776359823.1813102,9920140.636731729,1335616.3829315302,0.5315260764463707,350.68717334110096,0.0392120102761696,0.0001922657155084,1.772305534089061e-19,3208540738.837526,21460986.79323603,6497.496320247649,2956844.427006796,5892595963352675.0,1.2160926407269584e+16,9338528618301.238,1282156567022805.2,3.7186446948932864e+18,0.0111386881690006,1.7845815757230654,0.1724502705991435,2.9422739720982776e-08,2.943503724904489e-14,6.744746471790591e-11,7.003264097743978e-18,3.002369401144862e-21,1.4522662212900826e-37,1912.360009129501,3041.9704587187425,2781441.9485075152,628.1884560142238,5.2738239812807566e-06,1.1289148128173932e-05,6.984722084269618e-05,0.0856623545895104,9.29361434202636e-15,3.376660472431046e-55,3.838847579310475e-07,3.3949108792174292e-19,260967338.20927477,959997.0321587408,16.767729250200876,19.574330897167417,7.06281532796328e-08,2342615485.9864793,43.11035190830169,8047988377400834.0,325066887535.2337,1174380.916109647,1009.6190772145364,2477439862.2139,0.0204198322654475,1.0058074552565222e-06,18328177406522.31,47857.310708340374,1.0802793720652577e-07,7752123955079.286,86033.72973453991,1.0722067427919468e-06,1.4389220888200269e+17,2.4096929619086085e+21,11417765806.24286,1.4129105768389944e-07,1.6968700270697812e-16,8.325986239948538e-25,2317796600.841113,8.064876892901728e+16,3.130951768600334e+18,44227957.64153443,1087106904740455.4,1.0626228843763885e-05,18109696.98494464,4.4345223853547815e+22,1.7617287260760516e+22,2.0524887915193858e+22,1.5562627476059807e+21,6.427513128373061e+21,2.3041705855267574e+22,8.541520442901076e+21,2.7388450741667927e-11,3.093151425962558e-07,5.289629206061529e-13,5.325388872509179e-09,0.0332307756554736,7.88947194712014e-12,191649.1583069927,140.24455178664488,1.618393274099369e-06,1.3040129983033744e-08,6.245522393057668,2.1479339116673447e-10,1.1297468437552396,70231084.5408871,5.650733797377237e-13,1.2123586487330706e-07,6.125535920082084e-06,2.2206385343447617e-11,0.0206817354547671,558.9276375484459,0.0029304386822528,0.0007326093191697,102884.39026188146,4.156377032216307e-08,5.547479557826866e-11,2.26605444110194,2.3675963876079e-09,7.504442522546168e-05,749327.9386646441,10296568327.01711,0.0,0.0,0.0,0.0,0.0,0.0,0.0,1.8661832652982764e+21
2054.92687394963,65953.63055920077,12.057817627101132,8.837839614252742,10.67540600650698,11.35344288640117,4.840542352983238,2012526388308.8496,1.5439417956164086e+18,3016519500.1591215,4225570.1420110185,567105028433.6183,6489956481.963586,4286225526.1647153,1.2251953736302105e+19,8.871973056767514e+17,2956117671527140.5,121122957704498.66,111916720128047.66,2.0499135944905972e+16,5.452758011369602e+18,1.7563345847795342e+22,938070.044091393,5558032177434.559,9617796491.004025,33863296.22012572,15911833631.419258,9.105780654420465e+17,6937429960.475884,374282386593402.6,2709394827.1617513,30200.017400597484,3376.303397202481,370199190164.3696,2.3645511289923676e+16,261628676.0573913,17.406510342903587,3.686340785223317e+18,94176580320.73746,2678931.4509695857,179.65908784606071,1982131546.6880724,835793942.5089027,9775580354196.695,53514098.966427736,1005.570624677129,1432424843.1810577,37089.32624143121,1212085.5369085064,0.0010477943579681,1.025616432699934e-11,487128.44565892615,2.372978588307841e-05,456118982474713.94,433186089610.32294,1900566.3644722395,2219922.275918964,0.0019409257534716,341446376805140.25,1517637.0188366545,17472405876156.871,1.2320370264043342e+23,1.3280184253203028e+18,3571217411629123.5,2.416577765951808e+20,460128911.2319545,5.635777978763567e-06,2.5693299238909124e+16,3.5686797649651152e+22,1.4897860950541245e+17,5706697323713.75,15382.410794210791,4.512044440831643e-08,1536551375.211532,2.4055915368335427e+22,26504172044.25643,1.866124935519103e-08,5.4492664234823435e-18,6.3660535252282394e-27,64249389636.51181,70908753.56632815,10.284603513851222,2533832.7739385716,249670.21220612075,1.3916825180062248e-07,0.0010210097144703,577493.5521508384,0.0008379346936511,3.5677065931871018e-12,1.0007742935914372e-21,1.5157107183900622e-29,1.9801803194834817e-37,2.6970473947433753e-46,1.504861210199076e-13,10.747451009649648,1.8883816710811774e-09,119320.96058839124,35.877040655323,1.3701788260277717e-13,24617354780325.9,378523625.724473,36632.19787511438,7.659226374741658e-08,244510501233.65756,3.2251450727355913e-10,11528083505.693844,10837943936.55598,2.06560343600447e-06,2833407797.154876,4336463.632048073,6.040662945872848e-16,3762.7042602842703,0.0047487239742166,37.24319136279099,7.031955143181276e-08,65109337624.67344,1.0012248864446456e-12,1.255753490637775e-16,34905.218340251085,1.4439216467110086e-15,0.2889854587426756,2.8413478129253103e-08,2461679.2922738274,0.0,0.0,0.0,0.0,0.0,0.0,0.0,1.84851426432312e+21
1976.6910479620044,43271.516760975785,11.994492768619985,9.237919288254128,9.75389846117769,7.822281887896636,6.141753942292591,1779129934051.3867,9.665526427092124e+17,1690785601.260527,53543.62502661607,79808111.50662419,45564695604.23489,74261673.7099078,253012748988063.7,16022718597030.943,103264113732.99867,7425844564315.033,3238016766722.237,1866806253417173.5,2.8300412959985952e+17,1.5691372210744894e+21,90313.31508629456,56438922.02477657,177700.6234580522,0.0987400946392993,59.51997099086205,7.792433568821158e+16,8089067810.405528,59445743487317.33,1246938435.845329,258869.67126891797,2.108632491235832,547091124.4352064,63110378371104.68,1804311.262490847,0.3781154197056981,1.5724080877113064e+16,494913839.6584261,43440.664100131085,1.1279968249815882,961.3303386771826,890.255707670703,3448.8205942846444,115755.88312221944,0.0442008527999442,119556.477213509,9.404948286334106e-07,393.90370470084343,2.0083349030544522e-09,5.866889246491634e-16,4.186882456274418e-07,2.8629937542078398e-12,86589504671.0589,147185629.31685704,934.3902533384656,1096.116428193703,1.0484539380029722e-06,323583501049623.94,1533740.499192142,173048382708538.78,1.3291138856967375e+23,385421639442483.8,402736409.5132997,4.5521831622796136e+20,654110796.3200208,0.000379602120516,3.8308984736872826e+17,1.8362740886153736e+19,22619147869.542698,1929840459.0617952,5.792924997557344,1.482925966084164e-11,4420078.243747693,4238313350728957.5,3708.423904247107,2.4456628994443964e-15,8.027465792795941e-25,8.945162467869743e-34,1.743343286609922,922442898.6628524,1998.7721844221496,2500665.1790155037,6366622.7856958425,9.552139055992788e-08,0.0315101283288605,75145050.5917697,1.36650270298357,7.32775131128208e-08,2.8463320122056303e-16,5.575424384430231e-23,8.978483198216862e-30,1.605417760916626e-37,1.6421043603709318e-16,0.1692271021215663,3.2546053473773978e-12,2795.0679632671386,0.3784772476456945,6.297719498208913e-20,551343629.5422341,62708657.157714866,53.30064292323127,2.448842243496457e-09,169770114121.8609,1.7084925534956447e-11,15416959870.022951,170267001887.63303,7.467300515645056e-08,1609297621.760317,1353169.6603114393,3.513349808439025e-21,0.4880120379476944,2.1704412305704806e-07,0.0222764806221265,4.0515407471507034e-16,7483.724945076826,8.288502732121546e-21,3.5863870118088585e-18,25425.11475363981,1.0276349117749358e-16,0.2933325826988953,2.1120026803806813e-08,25798455.40248102,0.0,0.0,0.0,0.0,0.0,0.0,0.0,1.8180655288526784e+21
2151.8557167668428,25012.4764889787,11.99230898753285,12.15504783821021,17.219874438955657,18.610729009438113,18.837813912492507,66343783.12006935,10820149526744.1,40294366.778090894,62167698.63384128,2474218869981.335,2.399794721963069e+18,181883.0851953286,199725127616687.9,16843306052396.416,183402904.67066288,8439741.663698073,10904.049532739187,3751.9323548695106,1125.3033903073242,8.050878554111812,1.8886137304367222e-20,49326829279945.29,299244977.92008483,583554311.8725712,206609270639.50137,1.0539366978682912e+16,1.4002781423419752e+16,14854755070.438002,2.272556404246506e+18,3.0948845612426807e+21,155921.41429068643,26434798.318769187,3551632.7602694863,6.364728249388162e-07,5.507903338111901e-19,0.0055087492349925,7.692943016084461e-13,2.8933815787147294e-22,1.4018614390886958e-34,57313331935.3184,68240548.09815422,190595611865392.72,4166887.45189453,97077.840455006,273218.40211912675,10219.220105224196,577.9303569588405,0.3663823889887643,8.402451526787257e-52,93564004.7505496,0.0197475254879159,5824435784.683662,19743.830987381385,0.0003942380806813,0.000458209289767,2.506255253317125e-15,10321131.393208783,0.0002953102566016,1.7972209926575392e+16,1911861564844.7776,43068548.899902984,159452.47115228494,13759009.50876883,2.500811066115596e-07,6.2035910480621584e-18,68327492182516.38,2485090.302312523,8.05452212255859e-05,63503255789.68107,1.048644537834302,2.4898308649992664e-14,7.352697836852552e+17,3.80879105807107e+22,378099873.06418,1.3754107083738691e-14,2.4392744039446016e-26,2.081508871342707e-37,401713147534.1607,89935024861390.22,2045015658769770.8,123.02248177211337,1019226083.0144012,7.07420387694692e-14,0.0232434292632759,2.6194962528498373e+22,7.283944635195545e+21,5.912015744879353e+21,2.836992360275602e+20,7.94730883393853e+20,2.0297908317057827e+21,5.025587027802749e+20,1.2624897897604316e-06,0.0035285908754532,3.8752777157662486e-08,0.0001022959678176,0.648828235186306,1.4421089799855468e-06,2535923657.766439,0.4087017197724611,18.45762419815819,5.547473764893769e-07,43.51183010400047,9.093916837988368e-12,0.0067267390038291,187913293.8913819,5.357343024806108e-11,2.609839294217097e-06,2.754396480503987e-07,3.465710651468784e-09,0.5146486861211601,18.038705002205855,4.2845804096732376e-08,0.1912010571264376,4789347.7121756375,1.2488209410536896e-08,1.738194388450138e-12,0.0098857797024676,4.8911096150616684e-14,3.8823021559864926e-10,4735967.881755569,16482218843.622553,0.0,0.0,0.0,0.0,0.0,0.0,0.0,1.8157665738335605e+21
1727.2670656013756,38157.99990054484,12.0068010466881,13.997681960562652,7.06804248961352,9.252948380557577,10.588604606167705,910475.0357171992,5762938705948.91,4.832874842397092e+16,3.417707344765751e-14,12638103.253917916,25631.177155592937,5.5108848330622106e-15,9.930404268575664e-06,3.7784146245655426e-07,7.717970426070228,17.177268427663233,5.943987094307739e-14,0.6904596847433558,1.6947312373548473e-12,2.629056368528163e-12,1.3449957740774843e-11,4.2099052588600975e-09,0.0334763187337814,1.7676884398909328e-17,2.7491698177772823e-14,17963675301.806362,0.0132176210422267,3.738712481283944e+16,2.2927613328467437e-13,1.1039071782505779e-21,1.494455682435555e-34,3.62585821717147e-29,1.4067860902872002e-27,9.765413644625881e-17,0.0001077696023734,2.619552482365504e-33,4.754848630239002e-32,1.9828180043486008e-17,6.884060743022781e-41,7.139070356926107e-30,3.3695052475823604e-20,2.088960337059623e-27,2.3880744653441687e-19,1.3338276524195801e-51,1.4223018381530645e-48,6.868093886504968e-44,1.6231963322137988e-27,4.331850056450384e-75,4.5397484934364897e-69,3.2236534173821417e-69,1.7510002784028426e-93,1507856.9742377372,6047340427838.756,4.06974213386745e+16,4.851868717464473e+16,1.703144105338041e+16,2.391526233686395e+18,3.761407372305561e+18,12689.564564597697,220116411791114.53,1189952.5436871056,9.41786570555988,1.613374398879787e+21,2.0796292745465683e+17,6.541712903414482e+18,4708.666580911449,17721402.78826598,2.081544025205296e-06,2.1934961071276196e+18,2.5723289848259635e+18,1028545242463722.8,22.79880927111211,4.2493317040031194e+17,40544926927478.83,1409798335737.3948,189612512770.31476,45814223483.7622,39.69649224730993,1392798769339.6548,30.027471338023613,1.5798623291191364e+23,3.2051632812795957e+19,3.957971919734843e+17,8.536506752377132e+19,0.0009523636080562,8.894570981876593e-17,2.5023275339223728e-29,7.293652648265199e-43,8.290988532070623e-55,6.482535953109196e-67,7.105847662755143e-80,1.1943343397292944e-32,1.9765970804183288e-25,4.7378140596354336e-32,5.117884145978084e-25,1.3835506141223415e-09,4.675791006009129e-35,6.607417473456238e-13,36898.91896441384,7.485257273944756e-38,2.294014964407689e-13,1.202015872014946,2.799151271643876e-06,337292463.7943822,5.672029690563161e-05,3.9575018035575984e-16,1.889300333615401e-07,232304.5550215272,3.916826360567458e-21,4.5466631572760374e-08,155213.12252142263,45892859525.68088,1.179615613201679e-13,0.1191879681629796,2.49088240930108e-09,1.5963684220274e-09,1574124.1304617573,376.8589284926154,16538387901.996614,2.962033946601195e-12,5.31463172095969e-05,0.0,0.0,0.0,0.0,0.0,0.0,0.0,1.7168377872637147e+21
1716.135219960134,21833.767018100825,12.00461960802573,17.79551015337954,10.96717354221192,14.717749352121832,10.73124517247642,43916.8226933932,50067562926.79335,3.2986195524548076e+16,2.6101953997080305e-14,120172432.60233878,5.422248563845607,4.260839914577271e-17,1.1083292049220497e-06,4.107944221914304e-08,0.7298413286036186,0.1298954720795479,4.8361089954919475e-18,5.374000519641251e-05,1.4720349027313817e-18,2.4189627512726863e-20,7.342211580127005e-20,4.293973749400777e-08,0.2935970152018624,1.9725412095864847e-15,3.221324156474332e-12,15218189930.73558,2.700247307230694e-06,2.734417591167861e+16,5.1057691986350836e-17,6.300548455466864e-29,1.1366846477466903e-34,3.1082802888525135e-31,1.2897385148891528e-31,6.294820503868596e-21,5.084971256759714e-09,2.387693680105614e-41,3.454352942962189e-40,1.0484247642318918e-25,3.5901678111209054e-53,7.214194550480885e-29,3.0342633243776866e-19,2.7683568110024745e-25,1.7711255715966092e-19,1.0823277440630746e-51,1.2431403805358385e-50,7.463168083736658e-42,1.1406362289386663e-27,3.425423108275735e-75,1.7800570010441588e-81,4.246997864537298e-67,1.447556308301895e-93,144712.4004048865,497187399970.80615,2751551549858701.0,3283049361301478.0,897408835076157.0,1.7214230892712922e+16,2.0970855562251204e+16,0.027333010905219,20241366208.048557,1181.4302361657517,0.1085291745489654,1.2643959267885082e+17,11804408629593.95,66811160996.05959,0.0001046295856114,187.43542759844084,2.308308599075844e-12,1.891594752154645e+19,1.7326201259929438e+19,5163564822471901.0,0.0565126977292291,5.885452367154212e+19,4108611131152100.0,82525577374673.83,8694606768504.872,1591900918222.7805,53295.05865425848,254065808.3321507,1.3436008727680346e-06,9.20541479820998e+22,5098653703355524.0,1.6434776707315917e+17,1.078443082285396e+16,5.1539355468188866e-11,1.1414700838338106e-27,7.624555931904759e-44,5.3741519020048604e-61,1.4579963645034088e-76,2.6962319827665155e-92,7.073130003358914e-109,1.1463996702378014e-31,7.769210007155619e-27,4.733610042830898e-33,2.0664531530942512e-28,1.5055091208273512e-10,5.288357421277469e-33,3.8778175370456113e-13,1341.5120313017594,3.311586080705633e-39,2.262300860321853e-14,0.0005256211786944,2.328057124145899e-07,128073.25677164202,6.584765763687276e-12,3.807489047655224e-19,7.567233489419447e-13,2.47619584533771,4.0567500291318866e-19,2.0988837844828783e-08,18366296.030447826,16688210995.331026,1.7005376398956938e-10,0.7492904775134956,2.9489409456863665e-06,1.2362378335446018e-08,55774.34252358817,2665.59162664817,477970622.7076362,8.198698657014873e-15,5.996128724033398e-10,0.0,0.0,0.0,0.0,0.0,0.0,0.0,1.604454719106504e+21
2309.0100096971764,34048.890432250315,12.014632591047796,10.241784337256274,10.447931571815728,11.624797179871727,8.800575388681567,2342052305864.42,4.1242896487538785e+18,1667705993108.6267,759026636.7830253,12441307068049.83,354454829991415.56,235776760812.75793,3.921348507027187e+19,4.11844730421491e+18,2.4428711409384333e+17,2.203880602877978e+16,1078504935100946.0,9.103740911960463e+17,7.574244688987288e+18,3.954003020982081e+21,2100799570.768451,174733501682446.84,6398440165914.498,3246115158.8316083,764622695374.6409,8.96073292511813e+19,5982676351212586.0,7.391093007249577e+17,276528088108199.16,11324178640909.148,2507592.6400537286,18389065437313.6,1.6669839314116154e+17,1593754722030.874,54567070.43344345,3.776621097578623e+18,6049126424886.371,90294764230.95972,410087.67483990703,283002294119.5686,1480363819885.509,321432993058489.2,140859597697.6997,1141498.4219524416,195500997142.2523,195484765.09290865,66823907508.09763,7.0310895645361855,0.0001259132195458,275485257.9700941,0.3358904642838729,3171198304156902.5,66484424144704.336,11683254678.756008,13481210206.320332,1026.8272325453238,3.189116407274661e+16,13229468042.569471,2.671112910282377e+17,5.271869377928229e+22,2.071323417968215e+18,7339261300976542.0,2.4392860908149e+21,1135982569809.8855,47476.86026688017,9.210359714150892e+19,8.299383225866841e+21,7.208852244663056e+16,1214169252490905.5,270488075.8407641,0.1298329176305257,94735554465122.16,2.6665358383040302e+22,6243600266858.331,0.0655831149460295,1.5559820309643211e-09,2.3066310455524887e-16,1232278414964.3855,77515286577605.44,75687198268.13985,32297205829.2335,4680966271458.205,0.5429990718896732,1259273.1525739534,116638956883053.95,1864520747.023497,86377.16583697485,0.2022200433373999,3.0957937842519195e-05,4.688080690676037e-09,6.181776277119819e-14,3.0276355624290695e-08,861.4685542604259,7.76898880155281e-05,2280413.057738192,1070378.4014383738,2.8875043366435336e-08,69833353875110.72,539811846104.3368,2112723.615449295,0.0009797161146402,399362995579.6581,0.0001123623061472,336951008810.48267,37035457853911.62,0.0137281423174166,5914411585.424154,5820267862.373176,1.1430878924584786e-10,84459.8550652368,323.0321023412893,147605.88531212162,0.0012918830565531,193103746712.9591,7.508573489903961e-07,3.3459039779384076e-10,7594664.196926572,3.3726082473369193e-08,2778.0018194962454,0.97871017702949,35979988935.59558,0.0,0.0,0.0,0.0,0.0,0.0,0.0,1.6022309958304148e+21
2443.0484920825397,40414.49921905615,12.01138913147964,19.37693507430292,18.89137298008289,12.086783403263256,17.01862694216712,12692483.928395923,1396918103448.733,3.7670108292037745e+18,1465.8110731685904,274812214.1999202,254647185833.82117,0.059195414503946,15.704024590886114,1.9441072248519176,56963.37822755725,1292495177.6106148,2.7432110173444702e-05,6288.676835326754,1.7941998213441866e-08,9.202865066853962e-13,5.437755012052921e-13,876.413815533242,17139649.815767698,1.5058096817066256e-07,2.6134096582197285e-05,1.819264058729859e+19,390394731038.0142,7.838210508201761e+22,50700.74306944587,0.4536813191721554,1.7592644875865613e-06,8.555824727854157e-07,7.185860708294851e-10,0.0025599604223803,26633.4804212437,3.3455367615070756e-22,4.640467863497478e-22,2.058633574661468e-12,1.001534156163686e-36,5.393073920955991e-07,1.1799691554780058,1.8020976812865575e-09,23925.49562387355,1.8662118127524657e-13,2.7070893742826202e-15,2.7571608928766524e-16,1171.0418718946728,4.938602594791973e-25,9.814283315303455e-48,2.059479325937957e-28,6.382759598566084e-33,9229.635035377309,105114901.58611916,13103642273.210669,15037002463.751316,1146663104.781196,7174670248656771.0,3069315694232693.5,23930360.30642517,1736703739.3393607,0.6823713449788399,1.5429474816685627e-08,44910605178120.04,33106954848.849083,119034848955.16068,953.257887749456,0.0002586466155059,3.869860307212608e-21,1.0095819718910132e+16,2195973510054753.2,1397530278909.299,403924.7499217897,880370853932.646,306781636.87518793,4346410.425601193,100411.0648278288,17556.405772763188,0.0008147490640683,2.894270254819787e+16,8044630334.891007,4.036172896380739e+22,8.490238928707791e+20,1.1847052412658127e+18,2.0187204205169462e+20,18293521.983187057,0.1038462239526589,1.6996098747601359e-09,1.2484934451997373e-18,6.53611359435269e-26,3.6040065637231665e-33,1.5927216550177868e-41,2.619447402006264e-07,5.855180129952512e-09,7.293121981067687e-11,1.7874798387837678e-12,120094.48257450246,1.4359425684549513e-12,0.0006052674631997,248690903850.0171,2.399824126399858e-12,0.002833127363914,0.5470854924536861,193.322160221056,227750.75679521952,0.0085322801767316,6.526992602192172e-09,1.9859498286145672e-09,41.023771651063555,2.7990469096114332e-08,9.481845747800104e-06,6897755195.8509445,3113237.859675465,6.326240558651023e-07,4.965905947444855e-05,0.0002628901652332,6470.988827053379,57060671.8503974,234783462742.68457,15409998232.420307,2441.5282407966715,72.43787408302161,0.0,0.0,0.0,0.0,0.0,0.0,0.0,1.5740496305672453e+21
2372.3299111095935,19597.60414639766,11.992275043463817,18.484221044689445,18.28681692316197,17.932351504018918,14.18895332759939,17626221.899520855,664826310868078.8,559107710641595.5,2337549985.001492,15267945387453.707,1290507692841670.0,73437720.84746714,4172024097007536.0,474687445864887.75,4504238806343400.0,762960521671055.5,30096945.942579888,3037522156069.719,18173830.275822382,837155.9500002995,0.0238400085461354,233029570786219.28,1417746631047348.2,3476903394.443675,705848104525.7189,2.0801087734580372e+22,3.416783102502003e+18,2.8196449769784003e+22,1158196776006678.5,96717852129958.88,10548280.404989678,5637763368.665206,4382586625.597527,1320586262.1299322,1286879897.2466812,1116.8220485553943,0.3759440476469918,158.5219755118488,8.01393737673124e-14,526750838019.16095,406775433548833.9,275211582654143.3,66985078625552.33,5285609.296330506,74420150.73263878,43142735132.27612,5302630057328055.0,48.21335990500276,1.1706781478012413e-18,441987106.7174083,2.7248343806658872,396234814772.44006,1391852064640.9253,46652054667.50972,53687681341.83177,922312.5105884802,950085055435484.8,90189643163.81468,96399419030537.92,746492872144069.5,24470416810.30806,58129144.25661578,5868188879291341.0,770251896.5355707,2119943.5092963795,3174010051639.3315,8494340714.00988,7.136133071470354,2.088867085554304e+17,10369988256419.396,1286925.7567243762,223292862996792.56,1.083190709930726e+22,693676002283093.1,428367.9764181746,2.2608652243767344,8.188879359272261e-05,585329294143.2249,4.628196349017572e+16,104844022462188.72,1830553620762663.2,4.434838578724902e+17,9099040.55328475,25325716084851.35,865860011848325.2,35750816981.13081,4267129.179431736,24.297147610394862,0.0094327125477996,3.7339982314224257e-06,1.2365454119445435e-10,0.0584369573181252,0.0161932470486799,0.0138906619954368,0.0040929220391153,15349432722.048267,0.0355188358887598,402238305.03330857,139289103457.13388,37.18164016061332,0.1354488429721388,420.4590820167414,2.7210728881504913,56735.00403159232,70073.29404078067,0.0002151785809551,0.0008573445486869,723580.2610387426,0.0001366109980921,0.7565292550561914,26569760782.045845,29799.201146663305,588.7486366948939,704687.6658151869,65.52165788519451,0.0963401177810455,15120.734235119187,1332.0265223604476,1075.9848860333557,1972866.495732561,715735.1575245894,0.0,0.0,0.0,0.0,0.0,0.0,0.0,1.5658318446816005e+21
2658.6236960934475,48695.90403075681,12.008090359601608,14.152070911917203,15.922854694832507,10.601409010883598,15.640753394415135,24290448503.27787,77887385415168.2,107350525087.00508,1021099832303614.0,18548165061.24477,1.1610258899886986e+18,606421441927.4369,277832740705748.25,43240732858417.41,4344283922.947958,15906006103784.93,2910804060.770406,994040930.4390304,17587468.215871565,8999.734230611502,5.076800373251874e-13,2080836993042815.5,155789825436.9439,7195118.452239239,815964574.4144139,4.988718952102494e+21,1.6019692260939776e+20,7.994166447782491e+16,9.557982437338885e+21,7.464221405085804e+22,8.306220554121483e+16,2.32585746889558e+17,1795106357172340.2,130394.82899750838,2.18123720364158e-05,237807.7700285921,0.0024858003953617,1.6242461901987767e-10,2.4892802418840158e-23,9.269652883575446e+16,545324108612316.56,1260717869990798.0,1.4357446435541396e+18,3.202398275883677e+20,3.684238706337648e+19,70693640808.12012,7.575171960253375e+18,7.340202985193186e+19,1.2782522794610532e-29,6.776392232263617e+17,4.279661228866329e+22,9313692.986768449,415.06246199209306,0.0002948666642721,0.0003357250107585,2.359519182163387e-13,2065904233.8662295,8.482127932029517,1510386688858908.2,946403714273.5516,8341.551384337577,0.0022646249203683,99552988.8896248,0.0012828422976017,9.242813669180324e-14,750582144244.6052,29.873398351849545,2.19681447602273e-13,1594026325.4045837,3.079456743856499,2.6779808776686932e-11,19883554212108.89,93433368703919.58,522.5886938676582,9.486891689340217e-16,1.9509343801926812e-25,3.936839714489569e-34,5.135218543619934,485050873074998.56,169311853046857.0,4612788.303917117,47639147091.62961,2.708000208395189e-06,87.71706201496667,7.236669378329974e+19,7.051933518329037e+17,1.9669204785755744e+16,20835948602626.5,1776635489886.6802,174665524086.6272,1220548124.4693904,8276.32932750631,4239239.847792784,26.27087417968073,15923.32829798012,20467169.4956851,0.4692038615953501,551323585438.3054,352276624.3605419,39780310952291.62,0.0176408794792384,38457.89892883439,5.335376369126108e-06,54.58018760966718,357879478.8984347,8.299109718453097e-07,0.0049790755979511,3.379177088258821e-05,3.038406358307598e-07,1.110030742262885,22.700938351363064,2.9666424227982257e-06,1.6249253499106746e-05,16.604191796456043,3.886156806027536e-11,2.067536321192549e-05,1560.0916396916775,1.6486270108682468e-06,0.0025278236374019,353776961.59759086,249327680943.7356,0.0,0.0,0.0,0.0,0.0,0.0,0.0,1.5559260494392929e+21
2545.5062063248815,30707.799828663352,11.984451271689815,19.035289533234018,13.459009739166708,17.061697379984103,17.5328766226477,1522227124.0898468,1790145254544.4575,8.666885574385417e+18,0.0376534451229731,18730721678763.31,1934414684500.1191,1.0048135534140452e-06,2.942461159909023,0.4081491607751293,9608.504373880034,10477.674843937097,2.5864940331822737e-10,0.0314857094152879,8.873454488674166e-14,2.479402567313048e-18,2.686452469862789e-18,348.31158093692846,5779737.97044024,0.0022350058479318,0.3139849967708334,128283382735864.7,12010750.86806111,4.6212212248917984e+17,2.4340024037686283,7.271425198068062e-05,3.6494527120021085e-16,7.360381551899994e-17,3.2331165038176683e-20,9.843790740580121e-14,7.713905248009756e-07,7.530220924117438e-33,1.2399476320039369e-32,4.00701727276595e-23,2.348206910723405e-47,1.7875694370366281e-12,2.7904024374385567e-06,1.0087219767084312e-10,2.4351372882637092e-06,2.2955223473067015e-28,1.6244505956995183e-30,1.2592288339984213e-22,5.277424980298167e-13,5.5313415536407123e-45,9.57593511565797e-69,7.595456201851381e-40,4.713388878301959e-58,419261356.6623693,4096851475347.2744,527828682666734.6,603363725139841.6,60373248409298.945,9058218998770050.0,5188655812341715.0,116614658.96427764,1201296235.1088357,18604.472741445716,12.154027477599785,27175145995545.76,36116585961.64833,390103517229.298,2828.711545361127,3.74010754187988,1.774978915486743e-12,4.574882291016151e+20,1.2823575451447465e+20,1.3017700676960318e+17,84161168396.22968,6.325175053305853e+20,3.808478070417929e+17,1.139976375450696e+16,339441096001050.6,87131645319277.2,37390317861.00359,1.8289276521450458e+17,203498683786.9565,8.066380195890072e+22,4.260233223663619e+21,4.5653156731843896e+18,1.2191249306859523e+21,462930653.6733044,12.277974602923187,9.355204142771016e-07,2.9454259999576793e-15,7.018940199279083e-22,1.8417582374080323e-28,3.6517404260040755e-36,5.137135914975968e-13,1.3338056643064642e-11,8.33202128557158e-17,2.4669563345175386e-15,0.0412319230749789,7.55878051110538e-14,0.013013560144496,150250645.7949539,2.576199152713844e-20,0.0004335066850774,68.4405132496402,27.00964078893183,22840884.36124178,2.957227248036423,7.76713227977324e-10,2.548462617939307e-07,0.9365206134199562,0.0002730100565355,73.9146383442048,16222847757533.828,13057948212414.338,79.64526463642883,5487313.896564061,34380.59122183724,1781.161143364924,11190786582.818342,41653392636.719345,3206489845333.9907,1186.748732801448,41646.78052862952,0.0,0.0,0.0,0.0,0.0,0.0,0.0,1.5428591315644533e+21
2029.0797071503648,14280.634053720189,11.978222312249711,12.321787881482296,5.466881912566131,10.253239444658336,9.10450254928361,130314066.94347513,979579721311407.6,2.7224605710614848e+17,4.581040935058287e-09,43608830624.28282,40819886.58767997,3.790613410576428e-09,1.6569820553127177,0.1149214531807086,51478.33769226134,17491.96802615669,8.610939933303302e-08,2480.018833318689,3.7348220542710903e-06,1.05675372035259e-05,6.835107705045829e-06,0.0008109793734031,184.9751890656033,4.778962445505081e-10,2.432900234673647e-07,198484286525.42676,11.770729000839014,1.0822165617558248e+16,3.135253597458712e-08,3.0081390147310463e-15,6.1435543045134214e-27,6.55547694332103e-22,3.7353610637973425e-20,6.633306424445037e-12,0.0075457114634182,3.6842779233250446e-24,1.0942927656898157e-23,5.289890883476918e-12,1.307947432592602e-30,4.804739779983118e-22,2.83769085185632e-14,3.0910991248721602e-19,1.5788827430610215e-14,3.444502330079262e-42,4.4504718006745534e-39,2.4165062240107046e-34,9.340001176713324e-23,5.789331840224608e-63,3.8042681529394065e-57,4.3420799875389605e-56,2.380549430889048e-79,28489448640.030342,3547793960765680.5,1.9058342526263905e+18,2.2291756890005535e+18,2.1809878879832877e+17,2.6918351764370395e+19,1.3279399599974111e+19,90558083.77539788,6.870135276838516e+16,70141573915.537,20107992.92940532,1.7530320147767464e+22,3.3143945356291205e+18,5.577903374918789e+18,112046344.72012264,1671579453587.8145,502.14791792274286,6.326769033046092e+19,1.9194202596699992e+19,5858019084068752.0,1048159.113172288,2.8741967380315963e+20,3.196415112741398e+16,260464056711876.88,8584673374990.681,1073913430983.8412,60753080.14103992,59137804259535.92,68783.06206500385,2.9829187826817138e+22,2.811372288496184e+19,1.584691058392137e+17,1.3290318533779726e+19,31.220497877576584,3.4327832667534164e-10,1.1092849862493406e-20,2.4348675007206408e-32,2.8228206320378036e-42,2.779428482659508e-52,2.9118403106961355e-63,1.0996421113133081e-24,8.420287783201947e-19,1.1791871230553646e-23,7.838166181663379e-18,4.363487247047779e-05,1.0955462190687144e-25,3.122445826160989e-07,747692.0790773742,5.897212673083348e-30,2.768477341980559e-07,10808.531071122798,0.1491194443646744,68424585470.13677,4.392272693815579,5.729214975040412e-09,0.0866013492965323,1930448958.1312015,2.472041764398128e-13,0.018992739000387,410257883.6682908,3634487075759.736,4.1465747043799095e-06,45689.62688692611,0.0072124492532918,6.451815606310788e-05,230970178.04417473,108215.3756274856,231341619740.31757,1.2873655408963098e-06,1.1869838901231835,0.0,0.0,0.0,0.0,0.0,0.0,0.0,1.522106437882265e+21
2475.9609272112357,91310.68533359464,11.994716053364831,10.5140004860172,12.658487061155125,6.685601799905139,5.574933419850282,1791081562848.5916,8.488023116243067e+16,18037347618.62847,210863985208997.4,1255280014.5858586,3836602163577.2456,415704293155002.8,2.760794533275394e+17,3.5486963759427588e+16,3516786109856.759,2.585556036418723e+16,8880795495532074.0,6005194003921525.0,2.6272204102170237e+17,6.171334455719837e+17,5.893502538471564,352858317918705.75,23762964550.070877,226985.0436483079,36736674.79710711,6.209172039079478e+21,1671037325759887.2,9.166938409799085e+16,6.9147348415000376e+16,7103528683591.365,2.48403832938628e+16,5.055987147071277e+20,1.918715306440561e+22,859024367572.7229,107.55569112913442,2.2265194760190624e+19,118813930142.8067,6285.5921848172275,0.0028010523360932,2.1538106304322108e+16,153306538227206.9,207314633979764.44,9.707324174666036e+17,2.335769942999949e+20,1.497234304262355e+23,11363768676.6759,1.3900877557565227e+19,6.310157835066071e+19,3.015291171984929e-09,2.28959847741354e+17,7.485065093297385e+22,2064038691.0195792,81251.05392245737,0.0372252317299698,0.0426631520454154,1.293762151056423e-11,1577408234215.1252,2701.609172313272,17430456037854.725,4.819053086003244e+18,7216653083.245425,561.2562680410985,433517901691947.8,1411.4569643394982,7.437136356244185e-13,32992324011056.613,124175162654.8863,0.368856329699546,146530044.95151296,0.1260013910706746,3.401114617250558e-13,20578659.494333073,9915811285312.766,15.047962270438031,3.6076966587566585e-18,3.2944547341703373e-28,2.377531436326016e-37,0.0410161547198347,1491937857.3408856,5055.840250939641,670748.1613665868,147452.9675474657,8.891188568114026e-08,0.0001355005590605,3162398352.6523404,230.3029517339839,4.8298908591785153e-05,4.4239783819137146e-13,2.9457346584323906e-19,2.0962474534464515e-25,1.1727138701439116e-32,0.5546997649997388,107606967.88223308,7.232404077455755,1558893046.5421183,29108944.470221393,1.0208618203960545e-05,26446821842798.07,38979709994.20789,3623590242842210.5,0.0029374158040533,4383879112.778557,7.072463604127383e-07,6168844.502263782,738386794.192379,0.0003486136797665,898283.8247892094,258.5215144792844,2.3160559324901457e-12,6.0183921980309405,0.0012973802487582,2.1287076112430616e-05,1.3799468242726289e-10,85.70759550256024,2.1111440778372496e-16,5.290448620270155e-10,34453.61252710851,6.036982047243439e-11,0.0344987768752026,0.510811369382106,132325075.01385704,0.0,0.0,0.0,0.0,0.0,0.0,0.0,1.493818095081123e+21
1530.0531684545083,11276.775117640607,12.010211327086974,16.467799515644227,10.414148597428,16.921408712192438,13.58812074162948,486.422753624779,8387633182.887663,1542273569768869.8,1.319062545821262e-17,55591132.56938321,768.8109584098436,6.486865922579311e-20,2.0709019707399033e-06,4.67835914376935e-08,3.790353006539036,0.0082325721700323,4.597779475528971e-20,1.405098048895208e-05,1.149646670476746e-19,1.3409310982337346e-20,8.663258095326118e-21,6.120070083844266e-09,0.1541899513037824,1.8489761545730916e-15,7.604841716837033e-12,3438766131.160418,0.0010347705887033,2.457635867562146e+16,1.5633635544800132e-15,1.0329741418793552e-23,4.363862860692672e-39,2.731539958770132e-34,9.655063402111686e-34,2.4680089194578876e-22,2.2313056639535928e-09,9.153076031904213e-43,1.1662404351259323e-41,3.568108022399455e-26,8.47006175766684e-55,7.1279258479840234e-31,2.157565412689239e-20,5.496443865143456e-25,2.6915541435628535e-22,1.1510036537912993e-56,1.273634958324984e-54,1.8330388707880748e-42,3.2830025323340596e-30,1.8623545511752071e-81,5.322993107842592e-84,5.140752925563093e-69,1.503024413694292e-100,190041.27809842385,2234240251590.953,1.9637015615514296e+16,2.3795334133289184e+16,3691051382801529.0,5226891529703065.0,3258248808915006.5,12.986419312717688,23587631968.412277,7024.779260799701,12.960198781104577,4.5595391110983155e+17,6154271664783.032,949660682449820.6,0.2137613225905907,8803.753817287647,7.673965150889022e-10,8.755514423397702e+19,4.804290797966148e+19,3561612280753563.0,191.3316777765509,3.9445392009933846e+22,4.8226202823199866e+17,1243127124148438.2,83480211330490.83,5172251743746.148,24004057.899971668,139226457467.04935,1.7139616450168584,1.3763246859429563e+22,1.3391681083716823e+19,2611667262083434.0,2.3292471189911577e+19,3.752833826124776e-05,1.0242027234310793e-18,8.645000058552209e-32,1.0875158540844898e-45,4.112255681771089e-58,8.953994642118582e-71,3.4462942514804853e-84,4.181788491058204e-37,1.4628430099581168e-31,8.771344979204031e-38,1.527066239616778e-32,8.87652086240783e-13,5.125601539133398e-37,1.687672850571575e-14,23.24645672126468,4.763801443444379e-44,4.003563479930088e-18,2.154261073118554e-06,1.0449956170544947e-10,2307.088517491205,2.7610605449519917e-10,1.0099923752123786e-22,1.414782057843443e-15,0.6843462266219654,9.100035081557484e-23,1.2020263027097908e-10,3214795.793473089,4251102445.1412935,2.3470059345652143e-11,1.7481490973109295,6.304469080024228e-07,6.052818259809384e-13,114.29547969493528,1.4926475783538458,1326572.9131077142,1.7920036387526718e-14,6.198941281768966e-09,0.0,0.0,0.0,0.0,0.0,0.0,0.0,1.4778123035782475e+21
1459.8895058382752,9388.54844680986,11.98287595685409,19.516510500592897,19.608911578531096,20.262687616049615,13.11599700614821,20.84044294985971,34203333.69881013,41609.455856949215,29986.897210001123,8600327.05568102,335676576.04914594,2.1677108667104297,353525411111095.75,6411998970052.921,107028654991.61298,150840091.1922675,0.0311766913591219,4354.9042857903705,0.0017883943335308,4.487192596904399e-06,1.620148395338762e-26,36979119050183.47,174977761525.2426,5628967.683650347,34903736852.90327,1.226870440923687e+22,4869225231274501.0,1.7038183060440828e+19,22773012272442.4,330351206139.8304,208452.91022615728,471769292.4054401,38942421.05941621,0.2300573858164951,6.71746065608891e-08,6.192143070957087e-06,7.858177498018928e-15,7.443249640292195e-19,4.1789461242962553e-42,87221512838786.38,665597088264224.0,1.5418987355443256e+20,6919341430729.096,20442433876.742756,55505064877.99559,1415799869612607.2,7.784805114701157e+17,58751913.27561428,5.0932174109085004e-46,6.562760290098629e+20,150347395119.8188,420.4240712397143,0.8964475861413227,1.0190076831048427e-06,1.2432504585288805e-06,1.5806366525283816e-17,2908.8192850812793,1.4172785046485988e-07,87286.37779696618,2045014.9836111576,0.2735114831498766,0.0004170447435532,6845.831384964827,4.130201374761982e-12,3.189863781264353e-23,24.73174816269218,0.0077324131963146,3.1722740331527986e-18,3946720410.498334,0.181517304974867,7.659785804408055e-16,74336149.98612826,3.3482541673965704e+22,19932026.22655105,2.2901440182779983e-16,1.3299574943283047e-27,5.364396736728146e-39,3740540.219481101,11626495.709261715,216.6330339108394,65.28134980515914,235603.49327424483,4.82726000956326e-16,3.9585069455469447e-05,35194483.93053931,1.0977955502106802,1.072371392876659e-07,1.818723137297998e-15,8.312592738176769e-22,2.03188410899022e-28,9.666815413076569e-36,3.40911585071662e-16,2.4255213012860543e-11,1.3236941006700913e-18,4.1611464613547626e-14,0.0181328221579344,3.900711860779822e-16,18881729.66309379,876.2190336972568,0.4613497819057158,2.4978655072467788e-21,5.316248548336814e-10,1.0331888346858584e-23,1.1505458224105796e-10,1.9751768896922009e-07,6.7989790976026085e-28,2.223994473334434e-21,9.470039115409455e-17,1.5253905088630855e-24,8.321483753611584e-13,0.0001082299119949,1.7478668869551605e-12,1.47745969929045e-12,0.0378531364921396,5.078589896542789e-18,2.488787729699856e-24,2.416451911048874e-10,1.897362747636257e-21,3.370508184585783e-16,3.926364349613794e-09,0.0002657466043859,0.0,0.0,0.0,0.0,0.0,0.0,0.0,1.4605750591475325e+21
2291.695266774351,62475.136890485825,11.996282980064509,9.159422920571073,9.38685876381826,9.770817308413308,11.813985349028048,114513783733.99144,1.3351792053754842e+18,1562878997358.7166,226969436.9746693,1843085480437.6753,3.8775722734753106e+18,26046672837.509567,9.218097342917024e+17,9.464373836546963e+16,6487516469345469.0,3118893622276502.5,45550490297359.24,4.8252722510990616e+16,1.2374264887344486e+17,2.4806160412055097e+19,14272140.873570925,10395873902644.666,435250022409.2447,32263244.06388655,7926461108.54022,3.8313425225764905e+19,3.127364758884862e+19,3.624577210763347e+17,1.195452519463204e+18,6.311755198890668e+20,282266.76143779163,839085227682.1708,2944653724551575.0,35420846712.488754,1571785.2680095923,8863884900770998.0,15188718500.448551,294183157.833923,134.91237156748326,6300203132.268099,38953143705.31902,1399712323466.6604,20217478981.35104,51412.89819833799,3448164909.6869946,353307.6859930861,4503828619.994787,0.1165426524385425,7.845283172223923e-09,169819.51496385495,0.0021830777078548,173221123070125.44,4142117680873.758,800365116.2600049,924230883.5393032,73.81747419926776,1.145234658665089e+16,4961193967.811087,1.0856305030833588e+21,6.561319268708095e+21,4.260310486197588e+16,26541568091021.77,3.449007360634795e+20,158131072529.11957,106544793.05109686,1.4056540666317058e+23,6.589101264211475e+19,33623064130208.44,215764132222697.72,50573172.35752502,0.0244903018978931,1.840108337153668e+17,8.480399799722786e+20,197161502619.67963,0.002185629946842,5.4592588115105294e-11,8.295559999692075e-18,5886876562.363787,9.73061870846572e+17,1.1808922171366795e+19,34433500795.14548,6.806187199642261e+16,0.5622549119265262,19532291301.944794,1.6449847013129127e+22,3.1707113280967383e+21,1.7724463698175294e+21,5.0892598542911775e+19,9.44359834138572e+19,1.718659153362813e+20,2.7543778936167293e+19,1.193844371154086e-07,13.362451829007888,0.0001160181719302,13279.062499883608,2246009.4560724255,2.0306778587629497e-08,237671070752.3671,13337194394.21285,13727.982655394311,0.003827036321105,6579021319.945068,0.0004943311642711,6414625475.646041,8149869081744754.0,0.0191812971761321,32985565.459136218,4247815983.051011,1.9711173503150447e-10,616.9790708232294,817.2551347013764,1492.6414331080082,0.0004594793110977,285545679.590805,2.93316409627846e-07,3.781993494410623e-09,372057.8350183261,4.601224224688957e-07,148.7940227648315,146226.91098699806,21066833110286.29,0.0,0.0,0.0,0.0,0.0,0.0,0.0,1.3877177572044854e+21
2484.7047686030505,83056.1914144031,12.00252160758193,10.550251324447904,12.664057167337626,6.6557748495079165,5.600378372641913,1835940863207.664,8.675118405944224e+16,19720906558.6303,224951582954865.53,1282593771.3105426,3849075588433.4033,428073778482958.8,2.482589396178289e+17,3.222569816660954e+16,3188670141783.516,2.54174771211306e+16,8696223194704438.0,5665225795725147.0,2.434269424747076e+17,5.42824064175134e+17,5.655441197206341,338434394189033.2,22863707767.04804,211189.60059856396,33562450.91956861,6.028635391102578e+21,1551646943312489.2,8.917185225786467e+16,6.557355475179216e+16,6295384675860.201,2.5584222797459216e+16,4.8284686761633186e+20,1.7333864420165286e+22,792732928624.5413,100.27312389444351,1.8962654344136307e+19,104493901386.21751,5569.743651475063,0.002480683136165,1.9999172090558364e+16,140689355310840.9,174380663560744.94,9.566660954009056e+17,2.2615338505818663e+20,1.3632297127643917e+23,9398514556.836884,1.2777266432049484e+19,5.959675716176076e+19,2.4790828855568423e-09,1.7966118514325574e+17,6.706577231432906e+22,2037216166.0457647,80526.74596441156,0.0376451271847185,0.0431299865953813,1.3623403055756499e-11,1638282803362.727,2927.7282049756604,16836751528059.658,4.672000719871589e+18,6818665554.217932,503.160418680006,422733854266686.06,1473.4475929364482,7.443362464543134e-13,30545492322691.63,111123465980.55142,0.3158440696061355,147066788.0085413,0.1315206311870485,3.760607107393285e-13,19501505.50647287,8812336284079.533,14.264443100312738,3.77648352203025e-18,3.586489039092352e-28,2.722260907137618e-37,0.037035787598895,1498973539.0545905,4822.146781158384,737172.2672313598,147770.3023717021,1.0521977969966797e-07,0.0001403917692897,2964458638.3591323,207.6906458594052,4.188996116987694e-05,3.663911037522355e-13,2.341730698145481e-19,1.605678299159553e-25,8.611526034338609e-33,0.6988018793971382,114649132.71747077,8.699743235470798,1591319354.7563918,32116974.87915344,1.2125267034792824e-05,24276153009389.156,38344991667.418144,3558098755586076.0,0.0036846711776753,4512024314.659061,8.956336449364314e-07,6338249.588287016,698915484.4409467,0.0004280829143168,926934.646222992,280.2368959329494,2.950162145929845e-12,6.277784885476833,0.0014873258926123,2.179125843713067e-05,1.5558164899995935e-10,79.7729862442701,2.4297774524006844e-16,7.1004333685618e-10,37493.27296582906,7.937605226484671e-11,0.0383946918671176,0.5960226528451964,130785862.4165644,0.0,0.0,0.0,0.0,0.0,0.0,0.0,1.3345606210808704e+21
1275.6044015886744,3518.218372092478,11.9627861745752,7.884374997282185,13.90833959758134,10.129531747896817,12.96688838266103,526285.8109818709,5975638738.550579,2.030348626693953e-06,10291.585184386497,0.0317618907338271,75907956537.59523,7411.002040087129,274337925474159.28,2490998480458.0596,1236.9516099831194,333609.67124980147,2926739.3094531577,149799.7398520139,6808374138.230621,565921395257.5546,3.0905719419278918e-27,365688427.9943039,0.0387224073081676,8.596596290266049e-06,0.1950268895341426,7.464853051167005e+16,221933196389434.16,2582107.221474219,8.396242646231003e+18,4.5436094635487674e+21,27256645.622408006,1.050740265560592e+16,3.741743132011798e+19,2.933147425756726e-05,3.2158903453493862e-27,266013926378858.44,0.0010236909865873,3.2645200837950577e-23,5.5572881180166616e-33,296351465995.3291,127075.19171515964,9546873958100.268,558297092.8509387,6087906552458642.0,8.261688318783493e+20,242.57324637341745,7805246042.595366,4023528538308957.5,1.005619996071405e-46,6.612703785191876e+18,1.4470637139899022e+22,0.0141285544958954,5.993621049573351e-13,4.705091803136643e-27,5.865158906171223e-27,1.2240202766806908e-46,0.0040910737016402,2.800828920109503e-22,226778986182.68704,11321017487715.41,0.1611828594304731,1.8034557159026912e-10,648.0863271976652,9.492958889214328e-23,3.441287743708959e-45,1053030721391.7834,175.50981274470064,2.6801174931330906e-17,1.285097761301399e-06,1.0353511470299038e-25,2.2815730544222837e-49,15433.087869668589,34900505911.70309,6.616751471447591e-15,5.582724538108612e-56,6.343363877641902e-76,2.02762286146725e-96,2.5132244917646593e-14,61.668861676472105,13.17009765210659,5.724858698946061e-17,3.9934883324343155e-08,6.656422922967343e-44,1.847384068016485e-26,273967477695542.97,40550609218.470634,19649316.54023931,2671.828102364744,6.947368960406433,0.0076716139164708,2.2262179328308273e-06,9.141434919601223e-27,1.1023996566311762e-06,7.289946927870015e-25,2.632661433824407e-05,1.1214151871177424e-13,1.1184566840954382e-32,464570733.54939264,6.9322358627e-06,199523633.2334475,2.3298800478395226e-30,0.0068283789603967,1.2440398405345103e-40,4.0966340339727274e-11,220790.00892098816,2.3863619970478937e-33,2.0460443698170248e-11,4.0609795062445856e-23,1.0142456582801648e-44,8.73028584314351e-17,2.7736281228195154e-29,4.660992480800867e-31,8.408936214855295e-37,1.9104725722573574e-10,1.9342792033140409e-50,6.40343768801893e-46,1.9568778166782266e-15,5.186145362782719e-50,1.4818535350897893e-29,1.9973815068215172e-16,20287.931763417117,0.0,0.0,0.0,0.0,0.0,0.0,0.0,1.284216049988978e+21
1502.454079830884,9074.86921461071,12.006987950035734,16.498836689235137,10.416303078539228,16.923240612183747,13.530094622109166,271.63732367454156,4772295291.562917,1001032145799780.6,2.5100582995780657e-18,25219806.561450914,266.492555087799,1.14641964435166e-20,6.318567584881779e-07,1.3125238550318545e-08,1.5008986791471677,0.0029854932402739,8.536501614945644e-21,4.992969451755596e-06,2.3499561710962214e-20,2.9442516972941588e-21,1.745411619731351e-21,1.5664495815968981e-09,0.0537593288432709,3.3705457507466227e-16,1.62169243145655e-12,2007120267.5924077,0.0003193220859155,1.979587314095903e+16,2.8786817273363996e-16,1.2218636365164828e-24,3.696512585230187e-40,3.031000528459343e-35,1.187411796005492e-34,4.791495868832266e-23,7.773253435509203e-10,8.813405878846093e-44,1.2003754220398674e-42,6.481854950629633e-27,5.322350766212274e-56,8.005656738424753e-32,3.6945987098714836e-21,7.845911900637284e-26,4.644083723538419e-23,5.398988780347186e-58,6.7495519340117955e-56,1.3824507648903277e-43,4.751086093660422e-31,3.644987447971953e-83,1.3368104578599146e-85,1.4704420674369134e-70,1.5322220770464668e-102,79237.96269805515,1252327750037.7117,1.3001032408595722e+16,1.5795300470372846e+16,2431009470761093.0,3586782692196437.5,2178789017105031.2,4.25536898231778,14354072305.36658,2914.15931502423,4.626484803840454,3.6651802269207155e+17,3893263201519.07,606146969467387.6,0.0690987481247558,3994.87240844904,1.9364978643172026e-10,6.401128611600747e+19,3.5153364790994137e+19,2249259728178624.0,58.715550922884994,3.1754119317861576e+22,3.1567130625470355e+17,684930029062860.4,46575455202563.99,2622110100405.0986,9355573.361366738,66211251719.255135,0.454306335398172,1.1867943885916143e+22,9.06569750996796e+18,1681847842091819.2,1.6659339264388266e+19,8.288721618879085e-06,1.132407461176951e-19,4.8073130250724756e-33,3.2243746517240904e-47,6.23485368648758e-60,6.748510835091122e-73,1.3396924808510075e-86,2.887364147514621e-38,1.9057485306425524e-32,6.143247394558883e-39,1.9288102958919485e-33,1.8017528424736857e-13,3.190973009510882e-38,4.222438315820546e-15,11.458977686011949,4.0836465389561536e-45,5.96853623151501e-19,7.813714837541125e-07,1.989302846093298e-11,1172.6312970400338,7.158509137542117e-11,1.2424943867047049e-23,3.461936415888591e-16,0.2295075152633591,9.48050905829183e-24,3.09750811734277e-11,1128867.7640356135,2481432901.1352515,3.75341942446396e-12,0.6448309520672943,1.186034699530711e-07,1.0278536240293168e-13,52.20189385112593,0.4178305574189614,695977.3626322935,2.5627876891398442e-15,1.648110054044609e-09,0.0,0.0,0.0,0.0,0.0,0.0,0.0,1.2186443905036376e+21
2243.0166994524698,30485.745379801658,12.00558426188557,13.823665813891546,5.974050560273297,10.427527757420844,7.276055830175032,655903375.8144246,1439858392572621.0,1.9773027067846843e+18,1.767014950114909e-07,126249954223.76105,384114.3768183965,3.205443425696569e-08,0.2216960175062598,0.0213153413997469,3391.2557938765526,12001.727771848591,9.78377148226113e-08,305.42258985591855,4.799643757820051e-07,1.7013985397436808e-07,2.872064711302109e-07,0.0013020598796369,122.68748655877992,3.9203430327498105e-10,1.0880569357544153e-07,128194449154.60622,0.014306562016571,2754530041647379.5,2.0663160263753743e-10,1.7395212924802362e-20,3.3315536133621073e-25,2.0481141766859523e-21,1.3011066292569051e-20,7.084027692475997e-13,0.0001553241388506,9.055331708116056e-26,2.8812115973890903e-25,2.760750139466073e-14,8.666118617996341e-33,1.175894874063821e-21,1.8004859892888243e-14,4.001682751589498e-20,7.36403772240091e-14,1.0974918897783395e-40,1.375953329281784e-38,3.1004608539373707e-35,7.203846831348665e-23,3.534700658405331e-61,6.25130169541566e-60,1.1131561101118017e-56,1.1298937445343618e-77,18649095568.6911,996478856520601.2,3.870523451546326e+17,4.4792566625034624e+17,6.2684500797587816e+16,2.545558854670198e+19,1.909154610045678e+19,172776.4042256314,1.2549079356825812e+16,7661219655.76919,537004.5202124355,1.4571214943481136e+21,9.752334247062624e+17,466563401477452.0,37069.70046552966,21267112782.712875,1.4433883492186097,3.8209302544087065e+19,1.5844074912431952e+19,1.2022842750718118e+16,2109.2344678075415,1.1644244773298022e+19,4050852086520511.0,122400329596322.52,5420337004652.188,1351001477399.3037,5766637.43719529,219187717290.63733,0.3813430319141054,9.661913149238008e+22,3.5820897465605652e+16,2.2140832344267796e+18,1.8929333405280876e+16,0.0002597031209172,6.57477344953329e-18,4.8375192847060375e-31,1.9163204289462728e-45,4.741597253175047e-58,1.1227527978738844e-70,2.418123687246643e-84,4.5583227148628375e-21,7.067483668491809e-17,7.522944802838721e-21,1.162290659540795e-16,0.0005952236217505,9.08944655783183e-23,2.683915445294343e-07,632735.1371616063,1.4998293708745334e-28,0.0001565419670415,45594.10774238691,43.5532820623575,103151364471.42728,0.0099701780224408,1.1295114231999662e-06,0.2806655288986466,1644864926.868543,4.6151358193478767e-10,0.2479602875511355,8860063081.019447,3585100692505.2153,0.0001920829514241,19406.037882760967,0.245681499683646,0.1812853643699743,3270134006.732455,58046523.83280734,2585369394444.562,7.863605003157044e-07,0.0155219147988279,0.0,0.0,0.0,0.0,0.0,0.0,0.0,1.213825495312811e+21
1675.340352015613,47845.94433423984,11.996972466469431,7.157922283667977,8.803230471773913,6.773769973250571,6.566040422891185,219823462694.8122,1.0173854871319914e+17,57014.3285797296,0.8447652395225403,21929.12122539021,4709585230.52594,4994.93964941529,114832995894.46255,3854704159.965659,295912.41315179574,102485366.86981577,2376712583.430156,163504900956.57666,3202821089468233.0,2.262595490488271e+20,0.0051195344789364,915.3730887490534,0.0259001529586603,1.3040425195907571e-08,2.561473725754226e-05,5332964804138.652,1348730.7961962114,40262544.441184245,4825033.696382382,10683.388001105985,3.2464806518948477e-07,4824.4706554473705,8923262742.873262,0.0061660712430468,8.211185200832528e-14,19324979495913.69,868.6473864437963,4.253619367455092e-06,2.2586981228257135e-09,0.0001331200750826,2.6511049718727076e-06,0.0003141893771261,0.0033668297216838,3.5370881454724766e-10,0.0185925027714598,2.6256058992727333e-18,1.1606155162258936e-08,9.106831536936936e-20,1.6420151947621743e-32,3.78892541011934e-18,4.081348702865078e-24,94553828.1895422,1325.3037492382275,2.564462953642744e-05,3.0693432643120086e-05,2.387232148251777e-17,125748824628.32993,0.4271242400920032,87870079861916.97,1.7625030548920677e+23,3034160409289.597,108081.61585768686,4.4038760264849055e+18,889.7312737193619,1.2720541629056465e-13,1.308264291617323e+18,2.114209163289857e+18,23781160.51889566,17464.13101098889,4.6032189653521834e-08,3.308384184774523e-23,19720.626405813546,9818378252617.645,0.0015410740143933,2.0858640310213127e-28,6.396261829480411e-41,3.0056568609401643e-53,1.745650732843303e-06,922690.370287319,7.416125847745552,0.6405564023657425,80.804731227924,2.3275059296087488e-18,5.238191892027092e-10,79726985.13397193,2.3619778597983023,2.1203666781323725e-07,2.1525927034271435e-15,8.004104188332702e-22,1.960817384435569e-28,7.123687365508573e-36,1.1192478219242677e-25,1.6070953777868511e-06,1.859125608635442e-20,0.1635187004232383,5.975930495938041e-09,2.1188485344923616e-30,80526.92975365865,11.070517271354746,9.598559696797262e-05,9.438310005058121e-16,6275598906.312425,3.7341177995052785e-20,6563891.56662311,160997769524.27597,5.003055929854795e-14,22423072.71291405,12.126023641688258,1.3004729656692941e-30,1.9634743177997134e-05,7.1271970120216005e-16,3.3949628107179223e-10,4.197737097305357e-25,0.4970105690251231,2.5322583827211734e-32,4.379393677874811e-28,0.636559397573714,4.907216878461679e-28,1.8489542688832685e-08,2.500810474190719e-13,3807995.503267223,0.0,0.0,0.0,0.0,0.0,0.0,0.0,1.1976722587777478e+21
2939.5062905420027,15109.157470873535,12.040084205773413,13.220216688560551,7.593162835948314,15.099904747024992,12.691588806774323,778890995302.0791,8.93522377347917e+16,1.2947427718894868e+18,176.49434393069942,2806040044541019.5,4360113550435620.0,28.623969776275818,37777348.30436199,7522720.743629883,928583741.0758852,294960576.9784175,25.57719398057761,4364914.0676961,25.55021351450282,2.3572891115576327,0.0018363365191386,2160669.6852462688,224209751.8073215,307.5676073867882,22034.69270192134,101130669008704.5,3703628516.500157,2185636179788400.0,292590.03134860646,1452.8650501412724,2.0021134744434975e-10,5.5680159031124266e-08,7.08456862923286e-08,1.2896577258376652e-05,0.0046300342731323,9.43887624134336e-13,2.858687803804192e-14,3.224686853105794e-09,1.7629916008361452e-22,1.4474558849046832e-06,0.0078587259954216,0.0001440353885211,0.001459555269181,5.456301131713735e-21,8.509324290865391e-20,2.180880340053965e-16,5.785290623637389e-11,2.312256569108954e-35,2.453756742920604e-44,1.5660718314861357e-29,1.2184588739677261e-46,390413837020756.8,2.4630507150912748e+16,3.741036224084744e+16,4.222336376347956e+16,106667443821682.31,4.5096410949404626e+18,6.9478894217002184e+16,1445415584024981.0,1.895546031232549e+17,77364595229905.17,495729313265.98395,2.9413260230762463e+19,2726154527782626.0,389631094963859.5,164254662177552.53,46971575864015.34,6780983.684405128,1.9497234024978396e+20,1.296988763024019e+18,62251408668399.42,1559439206051617.0,3.6623184430461897e+22,1.344996955481171e+18,48979695154317.125,35096970034.950264,322697774.0165125,268807764951924.25,2.407810826306145e+18,785468447727337.2,8.080111207793266e+19,2.8287760131528104e+20,393344396668521.06,1.5508157505379604e+18,170511006603293.03,2192687284.1101093,80001.1363921625,0.0923041033674829,9.806630733387056e-06,1.331428069166533e-09,1.1196887750750941e-14,5.677914388928418e-09,1.1994865027033445e-05,3.724079761539279e-09,9.97249489953997e-06,418.3381803610795,6.434808952230083e-09,3167.324776664256,214313130.66752943,4.84008449092137e-13,213.23327963830653,888412143.4807642,104148.445338096,1529990680916.0503,3407243856.5522146,3.911214901100219,81996.9596071802,5754263117.383094,0.7188617061025251,4775951.618045876,4748338259119.112,12887494607889.965,155618.90813926433,353536508920.5266,802252.504417207,2638.566788042021,281847442148.9894,159027388.71293068,1025368962648.4724,3589618.1171783367,10812105652.119535,0.0,0.0,0.0,0.0,0.0,0.0,0.0,1.1547880062457668e+21
2372.1531787649587,26797.46255821992,11.97723335433015,10.249975592418952,10.478509032261943,11.625278054110025,8.756650218343626,2617794234398.0337,4.839624490889219e+18,3357536718638.8276,3197037250.1544285,21791266334978.03,505167493995173.06,732080952051.3455,5.956582640098059e+19,6.77584902848916e+18,3.8687907470096294e+17,4.581099314063826e+16,2187553169573465.2,1.3295261844265649e+18,9.632239329393932e+18,3.23519933068895e+21,3329093288.2612963,456171801347839.6,16698178518704.111,9725493628.137886,1975175108256.0308,1.7153739598093756e+20,1.1041465679332092e+16,1.3990493272159007e+18,621735427149867.6,20355789473401.043,19774897.369290624,77104359882376.02,4.3706918990545485e+17,4765833428765.34,168104736.22650257,5.915585526663263e+18,11973265857477.473,182751531066.7127,814462.1569125568,1413327188639.6873,6568791299644.149,1056728144344654.2,756341374092.1586,13590275.77847954,1395477116549.9778,1365695416.328133,494188359032.09,169.88310175183813,0.0008093843028097,3188540112.8615217,13.165516788690573,4121923406527756.0,87113139225775.03,17561091224.692394,20209638106.016163,2087.1533926479356,4.160004667138637e+16,23739052314.420525,2.7505923692572512e+17,3.962313254231782e+22,1.855757748186713e+18,6302146173085992.0,1.8739336558937136e+21,1477788661042.011,57700.95688425424,6.602083805736958e+19,4.697266755746701e+21,4.107966779777919e+16,1794595183148594.2,535600182.886245,0.3994359047363232,124970035724094.64,2.2143922400256755e+22,8520618635505.42,0.1900840977318952,6.0313123167177965e-09,1.3129854136559937e-15,1708079488962.2505,109007219176549.23,96781724773.44002,66136398363.22969,6285339954682.744,1.9748170485064735,2158125.111327614,132886547920693.4,2149802673.2156467,100538.09935417968,0.2243367904894895,3.412579317270771e-05,5.292796541714095e-09,6.868053351491395e-14,5.358794440897096e-07,3291.1294232479504,0.0009286655684909,6064099.672107641,6186444.354066162,4.657071041850989e-07,117120613703320.31,1026736739287.765,10368860.565002322,0.0066054336326645,454748856936.1951,0.0007982837234529,369230413068.4389,29724096090648.336,0.0764616087238644,6752932386.691969,11298571938.254225,1.305750501058788e-09,160376.55793006343,1531.6356944365216,228805.0261954755,0.0080572177400035,213852595517.1966,5.3929411762526995e-06,3.875728935840429e-09,13494438.247250345,3.225808780577131e-07,5775.04363087539,5.179781775294486,41646849518.46878,0.0,0.0,0.0,0.0,0.0,0.0,0.0,1.1280135161467762e+21
1506.6362809562795,8641.283386254578,11.997078823732153,19.268186578958463,11.833182856399372,17.514411722513646,12.024741314768391,146.43818471053436,237908909.5631941,1961324601191138.5,1.4130076342972065e-19,4163942.5531815807,0.0104149817649415,2.983571219958478e-23,2.2102850922642976e-10,4.650992661427437e-12,0.0009246279317934,1.2752054432599698e-05,1.0077856758644767e-24,9.77844543802335e-10,1.2494262501135555e-25,7.076732542383462e-28,1.4285986375758136e-27,1.2316882256404443e-11,0.0007388966431261,4.0822068968799752e-19,1.917252487947818e-15,174317472.50319892,1.015644106671892e-09,2999288400473628.0,5.407711931461798e-22,8.157760186431478e-35,1.0278054631971762e-42,3.6952865142836707e-39,6.512909863722944e-40,8.23261720512974e-28,4.1021088549083974e-14,1.0487015518436309e-51,2.5916300237344245e-50,4.309092624650787e-34,4.748075042745438e-66,3.1159390748206847e-35,2.4704716225112534e-24,4.302701983101736e-30,2.121647721644476e-25,7.169771827225369e-62,4.020759712919967e-61,6.685775958083394e-49,1.7827296549379542e-34,2.4146499955070436e-88,8.776108120758635e-98,1.963816047847207e-77,4.893650564160057e-109,605.8010515810226,16770575122.60064,311087653160406.94,377796914185643.6,106719452000190.94,318478984685768.8,356062656931334.2,7.667631980631157e-06,32371252.241344728,1.019157450014078,0.0002420736941985,1451741939228483.8,29330669399.86826,508805429.2393149,5.702871284679721e-09,0.0629831875092148,2.2328935216371898e-17,1.8002784965626313e+19,1.8121802783352656e+19,2174279835010604.8,0.0003418238204891,7.017316601263574e+20,1.3201883401107136e+16,98849260528579.31,12298298585777.969,1288091590038.501,33794.382758878506,4518349.255309258,1.1262129315170952e-09,4.0804022221320535e+22,1074129398458150.4,1.1087429230082306e+16,3587917337301440.5,1.1527673979308312e-14,5.816436095327446e-33,9.112566206742364e-51,2.2354617170442315e-69,1.5911883411654822e-86,6.367463428008183e-104,4.646914417986445e-122,3.85457077155574e-39,5.605171764027903e-34,3.7403525801469457e-41,2.6054593441947833e-36,1.7072624598011946e-15,6.327767629012122e-40,1.6421414194870846e-17,0.9228970148848814,5.586151718291722e-48,7.41861765377771e-20,2.0576486358868025e-08,4.365481085692771e-12,53.74518179277408,6.59093678479442e-17,7.270782416455415e-26,4.427172816041868e-19,9.64417350903038e-05,3.9827331431071545e-24,2.7498996274057244e-12,721104.5111568758,652798102.3829191,2.1580916208687505e-13,0.007919815860479,1.2192356005271786e-08,5.022315775102096e-13,53.212814190644,3.46561541642375,1273121.9805181704,2.3287104533772785e-19,3.3069521827729776e-14,0.0,0.0,0.0,0.0,0.0,0.0,0.0,1.0773052497887408e+21
1860.794843058044,15230.10166179108,12.013296483108428,17.534812026946778,14.183373442387223,19.01700519408023,20.4446606329098,2733857.2875355454,156559537511.2929,136698297787.38554,2.564662267993309,13137228774.591185,3.488435582832893e+17,0.0020720107222332,38393912.01887398,1952078.9043398905,7736641.086717205,341818.38255566213,7.29266674864218e-05,57.38610456612256,5.7919483334501636e-06,2.7299008994704805e-08,7.737354948500167e-20,7672126.346657068,13456418.201801252,7.119133072480031,6454.9079491652965,1.7719371306213836e+16,4.186154710256358e+16,7782574604318822.0,6735512015175.088,5.3064885249438024e+16,4.4713936029809166e-08,1.659523487578853e-05,1.761073081118943e-06,1.0338961609206638e-08,6.194526259657513e-10,1.1526253535825715e-16,1.0684975883660593e-21,2.5726301866183555e-20,8.27145248999262e-41,0.0550894342507077,38.54436225743921,479.64465371871614,3.9226684321162617,7.418978246932807e-13,1.987274855079492e-12,2.242220579925055e-08,0.0076690295950585,1.2287477227219416e-23,3.210416302637368e-57,1.1522918790751651e-14,1.1598973911232764e-29,8112345.712181029,7467244.602209201,18157.692621861977,21450.110642308297,0.0049736189728554,21535633435.1087,23709.538731939487,811367289721551.5,18279811796.924965,25239.526770600733,22.956412259781228,32530582456.651745,6.171894279813154,27.38005606916744,1224969014310.038,1072.4282453433957,2.5640786180600936e-10,278212678534457.12,208164184.89961103,0.0893175327078464,3.2043893024315496e+16,4.105378219057804e+21,515795710856.5528,0.0133582360310361,1.1131409755518602e-09,2.3988402089319376e-16,323659856.73261166,4.0449249832465377e+18,2.313012517682465e+20,106505618443.478,1.7546774022515616e+19,0.4695762394865134,24831931086598.95,2.1602205950613144e+22,7.787758929531625e+21,8.350887218076408e+21,7.571444258047643e+20,3.0975246726342876e+21,9.640091662418744e+21,3.687364864564761e+21,7.610838551279217e-17,2.1647439539197817e-11,1.1114349898339768e-18,2.3782361693047777e-13,0.0005236612523465,2.893644014490219e-17,511.1958821789433,16436.46807779734,8.436409101489328e-12,1.6329305417388037e-12,0.0609564518007023,5.428594951614138e-12,3.3727644301355397,3165206.752955451,2.1257885038698944e-17,1.4528155151761526e-10,9.531493710741228e-07,1.6840378220451146e-15,0.0001315326333477,632.7807225856733,3.1934943169522594,7.796438481295662e-07,6746.503550419457,6.039113669150617e-09,1.189119319707645e-12,5.90509126391766,3.166917951893491e-08,0.0244808259808747,2193.3860202123697,711692561.0404221,0.0,0.0,0.0,0.0,0.0,0.0,0.0,1.0538117092458399e+21
2776.104551718292,17916.884227598042,12.000958501362962,18.199158995171494,12.021797026822268,11.111608838703711,14.06666408264899,2141084082.830987,22395799255681.76,1.727196387095013e+19,0.6305963126773838,1553187615.753291,41536755778.67005,5.696374132469448e-05,0.0003776957033828,6.557582962143895e-05,0.3849797142816289,52726.3895786692,3.5116123652070114e-08,0.4702657861423864,2.5835387759112267e-11,1.6719341624551716e-15,8.661136101529064e-16,0.0257558758337614,118.84438068827733,4.185491943116523e-12,3.872180902519498e-10,63655848233038.71,43050.55202207032,6.207368090607235e+16,0.0545697976782604,6.929398815190102e-09,1.038095517721926e-14,2.823406916448446e-15,2.64899478721892e-18,8.345624077077681e-13,5.559569518241292e-07,9.266368728900277e-30,8.27017327092482e-30,1.993807401064226e-21,2.6382510014303315e-43,2.3996640202050953e-16,7.294387319578161e-11,7.13323907882732e-20,6.525354221845599e-06,5.998767690136021e-27,7.73315706757657e-29,5.823371356962347e-32,2.8230837218182257e-13,3.1456368424952273e-43,1.8438773379847825e-65,1.594851623005113e-48,3.059990579851461e-56,119449.16166572366,331274973.4135563,17566594914.11529,19924086373.76645,1315847550.8758404,4.216693942507963e+16,1.6582955902090174e+16,7975223.213602504,33975767310.123165,14.824973658110606,1.4778302374827872e-07,226521298923050.8,372899399369.16394,2057157888.3032477,557.2091608849239,0.0065364881259454,4.393142813600659e-19,6484416014093122.0,1155430097076500.0,1141292701064.6353,24766.862332545108,108104585784.75388,74175613.92497247,1445833.164588311,27531.89457022513,5804.095871042574,0.0004698930420754,1047710029140006.4,7061553.5412512645,4.671785569055171e+22,5.942998863872098e+18,3.733542630707706e+18,9.459608269568177e+17,41890.13915129172,9.174333637117603e-06,5.729820245096404e-15,1.2536503152467776e-25,2.342422780421602e-34,5.277727441356905e-43,7.961497275234577e-53,4.950920659016863e-10,1.7160227897654187e-10,2.1136013836268945e-13,8.95425585292922e-14,3.724317948357824,9.580735285984182e-16,2.768988301352607e-07,20561532.45946596,1.9357534147560004e-19,0.7570554437252784,794.7079606512481,15110.99396951389,65599854.67843559,0.0995371194630866,6.342037992282165e-06,2.393638645485149e-05,856.1974226248261,4.523146043067782e-06,0.0077839654860393,6160788751.073783,59478851.48004945,4.070262037364194e-06,0.0021424734400884,0.0007295338009366,497412.6003941335,15823620338.56774,1870101448769.2312,1957566685794.844,1033.8796667932256,501.1581831665681,0.0,0.0,0.0,0.0,0.0,0.0,0.0,1.052486693314589e+21
2687.3872969238837,26277.99407581324,12.009019572381114,4.649647147091874,7.440299748632912,4.947811965875267,8.670716317944349,65819066030461.734,2.1902859881860133e+19,112469191.03984238,129943442.16970062,514021867.5937484,1530699917924548.2,18470507113.98924,150408918183.07834,24066175131.04659,1960.3441680849671,345786297.28962296,20332199920343.504,5089049680.615569,2.779335079086855e+16,3.2483808040613944e+18,0.000154876002638,5110788.554887761,0.3144345402158096,0.000423104228986,0.0455726004489842,395754350341.44336,14649136.277631711,5194.225720192232,1138748272392.4211,9601842621.71882,1014.3259626281232,606842464.451078,1059116183916.4355,5.382505609453388e-05,6.1518884942795935e-21,8310349869979.861,77.51218177777397,3.40289670472901e-12,4.4852067612473706e-11,22.028427015910104,0.000101898395666,0.005909839796924,12.606935336279657,0.3478541073658837,8871.49338798134,2.719648009210617e-17,4.716624106952588e-09,7.889475903809234e-09,1.3859717350349924e-37,2.93576167256192e-14,4.20311753151946e-13,61888149306.66237,2272.098184937161,1.3921832158458109e-06,1.5835610194044958e-06,1.0174968836768925e-18,494841204627.9352,1.8664953232721584,4.730195436999301e+17,6.060145147279776e+22,12957545345279.6,79121.62091436058,5276010349001332.0,67.17563488672035,3.726023175930027e-18,5.515157210851038e+19,1.05276964821188e+16,471995.8070435403,34184.23618431073,6.009530893941739e-08,5.0122808709652665e-22,581817598.8980006,45490355927.41186,0.0002488291235591,3.967384618972603e-28,7.430347701571602e-41,1.4082000376372085e-52,6.827461897503116e-05,522810229.94851303,205829.09816714344,3.9928739940562936,41.5091853847797,2.3537867881690476e-15,6.84156533777274e-11,102899560029323.64,1175070794.6855698,38373.06682293006,0.0466320878498658,4.62995620582793e-06,5.360113323622613e-10,4.3451737517264076e-15,6.684329891603011e-07,1356.5938156640204,0.0004922932149613,1192338.5380088016,0.244583622861272,8.368100349180188e-13,3016504.139422349,0.0595954199162834,1070.8222379082465,3.512097455095251,27836986752643.41,8.882141498454766e-07,31997272.99488372,266750180673290.97,41.15310333478992,960455963819.9775,253421.44163915425,6.230925113578399e-12,82.30370644649176,2.811568711933313e-07,1.3825560909798804e-10,6.153021640159864e-12,23.254039709605472,1.2705653866654318e-20,1.5342724928899088e-11,4069.9699635754737,9.395890469617658e-16,5.721219083546268e-06,283.5218269488164,795039403118.4972,0.0,0.0,0.0,0.0,0.0,0.0,0.0,1.0363830232062402e+21
2657.644132899419,21211.59854172719,11.934564527603632,7.806913827975841,5.194581646149227,9.04612113322071,11.686882248159812,1277722775566.269,6.062122823575269e+18,1105938573420.048,2951293.623389136,13574027801543.107,9.375877355231349e+18,137179203.29803377,46703395042884.53,7261793112541.043,7582817340.505509,37561449157.00893,51610098430.01094,183822025614.4359,24453259942373.887,980918322367098.8,5.925868478112213,4456576628.246141,3466274.464363899,11334.37051815204,1287660.8842119973,151225577021390.44,39397663560213.08,25177905071.278427,225735927186630.03,1.433433207320835e+16,0.7006713603802819,154156.4257846134,93301325.09358904,0.7305334050525167,1.3183451750634225e-08,75624659.96608068,8.18903654223478,5.775688729600144e-05,5.181625650522265e-09,579.2559989704764,35.45515105611227,5833.353914074624,126.39963789372946,7.904726264864216e-06,0.0713628196596741,9.903911964915572e-09,2.0294450644356747e-05,5.282370522855042e-15,2.448772457696727e-30,2.670416695024448e-11,9.003884648255826e-21,533423050924770.25,246937005430.45383,1819430.542875062,2071609.6557461256,0.0150700060028474,1668364908912195.2,70888972.82070303,9.548608669872218e+20,5.774952978121256e+21,3.742125642867978e+16,7488567668110.065,6.30927769368867e+18,839272195.5558195,52.96635546176473,3.7163585876242465e+22,1.050815362555932e+19,4438892818503.47,12143999861533.83,242870.859023838,2.1825203639253977e-05,1.18411318736571e+17,5.0831686570985734e+19,2935962980.7535596,5.700384968725281e-07,1.2135197189999702e-15,2.5322951149729138e-23,2045601028.375237,4.069999792134352e+16,1.1534514859128824e+17,493593645.142387,41550524593144.26,0.0029896284644902,792461.1887752587,4.752073273933347e+21,3.754791726873388e+20,8.492025304007066e+19,7.299434126315242e+17,5.0478097329174886e+17,4.02321236728073e+17,2.280368190774517e+16,4.463481106943831e-07,0.6461742189073131,0.0001110054163364,190.10837927474745,906.3173406566603,1.8663914366246425e-08,62531537.29337606,5844.222757021472,0.0177773157207484,25.523169588886763,157729028609.6596,0.0801454501566316,2326686356.8572226,1.1954399715314356e+16,93.84679982648328,1592344474.818369,3135143134.031653,4.127135716095014e-06,42749.66089882415,3237.5188167426923,12.361067677362716,0.1638012321002157,474194868.06549793,4.062795017139609e-06,3.9594020498763385e-06,847892.8840093462,3.287535490996985e-06,14.245787466306004,53387080.88510739,106326088392272.23,0.0,0.0,0.0,0.0,0.0,0.0,0.0,1.0159654847608248e+21
2709.651019848573,25772.23140130432,11.99759110375962,4.685900188116244,7.453825029794939,4.9713129987330635,8.658047009731733,73237900885766.64,2.3358988535019405e+19,150127262.21545076,187715131.79252732,680092100.8384628,1694729881652263.0,25178746001.26669,193621488506.62927,31638302102.579712,2831.7198785122314,470128640.00833344,25319066613405.73,6449567682.982762,3.1293267961312724e+16,3.3310096553424225e+18,0.0002319560586024,7422057.070038903,0.5068962258820556,0.0007275498963547,0.0753582614456989,514484371362.1223,19042714.97620118,7477.3694319804445,1404395880113.814,11266980692.046768,1708.373535552348,884844058.2493625,1395840308482.9043,8.972521768914125e-05,1.2751356688480084e-20,10003557265045.44,110.26499399826017,5.936439087444674e-12,7.364114490466697e-11,37.5332635894878,0.0001863449838356,0.010292339533151,21.29847600799953,0.6448055310401237,14636.385959879344,6.316607991669156e-17,9.514351252275376e-09,1.7455280018803416e-08,3.7163836765570697e-37,6.970108956908612e-14,1.04469014934523e-12,77372873027.57326,3159.1952893918788,2.2293012155047595e-06,2.533888937931269e-06,1.959836785678233e-18,601972362408.9601,2.743274980511234,4.9135822642569184e+17,5.872045963598394e+22,15015679930052.986,103537.89353919608,5705696266188464.0,92.76113144737252,6.2867031129110664e-18,5.325019867438498e+19,1.105405194166744e+16,580483.9187054681,47965.38593161728,1.0114159157663869e-07,1.053092507154678e-21,720050204.2802997,56335019260.81403,0.0003904152038552,9.365324988530306e-28,2.1053134746383463e-40,4.901854961066684e-52,0.0001106366052385,640027433.9254185,247806.4878978745,5.940682142571573,55.71054266046018,4.526665077974106e-15,1.0877303442670719e-10,108298482275691.8,1252190367.3994176,41373.76912791255,0.0500892112500137,5.011005053055277e-06,5.895714563252011e-10,4.801937966970748e-15,1.3100253406786356e-06,2060.1493674370076,0.0008892007207505,1679347.0930213148,0.4045094934374919,1.8262273417648835e-12,4200051.239578022,0.0925955467643385,1715.4619384714902,5.521492571925497,31766013305984.64,1.5706640998424117e-06,40086048.29568396,279335021662008.8,62.92869841778485,1122213395101.3308,332484.9776675619,1.2568014638123334e-11,119.99174416983236,4.982197114945557e-07,2.35200864148017e-10,1.2064309411246462e-11,33.52727665737277,2.8712916469249903e-20,3.020108133250685e-11,5668.584931111697,1.9502091336575283e-15,9.217240055718918e-06,412.14999830820375,898366322799.4811,0.0,0.0,0.0,0.0,0.0,0.0,0.0,9.966862529916038e+20
1459.7314931992526,28395.60135421562,12.011102768518308,9.554466119420333,10.87454904343396,7.190942208806305,12.118358462187162,12005850.40282773,597204577494133.5,1200165.2809393266,8.078218800773646,51930.79002736366,3970654059043477.5,10227.159303890629,1.0154772772554126e+16,184084783392475.16,89055017819232.53,20673185903290.977,2578004183.9371314,1.0456421492643916e+16,2592644292257165.5,1.1402879212980068e+20,344.1795232087816,60557264.913349316,8302944.227276732,0.0558161713773208,346.4370916217574,9.624931450705656e+19,4.530380718824465e+20,3.873438828041224e+18,7.302972993097274e+16,1.2579211201616548e+22,0.0152074534228036,604047106.70859,874196129322082.5,4331795535.6482525,1061756.2665138715,4.2609508087428744e+16,1564504011.2218966,124383778.5503283,0.0073645426512129,38677.7360817044,8558341.879939064,415497070.24109226,14663315.179951891,0.4044173975056031,19254147.61763578,29.91228926665884,12971493150.603292,3.14639738261223e-07,5.5297572736378205e-11,129.70605413155457,2.1826019618860421e-07,44456834.34983164,2746496.1487992355,90.383394283415,110.27493500167772,4.0545226805465854e-08,1470558284146.0776,2071.863069541568,1.808440206177018e+19,6.25890886622821e+20,506734605606.8024,4683996.709560662,6.069929134975525e+19,1057539.2163496288,81344.2437672799,8.977263749563974e+22,2.5114757270588992e+17,10914700.913276112,691249847.5965328,0.9194512307361836,1.1210973280983997e-13,5331445459681.914,1.2311101158579515e+18,21168.283000555908,2.0321453859580464e-16,3.4133027693125467e-26,3.97934003015333e-36,0.8308062710038233,3985173217467957.5,8.809257522401002e+17,54551.79649526688,2340652595303321.5,1.1645217850969374e-11,11377439.895651044,4.942998603257532e+21,1.8279569119237004e+21,2.1170519998555103e+21,4.2584460196038594e+20,2.307849325158332e+21,6.687760596465675e+21,3.772892843419988e+21,1.578558840857129e-25,3.768936665266504e-09,1.0740199775812974e-20,0.0001132685065768,0.004283060279003,1.0952570018609598e-27,17874588.64760945,114819091.87442,0.0194606061360421,7.481444668750702e-20,5351.779741030195,8.96314161447603e-21,33566.81316446961,23625426246965.125,3.5637952809661844e-19,0.3913263887935169,25.309677885212345,1.5786977050204946e-32,2.894939810693687e-09,3.2638706470625016e-11,5.111624547750474e-06,9.302797351918741e-23,0.8008166770558849,9.257365629048186e-27,1.2313870925582436e-28,0.0040209659355169,2.7233692562121372e-24,1.6234115566194234e-07,7.98934083064216e-08,1814442022.461665,0.0,0.0,0.0,0.0,0.0,0.0,0.0,9.816030043785778e+20
