T_K,P_bar,abund_H_dex,abund_O_dex,abund_C_dex,abund_N_dex,abund_S_dex,e-,H,O,C,N,S,C1H1,C1H1N1_1,C1H1N1_2,C1H1N1O1,C1H1O1,C1H2,C1H2O1,C1H3,C1H4,C1H4O2,C1N1,C1N1O1,C1N2_cnn,C1N2_ncn,C1O1,C1O1S1,C1O2,C1S1,C1S2,C2,C2H1,C2H2,C2H2O2,C2H2O4,C2H4,C2H4O1,C2H4O3,C2H6O2,C2N1,C2N1O1,C2N2,C2O1,C3,C3H1,C3N2O1,C3O2,C4,C4H6O4,C4N2,C5,H1N1,H1N1O1,H1N1O2cis,H1N1O2trans,H1N1O3,H1O1,H1O2,H1S1,H2,H2N1,H2N2,H2O1,H2O2,H2O4S1,H2S1,H3N1,H4N2,N1O1,N1O2,N1O3,N1S1,N2,N2O1,N2O3,N2O4,N2O5,N3,O1S1,O1S2,O2,O2S1,O3,O3S1,S2,S3,S4,S5,S6,S7,S8,C1+,C1-,C1H1+,C1H1-,C1H1O1+,C1N1+,C1N1-,C1O2-,C2-,H1+,H1-,H1O1+,H1O1-,H1S1-,H2+,H2-,H3O1+,N1+,N1-,N1O1+,N1O2-,N2+,N2-,N2O1+,O1+,O1-,O2+,O2-,S1+,S1-,comp_H,comp_O,comp_C,comp_N,comp_S,group_index,point_index,sample_MAE
1339.976606373186,54188.22129596981,11.975656813859716,13.153774793383231,13.126347822850084,14.992296590534238,14.533942252250394,144366.3909789201,5054541674498.81,2404075.8711613794,0.007304375888032,733251.351341912,665834462814467.2,0.95448703525874,1.2261555606684914e+16,144873308577977.34,7410818330201157.0,1372032292308.7646,46514.89650422326,94317615408434.2,11505494107.997543,109821296483573.94,0.0717239190937162,197751903.95132425,2401173990.181735,25.864325177611825,357939.613444913,4.801075633168727e+20,3.2951168728785e+21,1.8284221089528267e+21,2083493225511464.0,1.412846726801079e+21,9.51219592174392e-07,22575.11067534815,8341105263.910688,142393691.06383198,229466894.18015233,2644719114.7987404,2497.4730218935474,1214715.6190551275,3.96119437554481e-10,8178.614102183809,283593524.7319572,238685818782.51123,632295.6306586474,5.298823430687204e-06,70.60478334617439,52393.782316429235,17966656767.20629,2.0784779310591818e-13,1.7297623825591814e-16,381.53211345464126,2.233403454265979e-14,61297752.281369515,312231391.9728025,439704.66388433817,543652.3282223428,0.0035163330605126,587141599860.4479,13230.90332567114,3.420403634077291e+17,1.119696995736938e+18,102356366262.26028,352177182.4400865,8.160843129585113e+18,766854.5472676316,775649074.3784451,2.3845252696025583e+20,1.208283780218053e+16,3191964.826833602,2023029414706.6255,49324.47640018725,5.2061971400643395e-08,382785853795550.25,2.5765600436547313e+23,28254052633.71692,3.7600772098611695e-08,1.2372167948852848e-16,1.6175926639198728e-25,3455236.223898571,6.1033518481575624e+16,2.5627090242717024e+19,8465319.52572035,3.9612183512071624e+18,7.452003655123887e-09,466487756712.7234,3.1107277134732927e+21,1.2657027339675944e+21,1.6563081989077197e+21,5.067116149904782e+20,3.377359141380236e+21,1.0433059738173733e+22,7.558523485472066e+21,3.4960175666450725e-30,1.1459280968224037e-13,3.843074884336319e-26,4.3836589533945887e-10,6.36434776892892e-05,1.1410467815862057e-29,12053285.790318737,1025435506.0210788,2.9984222507118834e-07,2.9484131414621238e-24,1.0583462099346472,2.231257204483411e-23,672.9708759290805,31206133046.751987,7.9365914285595215e-25,1.5665712278688475e-06,0.0255747794495331,5.297784115533731e-34,5.30318098110651e-10,9.770173451226521e-09,0.0201196791277191,2.2113992383759868e-20,727.5346273710859,9.232054599977569e-23,1.1397664977749117e-30,0.0003114445651609,5.8636307699672245e-24,4.643593261475841e-07,6.31386217092419e-10,18256174.141024936,0.0,0.0,0.0,0.0,0.0,0.0,0.0,3.6978066189507187e+22
1278.3311102178488,77664.36719601102,11.96445610502709,13.474144004121673,13.631465695477784,16.654618407163678,12.410777967068944,44.08046166045832,158681767863.7935,24.13051862141172,8.282424306268341,123922.25802817884,212582112336.83197,147.91355894765616,1.772979528409759e+19,1.6288032964624806e+17,862471276433580.5,67404344349.99754,1424088.2806606689,744960688055.6062,80231049916.57782,162063599611764.5,1.1205624816469739e-10,986842976307.3098,1119568385.5156238,84965.94372554975,1885710404.7589872,5.750833174580797e+20,4.512333680390094e+18,2.1274137594035267e+17,1.6400478274640344e+16,2.2796079839824585e+19,15.67957814774397,142877236729.51962,1.2308506953477294e+16,1132621.3709041085,0.0143258842938921,54550265833500.234,2326.403730362911,0.0085716826617023,9.113214679537732e-17,572566010449.7081,2590042558689.46,6.232564437404165e+19,3253408809.7139564,2429098.2973813955,7955149647459.648,12359421924474.562,332901364891082.75,1157.0671452615948,9.55349401400735e-23,2.201044529212028e+19,2909406.662667417,1369233.3611261738,623.6221796347629,5.350352961733358e-05,6.667090576333e-05,1.5580093215920636e-17,1184445.0229347833,9.10459246507454e-07,15713152453801.69,7311686996390499.0,383718724.3146313,1531616.7387858438,4505655295425.782,7.632766303924159e-06,8.351394668409313e-14,1794330519700318.2,10127756662680.336,143.8706248128539,52496367.789101854,4.731027762161606e-05,1.1901876160879237e-21,153616777985.62393,4.393365154861037e+23,958882.3959137788,1.0370332813750965e-21,1.315440195258455e-34,4.766680584144331e-48,1222552.1332301472,1849110352.0152297,1034838588.5791992,0.0073177387821438,12753050.180060089,9.913018694765244e-23,6.548626310075309e-05,1973656489861735.2,776990420083.4127,1000598003.2297424,358669.6185128116,2472.8303577305046,7.268270860010602,0.005585887333305,1.0964006939584266e-25,7.22721302926444e-14,2.1420917410431624e-22,4.256995117630709e-11,0.0003178491251281,4.755487456205782e-25,97191381.0839772,47.26756511658909,0.0088555111226994,9.648233380193791e-25,1.4918921921276687e-05,5.572002840890913e-28,9.55672301762181e-07,1221.8104184607053,2.4914205774695414e-26,1.1590397200616553e-12,1.0128887011182864e-07,6.2854152221183444e-34,2.8479076968264565e-14,1.6239665126208175e-11,1.6984042499747333e-14,1.7155556522173252e-19,0.2071758172187099,4.3150414759327607e-26,1.1870606280238059e-34,1.88739005087924e-12,1.0034303093863199e-31,1.5685408154606878e-19,8.188894644539562e-12,4.555847891097911,0.0,0.0,0.0,0.0,0.0,0.0,0.0,3.082716614231027e+22
1199.2515250275649,92279.34855515877,12.003488314691266,18.246084776500503,11.601894629091897,16.38445915924288,13.570660937758907,0.0007085302027553,1473212.0752739818,44789981018068.04,1.3708763241327563e-28,855.9955441515918,1.910227348164167e-06,1.8729304919411747e-31,4.8801043916407224e-14,3.1259509569919615e-16,8.727547618766727e-05,2.2360554472134928e-08,2.3387183714379287e-31,2.3879821477058556e-11,2.0969418879663073e-30,6.066103768212354e-31,4.247992049732414e-29,1.2072026547750284e-17,6.247884725773659e-07,5.059619559921237e-26,2.2123087980945866e-21,13989332.477632064,6.167362898010921e-12,2.4955723183218067e+17,2.0157832203003963e-28,3.635282578769625e-41,1.6662491995044078e-55,5.110154812910692e-49,7.257156969958073e-48,6.97781223322989e-31,1.571920452055873e-11,1.2423513297269265e-58,8.522661715206645e-56,5.3631215754405155e-34,5.429519037482273e-71,4.2893181702928986e-45,1.4255440234057526e-30,2.7279660123041067e-37,8.885709597616227e-33,4.187106000650181e-77,2.438036154207454e-74,8.856027231459341e-58,1.0784855484171363e-40,9.961635690709652e-108,7.170209688623658e-104,4.2542210992011446e-92,3.18942461973989e-131,0.689051956008977,13412142466.833809,2.843284180801766e+16,3.5829875982429844e+16,9.784328841408112e+16,291967120569180.94,2410719171357088.0,1.1621538432252506e-08,9468334.327093026,0.0198195385895392,8.671166156083445e-06,2.2972316123321968e+17,1678374414951.7734,2405965639818695.5,1.3162560078541146e-10,0.0810994803249295,2.056983833265237e-18,3.359437294869184e+19,3.649657167193271e+20,5.916006752623986e+16,1.6935583739915738e-07,7.363695370395814e+21,7.991928642713686e+16,5971550366591134.0,9730874465674764.0,2816900578042664.5,190.87763076785336,772699.7700043786,3.0209642622859814e-11,5.4954176249252104e+23,2.918875750891028e+17,2.5575852800448736e+16,2.2929676232810103e+19,2.193949185244899e-18,3.815052206412719e-38,2.2269658084752245e-57,4.645897747302659e-77,1.5594705888178816e-95,1.980752861477844e-114,7.682892167276551e-134,1.2111050914683805e-52,4.517602759513066e-47,2.636144484252577e-53,2.405169608711406e-48,4.5517444513578764e-20,6.982459415103125e-53,2.0698764218996487e-25,0.0012858062994825,1.898800410086746e-62,1.4760446828289427e-28,3.8483411407421504e-15,2.89693888863203e-18,0.0124678614116803,6.273342167311769e-23,1.756105393530573e-34,5.8058420879241095e-27,6.606380001630954e-05,4.0599789343473463e-35,3.3297834898614692e-21,2310.320991948317,9554923.312195554,1.4444400729427876e-20,2.3384982901877832e-08,8.841556783123437e-14,3.6069891193081906e-21,0.0001487988067953,0.000311273589233,268.3045035881199,8.517096008608815e-27,2.5173938575311394e-21,0.0,0.0,0.0,0.0,0.0,0.0,0.0,1.8244329604946908e+22
1387.6457902673008,126362.62088172667,11.98212532719478,8.18401192637326,15.592499455776046,14.93345536693535,9.042269567664128,45597.63382433909,5738270596.467385,0.0001195731081291,972122.3000188608,177.49734244098764,4899973217.44993,50591.43295379471,9041283470990140.0,127796862673593.56,61738.60412964395,309290.7810169952,755079.5057894172,7544.570810778208,51703757.25635903,143967539.69572723,4.3699493331727017e-29,624964422463.7734,77.15303868987172,7.522055789804421,74389.03939194178,1.1526074747928029e+17,2350772763711.9307,4340720.202936858,2.276343597001454e+17,3.026310477881232e+17,2739105628.0268035,1.240803590021189e+16,1.2489807316157486e+18,3.109344210129784e-06,5.58050312481995e-28,77222134677.98842,1.2443150411802532e-06,6.934475764752777e-26,1.2834529770387883e-36,574428103617836.2,159538025.39784718,4.482564860084578e+17,7838812531.428183,2.0773643467911846e+17,7.259974321157818e+20,28971963.22238124,24475408558.6303,2.0094027822670144e+17,2.254040435564018e-50,3.256411111071169e+23,3.331290110333415e+23,6.049770135518431,3.229926114364968e-10,6.2711542034079284e-24,7.710651028756234e-24,9.976646166962854e-43,0.0088321201616805,4.14500682518121e-21,966106149.2043222,375129546980.7682,3.4749582106442753,7.347591499791249e-07,29.803287138055826,9.191622944124121e-23,2.6947359488224937e-47,235779588.39718905,115.08443345625469,1.6092637483902439e-15,0.0034903226487535,1.6739236924527093e-21,4.755262389419667e-44,163354.04129058833,820050436810376.1,2.751049315915953e-09,2.0517774495242335e-48,1.2904573511098671e-67,4.075982679002419e-87,2.304332751358825e-06,4.51124120798316,0.0050417238515564,4.530964907257372e-15,2.714349828247727e-09,1.4650374218538375e-40,5.592563903594697e-27,45825099593.99135,62365.02553303057,0.2698543361758511,2.4105274126569274e-07,5.127301790577252e-12,5.36564083452995e-17,1.2183486720052151e-22,4.427526010717351e-20,3.1356715258541936e-06,1.607055185015007e-19,4.380746466156594e-06,5.403588970664975e-10,8.055282910869594e-24,3663232758.941806,6.370394772254383e-07,77126948.59055054,6.3832750961343055e-25,0.0002877248215097,5.66364848762565e-35,1.759743683340597e-12,13.355716299328108,8.806246205784324e-29,3.354660466142342e-13,2.242811573379369e-21,3.2410654803877075e-35,3.93286448036611e-14,8.817115490569465e-22,1.0125410666309967e-28,2.4230136504622907e-26,1.1219039545443736e-06,1.4060613654693539e-39,1.084566853347729e-38,3.0040593075192828e-15,3.7892853440659396e-43,6.572441172769261e-29,3.3619188433741597e-13,21.676308418152683,0.0,0.0,0.0,0.0,0.0,0.0,0.0,1.7601550339550822e+22
1348.335927593039,113740.14977140773,12.006286740678112,18.78875083289233,14.850904476836648,14.345165730745236,13.246476523027177,1.508111108525968,40011313.678662725,741439888858310.0,1.4424052017511768e-20,5740.667851849135,0.000360367333786,1.2349879474353152e-23,7.417094934389048e-10,9.051614732273156e-12,0.1058013477132766,0.0035126052195588,3.7608860004182634e-24,1.549496600778665e-06,5.7079618210632855e-24,3.3747725468006587e-25,1.549991957927282e-23,2.0106991324759104e-12,0.0056532448103676,1.7289847660897094e-21,2.2519069906389776e-17,160693231809.35645,5.067355542512036e-07,1.4099684851884786e+20,1.4988604913463665e-21,4.332290311936343e-34,2.672309241388357e-42,3.6388714987637096e-37,8.225548925417699e-37,8.0109315824497175e-22,7.015926414539785e-05,1.1622078021742586e-47,2.7902219317385473e-45,7.411868723494227e-26,5.657702614030856e-60,1.1886879764801351e-34,9.142360685514054e-22,1.824807327715813e-29,3.5222696960197785e-22,1.9480911142735889e-59,1.577276288435206e-57,1.390725732550606e-45,2.9087207643360488e-27,1.1128960851722658e-84,2.5925492897724773e-85,5.871454301718068e-74,1.6004648362744505e-103,3.157850132415761,3745258005.0042305,1290291435929243.2,1593719316664588.2,2696968267827498.0,1129018125364925.0,6705291497340443.0,1.20491505274944e-06,55018740.54006101,0.0336490193287271,7.076836845613804e-07,9.403605135665854e+16,2528000428478.515,62336778484342.19,5.377243225279837e-09,0.0244312711245452,2.9707945874834805e-19,3.439975286957196e+18,2.187798639570078e+19,6373907910272280.0,1.2532343337015225e-06,9.335603180791814e+18,289182375864016.25,27996139112503.633,23903236037024.31,8459981959802.641,0.9548295001222074,7632578.101403344,1.4435872923815211e-09,6.108081689797226e+23,1.1281379592894382e+17,1.569881207140668e+17,3.3928777999861407e+18,7.203783586757601e-16,1.3758433964008083e-34,8.433362191997585e-53,1.1816709491101422e-71,3.665662019797472e-89,5.327227860031115e-107,1.7904168546644923e-125,1.2211778598631665e-42,2.1879551286144473e-36,8.503337286518385e-44,5.399617890710592e-38,2.4381639782341596e-14,2.393897099583556e-44,1.0331313747580004e-18,798.611962740821,7.007198576966452e-48,4.680330224314425e-24,8.326392414379233e-11,8.415924284337816e-15,12.138801076641965,1.0060225704038778e-18,8.639253867499885e-30,9.133010971364301e-22,0.0003145532391931,8.751090718754367e-31,4.3140115735492876e-17,2637.89772092738,81344393.5932478,1.7875158282316525e-19,2.9751845042168585e-07,1.8282523870791994e-13,7.053161101740747e-17,0.9189751544417344,0.0781255843799178,339010.1582841453,5.753144611698505e-23,9.144630207753719e-17,0.0,0.0,0.0,0.0,0.0,0.0,0.0,1.6722320205855783e+22
1988.248019571684,53137.48242772304,12.045661022176285,10.639075505287364,13.663715799777712,12.118898683201085,12.901418849045529,1178234501.6751437,255909035982767.25,2034096.244557535,526137285077.383,221606258.0974665,8387450986128170.0,171471217071.22192,1.1705978342236303e+18,7.56648429552298e+16,485540777999.5581,15568944279656.36,1704105488112.493,908111244477.7628,33576450171375.24,42232970068101.766,2.914406557035142e-09,1180713643772875.0,3736046712.5098233,5143539.705093731,2984732048.419794,6.299420145451404e+20,1.0876739185018935e+19,481485339709150.8,1.7548806423486595e+21,5.777379759857871e+22,165460919092105.84,9.276983183060652e+18,2.4099499513691895e+20,7229068.703198937,1.5417564295380252e-06,3395734726340167.0,113998.94974631009,1.0218308557467569e-05,1.6918565807512188e-14,1.613590693523256e+17,145935631827320.5,1.2507184909942902e+18,8273738832663309.0,2.6231910449292812e+19,1.5860920302094942e+22,2831451957054.3677,2.0882120000967578e+17,9.695674693195246e+18,5.5605329703304845e-22,9.67672807849323e+21,1.0631959436699226e+23,56616905.54538972,96.96471555572752,6.406508919585111e-07,7.510426115449165e-07,7.802663419262418e-19,88561896.38692683,0.0004577249946383,7449858536309558.0,7982523175944653.0,58217744.90758039,144.63675797469529,27651242142.172462,4.567243765137479e-05,4.419532627692228e-18,3818843346383959.0,626401953.6492426,0.0004715584634177,5161856.806424578,1.678441827643331e-05,4.8304559436028923e-20,1919063493823.832,2.340618623761667e+16,23.358604113839423,1.8867170637382426e-23,6.698107966514979e-36,8.27868054389893e-48,26.364103393364935,170184105140.03232,60484710674.57402,3.0387976402833052,1167140.3459513187,1.3510842747886474e-16,6.178096946638209e-06,2.1953802745977372e+18,6725918858591550.0,60716981368054.76,39132895212.29315,1285202388.4735136,34954756.8454945,104554.9820181358,3.6096438756246374e-06,1045.6030856924951,1.6445515502259202e-05,4006.8573684520584,1597.032720973618,3.251343585024923e-09,6644533048318.744,328040.43506229395,2389258804696.1543,1.5708466827247227e-09,28758.721020065925,1.1173590604823896e-14,2.60217870034963,4441073030.476491,1.1586968245598444e-11,0.0692850181614525,4.10123382368968e-05,2.4412038447268777e-17,0.0008918502788681,1.212331573615225e-06,3.909222830484803e-11,5.8025658363906955e-12,28.673849383416854,1.2367681064653511e-19,1.0457009288479869e-17,0.0191023579929291,2.8703049776144977e-19,2.3070431201056203e-10,8.42702170268288,2903683432.187355,0.0,0.0,0.0,0.0,0.0,0.0,0.0,1.2755579005155404e+22
1420.4477808312977,103238.210175417,11.951656216422904,10.393008478461882,12.43768964728933,11.662203442127671,7.938220998770161,2212263.3322155904,5710826520785.819,60.44322445002221,1827195.9437588209,784.0075389919205,78701445724.00449,47954079.98398888,5.929373142324317e+18,9.41522953927826e+16,7823422264715.522,30036504838394.184,304326233426.7672,342867635248808.06,8299553236813746.0,9.522566331526724e+18,2.499054551791836e-07,1149643982211.1304,25617897.546488684,32.644791318232,259621.7351182928,1.271830376456428e+22,2.314666504161379e+18,8.491043087998709e+16,1.6552053518644756e+18,1.4990270340748515e+19,2976744120.422119,4.21937122626888e+18,1.6745632277538427e+23,16986875661.854856,0.1041999977484006,3.0108519714584265e+21,12255121908.95227,23.80971885110125,1.435594416034938e-09,622090908631535.8,26703863497586.86,5.1336000359229664e+17,880268916892503.6,9.658088295365774e+16,1.2979594249128388e+23,4186225588426.6353,1.828362496643055e+20,5.8875154796633736e+16,2.438323292574599e-13,1.224165355360786e+23,4.533256439618222e+22,13679.908799693269,0.1344102201416613,5.740154483415471e-10,7.03231539296095e-10,2.5484047034456202e-23,1882619.204749716,2.5393056364246605e-07,7638703455884.036,1.5493596280701434e+17,3602754.065805067,1.3827773930120952,2322998294520.1943,2.7670101092265204e-06,2.270509281108427e-19,864638505066603.1,47938359013.21629,0.0010129556625334,2208.278608227475,2.93310554322484e-10,2.8298451417289473e-27,4584474.650754191,2415037237333969.5,0.0029897633022765,2.175692207781491e-31,3.7222692334770944e-45,3.7214575087881963e-59,2.7319559667452065e-05,12968695.300979557,120356.11059004578,0.0004286917659261,1326.170370735619,5.758605739853487e-24,7.015164865893071e-10,5079092329698.276,66585561.496444225,2755.5166063973147,0.0217139558840501,4.316616331471085e-06,4.3892390578425247e-10,9.205819577034592e-15,1.563651260606973e-20,0.0002161898857891,2.533896406063264e-17,0.1438605294373287,0.005403545531983,4.8453584020888584e-24,150921766327.22592,534414.1481822362,1789337529.3542576,1.8743686116347791e-22,11.596016689619578,3.290256085400537e-27,0.012338089081079,3175333.5245843907,1.5360444428955337e-23,1.0616260739560986e-05,1.2318603850323852e-08,5.071086202437894e-35,8.254687032066897e-12,7.107116886672076e-17,5.26432096766696e-16,3.089488562272796e-26,0.0002114228962908,3.9648019389508015e-34,1.6209458031811796e-33,5.3625407603864584e-08,7.861602125591277e-33,2.6859116306289173e-16,8.49234360392932e-13,10910.73495413753,0.0,0.0,0.0,0.0,0.0,0.0,0.0,1.0564419891091024e+22
2060.4750926867987,86554.10125145396,12.040460298984758,18.018686875840075,9.47024747071211,17.58901829578971,14.101878510873956,1518939.0510508926,729760676439.8888,9.212266242191172e+17,1.9595180024177888e-10,1114040185508.7195,8126055.243917961,8.908868228551356e-14,0.0004325991105739,3.161252516372442e-05,29.569606666458068,0.6782697185874765,1.028518189045897e-15,5.116308680214568e-05,2.2049450433878748e-17,3.133853832482115e-20,1.4355727662342197e-19,0.0004498214362734,219.429404853223,5.129093207949354e-09,2.3696138623802266e-06,10887029196.127293,0.0992832301586116,1259826971447035.8,1.4067756897189562e-10,1.837419347626603e-18,6.619869323003407e-30,3.13423152983775e-28,8.804779518512469e-30,7.872401647352479e-21,4.1764156181514544e-11,2.787223050142767e-40,2.0613176632320105e-39,4.681254121362795e-27,2.391024553908276e-52,6.797407308657986e-24,7.97671033546895e-16,5.889575279828903e-20,2.8311578578816115e-17,8.136263478229871e-47,5.079362960108628e-47,2.7036741560398423e-36,7.379736939461132e-27,3.61492008978954e-69,1.9227247661426182e-81,5.24598585578482e-60,3.404496099018616e-87,401965758.90121377,107736256544892.38,1.3534503547378378e+17,1.580407601057716e+17,4.032485868008266e+16,4.606601210199405e+16,5.985594862407419e+16,9784.608235108402,25692594142.309307,520592.5766867172,2566.6700374189736,1.4245708509237564e+16,8118327161774.984,9426808464233.096,6.406962615777124,6160.501761384356,2.1997192980246762e-08,3.1008757333559555e+21,2.436252899074475e+21,2.117810545126243e+18,3514460.693536806,8.000692637599968e+22,2.6291793887682912e+19,1.6030203587690609e+18,1.3635901955935458e+17,4.6923057214138824e+16,417238905425.94073,24996881430361.035,4312.380347070298,2.186212589160705e+23,2.468558101005413e+19,3.6138016935866824e+18,2.9258701092658287e+19,0.8475375211507491,1.4803570174577456e-12,7.584882811353205e-24,2.5438606512446727e-36,4.627994925402817e-47,7.286676147744316e-58,1.1909324812930288e-69,1.1017631994792413e-23,3.6751476471547354e-22,6.136150746030524e-26,1.818167142821537e-24,3.026053691794786e-07,1.8290735561906114e-23,1.412879152946086e-09,950.7540242115796,5.07460556471679e-35,5.922426974995582e-08,0.0858832835016096,0.0707469972860763,1136997.8255831464,4.401447981906227e-06,7.252049917520019e-13,4.6193793320377276e-10,176.74553076489784,1.9694342627491094e-09,0.0055625056464193,3950800579286.583,4277573403504.614,0.3943886619504508,166836.8333829988,1608.6395448034368,0.0627478293236484,7836644.878884514,199079235.5132486,18624363365.01162,5.53843613256692e-05,0.002244674405502,0.0,0.0,0.0,0.0,0.0,0.0,0.0,9.4298030552022e+21
1420.2978760601698,42698.28335457097,11.987569148064242,14.055127869905103,10.887779016391328,18.184856952347413,12.31780569193042,2715.343264068526,3295830920.1757083,10691986532651.86,1.4895795851454456e-17,7412776.59454494,1015.7076055539638,2.263018763339854e-19,0.0002667634933999,4.23372757578876e-06,62.53017145250717,0.0252532687000058,8.319875817746659e-19,0.0001669258405693,1.3148425672606497e-17,8.740749318249678e-18,7.212600724130469e-21,8.921229922763341e-08,0.3532741500569398,2.4018807589955644e-14,1.9120578238316527e-10,18517968311.452984,0.0436091439625933,2.197187776727416e+16,1.7525754318790194e-13,2.056282582939162e-20,1.9887695191033576e-37,1.6353096645156198e-31,3.761098819150773e-30,1.2036683756376252e-20,2.3312169781814512e-09,2.264699429078347e-38,1.635664202206313e-38,1.0032588212290083e-24,1.1363868589711062e-52,3.9558884768951004e-28,3.019760293950331e-18,3.1063079025821737e-21,1.0477241363966716e-20,5.295207742322588e-53,4.1244179680503397e-50,3.685939493294821e-38,3.1756917646151107e-27,2.6443575995564206e-76,4.0959817924587166e-80,4.975376108939088e-62,1.6702719099510028e-93,74868.45375347114,130712678821.54796,99113474749103.9,121426776773961.4,780440260481.0465,192932057504452.4,4614898946674.06,57.073768156952106,51806027635.95707,11418.760128232318,41.60266352346131,1.3800607370941136e+17,29113346082.16576,976377196964.3969,3.7410865635520505,88042.44105413908,1.0199890369485493e-08,3.714244066606004e+18,8.750268634384454e+16,149602058261.43634,561.7387173492996,2.1772665155558767e+23,4.774686612950747e+16,109192535130.303,331371198.2622436,587270.2707660999,23297067.61554227,29744461340.66781,3.5730803861390674,1.3473891168730624e+19,5.40671082840109e+17,32044680597.286423,5.074526908751795e+16,0.0008491726667517,1.4400143643533484e-16,7.708686411910347e-29,7.860742260410148e-42,2.0216376677811092e-53,2.658942149158211e-65,7.215064270269917e-78,1.0283570014011676e-40,2.1659345519159733e-30,9.65190863031477e-41,8.345397157751448e-31,3.67484067579027e-15,3.025786098825938e-40,1.4424519236437752e-11,169.82929974213596,1.472707022170952e-40,8.709061256519757e-23,8.220804179503863e-06,2.7156624686686204e-16,1554.6498070525158,2.9182567293835817e-08,4.1284455882794605e-27,4.348128103698136e-15,0.0003422113707509,3.8570704373730013e-28,9.580555843058096e-11,96.60261991223186,193187322.36083075,2.2386233611690677e-15,23.366413634624767,5.100691527862353e-12,2.3084773971584383e-19,11.659674036919215,1.991979678230391e-07,10367.022984775496,8.848792131045752e-18,1.731715819890443e-07,0.0,0.0,0.0,0.0,0.0,0.0,0.0,9.081943354027327e+21
1266.9005035729062,59946.021125929816,11.997870770261994,18.81141902230608,14.84980909498821,14.356854047025612,13.235137772673882,0.1121932148095682,4826985.044816318,133731423159745.58,2.439304602304188e-23,332.7157940697554,1.0258870788912322e-05,1.768368796024067e-26,1.2499940370815827e-11,1.093055666207006e-13,0.0050698326418624,8.790743029737142e-05,7.429080991005424e-27,4.071798754149026e-08,1.8780812088349782e-26,1.6779010534284107e-27,5.655612644400912e-26,1.4788993624000892e-14,0.0001440626866426,4.4646238468405895e-24,1.087119611849725e-19,23394255002.65811,1.1379992525583342e-08,7.48765700733281e+19,4.26422310196235e-24,4.120364911094916e-37,2.2432857515518133e-46,1.0161993451281724e-40,3.94673074194725e-40,2.4363098530223802e-24,2.224505361826076e-06,2.7230264161526163e-51,8.646076186881829e-49,2.2851048864278648e-28,3.2667600904708004e-64,4.1403638910475254e-38,1.7167364483698874e-24,2.2204092867359659e-32,5.0633219835757625e-25,1.916901032779874e-64,2.859557319082575e-62,1.6957696849301851e-49,2.6166533452493383e-30,4.2838742762675875e-91,6.276923261598584e-91,1.8673252172819532e-79,5.745715868271049e-111,0.1482451223457457,574675991.8481143,389282290991968.75,485830203113114.3,809094340579512.6,287374261659531.7,1556406657620966.0,3.1092643517695124e-08,9802875.26110616,0.0017557026946666,2.7459013828101826e-08,5.084780440280866e+16,535618093722.44135,27209723376893.95,1.493415068609125e-10,0.0020718488980161,3.787610464959177e-21,1.333721174511695e+18,8.603326477104172e+18,1421688642045051.5,2.9503312899911917e-08,7.062454342517054e+18,97729958256125.48,4890904931534.261,4478433449000.806,1097889011954.3416,0.0549514385076206,768379.3215431964,2.7469561161082395e-11,3.426223629807745e+23,4.666049855228504e+16,2.7977251891128284e+16,1.7716502161111112e+18,6.57960775816327e-18,1.5539966403105868e-37,1.2047331111181022e-56,2.6901692135652368e-76,1.1275154594342856e-94,1.9819947937657353e-113,9.305705387066371e-133,4.9760813270032145e-47,6.091410333055398e-40,4.154974855346416e-48,1.4905097034626858e-41,8.246578746185746e-17,8.684088079578228e-49,5.1378138275433955e-21,44.54037396329926,4.5604604556857424e-52,3.734989365137608e-27,1.2453400935966829e-12,1.77948227134576e-17,0.6949267429659675,7.52133192600477e-21,3.652631917168993e-33,3.2554599873879416e-24,8.10807479780308e-06,1.98739304594576e-34,1.9606548576634447e-19,74.96171666648392,9671291.047834149,2.9830165867554533e-22,7.527839012880309e-09,5.911402646663717e-16,8.364563436811527e-20,0.0304194125460148,0.0006780166329979,19611.652709062502,6.566575216575896e-26,6.725963769594787e-19,0.0,0.0,0.0,0.0,0.0,0.0,0.0,8.962969482401147e+21
1310.466527658235,119969.17057253608,12.001799530778166,5.990831391735458,12.71755926129346,12.174905916888736,10.249793084099569,162306.38783348753,606603490245.3788,7.704972982253041e-07,49789.042621176224,17.02017472762947,129374253214.50974,1551764.3846188805,3.010959709697804e+18,3.1631348727604972e+16,1541569.301209577,3584362.0460982304,21423974586.46335,63396765.99199301,1604322444350104.2,4.479634527961668e+18,9.00701272769444e-22,143359425733.23312,1.5807036414615443,0.8210110504294368,14164.657363373995,9225775526091286.0,22312589561660.883,32490.179314602658,1.1622145163405238e+19,3.64761063678371e+21,145439515.01463413,1.333509873164263e+18,1.507843070620724e+23,0.0016944388246574,2.14304804015362e-27,2.3753851988613315e+21,1450.6063083624065,5.442893551334584e-19,4.7680090056184034e-24,130765901711111.14,4812693.681510052,3.756390450813122e+17,154196558.95924616,2.460875857632363e+16,1.0285488559655291e+23,1388051.7746701385,140699916.78296515,1.9897502667139068e+16,9.764012741084731e-40,3.0833190956333376e+23,5.988728237050922e+22,334.1244883677436,1.5143348940663202e-09,1.5860128957570787e-24,1.9681189591439732e-24,7.41750504470547e-45,0.0537434250220924,6.870851689715014e-22,16237866432060.518,3.899913258107396e+16,146472.03308053574,0.0287517938148798,246421.2964291565,9.75254281709482e-21,2.976615285893732e-45,2938212870444600.0,5189404894.288575,1.1256354125385364e-05,5.3788652709173555e-05,7.724382251561887e-25,3.9116914160488526e-49,4405973.495818502,937067215458918.6,4.532387900738637e-11,1.6416340738379707e-53,3.2438154947080613e-74,2.183549681286918e-95,3.2090905222855906e-07,10.849616416329232,1.7248490367643947,2.3723066385487466e-18,6.79123470965297e-10,8.169163123905173e-46,5.087849981967736e-29,275795998928736.6,36583310306.256905,15729099.30247957,1715.2521818807325,3.844717383046014,0.0038411349012486,9.469465910382442e-07,2.2796382819037372e-24,1.1624659401093555e-06,6.757419709809307e-21,0.0011217348185077,2.9207393309023306e-11,4.523519522787653e-28,21398139652.835026,2.3146727567405697e-08,117822800.77917124,2.1460942104354028e-26,0.1710448277524402,1.3422331718330709e-37,1.0233584658072151e-10,2691603.837067099,1.1679248356592034e-27,3.8621846985594624e-08,2.3764240682604162e-17,6.2012137112851724e-40,1.4105231025204847e-14,3.678425247449642e-26,5.809588197883969e-31,3.312075018244374e-30,2.245178507682175e-06,1.0229522414482936e-44,2.2108296454149274e-44,1.543525266300719e-16,1.3447111662774157e-49,1.6422535477064095e-31,1.4043952046777155e-14,6188.250296008255,0.0,0.0,0.0,0.0,0.0,0.0,0.0,8.846778642504175e+21
2521.6430448537735,54818.90475550776,12.007965883926756,9.65291986372462,13.38988125927353,11.057333109507397,12.837620182282906,114268965255.31288,1.455662232677669e+16,405656709.9236716,321920665168866.25,149779407161.40253,4.7374506372435046e+17,81106281649135.23,2.863638521162855e+18,3.871585012492233e+17,540824772487.32385,56438409776215.77,204996902627588.47,1625709792201.4338,699478949753564.1,192727355556751.47,5.813223837287311e-07,3.327175966930033e+16,32358572233.36371,1955113053.8338616,288075355141.31396,8.293304259369438e+19,2.154550848471572e+18,17567211897830.057,6.99289532900961e+21,6.157639446406917e+22,3.4631873578290628e+16,7.324872430782266e+19,3.202070770349982e+20,3225682.424700072,8.594107584872502e-08,6446521631870018.0,576711.0754417584,6.394321168336518e-06,4.701814333278436e-12,1.8813964124268188e+18,179054076152183.34,1.1628734650663857e+18,1.5324778437079858e+16,2.5926065945921048e+20,1.8558410954765765e+22,908325855381.3124,2384059908970276.0,6.746873641407932e+19,8.343144255187939e-22,1.0760008284923016e+21,6.679284329747352e+22,31593280958.039333,18049.38455905065,0.0001303564351735,0.0001491420655882,7.9269187689551455e-16,4174531231.617334,0.1264405008623645,2.7145942911556595e+17,9.654058969467677e+16,13526424434.748928,85744.33588881361,127129166986.9125,0.0083537805359709,8.687976480143852e-17,6.332423801706369e+16,26977589775.250153,1.0458500603586462,226567483.13654336,0.0033873373671262,1.7477164073783088e-16,202383078617353.47,6.16250746099066e+16,1852.2226070386464,1.4938401084125402e-19,2.372027295987353e-31,3.153634160574362e-42,29553.00988544626,2637148998977.267,830293537972.9437,220.1294586674101,3654766.9788283296,6.06752814311261e-13,5.6647666633262455e-05,3.343770602407253e+19,2.423212411129892e+17,5049093736297630.0,4429165707699.188,290098073596.7382,20711763788.803436,113244528.24651907,35.490599840685135,9165449.280697098,55.91696144624687,16325956.267851513,2049805.5246983997,0.0515243766004017,111708980694455.72,444383.64700811653,221889610770131.56,0.0257504996758322,43772596.63582601,9.249977754992756e-08,867.3558623725901,581664992603.0486,0.0004198632140312,1393.464814481439,0.3568836256631274,1.5309098025307816e-08,44.85655690304581,0.0708294492367491,2.9074256597402393e-08,5.198138547046158e-05,37949.909668952256,1.256444935290835e-12,6.087288271878283e-10,42.47763440772932,8.87828576785333e-13,6.783225560487267e-07,2444028.143306454,849649623066.3013,0.0,0.0,0.0,0.0,0.0,0.0,0.0,8.465793523994463e+21
1929.0587305616525,129883.6094879222,11.999168144219434,9.927594496775532,10.931213463720065,17.973887495813887,10.946527976778643,530096167.42411894,1274119819106132.8,6024419.398247005,335239.4517131688,421358762653.4147,628487825040079.5,1017767.2510090808,7.323021747858574e+16,4251034570263459.0,218126520913.12567,1198442085.241777,110564681.4589236,696093909.7411084,25228980648.23169,355636650849.85767,5.783830218980191e-10,5767199870330.507,138988453.2292681,84669663.43920279,59998149080.613625,8736054148610779.0,19252715862811.965,51678979175.29071,312762835914239.9,1688266919364017.0,199.56222277558587,161803298.46306357,48959248716.18342,0.0696887838131108,8.283529543985944e-13,52803713.700272,0.009880324915934,4.8432635414175146e-11,4.1842952337198443e-19,1455806747.1292152,11649219.234623684,80090323310399.88,127329.0387860459,79.63288838628365,582398.1642074973,2188.0342364457333,70.08444726535785,5.059328577589034e-05,3.158917434905518e-36,2228508.3431839827,1.2784263798526198e-06,991697068196.3948,12761341.764344908,0.5345156779035669,0.6287783233818762,3.30998792333409e-12,2895247900.4969516,0.0742661593410811,5330325822539629.0,4.454140009958246e+17,10386996195485.398,110836779641.83508,11362718973834.455,0.070623758218416,5.261356712456805e-14,2.7495100026127756e+16,1282349680839122.8,24123822.85567583,93345038342.31688,1.5594678070358845,1.897846435419463e-14,643963814090458.0,4.876688389476602e+23,1907981953.1107333,3.249265409162573e-14,5.976451091414144e-26,3.35189398523836e-37,1124173300917.0532,98496029792.08669,4806659637.30066,66.72720536082119,5459387.53178044,1.045400181933557e-14,0.0001587664506948,2.6846768240498124e+16,9814574903410.44,10615717448.846672,884382.0293703562,3554.9515181194706,11.390359335794642,0.0042196634843139,6.501658373066538e-13,0.0003932753827316,3.0965210325499834e-11,0.0149977456223809,0.0605304677218473,2.6818081760243477e-12,30330866589.71191,18.054943868186704,2.8143503469681352,1.4546988689595843e-09,77155.65905956116,7.305072867735445e-14,55.59803782347516,2278178046.0514374,8.584250003970659e-11,1.1473770959590304,0.0583480395086935,7.286774216428391e-15,0.787771745078086,0.0088925611158148,2.609828755650708e-06,1.5735824307690188e-05,210441727.1025952,2.1142586705930466e-12,5.749821849744785e-18,0.0346134849639226,1.545402623165598e-18,2.569747406305094e-09,0.210623708412849,148743558.18927357,0.0,0.0,0.0,0.0,0.0,0.0,0.0,8.431940489177718e+21
1359.8860592598237,69195.05251516782,11.978841003058053,14.094214896145951,12.53142851616508,13.167194816900674,15.308534798889772,16332.05550112742,4611391606981.54,418060120.40755016,3.7352471098690807e-06,235775.9107344065,1316514792336759.2,0.0002849417813407,348359707563.11237,4442711678.6261635,19465840439281.902,24972450919.645325,7.248004037730322,954026756228.7472,896307.2574882071,4373773251.690849,0.0423429687026454,12087.87560422729,12972334.341264809,0.0003365863163663,4.036360011532378,1.0385989006632632e+19,9.574348017404128e+19,3.4547490562911806e+21,827223326760.8088,6.310666017457299e+17,1.1467948535686321e-13,0.0011612733256418,213.03898940713245,32894.55951118861,427503643.1212381,25.138428586853937,0.0026161681433571,10383.520340913414,2.2640189307711654e-14,0.000119198212409,330.0194928220947,437.3611576663698,4.671340989293032,1.2364089677319746e-16,8.049085443235186e-10,2.2648559002908146e-06,2057.437222824763,1.208598243997684e-27,3.965937859290316e-24,3.8362117844685825e-14,2.6505507406208237e-32,11622506.425184043,5301184002.593144,751275029.6444353,926678704.2562994,706.859325223194,53010774021657.21,143327703.18803325,3.886511328680206e+17,5.2485987099220365e+17,10644158391.620886,6564424.38257073,3.483417858859925e+20,4767209784.810866,4.935835264758719e+16,1.4971349785896622e+20,631762775476641.6,24257.952763712357,49422957396014.33,141102340.9939898,0.0199309101899273,132359602793656.64,7.697866982948584e+21,119308094004.9113,0.0025493537831335,9.701974921901375e-10,1.6212521186194934e-16,31207.322490330025,1.0611796448824744e+19,5.710818441966213e+21,133311826113.3349,5.852740615966448e+22,0.0179316668573745,7.677286178568736e+17,6.982025008577782e+21,4.013288220596545e+21,7.382549349859413e+21,3.0109645954696106e+21,2.778735086936721e+22,1.2191318684986832e+23,1.2135716714136136e+23,6.737633157531049e-32,5.5221140934512594e-18,3.991927275780575e-28,1.1887134353813876e-14,2.9408881430952468e-05,3.781449769772396e-32,50.22379115609543,202359284.1568391,2.3879478015701705e-15,1.363338272027612e-22,0.0970982713106441,9.691371073445768e-20,5330.424749084231,2934262664.0756593,2.385484524705111e-23,1.1220192992137693e-07,19.772854235869023,9.734798166283412e-33,1.9046290527159305e-11,6.970648435945051e-06,4.718641562475115,4.307111084334693e-20,2.9515133379590144,1.815764388695338e-20,1.005932041813937e-26,0.0049780918213661,3.8517778654720375e-18,0.0007671189881194,4.1864741537322575e-08,3067696.981256468,0.0,0.0,0.0,0.0,0.0,0.0,0.0,8.300188331079123e+21
1982.2391271983176,62392.67277833659,12.002849339232052,7.715571231135083,14.075740299684648,15.868531973513216,11.409373245842469,9814957.63286114,373133835796816.25,892.2258107604653,5002568887.829195,630724475598.6664,849208470995075.0,2528909771.513125,5.819326759939728e+19,3.721762597814948e+18,11555340014.554403,116536005.48098816,39605374374.301765,10613132.446799235,1236739953303.9492,2457357516803.981,3.5971779422316286e-17,3.666971108315281e+16,55870531.08775743,481084729860.0113,284729695341914.9,3199417673676358.0,5894929726041.186,1179360.148021788,1.924130685110976e+18,6.929044154915231e+18,16656792850.008242,1512912595286915.8,6.232196849409196e+16,0.0004249669912658,2.093101010855744e-23,2086773223850.8967,0.0327076466814397,6.758667580118943e-19,5.17615166683101e-24,5.292892081317888e+16,23394623582.359665,1.329878612088185e+21,422027274.23965025,28758368564507.97,2.767929916450553e+16,15081654833.883877,56568.15874023429,111466003789.00322,4.465457386886986e-42,1.1537600715132031e+21,13194855976127.748,249678067149.08383,205.62735678582823,6.424238893566577e-10,7.533776878392903e-10,3.620021216934648e-25,61275.6355116952,1.4617776214338418e-10,1172862728045724.5,1.8386964580299884e+16,401765869377.83386,3078899230.7280536,30567697.45583419,2.2675462947390435e-11,5.449857663494432e-32,939699963687809.6,6844730511563.255,23533.12927996238,7231308.76918935,1.08903137053737e-08,1.4238943698670814e-26,601837096074230.0,2.2541879259994388e+23,101441.71972211431,1.719001367989439e-26,2.828689324635389e-42,1.5995214055805863e-57,727880777459.8136,8308519.123319355,317401.16008832474,6.401330720455429e-07,0.0275986911299319,1.2699634713953851e-26,6.811009337878816e-17,2.4303232086164044e+16,7892852619752.29,7556021095.220984,520334.5236849892,1816.042052491846,5.229122827808598,0.0016641458575673,3.3604392763703302e-06,0.0850737388585312,2.402034173684776e-05,0.5090333225115423,1.236391840208833,9.396247749248442e-06,1847907252219.8137,6.781027953365101e-06,2163210.9866730305,2.151740828091421e-07,355.6090057800438,7.315065272466115e-16,1.5562615115714015e-05,6099394.468173423,2.4251699658847366e-09,0.001275943121339,7.07435117085594e-06,6.41892165493488e-12,0.0212132766671914,0.0001723313170508,2.213069565605267e-16,0.0050679867932958,2245577.6050018887,5.1049841899375425e-14,4.3083187694594463e-19,7.195519951828034e-08,5.83756289488838e-24,4.0969004955830203e-19,84.91733320055606,2552518.4941518824,0.0,0.0,0.0,0.0,0.0,0.0,0.0,8.18481530235812e+21
2653.3721418665295,48296.44912559924,12.006977577211453,14.150039244641022,15.915523182697942,10.622922623871988,15.685928928943154,23748094469.337555,77169039948710.53,98687530780.35716,952886851425517.4,18471046337.359432,1.1751494350403707e+18,577664396012.6348,286120984687567.1,44303196108223.6,4290526563.530201,14953623432336.076,2852792067.773066,956798203.4961993,17779149.5605729,9367.541207743272,4.68671920857392e-13,2067567662331537.2,148844149072.414,7314788.765623562,837479054.9304553,4.711048516763396e+21,1.569743272839701e+20,7.263395062011216e+16,9.618009877636683e+21,7.888659171252048e+22,7.62120818060215e+16,2.2245908687901274e+17,1771118161642648.8,118156.75398739013,1.82350342237432e-05,242973.27183589427,0.0024052367929902,1.4541935236803043e-10,2.3231654173655185e-23,9.042167264113234e+16,515657166974743.0,1304147412271031.5,1.2983544082892037e+18,2.9297549804941636e+20,3.4895390584684024e+19,68623988751.4975,6.60479773108496e+18,6.565328505422793e+19,1.0726569700398746e-29,6.77199515881012e+17,3.797885382135153e+22,9464393.960788028,405.3711346706429,0.0002744425703657,0.0003125265683185,2.0707797437684985e-13,1955111409.689355,7.561064721574834,1562682104838240.5,966006081256.467,8690.337110084753,0.00244201390771,97578186.2218165,0.0011685361705961,8.093712708985797e-14,795625100041.313,32.08501754838075,2.4361752266829353e-13,1543399407.0447953,2.8134311005778443,2.2862905980726384e-11,20881958190292.05,100806539530260.48,524.9806269543416,8.393409642634946e-16,1.6284618146227736e-25,3.0826471285097173e-34,5.532580891388056,472520052025039.4,171834176036454.84,4073386.339381271,44759250932.16845,2.215709856656872e-06,78.00192894391998,7.694393710202025e+19,7.756470038998301e+17,2.2383904934437044e+16,24625833471299.05,2174747836513.6543,220979030171.1418,1600405008.9756932,7146.389551616311,3921446.5333498446,23.28861900388132,15098.17257772752,18283607.33141236,0.4207702291831454,555318152513.5107,315237502.77985215,37072367443816.84,0.0158486670139605,37607.351878639915,4.594159539007352e-06,51.458084482428035,370779079.3403926,7.554957357953801e-07,0.0048722902332087,3.1695993177036544e-05,2.721322473402744e-07,1.0832530368106443,20.695527303254934,2.712427765156737e-06,1.5623185201071566e-05,17.321754240005586,3.560045202179442e-11,1.723333885042703e-05,1424.231462409641,1.337945213190192e-06,0.0021967929728092,333979246.2278346,251959844399.32956,0.0,0.0,0.0,0.0,0.0,0.0,0.0,7.775600217078378e+21
1240.4142243016386,40785.845271572725,12.013513745135787,9.87291593348142,7.909254858838253,12.877919397417555,8.051159889304847,11549812.99666339,99001037581859.86,398.1806684582043,1.3106891570707048e-08,22024.425059509616,237512562.97083688,0.0003881723114509,118927016405124.06,924360540930.6996,380948275111.5879,28951802.863123164,7916.259942980959,591255628440.3047,1038605604392.8478,4.652522078931975e+18,0.004193244599962,2421.376715716697,199.86466970201445,9.156007224465036e-05,2.782190164795598,331339622882091.75,6789800798.030741,9150703776353.162,224418.27434730972,1200769.1144912029,2.1399273026892836e-16,0.0064255034569705,1309962.701777645,0.4634870462962787,2.8884798582817753e-05,13168894457.619707,25.204214461270904,0.4481761681918033,5.3956976864688225e-11,1.184718661159223e-05,0.0048643350251079,1792.5867147173144,7.2000241514791425e-06,4.395463497201049e-19,3.527780022257995e-09,1.7026267205219588e-10,8.839430171487297e-07,1.6057502440705017e-30,2.6586925078818474e-29,4.857760980855856e-14,4.7814071415590914e-35,394569622.4131415,12689290.288295528,59.61278681470801,74.67069318207281,6.75249558044937e-10,41861472292.470116,1.1978286688997106,30120493994106.27,9.99553103971502e+21,210150890104160.4,536731851424.8283,4.188098692541738e+20,17296.853438888953,0.0027586789992755,6.433478865149673e+18,1.2760315274494208e+22,93862094335216.3,943182618.8507568,0.033377942442329,2.4654327337302813e-17,115748086.65552557,2.100768876687322e+23,11939968.99971017,1.4104113497567166e-17,7.2321617335339e-29,8.502295417455134e-41,119265.65778397628,151720438.0990132,245382.25943049765,8.313625971941633,82884644.92776419,2.4711170204070906e-18,0.0186608967801383,8306793896.628575,7640.730230307092,0.0232620577851024,2.2135108456779796e-08,3.729391659719044e-13,2.534516957882947e-18,4.840224771770832e-24,2.78025551507841e-41,4.455991324163078e-17,1.0723654889463283e-34,4.7051133326700447e-11,5.1971957803930925e-14,8.43989930660614e-41,188694.4156275509,631.9636553257415,1.0240847082590408e-13,5.0435504050809074e-29,3145.522308971434,1.8499383406338546e-30,15388.353220074958,1210504650.5258644,1.707295610822303e-27,0.2146144828950348,0.0038298126435793,7.197871651625925e-42,1.359402557036922e-09,8.16765254321249e-17,6.333426842229814e-06,3.962618546940707e-27,17354.57364211335,5.418683306279671e-32,1.636220929557766e-40,1.2813415058215678e-05,1.4625744170136727e-35,5.4918550177327024e-11,1.8925025857601612e-21,2486.0964094983988,0.0,0.0,0.0,0.0,0.0,0.0,0.0,7.45748395452374e+21
1505.2052151078997,38125.6332889098,11.98699308093946,10.250535651496763,15.05259647286004,17.351250238523,12.618213827368486,1855.414539238212,203624289070.07883,0.628977777530078,67668.07671345805,64849102.5811782,2922162502830.683,12548.18283722025,1.5531072450553434e+18,3.253741945294473e+16,2160851900.491074,1827200.2353158616,374654.5677904834,123397.2167589012,41158717.40471253,206305435.70929527,4.4620684896875394e-23,97263420668550.34,1945556.6837358456,51409259.87100504,243448099450.97433,2.9048087511206468e+16,48551765915929.41,166764364.95527503,7.668918515336469e+16,3.3529285844340383e+18,246485.0603255584,792473401566.128,123809474069655.28,1.7252422264405415e-05,9.540588579134936e-23,152978695.94690666,1.2445992300324556e-06,2.2946914745882562e-21,5.665691987143494e-32,123127017799513.06,3274357435.45686,2.7952653912049412e+20,17328026.978054073,8709772771.360819,43339756492168.2,7200167548.24287,2472972.6492892765,14639429.974453203,2.932575872624907e-47,3.201272613851038e+20,14980662832.62647,8281229.655692739,0.0763873081102432,4.68934982371326e-13,5.695709613962616e-13,5.276063580708895e-29,90.30857374727664,3.3077967495147224e-14,1891105883839.3152,24513475609211.14,12279556.3071194,46979.07915646852,365966.71301520255,2.395307462631778e-15,1.3272105131513593e-33,1239169296654.588,672213274.7275047,0.0033074658584015,94315.8745596053,3.1147276379963464e-11,1.2165486195985329e-30,1547071601912.606,1.828537586287745e+23,1116.3538127680365,8.914896799599486e-31,3.641088164811386e-47,1.2448045316300622e-63,137614812.289001,422861.5808630754,30319.97123190516,4.357391311198889e-09,0.0335962006565545,3.825122435850546e-31,3.6922113946405035e-17,936983584918363.2,135233994446.26004,60620015.406816475,4267.969587524731,8.699642024240886,0.0099546613432641,2.081354247133074e-06,1.339650105693913e-16,3.437648961830493e-09,1.1469527892737146e-15,1.4064995354199952e-08,1.816259790843913e-05,3.550959615106899e-16,1692082615.333035,6.532954720333406e-07,17.512416146061618,4.529876390886793e-18,0.000224695812386,8.857847942126655e-26,1.9598269100009974e-10,209.76621236790643,3.8748196803895215e-21,4.1750254083925386e-12,1.5670140614534797e-12,4.394547793720455e-24,5.43109235060799e-10,2.7824074356953736e-10,1.4485109266783988e-20,3.95392448403453e-12,25.877084439145527,7.391109235236714e-23,1.1489479006604973e-29,2.18857682806175e-13,2.6701719835597307e-32,1.7303492759483764e-24,4.773857209251793e-06,119.53661550750869,0.0,0.0,0.0,0.0,0.0,0.0,0.0,6.989068174760175e+21
1772.0326023972716,81341.73993905813,11.995959370641788,10.76646487778286,10.580640859463546,10.256677086308388,9.047060164646584,16996782586.166616,2.60044551160548e+17,2732030112.273504,1371.414832412373,656308983.0637554,6713433989326.526,5501211.377694513,1.0131375019155763e+17,4269214757603393.0,1918351066398055.2,238815232092332.6,1269454539093.9404,2.2393871833223014e+17,7.322286914792806e+17,2.369051347327862e+22,151134865.4630563,2337006141.4444327,427561674.4614957,295.25195097848797,379683.87293566286,6.148702348188048e+18,712015316290845.0,2.8986325824150566e+17,690740222643.294,412838654148.57874,0.085600836368364,340187244.4842668,265237614466056.53,11849924390.95809,7196891.98512709,3.440727771061162e+17,193093909243.1151,45303774050.62196,8846.421421775392,57749.39390012845,5455049.750632981,251002085.2626219,1928574.8707641845,0.0083399336407928,173667.7441287072,3.2096676876379484,2903964.8495459748,4.211076519628236e-10,5.7121779560946596e-08,0.0782677222078392,2.0117218482549943e-12,1970805353732.512,184472012429.28748,33982567.94430861,40383446.902971864,0.4798531294315643,2867803294458321.0,155865044.57777622,8.084655242147765e+16,2.0770785697382608e+23,3.5562911775291416e+16,6726910108680.366,3.6250533922734768e+22,209721277465.5947,530311.8450209768,6.935344493579194e+20,1.0804274637840262e+22,1176428532842216.5,2128897858880.777,83505.33647553451,1.3405881743424705e-06,137515445958.00995,2.17719085320158e+20,896442708.1681497,4.3132637968047115e-08,1.9192390300519878e-16,1.745243670527841e-24,980582.5792704736,8299685394047.938,26341598519.86268,211263437.84268367,4158994135117.485,2.5301341632659967e-05,347306.45352156856,31182239242817.457,489160010.586148,23008.40658025608,0.1043922783600166,1.9443210079003025e-05,2.580304137771288e-09,4.584513019049e-14,1.8041041253820313e-19,0.0001149574093258,1.5975897566488967e-14,6.990977015024026,4.27519203511062,1.5915129396008334e-20,3442538619.188822,4745917982.801068,0.3857941158480595,5.793772218556175e-12,857328949.1219277,1.7532591399598577e-12,5324823349.82612,4373930620007.486,2.8720412474207363e-10,4950215.253034655,37699208.24594961,1.3369541646629674e-22,0.0429547437740243,4.028411869448665e-05,17.92413375842739,4.741952008724797e-14,1443746.9722770243,2.7554537271582596e-17,5.059995162086758e-20,1247.0769980879677,2.1717028873712967e-16,0.3701154073336687,2.496969067958722e-07,175623109.26463512,0.0,0.0,0.0,0.0,0.0,0.0,0.0,6.774427229292319e+21
2993.8490613838353,137462.0115221106,11.987479406180409,19.797776529271847,17.69079156961873,17.827306597027373,12.201117085816678,77955768189.59583,1672197122540.492,9.795270604889096e+19,234071.30400207185,829724813202891.2,73518796.53915511,0.5557306744492131,109921.58040988757,22831.610233286337,144167518.8601402,240696780.2874322,6.803235896762656e-06,50.90602828353667,9.128905746986274e-11,1.1488056495806406e-16,3.3963726514859387e-16,487218595.664675,2640568244121.0767,16415.001531688413,1086943.7961910637,4.579710895765156e+18,2308479.5965027255,5.148084282478855e+21,3.873442134997132,2.3943891664114487e-10,0.0002286720082235,7.828636041353004e-07,1.3377823765527084e-11,6.856692019562368e-06,6.855868043231767,4.0219086636909254e-26,7.225096203739555e-26,2.145615016376479e-17,6.691505721962175e-42,0.2848668442828796,75059.72950749521,4.988612586285902,71009.60552630124,4.77286388815473e-12,9.622866274105384e-16,3.575846041895112e-07,107.71347546479022,1.831880199000874e-23,1.768632369876832e-54,4.056747155740923e-19,7.722873614574849e-32,1693556519.3921745,5599106367671.666,478690319631488.2,539449643082699.2,83857895345597.17,4650980438421946.0,4441762581165727.0,352.4117831310542,48062930.25488546,4738.195766963334,6.533375947567961,393590141183.833,2529069266.8799806,13340.256801450418,0.0005686995040363,0.0388117756114203,2.138669763200418e-14,2.7430972453709986e+21,1.1142237448427909e+21,3.5434578234721664e+18,5535969.108528887,1.5928425023218836e+21,3.993104735947769e+18,5.934761943201494e+17,2.604985077649551e+16,1.5338969406764438e+16,3389284481645.7856,2102588823264.5715,9.112578847181204,3.217394126551414e+23,1.2576438299510552e+16,1.11220229870636e+20,4107655135194835.0,0.0356804191069277,6.473903837994457e-15,3.3270151367627015e-27,5.23782217661595e-41,7.773460010183352e-53,1.5015320944644487e-64,1.7527882172105403e-77,0.0001732610569096,0.0014166034871426,1.5851817934498602e-09,1.659697813173142e-08,6305.5159949296485,4.1046170681733246e-05,52746.21985579019,47344072303180.63,4.0211883595104784e-08,0.1085965295833275,1533.7752230805745,2842.3224469189145,134736200.8585001,6.780064228192431e-05,3.1002752661434393e-08,2.443818657994002e-06,0.0232746394467453,6.190489414776982,138232.95635951794,1330103808377537.0,910472011211518.0,212924.9242853175,1682241157.9708426,61849989.05553229,5436162.157921812,1869504147293.58,15410516379887.668,385754706662032.06,1.303735636186672,15.284071995355085,0.0,0.0,0.0,0.0,0.0,0.0,0.0,6.62663205491461e+21
1246.691610716076,42784.114508508785,12.005428524699584,9.120218198401464,9.15384198239652,8.250681127013905,11.55785715988166,896411.8718998496,268150385758106.4,100.37468643811962,7.081267236620338e-08,11.546042147666707,1095781362958.9445,0.0048116834722888,491493825116.3443,3930100258.391128,313763087.37479985,61281345.56028434,215979.3005652218,2819089442319.207,61371964444341.08,6.003994615738166e+20,0.0263553771055279,4.747924947586089,0.0767901441011451,8.071455701206616e-11,2.3252005663770926e-06,266885695852506.7,21842997967280.156,1437927071370.8145,3952184123.1493154,79075115701865.66,4.6838466644478656e-15,0.2871725548510127,126451382.91771711,1.813475904822489,4.3925015014846165e-06,6914122535102.058,2814.5764105525623,1.9517147517379505,7.746159618498298e-09,9.446595466144432e-08,7.320144657214477e-06,0.0052845659539102,2.695139739154357e-05,3.623412508786042e-17,6.244008600895037e-07,4.171172774954471e-16,2.352845846415859e-06,5.469957799063502e-28,2.3336479002523288e-27,2.3378219143813284e-18,6.252575169686525e-32,476410.2093874848,3017.4992123343804,0.0029149558365265,0.0036480390998451,7.195295153294985e-15,23182852051.709946,0.1456450937252641,3.1699983316824704e+17,5.924821509042728e+22,568858786744.5225,612763.6911287999,4.920804679681997e+20,4794.313868968508,0.1162059166921675,1.522054606492867e+23,7.496494000201476e+19,602675019.1797308,91628.6123332555,7.055091392498642e-07,1.191129850631203e-22,223231400.29419348,3.640051547285345e+16,0.4826235152580418,2.861416084887312e-26,3.176478583424349e-38,8.392420672679574e-51,1.0581963900467092e-05,136944554193.8738,869556406595.5248,0.4145306174989909,14449396203.334091,2.959171790580822e-20,0.6946660103320637,1.438440010557124e+17,538537944517265.06,6659977431050.597,25241012108.077244,1717765121.4964893,47599067.79278096,366133.4937363575,3.314832452814359e-39,1.7469455626787697e-17,2.847952650736529e-32,4.1769188476212846e-11,2.0959741668566658e-12,4.180042566623236e-42,23.80647157425444,7.487940457733046,1.4255739932695997e-13,3.365456924713746e-27,633.3516052574591,2.4753914808956138e-29,602.1905233063029,881198245331.4053,2.7202472840419782e-25,0.110441458049978,0.2119493685567384,9.719952014630002e-44,5.5084258251159416e-14,1.592841112523588e-19,9.22393880610587e-12,1.8572950199373704e-32,0.0002499158785643,5.228746353343336e-38,1.0166688742330288e-39,2.322292937907733e-07,1.671259217688016e-35,2.06771465973457e-13,1.845099228471892e-16,800971.4636073515,0.0,0.0,0.0,0.0,0.0,0.0,0.0,6.610088222754569e+21
1353.2062028867483,57974.994983275894,12.00873206618604,8.666523505125134,11.706473982067184,10.377595922211375,13.487375110652104,1065424.663677221,59410001651233.89,1759.47486224797,0.1410294735861368,57910.58000554012,1149707089748727.2,160.76501475267673,7.23406861061807e+16,899456668785408.2,20985476631899.098,83996850589.12434,63423403.988980696,48742493567865.66,123395424579015.05,9.403491027527422e+18,0.0020433652142602,155730827.51526195,880696.4436838414,1.2214198952251585,15361.199263055592,2.6396386325762e+18,2.416268664552318e+19,4645183012596003.0,3.720888758965935e+16,2.98960290155572e+22,0.0002114368423904,35506265.614793904,102714255452728.88,419474.45349831,0.1497937331721729,2628453009194438.5,1339585.631935568,145.51186396834066,1.1197546830311233e-08,74707.2743964616,1127397.4277665908,91976156194.39764,51257.93759335795,0.0118860904469978,1226745.2190074073,117.60995020581564,6409453.5710626,5.5698275588336165e-09,1.3334029555935745e-19,19319.01473536554,6.257530255918511e-09,42516532.27856655,101750.14341020556,0.0727804977235518,0.0898436573238826,3.281378761569403e-13,3466363456.6003666,0.0446194010374267,5.098429647858836e+18,1.054252740832608e+20,594048684073.6344,109264446.2671904,3.650859483783649e+17,22.303457815680225,0.0064200729377452,2.988914816621567e+22,5.536766713282748e+17,84946907.63577421,67267232.84230281,0.0009217331810927,5.977521227282611e-19,34757593462260.883,7.014769507793923e+20,49018.051946037645,2.2894435455621142e-20,4.198832766469707e-32,3.270997149255685e-44,712.9299702293434,48918673823535.76,2.6551622714086784e+16,2.932879298630564,1440454212657.1426,1.7331733364954056e-18,92.20449307680067,6.402762096152035e+21,3.5937465371478883e+21,6.465847364395087e+21,2.6250905959147525e+21,2.3814473202310343e+22,1.018424656643132e+23,9.990969737284557e+22,2.408629276850007e-29,1.4453072906221892e-11,2.18984816822668e-24,4.706426775759317e-07,1.0679477976144627e-06,4.0877486790593944e-30,49948656.04927533,18228.015384309485,0.0003434352144304,1.5071475487046592e-23,84.86477816145195,5.532786892774741e-26,24.7433309325506,2786112197880.1533,3.8024656836818564e-23,0.0013305349332925,0.0031277751596796,1.971485723625985e-35,3.0648516889921206e-10,9.777256052037236e-14,2.2379344313246454e-09,3.097646362438181e-23,16.513644216170615,6.58352975602946e-29,3.63110919666067e-34,1.4644232373720038e-06,7.75743053682696e-31,1.1289610899676862e-12,3.5985560516787636e-10,192196497.15177557,0.0,0.0,0.0,0.0,0.0,0.0,0.0,6.51559920876158e+21
1250.489019556114,38900.37130744142,11.985014121504491,15.978275169104116,11.209089177125266,13.24997447501796,14.187684055891763,0.0162871415321784,41046353.03802688,78184218489950.66,1.0087562008815711e-24,1396.6123446388974,0.0361337770176223,9.497699707367135e-27,8.944072687337618e-11,7.274724324296766e-13,0.038626324926958,7.458256433793841e-05,5.76173327767752e-26,4.701931663550626e-07,2.191471767838475e-24,2.8839921398150476e-24,6.547974665535103e-23,6.561359415353137e-15,7.106243242271799e-05,1.23041410195584e-23,3.4328657414341955e-19,2160825995.414941,5.348336645148331e-06,7.775654433093921e+18,1.5072037009058005e-21,8.766450510198753e-31,7.997174375949242e-49,6.334956736998293e-42,3.727627431879106e-40,2.47654750604408e-24,2.709685767372601e-06,3.990795251356612e-49,1.142762830548895e-46,3.586911207518465e-26,4.6149572534246475e-60,1.568213944010377e-39,7.956376998804612e-26,8.605595638207269e-33,2.839914545098766e-27,7.097315903059017e-68,1.6285480951720834e-64,5.603661191829798e-51,1.8626887811394308e-33,1.2995399568723229e-95,8.795584438364237e-89,5.451355332135938e-82,1.7238051262020342e-116,8.00330419232729,34049557303.08905,2.267329888016411e+16,2.836039475737129e+16,3.994632883203212e+16,2437772992334080.5,1.098043228759047e+16,0.0014434196281181,1221507163.1647172,1.3059010783681326,0.000149334698948,6.840831481250891e+18,49890215211582.1,1.6311002616953217e+19,9.48604593832894e-05,23.06360348355924,2.934211436140321e-15,7.177595935911742e+18,3.9407900016003875e+19,4886822890586281.0,0.0007772992093944,4.038167445230962e+20,3980919453565625.0,124300620073146.16,98101710801996.66,18844853077329.5,14.00128971702612,3021172753.64533,0.0005742055792891,2.1744429814608744e+23,2.11626722776091e+20,1.1744643935499532e+16,7.173768222983066e+21,1.381966358847716e-10,1.582574960678113e-26,5.979121131286466e-42,6.841662182557765e-58,1.4176519760466836e-72,1.202824522772887e-87,2.8122632811762893e-103,3.589556622894238e-48,4.342669485834742e-42,4.1980489172089946e-48,1.4274048541246953e-42,1.7754802272731595e-16,4.761690798288266e-49,5.341286864011125e-22,0.7230398345271566,3.924251168300738e-55,4.183397531712434e-26,1.7164752150004885e-12,2.089288544535468e-16,1.0875292912300554,6.803241846328477e-17,4.798875630607464e-31,4.424769752482838e-23,0.0297179303494416,9.80651124750251e-34,1.207620027376852e-19,896.0778871616099,8715752.110173482,1.7697412023739208e-20,5.248473646767965e-08,3.436841067597646e-14,6.432770275843413e-20,0.0031390939860921,0.0006816730399841,1938.451335463001,4.506295597574644e-22,4.504123092464147e-16,0.0,0.0,0.0,0.0,0.0,0.0,0.0,6.35266693381881e+21
2653.0266337009093,93418.7232631496,11.998177851166504,13.811193938740566,8.51143370078386,12.121607789822528,8.49797780150337,6474997912.047872,2.982728635915943e+16,2.410230229588579e+19,0.5417932035672082,107418979742543.98,731117108.647711,0.1272015624967874,368390.29841540294,57022.58154064326,1352933267.5249128,807963872.442218,0.2434095350438318,20025178.932047512,0.587897029165783,0.1200296324589297,0.3593406958851197,6866.846318592696,121091085.75829418,0.141534971175616,16.214695953396422,658347495591136.1,13670.10630720905,2.4864384417096607e+18,0.0034165206518494,1.747648366499343e-11,2.472311643415379e-14,2.7986938721945123e-11,8.635316090658431e-11,0.0003455118924992,3199.0053937069347,1.7760767515305237e-15,4.30237218650603e-15,1.560843772956658e-05,1.5229062115942865e-21,1.7132227341114436e-10,0.0002394514615413,1.4429726090127753e-08,0.0001033385981375,5.427492574378239e-26,2.505907241929055e-24,1.0606303168457612e-19,7.356333648928364e-11,6.936650830110453e-42,1.3739313727056383e-41,2.4389543841795337e-36,2.2907727175072235e-54,21315582698779.637,2.236282465127402e+17,3.706397813397787e+19,4.220778877040915e+19,6.841601367132488e+18,1.8502681095799095e+20,1.7504050940969134e+20,376555393.14501464,1.446900914178846e+17,7582114167758.004,12422161951.118343,3.5797811912589186e+21,1.0477385335778611e+19,2.7138651417037196e+16,74267160.20122547,10848360689925.066,185708.40851889207,2.2002320902640695e+21,9.81226274996083e+20,1.9495258830052104e+18,75758353.6374756,3.4283188452218293e+21,4.36412586242319e+18,4.173170883984404e+17,1.9808164247893664e+16,9169925681192634.0,1094431168240.5316,72015165093284.58,16324.27067782905,2.4367210731606293e+23,1.6713061510320036e+18,3.2388027439041552e+19,7.127028851374004e+17,29.855601807232677,1.8751403230810935e-10,3.371541704912672e-21,2.3116094611165113e-33,1.2719922322027285e-43,8.05228915993292e-54,3.6338740532237988e-65,1.4804636390986598e-11,6.084777779970383e-10,1.869148142240677e-11,9.075410540179327e-10,3605.680883641032,5.083331947801611e-12,0.5040655727889752,2943727705.7093487,3.28725373354658e-18,22.2896583603301,3965756.474265757,1582366.3742963215,1329432118830.9702,24.398906958148228,0.411297762841587,198.720211923602,1642202892333.4402,0.0057553973396596,1717.897486550555,107617986579432.16,258327465584352.75,1931.099037516561,160501342.09662834,1077237.3782694717,15314.512219186823,94936870647.7918,291482681219.6364,35845847260812.445,0.7574613699199083,42.7993690519073,0.0,0.0,0.0,0.0,0.0,0.0,0.0,6.321958223644734e+21
1245.941339200623,41442.74024615563,11.98410920337829,9.110375082370588,9.136229053615985,8.213239605030203,11.571733033832338,763573.4272967768,229813418283904.75,127.52995131846374,1.1564520206974569e-07,15.86773615462973,1491731378488.8125,0.0068688971060955,1017603302788.1326,8109564873.291709,848774505.3951683,116421938.034932,270845.87704212754,4691785867631.743,67737967751246.16,5.826738375851939e+20,0.0426161998961514,11.132806538207037,0.2357289940340388,2.6489479577618727e-10,7.679607764224283e-06,589483708411413.0,66815546723274.234,4160216195239.4033,9157402650.59256,255739063261452.62,1.2927412866118073e-14,0.7025049805136093,272348147.9104013,6.651553115629569,2.757433222298668e-05,11334303761362.316,5981.8936102283715,7.096573278026082,1.6042925758559912e-08,3.7417463612529666e-07,3.812977657004381e-05,0.02998718217024,9.897542842845208e-05,1.7048629509955682e-16,2.588430241806519e-06,5.208545715055208e-15,1.9369835935732223e-05,4.33933866346795e-27,2.374595614341939e-26,3.791402148335013e-17,8.43673117281506e-31,572055.1875482793,4740.743063598553,0.0059613493403427,0.0074613545558883,1.902282099538671e-14,25880440854.911102,0.2100037877727652,3.774825136400692e+17,4.463635117240559e+22,598728655074.2678,909578.9683737364,4.846847454481463e+20,6047.341011072299,0.3483066318721823,1.5881709370195266e+23,6.94271134150531e+19,678199518.1746103,165959.5644099192,1.6522249553630714e-06,3.585687356403913e-22,429045405.2554432,7.262866974196816e+16,1.2348167314526437,1.2154623844832603e-25,1.7456569510687106e-37,5.940482378762652e-50,2.9097951672195316e-05,244116847436.4987,2151078438377.732,0.6887548584744427,33779537165.286633,6.283020414080313e-20,2.1044747766535252,2.732048248182813e+17,1413363423261300.2,24157704906292.56,126838637651.15208,11938357747.94463,457014619.5507293,4863551.187580589,5.961103449301204e-39,2.449714448977089e-17,4.492623951566247e-32,5.1279710205412246e-11,4.462029338656402e-12,1.0620689879024043e-41,48.621695569302446,18.51732415500889,3.4318893475150457e-13,3.1347385899114356e-27,464.7433018690974,3.010319704349884e-29,579.069471715627,906166328192.0034,2.2043308941135068e-25,0.0699355166153899,0.2026806732047647,1.4441169067758345e-43,6.4515677275898e-14,3.2128146789448865e-19,1.8662865422574156e-11,3.9830038067231135e-32,0.000421310349362,1.4594138335049634e-37,1.4037867729280838e-39,2.536309715726947e-07,3.0440350810562046e-35,2.936038302491154e-13,2.780188788602795e-16,940558.5624574844,0.0,0.0,0.0,0.0,0.0,0.0,0.0,6.229290226510244e+21
1926.0471926014925,81255.38738104503,11.990350736132491,16.106216028031742,12.70272549682883,16.557952549691365,13.327037904666192,376634.0614975628,4047762929226.516,2.0011377789763546e+17,3.179440493484449e-07,273082137516.23657,12526347.766386889,3.169171478569287e-09,161.69707250646775,9.333696739313318,16760764.38319773,133957.47664710224,1.1398842582787436e-09,256.35689616960036,8.637997766496765e-10,4.036852797341736e-11,7.630112892669879e-11,3.814255537211212,3208808.601371731,3.7400861611906274e-05,0.0267825243029729,305613322874616.1,13805.19122727863,6.316247909087594e+19,6.335605717313095e-06,7.102642388026029e-13,1.9006934043834168e-22,5.177958417245235e-19,5.204878895591546e-19,8.932489810195417e-10,12.910742990722175,6.011508614782791e-27,3.8626912566213054e-26,2.2999877975021324e-13,5.889668276077406e-37,9.656878818276729e-16,2.718677783265307e-07,3.68987690517087e-11,4.349652340941824e-09,7.731397781695943e-35,1.8820114017893002e-33,3.5009179760340704e-23,8.577361729748449e-14,4.9081568135630925e-53,5.492963119113406e-57,1.0356772467352173e-42,1.2584461283083525e-66,2108938505.8897777,946644732254506.0,1.3708399658665613e+18,1.6128803177275054e+18,2.901052440174904e+17,3.1857706437615814e+17,2.7891266242234883e+17,349255.6655815537,4691178951563.57,72864042.93098171,525956.7656264097,4.1700914834148465e+18,871869234492863.6,1.6256179261545082e+16,5938.924542745798,29859939.51778076,0.0012171479757604,2.1365376072167145e+21,1.2204866098831517e+21,5.0271207840862976e+17,8701128.6024192,2.2457568628009932e+23,2.9620058353142178e+19,5.828349655342117e+17,3.66726693766185e+16,6987018714342038.0,336827151304.7431,68577136993437.94,68858.00174408723,7.726156540012816e+22,1.3309892079368238e+20,4.057689534974538e+17,1.3281863299518684e+20,11.109894521545389,8.295498988072089e-11,1.8330286720216085e-21,3.1321109027662816e-33,2.574930548643494e-43,1.6839757448322172e-53,1.2766710807172614e-64,7.788121037303892e-22,2.68804924222521e-19,1.2252098291476253e-22,3.377196256332132e-20,0.0087982959017969,2.1803914171074148e-21,1.480985400086604e-05,15785891.782705365,1.9835348376095518e-27,5.710091144530685e-09,0.1758071077739127,0.0099694987534882,4432552.059622787,0.0001086779347293,1.0974941508230093e-12,8.400201426156662e-09,90083.9919781838,5.7832676380104025e-12,0.0003633467178608,261996084584.3933,1487295549910.059,0.0087872211025785,67973.16898498157,40.806251483462695,0.0002359601476369,830170.1851031395,2243202.320196322,2127340494.0457892,5.348376121018416e-06,0.0021530660811146,0.0,0.0,0.0,0.0,0.0,0.0,0.0,6.21136827003526e+21
1981.4922443676255,31961.37461127094,11.989553441055875,15.922290858083644,16.679846004084226,11.18686315431264,15.118737579486986,357903447.785127,156839169084.58218,183502067.1336712,414302620189.0516,1921406.770716249,2289811192891275.5,88715422.84434192,6351568627404.986,405678388624.8702,262237822.75097463,856236892077.8392,589681.5432213082,33057866.445810303,7820.736506618477,6.59731651927785,4.135044557215101e-18,9411774912183.977,2983768111.6627502,378.8140215240543,224753.20704359308,5.585145473363682e+22,2.7930244271330823e+20,4.284634301812304e+18,4.367092596796971e+20,4.2815787441866335e+21,115788696067018.5,4479014917700091.0,78369258744827.69,23079.47752780297,4.9190773651762094e-05,470.10004942372746,1.527254055390445e-06,1.3653664412855166e-12,8.930547638225483e-30,1139920672305874.2,105031536144077.9,88678761103897.42,6.143194939498136e+17,1.6838956290998698e+19,6.88729968923696e+18,17525652873.006893,1.4454665602510191e+21,5.471718672137045e+18,2.352927445073121e-33,5.420510795090038e+17,5.449882620371056e+22,322.1382595290044,0.0551936651273058,3.5798609908433955e-08,4.198321363261229e-08,4.176487992099091e-18,5349389.28675827,0.0026413412560846,1340005809964.821,3281191643.95757,0.2198135458227941,5.183400622918363e-09,1134551.0251060606,1.736050925312146e-07,4.905351587165402e-17,455200522.1521838,0.0015903536971007,7.085592345224657e-21,4596265.106090582,0.0014333124018517,3.8712134140199173e-16,4996055271.144353,2137575455480.8728,0.198523546222703,1.4384446859787897e-21,4.901818764087591e-32,5.7307293056048226e-42,2.1045634780479743e-05,4662334681156.34,483852908910.0404,27384.952775862483,3224815415.3722,1.1197651870953387e-10,1.6492936282978123,1.784016218586765e+17,157123743406280.3,407939365568.8061,76258086.2958336,722000.797745155,5636.947627052415,4.867194160688119,7.440557929849409e-06,257.78245216356987,2.2560427968939377e-08,0.6538861506213453,244.5364907878835,6.406870591690413e-11,17451654155.596676,899795604.6642338,553606823188.6182,2.4056069838115368e-12,5.462709838213754,1.700070744300034e-15,0.0497710911748656,255577.33644671383,1.1463135826301988e-17,8.26048287936175e-09,2.983582081174049e-12,5.1901386950586205e-19,2.357430509177983e-06,2.941505266143647e-06,1.068269603122197e-09,1.272626094594856e-15,0.0007741583831457,2.6611273435866918e-21,2.3567245813069663e-15,0.5416930763567387,6.6649515366000735e-15,6.400578722187345e-07,6.134117400496345,252274444.0705843,0.0,0.0,0.0,0.0,0.0,0.0,0.0,6.013880694397621e+21
2415.245047297526,100638.12875950897,12.018745505764675,10.569383080460153,12.61547727860798,6.7043759682054125,5.572792529596596,1439071120322.2434,7.507129440741005e+16,12426888446.137316,111067982444841.31,718815863.0801361,3557642276549.088,291392756005645.4,3.4042592421163526e+17,4.079297206226374e+16,5328837255253.548,3.291111569629708e+16,9218268692091376.0,1.0607316794363248e+16,4.1845643926968134e+17,1.4738052378621875e+18,12.8246977550596,265508962201368.2,22792770675.60501,141769.4212184478,26139792.96382335,8.354059854410527e+21,2936433221589921.0,1.586784181442418e+17,8.016646208477928e+16,12684715352767.969,1.4065906945032804e+16,5.078113167154345e+20,2.9628910638260573e+22,1932094272817.149,382.43486781157696,5.600193877967696e+19,309784389336.9449,26318.761835012618,0.0096607283806158,1.7084591464346936e+16,172313629139766.5,222641076640642.53,9.822314446900468e+17,1.7195771619886508e+20,1.765626273862141e+23,14995201583.179304,2.523463654419698e+19,4.6422828342877766e+19,2.100049799250151e-08,2.825993048578069e+17,6.710551984251924e+22,1564349182.016034,77949.21590885909,0.0403174947266626,0.0463170291144725,1.3686951331979489e-11,1621264905465.0537,2672.1057077917035,21901944246842.92,6.423372125801539e+18,7723026905.683723,584.0956454833583,722698951857593.4,1885.2236208630409,2.1666446641695324e-12,58021093747482.83,202535880762.27167,0.569580571598464,124265814.26285385,0.1052754988233098,2.4554638061965114e-13,19152874.21195986,10273659319162.402,12.823882450125,2.5728036491309965e-18,2.315608328164348e-28,1.5190482393788838e-37,0.0253474240714696,1784787563.7918684,8325.902666036685,580469.0157522315,234201.12873015713,5.913681051295269e-08,0.0002211931459288,4521052360.835834,412.19138257020114,0.0001084589531501,1.3114458819603525e-12,1.1109451069023898e-18,9.788375886538022e-25,7.028059716200222e-32,0.0929660554634765,54816381.99957176,1.7430846898567744,1113837534.5119357,16954340.16523515,1.7405550814544765e-06,26091140780511.465,59671452571.63911,2765417476144380.0,0.0006275242677468,3533962530.7843895,1.840175375975757e-07,6561741.470906427,1027200705.6853602,8.964596791424475e-05,734915.7855727806,218.29629857909487,2.8652492361672676e-13,2.849089164844615,0.0004440715112656,1.958544657540082e-05,2.7268768546410177e-11,61.166129119763845,4.694510871237678e-17,8.793321372644692e-11,23520.46260047762,1.5147226267555533e-11,0.0261521853837121,0.168046546725062,130827003.75150304,0.0,0.0,0.0,0.0,0.0,0.0,0.0,5.984380396472326e+21
2866.4148894933505,119940.4321910962,12.003396379103538,15.28260094672954,12.589651949772511,18.494962505528346,18.882075429337927,7571070346.602786,157227788353321.22,215442862236806.8,25225365.41127969,3029230127631386.5,8.735778736121397e+19,10170.244757353528,37660824551.509735,7067547615.7832365,251685013.96938583,39831822.47274071,24.79057172660182,1515.9944900801092,0.0694779459097526,1.76051394534043e-05,6.737958823208945e-16,725690923559.078,21100556781.231647,152536868.73644772,12207323440.192389,7355286542776950.0,7184404433232879.0,44815163635159.64,1750348436208037.0,2.669272234279385e+17,7.50386284464899,6.619458268051873,0.0236390635637034,3.206081219538297e-07,8.786094219073121e-12,1.8104865454175217e-12,1.285350747896492e-17,1.1850589515822725e-19,9.017683836849335e-35,125139.33026946265,210642.4850217183,27888750.43032267,20417.148928524268,6.321568554010152e-05,2.9123768425804513e-06,0.0028772485107755,0.0746478935585019,6.551647696452619e-14,7.371756981056241e-53,2.062502701056056e-07,1.0045081073055845e-19,1044441087478.8134,18373637379.940166,7040671.719687764,7963470.74824655,4.477975461204955,2061236627426.4504,6996094.646688723,7.323472842198584e+16,924190555318.863,541343792.429775,5856151.902310836,39594925451.37657,690.8873150745726,0.2118212857002612,21592876233677.312,916493.7279596664,0.0004241600786476,6.720821115264792e+16,100580703356.0194,968.64346410058,5.437041014532312e+19,1.138587486943588e+23,804615538707093.8,1306.1744109030074,0.0002097508045315,4.0567396109928815e-10,928388609149811.6,1.3677326175030376e+19,1.249879647897161e+20,3726276873743.3926,4.6663398991579386e+17,3301.0639365311317,595894493991.2427,1.0533562813241565e+23,3.4886784653613907e+22,3.285727759273057e+22,1.0231043342161306e+21,2.8388835125559637e+21,9.814039653227044e+21,2.1743644829791803e+21,0.0258846867864339,0.0196229476560434,4.515864490692503e-05,4.274251570188253e-05,2453.979391308605,0.0515730479113409,15830978.253960015,46743.547032837465,0.0002758634940354,9.45493216882754,17025.39664565695,1.2477948227517526,8489.704295420132,2231601203.9933295,0.000395594299864,0.0030987541667576,0.7152172199898434,17.77760723737376,51663.04605640807,63972236060.73583,12791.407476124275,9947385.662964838,9420210037.060938,12916.281950063418,11.052365321504618,548584.4287250529,216.17946947933865,497.95376249986447,2516965716802.2476,2698359748309.719,0.0,0.0,0.0,0.0,0.0,0.0,0.0,5.717613454272091e+21
2836.7668527226847,104901.3053836789,11.98502393095438,13.52138484336535,12.12470486508477,11.397267635336638,10.633997522971512,33609330033.261047,1.1497560838044483e+17,4.8479310088417616e+19,116552.78691995326,221322263325128.1,1169852710874.738,39741.73443642772,16066882260.856468,2940811345.0536504,29704215747175.902,49566434285688.22,85182.75626911904,1618550775747.4805,212439.2638881309,47478.399473834994,116954.90107207598,339775512.1178996,2768071345594.7134,5953.352500862363,499146.4457582033,1.2234748437704978e+19,180539415912.0536,2.0942188683339804e+22,147624.8486321331,0.3608756222207387,0.0002067760954092,0.1709182223197803,0.5432716638698263,564400.7677827509,1200288051910.0608,2.8870001027166057e-05,5.3282561007579234e-05,39100.88399993729,6.26432050042373e-11,0.3467390616129274,170524.21013747176,7.674630361751888,177838.84059503858,1.11315105676829e-11,4.660123026722984e-10,1.2802988722376035e-06,1195.6125481495058,6.68372724238683e-23,1.4791905753457833e-22,2.010050171082423e-18,6.38539040352816e-31,64446577686401.734,3.169902214976698e+17,3.256728099700598e+19,3.686866733052267e+19,5.273216637588571e+18,4.090300842748815e+20,3.515878371199912e+20,835339758663.5808,5.981717513914995e+17,28859971314088.637,27533350961.328136,7.135615911614288e+21,2.9516906892024885e+19,1.084161991401401e+19,212079838267.82877,43367314266309.53,1336882.6216358433,1.4533139397787672e+21,5.556632467970801e+20,1.3031111876389407e+18,65025009134.50679,9.181231643595251e+20,1.5523775372576612e+18,1.5594022105577718e+17,6388534498897132.0,3068550232456776.5,553746441890.7167,5.156952645910874e+16,7266336987.9012575,2.3383767776923716e+23,5.004035269953018e+20,4.8410031365897904e+19,1.6567164710940505e+20,22646074.54703717,0.1116506110150113,1.566802332592935e-09,7.40592065605367e-19,3.077003452753887e-26,1.576030995600284e-33,5.2472242315604967e-42,1.64731775783201e-05,0.0004310102894207,2.5004780000458316e-05,0.0008114118793623,478948246.12122285,2.944027491729129e-06,39340.470507396734,100671460359820.88,4.071881257793733e-08,862.5082358997622,57957482.30812299,31405868.88987986,8208742287168.277,127315.67847155822,29.436695509932868,8093.791630016355,16007196027421.188,0.1556669262608887,16966.802492723782,207526545675843.28,352065626913616.56,9187.06573141577,319745495.3076907,3195875.59355736,310114.41927970515,592163248407.9025,1807547293578.9705,143421964324558.8,4827.178484898738,177980.8932626347,0.0,0.0,0.0,0.0,0.0,0.0,0.0,5.659742734917038e+21
1442.0493581119467,45518.12947576722,11.980959595235287,11.47432710803341,17.969638833936443,11.47819897589074,17.71803291797006,746291.2736041851,24527303.716558825,0.0014721940928707,3906594.208256513,1.1229695983777417,11121665388313.207,286.24377578823675,15662468881.638205,267733845.9502583,0.2737020726883543,1588.3570413845052,4.5517887212813495,0.0482806301907118,0.2984395397318288,0.0008411621500411,6.595068910322041e-39,1354901039.4207618,0.3830372116280597,3.704605282009212e-05,0.2566428605468018,1.69257295759352e+17,3000577406301796.0,14173216.271534912,2.0291165313492992e+20,1.5085612736395386e+23,6447264184.452282,18856638763672.727,1787945261873.5708,3.364088022222041e-11,3.4229549727059924e-32,0.2728006365265298,1.7430720406960396e-17,5.691417409168558e-36,3.585960588691608e-52,751469969870.8303,370863.5363841198,359086037617.6676,16986027299.715862,1.7504454242168566e+17,5.530878722418781e+17,42.449788972827584,34089092497.90141,1.1422412909837034e+17,9.33521178614897e-66,8.689906698211373e+16,7.756329637610296e+22,5.5224518049949725e-05,6.967753188898297e-15,4.278969487454148e-28,5.230215493872183e-28,3.1764879027358214e-46,0.0001142853573196,2.625734307924016e-22,2967815037.921343,1641783.946014754,3.8226468704355784e-08,1.1965043942326064e-17,0.0003211345345416,7.858405209285756e-27,9.868080447653483e-48,889442.068987548,1.2296783304474324e-09,8.12970290516113e-32,3.464958079674289e-05,7.657526033857064e-23,1.3991553975010792e-44,515628.3070434553,1495054582.5650446,3.694362720958071e-14,8.669633483581646e-52,2.4406053735113636e-70,4.4188635132527385e-89,2.285070265732019e-14,23121.237719795183,19966.56858536328,1.3551703705651236e-13,2.8869688463819568e-05,3.9165704422980403e-38,2.422094858727216e-22,5.939065243338339e+16,79600146565009.62,335281195458.3498,255492422.06258035,5094648.146242461,53261.54836335425,111.21814255179054,4.022524873494106e-19,0.0001305486590884,1.6845789456069905e-21,2.338303711615243e-07,2.348766347717874e-12,9.761636927533944e-26,36747206.27889699,2.781431374228686e-05,776688995.4605381,1.2892704896725848e-26,1.4976524645644335e-05,3.04210456298949e-36,1.9742128326142677e-13,307.1249258935318,3.2723793099649564e-33,5.0682183747260865e-17,4.7418666030092243e-29,1.3061665221962026e-36,3.934697939461536e-15,1.0489175220367542e-23,3.393666707078977e-29,3.9058615388840175e-31,5.259757255047245e-11,7.232948560948885e-44,6.331343717856748e-37,3.6012744678670144e-13,3.297642141126889e-41,2.659794768288168e-26,1.289994662276071e-09,394128.2608333869,0.0,0.0,0.0,0.0,0.0,0.0,0.0,5.33379109771083e+21
1513.2407867557504,75000.00900224116,12.031525592065451,12.981679628839794,13.270154852177887,13.216003702298462,14.009114270849189,2225267.8068116163,243763349480230.44,112979149.41791624,220.41154397587087,50667690.1905528,1.075242996873588e+16,42367.64599999046,2.7664300065830385e+18,5.9403374281144264e+16,5.639907411946093e+17,790146409203117.0,1264615834.152467,5.4448469657463816e+16,136988269262641.6,6.819722093111084e+17,3785.72845530981,179856080965.42337,519713890662.23175,65054.235512570034,294187095.1760962,1.0768055835899017e+22,5.849721256590706e+22,8.896266533179169e+21,6.797836056413197e+17,9.122540831148945e+22,2.0371870050273104,6136677588.574981,943492384106573.6,2877076241810.048,335313403357.8652,1288774553298055.8,1626516564.2643552,63507510720.293106,0.0139307841241546,580148096.9081734,2156173878695.2944,760256224851916.9,18381741281.12215,171.3105131788107,834188965.6658571,7474588256.044609,874155090510830.1,0.0007446108918413,9.453249791108544e-07,5587232667.923748,0.001846171681968,6727637813.76285,8999636558.777033,8322573.298536937,10100892.46352187,0.1483582008925597,16186764018535.38,945072.6993307384,7.175684843855619e+18,2.9183328997307195e+19,10133681890122.316,25096200549.411076,6.3511291714781405e+19,70555910.80698934,2629886943.3745093,4.788295678135206e+21,5.480368520537634e+17,2012749417.674148,10132471986491.98,529223.6482992993,3.4144975102375205e-06,3654369092497888.0,7.476523517309262e+22,76734470536.06734,1.6131661298554854e-06,1.0384356225193496e-14,5.776541873780266e-23,43129366.93189374,2.2430584978501965e+17,5.146982628970124e+19,113903588.37798844,2.541347306989881e+18,1.723477679410814e-06,434745821705.67944,1.0608104074047669e+22,5.056829364584794e+21,7.476428460579332e+21,1.7066183087394437e+21,1.1417783184715833e+22,4.32396181111243e+22,2.959871484064333e+22,5.8158305616723815e-22,1.2649432249178966e-08,5.0294027852060234e-18,5.297607575905088e-05,9.216123981171895,9.843097974859626e-22,3183533988.490555,40690543190.96232,0.1457720024918561,7.95319802431242e-18,310.31032774187435,2.2897581186255337e-17,38775.984751217,861757166025.5012,7.30120000190506e-18,0.0065652944676432,352.8611255457434,5.234676347035436e-27,5.064087488596313e-07,3.668877440670296e-05,0.265817615919612,2.571978514577084e-15,13449.70868223619,7.25121907142443e-18,3.0280981230429227e-24,0.0440535846285085,9.612219793244366e-19,5.290052055325497e-05,2.2544950244868648e-05,480574100.8438236,0.0,0.0,0.0,0.0,0.0,0.0,0.0,5.285110231309776e+21
1254.031747845744,33792.697331153126,12.00088814137619,10.977700582674943,12.243043605393137,9.54634906954756,16.464337566907464,75888.90692054933,315386986492.1153,3238.051025261618,4.615901251949731e-06,22.947839150789576,188338442546252.8,0.0003044705825102,36621645916.57821,302606607.578612,574728690.776414,79723166.29876192,12.644308169343985,3485301430.694766,3262893.8679291387,29267951310.65757,9.830247913781427e-10,402.02470810631434,156.7396246389961,1.1372344054796993e-08,0.000308007964084,3.0570779494725677e+17,3.639850928467295e+18,3.95045240510772e+16,29628155196878.895,7.991284363882078e+19,1.4266024639157488e-11,0.7419788212915354,295762.0866870211,2.62439899688789,0.0037463691565065,15826.531519006465,0.0001707605585933,7.006387124698098e-05,1.377318997364031e-20,0.000375382677871,0.6714173167675938,27.868740393929723,1.6907063444563954,4.739326227250756e-12,7.342608480927798e-05,2.6125213856780907e-09,146.37937790932892,3.4206644649413656e-21,5.0839534826324084e-33,2.6751215041743038e-11,1.7166837587092077e-23,923.246909782697,141.79875719202414,0.0034915410920024,0.0043651730563258,2.349367015189914e-13,690429332.5348618,0.1192683481872775,5.253891746153557e+16,6.404608148003696e+16,1041894.0458299464,1.7344953141893928,1.2994827017275058e+16,3.7828544442323393,7.671014668456166,2.3916182995677155e+19,124987102514.79256,0.0017354735665322,4115629.477453975,0.0008622390573849,4.1935561233606914e-18,58689517319.47704,8.433854257098995e+16,32.9808551232965,1.5490765918909353e-21,4.6522826286976677e-32,3.4721664204143997e-43,4.742490082615102e-05,566374866776197.4,5.1288876133727475e+17,325.884163046163,1416755294297386.0,7.096124490856092e-16,1813560.657335013,3.347163786084963e+21,1.863344608019721e+21,3.4184537145801195e+21,1.8787230099671776e+21,1.8844078633096256e+22,7.780037383313875e+22,8.791331052981089e+22,4.756121134688813e-36,8.918501910437239e-17,3.83322342314799e-32,2.038691141623438e-13,5.064067303104255e-11,9.107458221003402e-39,137.37291429195662,16842.560538188103,2.919515230807799e-11,9.895657254191683e-29,0.0599942082870974,1.8020934248796e-29,1.3621097808777167,10821293087.33626,8.131252100784575e-30,1.1505355248909396e-08,1.1000400106458328e-07,5.0851392626274104e-42,9.224127055629271e-15,1.411418098413951e-16,8.315699845420897e-10,1.1986551850167984e-30,5.305613084535374e-05,8.613465655826091e-35,8.204153748617058e-37,5.804952903595828e-07,3.0210382387690337e-31,1.3330731200863154e-11,6.639147643953468e-13,10314004.488832964,0.0,0.0,0.0,0.0,0.0,0.0,0.0,5.210563153386479e+21
2900.167886187153,55284.09503613707,11.97333259795112,12.718763076243842,13.580993349532138,7.426471473747116,9.740918432510323,2174026977312.3833,5.198772134771003e+16,9520041702389.955,7477890564851592.0,47066305394.34574,1.2669749515039142e+16,847950910109358.5,3.1197256176288984e+16,6019501572204066.0,7320789452166.738,9.969179888486158e+16,556619439768325.4,1050267966664895.6,414596599447458.94,28199324025549.895,1.612089093031065,2322327501445266.5,2337767747976.0156,6549703.067296461,497689472.66867167,5.709651525503648e+22,7.073881038544062e+18,1.2009082132230984e+19,5.330409622960525e+19,9.651972846295428e+17,4.963328837197492e+17,1.0986458098680865e+20,1.04250917656453e+20,1738704333499.8044,57861.338919641734,653349414235756.4,174566914.32174903,1895.6849954420156,4.0870097121463915e-06,9.013123205000349e+16,5010965743727789.0,221767634580344.03,4.088151277008403e+19,8.63853779925986e+20,1.0328044391932872e+22,183182859164.6405,1.0379688242934906e+21,2.06364089394444e+20,1.917840833676024e-10,8.205993098146933e+16,6.7240309207631575e+22,4571041682.666901,2790354.7137436545,38.880602134538314,43.93272263076244,9.52554182765856e-07,24449195130419.41,3215247.905364408,2963604965630496.5,8.169572886718717e+16,650683556.5361285,88.70471332129094,122017175439857.05,88787.98253227191,4.092151480486776e-06,240888201851266.25,293612492.7499171,0.0005463193935812,34009466110.21855,1952.801708671347,7.612237379458359e-07,97979961015.9922,17364113696480.094,5065.130000227518,1.2845233078143567e-11,7.927934362114956e-20,6.071185383953177e-27,2.170294290999836,68300904715395.82,77377053984.11768,5730052931.771246,79337426388.40704,0.2150878326980598,3824.34411846783,1810723463156244.5,77323377754.28595,9379903.21567314,36.844642950667435,0.0130960493847656,5.868383610041572e-06,1.658769301951916e-10,46224.08123370877,1547504804.654169,21974.94705345465,925170344.9555064,32017653641.65609,1.138844931743561,11920034481945.14,3448762643603.991,4249757375187785.0,21.02929321948199,1532907218.6704514,0.0977357340792702,26061767.293273147,22697186007.388687,0.2576305648671544,87454.78335014798,3477.3618815167492,1.942760465648097e-06,227.26843337824496,177.31472747771022,0.062703425924744,1.1223374481006254e-05,437.6125678940183,5.303427190968115e-10,0.0032867257298693,6383781.21324253,0.0020778954117773,211.81694748237737,2105580.4659909825,100072923442.24625,0.0,0.0,0.0,0.0,0.0,0.0,0.0,5.141354163373822e+21
1212.656822078403,22207.9575339557,11.97084351163544,6.455981715986678,14.291299823875692,10.246705213556885,12.33728849690038,178808.7447628625,1583210086.5137792,8.549514090474682e-09,1272.1163514417617,0.00156412011238,11693958263.464046,1281.236594753416,218219396478542.9,1490836189681.806,43.68262936237119,12055.35067081827,1073266.232260371,9102.475242461707,6223468281.19671,1186501042047.623,1.6533062871535147e-30,88807182.37708975,0.0004949176148787,4.796424501344194e-07,0.0185771707376081,7518073607598962.0,14617313559254.242,14299.2933046806,5.202686967809077e+18,3.563115156337463e+21,7461730.158244089,1.2945285978601944e+16,1.1813247828751635e+20,1.4892926025084294e-07,4.000902752165155e-32,1183740507833231.2,0.0001053492931941,7.959181922960667e-27,6.473298059473449e-36,153519563232.01276,5046.2920582693305,8070901145086.004,31460655.730024327,7669536025507443.0,2.8309132928017886e+21,15.103413879719374,154529008.20199183,9204719419539048.0,2.1540359884407415e-51,2.894185085341382e+19,1.2581775138760893e+23,0.0009363811655608,1.985995105535507e-15,5.0585368148415105e-31,6.361781061448293e-31,2.3861635838754906e-52,3.723161888612002e-05,4.287108632442167e-26,51768269131.29693,6738468825735.563,0.0188401304355289,9.188133458394972e-12,18.080031032828423,2.168139328065496e-26,1.5575630107910083e-51,412635697576.04095,50.0894939242651,1.3760437848547909e-18,5.825654633761421e-09,8.645855045138303e-30,2.140847539967243e-55,1132.8275429110274,8625561898.512918,1.4978936251519385e-17,2.385251710972817e-62,5.2483570707045325e-84,2.2335838768891075e-106,3.8714187602503893e-16,0.5077343384074909,0.0842168666958993,1.1543219473644378e-20,1.9991335111682807e-11,9.183857282774086e-50,2.0556900171531747e-31,51454541481697.234,4119848802.602928,1102077.4669796848,100.76103860094952,0.1530279422838928,8.983256566271063e-05,1.5664326720807596e-08,1.5105381765671176e-29,9.085801238653901e-08,2.2664675327469024e-27,3.462387675700982e-06,2.3624961726669095e-16,9.380285388324997e-36,251161169.58097285,1.7423721486054837e-08,136612762.7327548,2.737442821653323e-33,0.0009468818183672,6.099883097955028e-45,3.2442196221642777e-13,54334.256579313245,2.6285713743996705e-36,1.345381921068904e-12,4.371871683358686e-26,1.4166446077662204e-48,1.5220297688077937e-18,4.343132027925017e-33,4.3614053248132967e-35,3.610324982377561e-40,8.078879530223922e-12,2.6622903685607576e-55,1.189570119371595e-50,6.027961147946672e-18,9.57488130020455e-56,1.336915709191057e-33,6.351403361564796e-19,3061.426152428036,0.0,0.0,0.0,0.0,0.0,0.0,0.0,5.130382737553336e+21
1256.368744611627,36656.21504614895,11.96565348044055,11.287187000760952,13.096135267461332,12.35776601524548,12.126796577549158,42891.80809923939,54631247888.030624,0.0939189129140262,6451.4317309088065,0.7617055212322942,120054138111.72688,69375.44271758197,2.3475888349981542e+17,1960045993731905.5,98069120257.45604,456985310200.2777,462618648.1191831,3235222627014.777,19056582707357.54,2.736941029952241e+16,7.017514148879233e-13,16305851831.508097,168176.673817679,0.0144747783951702,384.4668517591081,1.0228803883945146e+22,7.364827920103078e+19,3.491141777701995e+16,2.324956088864504e+19,3.701997199962204e+22,25085484.07542348,2.038324126655642e+17,1.2956980927797475e+22,82071944.68619156,8.235732640090774e-05,1.8649089984516796e+19,5484944.798235725,0.0015840091164135,3.3712956345071504e-16,19181690594569.754,895249895650.0211,4.160666774341002e+16,74833059289419.73,1.0208747501277086e+16,2.5167722424933093e+22,132006401641.38309,2.0713694356258495e+20,9337761531414182.0,1.3633851014589282e-19,6.30935368076526e+22,5.780941408155662e+22,5.003011769545134,2.036528046717937e-05,1.3501685064243021e-14,1.6874552980441613e-14,2.4985401689938537e-29,3213.349162229992,1.530787153330414e-11,5448346361200.141,1777648487247386.5,912.6963394289836,4.658100947837084e-05,9581789631.110373,7.896733054525762e-11,6.754732240657247e-23,401322814758218.75,17490820.379857954,1.269063072708928e-09,3.5409496946266112,2.0390252648011344e-14,2.7753599302757642e-33,1143187.1652148005,78508272744072.86,8.656186168207297e-07,3.137974568964922e-38,2.585649837978121e-53,5.367325982810472e-69,1.4528516223117663e-09,9545292.143888986,5194487.6208445765,2.5091006868882e-07,628.3303359886443,1.5569196157862808e-29,2.19566119709752e-11,1261274430195181.0,427550165461.9777,477272767.37258416,158460.45005511362,965.1251119800528,2.42790460349559,0.0016641994519191,1.4317367477350716e-26,6.873900571388067e-08,1.860968510811584e-23,2.5493454096641214e-05,5.925384430617157e-07,8.358463267204574e-31,2940476918.496388,8323.9031481904,26978122.637268264,3.8434432116267427e-29,0.0057816432854121,1.8672956369124e-34,3.4621627683266465e-06,608083.5801181105,5.224291262440684e-31,1.8803004009053695e-10,2.773868174904276e-14,3.846820635491121e-43,1.7278433776602591e-16,2.5265110954972044e-22,1.0641146698005864e-20,2.588799568372561e-33,2.8620007964237273e-08,5.011033916214375e-42,5.33658673056041e-41,9.25363362783442e-12,5.079389069393927e-40,5.7429674117436736e-21,8.971881114472717e-16,3575.1024029757227,0.0,0.0,0.0,0.0,0.0,0.0,0.0,5.007445951205804e+21
1238.2798307004598,32622.718017273924,11.972425221428544,11.257763559469996,13.09285704935466,12.3894204566354,12.10835040708475,27277.137288586015,36679663779.38904,0.0379292479887615,3033.7532368433094,0.3536101808480617,73602492901.86855,35234.23659905522,2.023628198080887e+17,1557659828697815.5,66918207868.25034,286035064178.1984,285822217.3137495,2305212818863.775,14998793559281.014,2.6797208993321064e+16,2.400443043031987e-13,10205442376.326303,87469.7802666412,0.0065303969018242,202.09399110871536,8.744462420837724e+21,5.834007624337011e+19,2.511401539839462e+16,1.8129730201998948e+19,3.2302338771508527e+22,12651967.718092712,1.5504510394780845e+17,1.2654674162099723e+22,47388534.26311083,3.1709485297034936e-05,1.9346375827366216e+19,3738356.901417593,0.0007129307801468,1.1851889460993166e-16,12738231457133.244,550105096954.0499,3.487486863763512e+16,46309625727109.81,6805904863169773.0,2.191328082200906e+22,86492066977.86731,1.5658706321646128e+20,6308094855906734.0,4.151102507372381e-20,6.177740430077196e+22,4.887252548685755e+22,2.4810305033145936,8.270566110271827e-06,3.9684090021346595e-15,4.972312259922003e-15,4.5008117472310346e-30,1587.1620099401912,4.5355997643429726e-12,3667614798881.08,1475972780665859.0,522.3214565813162,2.3074073845537893e-05,6396169467.779345,2.5741093188011708e-11,1.4455971076314728e-23,309360613526680.5,12676261.380236002,6.06656314106057e-10,1.6027193427109556,5.6820339117241256e-15,4.1341942549602815e-34,622299.2738193624,63415517913916.89,3.525678803093537e-07,4.096862055211154e-39,2.1081414406707328e-54,2.4554798706108775e-70,5.827070441219378e-10,4884588.150541407,2587175.4391075713,8.196591021661836e-08,278.4517133152744,2.359568185151899e-30,6.320891894067796e-12,856099034522384.2,254718687335.2077,251022003.10428447,77840.80173334184,425.3412483699933,0.9344870927021188,0.000579346574461,2.2664434235919304e-27,2.4925502657886825e-08,3.4630640543833885e-24,1.036767614358041e-05,1.9016642041774177e-07,1.196229011314735e-31,2002749227.419103,4136.82706883129,15308030.934043275,6.33778347482984e-30,0.0027932288034235,2.3947881130663684e-35,1.4228736071745693e-06,362101.36289960874,8.299214052684212e-32,7.202642245216238e-11,8.280682247785244e-15,3.8602152490786027e-44,5.1617665600678656e-17,5.049129718585578e-23,2.6521670249605373e-21,3.929314000207498e-34,1.2085885475775441e-08,5.485661389527099e-43,5.2853593923753357e-42,2.9590520908150297e-12,5.01335004829713e-41,1.290818869413906e-21,2.0963519086552928e-16,1886.45581916108,0.0,0.0,0.0,0.0,0.0,0.0,0.0,4.969433233578065e+21
2434.196210499314,67124.2732022685,11.992090881988066,15.262226674061754,8.608760247918404,7.074464913152805,13.523801628482357,1505539532.5666735,1263153774822679.5,7.866872801900029e+18,0.0002881370218279,20451001.150630288,273804078050.52173,1.1171537931963936e-05,0.0002600038583895,3.185817261492786e-05,2.143968512904481,587179.8256278387,5.04880351385395e-06,2759.7702750553276,3.2372214587159273e-06,1.6222780108554e-07,4.5998986107997505e-07,1.4659505559688571e-05,0.6552415773991288,1.9792538650155528e-16,3.5013899856771415e-14,9050219880162.91,219575.94268388845,8.923998962017746e+16,0.0121640696494178,1.2607616901030148e-07,7.547477674989901e-20,3.675635881199348e-17,3.027249533843249e-17,5.543479084788991e-10,0.0300060845220101,1.2832623249088781e-23,3.94672015567043e-23,9.129438724838793e-13,1.6591112544903256e-31,1.9631420927928546e-21,9.970166233992866e-15,5.5381812076453955e-25,2.465068809542669e-09,1.7967317223084785e-33,2.5710947025947256e-32,4.159388750333683e-38,6.26088928506733e-17,1.0266757998733824e-51,4.088407998593867e-55,3.012307262862474e-57,2.949671986490112e-66,658897.5746066299,17133194763.874563,4795385282382.797,5504829656699.477,922371077317.042,1.4627915171402602e+19,1.3724943312865657e+19,24768708596.805058,1535441603305359.2,47176.93542526709,8.57954924921314e-05,9.049643151759714e+19,1.4243745920325795e+17,3.036799522271599e+18,954285317.7380998,17512.874873412944,1.9326548604301388e-11,1755316258653494.8,840281569212688.8,1154498887052.6216,35092.574460808224,5771362195.12566,4310587.743195551,289441.9049228082,14717.256621034789,5596.767861256861,3.998689294742982e-07,7.125088393874438e+16,22564090263.223804,1.922320104053821e+23,4.805644311796872e+21,1.1973974342544906e+19,2.5303835855811007e+21,22786294.235525057,0.1453403567594485,2.673643358423417e-09,2.22400367550904e-18,1.3113305757715349e-25,8.111379656715772e-33,4.042503728221993e-41,3.554229353764639e-16,1.4028321530902634e-13,9.60918917630235e-17,4.1433245004859575e-14,0.3972052061068051,1.5774149618924356e-22,1.2902545919251387e-09,34060262.732853495,1.3174222391182834e-23,0.0169831962826598,59773.563693266326,2630.988628264629,57160687012.65014,1097.905779342006,3.701520848154392e-05,0.2002035604502169,562400458.762048,1.3584752093114936e-11,8.40476395350195e-05,8571925.03582185,147985804.83399677,2.6557472779382596e-11,3.77525298476561e-05,2.4766583051629592e-08,89.57084622984375,14575741503.332035,7614062753.414525,8816531434720.549,18.41232060764325,9629.859493128975,0.0,0.0,0.0,0.0,0.0,0.0,0.0,4.914002348505227e+21
1214.874465070928,36771.19991944223,12.038995252018,14.61722964627866,16.989830321500307,17.47649082590807,13.6183425567983,0.7410975295006604,947393231.7800604,0.2731470045618819,3.876577108047546,7836.182412107411,21294610404.73012,2.1969066467576663,1.5849214947807242e+18,1.0942441781843426e+16,9290221430285.951,571586678.9065341,1019.6746191403712,241190216.3172176,3256581.9601548975,343013386.61869675,4.4199579662297025e-19,1182990886828.1453,191833813.79945576,30235.894821188303,1148116329.480046,6.024149979804206e+20,2.021687662048923e+18,3.3285919195459704e+16,2.538092002786802e+16,2.9279270701078622e+19,62.27502124055729,58219405731.46164,292312494220072.0,318.34534977604096,7.27415090512993e-08,938690515.0959668,0.0025059307895939,1.6121414000262704e-10,1.5391788172092506e-27,5608318212220.049,5290163239233.882,1.2976946603193983e+21,7264279761.277049,170633406.153342,34576623742541.062,196833033160719.7,2729706910654484.5,564952.3701507045,3.216191962961526e-33,3.4832776865922685e+22,20730414713.412018,2643.448646823746,0.1634528905915054,1.2333035742914015e-09,1.5505349326984911e-09,1.7608547301235026e-23,658.6320352040609,2.3019276992856576e-11,52930753885.24021,2229500666775.552,29671.56638922518,66.87616356880353,174819076.13254613,6.534784887293061e-12,6.83803268639005e-22,235603088435.20035,43481968.12997025,3.2496228918594376e-06,831908.3532915055,3.7348388724287394e-08,2.849118167050596e-26,9502551825.55606,1.8246054401208816e+23,9835.819982171024,1.4646985732082664e-26,9.730832650708452e-41,1.2678575572328655e-55,40670.13550782676,26888929.63928055,7649657.316689124,1.0769034904403096e-05,30642.746455968852,2.6885213381147415e-27,9.46564961119868e-09,158052238912133.94,21997400717.07588,10220692.584602548,1611.2828854931438,4.241526280464999,0.0043307878135273,1.3075604334309237e-06,1.3558094258138198e-26,1.1193578469475224e-15,1.1321817929611027e-24,2.388612342778079e-14,3.1243058977659427e-06,3.869318076617973e-26,12936116.741136285,0.1663249786268102,0.0043895156371759,5.025841994406348e-28,2.311329189445444e-09,3.28696271097146e-32,2.2974645049476127e-11,0.2206472710582608,2.755939277010068e-31,1.9232923994023e-18,6.820580116262207e-14,2.2138453090765307e-36,3.155822027642293e-17,1.763725895331134e-13,7.4719331975157455e-19,2.425794663618049e-21,0.0007265517903896,5.301314197012893e-29,1.1662742572302344e-37,7.759268813716666e-16,2.668148621366132e-35,5.1173359943625795e-24,3.3523273385248034e-13,0.0222196937560221,0.0,0.0,0.0,0.0,0.0,0.0,0.0,4.900498520789205e+21
1787.8134119754448,40050.72728411983,12.041717296735008,10.832685852105945,15.132790062854715,8.033923185734162,14.53545531892924,1131078270.2496693,1210286273039.679,1921.354140695859,15989071694.24256,6585.724783920241,1116041945937313.2,243731532.36396092,25895867229379.695,1129812951891.5708,258915.6459289658,4617967074.946893,203023435.91185528,16100138.843911778,414763868.4035681,48025201.62894448,1.1000876259308711e-19,174253695200.7459,16510.426694785492,0.1834654352525955,221.1465223422025,2.6475713625049338e+19,4.285884416527404e+17,642967425426.6101,8.748027910373727e+20,6.741595649535703e+22,8183576047907.061,1.0719933440369718e+17,2.953735150656947e+17,3.7823513383988954,6.242888647908437e-16,5761090065.615048,0.0018517219169599,1.1895261574332486e-16,8.327388678408813e-28,35562227796853.055,1658851860.0490365,1012854228588.9744,80819487882473.81,5.966530197921412e+18,4.346824856225701e+20,58263.60024936376,451969176316910.4,2.5440487182819625e+18,9.384158927696694e-38,2.118064818359528e+16,9.346184153517562e+22,75.4460927662863,3.6748804652647032e-06,3.719679436772278e-16,4.4154678667433364e-16,3.099081179634769e-30,7258.863621086606,2.3466500715522287e-10,50681725349632.29,3462395551113.869,5.027008019307896,7.3268009026240306e-09,316589.0657821656,1.1909643103178261e-12,1.115417939142991e-28,1611439194191.152,5.424709180651698,2.0121864478185938e-17,10.305776167427876,2.3779146572679737e-13,2.389952351561795e-30,173911513.3257044,12452293221.098314,3.2896289956093384e-08,5.8884005669290594e-37,1.5357524410101062e-51,8.551635612093367e-66,5.48831166379885e-10,711750635.885303,308651550.20544803,7.766724818762468e-05,181.26856860180305,6.1793635230812694e-24,8.710963746150833e-12,6.698975084470766e+17,1501897939364863.5,10080904312741.889,6369810852.559798,168135962.31657505,3200633.4746579244,8029.498645779757,6.141769773380671e-11,81.80666952406246,1.99183071026502e-11,18.534328592937563,0.0020174451813127,4.091459432006062e-17,13511554023.625906,672.7524635104795,1913798691833.868,9.012579651683375e-16,250.84337152252135,1.4487671844767131e-22,0.0007961462127754,157369506.03142312,1.7832035074778649e-19,6.285490791942715e-06,3.3440869721937564e-14,4.736203821606024e-26,2.8426090487775293e-08,5.0681581136956456e-15,2.923956077963791e-18,1.0170101178904792e-22,5.954093722009379e-06,3.2530032525871617e-32,1.1900992007380258e-24,5.292141731027079e-05,2.441075885819362e-27,8.722036277899747e-15,0.0011490659492076,1699756655.62227,0.0,0.0,0.0,0.0,0.0,0.0,0.0,4.6318440980827503e+21
1413.1116008696818,43571.92258902482,11.999877964872008,16.94629437831272,11.243976495071347,12.86751013100305,13.851285803594166,16.863276672804307,1044129716.5343908,1235928779964805.5,2.2605789165124622e-20,44378.53597117971,2.3565479010846637,1.2593575912465403e-22,1.3243021031601198e-09,2.0498001683569893e-11,0.0441299016074271,0.0022900694262018,1.7612675160183033e-22,5.640817247648051e-06,1.0738358329807314e-21,2.7339448423757977e-22,3.805475027774974e-21,1.1209435602183825e-12,0.0006403343889668,2.067670405329825e-21,1.7249973273053432e-17,5162480044.254104,3.200690595511771e-05,8.870607483249914e+17,8.382090903808963e-19,2.744011919986376e-28,5.9026285836598675e-43,1.9722244245344097e-37,1.753723976137151e-36,1.1130621461204875e-22,4.440286425667193e-07,1.3795482026629909e-45,1.3370688738897341e-43,1.6818941842426195e-25,1.4827467427229946e-56,9.682805874059762e-36,1.102491981364681e-23,6.190939428391924e-31,5.057837085081473e-24,3.279528588872457e-61,9.929531319987105e-59,1.9895685054715063e-48,4.765089942339924e-31,3.1438766298668295e-87,4.363670633063968e-85,3.807373657238079e-77,4.070921165689555e-107,163.8310297076756,41091548585.32142,4307568163939142.5,5281429500855331.0,4455153165747670.5,8499035754011018.0,2.653441200723115e+16,0.0488098893810877,6276132364.38919,9.352316722041609,0.000246994991939,2.388951686903248e+18,61725171591038.97,1.1434616432394387e+17,0.0011945226949009,27.76700519239651,7.67629617146711e-15,3.371505338058e+18,1.0450031567045964e+19,2249582727654636.0,0.0095253967120142,1.1721225207207342e+19,317921553743967.7,11949788210077.088,4789452952309.793,1085089482521.1848,7.659395790770059,9973677492.170788,0.0032035201343807,2.229414490253916e+23,2.6494340996453417e+19,6.3929593637911704e+16,3.3253039460456864e+20,5.482027252129888e-09,2.4075345591879207e-24,3.3428002420533345e-39,8.996367486770675e-55,6.030929176306175e-69,2.050362615125391e-83,1.4539143345193326e-98,1.5618711469651015e-41,2.16809837767547e-35,5.5183164663769065e-42,3.101316607544666e-36,3.7958343782936685e-14,3.3772835007739594e-43,1.3293529796351305e-18,43.73021704796705,3.239215092340317e-48,2.5057644344381403e-21,1.6816529246891393e-08,1.1051772640835413e-12,462.44698539327334,1.7181531527891629e-13,4.204923861662171e-26,2.965175437330999e-18,0.2316991666478784,2.016263728349069e-28,3.578266008805474e-15,9541.00827679118,159282353.99001226,1.00782412513119e-17,7.360930043248691e-06,3.1709448838432746e-12,2.4223988327502372e-15,8.962894439414415,0.3190777711589749,1092341.2361147297,2.1348245691525053e-18,2.7413923015190356e-12,0.0,0.0,0.0,0.0,0.0,0.0,0.0,4.4947817671606885e+21
1667.817489420754,66065.71661898363,11.995610709491508,14.056321897048417,16.592901815046147,14.653210754613973,17.245047997832398,6603780.557510917,31987533486633.64,13128624.16638478,57825.73614708785,201604609.4012649,6.407415483975049e+16,119966.20303610429,3.4206000616093412e+16,1126834383089947.5,23702454470159.812,733603274874.9438,20591459.14615317,415568256676.8053,10114151203.296185,258982913700.72675,3.6963677722965385e-07,734938538233.9696,5651584090.942217,106452.39372453927,216559429.51265755,1.1907081648495372e+20,4.50111969827947e+20,2.4502531198225776e+17,5.65603798784259e+18,1.955463136717106e+23,1840.1843015636823,10362913733.700891,6995445660456.154,344377.14658695384,0.3362870148334176,1824934875.3628545,21.113958765301327,0.0075508312277065,1.5857694734072749e-15,8818459214.422224,48963647659.53145,240978477138021.8,5676109258.583702,174399.06020521614,3362147572.8917527,43933442.77299888,473495753389.1571,3.661649921186576,5.9451279023484574e-24,19963683049.799988,14.07151622413283,304327349.0521517,1156121.2946635713,5.888605451031962,7.052079521521992,1.3883989126786143e-09,10461211290.074965,8.95977469638601,4.211691179477339e+17,2.0072634869574416e+16,3479955705.487698,1314966.3636371524,135425593018109.16,6.575287090837864,0.0010446366252629,2.230089002158292e+18,882501117487.0245,34.05066900811652,45329325499.704895,30.308238564964206,5.343678891459667e-12,2865159713048093.5,1.1266695110151526e+21,42808056.86898157,3.585438376815145e-13,2.795206304639577e-23,3.2603603716800177e-33,1867528.365957205,3418249661976236.0,4.1567424778998554e+17,39876.58934008223,82179510422897.67,3.441742848171254e-11,136765.9162930303,1.691210582387615e+22,7.399174870983825e+21,9.818136939461475e+21,1.4927715685176742e+21,8.235152420383301e+21,2.973897145717584e+22,1.6061036953701456e+22,1.7817413537669392e-16,3.461374580266541e-06,1.0592704155061487e-14,0.0001248453771922,1.096215416979048,3.61659407330081e-17,2203617439.9375143,2067558.4489005296,18.688410618393288,6.415250633386557e-15,61.09916382815896,6.801857914604157e-17,17.4880304105589,25093101732.2414,1.1619247612919208e-16,7.129606096539673e-05,0.0031918196042016,2.509327845261828e-22,5.446909994362915e-06,4.581580636644907e-05,7.278549416948553e-06,9.786098805928817e-13,1639.9437094446814,1.552433725935078e-17,2.179365037906307e-21,0.0046406544314233,6.929635024000783e-19,3.5270509424459186e-08,0.0814398847517099,1672249418.5328026,0.0,0.0,0.0,0.0,0.0,0.0,0.0,4.470679311330143e+21
1633.1909563883903,49686.29575981725,12.007619220794576,17.219228757935465,9.983234423196487,17.1565020156486,11.525302222732687,1937.6453443395665,25934667254.969734,1.5409651816659972e+16,2.0508853958660712e-16,930514823.6921812,12.548501253239523,5.791742375831831e-19,3.1340568457325304e-06,9.44712912430972e-08,5.30273818004042,0.014054671770284,1.5423549493466574e-19,1.1464948501227536e-05,1.234472403883721e-19,5.017342691825849e-21,2.2409250083765655e-20,3.800424141907734e-08,0.7504633439035991,4.0885515033145546e-14,9.815279822091063e-11,2565742437.6424127,2.96295550677126e-06,1.3745025740573482e+16,1.1643872904935718e-17,1.5114708922210434e-28,5.687713121723185e-38,6.272177484046178e-34,6.9432451171977e-34,1.9000525570561457e-22,1.1820968483948818e-09,3.02864718062769e-43,6.960570088410789e-42,1.555888902300091e-26,1.2425647436089255e-54,3.907849553388531e-30,6.284198607234637e-20,1.4647794078578141e-24,6.8968313414220655e-22,5.926226248697493e-56,1.9163896189429755e-54,5.160884754137057e-42,1.8139459861453848e-30,1.0092167517050944e-80,2.541628118356771e-84,9.301598081495238e-69,3.986511538600987e-100,1891989.213350942,18217354421062.31,2.0488268684894573e+17,2.4604593288162624e+17,8.893036989922402e+16,1.918649883125296e+16,2.9618036653503316e+16,0.1144535612854784,25745696316.226276,31684.16717182452,108.63776784704368,4.324542277652956e+17,30163075480691.703,9952195521332.842,0.0008792980206017,13000.676456286146,4.215237724693636e-09,6.429258690392462e+20,7.970214767151008e+20,2.2248190501594938e+17,5.2536584494249094,1.016933767739565e+23,5.744562548151526e+18,1.3752483356816962e+17,2.009316135866978e+16,3922084846878945.5,831446600.1380755,1734350022.4597528,6.821472325726724e-05,1.172104412815668e+23,1.1226163204857106e+17,1.3753568050793965e+17,3.6659326673436614e+17,1.2347128475092835e-09,1.5586209550581939e-25,5.993477571350349e-41,2.809632265661621e-57,4.571462299380316e-72,4.723420539094682e-87,7.593547058497539e-103,3.962522505471587e-34,4.480254780135233e-30,3.5221624922325106e-35,2.3078677790879757e-31,2.0828282228163326e-11,7.675891971297903e-34,6.065444234517387e-14,37.61664029802532,3.1896059455076274e-43,2.310486052418288e-15,1.6765171771090857e-05,5.8856058508068976e-08,12724.46914097634,2.9062297314449338e-12,5.025835649440152e-20,1.8979610497628358e-14,10.905144749219106,4.47415240818295e-19,7.529739837985745e-09,548453465.0666615,82127696797.917,2.9261239335026045e-08,35.30816926466183,0.0010203428387399,1.1345287760926008e-09,2046.6750742698644,1135.4555216566755,33389632.402448133,1.1459727550867003e-14,1.3482213390697008e-10,0.0,0.0,0.0,0.0,0.0,0.0,0.0,4.398321816149802e+21
1685.2246666105711,65355.40622056999,11.998575453824053,11.087764257839249,6.47856759053491,14.156572691236429,13.902742612477796,56929404.841177434,1044210690634031.6,12428749100.443834,0.0014437076761948,4065092696.135891,6.908769327931884e+16,0.0759667463228401,219351269543.2347,7545414853.389225,100716355717.54909,242951936.0634584,310.28698875329263,3396428338.1685085,3541280.569311999,2134138898.3297896,0.0018310569152023,211268.86559736493,1050513.5840579804,0.4894710885778831,918.6141844969894,1263359999548686.2,4147547897418813.5,1669885211631916.8,89686774169.20317,2435439639576061.5,7.402816084440886e-13,8.857371525261371e-05,1.3850960027807266,0.0309806441792124,0.0128618273219671,0.2443801164078752,2.071874109369692e-06,0.0003179776150493,9.07743740184362e-17,4.1188085320830946e-05,0.1394431018371519,13.351892410069322,0.0011998868715198,1.0093758533959365e-18,4.457229290693168e-13,2.7242156761412185e-11,8.825311050476473e-07,3.537453940204339e-31,3.5440817512717887e-35,2.8596638905117533e-19,2.0214335914871246e-38,156431248989.2532,386688228304.3825,1370761136.1248004,1639374443.21087,245.7689676503327,234843327394217.6,154529615.89470693,1.1410419520421675e+19,1.5444894534468213e+19,43780466435770.734,240018387696.09457,6.839308362370067e+19,2849491720.319584,161949388100.4147,1.4855145057336183e+21,2.588707796513719e+17,4434752939.40135,541428708105433.5,274318642.10652465,0.0395846072669405,4.41375578157102e+16,2.267040868928366e+23,7268986418292.255,0.0382486695696216,2.248094414125676e-09,2.088754553365428e-16,7337488212.839361,2.372705197133106e+18,2.4367482251859703e+20,24707538995.358673,3.6041800480414527e+19,0.0187964221449407,44217074568560.516,1.4370772060908202e+22,5.613982259735816e+21,6.637680330012849e+21,8.724900641283903e+20,4.252254841006648e+21,1.3768691042139008e+22,6.539707293428927e+21,1.1774725964714948e-24,6.697113153416625e-13,1.6960937175428205e-21,5.98343645339175e-10,7.686536563826968e-05,3.383108663958181e-24,4084.419460644053,115650.47923548376,4.7616037117533974e-14,6.557082902053449e-14,16035.406976716797,4.642773285277483e-13,2921132.581886785,4884008928501.555,3.2017142840410765e-14,0.5597329925068387,9694.173970844522,1.6957830762813888e-21,0.0009371548989301,0.1253296273457519,471.8142281231849,7.112827300049315e-11,3145945.7939005517,7.870432644536643e-13,6.464837106493907e-19,33.56565190438177,1.2035252762145378e-13,0.1799910562120756,0.0217518129238315,13176647801.56498,0.0,0.0,0.0,0.0,0.0,0.0,0.0,4.2244927550313595e+21
2266.603015959205,79323.15917921014,11.99268586414992,16.00448539418207,18.650693889567084,15.072520267435864,16.212768548649787,80707236.0657443,20904722484.849987,504895247.63879144,27454799559016.004,1549205261.763405,1.385669694760506e+16,59952674.16486888,3044292363004.1753,302269075503.60284,9121413.43145382,3679345423.799275,2098.480917036386,1105.3449424517994,0.1160976442277955,4.6891645723883635e-07,3.835624826259154e-26,1633846963589808.8,29643782938.770344,5089821.4744427735,1330704919.1736553,2.7937214112087676e+21,9.604019482637627e+18,1.1506866078508214e+16,7.79935534695799e+20,1.8757836096737863e+21,5802187085006743.0,376409977807880.06,26934567282.34565,0.0574697450204544,4.728963417720279e-13,2.821641434926277e-05,1.8994729488950085e-14,6.828990964322758e-23,2.0443193671872987e-41,1.6678560521312714e+17,469268050938094.9,4.6952449462627784e+16,2.1156057021470608e+17,1.9651078696393268e+20,2.7322987269872864e+17,827013681469.0914,3.947310023106463e+18,7.322497016738216e+19,6.659913149647558e-48,1.6428051681408628e+20,2.4758054218448208e+23,2762.5378539686335,0.0285233674088602,2.254672076506609e-09,2.6065004677318934e-09,7.940024365633586e-20,74300.4845958783,1.220159316268325e-05,74436706732.58607,2073047.3432818055,0.0132973927932924,8.968375689665846e-09,46.77719001009782,7.452437151289583e-12,4.022492545546824e-24,187858.8040702436,4.175303030066142e-07,3.784250286343541e-24,84356938.858873,0.0075786017255959,1.322200938505412e-15,722175085445.0817,1036112960882866.0,84.76735571959061,1.2865101720763875e-19,1.2329515726120916e-30,6.909408220578355e-41,6.171734100890281,1514904400617.3225,79327634517.64949,4784.903640947166,46805650.36795988,2.6610098878020507e-11,0.0052545803816505,2.6772312462476947e+17,212932432080481.84,491682797383.3631,59734337.934676245,460907.99828964,3444.4679380000953,2.3046038000081275,10.720600908290988,1242.8996387705056,0.0002056348998097,0.0240615423547122,2338.8545259420816,0.0020160050198427,33184631111.5826,311845.31019083393,254079314652.687,3.9017647146053675e-08,0.0769938020819469,2.135803427685188e-12,3.304472735513881e-05,457.6742770692164,3.547815790084404e-15,6.457156614044317e-12,8.863790999236899e-15,1.0230856797736076e-10,0.0003700441055032,0.265611171722537,1.8293772010019328e-10,3.267747894188895e-07,0.2282483895386974,8.519481017518887e-14,7.95130704839584e-10,0.0934841702202124,4.540730175605963e-11,1.5165219667123488e-08,408552.3076133626,60627621.551486075,0.0,0.0,0.0,0.0,0.0,0.0,0.0,4.1884221296832393e+21
1292.4076899911342,27999.50291620412,12.010237635301229,15.961541984834724,11.204035644345652,13.20075747007958,14.16967025229194,0.120955874691841,138571518.1294435,141597445681882.9,3.241736262090624e-23,4895.421962050942,0.331714277977607,3.5687478967780508e-25,6.536884731241822e-10,6.37392285833571e-12,0.1139728772795147,0.0004213656531289,1.9411116265753197e-24,2.7623023157936142e-06,5.973319327817536e-23,6.706247754433885e-23,9.143966765897092e-22,7.052360793366262e-14,0.0002767850749113,1.7381112727296492e-22,3.4492004263264773e-18,4386045093.228516,3.969296803310024e-05,5.561693761542183e+18,4.8314719314171924e-20,6.745606410342972e-29,1.3129153225037755e-46,5.774593298716974e-40,2.701962859572032e-38,3.3350063741634856e-23,5.1779267036593525e-06,4.873610946134773e-47,8.540872542533185e-45,3.8935837230390978e-25,6.985740351070999e-58,8.826054251349707e-38,1.2763720502083282e-24,1.8240490386204121e-31,7.083100354042241e-26,3.732495545612549e-65,6.557059294533549e-62,2.9479456482332718e-49,4.2580242212162806e-32,3.9676413773331465e-92,3.7673943209795784e-86,2.916561651955663e-79,1.906583987646415e-112,33.609931107638445,53516708625.39499,1.7576417652100716e+16,2.186153043882604e+16,2.2131679642819044e+16,3910820847236787.0,1.3202831776597184e+16,0.0149317385144611,3563696870.2630124,5.530752817691933,0.0005526097847023,7.780629874794928e+18,67317208424110.48,9.97567370208358e+18,0.0010069651883358,80.08299659244233,2.2671953549258587e-14,6.379475826320722e+18,2.477447242110739e+19,2979300264983106.5,0.0058881767330457,2.603813418419891e+20,2835157728923433.0,64384561731102.04,34837746248019.6,5823246622908.028,27.25849936605919,9946777278.038103,0.0061920784756203,1.5146959746490727e+23,2.302211691016977e+20,1.0880039389386728e+16,4.898366064365625e+21,3.1167955141453655e-09,1.4723578607481891e-24,2.2658911858912105e-39,9.313622437243316e-55,7.583578707047978e-69,2.6849988712295717e-83,2.422547823681797e-98,4.8412834626908784e-46,6.736511231212773e-40,5.479242218419521e-46,2.3784554813871583e-40,1.6470066564720885e-15,5.09048667597677e-47,1.2850358876724041e-20,3.1892066113118376,1.3387675871883194e-52,1.1975749183893664e-24,3.2639417820881745e-11,2.510636391539993e-15,7.107055503347029,2.4996951997568613e-15,2.0728869278333786e-29,1.960540121864984e-21,0.1045195052072758,3.8754774326235216e-32,3.0589837295210753e-18,1825.0064862418951,18999615.46328135,1.7585560297776732e-19,3.88770876469871e-07,1.697631254820694e-13,9.911481943260553e-19,0.0258679832598058,0.0025362996624546,8405.823105358644,1.3161843905365515e-20,1.5619673567522214e-14,0.0,0.0,0.0,0.0,0.0,0.0,0.0,4.076679357081593e+21
2523.0354893778726,58876.11333189357,11.998571743430134,14.347675155231803,8.598759338350913,8.981036545612344,9.962776222895275,5174305271.541351,6580708894841916.0,1.1280894751377975e+19,0.0148404826904877,24437693662.12536,1672794653.0194862,0.001675509496096,9.421468995967732,1.2756897337152084,48868.70960698671,31752850.302837424,0.0018933463523045,409501.4893566645,0.002886148849116,0.0003554414241441,0.0008175020920123,0.2453749902337567,6549.032008582983,2.3338161111349972e-09,3.429113057136868e-07,103358775657458.28,9411.95549217826,6.007199886343465e+17,0.0011172875654824,3.436223857365739e-11,7.247697228789003e-17,6.827014089519916e-14,1.333236161931219e-13,1.0137537491573715e-06,20.35358529257912,5.399744950186067e-19,1.3316125841662333e-18,1.1120450306492732e-08,6.051464248488355e-26,6.301547443977398e-16,1.642020155372214e-09,6.238232696370275e-17,8.737609796578434e-07,2.4530260242838738e-29,7.8368175486714685e-28,6.084537299362604e-29,1.6836680354328497e-13,2.9026239991663183e-46,1.6639299784537747e-47,1.1897484806290822e-46,1.300994034126563e-59,2310172004.5940537,36225018123308.42,7198642108670344.0,8235611123747302.0,1208228223738872.5,5.189342686902567e+19,4.3396629261736346e+19,429362322.4696654,1.9505025063632892e+16,442660426.1628167,452.6404317338507,7.051633587830796e+20,1.2844270479116882e+18,3.524170219230606e+16,44834350.24713836,394472158.2231468,0.0011129265312885,1.0111832904863412e+18,4.171905554990963e+17,595693778063956.9,115194.08842861238,1600318171475911.5,1332536811579.2996,82104445440.1194,3597740301.0115395,1322258103.450452,125.10898634319965,255476141698064.8,281612.0427031926,1.680468559652492e+23,9.707901661671254e+18,1.2850870947067378e+19,4.14856624452829e+18,412.3621630385129,1.0484098778386508e-08,7.663544824944404e-19,2.3557932489905813e-30,5.411366426796364e-40,1.3557631995792898e-49,2.5992421403905415e-60,3.7210734435262714e-14,1.905598923380392e-11,2.622789808441026e-14,1.519299941321997e-11,26.024227051688328,8.705659517475286e-18,3.691207628543566e-05,686654090.5931662,2.07937013698915e-20,0.2663383759997537,893607.0080590537,26281.0796922835,485562123743.4952,41.37076102942513,0.0019502447165355,12.822437192974288,20097603075.12228,5.7284661876629914e-08,0.3311920153245284,7152788246.515076,161044789600.96732,3.104179097544621e-05,44.77282304021376,0.0206463395240339,387.3076793296853,53247002491.36066,15445667410.178637,23404113598124.004,0.195812813994242,135.02103695458362,0.0,0.0,0.0,0.0,0.0,0.0,0.0,3.9689678501595526e+21
2876.407298343883,70755.43534324404,12.006420155468746,12.656979943300012,7.881883763414744,11.343914147346467,5.287067174941775,73142749990.88023,3.4629151934530496e+17,4.16135406592733e+19,94.99873049347448,703958429094153.5,57067294.5118,80.3789604598909,60526503.026054926,11453202.270230236,72947624979.6285,54177492466.80813,405.882001998344,4306726508.154006,2347.197142353659,1230.882265836654,1622.6271369238916,569686.2741720628,2974694449.7682056,26.635023066850557,2098.8389438877357,4576686494166517.0,2805.709452871558,5.003354553084542e+18,0.0038849206595749,3.6458050558426353e-13,9.777075962727124e-11,1.749379138998599e-07,1.2889961437811771e-06,0.5682385070205149,504153.5151106872,4.392038313002812e-10,5.740836926444762e-10,0.1698481281460169,3.379656401360359e-15,3.40755431326794e-07,0.1015731436402582,1.593642766447507e-05,0.0458966225228814,2.7849717341498138e-21,2.6288606515418793e-19,1.0325912636412007e-15,1.0099556298663177e-07,1.00831048293002e-35,1.0543613192880449e-33,1.412809537335516e-30,5.271350504681965e-47,509597544740714.4,1.6110244987018143e+18,1.1249848418960351e+20,1.2720548455872337e+20,1.326519159594411e+19,8.239764236448357e+20,5.193953265073658e+20,100162010.15537524,4.2075751128875633e+18,550380877604528.2,1299763565802.0037,3.2439476053232205e+22,1.0745607164988613e+20,664603266610254.1,61607136.02280863,1924328832180595.2,423649416.69989693,2.7541285471260524e+21,7.632436090805433e+20,1.3830313870207775e+18,7721212.229793995,5.361093151626716e+21,7.170274633941391e+18,4.062791069886605e+17,1.2087337619826396e+16,4369935960990069.5,10117382391818.94,1601930288839.9614,9.125388070848874,1.2945322573727284e+23,9766018767553952.0,2.1874960023372227e+19,2298167882335090.0,0.0423230431090313,8.840738793476547e-15,5.249891115434822e-27,1.024321746969623e-40,1.7891419717536422e-52,3.907114183267663e-64,5.442514693273303e-77,1.1883339324341337e-08,6.978497756927777e-07,4.3099202286174064e-08,3.1669048017421924e-06,389698.53905425133,5.139596052107586e-09,113.13468314093508,49789446699.84569,3.262124642302214e-14,2623.534124260557,356574167.1548987,62495754.75821054,31785658721708.44,28.33768951883346,233.14551337811525,140677.05126218873,146750019246920.72,0.5274564977436955,115502.05804207416,310626520613574.3,902424646826024.0,60708.07181466762,4361365658.673549,14368363.085403545,268989.4767463765,997590554463.0442,925671228733.1672,165275889934768.0,0.1978560808763328,16.45047172992165,0.0,0.0,0.0,0.0,0.0,0.0,0.0,3.9313536069908017e+21
1661.212524701658,45091.65367473149,12.016454624751226,17.219436496115332,9.964607611951722,17.177789046848815,11.5207555815311,3409.259259097489,38824419521.183075,1.957353978100195e+16,7.7110961653301025e-16,1600451105.040403,28.64089804064592,2.13979278160599e-18,6.3138748267712554e-06,2.04560752095045e-07,7.483173692621607,0.0245148475131126,5.03472326503959e-19,1.8771847005070215e-05,3.4212484025155403e-19,1.2060137396619656e-20,4.4621456439594863e-20,9.652979646477293e-08,1.281664403624669,1.2134946090785314e-13,2.5464854142734435e-10,3222158796.4289994,5.917724454716736e-06,1.1477858677428598e+16,4.133269767161651e-17,7.216399833919471e-28,3.8731348064658775e-37,3.123295643624078e-33,2.920276030402521e-33,4.1507654105676263e-22,1.200596343468468e-09,1.3369792557271694e-42,2.545243426537808e-41,2.686482314705681e-26,5.184388010179018e-54,1.8223362450416264e-29,1.7869473072649501e-19,4.8489613715752816e-24,2.2342233000942996e-21,6.051786715629739e-55,1.6229286064178703e-53,2.3437704055388616e-41,5.4163216092519926e-30,1.9785483126108774e-79,1.4668152866549394e-83,1.0024283692161188e-67,1.2377982713052111e-98,3225132.4977048268,21103149559884.773,1.8040725144136166e+17,2.161648514572627e+17,6.899929559878594e+16,2.1408753927609612e+16,2.9626202913244256e+16,0.2527230822247017,33519210386.979607,50009.91686899096,170.28516666801218,3.8821914003987686e+17,29186317139274.973,6754594848142.524,0.0018114417399988,17522.09937860011,7.580773181790132e-09,6.426167225661286e+20,6.979216037620293e+20,1.940387690296393e+17,11.609002262255572,9.3082639090168e+22,5.511638571332508e+18,1.1765511678231088e+17,1.4928521324205518e+16,2774557910465978.0,1240138046.1991572,2642610629.063001,0.0001578104106275,1.02171278792876e+23,1.1067455417244611e+17,1.3514274546155232e+17,3.023744099515522e+17,3.812598453910448e-09,8.0177629599504475e-25,5.117973085511664e-40,3.7871278548841136e-56,1.0083676018672439e-70,1.747545729505047e-85,4.56310965129022e-101,3.350237282081288e-33,2.482566229981173e-29,2.711443437466651e-34,1.2085806808873812e-30,5.628994510755288e-11,6.186240944438238e-33,1.670880908400684e-13,50.95205645258361,2.286450740452323e-42,1.0291934435449072e-14,3.932547497844934e-05,1.860801764630247e-07,19552.711094696173,8.337788587087142e-12,2.4354481959486344e-19,5.760208570278386e-14,18.003902053411252,2.564973563607749e-18,2.2410678293323693e-08,968330691.499226,92924792905.6166,1.0114552990249081e-07,67.28587602594102,0.0026907840971243,4.293508120815321e-09,3741.641160654533,2448.9324332172,47478829.022080325,5.265805702659718e-14,4.1122027975547224e-10,0.0,0.0,0.0,0.0,0.0,0.0,0.0,3.8742731276841087e+21
1881.106354642546,35790.24953924352,11.97873711895791,10.842777472632177,15.175276302517055,8.019915765615439,14.512804381226408,2246350386.8873177,2197626317840.146,10603.958942284267,86485180973.18596,42492.53982789493,2777231889299959.5,774715450.2188519,24376779955215.63,1290571079694.0503,273001.66702987737,5688443012.499379,284717996.2344494,10324533.562082384,230998506.92222628,11258875.112347305,1.3234116160225842e-19,495280849071.6188,47212.2476496225,1.1980195616334344,1007.5047690482472,2.1892135221216096e+19,3.367618012214469e+17,519392952998.37665,1.1017413998969072e+21,5.143889910864511e+22,33755058458751.938,1.177115871921342e+17,1.2730367666894883e+17,2.3832892116888136,4.282222403439978e-16,1073689219.5037528,0.0006082853686285,4.427961576611664e-17,4.317257598852745e-28,80316850579962.5,2888173379.6236095,1377607588272.5032,132540584958031.44,1.1267290419979524e+19,3.0363948970652205e+20,83788.71107000674,269762644742746.25,4.327499914914888e+18,2.38849328715569e-38,1.6549276827229218e+16,8.489534554852147e+22,292.2084310310623,1.469646470791387e-05,2.0809007189471084e-15,2.455061118878143e-15,3.6060871662865817e-29,17381.968774113804,1.2219342443437707e-09,70969393185795.95,2654661308850.294,9.747683785073956,2.1095311480038176e-08,260123.25714052632,3.4964900216579833e-12,2.940421844031155e-28,1153985289984.4866,4.245473408288554,3.195322139818394e-17,45.00787168152792,2.122589053715401e-12,6.17460875972435e-29,597788259.844772,22227335647.414,1.9481017894284322e-07,2.1810036301881248e-35,1.1413559802327417e-49,1.624536305731807e-63,5.509140114896182e-09,1741552582.4655066,631140799.5961733,0.0004537525960404,401.6108732676793,1.4530066127541015e-22,3.492557220220491e-11,1.0214128795273074e+18,2459637556814510.5,17588515480786.72,10336177953.955528,279740096.0581452,5841831.905428288,14717.819927632218,6.777419750059498e-09,541.973024990203,1.050986668998022e-09,64.45457672007659,0.0186756225575452,5.986961738217798e-15,20616967110.91664,858.9161431714703,3913146956808.332,7.084551468644205e-14,657.4540237200692,1.3177461053325402e-20,0.0019453078134612,191192177.58983377,1.0828105278400445e-17,2.0280778806793126e-05,2.0132163814253837e-13,1.7944211204509982e-23,3.456536038890011e-07,2.360133501478069e-13,2.245387262387618e-17,1.4919430309743714e-20,3.292947004601627e-05,6.743583287154425e-30,2.8530328520058897e-22,0.0003355592409908,3.7589267449883806e-25,8.19789384833492e-14,0.0433313901177768,3981006921.7083006,0.0,0.0,0.0,0.0,0.0,0.0,0.0,3.845980937949676e+21
1607.1989701135406,46157.59535814968,11.98158976122395,17.10979462542779,18.2710795578112,14.11402939830436,12.494537220318769,1108952.7255573042,117958863.61476126,48541.65046998716,366098705.5783957,2381.4178425858554,114036923040.15633,7041.409072736006,293404441312.5063,8253043636.57616,2767446.30489024,1390382154.8104618,14.140356896212229,8071.5281494570945,0.088679551593798,2.7670465694263237e-05,2.3250558478706112e-27,425366380541.5333,48706515.42151387,1.6970375074501725,4635.27722510966,5.192791150387076e+22,7.708317394368406e+17,1.6304279036714104e+18,4.403550356003401e+17,8.628195044997222e+16,365129842508.4641,36406800646775.2,317391176008.9255,2.5563417507119697,5.20526666284217e-10,0.0059284159329937,6.46862022474472e-13,4.6632536737957017e-20,1.8089912254388584e-41,155296544053199.06,15900864788139.99,348095441124352.44,3.5773782299466836e+16,1.6392726482343112e+18,4.246904773812411e+17,22817138869.084755,2.562949867002098e+21,9.498865797246372e+17,1.720889156380076e-44,2.8808047099875754e+19,1.534872045065288e+23,0.0327053276080276,1.8072728136343904e-06,1.0478465576031312e-13,1.2610925006414492e-13,2.0350900396609656e-25,458.2699716701835,3.113215124888114e-09,7190073.3374570655,896452.7993744568,3.948746332786795e-06,5.8686246270025e-14,85.21215451078962,2.1921100373106697e-14,3.2008048977636323e-27,395.3899310395601,1.2626217763111204e-08,8.954627445274107e-29,10970.439677693044,6.118215446836593e-08,6.795228770160181e-23,212009.9118367283,2051094348441.3176,0.0004389460779935,1.8420979566928735e-28,1.2213308356296471e-40,9.90217383518269e-53,4.521671040602108e-08,92006119.73852254,48621.08709894538,2.0990207162593366,35825.81289873882,8.702020513174028e-18,5.501252519029207e-07,168384992771.40692,261303.4502775775,1.2395806528981668,7.52294264680957e-07,1.5308507951077567e-11,1.932137945662262e-16,3.91271786357538e-22,3.3074302351242077e-13,0.0054227327737198,2.1539022627521046e-16,1.974096136528386e-06,0.0013770618055003,2.8878336004297578e-18,617595325.8981209,2759402.6329341466,1916811143.879526,3.756600119545269e-21,4.875166951623512e-05,5.266866120335524e-25,2.1991344629081073e-07,0.1396431410999182,5.0481505559207885e-28,2.8874093671598883e-16,8.160012847088506e-21,3.67126293532333e-28,1.1201843486484048e-11,5.515248017266475e-12,4.849162995262066e-15,1.6788287934577749e-22,3.4671494416994906e-07,3.0074470939639597e-29,1.2759977673347655e-24,4.471824567951583e-06,8.674959808804976e-24,3.678242460816192e-13,5.41420121996807e-08,912.4618258393268,0.0,0.0,0.0,0.0,0.0,0.0,0.0,3.728354922162014e+21
1725.9084147997328,41304.58158412455,11.99176633739985,14.00633329708272,7.0848199813761585,9.22606990238418,10.6083118790563,856524.1599264293,5613927409140.149,4.963733247026815e+16,3.2777020903895013e-14,11764212.34258181,24603.111390903112,5.244926055494948e-15,9.2548265476034e-06,3.5101777359795677e-07,7.584063047989273,17.540250441181968,5.6405235623070044e-14,0.7010918939345766,1.606292548775947e-12,2.486535952341611e-12,1.3818639626007499e-11,3.916437438345287e-09,0.0328950583075452,1.557028493271615e-17,2.43593946034872e-14,18768413582.550007,0.0134681404061216,4.128008561952395e+16,2.194453921784698e-13,1.0380862985715937e-21,1.4195221438625162e-34,3.4626646651020785e-29,1.34215413240335e-27,1.0331518135277323e-16,0.0001270544859928,2.452262601592635e-33,4.658563015481994e-32,2.1633066739034858e-17,6.843730916631732e-41,6.573701149100849e-30,3.291485830006946e-20,1.86175712497643e-27,2.4328162564449137e-19,1.265349851600271e-51,1.3491369727173439e-48,6.37000519021827e-44,1.7513053813273228e-27,4.0593984278330093e-75,4.954407818923811e-69,2.8191006391646874e-69,1.6347738916667403e-93,1392404.7728661268,5895873280026.8955,4.168441659110161e+16,4.970033173785635e+16,1.820750406118854e+16,2.4497177214425943e+18,4.018455541840641e+18,12096.356960454152,213946965681937.5,1093349.4053059712,8.252214316258453,1.6546059824524797e+21,2.206358972718551e+17,7.560199772004154e+18,4464.593470486804,16259134.232641676,1.7825818499191675e-06,2.1707070533981148e+18,2.65766122342007e+18,1103155261769714.4,20.89399754497159,3.877570800567104e+17,38321186149008.336,1442782159077.2207,202661935829.50363,50935203827.634926,33.797489539309574,1412643940571.89,29.763583961764137,1.712447200596128e+23,3.4396304394324853e+19,4.429420604367694e+17,9.583566420256635e+19,0.0008979643422594,8.16244557677596e-17,2.2353327731097906e-29,6.3564175335794985e-43,7.038011554855791e-55,5.3541256297700976e-67,5.718489874886028e-80,1.1457981515261211e-32,1.7973926179872087e-25,4.5259374855383805e-32,4.626682677662949e-25,1.436670259648152e-09,4.28568489237618e-35,5.907730547230225e-13,38467.36584790991,6.84237241203238e-38,2.2079988217757177e-13,1.1072601487715323,2.8391150918680316e-06,328578121.5895816,5.1554889882223385e-05,3.763193683537323e-16,1.706275813110448e-07,238431.7263126064,3.584430929168756e-21,3.9846279853419124e-08,155298.72841634954,45219809957.85515,1.0524208332361337e-13,0.1015640633318686,2.334284829085074e-09,1.6199127179720087e-09,1534571.0956399443,406.9060945182256,16921354276.682829,2.858114060579259e-12,4.8580495641433934e-05,0.0,0.0,0.0,0.0,0.0,0.0,0.0,3.693161858258551e+21
1553.3569294033314,66776.80491354427,12.036675036428786,17.124348697906694,18.29895106951554,14.134111607008704,12.4662962687346,601956.8516460822,75025942.63291055,14428.888063884158,105083167.24799326,537.4371156327724,59017367726.10758,3098.2689077688983,321085377120.2399,7768131321.519386,3122620.4320854857,1437057118.5446486,11.904488427658151,14075.926021579782,0.1553191523058657,9.645079172468112e-05,2.889847306539838e-27,194041074603.26343,24972273.154839706,0.3922265362736485,1419.390404674532,7.209857936741451e+22,1.1801568049864182e+18,2.604328733219515e+18,4.134245078695717e+17,1.2674071022623552e+17,138366138002.81024,39212732543642.766,719363124864.1823,5.475189750856437,1.327255107638138e-09,0.0265304792789069,2.1048351010599707e-12,1.7507372740106845e-19,4.791825020528915e-41,91029543713853.84,12835840322200.676,292642864020492.44,3.1385355346071044e+16,1.2151130802389212e+18,6.868071436158134e+17,22207679668.38281,5.972183196534869e+21,8.253796893190651e+17,1.163278827818614e-43,4.29797468295121e+19,2.3324505276513768e+23,0.0111086719992058,6.742680730164854e-07,3.4010616264823516e-14,4.1124845051821823e-14,4.2211914581312367e-26,263.70563232465133,1.103779812670619e-09,5890575.710324397,1127065.716094977,2.327157128520804e-06,2.4613968914262852e-14,114.09092010248624,1.2312966993584668e-14,2.6354547793363876e-27,553.373719723035,1.5299141746752904e-08,6.164680105022175e-29,3768.3189241303694,1.3584692306814812e-08,7.4681624990221e-24,82256.00245459635,1210329304081.5598,0.0001152063732153,1.4775467711665928e-29,6.458298932625133e-42,2.844833748643842e-54,6.754595435325641e-09,54265830.91816651,34800.17900429362,0.6711877057707233,25718.41485618792,1.0628062278300429e-18,2.812017630264503e-07,134525468012.13297,208801.4476711872,0.9986050312587684,6.786274767640694e-07,1.4343821004608152e-11,1.7866984159325454e-16,3.817016904183862e-22,9.918806867199764e-15,0.0012206828839457,1.1605724500970813e-17,7.373537856796051e-07,0.0003238184723498,6.708020917765418e-20,419014192.83846915,2827560.980748834,1149780103.153359,1.3909784486475305e-22,2.1394506763147127e-05,1.9545990452450046e-26,1.1432748928216245e-07,0.1165300246663339,2.3170665093442707e-29,1.0936998935385567e-16,2.567590568562989e-21,3.805827339094626e-30,1.4177287459285414e-12,3.276190082808802e-13,1.1112805058268466e-15,3.50690338040807e-24,7.799190026863484e-08,5.424502570070252e-31,2.2022035231281702e-26,1.0952085641097188e-06,2.3734019345162266e-25,7.461819238756399e-14,3.687733064054989e-09,454.2556560694373,0.0,0.0,0.0,0.0,0.0,0.0,0.0,3.667478386712968e+21
1744.524483833398,51404.618221913894,12.030831276261312,16.851212666291175,19.152982632014893,10.505043412603143,13.369924186789822,5280162.172741366,87033869.85425797,125138.31405842956,7981126377.710474,423.95414917456463,982411140451.8004,15392.659594859182,492294721.0124456,19495371.235599063,712.4833985116686,71774995.7777466,1.871938598175794,33.649317395635826,0.0005887214618717,1.0194729617642524e-08,2.418617432566139e-31,19645774294.270058,284446.20876136003,0.0022345320583844,3.225831782357946,5.179421952606251e+21,1.1964216598105894e+17,1.9507931357366764e+16,1.2580709983141345e+18,1.732882018108934e+17,5436904920670.551,13395589689801.812,5717709758.663724,0.0014206383688861,5.27769457450652e-15,1.5954137503591578e-06,5.91969703908594e-17,8.382420639037858e-26,3.052199095740326e-47,5231852033911.161,42575612342.86019,31454728524.17975,1.3058514143070408e+16,6.806314344232533e+18,7.896676710192893e+16,313437.7715665473,2.157964177635422e+19,3.5602914461438054e+18,1.559258026205471e-52,1174103870631445.8,2.0821023994822967e+23,0.0006077861090865,4.4634299148758405e-09,5.854377718959013e-17,6.97071103086462e-17,5.182612935554746e-29,69.58846226384179,2.337023205377547e-10,5766611.126111897,37149.14484112915,5.550702287648631e-09,1.087405102233307e-18,0.5025310479971837,1.5322144744313594e-16,4.947000179947713e-31,24.869203144524047,9.147989858998748e-13,3.7853404473393483e-35,123.51404393035472,3.0536238804943694e-10,2.7647670111891163e-25,21318.97806430308,249542429.13229385,5.54597632596805e-08,9.314605563495703e-33,2.629590966849228e-45,1.4027811769529848e-57,7.59497787103905e-13,96781642.95626248,63817.3910707979,0.7530344618695222,3968.915065736426,4.574117554359857e-18,2.1727247155718186e-08,1047213847705.9208,3149839.445754165,28.48681496640752,2.5955664552708234e-05,9.410051590141866e-10,2.379148132877916e-14,8.282467068335823e-20,1.031860241054202e-09,0.2424565840816391,4.6926796780951336e-14,7.342495092238204e-06,0.0017400214191151,9.77182552701991e-17,13662219.05628512,106628.4494040186,11868535444.802956,1.4971318115208611e-18,9.86475301455814e-05,3.425702975034487e-23,4.96484276882131e-08,0.1261807116465058,3.268589369930915e-26,2.1603567373286246e-16,2.892246845622728e-22,6.046735674668972e-26,8.75731117346774e-12,2.828267565932363e-12,2.660416243883388e-17,3.4167681759706954e-23,4.4530042555491456e-10,1.4090829780102692e-30,1.7874804862633507e-21,2.1129610264045254e-05,7.007058699629157e-22,4.380581404070185e-13,3.950325338939712e-05,10134.304328889571,0.0,0.0,0.0,0.0,0.0,0.0,0.0,3.625432616783699e+21
2868.928146499617,80984.9696426145,11.980579860133217,15.269035332133525,12.562946321924942,18.465986521468484,18.856274162075767,7683485585.623706,116434984707950.95,184667738136649.1,21437808.385136556,2463911072915088.5,7.744243684736095e+19,6323.201021269004,18414896299.16416,3463033674.3316183,103676284.98418924,20618370.13713175,11.239207406412849,573.4060845429607,0.0229460222774545,4.238723426010029e-06,1.1681442700259735e-16,488069456052.6654,11942739431.19402,82527863.00733916,6578875314.565991,5151053106101773.0,4415497795733947.0,26406176395831.277,1284903108747370.0,1.7110916861153846e+17,5.304949091556161,3.394304262153227,0.0088300324886379,8.498303784489448e-08,1.6509622363599128e-12,3.628767521858344e-13,2.181691978502913e-18,1.4227707962953614e-20,6.997752856473276e-36,70058.32072068383,98891.81057427436,12376998.464822682,12024.935531746612,3.696240543565948e-05,1.2382924320814532e-06,0.0008963560357761,0.0305320599303067,3.19446826044054e-14,2.79544431006125e-54,6.33648167719383e-08,4.0593922921814034e-20,621569195265.6727,9203570905.068476,2978923.5185344806,3369109.278708002,1.607295557720716,1288027124361.717,3710328.0553736906,4.7467626197788504e+16,498793919255.6786,235268464.57844225,2037735.4241941744,17993110327.9706,267.94000278890206,0.0510134261850624,10223483606337.29,290218.2369685586,7.942393165669435e-05,4.5792986498905976e+16,58120715255.6074,476.6151999904282,3.85500702537732e+19,7.276737793750464e+22,438517724464414.4,514.3059851158218,7.005157388465364e-05,1.1517579161547739e-10,482111458262737.7,1.0199535510928306e+19,8.16571214887249e+19,2688954514135.122,2.924756085169547e+17,2035.3876449590489,316365183932.1698,8.153242560294237e+22,2.372709930434732e+22,1.9634054175677556e+22,5.36307647557274e+20,1.306944623494237e+21,3.971536574020053e+21,7.725511460949192e+20,0.0225889346111995,0.0168272484252133,2.8762272691460965e-05,2.676562182304387e-05,1290.26087304648,0.0359834350870297,10644642.220614484,27863.376918435773,0.0001948275462143,7.249844127497522,12744.41036879523,0.8062176084067397,5341.9109908176215,1453278597.0619168,0.0002225864677057,0.0017108661241629,0.2428550128362651,15.022437843880008,42600.6093487837,44439458375.9368,7429.0391576813345,6629879.067820764,6137118287.480457,7271.856393640796,9.809475650075148,474108.6343524071,160.6351204394543,363.64768454719933,2283731937561.2646,2406528989694.336,0.0,0.0,0.0,0.0,0.0,0.0,0.0,3.609994459634883e+21
1593.299257319165,60404.596470271164,12.01833083694576,19.423642086206712,16.781317045390317,12.695106875349818,14.71073343119989,7033.484134440099,1412939686.2680137,1.4899265809465008e+16,1.0515470825404337e-12,15559.756273624056,26.157245785087877,3.022865628360675e-16,1.5054464894442418e-07,4.077005215885854e-09,0.5960021192560825,30.82336238241863,9.593692796306742e-18,0.0027396878901541,9.710724434663725e-19,4.8360806936620775e-21,5.437553331111233e-20,1.3046667553621152e-08,0.6407598063186168,4.168135479988425e-19,1.221979422535698e-15,92380917580640.44,0.3804551119625442,1.2514160072738037e+21,4.614190414035121e-13,2.739166816699326e-23,4.422620113379342e-30,7.69866064108971e-27,1.0863190566097215e-27,1.4962665821083572e-15,0.0552237457359419,4.33837419841154e-39,1.8195599553893112e-37,2.358671739725097e-21,3.6253673923073705e-52,1.9947842902397612e-26,9.22071059036569e-16,4.652540280257109e-25,2.229218557363263e-13,9.244633985127645e-44,3.912501495945336e-43,5.181738862496314e-38,3.3444051866329314e-17,2.191924055729364e-64,1.1707717747665924e-72,6.87706910414787e-61,1.602972200584218e-79,3.179236129059438,74922937.74886656,1746887554220.1978,2104883891903.3516,1262432091907.4226,2229616926066055.2,5584734689613327.0,0.0248505320990542,171104693.89837304,0.00591886818869,7.673050370107301e-10,6882723099223866.0,592620626358.1725,4473824983582.534,2.0989146745627655e-05,0.0003045506161771,2.3892949542398345e-22,3.31857578219498e+16,6.906835373923735e+16,26765716641644.535,0.000429810811331,162213695592411.38,11791085754.51122,636956512.6837744,158366860.05634338,45866031.660502665,2.4046750252745983e-05,9084263634.475466,0.0013644640501665,2.7333037258288457e+23,1.5479922960976886e+18,3.704266279963934e+17,9.088977843114396e+18,1.1663481705603692e-08,4.899925420828331e-24,6.305060953449997e-39,1.0657425679902051e-54,5.926912437064403e-69,2.01820350776907e-83,1.121342438412432e-98,7.272997896612792e-32,1.083911747639686e-25,7.3679073880757355e-34,6.017278662395571e-28,2.842754737865253e-09,5.6588822653528705e-36,1.548636414409953e-13,14012750.648289053,1.928105625997696e-34,2.973406843698793e-18,3.934885808001559e-06,1.7374497877232908e-10,7715.704958829446,3.5875464753983428e-12,5.6611132637410744e-24,3.0143353232108167e-16,0.0008305735118991,1.4933078373348668e-25,4.681111476989775e-13,1450.0076490828883,40821274.48869375,7.740919706896312e-19,1.5913536245119697e-07,5.565881553397578e-14,2.5862838955050652e-11,9671.19140767082,82.24331850050174,315996069.50726885,1.0076498608485214e-15,1.533328196815652e-09,0.0,0.0,0.0,0.0,0.0,0.0,0.0,3.5976718873842685e+21
1494.567141230625,54224.48914067551,12.028559298093828,12.962888235870627,13.276525316501877,13.200437791227309,14.00893671069473,1799864.3759288725,167596431556661.7,61499938.50928777,99.60431873017863,26625999.34784386,7992847880476165.0,18439.15159852418,1.586357899318958e+18,3.2153397882849856e+16,2.8354063511828416e+17,413135319746434.8,576948560.1121035,2.8448298786694492e+16,67660489706779.57,3.585445895230978e+17,1007.6016250974204,90192312308.031,236240090277.7816,23380.24941048639,117774351.71214394,7.707545439942948e+21,4.161642736077582e+22,5.823941875748877e+21,4.62644238173016e+17,7.055293408319701e+22,0.7463986747830013,2743300064.6186104,458741784904172.5,1028482021822.0204,96237490244.13258,543772230726998.94,526544913.7318348,16321833445.742176,0.0024172013773862,233581280.08148104,850266771199.9738,326707132526774.9,8050955815.963221,59.12805430623472,317280366.3541131,2147386016.6022897,351720548800573.0,0.000199338321595,9.38386658035466e-08,1590714615.320849,0.0004464552785794,3380366347.864545,4061648341.862678,3086686.3216773574,3752961.294009638,0.0401802986092504,9276625987212.695,389922.141227774,5.199966547695525e+18,2.1293180671392338e+19,5141524856497.783,10393424202.401804,4.11219835944011e+19,28394163.11410803,881112306.4732829,3.4833997364155525e+21,2.996962696375492e+17,674331959.8121333,5417498321724.433,207481.2309521575,8.8659629782454e-07,2260946008462805.5,5.274984666697002e+22,34414914804.17776,3.451452321029394e-07,1.6424580251861302e-15,6.2688081799910605e-24,16724650.194175197,1.518738699035626e+17,3.5915448833532457e+19,55239052.591533095,1.607610043116536e+18,5.011107353175593e-07,209313063676.5745,8.910143230485652e+21,4.065749950127179e+21,5.772784264312256e+21,1.3173099525255956e+21,8.561007215156981e+21,3.0886752484211e+22,2.065918760547325e+22,1.0840711798809581e-22,5.3180732011587165e-09,9.59303639339385e-19,2.2090558484404515e-05,2.678029158922027,1.5464141989049193e-22,1897378863.0029747,22941320453.684128,0.0650083163390912,1.8030340582420104e-18,188.984156788874,4.500290609410989e-18,21824.303355318636,641710320423.8767,1.469658875752296e-18,0.0030908741538506,105.11700603705196,8.283941645153576e-28,2.177447619393585e-07,9.812405474253896e-06,0.1077059213442003,4.946275288629171e-16,6698.0097026907015,1.1427786585399213e-18,5.4295926552722575e-25,0.0227349310218094,1.7811068042818352e-19,2.2007528985674364e-05,7.551089632479847e-06,359363333.7906283,0.0,0.0,0.0,0.0,0.0,0.0,0.0,3.574177177518226e+21
1444.9906506793714,53634.894469040635,12.045346173070111,13.001858206723911,13.242547660714887,13.203468661220215,14.002281152832502,783019.3567778077,89892526432119.28,21346089.118910704,14.455072344903654,7474944.04160533,4050944191261941.0,3664.352725097516,1.1404849908269034e+18,1.968876526345572e+16,2.663489014562595e+17,257498626980676.44,198698834.06087977,2.6908548765517988e+16,44179200857572.07,4.234901895682006e+17,636.8433278502952,29367180303.67675,110317230576.2226,5068.278199866459,34468869.97770283,7.565138231047714e+21,4.64774830272105e+22,8.404678463796922e+21,2.423723052796871e+17,6.103266842039609e+22,0.0798736677407667,776171182.75462,249364507905585.8,844286095951.8479,152287016210.4962,460622251095361.5,402384998.0513648,23332504212.14389,0.001421840213054,54621244.623401344,353494759124.7358,153903463583900.4,2666986283.229112,7.077309649597488,75607288.44378044,822592988.9855242,229201553492702.2,1.5577699219178593e-05,7.253408732347069e-08,416908050.9848443,3.476605836405214e-05,1273380605.8105204,2138288174.971175,1774360.114900381,2168148.613635093,0.0181613076470367,5646550795277.287,179313.96151340785,3.732230451341707e+18,2.0475767655845274e+19,3024960265793.4214,5844884846.347473,5.341626977063235e+19,18526218.74946115,1418852500.9562438,3.842431082272311e+21,3.3023269910941376e+17,486554662.2322198,3005001555506.6875,91504.4136907588,2.343997819951301e-07,1155604277676841.8,5.642717470423335e+22,19686224580.747932,8.951771327498477e-08,3.467154835745859e-16,8.748208565204761e-25,5696229.694806723,1.1181874109730274e+17,3.325904282762649e+19,26188494.38432871,1.8457155359587308e+18,1.0793723698246501e-07,212001411479.5274,7.334704431104787e+21,3.428900124995873e+21,5.034672861754538e+21,1.3282625648593876e+21,9.214940849112582e+21,3.3628004351115576e+22,2.4406235016568754e+22,1.7112103745528072e-24,4.9490457721705e-10,2.453818761564172e-20,3.0517883933299353e-06,0.4160083119826291,2.5496130782349915e-24,782580331.6456367,17123597222.388506,0.0094157936560806,5.644474670505964e-20,56.70952141508951,1.7834154560502808e-19,9901.409967719172,389071581526.37146,5.025922409874156e-20,0.00068937358675,30.595018515908126,1.054820124909867e-29,2.7429221018440537e-08,1.0119427120568776e-06,0.0408074239051449,1.819212918458545e-17,2132.1821940837317,4.554221987695665e-20,1.0968097182239087e-26,0.0053325729127717,7.42318574836975e-21,5.339657811550863e-06,5.321101432568356e-07,145128047.01730728,0.0,0.0,0.0,0.0,0.0,0.0,0.0,3.566172641928755e+21
1736.453241603882,27176.891938762645,12.019341397817064,7.631477599168058,14.331879894894607,14.061656281458522,8.009217736977885,3106043.9264354706,596433804305231.0,40.59672272021648,279692361.0146455,1931993084.851727,1576625439219.0127,4120213792.11595,8.074848858117516e+20,3.1387958401561588e+19,441964443874.7656,8044903105.934856,3933848103932.611,29147634049.56466,9812634077906042.0,1.3402763837531177e+18,3.972454801525305e-12,3992371600717470.5,22090091.857991826,2285738791.6401634,3416063656173.15,8.310471865057672e+16,3380504125750.7817,119958035.4060526,8.884200458323986e+16,2.2501372950803572e+16,8060523631.146703,1.6369279750950496e+17,5.548472398432685e+20,19.428267704226037,1.0466147247236288e-17,8.839750860699086e+18,118774.54476005626,2.4290323457708388e-11,1.1805077916524324e-15,4.481152848131799e+16,142939819986.38058,1.542215450405668e+21,8088865004.178137,448264341852563.75,4.151402087485721e+19,240914560322.4155,232180562.4460312,9767088557588.637,1.6043596896992077e-30,1.0318921120501087e+23,2.5010529924108096e+16,21110710246.41166,59.09083502041925,2.8696111408915184e-10,3.418797515786256e-10,9.053828271585028e-26,177513.29635186133,2.1154736238629627e-10,70977612459362.5,2.0069857239845317e+18,1495407167239.4226,1537801663.9222896,10310261615.834455,1.0636383544917954e-09,8.889177488376991e-31,2369488998601449.0,1951768778717750.0,2986503.778392386,223396.55284202792,1.971535754193594e-10,6.16359752836788e-29,180813117888.10406,7.013239900048216e+21,531.1664867901245,1.0935983398314561e-29,1.104300607125165e-45,2.0581935301670568e-61,98601069.30562648,59476.42754447612,69.90663701071928,9.288543707845965e-08,0.0009414789273887,1.8871904887334558e-28,1.8616199495725312e-18,3086281093971.2944,16154226.547661977,254.45290388687803,0.0004090854717408,2.5926203370202978e-08,1.138529420422589e-12,6.942247820698219e-18,4.309494361871687e-11,0.0052338351515117,1.5268087325821632e-08,1.2233548790754258,0.2558498483600824,2.1653676609717104e-11,1851105092894.0488,0.0003940678045338,11822038.41431948,1.1374750013536364e-11,409.8929025995367,9.811168286457161e-20,7.939177978560866e-05,988572.475145891,1.847684848081301e-12,0.0063864762891458,5.663346621093916e-05,2.9668860304457437e-19,2.3585467732656797e-05,6.4882001877011114e-09,1.0945672890160874e-17,1.0011017579285559e-09,7051.5655192299255,1.5271149476703464e-20,6.427002802674837e-25,4.2483734408255415e-09,1.0049860580002355e-28,3.242324742041479e-20,7.774177561332727e-05,10274.819690573766,0.0,0.0,0.0,0.0,0.0,0.0,0.0,3.431316999847299e+21
1670.015631865563,41103.626318475835,11.953679287062425,11.158879724740082,8.242893464422336,10.530646025923447,12.244150781956856,20822960.130980592,6023208373453760.0,71940565622.01634,0.2331867534627165,374725294.66638744,6.04133867765869e+16,88.21071647659643,42821513739008.42,1418448874484.594,155368227168965.38,2740547801965.099,2738424.307818133,282086865662088.6,242534508979.86185,1121642846452828.2,45683.70762843996,5129044.958184602,205878032.79228413,1.3407061508293887,2699.5576486104096,2.37583867141295e+18,8.237671207176007e+18,2.549811273337711e+19,20102675598213.11,6.293653900519004e+17,2.830030244213128e-08,28.41115348371568,3456881.162963792,4686120.671521148,124945950.3741033,30174907.43388946,1851.5921646787192,18101788.167509343,2.5196744427193263e-05,0.2349545016983383,6758.823715313175,11153.77507176724,443.7660492671568,1.0082137635861844e-11,3.498381014797556e-05,4.08504641249494e-05,721.408271728412,8.109246437789659e-22,3.723637672179985e-17,1.3431954780004316e-11,1.1763752353327778e-26,103208443734.6778,2048240448073.5896,54968633356.11403,65818008476.457504,69062.78531506009,1.0363208471733264e+16,47359305692.38867,7.232150446080944e+19,6.827725738066211e+20,214217590257407.2,144274712637.99255,2.4091027265567697e+22,6329711009628.307,2.5083640374715364e+16,6.954931217412324e+22,9.7998355191775e+18,125861403249.57526,434909823837909.5,1548866404.8549516,1.4688884073091948,4805558098137705.0,3.5587273914687784e+21,730152081448.4375,0.1754985776977098,7.28274123205925e-08,4.5534811376005497e-14,10919335.499023337,1.6813766702402103e+19,1.8687132105596393e+21,1142349038966.0076,2.103779870595624e+21,5.353751271717651,1.858328391079815e+16,1.4445980612931436e+22,5.817579405806475e+21,7.103650502705319e+21,9.900743402472188e+20,5.020715790130807e+21,1.6697801344759894e+22,8.284697860502753e+21,2.5312202001316896e-22,4.3420001071100256e-11,2.727976315317973e-18,2.8470105454137413e-07,1.4022219052150022,9.128839622830428e-23,46730.77107586223,674204776.3144318,8.71352459410488e-10,4.347685191999582e-13,35956.24954442753,2.4160943514704188e-11,53611832.16705251,13274983732070.86,1.4470350802468226e-12,7.812969368485432,35965381.47416161,1.69329712373385e-22,3.1882268485625846e-05,0.1520290185271361,1145.492549431755,1.1329622781579045e-12,16544.412217467576,9.472533208804904e-14,4.298569723413031e-18,78.95977516442552,7.044742354852569e-12,3.1675326640044523,0.026823736506036,4868120920.370226,0.0,0.0,0.0,0.0,0.0,0.0,0.0,3.3895131863271174e+21
1602.0742198833948,39792.91671000263,11.968338190096889,17.175427002866517,18.29525941618807,14.12073277177965,12.497131114575003,997484.995702356,95478534.80599482,41228.12320932193,312681599.5974382,2000.8393074471091,92233336248.06409,5279.440313783545,230641527688.3235,6398017280.131013,2072358.0133912023,1071483123.6200248,9.49950174306919,5508.956666439459,0.053792908839426,1.5093809767544617e-05,1.0405043783556602e-27,365484212857.12573,40183957.95327618,1.3199698439838612,3700.1387994201273,4.87284636221626e+22,6.272947500048091e+17,1.4722357396739064e+18,3.606110635572792e+17,6.328623056372637e+16,306622885988.52606,28412072580115.855,223884835112.1824,1.6186042916976395,3.0221927409415264e-10,0.0031713046466164,3.191650151882462e-13,2.1036568694766023e-20,5.924714556287978e-42,130862520937951.28,13109639617565.871,292298365686750.2,3.083494856905595e+16,1.403565843715098e+18,3.297924184419408e+17,17678491600.54998,2.2006812775979512e+21,7.90861823033204e+17,5.0920457333135114e-45,2.3422692474962035e+19,1.2894592497182736e+23,0.0240818702554795,1.275106525418989e-06,6.932906370840997e-14,8.347435436510379e-14,1.2272477402810435e-25,349.13016013519643,2.1545219049916304e-09,5120285.954794849,652118.9411025817,2.5818008847349123e-06,3.5841363409133295e-14,59.2271114602402,1.3358107004816472e-14,1.5669215738890396e-27,249.66129839460217,7.4459852987753165e-09,4.0770135689651525e-29,9101.936947929416,4.6316161367002843e-08,4.579290357756442e-23,160947.52733262035,1815188835832.4856,0.0003424140776031,1.1622740049904863e-28,7.043623860713662e-41,5.127731938039358e-53,3.3977033014847906e-08,71547135.67069806,33081.40421524861,1.7049709704579696,26948.444951858208,6.1436751689865466e-18,3.80947998281276e-07,121836886419.90172,162498.693900694,0.6630091341149716,3.494477311076372e-07,6.132859230078748e-12,6.644307195077246e-17,1.1621177637917405e-22,2.409635602677489e-13,0.0043101626449701,1.397911755423137e-16,1.3876299392913509e-06,0.000972623717587,1.9807230550935762e-18,523884498.7031461,2276251.087155224,1598305246.3040743,2.4574607363980692e-21,3.629145321024043e-05,3.273673940882003e-25,1.5796531623693357e-07,0.0948100009724833,2.842721121741055e-28,1.789468586253516e-16,4.400039915429642e-21,2.4389997270224207e-28,8.491763651514526e-12,4.089123012803453e-12,3.5039143799511776e-15,1.1468799049644551e-22,2.671569468318872e-07,1.9253116196383825e-29,8.756669401452868e-25,3.5507104199473593e-06,5.900924946975887e-24,2.726554057469535e-13,3.8158141951630967e-08,699.8680221950339,0.0,0.0,0.0,0.0,0.0,0.0,0.0,3.370345476073055e+21
1266.6812054341374,23701.811917338313,11.995444016365417,11.290127222689785,13.067005816953037,12.37857651528146,12.104676068824666,45754.95098568467,67538286683.41078,0.1130367943560046,8485.228188712494,1.3029927715055385,130152003794.1125,86550.71025714962,2.432711993652556e+17,2125250410482304.0,84061525934.4887,368471756338.0222,512319242.2141684,2402888531699.14,18258405579878.06,2.2989865446195172e+16,5.58608919519624e-13,20397674747.47757,169379.86960247974,0.0242404319714793,591.3062389020529,7.001191842416313e+21,4.3417300481109254e+19,1.910473056404155e+16,1.9040018824807313e+19,2.350628890339409e+22,27408650.725132063,1.7538254029571293e+17,9.603456147017263e+21,42999691.714238696,2.8518401136544825e-05,1.3102811160879874e+19,3536721.0289706583,0.0006788818879553,2.2384440770894214e-16,20055336482439.734,709761583863.6288,4.2618445650424376e+16,52978050485814.8,8246621649211038.0,1.734780509579234e+22,97304884327.44196,8.227902390874725e+19,6468842669718271.0,3.859778076821126e-20,4.422547115046824e+22,3.0529962991721873e+22,8.167582040336379,2.6985494039716943e-05,1.5557322549829675e-14,1.941635099481667e-14,2.746525123757731e-29,3422.706598178376,1.5741646376036616e-11,5551287302170.083,1932945174431098.5,1362.0803855413192,8.403965145561981e-05,8543562406.98544,7.623890973808204e-11,3.588986292915734e-23,375418435664208.25,22658045.576181043,2.289794165068474e-09,4.4608603574924715,2.4443186415468643e-14,3.425404423003289e-33,1477067.5215313209,110011148702148.05,1.2901106558919523e-06,4.6495203018431614e-38,3.617050043404918e-53,7.524032486888005e-69,3.354829777676943e-09,8310338.885367618,3789696.6241595834,2.467935090868472e-07,430.3995482312507,1.7061465072117805e-29,1.3890303015789967e-11,1066397079074312.2,320886122744.73175,316958672.5377486,90238.10447006708,481.9766755614743,1.0793486587893333,0.0006458671022711,4.168155448478948e-26,8.661085875971324e-08,4.901826336792082e-23,2.983206889439536e-05,8.364862241836967e-07,2.871117426723587e-30,2908277330.4447293,4639.224028029227,22876901.49073384,1.253756286797217e-28,0.0071164917877189,5.088021645435276e-34,3.3861499019179666e-06,549780.7813326574,1.7228459554833492e-30,2.6080317694733717e-10,4.6270104950820216e-14,1.864447591721697e-42,3.131867859594473e-16,6.056708842705307e-22,1.1250966281726e-20,1.1112697146329426e-32,4.771165694763477e-08,1.8741285621167942e-41,1.696179364762012e-40,1.0513066220188288e-11,1.1745339380995028e-39,5.7664332848052775e-21,2.0090135381845187e-15,3492.3984843172057,0.0,0.0,0.0,0.0,0.0,0.0,0.0,3.343317643037265e+21
1258.8231588916692,30835.479102265548,12.009302845044356,20.15467173424997,20.35211467337924,15.352539734257102,19.183132650921817,774.5364832647376,6881.096673530407,1.753151677361225,5335.124776123886,0.0071265289124417,73516293997.90788,0.0067819814227805,180601692.23561612,1524326.5767039382,1287.3334633121694,718537.2628656897,5.26184528924179e-06,0.5971237999141372,2.5064132262435144e-08,4.175838211564198e-12,3.370189275644007e-38,109615100.01578292,19166.339504229196,8.584797984078143e-07,0.0223419519564759,1.2917386350374855e+23,5.389959010811224e+20,7.46169878376389e+18,1.030939131677854e+19,9.27668479088832e+21,15367669.460422017,14117812405.245916,103666137.09690744,0.0001926775703045,5.5828262421022314e-14,2.111272542991912e-09,1.0862350636352439e-20,9.069978410297714e-28,1.7206715908276444e-55,95662629431.78412,74612704613.55322,1698773790578.7695,737796497013187.1,4505410969477211.0,1280145909697484.5,68884607.43769772,2.4590836768416207e+22,3076148196639000.5,1.084953899215488e-56,1.410817182365268e+18,1.3820446311103563e+22,5.541406924485396e-09,3.831509387319842e-13,4.386565584233461e-21,5.480528728327184e-21,1.433236957186021e-34,0.0069739037028054,5.882584036995327e-16,393527.8876013703,25.993947746863665,1.1845009368572045e-13,5.2047757310365546e-23,0.0023857710751553,3.5784387594959653e-22,5.08075312938869e-32,3.399966594491998,2.6269725558014173e-16,2.032340265469551e-41,0.5497787791296841,5.5862477044751754e-14,1.3672251028335492e-31,6006.577447332972,5761172671.398442,1.1511390239365203e-09,1.328704512421606e-38,1.928230428163848e-52,7.150844667253064e-67,9.885940341817314e-16,99033069.3448565,31027971.83515898,7.968704443614801e-05,109908.36419571257,9.060857337666068e-26,6.728670659279146e-08,437084327269945.5,86487731083.1536,56313645.042227834,10823.833883108711,38.36981177106921,0.0563823644456958,2.246943836456175e-05,8.054579561704712e-25,1.000411092632222e-09,1.2236786953729302e-28,4.363878788974448e-14,5.99191946632249e-11,4.024979499405203e-31,332248.340575411,31772.502013401572,276557.4689954289,3.434818932101337e-34,1.293494854937331e-11,2.854133189654257e-38,1.3090078207080886e-13,0.0007589207255754,5.60401643627524e-43,5.182265243010764e-26,5.402824832447236e-32,2.5975400405332093e-43,2.914523808039263e-20,2.573693490880989e-21,5.030091828695911e-22,1.3969579693048997e-35,3.892969976534938e-14,4.6716579694993465e-43,7.069399933107933e-38,3.0292150596831243e-12,1.113368475156667e-35,3.259123677129476e-20,3.6760832949467704e-14,37.96744464014595,0.0,0.0,0.0,0.0,0.0,0.0,0.0,3.3346252227349216e+21
1815.010036361678,83224.15849392813,12.00162242668192,12.666308738034925,8.056011957393828,9.450611729693286,8.641846240348691,2829393.3474332597,99934708967481.95,1.4222299721325526e+17,3.2215429085343936e-10,954052384.5653728,18747.37898708339,2.8832627431936723e-10,1.7488872514049696,0.0808973215072585,799291.670737798,181220.96482952783,1.2932164171325624e-08,35758.72498000537,1.3779254109779269e-06,8.46850186157341e-06,6.203154255006826e-05,0.0002383772758848,999.331821144638,2.6606007789853203e-11,2.8763321866518938e-08,13360755812384.877,2.7151096977782414,1.4228866718139111e+19,1.4471243674476478e-10,1.22197381404253e-19,1.8377762825043408e-27,1.1125854155162236e-21,1.5930325707776305e-19,4.464500625995237e-09,1474.7779027503009,1.1463398944034749e-23,1.9311550138384836e-22,2.5138381808661943e-08,2.0929493221409354e-29,5.4888230203972575e-22,1.0455068778887373e-12,1.1058499495262433e-18,6.065848056387856e-13,1.2802818148800546e-41,4.763773205347097e-38,3.456392640031818e-32,1.3352250275981005e-18,6.395048832813875e-62,5.4288277904289024e-52,2.861017142639428e-54,2.3508092530553214e-77,645904970.5610192,1403167818794825.0,6.942005814839245e+18,8.225346641277108e+18,3.186990921137742e+18,2.878820549565722e+19,5.197980420622711e+19,49339.172994140914,1.5192452487507338e+16,2407496701.096927,326005.6616857024,6.2661041137664016e+22,1.529576048348898e+19,3.4485754233526444e+19,88317.46025899767,136155677643.51836,3.554448059093905,5.861574707880222e+19,7.413930330093093e+19,4.536635884907319e+16,265.61417907885703,1.009020540660072e+20,1.6912787001427976e+16,1027638795038995.4,146063937439092.1,47702295805580.875,617795.2727190262,525448794281.55707,2.7521424679079782,2.5836376870219844e+23,5.736098886213891e+18,1.382790940432786e+18,1.4563360127416785e+19,0.0001237519531858,3.6146803861709274e-18,3.1529447118607633e-31,2.48497455416637e-45,8.42587501792642e-58,2.1027361901937327e-70,6.734215358477122e-84,1.5131507370034406e-27,3.564299218763298e-21,2.707417101164988e-26,4.584341186566834e-20,7.158557987876641e-05,9.052138477083739e-29,3.115544513540481e-08,34777244.73863228,7.071621309121162e-31,1.1422049899716695e-10,47.06910014086803,0.0008476870392027,6461517386.575756,0.0002986183886304,1.441151206028005e-12,8.658269808440069e-05,409483498.02885497,1.1546853750960266e-17,1.014337608474299e-05,28973952.80432349,1771809177701.9624,1.535084358401465e-09,138.098413941293,2.4073064540621404e-05,1.3534918598100906e-07,8309048.572260325,10728.738264565229,68130712764.80303,2.15746807778452e-11,5.7022009862431825e-05,0.0,0.0,0.0,0.0,0.0,0.0,0.0,3.333517741334921e+21
1645.917312453248,43427.04351396705,12.0011151418967,7.853496906352062,10.458056674250953,6.4048408807414425,12.31015635773522,334645555.12393457,5700275940488143.0,4757438.320264024,1111.389562005914,1707473.929659321,4.711902451911377e+16,568765.5214281788,3335538176177110.5,103925535090052.69,1326311872108.2366,2707023013681.221,26142795922.517147,391862432920207.2,3546090766249321.5,2.4665331048553603e+19,7.734981915045868,246229743.42366263,1121413.6017760837,0.4071350800576561,918.9337628463012,2.3270124330365015e+18,8.550131418690433e+18,2860501669298473.5,1.580846539291259e+17,6.046402889066243e+21,1.1950033909122295,2085571540.037525,390332021873656.06,6055183.576419899,2.0297795624667803,5809355436590260.0,33882654.24393525,4109.858677122509,5.932436970376596e-05,98775.22783432476,350301.6242975362,45282040.535151325,2851862.480073742,4.427443076090108,24004984.81292724,0.1506702101261215,5903150.573199595,3.002173237822256e-06,9.397420891983783e-17,4.3072127933184765,4.323503061400866e-07,631625619.5259856,1409545.2111752613,3.867633632384374,4.639885554857024,4.382744034696843e-10,1019701572513.6908,414.21262479888657,7.732771841369173e+19,9.696649556898846e+20,1865335127216.5251,9123620.159619162,3.80023487933198e+18,75896.32711070057,4.190455536602004,1.051283287793002e+23,1.3005364799859202e+17,12581536.947526269,254506070.1431596,0.0821529850167218,6.3327331149097394e-15,27815531178835.57,1.999962600173244e+17,3193.769375234901,5.552703424699025e-18,2.1039125670391024e-28,1.1109333336486478e-38,2.926970495652729,1497108120205374.8,1.834165563619514e+17,8424.673415013476,21959841547878.344,2.889316205203045e-12,18282.01814632768,1.3697811526705123e+22,5.61999910131758e+21,7.012440916000042e+21,1.0423497493222612e+21,5.467265562483537e+21,1.84172963923624e+22,9.512019496914798e+21,2.335402199438957e-20,3.866186104039694e-06,3.63270319546207e-16,0.0354533545963663,0.0367820939948891,6.333533449474574e-23,54373420.23447171,1302649.6701454867,0.9146307931638048,6.279733968017718e-15,603504.7143857623,3.782211576501893e-17,104393.43389489251,295139419891689.8,2.5935833605224667e-14,140.4535870012827,173.6290979086104,1.0694362701081644e-26,2.3682683574251603e-06,2.1139189036638503e-09,1.2691585468901762e-06,7.937593905852092e-19,12.955048472724645,6.764209391769456e-24,4.333823030572326e-24,0.0995336778460524,9.273709097672282e-22,4.0037695112725923e-07,0.000444863764491,77079452541.86682,0.0,0.0,0.0,0.0,0.0,0.0,0.0,3.331127222027106e+21
2295.547841528113,60840.472898967855,11.995292673239868,13.16112231068799,9.610386789482757,12.662692340246634,8.984629852951215,258042038.91226164,5138431876795933.0,3.1431509480088207e+18,0.0141713235141429,13610649708367.229,177110135.74747136,0.0060764400712449,1464435.8569333465,151121.11563868733,19878336451.29194,1364436319.6628604,0.0394016770575493,78631440.72614886,0.3958453833025135,0.2939397085136089,0.6526943374507331,4487.116801066287,361369330.116995,0.1001076504855236,24.36380555035881,4376897224893309.0,159172.96738792805,7.95927497265331e+19,0.0032030113729883,7.445390196708783e-11,1.0451239245021014e-15,1.1369649987483478e-11,1.4753032297266982e-10,0.0066229399073313,1089512.7311574763,6.237190345806287e-15,2.0866675768500525e-14,0.0014979588493125,5.176043351284537e-21,1.6147647388662762e-10,0.0019062392231929,2.489485734392742e-07,0.0001405210198881,1.1135635188937911e-26,2.7544100686326163e-24,7.226553403050888e-18,3.501851573173304e-09,1.504485549814212e-42,3.897165228873504e-39,1.0623909789550343e-34,1.6560384535959294e-54,4781648323651.805,2.2006054232320806e+17,8.251045623757205e+19,9.52638470681759e+19,1.4921794992806418e+19,8.535637730053213e+19,7.258436664921214e+19,185042714.61919415,9.351182834888808e+16,4375424008063.458,19372442916.138577,9.468864633144875e+21,8.635085931912101e+18,9.572521968293462e+17,89194811.72302358,25037773163895.7,346979.1394457117,3.032187430381985e+21,1.392787423627155e+21,1.3342168233240146e+18,59601383.209758155,4.25622554484635e+22,1.96447633734776e+19,8.453179184569036e+17,4.13715488085446e+16,1.2391926038807436e+16,2175075038961.373,85423799213743.83,46017.586626658536,1.333564252524233e+23,1.1460085880641036e+19,4.344422364082497e+18,6.425146316073833e+18,33.07997994842005,2.8495751543627616e-10,7.117808015585806e-21,9.099034431898852e-33,7.536876125981972e-43,6.134586319233497e-53,4.385998740274413e-64,3.649334665324593e-15,1.8553187158240215e-12,1.3177553873202792e-14,6.8643374557027535e-12,468.5850101002356,4.397451422423717e-15,0.2231839290465522,6555494708.7977705,1.1036061928157283e-19,0.0073554103051358,56546.67428225547,1833.7283622133475,105800775216.56828,3.059629428108037,0.000138745120614,1.0802164395256089,210583656298.69388,7.328155599220962e-07,10.247461811646971,5527255957932.944,90562645483200.12,11.714186224928351,32659446.66322858,14514.182615149366,3.798849610143782,1661070672.8948653,878311125.6469958,1290680694425.333,0.0032443134629355,2.124849350464274,0.0,0.0,0.0,0.0,0.0,0.0,0.0,3.328686232420743e+21
2289.596566656128,49391.73383404857,12.001632609401309,17.789817807036236,10.998032181293308,9.31238032718948,17.650893559306116,1708422422.2745063,412528637831504.0,2190359758969152.0,11.172259711337867,1072977786.7621528,3.4366717504178734e+18,0.4025798783100258,8669.87134904588,887.6858991164228,87490.88695523917,70191672.380357,0.221991928275509,341555.16466486524,0.1904280147306422,0.0120434735284457,1.3963034943173984e-08,308.8438217613125,18568.077705442352,5.662540032442479e-07,0.0001398358102454,2783201993529956.0,2041053184291732.8,3.782406918884379e+16,53961715004.80405,25763574813101.92,7.03443963053374e-10,6.640934422570581e-07,7.359828637964619e-07,1.8169853942709244e-05,0.0016608496675645,2.177130962964328e-13,5.313774264667137e-16,2.120283513032684e-11,6.54107501562353e-28,9.469135779537916e-09,8.441305008868965e-05,1.267057863786213e-09,0.0733223724076395,6.5354662270603705e-18,1.3861378609555492e-16,2.3148600033160358e-20,1.2002282191207574e-06,7.479758300699408e-31,2.015909083022889e-46,3.939907010523529e-31,7.129105062286251e-40,31656914.863928106,1086702966.8887403,300091843.904456,346566421.8876387,39329.93370621455,5062332151060497.0,3114448787280.98,3.023327419219669e+17,639653884001960.1,2450453.786135387,0.9075570481602117,4.82456370697367e+16,31188205695.490986,38971589815462.0,1.2316072913298636e+16,1196427.1346407258,1.1257275275164841e-07,181434957362045.7,60450239210.34196,41398.07430762986,97069273261728.48,300746810325651.44,98689074.40949488,2.197657224012705,7.803477229477779e-05,1.680159210787615e-08,1.2174589100963131,1.2389688257138797e+21,1.3535856519744217e+22,6.925567270233454e+16,1.246414103814434e+23,1591825163.5035455,5.0930848502881075e+19,1.3183703089100402e+22,2.2791856263635935e+21,1.1428308594111098e+21,2.949262361643991e+19,4.911573017109189e+19,8.013918280028788e+19,1.1530467726960783e+19,3.7332517731068873e-13,9.884019733591996e-09,1.142637443989421e-13,3.090220051977933e-09,3.257529874552931,3.7816276302123475e-17,0.1073795043433036,20840118.319003772,5.208646887961583e-13,7.430695311686896e-05,30474.090086870292,0.0137573142289033,42722375.268674105,34284629849.91159,1.1648104256685725e-07,0.0474661668362501,11936.917585107878,7.179610827771198e-12,0.0053641453466897,44068.98390073398,26947.88689267714,1.0145417389119208e-08,1.5014996821780096,9.254614994697682e-09,0.0003330752451413,7843045.957323397,58.57590537013253,4479547.2787462305,8268644.92700864,281652508645.90625,0.0,0.0,0.0,0.0,0.0,0.0,0.0,3.328067563831174e+21
2618.2340636658328,53310.1155855005,12.013051115284718,14.51279498658531,17.159792129021675,17.15479670713548,14.879249592640186,115564593.43714777,143438331251226.47,91145560896.45374,75179677170860.05,358370510754421.1,2.6655082656057645e+17,103751508305.68668,1.7423381420539922e+18,2.605545786878517e+17,32166286455450.64,4017916211441.3066,1230615701.5889544,597319168.4589046,18739525.78906407,23840.02651664875,1.4118272623713929e-12,4.986789451445498e+18,449979593356164.25,411425981136483.06,5.025641700715723e+16,6.591276806254496e+20,5.899060982631765e+18,1.279158713816874e+16,2.6464053226893073e+20,6.329510045211176e+20,676431451136835.2,5184234833324678.0,100916475038908.44,10097.734856884734,2.4130033604423387e-06,68800.10041018728,0.0007698127850894,7.341789916766112e-11,3.726944499289535e-23,2.428359890527355e+19,1.8337669872099485e+17,1.0418679945993872e+22,1.7083614021939244e+16,3.217470617674203e+17,9.599417672010362e+16,7.346161682455318e+16,1.4005246229032442e+16,7807021095951224.0,3.5617107436286803e-31,6.817375305473135e+22,5.403749265987367e+17,417036119273.4157,22317439.717665,17.822265872906904,20.31998419796284,1.4760232145093724e-08,4353618886.083746,18.345435723885178,814513362195931.6,4351215075364.585,897888217.8306417,6364783.202237763,545949012.3584316,0.0065011975464076,1.92671277427628e-13,967985311040.3796,8071875.397984372,0.003010405478858,40471288997945.38,81347.07505284206,6.824102383525916e-07,1.21478563883098e+17,6.728151248258259e+22,352956604286.6581,6.371967509827436e-07,1.3620618037355098e-16,2.732231079754528e-25,73003075953879.83,135201084766265.88,13569685045791.389,4683178.372219452,16385696515.7673,2.482051774597329e-06,32.146160869259035,5.095631482013192e+18,1.351353295121344e+16,102710125125300.31,30531019830.69164,715025779.5853304,18999328.54007159,36660.00765257768,58648.25581678753,1653.3143967252092,452.36561445871575,14.902756869734024,612165212.5456809,89134.22307610614,8333418299052.724,283942.60889789206,2074693230.777756,2.6710308964036766,362.7463017717045,0.0009493651434573,0.6334752501707749,1106346.5458712364,0.0002757020091275,9.347281950991411e-05,0.0459039222151671,0.452840383592457,103.88891688863244,63549732.46395304,0.0004471689557058,840198.2158060876,52177099.413902886,2.2551834461951863,0.0014422675385583,7.116094268903924,0.0001527813485785,1.2850262844945705e-05,8318525990.02471,320688309.90778,0.0,0.0,0.0,0.0,0.0,0.0,0.0,3.3224670173965713e+21
2853.641139059694,97754.17599666638,11.99652451742696,12.705407494705195,9.767296028492984,16.14276784548575,10.488421065809137,791354645783.0416,7.937839574625253e+16,2.981710474523259e+17,41212.06277918149,4092217813764934.5,86465341663009.64,8927.598159823232,53042467951.964966,9848258181.671265,535964138578.7408,56151171807.474106,11889.270071233565,1155348514.9834757,18297.55374307034,2536.35516567264,0.2060731614029559,1842490323.0505805,81443509133.52988,553567.9960282563,45193528.31958,2.033887777151911e+16,20704901011.910954,1.886056401409422e+17,3231945.538759513,526.882409684265,2.2342383931585536e-05,0.0110649315949744,0.0217007271202482,0.673202633964086,42.42584267156263,4.7360813652644514e-07,4.9501527854098504e-09,0.000106124379248,1.411977409044105e-17,0.5771161104026906,1503.603600232651,198.1620552764505,97.3144011918858,3.5332328611496733e-13,9.019690975846288e-12,5.5854503047195865e-08,0.0010269887058775,6.591017619533366e-25,8.990599503816802e-35,4.858351880996444e-18,1.8765560314153535e-33,757650357022134.4,2.0244243249240516e+16,1.1572726642983348e+16,1.3094537688987126e+16,10739572318949.684,1.5605013837250148e+18,7710829729826378.0,39065931250140.8,2.5563255982677187e+17,212935352281029.03,3372960272176.2354,1.6605114641869386e+19,410048021362049.4,304123978880.5005,6236682784880.557,197744672019146.8,68596602.22382522,1.4130424227898946e+20,3.090221245832387e+17,4260416316437.3975,79226828278575.16,2.4793966333586516e+23,2.489469019361238e+18,8434877749624.458,1978116638.0870416,5523333.522950299,2745490680742860.5,2.062339570316802e+16,198146902469.6873,7.824395040948014e+18,1.07654787954787e+18,9749651182080.934,2021607457527391.2,111527893050.96968,38254.553571692246,0.0373284640170644,1.213900563832769e-09,3.4971386038602586e-15,1.2495338627302526e-20,2.8787526446400055e-27,3.2771979550577637e-07,0.0034507037054741,3.109528870111126e-07,0.0040763229229563,28342.01939835663,9.630790911863888e-07,4535418.714597007,20895457425.64739,9.304700634258604e-08,35.45504857572371,916916523.9548582,7066.656306231257,699161842701.9767,130954460.52873103,0.7848071679246164,86005.94473118252,1283622837.3916178,0.1753456032172545,7334193.190934672,1081148296178.3168,4315941994610.7754,155111.79580317202,2095903891879.9907,300364.30082458176,113.59405959451544,82039035468.88258,3468091.726249946,110864211868.77556,19631.084155255143,291875183.9619279,0.0,0.0,0.0,0.0,0.0,0.0,0.0,3.2685397709746654e+21
2887.7294817771126,63178.4959379302,12.00163473272544,10.196530940066744,13.542946489360755,9.214673288904509,10.024980255671736,1703792926365.0146,6.472427529423098e+16,43469691913.057014,7840316624442931.0,455252671989.0556,3.9710584490839624e+16,1174331664828283.5,4.921593668876132e+17,9.400213549592242e+16,573597285149.8683,726183412488037.0,1034541032638538.8,10164413989613.258,1039140867282134.0,94965564531238.84,0.0001248577033221,2.69068951692811e+16,135221287818.4986,774461159.8856622,59974826629.86804,3.310021326928549e+20,1.3498897106644114e+17,347930190700611.06,1.9871729315337175e+20,1.2133832618365868e+19,6.053607925170872e+17,1.8453831367988147e+20,2.3615648207969265e+20,97269119.25505854,8.028957947724804e-05,2550446502447633.0,3299673.9511860334,0.0008990248236281,6.260874332502295e-10,1.210941770909197e+18,341959025684881.8,3.265569078447383e+16,2.6145137973744464e+17,1.260655878244222e+21,2.050443135315522e+22,154627798259.89914,4.008208982472216e+16,3.461777928108277e+20,1.0051598671276242e-18,1.6321478129212766e+19,1.33571584699809e+23,58369475277.96685,177733.9853862061,0.0121435800490611,0.0137265218517764,1.4284003758290792e-12,150001444086.12494,94.50731442461556,1.2305323975532302e+16,1.3686546625543974e+17,11070970758.590055,15760.180324115743,1017936535126.5146,3.454525728794862,1.3116047514214512e-14,1330865687546285.5,6729694130.246332,0.1649321101862724,1679408527.7186365,0.4636533481434026,8.521609330181478e-13,3223455862765.904,1921758279869076.0,2624.205916204813,1.5054503718407618e-16,4.464590107260268e-27,1.6250808464398505e-36,2334.7779537993056,1070877351285.2368,4027056845.751363,130374.36662782374,6248152.809209956,2.2691242277561946e-08,0.0014567893578738,1.915079075665506e+16,2675860670959.5337,1062520619.4905407,13765.897289533434,16.04820603006419,0.0234842329997124,2.1804412475906235e-06,50606.420021192855,1307628599.971125,32148.279575507127,1041913053.0199736,256759247.2797113,13.11024577368758,116420007994519.12,79522108.14625496,4385578327053529.5,26.257166919800788,1525035238.8206358,0.0006054439947799,130168.65222244091,77549448581.16321,0.4186877134649276,110456.53858568666,41.06936971173099,1.8540946763406147e-05,1731.7490852108629,9.466604077635727,1.2230053496960196e-05,0.0012031054125036,37146.72588384481,2.7868527754785995e-10,1.504847157779476e-05,23579.494814602305,4.870494852038101e-08,0.0038290428300809,7001474.402335589,256470890820.8779,0.0,0.0,0.0,0.0,0.0,0.0,0.0,3.2547829593207325e+21
1551.9708261713854,70071.39647170863,11.987574352412071,10.251868108656009,16.2197019624659,13.59437822974476,17.137119862085278,2818216.880343899,11871749993576.33,438.9476481109334,1247.5716161757744,6599197.475858131,1.8756371497235424e+16,5958.578746905677,8083466688659525.0,194781867596385.9,2472189245.4395046,88841169.66024224,3730704.144423334,141325636.5618644,7949375915.165528,805246693916.3412,2.3175390503608302e-14,29798299235.874825,120876.9172029341,755.7342732123234,2755454.5634909924,2.805033721714294e+16,1.4889772871516134e+17,31956922623.183655,1.6385019908374892e+18,1.6442005363715142e+23,20.312613212045942,947992623.51561,2841116799212.5996,0.0213183417489596,5.1261669267016755e-15,2736867850.1927686,0.0067650652175195,5.577033677919673e-13,1.2345305168753066e-22,172733591.96336004,771888.881427863,7163307163059.453,148053.3212701226,2228.9658290113543,206012656.56198257,210.4746644177592,11152.157614601256,0.0186629695548045,4.5707386428663566e-38,160940561.0067928,0.0657057743077312,22085242.088474736,42.227024335152805,6.66798159652659e-08,8.063777132513783e-08,2.5695981800690205e-21,1307644.7652406022,1.697764869613287e-07,3.035208822332922e+17,2.908601816762031e+16,751952395.919,100696.60484146768,92670802843.69862,3.070657939702568e-07,2.1204299351807428e-17,4.632283241267618e+18,807093694942.9869,6.55508598404701,1470290.6364409658,1.6462100674804224e-07,2.7908936900189787e-24,331438284096333.56,1.9480326947903413e+20,570.1959568617757,6.99565915230546e-26,9.502110189394753e-40,1.293980447357563e-53,13390.454368770686,543799355913.5301,113379562203604.1,0.0006428332977445,8140731.146177353,3.117437123013479e-23,2.7716583850931277e-06,1.3989426564665709e+22,7.023175031243567e+21,1.086656879920838e+22,2.395762334634484e+21,1.639537482505637e+22,6.603305638353278e+22,4.569383535453494e+22,2.330054974858504e-20,6.85164012913019e-08,4.435134504438756e-18,6.71840262802519e-06,4.044164917396195e-06,1.9996138670428186e-21,309452936.96214104,0.1631591340895528,0.8130929548380815,4.287723794817365e-18,15.950774961965736,1.8932910562093113e-23,0.0026904083956422,28585621391.679653,1.1504751208254617e-19,1.3008268758946425e-05,6.753416957779642e-08,9.046328217142856e-27,8.157047121186607e-08,2.5634969073885028e-11,6.41355429922463e-14,1.0850775565976642e-16,58.2169640586537,5.253305415179054e-25,1.3049971776675675e-28,1.5772749201663708e-07,4.4739009537530436e-29,3.359727593989878e-16,0.0002333325052991,686266735.5005132,0.0,0.0,0.0,0.0,0.0,0.0,0.0,3.1658036950461904e+21
1815.3639122139691,28769.715974267867,11.9872221874739,15.3926904231327,15.147817133178885,12.46531234660604,13.453673716773755,31496559.25851754,1253958332188327.8,454670869305.44293,196083.601994431,1042333285.0566148,7982647383953381.0,2192456.1979071936,1.4356917263049468e+16,664597832643330.1,2.084730061335323e+16,4360295779857117.0,1227172342.9482884,1.0743725031700214e+16,1631061872385.194,125071792364478.44,9298.739020377216,156985435733.57053,2090106493813.817,19066.516792657883,20583781.666547064,2.5639243600481183e+22,2.21028336498792e+21,8.670799843743675e+22,3.716257637108743e+16,1.3288973244784914e+19,675.6981634545042,5094846656.331314,9099398873689.262,2575780976018.471,8584474670352.456,102286467880.98662,5484396.522512008,7203915778.279885,0.0002963595036742,218386070.5677818,1319744420051.8655,476307884346.10175,705756060560.7968,2837.860667581165,131682825.64241634,28595719.15334115,2971735667540293.5,0.0085682173747878,2.8271864190570028e-08,449630.3782580061,0.0018999709919218,8816747815.603434,60835586536.31547,957087008.3333637,1133992993.674904,1399.3703713715329,1148422249907564.0,6605140795.057154,2.6241882616148934e+17,2.3785302777999355e+18,410303827911.5483,60357065.98737588,3.116373228208069e+19,24278293580.401134,234145787168.14423,5.865234148825528e+18,289476323294224.4,102896.43958569336,203070671588894.2,817970654.3444656,1.5961138957889354,122828711410365.95,1.1897973030209275e+20,63629497620.98697,0.039271266542161,1.7774681700039663e-08,1.8502503621272155e-14,795462.1239405782,7.104982866646523e+17,1.5778823485171515e+18,2623670406711.497,2.4622755550900675e+19,44.836301127149135,198990767542703.8,2.231555650601377e+19,2.7664210124392637e+17,1.0241027449098444e+16,34237309780115.77,4926143673130.246,521800669307.6077,7090656021.618245,8.39291534665337e-14,2.4105138985832927e-05,1.8746006531114358e-11,0.0038716260065355,156353.22686503766,5.451992957637209e-15,227247930.42095193,2357063422245.029,2.8788327132312515,1.3098727926510378e-10,6566.54619231126,3.089020957698287e-09,2862020.212891573,17623784922.572598,2.0669205968405625e-11,0.151336943567487,231410.41258682485,1.1543271624158533e-18,0.0001233387851865,9.12437413571396,216.9053845500591,1.6584454866602128e-10,1815.8513469673371,8.270575389357789e-12,3.9546399049707846e-14,295.07281417114933,9.938261608936356e-09,7.695507905021891,0.8361884455215638,269503395.174227,0.0,0.0,0.0,0.0,0.0,0.0,0.0,3.1261042956399904e+21
2534.1205208351703,52783.915218202266,11.946017168523843,16.098965706335235,11.55399701301352,10.259428310700327,9.285444161247955,1678399408.6525948,681241950948969.6,1.124869701223434e+19,0.2972865346106735,8673415865.287947,7151537.906978162,0.0032408233304863,5.3405193561743,0.7318204273923182,25026.164396499487,51904883.46888938,0.0003471951385789,64177.83430062416,4.987620020718776e-05,5.811826599311624e-07,1.1886031962328412e-06,1.4925851765585962,35767.427984078575,4.7297587263070384e-09,6.796699451216215e-07,1650752105648382.5,606.2791372062594,8.60095627526153e+18,8.256037634699699e-05,9.956676350880708e-15,2.5750528472141772e-14,2.230069077414955e-12,4.1029991028040954e-13,2.5595389125501186e-06,41.625501938057866,1.571632906705983e-20,3.605088655175187e-20,2.4285578277411784e-10,1.5010201767168898e-29,6.821858579825574e-14,1.5669572352191874e-07,2.069743626839674e-15,0.0002631233078515,1.4962950803180634e-25,4.469711575945837e-25,3.2736947882116246e-26,7.711628346040887e-10,3.1805430707172595e-41,1.0331690125461499e-48,1.2431966225022929e-42,2.475131584776316e-53,79238437.85973126,1116870027595.6829,203454621286676.7,232667116461098.56,32086233916021.156,4.899434642499359e+18,3.8595846503196047e+18,176683.6076747898,190851488161180.5,1451261.449101025,0.4812482539457051,6.214734521731175e+18,1.1002542895216076e+16,976916852020.701,1766.164538895906,122020.15422165272,1.1371563878074732e-08,3.140483277060772e+17,1.2156172918548798e+17,166550714979611.94,158.829198386588,165643047335860.12,133462487382.21654,7424077762.310449,305236868.48943794,106700715.43193194,4.565202791052287,978570218358.2682,4.311116146337784,1.5081722907640778e+23,3.3153668212446356e+16,1.1289256897701951e+19,1.3197310720168748e+16,0.0069109929719401,7.137891441379615e-16,2.1187615924667687e-28,2.6219115614287098e-42,2.4399073960110608e-54,2.488171956327694e-66,1.9295737009756085e-79,2.9013085431488914e-12,1.1994185093959988e-10,1.948498710578049e-13,9.148418884570432e-12,155.62590736564252,2.1841857365433103e-16,6.697127985827618e-05,3136267289.7847934,2.193363092663113e-18,0.1124867348925882,29361.075181530545,10042.587832553914,14238147611.391844,0.0052258236924359,8.090665948919803e-05,0.0426064378526567,64562781.39603415,8.45438948494106e-08,0.0379353265161944,8302378553.690985,14420604161.078655,1.3648749473702406e-05,1.5429582605193866,0.0083260527707585,1575.9535390074473,16613223816.433489,54816808663.00082,6712004805907.899,0.0031983526061296,0.1783697654793408,0.0,0.0,0.0,0.0,0.0,0.0,0.0,3.051084452417204e+21
2987.53943457671,82266.1992311801,11.984690393807067,7.748268537467553,11.135680300082011,15.78443163703716,10.5257709635579,708775367123.8473,1.1917883245520397e+18,9193371483.021152,1809908060129.8655,8920557667596570.0,1.7560710584847645e+17,3149653832154.785,7.238482686447183e+18,1.4962724406134387e+18,927272328535.1846,136925591255.84854,28477133797019.645,21284421673.76736,282849672459721.8,263013085228931.75,7.179609516094479e-06,4.314576348694414e+16,22895310132.499126,16030634347009.71,1071082464999674.6,3639746959467018.5,4484992831014.4,400787747.9447767,7.595498402468309e+16,1.161018273793596e+16,14363024242.338318,36762326161883.71,465012905688629.5,2.2772146629054593,2.1775915994710356e-14,746674022263.6763,129.43761806247736,3.7011549077135086e-10,6.099218661491095e-13,204605211717274.9,5323381446.557348,4.08740962680942e+16,446987316.061004,2468092006.0462117,369975336165.84894,2316960.5143329166,549.3102241421757,76505.39540180464,1.0273426298177234e-31,219113126907.0073,2642.09567394707,1.3342757071319248e+16,4317516006.466983,35.83337519656112,40.388721432701054,6.03325244208313e-10,322576375812.5067,29.578621751774804,6.178738086358938e+17,2.5331271715925852e+19,2.747547248340412e+16,422362742770514.06,20286699357525.668,12.356867172939497,1.5305110321419521e-15,7.333831354776544e+17,1.6650799616179267e+17,733484265070.381,2918517491034.6245,114.01874878624554,3.4550710113721517e-11,1.477896130839948e+17,1.9940248851895144e+23,47469810253.85296,6.459365153150741e-11,2.7258933143346596e-22,1.5353998405270005e-32,4571868347498080.0,492214843960.1236,5236096330.966005,2954.044387880772,289107.8712773831,9.653627822478064e-11,9.10747841378619e-06,2.1082363514556698e+17,93245877935555.84,116836598230.91934,4501053.032140594,16302.333422775486,76.6881353802796,0.0218631070244367,133.9531681688567,100930.3641158799,903.2736668623038,870555.6383371984,367768.9464257385,354.96259339148315,43970483680929.1,33.76246699482639,23817208.082244266,7591.79159325471,10032044701.567484,0.0193984070200414,86521.46433634231,1106330593437.9158,1577.531210830464,11497573.890823446,89013.0701437905,6.4778981134096805,13547046.258301228,143855.5649116103,0.0008663378704736,2571601.5891344743,1895394370725.077,0.0725081046542141,5.004167361432863e-05,1619.6610521943817,1.4056961322519812e-08,3.2415689008534675e-05,313725336.58206165,338723141738.6151,0.0,0.0,0.0,0.0,0.0,0.0,0.0,2.9623548316457994e+21
2199.277986858421,40501.901507841474,11.994133968321474,13.828203660384402,5.980464394721507,10.38155453721461,7.217785776963068,374119503.8031091,1062443050297275.6,1.7701323990778396e+18,5.51849446785918e-08,82543252996.06891,166082.44147940184,1.0570299862727454e-08,0.1275998727140904,0.0115362508390453,2901.1817153023453,8267.680740705575,3.737131796169429e-08,230.62498674359497,2.1929006477086938e-07,9.118286802890949e-08,2.174973673099258e-07,0.0005915064707902,85.60222901610798,1.6136987237719972e-10,5.020764182242398e-08,112643541405.19232,0.0073543144678208,3749884525612873.5,5.941233621915554e-11,3.3790581609613764e-21,6.066130664612829e-26,5.064934001557709e-22,3.858000762213515e-21,4.4507798674152835e-13,0.0002249507359415,2.783925467402108e-26,1.1364233485224992e-25,2.5065643185389535e-14,3.634259948457517e-33,3.065554718461393e-22,7.879708656446512e-15,1.4497389195439232e-20,2.7680609370163822e-14,1.3740518669183446e-41,2.1256803642302884e-39,9.103146951079456e-36,3.0716811713415184e-23,2.4299888617679213e-62,2.2293446451753664e-60,1.3685618877185914e-57,5.060945012346669e-79,12803413883.01009,1043567412637789.2,5.601143377486186e+17,6.495199700418757e+17,1.10441602826492e+17,2.655794194726709e+19,2.392893995202214e+19,80073.75888285995,1.0887028404323742e+16,5847631715.461137,426701.8606050769,1.907431269828011e+21,1.3074200197777242e+18,883515588867619.1,18959.535052887284,19306821370.53025,1.097536560588366,4.36732753808823e+19,2.2199814565673546e+19,1.84374617129736e+16,974.343271013701,1.3604706076942506e+19,4960881070702876.0,197913212753188.1,10769823364571.656,3065345015566.7563,4578874.6852121465,146938890895.9343,0.1562860810013577,1.31007025271535e+23,3.8192956256702904e+16,2.9627734884135567e+18,2.569013204649421e+16,7.580434227110075e-05,1.0811329153979257e-18,4.4903066826035176e-32,1.0492461296455958e-46,1.483479140881069e-59,1.9618978113526752e-72,2.4319359166584484e-86,7.60640834718239e-22,1.4763043300671246e-17,1.4173516477530664e-21,2.6739332236807376e-17,0.0003011093496763,1.640509293062086e-23,1.0627623686666313e-07,532120.005958921,2.4400431313753948e-29,4.852130114919164e-05,21359.8573710014,19.892210645379155,76340861350.06783,0.0034673562596632,3.386792282363398e-07,0.1095853425512241,1421052233.2161248,1.1498188280371986e-10,0.0945178825919246,6659434421.803638,3762217470685.955,7.674598154297674e-05,11273.47841069914,0.1352202525769339,0.0681001766543013,1999332216.8127537,38763436.14666016,2149662404477.61,1.9979237578687818e-07,0.0048858041829497,0.0,0.0,0.0,0.0,0.0,0.0,0.0,2.9482913638803146e+21
2654.5806352429267,75824.32118433768,11.973824970222614,7.78153757607467,10.059283014383574,11.491639944332034,10.810900550724176,4771415812720.719,2.426339841439878e+19,198626645135.0445,38698462850.073845,372919786000322.0,3.150633489727746e+17,7325737006149.603,7.188316949001527e+19,1.1143592458794303e+19,2148472975985864.8,375485145374381.6,1.1276625241293348e+16,7497037317380829.0,2.189278433876702e+19,3.594779292998978e+21,720500.6148337512,1669317235062687.8,239380514155.62512,118493982823.10982,13536754680943.22,3.7664748575332454e+17,3345513505064926.0,11565740837420.56,1.0320615021014029e+17,2.250242770944938e+17,124194610.39134744,112655067693370.48,2.7939580883006243e+17,74072467.02926238,0.0453812309188302,3.742788929059197e+18,74062154021.2028,17763.997291529344,140.16839565215562,2930422433237.8945,33226478903.32774,841035087375352.5,4190619766.292844,19095615.223532367,707913225444.198,3543343.10848376,1696220.4338652722,171.92967455707267,4.128962297867614e-13,703270886.0560211,3.982495814450455,5.967248855526879e+16,5091652599677.956,6880667.036243765,7835165.284867973,0.0103883532254178,1226374495644243.2,9492401.799299842,1.307855526567392e+20,9.464333612106626e+22,1.70924964170261e+19,9.611150463591922e+16,1.9049062713359307e+19,457985770.0457629,0.0335371140613499,2.077553531488102e+22,1.9660902235041614e+22,9.377655927351948e+17,61911177706052.47,225783.8487350767,3.6789662742705297e-06,1.1196680707496627e+17,4.0299526682281675e+22,421165755598.77704,2.701901015268553e-06,1.0487883624749213e-15,3.977269158647438e-24,44626011733623.18,252294803052698.97,24435016794261.523,16334637.279044503,47571379881.13485,1.7850690736551703e-05,165.7406910504538,5.48359779412079e+18,1.4746112701004536e+16,113515387238042.12,33284219921.28476,783899600.8281676,21252691.783030517,41041.969161839465,0.0014782655840128,31896.05217926681,1.502306313535986,38310940.20954585,2324134.249488478,0.0017403230545025,89334093110813.78,10068268.986783974,12031780.896812746,25.499873875078983,2370562811909.0083,0.0147350828631139,6457180131.39193,6200493970152720.0,380.22277881612376,96343924347.4044,9811835787.01722,2.8168229242428343e-05,4391774.899255029,4211.482781564405,43.500836117761445,32.08905328302104,1394857891364.468,0.0001459607690639,1.7749668818084444e-07,573868.8722401166,2.7370705044092263e-08,1.7672737544229893,455239.09198900353,13506857598960.377,0.0,0.0,0.0,0.0,0.0,0.0,0.0,2.926715679461387e+21
2282.847347376395,43194.630284456274,12.003747858110604,17.781121922903456,11.012738541829044,9.309719397886424,17.65125133876479,1572552908.4848857,374980888951482.8,1932570052068405.2,10.219418592066464,939035964.8320264,3.244851915510418e+18,0.3526389443882978,7667.507291116714,778.0613432795582,73495.53668912312,61370549.89156464,0.188745780126716,287527.3143416652,0.1578865953768399,0.0097094254797004,9.518158302910121e-09,277.76039445370577,15937.242917445708,4.673412395353099e-07,0.00011734370323,2653768325669699.0,1919965203751171.2,3.4462040765444544e+16,52025221647.409775,25024228850967.645,6.445550558957968e-10,6.04450245682416e-07,6.534514137958154e-07,1.4471809828636771e-05,0.0012007724944266,1.753942067777487e-13,3.979765003667863e-16,1.441949988516558e-11,4.001391094809894e-28,8.510622408903242e-09,7.335956389258344e-05,1.112197403394143e-09,0.066938117196365,6.1447828190532315e-18,1.276998699029303e-16,1.91481586493784e-20,1.0841698756644658e-06,6.98232845545246e-31,1.1369277666137296e-46,3.4689635867020596e-31,6.774715805505273e-40,26510471.3306371,867671685.6046921,225176410.9682977,260126230.1579656,27227.682546859825,4339351431658684.0,2458312249526.0474,2.739673682200632e+17,565605701476948.8,1979945.5494250064,0.686662676247333,4.061084104432194e+16,23618540778.2477,26610083644633.4,1.07564761482586e+16,941899.321128885,7.638252867116005e-08,154434962846308.9,47521102105.91422,29562.51302480845,86153324218252.0,266664453071714.4,78990476.71607034,1.472335455939002,4.8296374767933605e-05,9.50529989803338e-09,0.9499503571786618,1.1180188244336196e+21,1.2128663555397164e+22,5.82008503474013e+16,1.078915079253148e+23,1197067267.0161183,4.093901464594942e+19,1.2540127131691286e+22,2.1271224298616185e+21,1.0468084383649006e+21,2.6684565900175016e+19,4.369278049119718e+19,6.985819316270879e+19,9.892950325973006e+18,3.120012875168974e-13,8.518248932395551e-09,9.234652295071725e-14,2.566453364795626e-09,2.7255057815672004,2.9761175301534636e-17,0.0945691077342136,17684878.25082115,4.690362927704652e-13,5.958697078966817e-05,25901.658242986196,0.01046600524612,34800593.3509545,29769763484.428555,8.831432376594501e-08,0.0373258203865205,8994.276634278769,5.4650703707960315e-12,0.0043355304777164,35324.31116627221,20291.00964912232,7.701606503528257e-09,1.201344497440665,6.599350820299377e-09,0.0002592159186047,6539742.263683274,44.44562693825358,3502298.197057722,7232517.279215212,253669558676.51163,0.0,0.0,0.0,0.0,0.0,0.0,0.0,2.8960001423144743e+21
2945.650935103372,83967.53992072504,11.970771798542222,15.814719941309049,16.990851995932143,15.11215950541184,16.885994382212235,4609909461.69779,30541527214491.367,6046581097110.0205,8989502317577181.0,14978485887061.775,5.98770634303903e+18,484456583468.4998,3156511172082330.5,631620696214085.4,348089073700.724,21790962005301.79,142755485.13583618,106857819.14075062,46920.233232957115,1.426807240436649,2.312612921431332e-14,5.512420912897357e+17,255995959898482.8,408274013643.1226,28985896461977.93,2.195360031420829e+22,1.0786226573863126e+21,2.1223399239357883e+18,1.9268959041620936e+22,1.2689123322199215e+23,4.9424710760600346e+17,4.477381309278653e+16,18743555296568.617,68604.38731575053,0.000494463211818,27.73784580682136,3.814960584473825e-06,8.586592680776638e-12,1.2028419439557283e-26,1.792559622538338e+19,4.319243307884503e+17,8.970188992628811e+18,1.5751503465277063e+19,6.440998495766546e+20,3.290740712606491e+18,2963758716970360.5,1.32932932771713e+20,1.3305837752245817e+20,7.820708761371231e-32,2.2932573896525003e+21,3.369647973579789e+22,692671650.0308754,195645.60139368215,1.341363268683336,1.5136697597638225,1.743878751994976e-08,6941223286.957057,488.1118479274303,658662263351936.9,21339269931.086327,45421.15171631061,1.4978342663564213,14836584.9565719,0.0063576856821238,2.4367670370527175e-11,24785022145.863823,9.078088831048907,2.2911494425279354e-12,4608118440632.115,139672.39472732495,3.083327813513104e-05,1.099382128119708e+16,9.63050798596589e+17,163228884.10114333,1.246955198146697e-07,4.0726662703882696e-16,1.7155789698581564e-23,37645262.83457871,1.4783903953123066e+16,6444028976020500.0,1690265201.7575395,7750287948755.1,0.0381477084886336,193050.91561358265,3.104364695259291e+20,5.371004471103958e+18,2.6360269008166608e+17,407629937375896.0,58200281985066.97,10641257301032.213,120176478565.85968,53777442.04852166,3567746.508646338,11655.8293569277,981.3749078661216,5603750590.120188,312611.91192783543,4618554348576.347,1222569072.315119,6817208374559.852,13.817266127729209,1780.5633088012487,0.0302921306879442,13.686183253571704,8976909.445237841,8.48118187899997e-05,5.565316530567038e-05,0.0001771339258975,0.7331401507929316,150.50491486133066,20524815.276708093,0.0080309187740813,788.8059124148227,55590.05200354488,0.0183582353601733,2.336212120592185,7672.909793268077,0.6226112059298416,0.1261156368097833,909753262224.826,86110842432.18129,0.0,0.0,0.0,0.0,0.0,0.0,0.0,2.870754897742776e+21
1713.7972821420665,34745.15267086389,12.030510566291008,7.738606867372024,12.193421377048107,13.185841475003828,7.878857119538458,5466880.771236749,3731423576503573.0,1466.482202837694,33791619.50748883,5419855345.722458,4773876119079.5205,4246297865.3427095,5.441843760932492e+21,2.0058174200616295e+20,166773648568132.88,621049804915.452,37406579716554.6,19848638377490.64,8.864035479392527e+17,1.1321069695735862e+21,7.148408775019552e-06,2694054911447828.0,859957470.9110157,5749784700.550212,9487475347124.602,9.707035824219407e+17,155905161421954.28,81496130051.99463,6.228551582914013e+16,7.047557418789636e+16,201518535.96934637,4.339530122934159e+16,1.4023247575825226e+21,147592.095889915,2.5929969912284716e-10,1.5285922994168455e+21,1015977185.7652184,0.0006698293535569,2.797160306415522e-08,6191525877788227.0,1224964995879.174,1.1470213493566932e+21,15054423094.794594,2666225218720.561,2.3885565601287747e+18,1958845922947.192,6332553133.944754,11502658149.57171,5.6986048744682334e-21,3.301609500470449e+21,6725496641474.147,502098721870.6797,80470.80895284427,2.0595567039338483e-05,2.457814945528305e-05,3.071330666260089e-19,59424783.17774228,3.3057442345583676e-06,1854751511120751.2,1.1722752704655714e+20,317000196621487.2,1369975613477.85,34121704398621.53,0.0001434157798149,1.6044620205476573e-21,5.487362445014849e+17,3.9135361638064584e+18,170384516628.83185,40279638.31662243,1.6877289479912886e-06,2.278178430971672e-23,2345418293106.833,1.310239801627795e+23,412667.63158208766,1.7145961519514953e-23,8.268663113925732e-38,6.881120841098101e-52,5372942096.696848,10448954.361126034,50199.248124070786,0.0001907664447945,9.818723514848958,1.5280446957233184e-23,9.533866711840356e-13,41590096747532.52,830820149.1625727,50068.077202482826,0.3196285592277982,7.832008842280663e-05,1.3056454942991626e-08,3.095380915709327e-13,1.0723983609735973e-12,0.0012693422395281,3.428828541317224e-09,2.6070249094090037,5.352320013409187,2.334741121712638e-12,3143800000296.094,0.5008860222607118,760374.1777811722,1.1923128515117638e-11,4920.505468058317,5.704641341204765e-18,0.0560883928499196,56943438.01007509,1.5326951969756405e-11,0.5338923382296351,0.3769890775044482,1.2825950148798395e-19,0.0001179971464223,2.878949308404843e-07,2.0723871204882573e-13,2.6285046741790406e-09,204992.4136762661,2.107376446180485e-18,3.8862088148411585e-24,3.135004374523852e-07,3.9622673298939836e-26,1.2403126657503604e-16,5.260402623042966e-05,67127.7563400509,0.0,0.0,0.0,0.0,0.0,0.0,0.0,2.8706130595099527e+21
1682.870760992619,48455.713544353166,11.985630228767784,11.125424663485129,6.487544843263645,14.098123405050984,13.91085150017669,56362075.18775424,921811602332131.0,11615489384.866976,0.0011863578571643,3278324505.718638,6.534128747857546e+16,0.05700344226331,145573066624.53308,4978592805.769367,65525971846.06115,184478114.1123865,214.43434110544985,2363633113.7211995,2261160.8446774855,1256862489.9571488,0.000993632041734,150926.13787162112,738117.2149334069,0.2908803090617823,551.8389581744163,1080164610590677.0,3452475712426902.5,1405502624582877.5,74826586128.94879,2005069639595365.5,5.300975423152172e-13,5.930787380654146e-05,0.8572401901171085,0.0183428377078285,0.0073501972670659,0.1252727786487632,1.0272303567495976e-06,0.0001519759711636,3.5274543648552506e-17,2.5611543358685796e-05,0.0859558547166181,7.188877068559798,0.0008688951934711,6.394846244779939e-19,2.6140806574969797e-13,1.2451275057398756e-11,5.601305204476958e-07,1.943707637747628e-31,1.0172993639216249e-35,1.1698254762707276e-19,9.783483116347227e-39,115120155429.12598,279652885806.99493,965458616.5373667,1154858887.549684,166.5929585085178,202230378152599.9,127891467.37053531,9.866818829457134e+18,1.2573252226262985e+19,29561371887774.246,136591701235.36154,5.465162280943424e+19,2156171065.6925745,115646049570.1542,1.1778831675699208e+21,1.614229519692303e+17,2075381710.7240064,434530158468668.4,211981482.40627423,0.0291505729399356,3.5255622329999812e+16,1.6201704282773517e+23,4930286266675.038,0.0237633284076609,1.345743938244428e-09,1.1958935769302404e-16,4247135992.4279623,2.2084390011911795e+18,2.2164427866079412e+20,22674201801.558556,3.30971047429909e+19,0.0162758160310641,39240970839406.695,1.340600158394046e+22,5.079863243697e+21,5.827465495386838e+21,7.462164260822111e+20,3.5326806132658337e+21,1.108906588386333e+22,5.119230614701728e+21,8.750155572492607e-25,5.526858782299127e-13,1.1580292476611473e-21,4.523376316561546e-10,5.4384947657383175e-05,2.1259540424722417e-24,3003.4351588871245,97007.79749996868,3.5181266764509426e-14,5.1182065559262797e-14,14146.534576715489,3.548993713963652e-13,2540046.0731527135,4284687806426.499,2.2634928783794828e-14,0.4410497956438699,6491.964386756547,1.198241168217381e-21,0.0007492798291134,0.0927442536439952,370.0478451642622,4.409369697106016e-11,2196080.069396333,4.750259889217108e-13,5.341664485981517e-19,31.563631409981845,9.911776836610298e-14,0.1645369337134759,0.0187703263300373,12614301520.810198,0.0,0.0,0.0,0.0,0.0,0.0,0.0,2.851882300387832e+21
2081.2758920932743,55947.32326282538,11.98361327163493,7.385134217987447,11.477092383407925,10.152169787238872,10.61200094697755,8262328166.371088,4.356577212015979e+17,33778145.50934481,10993206900.9568,273659690867.923,7.2002903418535816e+16,2451317203744.647,1.7076803457562328e+21,1.290717196475072e+20,3241325828305294.5,430303632701133.06,1.3197473216524582e+16,1.5592511755096976e+16,1.2959829516298374e+20,8.526027425200378e+22,385.03230399987814,4000765301319165.5,53214760827.9949,9366610724.077398,4064471128026.8257,1.196671223033432e+19,8.186107349126093e+17,37572201643423.24,4.623491625419319e+19,4.1869578406037543e+21,14801521179.245018,2.993983675274168e+17,3.846497412795643e+21,2719423271.5831814,0.0108613184587229,3.047203252452497e+22,6779203382132.155,11640.140265049184,6.70878156185169,2429166362611825.0,7410732221983.081,3.419689168175244e+18,1467869784120.3064,6627276922109.534,1.8669448600337595e+18,180335541997.97177,365183317373.4237,12109207219.838123,6.173548013657945e-11,4.836915098902774e+17,427458615285.9446,48588567197065.73,356527380.71913636,12.938301240554631,15.091410812158475,1.193478295692186e-10,785181182208.1278,31.823043955144513,4.2185220105150734e+19,7.095898088660005e+21,3.000712019173917e+16,28149893963478.47,1.0837687633473549e+17,2101.8942393931793,1.3442903032197741e-08,1.3223696594812164e+22,1.6314172653565464e+20,63050934942677.21,19360307688.10477,0.4692923083731027,1.3385496513436524e-14,5845404826004080.0,2.78449484736103e+21,30744649.58442747,1.9150690198123505e-15,5.01558634452187e-27,5.536496530088406e-38,3488436770.8610616,6010765499081.412,7598444603905.601,220.34792077642675,158830131.70873007,1.265231999883158e-13,0.0056882582380027,5.212128833790552e+19,6.973507148569793e+17,2.733659975456263e+16,68487012143685.84,9469275642394.832,1146994547391.8306,14192990852.133965,2.174384708389681e-07,102.89877074840533,0.0005727092021107,244306.32320880503,56735.69777154308,6.729258737911002e-08,54271966912320.83,147863.75055968526,483350028.1233413,1.418672227604992e-05,263301906.2961324,4.729936425757647e-10,93666.38085493816,89023724268642.22,8.937836317909958e-05,790537.6523029703,212892.55058557956,2.0474811242215021e-13,7.35214589513738,0.0077460702562564,3.865714884274037e-06,6.162330890092621e-06,34083188.34988023,7.273569753706958e-13,9.237184264856397e-16,1.417908950684817,7.380891354400286e-17,9.824971233832662e-08,163.88474468497677,94778756845.522,0.0,0.0,0.0,0.0,0.0,0.0,0.0,2.830022745013057e+21
2476.796862986377,50263.90839399527,11.99390745555665,19.349135565303413,18.896092053832305,12.097935585661606,16.999338126561344,17217150.667700622,1942767235996.8992,4.532511744510968e+18,3874.2832305186016,467541672.611953,448193200366.87994,0.1738628992506304,42.36370409417104,5.450515022208569,134554.9254231908,2682208764.641096,8.442754230336686e-05,14172.80499732268,5.6745600278503284e-08,3.0293800238543793e-12,1.8108151095603077e-12,2385.2840599596348,40033271.85963437,5.686617053136103e-07,9.187488499607532e-05,2.816755870795993e+19,881507514102.4532,1.0362566982789538e+23,146704.54458037307,1.7486581423603254,8.30572499473454e-06,3.833400596370235e-06,3.305075446945403e-09,0.0092036956471254,71600.01557672935,1.9895397758271132e-21,2.653264537613009e-21,8.719127448483628e-12,8.135553772154723e-36,2.6502864245094333e-06,4.694681122749238,9.39247696370952e-09,80525.02966232471,1.4176540205482717e-12,2.063366950839172e-14,2.3383760338097456e-15,5210.926795933105,6.976540681020698e-24,1.799648593143262e-46,3.4356222279894044e-27,1.503475233591892e-31,17500.968921684795,171709504.63604426,19637762608.01793,22505757580.1735,1707034424.1206346,9009002823248004.0,3859891348312767.0,46339843.60950968,2506588216.117884,1.3917716351807616,4.0030194101276584e-08,56210719881892.83,45895320676.80761,174595201686.5929,1995.2550006623092,0.0005441391725722,1.366418925342559e-20,1.3574111006831708e+16,2919057275378949.5,1973954035976.8936,888677.1667576708,1354504098460.928,515306511.5034879,7741909.265875984,176800.59013720637,31943.152274564665,0.0020857002578814,4.3428941366549384e+16,17101643373.721632,4.2013736987331486e+22,1.0691159698393584e+21,1.3974046106831437e+18,2.4555511650794265e+20,42863805.78185091,0.3631987170857633,8.862167936284756e-09,9.437927600012108e-18,7.310283015110397e-25,6.053677055617678e-32,3.939072892368535e-40,1.0798331877768332e-06,1.8957964334949873e-08,3.201564372164879e-10,6.247281682226789e-12,318388.298809611,7.345071750647609e-12,0.0017072625353567,423023267079.64984,1.1566059214626382e-11,0.0071498397001341,0.962898426938978,429.2859445712872,337523.0317542798,0.0187888830113903,1.9341673060291524e-08,4.5076380515904964e-09,80.65061169699838,9.187472354786322e-08,2.1539566294766737e-05,12693314686.040075,4720504.205091262,2.0109861596765025e-06,0.0001127748720549,0.0007680197106691,14137.82150540677,82989193.54731753,401146876281.14685,20747928448.408985,6313.267056511316,148.03140646388337,0.0,0.0,0.0,0.0,0.0,0.0,0.0,2.8202793970675126e+21
2972.405173459791,102499.2686285056,11.99961097614141,11.087142932082555,14.022780455347382,16.32988777906555,15.760447665507217,88184031671.97952,7.1852577009301704e+16,2967723819416.646,1584814598137.5232,8160445076178806.0,6.8834355840018104e+19,177933434208.41174,4.512397689223419e+17,9.219742128397491e+16,20547484308076.21,2936796429706.434,105709456320.03452,29648175460.047325,69367182969.51884,4243437743.0223713,1.352249268689156e-05,4.0262513327554216e+16,7639449464779.817,14551512407201.385,993614797225472.0,1.2814227591701115e+18,6.545768308591611e+17,50510099337401.1,3.012837595238545e+19,1.9627867629302063e+21,12406088088.17012,2148970199346.0664,1795936933327.1855,1115.0333895908225,1.3553665128516868e-06,11833605.73800545,0.7081790082513475,2.615560876004506e-07,4.5809789237274916e-15,187648178011767.5,1781584736029.498,3.9571610987363256e+16,146038362314.04587,2172126379.2411304,21742413416.23787,780204092.3784827,66186155.84252775,65498.0478797878,9.770512415120363e-29,205929274734.36063,2277.068487348247,787028761634585.4,90976703265.1469,264460.0864404346,298205.89461434743,0.0015223179688775,6851740098421.946,214271.7707954999,1.5679037674045014e+19,1.006602526102305e+17,105609296144159.72,1621227629874.0188,28742245645397.58,5789.208986450681,3.818470705558818e-05,1.2107889766040402e+18,42232744513060.695,11367360.623522049,979522445153360.6,13105467.748509612,0.0013297222341226,5.820195313223981e+19,2.0233416942251708e+23,15996154806104.63,0.002490001127558,3.595431478921587e-12,6.845105076441146e-20,4266874856687515.0,6.914930275505369e+16,3.079424779689385e+17,340249435.75536764,14625328321748.8,0.0036526035890109,158860.53707618287,3.5251595487749807e+22,6.419437291386147e+21,3.313305589958955e+21,5.304239776276644e+19,7.931735216063485e+19,1.5326866690447973e+20,1.807211715185974e+19,748.8515099947315,11356.382169013716,330.16096759641135,6386.638001599891,53507297.71012705,1997.5957457203097,5552117699953.824,539000.6792922363,2795286.3037165287,2789.9197196441773,76966346.7224785,2.5310063818942483,238905.5812632955,3695435195927.691,36.77501264855321,5437.84727028555,53521.89881222032,35.45107107469548,1551419.2375904766,320802006.9830817,13.079901887136693,15281383.280548057,233486791607.71213,150.86979461679786,0.0984461110491827,67474.04927518438,0.0101781747362949,0.4719983535448856,799541216936.6135,17347675484489.97,0.0,0.0,0.0,0.0,0.0,0.0,0.0,2.815412525451443e+21
1289.9189458692354,64732.49171011772,11.999313408255343,4.145046715154904,11.42372181038236,3.547612552743232,10.566283609266604,12590624.874312548,64769146898622.74,2.220904072616447e-06,1.794679724628073,0.0065742531475924,17217880173002.1,9815.69526966097,28516861790344.19,275172319740.0281,85.019258771276,209769.544576194,26933287237.5118,687827323.3380604,4.205848560222889e+17,2.3888662059559943e+23,8.834867253727867e-16,6002.416041062749,4.0533354745057636e-07,2.1020005916831677e-11,4.253887064786272e-07,4620002044698.631,2288194455556.1113,100.96114274686104,1.577544628488782e+17,1.2349568794104447e+22,0.4473200376515256,1020260628598.4274,2.4249044818971394e+19,8.68537896034268e-06,3.974464584970826e-28,1.0666841324058466e+22,31208.107940071983,4.187288821967944e-16,9.99622021936301e-18,461.63712979668486,0.0001164654995626,1456.7288816027738,4.365297611537172,8039.533256072538,7189756386851.58,2.451175738359731e-12,0.0028934657714732,0.5220551279441134,6.111265488219635e-40,8.83842351890795,157.46931882465407,22.39310266745698,6.123723924052288e-10,3.3996186838594654e-24,4.229813452871883e-24,7.082982843061983e-44,30.965780124621837,1.7250477743333757e-18,3.8587556994546995e+17,8.420793210942116e+20,1846398.6535981237,0.0002683674653751,31501618554.74676,4.3800621591145865e-15,1.0551379144316404e-35,1.3025971714751048e+22,13556512688568.842,0.0026521164702285,1.504726119609878e-07,9.674841772251472e-27,1.8915752448855305e-50,446071.1889462069,556408122.5174268,9.776455490082939e-17,5.95612892519208e-58,5.3452428178677745e-78,1.4617262970898451e-98,7.889592925510557e-17,8888.864003286435,304767.1627718602,4.073805157187188e-17,3.558777656683085e-06,4.671839239556159e-44,1.262278025314505e-24,9.05908530225168e+18,2.325889949748655e+17,1.9468150773532964e+16,438386439552275.25,194545255364823.03,37410640930977.766,1841556751598.0315,2.1123134926267367e-31,3.979715293044433e-09,1.2007293073493029e-25,0.0007015244982241,6.82058064410964e-15,3.249143438551652e-38,121990.41515036151,6.091447057885071e-09,51.093490438452065,4.236480644709547e-27,1613.5679332909108,1.515322615983012e-37,6.063936516805271e-06,7016335756489.192,3.590034092350741e-26,0.0462783242339439,1.7015420074908529e-12,3.874973545214045e-46,4.2830668364703606e-16,3.5128015755911167e-31,8.06974350064265e-31,2.7479848458640007e-39,8.433566634726616e-11,4.482052702510585e-53,1.1763571391768247e-46,4.344322762326767e-14,5.301980558505575e-51,2.377406848691281e-28,5.470727244320459e-15,87745328.21151932,0.0,0.0,0.0,0.0,0.0,0.0,0.0,2.696912066638943e+21
2694.627224147203,92485.80323792282,11.983943926040991,8.674364174980978,9.533489131970136,10.76554806834386,9.58872190029312,29837374461295.492,3.928939148798631e+19,1552949389218.649,7142032227.01641,168782828484683.25,1.6279965595819468e+16,1749604843143.7224,4.1897206650935327e+18,6.749993254807206e+17,712381548605388.5,411151126677533.25,3284196050815620.5,1.038678711661902e+16,7.629715683161197e+18,1.5191010428750148e+21,12939931.3744103,84312062436276.3,67432269965.224,2210185649.4400845,235033310361.99023,2.640125699251212e+17,100531542342545.42,45009457963959.68,611421377025098.9,52179818029853.445,2856744.397582046,2863676880121.612,8493092183234576.0,73573017.19165696,1.4252451622676836,1.9958714746663206e+17,24700482659.987965,182983.8264468464,580.6015130384691,18659711646.909,1109808023.6523516,1510736496352.1562,446522438.2152471,49264.36421263177,2124371614.1197836,4676.924585819241,108387.32503633798,0.057694624249055,7.895813257798807e-13,19723.92900045096,0.0001556002318083,3.503808087323994e+16,16732594963365.71,134893105.09156206,153399428.9767455,1.3157144388024082,1.1642305171466144e+16,586897673.0572116,8.654052858063449e+18,1.850424972581707e+23,1.2569235188744712e+19,2.392899370510859e+16,2.0979617865126088e+20,36351306072.94185,3.4956101882739903,1.730392676160092e+21,1.736770875199213e+22,4.3153180655815155e+17,143755252814679.5,3369560.3398837685,0.0003796435426979,1922878914818523.5,4.3798420351535106e+21,325199084646.5155,9.35345043127302e-05,2.336182551179522e-13,5.949759399609123e-21,2150643941342.9756,72191456762962.55,290792182957.8401,717671801.2190199,74208239072.41719,0.0057804437898737,1624.1514725460754,1.1073532065043104e+16,1306182227847.467,440487806.8338808,5499.959904713812,5.631566948955819,0.0067424945708591,5.631530461123564e-07,9.272563032077404e-05,33178.73151688732,0.1167903156425711,49974786.11970313,708270.9394763536,3.602689048983435e-05,21486890462985.28,231784055.0612943,1298815.2572904124,16.33830318496233,22348708480976.65,0.0539470148606769,332742161660.33105,2142103669853914.5,333.22317491234054,1364874175927.9033,43068869686.09636,5.364589909630232e-06,12212200.990205642,2915.0704095027145,3405.5513694169667,1.5726612047219055,1030098649312.8531,4.273798976887923e-05,5.494695013078692e-07,24945753.416870225,4.301451226795971e-07,462.0371146768974,7529.648218367659,3726436847373.2046,0.0,0.0,0.0,0.0,0.0,0.0,0.0,2.641230354442102e+21
1881.1048799243683,58268.62651512568,12.0060514943739,8.55553868529468,11.830154904051453,7.257809069212085,12.129091177354615,4806319941.026944,7.600808142258272e+16,16348393.313467236,124594894.55838788,101708519.50603318,1.1101463114074054e+17,38602376705.20483,2.907454347027632e+18,1.5392786089129565e+17,50201801808028.46,437008219488190.6,490684000007671.94,2.743346725643731e+16,1.3769303904889557e+19,2.321203769000246e+22,648.5431779453704,1707934004377.398,251010773.1958864,9888.600457661056,8316112.918206511,4.862695862629596e+19,2.9901030384814445e+19,1778702699272283.8,6.344855685189018e+19,1.1841617444379608e+23,70059775.14181374,8450210593212035.0,3.160859346777154e+20,14066137430.90524,6.00762929862962,3.1890982959520463e+21,2785551284366.63,481995.7172292105,3.6462511209322943,399022394668.2972,22122476406.6473,16382351244306.59,424133863156.68555,33691785222.447216,3.1403575776824676e+16,2213214.9055217034,1917477156933.4504,18642829.412441734,9.952741827021654e-10,408481550483.7715,526904954.5141015,24190816556.03507,1875809.0701210184,0.4094898107656348,0.4831189670231336,1.0940605438707594e-11,926875211901.7314,100.45770374634446,9.811891410696734e+19,3.1756342920942867e+21,27910880875544.35,144581348.34857818,4.797536377066138e+17,9942.17154088567,7.944556664928774e-05,5.518183002646587e+22,4.2044961922988045e+17,261977788.524942,166093963.09775108,0.012076603419276,5.41626079332214e-16,57196592224538.055,1.2734949849064531e+17,1720.8056581532926,4.5793196663664975e-19,3.694701159763636e-30,8.10773741669371e-41,75.55081888372435,107330452164848.62,1554847548514132.2,1078.5591620351472,38160201191.40379,5.32477831948829e-13,5.116382772739075,1.6320994646872637e+21,1.571049822005261e+20,4.4907784307586286e+19,1.0549379326069632e+18,1.1412886571509138e+18,9.52715529675137e+17,9.594705750028384e+16,4.563138074349734e-12,1.67060794599249,2.447434401530248e-08,6871.707447153789,670.5304008554508,9.648519289945006e-15,152120601819.80963,6293536.28823979,17378018.635299638,1.1451280465260043e-09,48652881.050416805,3.2839056016112733e-13,221947.44438105117,565577787651284.6,6.053487578683978e-09,51908.23434538041,6001.871829158943,2.007256138264787e-20,0.001770195547009,4.070491502907531e-07,2.733447690709649e-07,3.9947872612548866e-14,403.67033985155496,2.78386428668433e-20,2.0556518308771516e-19,1.1069168146171713,4.1756849019066897e-19,4.169305168856885e-07,0.8094934088469876,340487405539.7161,0.0,0.0,0.0,0.0,0.0,0.0,0.0,2.6079486436791477e+21
1517.900993768094,38031.77122308294,11.998540557480094,12.71296777762692,9.779208463764204,9.20954719176351,7.344405473966723,16268.059892081768,980081514038.4164,4278504368589702.5,9.547714655551311e-15,1271866.929300644,0.2102335575447302,6.792522114230268e-15,0.0088826206811988,0.0001934601672887,61000.383671054464,3949.308571923159,7.34920628036586e-13,998.1510615491852,2.8629433188840547e-10,5.146952382485665e-09,3.5924194502214014e-08,1.627553898179045e-07,15.713045973189148,1.3692882427187094e-15,6.030215230656816e-12,13586778902455.9,0.0013437688217792,3.742124254361467e+20,4.840451753636832e-16,1.1443184911056296e-27,3.311223181496916e-33,3.483216421093299e-26,1.92372099973068e-23,6.729604354065647e-11,8804.828392728476,3.658895320888639e-28,1.607347332977702e-26,7.065162321525831e-10,7.03760989434844e-35,1.9746663434114267e-26,2.405778584797576e-15,5.4578200213542235e-22,9.326110995206688e-16,1.006959306237023e-47,1.7556682598983654e-43,6.885481095774078e-36,5.2634695613891394e-20,1.6603445221389608e-69,7.400587421194883e-57,5.636633253209875e-60,1.5041960748714445e-85,626141.353727762,28047232276703.76,8.877139952948698e+17,1.07692038569749e+18,5.575461708848972e+17,2.2195957931647025e+18,4.581926522972821e+18,0.5177148814823754,424032498212428.6,3450285.596374585,192.4961660387445,3.099262142220883e+22,1.2620984390050893e+18,9.515248644360132e+17,1.2656445769631914,671768675.0147609,0.0002187113650331,8.259917070299726e+18,1.5184810456711643e+19,3535687600872822.5,0.0016019496328129,3.741289833351635e+19,1399804198317971.0,37544153353550.68,8489725295165.6,1689598623386.1292,535.8351999013414,146351507.4694099,6.059627832742016e-07,1.4472855623291909e+23,5.4988996584250056e+16,8.098775609753726e+16,3.280826543706033e+17,3.658872272924276e-12,3.20484930248066e-29,8.699609423886397e-46,3.6102228294661755e-63,4.4221784731704615e-79,3.080847543677863e-95,3.855569757050703e-112,4.513211473811917e-36,3.870247482795036e-27,1.423145734260514e-34,5.955582050308724e-26,7.669332301015463e-09,1.7072818909376145e-37,1.9159544277140593e-11,12320820.420583788,1.5665792206864108e-36,6.0525427939336786e-18,0.0089192372303312,5.885943563834479e-10,37059720.45001776,4.2854292141341326e-10,2.0979597445480643e-20,7.371854482476537e-10,110123.51381549472,2.5432128224992622e-26,9.266537895648242e-11,5109.991599974974,52496826632.22713,2.5527491479210153e-16,0.0508752975281112,2.4649191608405576e-11,2.1710764448037563e-14,11729.054043517828,0.222955030929921,484326828.46522033,7.727268178065696e-20,6.510555335080776e-11,0.0,0.0,0.0,0.0,0.0,0.0,0.0,2.5964898415089287e+21
2010.9575272229056,62596.61810745695,12.014567641521673,9.163281753413852,8.915681753093466,6.121883204427057,12.745378035076635,8236478149.353377,1.066127124338792e+17,105249787151.91284,73226.26579343462,501567253.2798127,1.3765164700673234e+18,7896019.643979916,64970841584795.53,4368953816167.421,1006683677056.3976,21543726972862.953,24477617204.302574,405719307298085.7,147290700907703.7,5.727072397800072e+16,7356.112285634465,222669676.47183996,25759059.124429703,1.7788871118181295,959.138991831642,2.177411895725094e+18,5.073563925061219e+18,6.048916158540446e+16,2.4686931260494012e+16,1.0002117349690429e+20,2.1470772865432264,33880553.79402946,268249519668.97284,11573609.90398859,3347.9921882360304,433353161807.4809,596676.7334738176,73006.15008388441,0.0004825958817315,2863.4563458833895,89578.48286433207,30944.32166817438,3246414.5285343574,0.0285733990764434,5189.702278243029,0.0002549110600019,239860.7837873706,1.02071682722772e-09,1.7763850845129544e-16,2.0791651962456195e-06,9.708840654736936e-13,42568269300.73542,2678430709.094632,692193.9009317827,810436.7947575914,0.0357641501932159,1424203800826795.8,315039266.56665343,4.0083241281804966e+20,1.0277894347811496e+21,14013700944899.17,58398197.24046655,1.317585708482642e+20,10313985867.961124,177437429.5083813,6.607953792169164e+22,4.620778400985481e+16,22959754.7223859,393517467123.5533,54069.76873450823,7.065140776046451e-06,520123606853911.6,6.293594408264432e+16,2932143.389838828,4.5937393955642424e-09,6.871775554255629e-17,3.7567202305582604e-24,156.21446159128504,1.015703250941191e+18,4.741413184138848e+19,5804760230.054764,2.4914232593477754e+17,0.012529806661017,54374752725.12648,4.440831914629868e+22,1.8819164885691312e+22,2.346480178127218e+22,2.0312689633664547e+21,9.142267805097128e+21,3.456113587989904e+22,1.4105105425550992e+22,1.5356357543342504e-13,0.000920218470033,2.2185121688860616e-10,1.1382559210907843,550.765728888358,2.2657070787274636e-16,6690656.832588369,274423445.75892496,0.1628848292380685,2.333583779718366e-07,78345364.79451528,6.238975067481918e-08,254879538.02014875,1406200559159095.8,6.023425438133462e-07,72664.37061517416,17871481.608493887,2.0971337772322828e-17,0.0139404009829553,0.0247350102186753,0.740741061186878,6.345109331956744e-12,589.5677209041978,5.3008915741930605e-15,1.9307307399993734e-13,6168.2549210653515,1.7660251968660903e-10,2.9465861220523117,397.768168386325,2854825925433.6777,0.0,0.0,0.0,0.0,0.0,0.0,0.0,2.5894165995821854e+21
1621.1251900052794,27966.86737402272,11.99520359813953,7.073742277241281,12.802957980604733,8.038633016696567,6.646722949013927,1013973351.2633148,30850521730171.008,1.281003972931007,417745377.17783463,1893.039438778392,70685579724.51501,1689867485.980987,3.088487040725935e+16,901802992370782.0,5649047.808982456,5275864235.711871,675554211765.1075,6290621809.486606,826120735395074.4,5.082065662579173e+16,2.1054167823471744e-15,237867532184.92685,517.052591523046,0.6174846277613996,1573.0826551253354,7.83282529592618e+17,5976624540669.822,464182257.22206897,1.9723225253905146e+17,1.821439231327449e+16,325738626034.4732,5.862113355406913e+18,9.93784371341789e+21,30.994803316757583,2.3077922881729496e-18,8.573135253291583e+18,19781.85882238512,5.256171246454752e-13,6.2192970963930705e-19,68364481058234.27,126342003.47054756,77040929720391.77,506512509147.2673,1.0370813113408196e+18,5.176790929107356e+22,79711.0608313364,466249315356.1986,4.8405029705675034e+17,1.2567912838438539e-31,3.880950967682033e+18,5.704196283444105e+22,5492.538005669964,5.794070088293318e-06,6.795180796850428e-18,8.168530005503154e-18,2.8815992069190613e-34,2400.400535623168,3.592669895401701e-13,929858093758.3982,4.629521737388422e+16,135253.96045076614,0.0012023213276921,84647444.90952092,5.277372427938213e-13,1.409341282977924e-35,10469671603918.078,84579416.73340832,8.871331177506725e-08,0.1535369241233835,1.8642194771482618e-17,4.816601758058551e-37,77584.75594081597,706263902182.6704,3.610379315085702e-09,7.760751589215872e-43,1.1149718317325861e-59,2.0547257903189576e-76,1.2032431631209576e-08,1078.7547378599904,0.2861178720898994,1.0628706289549251e-09,7.81753133265143e-06,1.0929695518302922e-31,2.551751357833465e-21,49349928344.86369,40324.92464312058,0.1005359448359792,3.124244094587453e-08,3.31663305671471e-13,2.2117282393195298e-18,2.3275586113673772e-24,8.407978782141142e-16,5.163294972152467,1.107125918912158e-13,387.53851084554384,9.599824344173305e-06,4.299383188233908e-21,245906916490.51416,0.6889439154626846,1198920578135.408,2.5302485983726336e-18,10982.379652394877,6.926934773592986e-27,0.0009280550443621,14121121.508707833,7.5378084344721e-20,0.0157734570834249,3.4538774953471377e-12,7.97039398685062e-31,8.074205090114637e-09,1.517732037526151e-19,1.1517914861126814e-21,1.6841440491587425e-25,0.0001191236099332,6.114078697282291e-37,8.677763578081623e-32,9.727405579296357e-08,1.0282802341856722e-35,1.6380265284731353e-19,7.060808395987309e-11,448647.5951813331,0.0,0.0,0.0,0.0,0.0,0.0,0.0,2.578982236112649e+21
2615.304370392041,43967.18107133452,12.009184666677568,7.451280492240281,12.99069364221066,13.586081021907424,10.619984917352436,14975834456.079994,5.2073307919523994e+17,40463235.77970642,41836082990424.96,425317120062408.75,1.2764892247255382e+17,213228444352399.53,4.455266716621035e+21,6.642942694226133e+20,37413650163265.695,3818536930527.742,9382977225629908.0,2100171666929.6423,5.308569927306391e+17,2.506635147547349e+18,3.00773318512409e-05,3.422616821495966e+18,140694842819.8291,340385347199947.7,4.18071541397547e+16,1.72073032949162e+17,748133871628889.4,1521851871.7397437,7.313903910269303e+19,8.557272014324788e+19,215854456638797.97,6.183951954384215e+18,4.47269703161805e+20,9251.013928058475,4.582360341091655e-13,4.1443629197249623e+18,20941370.451828912,4.145959052365906e-07,6.162668185963026e-09,9.549074549304508e+18,33002617603508.1,5.041347831301038e+21,2519023712698.496,5.9351791802297e+16,6.592728520840587e+19,9245742116681.684,545615950.1645886,823178588606862.8,4.032755568572816e-24,1.0843565997968392e+22,3.2844227304412556e+16,1827539779538233.5,44541733.0730572,0.0161214194595599,0.0183826466551075,6.014580983430757e-15,7172720137.2541275,0.0136070478987032,1.44171441389346e+18,5.864827189158085e+19,1.4568067973018868e+16,125312011808884.62,3349738527537.8096,0.0178195081839303,5.330610223614711e-20,6.341178467378059e+18,4.864380842002886e+17,802359463846.2998,22021249157.876003,0.0199469214215627,7.498922924283955e-17,7.069221261171561e+16,9.94713993497257e+22,233368989.92808217,8.502700151926243e-17,8.190172290549141e-30,7.378890040638092e-42,128298174637176.12,29511996537.221836,1442233878.2881403,0.9465850890289284,1632.2447939773858,2.237300006435404e-16,1.445611006464303e-09,1.1938519051758034e+18,1535360250126262.0,5659588770539.251,817675995.4062362,9292764.307966877,119682.77969691444,112.10849263667411,237.75632599214785,120172.8050413452,6795.1108043314225,4009964.403909388,4303562.117032059,439.33252372685143,756741198760430.5,4.396076218030612,87693811495.57037,69.82486271213722,171583101.33751917,1.1285001296179387e-05,136.7130468225541,257274080521.3091,26.505297388721303,161434.71052756027,7634.975586415684,0.0038518110884074,15998.73563352255,254.441512515775,1.4400812247828345e-08,8855.861862854515,9932893334.921629,1.0772001957761293e-05,4.61030935872428e-09,0.413064328459671,2.240877671571569e-13,3.3785265491200677e-10,29154163.73076704,20142527296.22811,0.0,0.0,0.0,0.0,0.0,0.0,0.0,2.5488530631706663e+21
1555.7905942933078,17281.20092678527,11.983137028947594,15.978297452356273,8.729905948905332,13.334791643257578,15.38320455779156,797.457955765435,25416153898.198593,3177999825882426.5,1.1112525083246809e-17,7533470.022069383,804814.6550429567,1.065255287267146e-19,1.38340775076027e-07,3.370565475814211e-09,0.279601753215598,0.0098811120846604,1.3170651513905977e-19,3.1326762541919824e-05,5.50785204561906e-19,1.0985556104843403e-19,1.4959442279494214e-19,2.6257578604658487e-10,0.0069944795185314,7.163968471236129e-18,2.558647115873075e-14,1474202277.1433923,0.3176366545091821,1.101004635678566e+16,5.47015537395771e-13,2.171626497602363e-18,1.4409171658837922e-39,1.2899342692636502e-34,7.580766028337831e-34,2.5056732618112533e-22,2.6095271711198663e-09,2.9795362440818236e-42,4.993319465824003e-41,1.7868922932381349e-25,2.627719785149448e-53,1.2145390426664951e-32,3.511364371074545e-22,5.020224778925641e-28,6.540593534781546e-23,1.223463198787836e-57,2.2116455668170115e-55,7.855641706803251e-46,2.468758030792511e-31,8.229000760614272e-83,2.631986503021284e-83,7.143753276588714e-73,2.260088304548967e-102,50671.09678862546,637292589944.9193,6733656942188470.0,8140396568205938.0,1776059299335182.5,1.8679593494300976e+16,1.6644140760900848e+16,26078.312069879805,122673869004.19986,3431.3756348683405,0.4821579716142311,2.5768790370865024e+18,60273587748621.92,7.258107781296376e+18,792.497863030916,7234.493721718227,1.2980569291816312e-10,1.0779844982023162e+19,8.254166188818628e+18,975890100421832.0,14866.25662483307,2.121081369516818e+20,4363793667033815.0,25620435781082.6,2376357907453.4795,224146216195.521,16503.46401246019,153075399729020.1,1286431.3579895296,3.066190225417058e+22,1.4960588213580605e+22,1.0569035361562614e+16,3.4587191628448743e+22,23.77213624778536,4.879111122952756e-10,3.0844654782693695e-20,2.7572023082351853e-31,7.692648476547601e-41,1.2678579814907736e-50,3.572756138319651e-61,9.052634449936896e-37,1.681045410591724e-31,3.4184241139231887e-37,3.2894055165293047e-32,1.853038842088187e-12,8.101480808829079e-38,7.166557496203106e-16,15.713800401726022,1.50897276465527e-44,4.1794033958544666e-17,9.495005586726456e-06,1.222147806700207e-09,10476.761808074363,6.636925938118883e-07,2.2860939679317283e-21,1.621034796770146e-14,15.983900818793328,4.784282527580688e-23,2.628805108849936e-11,790045.8154397978,868108536.3644633,5.579040506369322e-13,0.0184089246609355,1.8083272102645115e-08,4.302570760450105e-12,313.41090247232506,9.445274448568815,4483277.161043162,4.2936919189148335e-11,7.990472038720416e-06,0.0,0.0,0.0,0.0,0.0,0.0,0.0,2.5190491106796257e+21
2626.6485053314195,49910.80883333704,12.023995421047886,9.506037890849525,9.091200138884416,12.338229344148417,9.480016833118542,15981151656269.244,1.3151353193067614e+19,6068422856873.342,5020488103.786971,441698400229044.6,9206042706113018.0,604842410485.9945,1.093764865206693e+19,1.6494862205895365e+18,1.2540900046653216e+16,1387763507499831.8,618223324710691.1,1.7921486505497556e+16,8.078811903332086e+17,8.845197940361424e+19,21452081.993195742,367694999312553.1,2051675414965.536,35761819892.97684,4300450867449.6025,2.5027416292188974e+18,742593478106466.2,3000361415176097.0,550044381760820.1,42756200530762.24,2768452.7559125684,1789390616405.9658,2988665795739056.0,1156591161.8990202,1060.5514897343712,1.5685951725526464e+16,11127952116.000263,4054990.4862525663,270.35179224316204,110007785368.08028,50693708355.89936,52457603111092.24,4151521260.908119,78867.57371538765,2007284365.8198044,1419249.1052474792,12488172.72521232,0.1183690956579241,3.675234464600358e-11,1290592.5320282176,0.0004946878346083,4.4897162813324e+16,148688313981808.53,7451160947.043465,8492930814.223865,394.0475069785477,2.49552793857498e+16,6726740201.097991,2.4502433984714486e+18,3.4304777147457246e+22,8.378436222836839e+18,6.869562363684988e+16,2.667467104532143e+20,207735577032.02725,777.8585229605384,2.5266863788397425e+20,6.469123461491452e+21,2.5299729593513382e+17,3028846165631169.0,388317939.03491265,0.2111191093647735,4833520392865831.0,8.898401856716974e+22,30433213590176.453,0.2275618762294471,3.103244245713144e-09,4.0089494881424374e-16,118458071130164.56,288306356811093.2,953057126212.8004,19313274883.024925,2149965552567.0107,0.6727250575140135,267688.87699048995,5718120957454011.0,505278139211.2808,127927184.04924862,1258.9121974748823,0.9804834477244824,0.0008693410107046,5.5721653160143026e-08,3.3391594878859625e-05,14926.523361462856,0.0222732723187516,11666508.966558969,1725604.8132648934,5.837413405308613e-05,80069893531898.84,9100164971.999252,1102920.4955106848,2.1584833525149363,4528452547242.873,0.0476946076026219,486893157426.4273,442525567680664.8,19.68657178272157,105249264769.55396,16337215216.78054,4.985891531568027e-06,17640505.48511822,39403.27795306092,284095.7411121606,10.077657814975431,9718590568027.852,0.0016979959484911,8.464744594604741e-07,63863118.14385404,5.432206800922286e-06,7250.075672726069,2417.593724938979,1479803186802.4182,0.0,0.0,0.0,0.0,0.0,0.0,0.0,2.515640949282424e+21
2825.9003234465663,36100.51377895288,12.018095481279769,19.00884045052974,11.004222374181714,13.879743416427974,14.168161064772926,3761609828.032674,5307909824243.744,2.9295600201252073e+19,0.021554403831702,251265129443.72952,11904509182.6484,3.581524331988947e-07,0.0001908625409332,3.461170271064997e-05,0.2302551943815373,307.13607414890964,3.795470545180358e-11,0.0004913634428462,4.7008035489994786e-15,5.2003031869497906e-20,5.113376686454068e-20,0.0805633722457303,430.3102181881393,1.68310390591426e-09,1.4358089498671054e-07,1628295625078.3833,255.726030025014,1829178103866715.2,0.0003117234445133,8.290918416216023e-12,7.775786140584221e-18,3.253845787260106e-19,5.1367583873457105e-23,2.2722782852324605e-17,2.0683950168105294e-11,6.409600050917696e-36,7.54292763297637e-36,2.3905693643569048e-27,1.2914647482973444e-50,1.6669921229159808e-17,5.458817213730808e-12,4.69547060238203e-19,4.585708244185972e-09,8.733117636696786e-32,1.8296647091530703e-34,1.0314540863378167e-32,4.2591449249116426e-18,1.054884554472058e-49,5.4878002875984735e-76,5.0770368686861455e-51,2.0830059998939487e-64,3563564.572891472,11482826496.38307,760916288651.3339,861701038918.0548,77950724155.72958,1.2233719669254736e+16,6640180644835802.0,415330.1863503656,1368643917.7520616,78.38567734000573,9.105588910858517e-05,10679276018085.48,27218455625.67822,45909187.19062603,5.173004190367671,0.0058440485268802,1.0249548561233728e-17,1.103995209655181e+18,2.674085680692436e+17,390265807296725.44,809451.393757992,1379504481016306.2,1442087307781.6494,56996765949.939766,1478535471.9080074,445185628.4449615,948.9625752751834,344680341944659.6,520820.50304488454,9.248292290625604e+22,2.20505817191913e+18,1.1733932365835477e+19,4.6502660913677254e+17,2508.6715356352647,1.3091606253205717e-07,1.9452415909396165e-17,9.803285805919552e-29,4.320598316225498e-38,2.3383347098567054e-47,8.269332003366493e-58,2.2670719249272935e-11,9.150715509157968e-12,1.6947036357268186e-15,8.462504990094681e-16,0.0231783861596367,4.9644257377372835e-15,1.115632732440181e-06,997892.5878636718,1.8376662994408744e-22,0.2856028833643181,304.78546906997883,6779.20527860545,28445625.24832099,0.0074055480442414,4.68664204127956e-07,2.000447245770961e-06,8.897092073259035,0.0012488683331528,2.1658057636571355,1211008727802.752,19793000150.557823,0.0959168565323008,52.71545098147304,21.514576099956766,1343941.003575947,41219360749.468414,5254737449350.113,6427507251025.566,370.8908185018958,210.6837005609599,0.0,0.0,0.0,0.0,0.0,0.0,0.0,2.491347651599576e+21
2944.469930201114,63247.094287547414,11.926840954471404,16.626675131661727,12.120979327611018,18.579416702439016,17.36117930100446,50651833287.9447,647027318325187.8,3.3193598578215056e+16,4192624.346111429,5793930991775380.0,2.7080383346538422e+19,4812.71666638147,12312807686.439548,2461513020.4083686,7511548204.043289,1203886867.8269787,30.251549741276182,125814.6667336946,0.2121895958545005,0.0001376550764225,6.784917025807853e-11,100669642160.79411,258751943344.9272,28983193.306117546,2061273195.5604036,5.720309879215194e+16,1.2768024387111278e+16,3.061000462574167e+16,41117243546942.945,1232819060592270.5,0.1085376467330728,0.210235242503764,0.0018782116699254,0.0002104316667207,4.643926319835035e-05,1.2596262768202209e-12,9.561710984110745e-16,6.597391799909957e-14,7.521191460551774e-30,1540.9492398435534,205833.098057242,301712.3078692092,19231.16487679228,6.677258814406655e-08,7.286340698563062e-09,0.000259487252709,0.4244677266548287,6.4877350160754164e-18,3.3256749523824124e-46,1.7097701808667343e-11,7.7486843371925e-25,5706860700760.205,8920757572781.787,337952803303.3912,381377793057.9031,24230648.66603912,812919088562346.4,315199020441.4267,6.346873892330508e+16,9645779275564.504,7977370337.765084,102474502.72518632,37109589130811.305,87464885.34461531,46670467.02518467,50905287981447.1,34022276.13481214,0.0709447142355319,9.885879730681604e+18,1652723359024510.8,2008749101.848719,1.937768437592216e+19,1.4633486146478491e+23,1.3646673968908416e+17,3165270058.867042,57017.42079710677,13.233673230175093,2213633545854730.5,3.701336199724513e+20,7.335075577976264e+20,5.1347527925570136e+16,1.0745477291251848e+21,6370674329.014938,1.4771134527324125e+17,6.392900243491962e+21,5.022076442763929e+20,1.119170713244843e+20,7.863848575582758e+17,5.099086839092671e+17,4.2323722330610656e+17,2.1710448807742004e+16,0.0022410986358539,0.0183300863214382,1.0357407998100998e-05,0.0001074862886154,27797.322110034,0.0050780160164234,9329826.668118771,194019113.276926,1.6565333519623223e-05,26.058983182101343,415213.1554027755,316.01884427470304,17673222.85788549,9547224850.320929,0.0034024377452025,0.2754290342865818,845.253010902023,25.208455220508853,639985.4898778488,3946996286734.355,1048665769.4311068,10636147.358351495,92628412416.15808,1367768.9969039336,1141.7034213607628,464166029.67389166,1687931.103017694,42148917.89161319,368180213325.0427,4295856499834.019,0.0,0.0,0.0,0.0,0.0,0.0,0.0,2.476321027607596e+21
2567.048171428301,67890.17566900067,11.999486219137983,17.43739848439388,13.512440874766002,12.29807300507746,17.605893407218513,4531609215.006715,1233752297651615.0,1.5438578850721926e+16,921890.8486878345,787866990245.2434,2.042828264104931e+19,14853.167360484456,1271239429.685369,180387785.263503,6129897396.915141,201445844144.1187,2229.3547019811444,360605305.4988687,440.92572059086734,7.157247725814201,1.9893237817329995e-05,266654832.61434844,6457370837.779127,63.82233723143839,8595.069584809333,3.656584132827038e+18,3.2368184026113567e+18,1.9168390395972915e+19,475395398691543.3,1.2727297678329912e+17,0.1735700995864393,19.25576764912985,4.873757069034468,32.65224852266405,549.9943087816453,4.252127548536118e-07,1.0929176890496475e-09,7.52436526543629e-06,1.3064578234183505e-21,26.75882826060988,58853.897655955734,48.055738171352246,1514876.6996237647,1.993485720580645e-06,8.00982986798692e-06,1.7599073115837895e-06,8529.624767917268,9.561742603963949e-16,4.17621262341752e-34,1.368702182885345e-13,1.520066932669187e-21,10664735867.14267,152412703653.0191,29812160791.73883,34051835837.337685,5425905.150289139,9385328107111454.0,8595530692895.388,7.390625255866799e+17,479973153997743.7,280269804.76841795,6488.048944331845,1.5940975655182364e+16,35952363634.58792,7749586959761.765,1.0648288518868314e+16,32555202.639762465,0.0003659244143186,2.6741600739235164e+16,11892746989437.637,19992399.00898084,3.1162824891968476e+16,7.703777558094771e+17,780515731150.2185,61714.025994399635,2.9162680732683057,0.0012189895071035,1891422.0833977433,2.807269740528135e+21,2.902147784719138e+22,2.1066209998201363e+17,9.416751286279026e+22,20505117418.13584,4.217673515835248e+19,4.378431177021922e+22,1.1129853948279323e+22,8.12200656566682e+21,2.4087888590442503e+20,5.472883677013436e+20,1.3815906806822069e+21,2.6041190781679452e+20,6.582474339962704e-06,0.0009149319102293,6.284795111254876e-07,0.0001003691851665,368763.5388278963,3.381497202273769e-08,25281.459559967767,17970690371.456272,3.081979545859807e-05,0.1710007451139698,134711.18681412353,15.775977433532988,64856688.04666871,50225438214.19467,0.0001911098585499,0.3307076844032287,163786.965226953,6.815130989366112e-06,9.165170508100672,459397979.6355528,3252647.2746856757,0.0599543334893349,20904.982974977847,0.0393302121145763,1.816688681905499,55408007.33329488,58673.70361678808,24226000.10091466,6331276017.994749,1193686803143.0366,0.0,0.0,0.0,0.0,0.0,0.0,0.0,2.463888413758242e+21
2807.2427581392267,45586.69797880752,11.98212883641379,10.078132476292492,14.12510021324817,8.75547672218384,9.732241842645369,706563421036.9926,9971622948908910.0,3565934096.623636,4145990983005025.0,63727130246.749565,3716264528374855.0,142158335333860.1,2.489816791970731e+16,4442927362682297.5,4177479929.309746,18565554975379.04,31877230516429.95,61863419461.58162,8418920938084.841,197474257787.39233,3.3568568060161534e-09,4853871621819524.0,3635486232.201998,28003906.014195647,2461801278.737161,5.162448248960785e+19,2736047599392445.5,8146561525614.154,2.2858296677164085e+19,2.1316096050426675e+17,3.391974705863706e+17,3.1293276565818966e+19,1.053626716432142e+19,90113.40980958613,1.6012024724819402e-09,5489694766410.09,863.2204265585976,5.4206981631238755e-09,7.855905126577347e-16,2.266444344433689e+17,10689475945443.21,1973936915171242.5,3.0321165528991412e+16,9.032641005448565e+20,4.088975094326071e+21,1349411748.085107,952680937344859.2,2.4288970038893173e+20,3.448589608655615e-26,1.0948145501194368e+18,1.1189671879982844e+23,1863305635.583596,840.7822420887218,7.594117087487499e-06,8.604905648520298e-06,1.025541218485234e-16,3156776730.558434,0.2251068993125045,268767146765661.6,5463490470973503.0,85749297.16368777,28.5273040559271,5953734146.529944,0.0019104709129255,2.152238103070871e-20,6988429757476.031,13610105.597184973,1.3114692114171688e-05,40674439.30885229,0.0013016712090136,2.4335311371473775e-16,72952573475.81319,115792686413064.84,15.330832890848097,1.0219343938815531e-20,3.4995726890216455e-32,1.3669279515022769e-42,20.366110672592196,15135533072.97444,7819478.708952713,1573.7762895213532,13709.536840369854,2.490695647466093e-11,3.8563482262463435e-07,274831366641304.97,4794040984.043815,238243.1076816358,0.4064127516414579,6.0097868507877904e-05,1.0839407788590461e-08,1.2890876308970278e-13,16905.196996123323,345510283.6986881,2655.787468929988,66854468.42772579,5906424.469747971,1.0718016121832743,14165354116859.66,855085.703693786,1699520408100641.5,1.9512825778079348,110884143.29686227,6.430390870762443e-06,1463.9234705551853,971945286.5843002,0.0064552030497812,1410.407052146792,0.041353699113695,1.122538124975728e-06,103.99997794133928,0.1827648811608551,1.949317072693907e-08,2.771127402571792e-05,803.018816055667,8.467856419601207e-13,5.947660091210024e-07,990.6365692811606,3.3930683061236256e-10,2.09887834901542e-05,460290.5787410252,13208827053.143797,0.0,0.0,0.0,0.0,0.0,0.0,0.0,2.4535225865214194e+21
1623.8064216829473,27359.177787083507,12.024019676391775,11.017302930660184,12.27842440141002,7.1211632356332695,7.822045471905342,2555093494.52851,122372426327997.34,41733.48275984778,262535379.9015022,2549.067154794797,950452249540.7476,4041236866.587083,8.88017284468351e+16,2611426339235916.5,498984179722.5245,372817708756543.94,6083554117554.1,1683914472036925.5,2.790389905647665e+16,6.452052316897884e+18,0.0002656375349905,183570860061.69662,12208998.79385306,0.6176589645141751,1552.776535866691,1.4057780570927265e+22,1.391762417719908e+18,2.546163044680007e+17,1.5277164067493235e+18,1.8005861013801093e+18,119710501129.71394,7.962415218062245e+18,5.060354041864115e+22,149788845861.91663,10.46996781743146,6.373408922087761e+20,45931374538.02732,1147.4354793203656,6.763628097481097e-07,30892906522774.43,1730110643943.5237,42959464013426.05,5504399174091054.0,2.187692282560886e+17,4.086623293711921e+22,804671454.2786529,8.819985845247486e+19,6.005170448438744e+16,4.3454055859530384e-11,7.39449859444113e+17,4.083785661305154e+21,28167.658230248588,0.9101212505670674,3.3055722223746287e-08,3.9727662890317127e-08,4.404905628740195e-20,294312360.2557642,0.0013865678516583,47504767644166.99,6.90428879244471e+17,2624036.742009063,0.0297526697821603,38722335563506.11,0.0077384581709897,2.5041595113683985e-15,2024967848694554.5,6158193203.19774,3.233277802943377e-05,6235.544435103649,2.3777915971221932e-08,1.9539779836621052e-23,1327334.3286559717,1140686006311.126,0.0001863992709595,4.010928340398098e-29,1.8081492273435984e-41,1.055127683620448e-53,2.6028242814805257e-08,443506408.63074315,1519341.014456832,1.061634078256645,97967.41609947542,3.51489060207962e-18,9.997442421185805e-07,8473831844597.075,90254868.90834388,2932.012184766537,0.0118135804865033,1.6318097210048717e-06,1.4193596240961908e-10,1.9421220568545068e-15,2.401468507171937e-16,8.03543270142218,1.194280638750705e-13,2286.285091469964,0.2971798799452574,1.5600162794541714e-21,455947552507.82715,944712270.8974386,1055482925009.0276,4.689095288789585e-18,108529.88449041078,3.948872417352363e-22,279.8988133222412,1764461900.6153636,5.369251978622506e-19,0.6094646238420179,2.6834059112000382e-06,5.070681496559336e-31,2.7352997470649426e-08,2.735445829282764e-15,3.591068853612881e-12,1.3010358518022928e-25,0.0004929468945753,1.4632791987843795e-32,1.3209950243423587e-27,0.007829310603221,4.7120550361457206e-27,4.0923291294943203e-10,4.2680232464615135e-10,14795178.3451039,0.0,0.0,0.0,0.0,0.0,0.0,0.0,2.393890808502914e+21
2593.0182370100256,78736.63922022538,11.963834103850756,12.093613069489434,10.24501960218079,8.945980146761846,14.123246713642631,151004227808.50275,5.016617994400657e+17,1356569341526111.8,122218822.60251936,1717678244253.015,3.3843887978773512e+19,684650109.0932682,83038454695781.55,12104191144389.797,28181560512359.23,562367708587673.4,34285028017.692028,344507989983448.25,2232318010895.064,12037816693732.248,200791.9333924788,54263433622.66958,91208084097.48187,24564.07305237995,3146759.471140941,2.575037054318569e+19,3.3135088998729564e+19,9.338120789093003e+18,7.49215911342626e+16,2.736659750769542e+19,2319.939992599683,80150414.44023827,6674573756.735584,223735936.45024237,18356650.959720116,72705581.02873251,14046.415612130866,465599.572091614,0.0001723801173245,553302.149058085,81009009.81559552,1557512.8946117524,1234617176.537592,2.4964137371355712,3241.9873189307405,0.4155207254855536,43877348.48960735,1.242817824124772e-07,2.6187882989318378e-15,4.522437463944645e-05,1.8990649539117627e-11,8099395085979.7,8054584434647.261,114592995069.9116,130768373255.51968,1603667.4854371725,2.7433736607414387e+17,19428897016403.902,4.226799647455976e+20,6.466986444928899e+19,72338138465818.34,2980735529.276162,1.501382023472537e+20,28097178083223.332,41965672652227.41,2.0768584920511024e+21,2773521453979097.5,21762384.62215893,3818672098785201.0,130130512123.57433,17634.40731813401,9.074758108087486e+16,2.353863364469893e+18,195916143460.18457,96.29081272191924,0.0003487967728547,1.152045242616654e-08,12413905.841547024,3.212562516575403e+20,4.728743057493633e+21,1291774152730042.8,7.362582422993426e+20,10599293.0955766,2.4865397708508696e+16,9.8891063234505e+22,3.713463711980303e+22,3.999741319249442e+22,1.716751046120845e+21,5.726556778147483e+21,2.1452180300261424e+22,5.915559219025396e+21,4.426533159005408e-05,3.761379916513357,0.0014260691192215,140.45619820546835,45423512.8832848,3.97696779036706e-07,141889833.2521811,280866040637.0697,11.24393439646983,3.9210262982426305,1737543230.4044602,25.542069975764928,57271194184.34278,844964066042202.8,1.5835720708251562,1645873.7804303158,25398517631.52379,8.745870556426178e-07,658.0567985913075,3036946.990478072,1049858.8528455042,0.011314108565365,2256501.4732705667,0.0005404550899799,0.0090060746898449,149558427.917465,18.912466886339356,4784625.840462045,510269380.69778913,59061120361210.2,0.0,0.0,0.0,0.0,0.0,0.0,0.0,2.369821793264609e+21
2466.876045370578,60407.631326885385,12.008982055364635,14.557729086113593,13.0411335835945,17.10114080003642,16.73446248242122,7781737299.767859,2800527773296553.5,189025704363342.88,20166560.38828007,133079017100345.05,1.1649605952947268e+19,1392605.029100607,115567680293977.06,14703116354692.094,16791836304969.355,1046160847065.9368,1058552.5669482995,8563313348.269168,1120027.7748757552,93778.83844850658,0.0001082241380751,4090235480563.1514,3158818917858.8667,294521003.14297503,48585858581.662415,7.540050516090985e+18,6.478221475173229e+18,1.278270262065729e+18,2.2790776491554116e+16,7.657366956201744e+18,252.23008465521653,187556.05166051193,254639.91660025393,1475.826588343123,24.20223690342839,0.3581311995240247,2.1261661973083247e-05,0.0001477166120407,6.5230835774292824e-18,26430714.11961846,2191306816.330502,30593170307.60926,118767178.91556618,0.2589292767683256,5.974540804003475,2009.6003094156304,2154039.7020142837,7.3471839452396445e-09,1.052220267927845e-29,0.3805328483143835,9.424280542996428e-13,7658792105686.108,3453872001426.3867,17826257060.447174,20437476060.26213,68330.27710920187,588821483814600.9,11098177214.599312,1.858848732867784e+18,5671961830693391.0,946155830020.4496,8430004253.311883,5835146501910168.0,203535932.21887308,45206992.32766573,1.2415606827938272e+17,581701973294.4987,6623.391014905728,1.8210634437100877e+17,1729265519399.588,50563.829716848195,7.191955622863523e+18,1.3190330156036963e+23,2152789083305423.2,61587.32570815775,0.0621070957599941,4.891653278276896e-07,58186029789598.23,5.204289019421245e+19,5.674068844387166e+20,80437120749582.11,5.933837057885356e+19,113539.01978552646,605893235792795.4,3.141069083492379e+22,7.257731199771809e+21,4.830795944226985e+21,1.4148583607100368e+20,2.9961037359850645e+20,6.753568548295726e+20,1.2031201986863573e+20,9.998244824333447e-06,0.0459460617229261,4.618487694005249e-06,0.023497118829617,234107.9969501345,2.1220265457869404e-05,1431098027.7642946,2395169318.9771376,0.1724537951091551,0.0175428880048973,640179.1956005051,0.0481166761246083,10383300.80664546,358612296203.7585,7.186342192688358e-05,4.416001772042448,23582.38318056712,4.3724103278754266e-05,2783.874371536181,314653741.4232152,1329361.7759225604,320.96449477345516,4843228701.372974,5.52911400474204,0.0010033810003965,1617738.981870323,1.345981234205058,18204.713168728664,297020397.36483127,1819677446915.968,0.0,0.0,0.0,0.0,0.0,0.0,0.0,2.3514011505422799e+21
2841.0422693595847,40809.181210995754,11.998765473689902,11.768900666592677,13.44035013388875,16.231867607560137,14.428637991640276,42228995630.85489,1.049466513539038e+17,1640656263505.1277,1912517290059.075,2408842560446838.5,8.679060272051516e+18,582775395145.7784,2.4187310842722104e+18,4.4432553955297926e+17,146852965992686.53,23386148383135.062,1109985561564.8225,681019722861.7158,2455597847208.1826,487455431544.2009,0.0013281227926148,5.786106559414394e+16,15451686110463.83,10824465568076.248,901426689851807.4,6.345186790727106e+18,6.825596044616092e+17,355881650750146.6,1.7179500555363682e+19,3.035165223740277e+20,53645896434.28336,39040688915015.0,110074775245310.7,123326.20894057157,0.0002822838036021,4692240161.623576,286.9817925747857,0.000225859249892,9.066256456303271e-12,934627666655212.6,14975780883342.229,2.153150613796991e+17,1486091626363.387,45204629522.30685,1673673669648.7695,18705903456.70711,5106426526.108798,4309508.115756077,5.7223270247946e-24,14105853351322.14,646812.009963387,626966385915937.1,101117745384.17108,342727.51101062907,387943.5926522999,0.0018445979210188,12295485566168.703,351571.84800767095,5.532591000308916e+18,4.847160301426767e+17,250128053434601.03,2527049263436.9663,189711267328615.9,26356.913686077787,7.571941968865979e-05,1.2519863322661957e+18,333539705111707.7,98919871.93053009,514381965519157.2,6533927.597843926,0.0005126379531159,5.099380195371324e+18,1.0242388725908008e+23,5808673113938.57,0.0006490551615666,8.835843876888144e-13,1.4158179764244962e-20,671136897915978.9,1.2532319119233006e+16,1.2834700321654078e+16,259582779.7867441,3977557468352.1704,0.001808699546115,43656.82537475617,1.2139887452045907e+21,4.3725463477926535e+19,4.482099133261853e+18,1.5433464659715922e+16,4680529107739681.0,1752587045188468.5,42569761104469.336,231.09456168390636,8798.289643842012,312.1878434497771,14755.6213782765,189574810.02890185,436.2874561749133,8201655903802.396,2137850.008594772,12915648.246232055,682.8334544730706,66012380.238782346,0.8168459263215833,305869.5939674251,1041278773209.0076,20.93609604570457,8355.850152688528,322130.6149476269,1.4780859916543845,231605.67095442928,62020085.87695008,5.115064770802406,900039.5356336278,45166819899.28426,10.33022854609111,0.0091033006458665,24897.67322791484,0.001723765512505,0.1990787674649806,30443879524.188774,1634189494909.2122,0.0,0.0,0.0,0.0,0.0,0.0,0.0,2.3125526887236614e+21
