T_K,P_bar,abund_H_dex,abund_O_dex,abund_C_dex,abund_N_dex,abund_S_dex,e-,H,O,C,N,S,C1H1,C1H1N1_1,C1H1N1_2,C1H1N1O1,C1H1O1,C1H2,C1H2O1,C1H3,C1H4,C1H4O2,C1N1,C1N1O1,C1N2_cnn,C1N2_ncn,C1O1,C1O1S1,C1O2,C1S1,C1S2,C2,C2H1,C2H2,C2H2O2,C2H2O4,C2H4,C2H4O1,C2H4O3,C2H6O2,C2N1,C2N1O1,C2N2,C2O1,C3,C3H1,C3N2O1,C3O2,C4,C4H6O4,C4N2,C5,H1N1,H1N1O1,H1N1O2cis,H1N1O2trans,H1N1O3,H1O1,H1O2,H1S1,H2,H2N1,H2N2,H2O1,H2O2,H2O4S1,H2S1,H3N1,H4N2,N1O1,N1O2,N1O3,N1S1,N2,N2O1,N2O3,N2O4,N2O5,N3,O1S1,O1S2,O2,O2S1,O3,O3S1,S2,S3,S4,S5,S6,S7,S8,C1+,C1-,C1H1+,C1H1-,C1H1O1+,C1N1+,C1N1-,C1O2-,C2-,H1+,H1-,H1O1+,H1O1-,H1S1-,H2+,H2-,H3O1+,N1+,N1-,N1O1+,N1O2-,N2+,N2-,N2O1+,O1+,O1-,O2+,O2-,S1+,S1-,comp_H,comp_O,comp_C,comp_N,comp_S,group_index,point_index,sample_MAE
1204.886866305285,95580.21747609648,11.962851460391413,18.2463706220045,11.612008124860154,16.37354425292563,13.558528205864436,0.0008968097574098,1641570.6087802015,51105750084884.08,2.353962515924998e-28,1070.3320433613435,2.490626323690035e-06,3.055333162748057e-31,6.443515810250831e-14,4.241460366232419e-16,0.0001049046918334,2.862641264195774e-08,3.482749445151402e-31,2.8534594718433268e-11,2.8067745432341556e-30,7.356576907812241e-31,5.192303545712774e-29,1.8204940587766428e-17,8.437830273179115e-07,8.229972395688873e-26,3.418547675473494e-21,16547546.39111738,8.279334749857019e-12,2.632557837435913e+17,3.232264582801699e-28,6.209838939145022e-41,3.7256260733158455e-55,9.704462182707123e-49,1.2353690284720574e-47,1.0034908858286391e-30,1.834725513737485e-11,1.9696603713096456e-58,1.3093178155436395e-55,6.7058756907855545e-34,8.329173824250219e-71,8.451715060494015e-45,2.4266695409826413e-30,4.8049235431367745e-37,1.5612782499546026e-32,1.1367171477928088e-76,5.898961385776371e-74,1.900590841604785e-57,1.9879560119965564e-40,3.588073300267967e-107,1.4525814208119684e-103,1.2636874534054663e-91,1.4202975678418949e-130,0.8215871890320495,14393637017.282612,2.8623177913814936e+16,3.603912411622385e+16,9.769478826199446e+16,303576688925742.4,2504321812545853.0,1.4316307111756446e-08,9578658.643282086,0.0219578474378984,9.74547648032e-06,2.1048894493508384e+17,1646111716539.6458,2129567875673617.2,1.5104865102098871e-10,0.080918142128134,2.2231122873984664e-18,3.566162217171609e+19,3.837100931824873e+20,6.458352586568959e+16,2.221200032889219e-07,7.391328588923003e+21,8.49456865532227e+16,6585737437560143.0,1.0576496942054414e+16,3127982484515305.0,234.1695441692142,901038.8091766754,3.932967102248828e-11,5.667291979701658e+23,3.006498614910023e+17,2.8722723871759492e+16,2.2972665487560057e+19,3.058779961074407e-18,6.147613285150503e-38,4.139300495527655e-57,9.774294521746204e-77,3.76403185964544e-95,5.534457964132871e-114,2.456127553562701e-133,2.7546188121035616e-52,9.20646643436255e-47,5.536726408784658e-53,4.5989192748662144e-48,6.702267993919746e-20,1.5878736111524984e-52,3.3003859155335504e-25,0.0016703292437469,4.439315950186458e-62,2.4215827849774387e-28,5.208715884717956e-15,4.352801157449566e-18,0.0149979223897872,8.760019764393664e-23,2.844015643755301e-34,8.280658151174658e-27,7.106227602736205e-05,7.801498858862577e-35,5.250464644891882e-21,2966.0772685702696,11343534.183188718,2.3352488317228267e-20,3.1736192903433836e-08,1.3423784603091538e-13,6.0625611992706056e-21,0.0001997170356527,0.0004409138535202,341.1777231773502,1.4109765577760362e-26,3.754505672181681e-21,0.0,0.0,0.0,0.0,0.0,0.0,0.0,2.1342679424780856e+22
1348.335927593039,113740.14977140773,12.006286740678112,18.78875083289233,14.850904476836648,14.345165730745236,13.246476523027177,1.508111108525968,40011313.678662725,741439888858310.0,1.4424052017511768e-20,5740.667851849135,0.000360367333786,1.2349879474353152e-23,7.417094934389048e-10,9.051614732273156e-12,0.1058013477132766,0.0035126052195588,3.7608860004182634e-24,1.549496600778665e-06,5.7079618210632855e-24,3.3747725468006587e-25,1.549991957927282e-23,2.0106991324759104e-12,0.0056532448103676,1.7289847660897094e-21,2.2519069906389776e-17,160693231809.35645,5.067355542512036e-07,1.4099684851884786e+20,1.4988604913463665e-21,4.332290311936343e-34,2.672309241388357e-42,3.6388714987637096e-37,8.225548925417699e-37,8.0109315824497175e-22,7.015926414539785e-05,1.1622078021742586e-47,2.7902219317385473e-45,7.411868723494227e-26,5.657702614030856e-60,1.1886879764801351e-34,9.142360685514054e-22,1.824807327715813e-29,3.5222696960197785e-22,1.9480911142735889e-59,1.577276288435206e-57,1.390725732550606e-45,2.9087207643360488e-27,1.1128960851722658e-84,2.5925492897724773e-85,5.871454301718068e-74,1.6004648362744505e-103,3.157850132415761,3745258005.0042305,1290291435929243.2,1593719316664588.2,2696968267827498.0,1129018125364925.0,6705291497340443.0,1.20491505274944e-06,55018740.54006101,0.0336490193287271,7.076836845613804e-07,9.403605135665854e+16,2528000428478.515,62336778484342.19,5.377243225279837e-09,0.0244312711245452,2.9707945874834805e-19,3.439975286957196e+18,2.187798639570078e+19,6373907910272280.0,1.2532343337015225e-06,9.335603180791814e+18,289182375864016.25,27996139112503.633,23903236037024.31,8459981959802.641,0.9548295001222074,7632578.101403344,1.4435872923815211e-09,6.108081689797226e+23,1.1281379592894382e+17,1.569881207140668e+17,3.3928777999861407e+18,7.203783586757601e-16,1.3758433964008083e-34,8.433362191997585e-53,1.1816709491101422e-71,3.665662019797472e-89,5.327227860031115e-107,1.7904168546644923e-125,1.2211778598631665e-42,2.1879551286144473e-36,8.503337286518385e-44,5.399617890710592e-38,2.4381639782341596e-14,2.393897099583556e-44,1.0331313747580004e-18,798.611962740821,7.007198576966452e-48,4.680330224314425e-24,8.326392414379233e-11,8.415924284337816e-15,12.138801076641965,1.0060225704038778e-18,8.639253867499885e-30,9.133010971364301e-22,0.0003145532391931,8.751090718754367e-31,4.3140115735492876e-17,2637.89772092738,81344393.5932478,1.7875158282316525e-19,2.9751845042168585e-07,1.8282523870791994e-13,7.053161101740747e-17,0.9189751544417344,0.0781255843799178,339010.1582841453,5.753144611698505e-23,9.144630207753719e-17,0.0,0.0,0.0,0.0,0.0,0.0,0.0,2.1084285130198647e+22
1477.8879649950966,105178.81394536252,11.99818038876708,14.430779847677966,7.647652163710271,12.401651554837857,7.427064819705695,481.2035329520015,84726949214.02034,4708733894349061.0,1.1477195620371026e-19,5019403.580452037,0.0018433931685076,1.461961715903017e-20,5.496362702051402e-07,1.0567584341359542e-08,11.632088699972575,0.051732528656222,3.4011416266098783e-19,0.0025353290807731,3.05447567571139e-17,1.2205126847686574e-16,3.282636424731203e-15,3.881320314025752e-11,0.0124110407357302,2.519459060659383e-18,1.4007991793910524e-14,1806088571.8116648,2.934009215210949e-09,1.679728067076274e+17,2.345181485714841e-22,1.2162412854959898e-35,1.691520873522959e-42,5.311208583760351e-36,6.830807164863115e-34,2.0617989696779055e-20,2.8148665237733666e-05,3.607077475101178e-40,3.660974730631178e-38,1.6391414064946562e-20,6.436262714795836e-48,1.9596293394364313e-34,9.346697638260776e-23,9.879264481353211e-29,2.8688664302459753e-24,3.022818297637368e-61,1.26235491463182e-57,1.429885656639347e-46,3.690657024519531e-32,1.925167311632604e-87,1.5185739452741307e-77,1.8743747939045251e-75,9.362311501690986e-108,435573.71485597733,63355263020280.914,5.373630934849345e+18,6.544282291058937e+18,7.007697281078708e+18,5.301744981824104e+17,2.2034996454980964e+18,0.0008343902751145,8093834229968.757,476018.243887017,271.39850958749815,1.871267419126295e+21,1.1170178887193987e+17,1.5817654935031616e+16,0.0003994793058606,21162762.27269049,7.35761483395268e-06,1.3855202054721238e+20,5.335710338177719e+20,2.0890896351999133e+17,0.0001496985581451,4.420674712798808e+21,2.5451866891908547e+17,2.3135532424815016e+16,1.1154749012667788e+16,4028755696474921.0,275343.3602961981,4294595.581032356,3.1582476075584886e-10,5.081605404889815e+23,5704888758702815.0,3.855944559816572e+17,7.728401112119709e+16,6.951304627017301e-16,9.220023012644978e-35,3.8168057118756503e-53,2.634290961431203e-72,5.0438608356649655e-90,5.266980420992267e-108,1.0435193194308587e-126,1.7124011445397655e-40,1.8616809757898802e-33,1.102068508909976e-39,5.465175906078815e-33,6.038268625927252e-13,7.09398489704737e-41,3.103279421349966e-16,187.30492450953895,5.72268544328059e-47,1.018175751777918e-18,2.775152059587304e-05,2.978078164901598e-10,398160.7763671162,3.4255467701460064e-14,5.3013842438785365e-22,2.554347090551457e-13,5160.588333683619,1.6055292975060189e-25,1.1088745014688968e-11,410368.4758749886,92645257655.4677,3.8904723374314984e-14,0.1324733584443997,1.0006342937118321e-08,4.6392876413481435e-14,538.0345853780285,2.094228734628349,57107945.87293727,2.5881954821773204e-21,2.7044497162381188e-14,0.0,0.0,0.0,0.0,0.0,0.0,0.0,1.7675169903047776e+22
1241.4486584984372,73762.85335789112,12.001584446446827,19.16322006361917,11.543890501807882,14.97521661431516,15.095497241494929,0.0093323858850791,1718428.8682756522,92417969304634.8,6.257545712914769e-28,215.9694623664452,8.23565146820376e-05,3.129629667126844e-31,8.72385102948894e-16,6.812533210525177e-18,6.238535845680042e-07,5.079562030273286e-09,1.0704514805467284e-31,1.746502714028191e-12,2.349194051319624e-31,1.762684573589282e-32,8.189739931864207e-31,1.0666622609493641e-18,1.9600603957520673e-08,3.855812750233198e-28,1.1613464059982169e-23,3365941.7576712035,2.3352628505494102e-11,2.0679623171138464e+16,3.507578085268716e-27,6.285227518623203e-39,4.6507048674628046e-55,2.3131966147944e-49,7.884732038098957e-49,1.395084759853016e-32,4.317674185615337e-14,2.2727698465637483e-60,9.81620119507754e-58,8.673135747651174e-37,1.383700919920675e-73,2.3771881627449482e-46,2.1594593355719008e-32,3.329036865914201e-40,3.4060040113054655e-33,4.2963289642863225e-77,5.759568025598535e-75,3.2287389023040734e-61,4.1611147144674616e-42,7.168167068464262e-108,6.967228460748869e-108,1.8677441365715823e-95,9.63006645662344e-132,0.0653810119147305,468492639.69408965,493902729315894.0,618569864125376.9,1267577509645480.2,162905308100398.28,1057457783822627.2,1.762072173143622e-07,2907130.9060252956,0.0005858157721973,1.4152779257952069e-08,2.7169170045333588e+16,257593851327.6517,688349761403451.4,6.33436483078626e-10,0.0005951970487106,7.13603703635136e-22,2.04006946873237e+18,1.6353250538911404e+19,2758521407142234.5,3.790894588103885e-07,1.871556115636753e+19,243742725980707.6,14916619272645.943,17311277020568.955,4634681034108.718,0.1037857356015544,11708869.66447156,6.393331886875278e-09,4.302429756393165e+23,1.420624795861433e+18,2.944499922998811e+16,7.222472017868228e+19,9.652190312417048e-16,3.0153197476217067e-34,3.116784289810808e-52,1.003660274015555e-70,5.735865869336318e-88,1.324300823474245e-105,8.57451132597513e-124,1.7957394755914296e-51,1.6999413330211172e-45,1.163963878262498e-52,3.0246814172714703e-47,1.2039701480136942e-20,5.143506681902324e-53,6.511272845659095e-26,0.0011484799445488,1.7400563227819688e-61,1.2061272763102146e-27,4.3803189622773985e-14,9.88660241458468e-18,0.0476419405366489,5.6139639949411015e-21,6.9406073301548534e-34,5.1379566096219423e-26,5.60867865860573e-06,9.79627534897803e-35,1.0763657195537452e-20,235.2855142684021,2458368.032880424,4.939584636962843e-22,1.2634997130974204e-09,1.516089354973988e-15,5.2326336192289814e-20,0.0023728042032611,0.0010304065462798,2286.058673815569,8.8143011650784e-25,6.844746306087643e-19,0.0,0.0,0.0,0.0,0.0,0.0,0.0,1.622929513621221e+22
1293.1796358317908,58174.792057743674,12.010790625717735,10.121518609179144,16.436760639395718,16.367725107359853,18.65076554015537,18192.981913240383,62731145229.76395,0.1364228894426051,0.0043745047480577,23716.15696498017,418445918664849.2,0.0213932589945938,180312842623521.9,1763864034902.474,29490618.455197178,23281.27401016181,51.44791249596715,67658.52717001388,698707.6543656854,346522734.4374244,4.255314453321603e-21,44215096.24055374,162.46960086829884,0.5187829977958459,10232.766301922858,537158700670952.5,6032596497053155.0,637402050.6871561,7905723319380982.0,1.3595338917614193e+22,2.3137618053523793e-06,4461.231988750829,92096579.18440644,1.0026127395901889e-07,1.3663905025227742e-20,32904.12912789242,5.4493863888461606e-09,2.1815618251084563e-19,8.444338513368498e-32,7229.837723726851,97.47062962142556,69567067382.64076,1.1507353148351167,8.51919834922382e-05,65.98510783845514,0.0138191494451881,0.0835311839201671,1.1853849071155329e-11,6.785294979078175e-50,1896.0402897665736,7.393637000935261e-12,72363.39688807048,0.1079396579850909,3.3373300038803865e-11,4.1505513095523866e-11,3.98225352390024e-26,1665.5632774972826,5.333000147905617e-12,8361977958896602.0,712820315143601.0,5275954.6639853325,2491.43558330213,1458975031.627002,1.2070455320651263e-11,1.9437492755385628e-21,2.4992717008132163e+17,33722718757.61053,0.0203244830598917,28751.926153315675,1.0579130296981312e-10,1.2121795765057245e-29,35069151749444.996,5.798624296918558e+21,60.29825020046704,1.237459975682716e-30,6.340532654188616e-46,1.0078788325620469e-61,2933.07368498463,11745381811.925873,9055845639938.924,1.367752922115866e-07,254101.65399605705,9.413689742315945e-30,5.111576313051654e-09,4.844688300526429e+21,2.8461867740051444e+21,5.446101656823856e+21,2.777087559412616e+21,2.8097259217857234e+22,1.237422070985234e+23,1.3868341366766482e+23,4.617855890177839e-31,1.3568289349873051e-14,2.3139100999366383e-28,2.1248781978558395e-12,6.32579605603437e-13,2.2908563419604534e-31,1186168.298275785,5.4792401469138885e-05,3.469018757698252e-07,3.880429403306254e-27,0.0022114841073305,7.636355901336417e-33,4.5041096513511396e-07,207801433.70301583,2.997333900285705e-29,5.97393734026507e-11,6.103764281246493e-14,1.3506737791755424e-36,2.2278749942577226e-12,5.751676205981708e-17,1.2038468666792542e-17,2.833085070579473e-23,1.31236126337355,2.5750477512150517e-32,6.835395903920657e-39,3.716003578170315e-12,1.625832116060873e-38,1.138069544495055e-21,1.1678262151257866e-10,2928125.828928805,0.0,0.0,0.0,0.0,0.0,0.0,0.0,1.4883412914211675e+22
1253.849422483595,79445.12567965616,12.009100695632434,13.479485621180142,13.611263205244995,16.696554272206416,12.373195489456576,24.99807643258422,120515327104.96574,10.191343987101863,2.605518560469114,53140.33410335059,123176732494.82571,65.98425967548407,1.861786809854949e+19,1.5371577124263526e+17,925800511525283.2,54986923122.86626,1053326.086997593,923422469789.7542,104530520286.42644,360497223907283.5,1.2085598582951439e-10,531049079891.1279,656346860.0256346,34939.75603667537,947749540.3880084,5.513251167239722e+20,4.310851542343521e+18,2.2587857211399664e+17,1.1046927920876382e+16,1.9604181595539657e+19,4.582993820799516,91820843774.3384,1.4076628797569986e+16,1253309.3559541886,0.0179735183869938,110930498073220.95,3785.3663345175473,0.015601472620422,1.417781876300088e-16,282174516393.50916,1601675198739.307,4.899764656067806e+19,1728522260.434473,868314.4408367136,5174767178879.023,8276191430531.883,270852752381387.7,356.4781337703296,1.7049542002428327e-22,1.523648352108468e+19,1019739.66274208,820748.668101612,399.55284786545576,3.1145342186690286e-05,3.893931972044783e-05,6.623397802425211e-18,835339.5980262446,4.559637277184111e-07,13194706146864.34,9408818374396766.0,355844496.39221257,1380353.49951448,6049825604270.388,5.553439250964809e-06,7.434131057860517e-14,2307391526719742.5,16415293108169.65,203.20225539094312,30261039.98393012,2.003775503842849e-05,3.0758526506649505e-22,89462547998.28831,4.58261610981728e+23,565272.9606808663,2.6478332921923986e-22,2.5137321584688146e-35,5.924139239852828e-49,597127.6413213551,1174318204.4909978,698708943.3126817,0.003250627794142,9315972.83653347,2.2308653439345593e-23,3.771130442663086e-05,1440177740649130.2,526230385400.99146,633695989.8051577,228731.81158301423,1506.1804488286523,4.081366010569308,0.0030279725556247,8.025753150227923e-27,1.661471959585398e-14,2.4855441430333e-23,1.458725543724003e-11,0.0001048556721412,3.582607673801805e-26,60095018.696765944,31.748552791163146,0.0031071103117086,1.1268675294292376e-25,7.560867967305803e-06,6.501173135236168e-29,5.443132359291611e-07,898.1650563962746,3.5509773436080016e-27,5.54984740861675e-13,5.89020067057905e-08,3.5047894927003447e-35,7.0370031124652455e-15,3.11080885842131e-12,6.387427489940963e-15,1.9357601812440334e-20,0.0947770286440177,4.403462723699113e-27,7.69493334746961e-36,6.031490345692427e-13,8.998853711314187e-33,4.383567340886211e-20,1.2996754180420804e-12,2.228724778611384,0.0,0.0,0.0,0.0,0.0,0.0,0.0,1.4548089485362708e+22
1240.037856765384,65982.3236468153,12.02082414176368,19.133887026714113,11.565640350537947,15.005433147665412,15.11541586125634,0.009158685192035,1706787.8827285883,85094725749703.56,6.232327351733537e-28,212.55895709095452,9.056682112932588e-05,3.214101855165623e-31,9.76650246727859e-16,7.578042554804192e-18,6.781071396448272e-07,5.244813862398865e-09,1.1442663894339677e-31,1.867219557664576e-12,2.623320285033696e-31,2.0524156963608158e-32,8.584920498010191e-31,1.1360934513216873e-18,2.0347260869057813e-08,4.184610111194009e-28,1.2756530135673224e-23,3475329.4767822446,2.7392903746689148e-11,2.08309793757616e+16,4.155138154871899e-27,8.585572327787417e-39,4.9230714863797536e-55,2.5922728220810775e-49,9.236308628207196e-49,1.5335361367957086e-32,4.4961590757288744e-14,2.80997136712644e-60,1.1611720882748045e-57,9.711828784805514e-37,1.613961820995669e-73,2.6887835067180035e-46,2.400845242489078e-32,4.009937122754597e-40,3.623687608090934e-33,4.914030516025546e-77,6.8953481178362085e-75,3.9873377376929184e-61,4.701399509671997e-42,8.67520947295845e-108,8.780401760020345e-108,2.5445332721256584e-95,1.2538763397565388e-131,0.0662952482064738,462466210.8356152,470042580018034.9,588804422072767.4,1147883072647192.8,156191643839573.03,963112580896618.0,2.000690413055725e-07,3009314.7229388584,0.0006157153555295,1.5377136316404965e-08,2.7339701543038708e+16,242271890045.1656,700110156710386.0,7.450460400904204e-10,0.0006532053357363,8.121676619883388e-22,1.9817483319368428e+18,1.5121292516400585e+19,2401090575843765.0,4.318153347386748e-07,2.0118855561900163e+19,245516398301921.3,13435213333069.57,14858479758099.438,3758991751662.3936,0.1103903101999515,12554072.175663136,7.817915134522315e-09,3.85286752875019e+23,1.4893940112163635e+18,2.4545818899706024e+16,7.238281457596419e+19,1.2229269709531517e-15,4.3218010275982296e-34,5.055848406595394e-52,1.8507957821244512e-70,1.198610518653732e-87,3.1293406216835815e-105,2.2975265311641163e-123,1.6139526607422392e-51,1.6869926609474944e-45,1.0859450166007546e-52,3.1043257938636847e-47,1.1596448234234308e-20,4.7952371995794635e-53,7.100309462857171e-26,0.0011427756950643,1.8907910467865267e-61,1.0545088242976334e-27,4.311402611788202e-14,8.380753355411778e-18,0.0457877182605911,6.420323279813352e-21,6.201010552899494e-34,5.089145078702835e-26,5.338099688319417e-06,8.402061449915461e-35,1.0406099430863678e-20,210.70964829376817,2291617.085984369,4.576506052642089e-22,1.312518105822947e-09,1.353845865742263e-15,4.24057668839254e-20,0.0021814623535578,0.0008256174436961,2021.572448868088,8.833014094572098e-25,7.565247616665371e-19,0.0,0.0,0.0,0.0,0.0,0.0,0.0,1.433061802581562e+22
1270.7924312607777,55556.35134805651,11.996745903523868,10.117275740569369,16.483026081157032,16.40602510529274,18.63886131594477,10318.946254956636,41745602284.82349,0.0550885743678913,0.0017306620186544,11407.96900385232,274920507819649.28,0.0098295806942196,181955054399277.1,1618223286371.9905,26431579.95968863,15961.82712700792,31.562165780173256,57294.34489803347,604027.513982305,410549169.4583309,2.0045108476240226e-21,28901508.66886886,99.8233863679336,0.2730190434697874,6440.123756758771,500086985153002.7,5983015354885572.0,566042931.6403598,6592553981206701.0,1.506463549269616e+22,9.513450355085858e-07,3149.951810180599,92463803.79685032,7.41150922399239e-08,8.569293104608836e-21,39927.69988546124,4.72011342511303e-09,1.5831132426856082e-19,4.4256093184825285e-32,4847.562882543118,69.69016891244068,72402944486.20502,0.7021026298336783,4.652327487706123e-05,52.26902033890384,0.0120437230327433,0.0720212157195206,6.2890528708491756e-12,3.7519331848699475e-50,2168.713006091811,4.882979476092128e-12,39913.31297575237,0.0550259201378192,1.3601451487734039e-11,1.6965904441277044e-11,1.0678474936328644e-26,903.765436707273,1.8571472708305097e-12,6505591110377888.0,645755085884300.0,3652736.10129084,1720.89373280798,1195766309.1993804,4.9880515766407726e-12,7.793081980059699e-22,2.4184746435863898e+17,32671744585.51401,0.0151567441133695,15683.703592325595,3.8178643504829197e-11,2.451888237487839e-30,23690073845624.613,6.308527948291774e+21,34.3406649071767,2.534277480601784e-31,8.731651762237528e-47,8.235405627155821e-63,1659.7514721369544,7293974508.900508,6347906427211.426,5.032187967003936e-08,155704.49934305612,1.6446431808849826e-30,2.20629445813028e-09,4.178857211932873e+21,2.454900166001958e+21,4.728120205456798e+21,2.592404524348054e+21,2.6903275882117752e+22,1.17754058208622e+23,1.366622332919836e+23,5.289031713111142e-32,3.8185554119354145e-15,3.399513866347391e-29,7.262760241384175e-13,2.0553540135402998e-13,2.7553268555017523e-32,825826.925489613,3.04373196324084e-05,1.579729468940681e-07,5.166951840021525e-28,0.000965392708921,8.848943486677144e-34,1.900692780775551e-07,135127419.61205113,4.0540521144457096e-30,2.1084102400651317e-11,2.1436684779906222e-14,1.1193346085572346e-37,6.167428983357605e-13,1.2481628632125409e-17,3.6769131771990655e-18,4.506285778107746e-24,0.644127891813916,3.2609665810736486e-33,5.513341988883666e-40,1.1010878657151544e-12,1.5257525645979768e-39,2.6060643792269897e-22,2.56908717624591e-11,1556587.6664276985,0.0,0.0,0.0,0.0,0.0,0.0,0.0,1.421765403917893e+22
1312.4681620699575,58318.61892527026,12.016897006437992,10.121924869744246,16.442601508047357,16.32698100361475,18.64606035652295,28067.40900749675,87410645877.60358,0.2587346245290214,0.0105423255110171,43047.583901856575,590338604211195.5,0.0451471320434335,194608540699020.72,2061144697308.3416,31280066.25782424,31319.204123163698,84.63122343174635,75715.78324554836,856546.0048490732,324013107.63099813,6.808275991934821e-21,69093116.08693969,238.01953981092967,0.95774007110395,16273.164250373797,564281414351832.2,5975628632240274.0,620086856.1109734,1.0164742548833468e+16,1.3707545803263295e+22,6.004284175322352e-06,7315.936204342533,111719890.58052084,1.2447423249963284e-07,1.5420028773307103e-20,33541.53317227819,6.551820321770816e-09,2.4107020083364983e-19,1.3532198479526118e-31,12302.13924353519,139.9392053310232,80869972445.3857,1.912786266937751,0.0001939692627673,109.30207613047396,0.0184450633527081,0.1030202007853885,3.075722591844961e-11,1.0195846831375087e-49,2519.7953890111594,1.7773568464363016e-11,116242.31183465185,0.1648343992853244,5.4688001121567416e-11,6.784642084214372e-11,8.238168855271587e-26,2449.0282578225856,1.0106083746281577e-11,1.016390633781607e+16,761757805228360.0,6955488.011662882,3244.668207201335,1508674338.0911603,1.967413346787007e-11,2.5598610193541466e-21,2.5123105422947584e+17,33325697098.802364,0.0244444402187014,41826.49068354924,1.9337528784330886e-10,3.1977289635115834e-29,47654117582949.87,5.251818769850906e+21,83.43279894727083,3.185191132926154e-30,2.023496374482251e-45,4.4261892187749705e-61,4518.820925275271,15459747299.415577,10708386367624.312,2.495461449571813e-07,301080.3059331765,2.8460400728222186e-29,7.22311305311022e-09,5.41272750541194e+21,3.160783214101712e+21,5.979456126831522e+21,2.8528655114930304e+21,2.809077971401615e+22,1.236170608688023e+23,1.3376304744028786e+23,3.2572626699781654e-30,4.1746976666829867e-14,1.315465566935361e-27,5.513919339789715e-12,1.651182397728267e-12,1.5292797704803528e-30,1689853.848871339,7.575249221075318e-05,7.943674978207438e-07,2.153760240484556e-26,0.0042093794594599,4.236145616171196e-32,7.849285658083515e-07,281832095.5954066,1.629055673630409e-28,1.3470494552334212e-10,1.3213854334542666e-13,1.1063742885986104e-35,6.161265061824449e-12,1.8785047666126016e-16,2.430414414999051e-17,1.327917449160836e-22,2.21885508819379,1.2996968778248587e-31,5.171204653109241e-38,8.767733019170878e-12,9.64916292284638e-38,2.9636092681934724e-21,4.2709844254940454e-10,4736800.305555138,0.0,0.0,0.0,0.0,0.0,0.0,0.0,1.39324800466697e+22
1284.814038533755,49224.44903983978,11.988494078609174,10.12522191368396,16.478394757062983,16.314219253885952,18.653338971172275,15943.660404199649,49126743495.878426,0.0912759386460659,0.0028957076744242,15392.914864764112,350942061965868.5,0.0136245191456371,130645507116583.06,1233799495562.049,19130917.82793628,16081.135177122416,33.190754863640294,45997.10533083734,465804.1184505008,236281657.27310708,1.8055030581363177e-21,29973659.27625093,100.69598331418192,0.27611674204369,5818.498989141123,456372422017612.3,5138993290833933.0,497807039.950736,6752645903536809.0,1.2634403519508764e+22,1.4487478198181596e-06,3105.4320363665415,66467566.80852241,5.6541770072762516e-08,6.3453076225432676e-21,21107.69287547792,2.8869035185969123e-09,9.471956303833808e-20,2.880073380034095e-32,4613.460665109158,59.580234165603194,44423924778.41804,0.7798499599263435,5.524618519519527e-05,44.69361607083223,0.0072088937928175,0.0561126012658287,7.091859993685162e-12,1.7960811630604905e-50,1090.2313970454286,4.472606434311588e-12,44974.910032421205,0.060954578379414,1.6229658662647366e-11,2.0206492959428425e-11,1.5518634809703258e-26,1131.5309331404944,2.876750500417719e-12,6795853315202695.0,569555789262016.6,3246718.722778697,1303.0279572942416,1050888893.5345968,6.314341397325086e-12,8.618222991009208e-22,2.004340980771184e+17,21389633494.110203,0.0090618373755736,18287.50883863395,5.4031089056972286e-11,4.6755800301377465e-30,25277143453723.38,4.3286220318380686e+21,33.14700299650124,4.078776022140194e-31,1.6882056965171118e-46,2.069822914312496e-62,1462.691194840076,9024869290.050938,7127832424177.911,8.271013721713177e-08,181740.8298557269,4.043728293816161e-30,3.004433624748138e-09,4.4012299786667714e+21,2.5326374092840816e+21,4.758222767305185e+21,2.4411704797899774e+21,2.442029679338104e+22,1.0510261410585147e+23,1.1687691739481117e+23,1.7888138111024662e-31,8.558771023074991e-15,8.94632098972486e-29,1.311093815858922e-12,3.067817747949644e-13,7.68626901911651e-32,889547.8485200519,3.8886203099360206e-05,2.437848527625896e-07,1.5513876659881852e-27,0.0016016597733164,2.712996654630348e-33,3.013598917230997e-07,170819811.26356143,1.0972147804928445e-29,3.64103251182873e-11,2.70741365231176e-14,4.23462974265378e-37,1.27411787687866e-12,2.407705463733961e-17,6.2475645105522736e-18,9.614418899636628e-24,0.7889322186840722,7.513913723775279e-33,2.333251219172921e-39,2.396561393716962e-12,5.4903738521521175e-39,6.242134631200461e-22,6.048201018484003e-11,2454239.5651430697,0.0,0.0,0.0,0.0,0.0,0.0,0.0,1.2572342969984008e+22
1569.2352536376063,131036.14993849918,12.007857034889566,11.443550337372407,7.097175335298757,7.886055612555442,6.998610134384161,2447548306.2636437,4.069414850155433e+16,251441061.28084517,0.0005883738031353,43146.15820142106,6528010990.773988,7.213503887360481,29069430720.79812,736043191.9905125,3383373462.813898,31226628937.986565,10778989.029450638,123548648301431.16,53325368407958.336,1.2725317800368683e+19,75947.46802307265,48.369357890277115,72.57868424652501,6.147354022672524e-09,2.0433129279073357e-05,3029189197012587.0,4363542937.495827,1266801744990466.5,146706.71111390917,3561.0284400539354,2.7357594632563946e-12,0.2675331841079488,1854471.09281188,2094.607037796738,70.27774874555215,12464025336.706,13150.196818196822,152810.1712545733,0.0008611080621281,8.077710789461224e-08,0.0001249059171416,1.1924279966702897e-05,0.0058163702097497,7.534600553660451e-17,1.5919584819348145e-08,4.0154032686036104e-17,3.8218208276364355e-05,1.8729157933412862e-28,3.388475919225404e-21,2.171564899968961e-23,1.7166571630621404e-34,372913720.9499984,265763087.01747775,168868.1561075456,203902.05987836584,0.0028980435554831,1780896443944739.2,104219654.78448316,268324943616317.3,2.354243623775497e+23,31292231495848.867,18779999.401194368,2.8245512449018654e+23,478639593143.5915,1206926.7757640025,1.0144187083394165e+19,7.8281668442899e+19,9062630662.127169,3218913886.551066,159.90774295334927,1.313009591683941e-09,508258.315478492,3721959780525241.5,5465.296917642122,1.46289228112603e-13,8.758153852233507e-22,5.602676721660183e-30,0.0016104136406701,69697772407.95425,3821626.5548730334,138201694.8773339,375996184584.91895,3.5349909804211345e-06,55018.28451405808,1183094766.5413997,166.44369345969787,7.197613716366692e-05,4.284704098694391e-12,8.115234275790239e-18,9.19877538861605e-24,1.7527399446633762e-30,3.2491652315655593e-29,2.487139900768408e-11,1.5068793563148898e-23,6.100529210150526e-06,3.254212625172764e-06,1.2154390274599715e-32,313.2869102917354,5318365.448369042,6.691553699752496e-11,5.266808233694957e-17,43893640.750406705,8.934032406631421e-17,2692093376.2072535,17851788938.492523,3.8898383250937826e-15,110979.08096237606,1377273.0495968694,2.291134006141097e-31,4.583272161760694e-07,1.4061375931859383e-10,0.0438117876889782,8.748740784930616e-24,1.085222208647259,1.7085703109097558e-26,2.6811234344219923e-25,68.42316418321364,3.036986600920232e-20,0.0596072263854084,2.2257416059718418e-13,171906.09146954198,0.0,0.0,0.0,0.0,0.0,0.0,0.0,1.2170984302292882e+22
1343.6993403579288,81535.15884464991,11.99850008227861,14.127847989870045,12.536213305121544,13.169160043638842,15.349801215270338,9654.450570366917,3650011760295.931,293135094.4232624,1.540517814682645e-06,149716.80567254574,1032047055518214.8,0.0001335892556002,278292589914.19275,3335975038.0682163,18197748278547.457,19202027915.908302,4.229739121622351,867853130355.5096,674223.1092449047,4164817263.604692,0.0353346220027192,7061.481125737061,9197904.033621058,0.0001744207293932,2.349260643611979,9.44856714745443e+18,9.342078120561911e+19,3.8514354738344126e+21,570668782772.3596,5.390946264040484e+17,3.65435584265766e-14,0.0005423897748193,128.97695855554267,26049.793608639287,486006354.0586122,18.31204723237521,0.0019341283831789,10914.913983907769,1.6216457943432113e-14,5.331135770305524e-05,194.52822449734913,265.952422402315,2.431323323811499,3.572283159623335e-17,3.0541132608864573e-10,1.1678595870811474e-06,1276.462181652115,2.579304032044715e-28,2.663627656511289e-24,1.40713269699246e-14,4.912616055040838e-33,8321601.209976682,4558347829.894318,705749871.4921507,872199988.6946591,639.1174089010476,46467282544858.56,119017138.59703904,3.5078259779065965e+17,5.237684540737794e+17,9113100719.012465,5731838.574054428,4.118363486360017e+20,4562907690.208586,7.615442984905394e+16,1.606063072280705e+20,694004786022728.2,23667.55020811727,43061284986475.98,118784964.59120986,0.0145479748055059,107956942412980.52,8.492705625328024e+21,109184353777.12476,0.0019163535479622,7.11732973246143e-10,1.0704039534605171e-16,22983.719141947015,1.0138658703717186e+19,6.078690855080969e+21,111239649402.25574,7.00659047006079e+22,0.0116512751891956,9.247441073918616e+17,6.72851999727053e+21,3.9818561687886344e+21,7.571483298601442e+21,3.332202660354913e+21,3.218030554818324e+22,1.4472907173094158e+23,1.517024550221173e+23,1.4506422291850815e-32,1.5613303265070996e-18,1.0423708676569378e-28,3.936236510512365e-15,1.626186619886016e-05,8.587482176068381e-33,26.15301546295312,142286264.23264903,6.957964853353939e-16,4.430496384957802e-23,0.0499844392897382,3.63846766966479e-20,3394.4996620119846,2017349812.945959,8.076972077395354e-24,5.18750548473482e-08,16.24198390415281,2.3026429082404717e-33,7.223981471975389e-12,3.8988142701969234e-06,3.048785664538043,1.5907860557505902e-20,1.6601021253660688,7.306082092191846e-21,2.8926786580194748e-27,0.0024417817926587,1.5453494486549186e-18,0.000402287475902,1.8833764907159306e-08,1792695.0948519816,0.0,0.0,0.0,0.0,0.0,0.0,0.0,1.0645482806390047e+22
1360.2327810478946,94884.42267575212,12.012923633857111,14.097466364623005,12.574129575287952,13.133202781559918,15.300717282158862,13801.403427503998,5381377368823.108,490320217.3236885,4.369255074139588e-06,271366.6247347835,1383397031864869.8,0.000385992942949,531909392377.0207,6792459372.393121,34483993604205.49,38968780814.78402,11.348613440197646,1722601359471.1328,1620919.921872615,9139185100.07385,0.1202277735009906,16000.094141962156,19906286.173662346,0.0005091604159928,6.090893167023028,1.390736797976567e+19,1.3382817109470464e+20,5.361978083505984e+21,1000616267617.6604,7.944025011929432e+17,1.5484364048403846e-13,0.0018060997396192,382.6446528228271,79607.2039318315,1391246992.2843738,60.645807743609815,0.0073446655337073,39208.18334036446,9.983521851970657e-14,0.0001821573225308,583.6585395221865,756.9693838218562,7.266414697654947,1.9205190812770963e-16,1.4434836571106511e-09,5.256822760645614e-06,4261.084848559784,2.1690659711763888e-27,3.127518631823132e-23,8.844744806577346e-14,5.477375313230655e-32,15494105.89397696,8194756105.974349,1349363002.8091414,1664337344.6549833,1479.087206923811,71856576869931.45,226417053.76106933,4.728233546447771e+17,7.077636269126335e+17,16415270452.78921,11535513.395289494,5.448431469880283e+20,8718684551.688618,1.2659119187353218e+17,2.1072961207410272e+20,1125416731762600.8,57345.765289605035,65774509207066.8,218755185.63964427,0.0360779568562681,158414902833508.75,9.982396655709937e+21,180813907662.6681,0.0052572526016092,2.330198278447738e-09,4.542877791481467e-16,46528.52891235734,1.2926206113822167e+19,7.255579889922561e+21,181338446119.4022,8.259391241557419e+22,0.0285443445250827,1.2610132574442665e+18,7.636414086883485e+21,4.5859084435955846e+21,8.812756232477e+21,3.751426998910368e+21,3.6158102541400617e+22,1.6575491057882487e+23,1.7230247400748604e+23,9.561332259426675e-32,5.441430276956985e-18,6.551393913584134e-28,1.3556427476576308e-14,5.529858548103083e-05,6.110312135945905e-32,55.69149308130025,265043519.21928495,2.6996350289809754e-15,1.9399718536262413e-22,0.0955601251948657,1.600403386827716e-19,6079.26123198164,3000465853.177549,3.938260142486149e-23,1.285186532213355e-07,43.305646816062634,1.3690158920346563e-32,1.8520528463120846e-11,1.12053369989222e-05,6.147847991942193,6.840005437992359e-20,3.244520994046267,3.350598930246445e-20,1.438633912762904e-26,0.0049162951090238,6.367389569435483e-18,0.000880648540268,5.326262552376496e-08,2710712.136064927,0.0,0.0,0.0,0.0,0.0,0.0,0.0,1.054075086078809e+22
2326.5373529218946,121712.81489826777,12.001250248637136,13.798807050054316,12.561725002857198,7.449582185621248,13.378459586063414,1452169048.643531,6472369922352316.0,1.4401618516952804e+18,120.30763164223602,4539282606.848211,38822768295585.54,51.41445149310373,2174409.5784100555,233590.65547245488,9709270991.967396,3038871502443.9023,312.6871001698462,170361432817.19022,2885.81623542678,1994.2231216513997,641.1672739361707,7530.507981937197,195307623.72809747,4.528247343282071e-05,0.0102278223788777,8.048572101771349e+18,52686445668242.82,4.687390026634774e+22,3635610.364505217,13844.070690278251,5.0078391389741275e-08,0.000460601031612,0.0054827795109055,27310.096125072283,473108226502.1405,2.4149328009852376e-07,2.9274394066500293e-07,2207.538706535083,3.1662632877755805e-14,1.5460249822918436e-06,5.540675742753564,4.856386339790465e-07,1787.1657776981008,2.702638201584013e-15,6.007682354447699e-13,2.7325806539599523e-14,69.36677627220688,2.1455508635544735e-27,7.571956751910999e-26,6.614821728163478e-27,1.2400109966075123e-35,1594863985.4099224,23738867064645.26,3071952439660343.0,3542032772755337.0,208296637595516.3,3.653131945519131e+19,1.174841058337274e+19,40023368950159.57,1.0938745752715795e+17,1406186557.0165997,1532.55038683006,3.60757707804996e+21,1.381348190619766e+18,2.8149415236633735e+21,18680871706872.363,7420019580.599484,0.0301481228600416,2.9908759922451904e+17,5.126984028863889e+16,19746520534858.1,3160434831.206103,2452188762810017.0,468091211694.6804,3053271442.5478544,55709156.04088294,6522115.018363306,40.781634488157344,5.991387271216603e+18,564194219531328.2,1.9851944925512495e+22,2.5295629101021973e+23,2.7815475064982752e+17,5.1648516045203564e+22,1187953147759.644,1887681.062032496,8.686703623344547,1.987552346634716e-06,3.008963709845558e-11,4.544609649002518e-16,5.9099355271726665e-22,1.1989783431120444e-11,7.98107863899781e-08,4.129203494900084e-11,2.8601648879949056e-07,328065.8153827509,3.4674311892082564e-15,1.5955702928482272,20599692568317.688,2.2168071498994734e-11,0.0041969885167313,373399.1491802334,346.06732278102976,220763161892.56595,3107667.08369183,8.355935362021009e-05,8.30001128061013,27930308582.95657,1.180042730140882e-10,0.0189446159446369,184184509.9604515,15685899833.969503,3.498351447341174e-07,11.576162330798727,0.0001498956699575,0.7890391849315287,3803928563.846935,53367559.85087229,1030413930338.586,258.6158558198838,2232562.42321175,0.0,0.0,0.0,0.0,0.0,0.0,0.0,1.0538664922944767e+22
2053.326860367981,102379.40076828325,11.987449438405145,18.048103016128675,9.462605125409931,17.56111006061447,14.119609337960332,1275760.6044388076,565755931473.6724,9.71199967058968e+17,1.439387421238426e-10,1048358150651.4502,6597165.388874732,5.433015999469359e-14,0.0002994192143965,2.1624639624406972e-05,23.770477748075063,0.5125628545784416,5.299633121706172e-16,3.233222945794878e-05,9.659648688185538e-18,1.1630333994618183e-20,6.597203630243187e-20,0.000362184042685,206.51245477805156,4.13689486000596e-09,1.953411662268302e-06,10487972619.062391,0.08229014769399,1421033689731326.2,9.690140830472219e-11,1.1192130866000264e-18,4.0238035990892365e-30,1.6595543213604423e-28,3.966014629723695e-30,4.7414952896549385e-21,3.421693951125056e-11,8.535044833250713e-41,7.129850352714445e-40,2.1990925013285913e-27,6.07942948124337e-53,4.516165438497515e-24,6.298178212061703e-16,4.252692951531919e-20,2.12827631526824e-17,4.2224108767272735e-47,2.252765265243855e-47,1.8520319526857725e-36,5.613927292667841e-27,1.5355610441600147e-69,4.6237803000786105e-82,2.5940898805540835e-60,1.2225708708433114e-87,313678554.5191422,98130838081390.3,1.4122671459263053e+17,1.649713777868882e+17,4.7053508447576424e+16,4.1078761508652e+16,5.953305631683934e+16,6613.190616390094,16876298316.746883,340595.9306567838,1727.3235145589294,1.089856336494009e+16,6720248533634.248,9212598126504.412,3.625553029804534,3423.2292186354643,9.913235986377128e-09,3.495239313271996e+21,3.0745608408678054e+21,2.9289396636781957e+18,2948786.0955487336,8.582224981072567e+22,3.06524191804601e+19,2.2857246355265871e+18,2.17851752408114e+17,8.280123174666206e+16,424477222034.7504,23759498989137.125,3555.4347373985993,2.6863737253976844e+23,2.760614455376355e+19,4.770562145885048e+18,3.690155729861437e+19,0.6082383277043091,9.074019755879118e-13,3.9726700571563245e-24,1.148008891203823e-36,1.788776831639065e-47,2.401939397237662e-58,3.3667079565120604e-70,7.686550259599956e-24,2.336394096575307e-22,3.599429092809433e-26,9.668603017660208e-25,2.3077900433058417e-07,1.3219890110809605e-23,1.0353946554974158e-09,914.014570564748,2.820859974070376e-35,4.165415827081025e-08,0.0570522307500373,0.0576886729729024,887336.7758000933,2.630570496667254e-06,4.1645584743671657e-13,2.4353700281499995e-10,109.85962030174208,1.650426351683554e-09,0.0044130599229036,4400135115975.56,4773672578614.609,0.3690762905448227,146372.76261450522,1723.5131907816208,0.0600015266256331,7178351.986914873,228748512.09645405,19480326889.978157,4.348593114086768e-05,0.0016027438137466,0.0,0.0,0.0,0.0,0.0,0.0,0.0,1.0191763172717717e+22
1453.829964600285,62645.528529617826,11.995838591364368,14.433272884173604,7.668321857887543,12.393172540975543,7.50273233153157,363.36132399044664,47031899983.079185,2623831060540926.0,2.7112852850866665e-20,2059164.3703557316,0.0012166707807573,3.028301851209613e-21,1.6250648801695962e-07,2.8891835592759815e-09,3.65850487264969,0.0174726132668244,6.929485543870231e-20,0.0007894584125415,6.3953580956311635e-18,2.566669300642985e-17,4.4362066502526433e-16,1.0366728569003491e-11,0.003690290892282,4.206750323996421e-19,2.7077449946662456e-15,1012019165.0628438,1.6099208348938083e-09,1.0605958753332642e+17,9.527131819129312e-23,5.802122501967342e-36,2.0859349640864964e-43,7.916218528096507e-37,1.0530879909034724e-34,3.3882830711574735e-21,5.554166905753712e-06,3.9065819065904533e-41,3.520727498498561e-39,1.8652934542859775e-21,2.8782123008847034e-49,2.6974159505458855e-35,1.5904657523127082e-23,1.45885629487578e-29,5.732022995382984e-25,2.3843370291019722e-62,1.047925456270131e-58,1.0794921024553339e-47,5.800468308459121e-33,7.470724723985794e-89,2.4812507226266296e-79,7.627910017892657e-77,2.196651184169531e-109,155137.20871925697,24805079005981.91,2.0504950086755597e+18,2.5032785102933473e+18,2.2204650073958477e+18,2.9226047586338285e+17,9.891805333092164e+17,0.0004908679681722,4492852805232.57,158511.14428232002,67.39598320137031,1.1230406464037652e+21,4.473677226925627e+16,7889837634428462.0,0.0002180023525048,7198980.382669033,1.167485322659075e-06,7.397682556930921e+19,2.3784962634340617e+20,6.7745898682029656e+16,7.563155972391692e-05,2.6548535077146764e+21,1.0516751334854762e+17,5666242568893981.0,2307134713050864.5,635791081099931.0,72136.08658824085,3175229.894640188,2.401086239424881e-10,3.078070456026004e+23,4891199102138418.0,1.4841943523749123e+17,5.819831254931548e+16,5.344299118069445e-16,6.595069018502532e-35,2.5517318650323095e-53,1.7380863906338151e-72,3.1589997414137232e-90,3.050083937698879e-108,5.782089699431042e-127,1.2097434797898476e-41,4.012478488791634e-34,7.411127376129296e-41,1.0742730391180276e-33,9.139122926352781e-14,3.902505628098482e-42,1.0540442068271632e-16,97.15977177777113,9.268995056616101e-48,1.2476102595352337e-19,1.314992873771846e-05,3.822283903254989e-11,215499.52496045415,2.1030956723674398e-14,5.1015673819136657e-23,7.877788169445277e-14,991.157056439592,1.2856478274274307e-26,3.487028615644239e-12,85107.85838724139,43456401259.29026,3.984214545241833e-15,0.0499140419256084,9.949991830609767e-10,5.698532891753458e-15,280.6194199010104,0.3419368318947224,28272761.788386237,5.758523084676755e-22,1.8105702001718217e-14,0.0,0.0,0.0,0.0,0.0,0.0,0.0,1.0181827785201495e+22
1348.604414617348,70378.24638753796,11.976964603036668,14.09531176415994,12.547474188832473,13.124092582506638,15.300583839549445,11827.931139740993,3863110101749.676,316721091.20670867,2.1677653799464675e-06,161784.94463337804,1095841960736985.4,0.0001781236625675,296567035910.7492,3622959306.486851,17917337098758.27,21337227681.65848,5.197877884765319,902701667134.8152,755511.42182647,4279170004.794582,0.0355191007920177,8403.111046105632,10000452.62357708,0.0002025068376498,2.6324381535571426,1.012108760319885e+19,9.654815267678083e+19,3.758360823453151e+21,676398320675.8982,5.89999382353508e+17,5.97299807799343e-14,0.0007772600319944,168.24728790509442,29416.04387332337,461775934.54703695,21.92054335481563,0.0022342425656077,10639.795991118066,1.780390057594733e-14,7.389372606527499e-05,240.2319803197819,315.6610827622789,3.315948289801693,6.458588920597062e-17,5.006395338845211e-10,1.5169928944222e-06,1716.9600013944928,5.491474511604003e-28,3.2296582192562423e-24,2.2461332070122814e-14,1.1722348702666368e-32,8542009.105887735,4288998212.289578,626545564.3155221,773860648.1863215,556.4786444815982,46211255663803.586,116650725.06107746,3.5156092802734944e+17,5.089198775877173e+17,8727874567.832314,5132405.166710428,3.683301553454867e+20,4219687341.660875,5.6375890856191496e+16,1.5045794592289836e+20,606931249996488.4,19891.809393991116,40951732747111.875,110663481.71026684,0.0137235475926641,106521171637735.2,7.291343251425412e+21,96210225661.98384,0.0016851323034292,6.11223449967214e-10,9.202515683270188e-17,20999.28006137662,9.82365053201726e+18,5.61697811500751e+21,110478467674.93369,6.142741918650973e+22,0.0121082533509403,7.844312711462022e+17,6.611633771192117e+21,3.822490306258961e+21,7.092155856674828e+21,3.005821331868673e+21,2.8218267497255997e+22,1.241480078823544e+23,1.2625799550855004e+23,2.3863769130517944e-32,2.5725656492897577e-18,1.5929963554653704e-28,6.0898899996872735e-15,1.9155260995804103e-05,1.3072775971185122e-32,33.631874768942495,166775228.3858512,1.219461736084047e-15,5.899357204580166e-23,0.0629499802196888,4.4938284197654567e-20,3883.344052451329,2292410422.7236857,1.0465720295221284e-23,6.652613118829808e-08,15.334325481839535,3.2248992490591356e-33,9.533614546313247e-12,4.069240284922034e-06,3.2129963820046306,1.8288006204344285e-20,1.82694758006794,7.931651031506222e-21,3.9333884134554886e-27,0.0030701645039061,1.8399109180598577e-18,0.0004804165166215,2.271212259932206e-08,2172527.9435759955,0.0,0.0,0.0,0.0,0.0,0.0,0.0,9.72262153232853e+21
2298.117092004039,113322.97045628494,11.988448918414155,13.825184457997132,12.624024565748424,7.436331965710996,13.396405078498386,1069601947.4332552,4811115684295360.0,1.238924710710064e+18,60.48645833095717,3035400200.415786,24551371568964.203,23.81089061671521,1212619.782016224,125558.23963592717,6310049312.989713,2011654539789.532,141.02805969738745,106215857019.5676,1291.8822117231382,875.6552961603024,292.822873665277,4087.768450458461,125977566.60847194,1.9978189946848527e-05,0.0048318326072477,6.914853144293925e+18,34287172199680.04,4.809614657610299e+22,1818094.0431296309,5716.848516830794,1.8398468604797106e-08,0.0001812344492372,0.0021440233556618,14175.017759159718,341905970053.875,7.670619373674629e-08,9.917786523805393e-08,1043.7428723584983,8.144083181185195e-15,6.072711987826648e-07,2.7297783807976312,2.003336088150149e-07,931.384990966224,8.012184674248441e-16,1.8037636462959977e-13,9.228153317923862e-15,36.16119364590485,4.479724484049781e-28,1.5224444502121998e-26,1.4545401099301851e-27,2.021446674901087e-36,979307664.350924,17252974257654.645,2489875762779828.0,2874405994824132.0,174524255867088.72,3.0720732670483186e+19,1.0132580349587251e+19,23529822749023.96,7.990733519029947e+16,820368116.6172433,789.6512832972971,3.099234729305616e+21,1.1058991578642394e+18,2.444590986606426e+21,10387533007437.371,4281815896.8618336,0.0120218192526107,2.569300005379977e+17,4.5723664717840936e+16,17076293626499.5,1793572760.6298895,2003176502271764.8,361311918666.9035,2350380759.27858,44563164.9091468,5191556.288700204,22.782827501551843,4.528979131054497e+18,331838035308541.4,2.0129823145117373e+22,2.320565293422327e+23,2.571154628711941e+17,5.0303029065074575e+22,620317694835.735,730077.137943558,2.491310792795834,4.340278336623456e-07,4.9081332462730164e-12,5.4608996205526226e-17,5.328126997960813e-23,4.0114206720285195e-12,3.2536983513266774e-08,1.3249341447242124e-11,1.1025558742241629e-07,174841.68788324605,1.0486402288193744e-15,0.8233200920776238,16347016255246.816,7.856503694747208e-12,0.0017972078878069,218159.2902789013,171.83996254246298,155951641666.73703,1588393.9936827277,3.1273538357778045e-05,3.87614771507343,16156906533.678532,4.287781401314418e-11,0.0094610286122867,119248269.5139266,12139924099.145098,1.4551041451761056e-07,6.4192949701006405,6.940548745810828e-05,0.3907809383086729,2687069390.2194533,34296711.87226926,804312421546.8,115.2188541755543,1204611.5914695829,0.0,0.0,0.0,0.0,0.0,0.0,0.0,9.520179651253438e+21
1715.1091921188208,133484.619763088,11.987786208165929,16.92356168282674,15.4115904949223,10.323906898886303,10.243744701360365,205658.52124783708,222688270756.14062,7.825917620161325e+16,5.5012797568650455e-09,230140.73610177537,6.992092390356973,4.0512862568878165e-11,0.0020979024155557,7.756825404051157e-05,3343.9866334318754,302968.7810189753,2.0819046628853415e-11,566.3379828873815,2.8729682146043223e-11,2.1388267533545706e-12,3.7370579963671146e-11,1.788681621636641e-05,296.4419897012454,1.5942018825914217e-15,2.6152964966256528e-12,7960380239208339.0,1.843666989196567,3.468266206826103e+22,1.4296023857549395e-11,2.3157771804391237e-23,5.175147015366105e-24,6.448182521281291e-20,1.2132161559415958e-19,3.462750262254723e-08,164191.4542073316,4.558317691519304e-28,1.587262643718511e-26,2.826270701654315e-11,7.984697344269359e-38,6.488503848942506e-21,6.636878106369397e-11,4.912795488348227e-20,1.9774998097367317e-08,1.0712893193166244e-35,5.5830823028273885e-34,6.906955529111846e-31,6.731296724372166e-11,7.309370751049161e-54,1.087922107227914e-54,3.517768741539494e-51,6.70272721466076e-67,1249.9113173544015,10405368231.335724,139005272902126.88,165868614565074.6,108891739914722.56,1.8494597474935258e+17,5.4084867265456774e+17,0.1590938781339065,407833030164.88696,46.12758311018899,8.266595706606065e-06,6.16993222217567e+18,1374165466557295.5,59696414147741.56,0.0027522435259254,33.17161568180238,3.5575379620227066e-15,8.824262592577571e+16,1.941749327390895e+17,138417766519588.14,0.0001422924709192,224568883529482.53,37434306232.927216,4317602916.469702,1093105170.1990745,479453652.98440593,0.0003901413586966,794330030.7508447,5.491872010261604e-06,5.2901700030715334e+23,3.868944190538507e+16,2.2497463216923612e+18,1.9689956893441283e+17,8.722768016963502e-11,2.5177461026161937e-27,2.1920135996321096e-43,2.0172467432867616e-60,7.136677760865407e-76,1.7195846158896218e-91,5.88409410421602e-108,4.925330754677346e-27,7.714290997519546e-21,9.198538398376343e-28,9.26912719047223e-22,7.248565285597408e-05,4.4386842019131775e-31,7.689292653533969e-10,7990429791.023736,7.184239362821239e-28,2.0318623010185312e-14,0.0109911842013304,5.059061929695269e-07,6497391.518457946,1.8134011567215783e-10,1.5374383875524153e-18,7.072639541545957e-11,111.81171378838538,1.5628109838751009e-22,1.883443234632406e-10,17608.39714421226,885025398.0477126,1.299762063340045e-16,1.331323992529965e-05,5.440082015464614e-12,5.922288720609839e-09,623898.3107456345,3112.637249469657,12896365400.30787,2.163231855945637e-15,3.654792142169341e-09,0.0,0.0,0.0,0.0,0.0,0.0,0.0,9.321316656846877e+21
2411.0091510542425,124259.22596163022,12.00109095477674,7.63855286810564,13.354661940562089,8.204339233502116,13.621687263232348,447488936437.18713,1.3684762262968752e+17,3898917.6260167393,25632850364486.805,9367552620.70923,1.1775356081010596e+18,126232520777034.28,2.0828319055764836e+18,2.4833182335277574e+17,10662509655.985748,4794881537066.2295,7553472007113402.0,2909594091576.229,6.502269160236173e+17,4.335666812785461e+18,3.891335119880369e-06,852603956856903.1,23999649.3303196,6092860.761912749,1133963712.0520473,6.64452606331082e+17,7.922688212780715e+16,4141092755.691368,6.514992915024702e+21,3.538496780127514e+23,788476033331024.5,5.4544617940183564e+19,6.035972248892492e+21,41981.9615785213,8.917083169069959e-13,3.995785109941633e+19,71411469.269979,6.516280128421634e-07,2.475905308879852e-09,1.330706279658633e+16,44341291153.678535,2403691429984099.5,18496431549736.258,2.373367238751336e+18,4.6351271555718206e+21,12792469.22366238,38584476054.3079,1.5482257833204742e+17,3.431510742967229e-23,1.7993420826430237e+17,5.485080381916701e+19,38251900845.49313,624.6672092849952,1.050251761221932e-07,1.2067414340483074e-07,1.1470004381795023e-20,962651419.6088464,0.0005098711385397,1.3625026452050305e+19,2.217562643012518e+19,355986783456.9946,364443.8091023707,816981675642.1208,0.0006759430611077,2.838890627459011e-20,6.79977098015978e+19,17695231097215.33,1236.4435816643927,536733.6761965973,1.4637114537163306e-07,1.088697971731119e-22,86004486301425.81,1894713122842633.5,0.7515336271031842,1.5458339781013642e-26,4.478841771622477e-40,9.403396884155834e-53,61.100535897866315,193867864918.70297,307937394044.23645,0.0596537084233395,8365.881896394485,1.921810395990188e-18,2.5511440255538355e-09,5.136767997952925e+20,1.5838492490476016e+19,1.409656012393149e+18,5786428596432980.0,1659656409099371.5,494153156691934.56,12020497656685.488,0.0625760170460525,3986332.68672432,2.2145964307818047,152610914.84577718,7394.351726819473,1.5909953077513327e-05,26982341731686.586,487.56022671620786,50022052496240.08,0.003271110456152,2021314558.4187572,3.134999378243522e-10,1233.6594649501048,203308727717016.53,0.000870878739662,773860.3122444678,1.3684788182015335,1.0592541201611235e-11,11.568742761798909,5.69029597940311e-06,8.660736332770546e-12,1.4139639792545249e-08,3469.1544717088022,7.910858755408912e-18,7.888567458160672e-14,2.3293553032146197,4.509954720828666e-18,8.408888830225294e-10,163494.8649001055,13740307059351.068,0.0,0.0,0.0,0.0,0.0,0.0,0.0,9.285884836187506e+21
2102.0200623411065,124591.9495745832,12.036918171098243,18.45518171470125,15.624245058670638,13.055869797995657,11.63754309335733,5638276.624447466,1345538033504.5918,1.7138012798885512e+18,0.0003567080037185,665037609.5802286,16777.735908516006,2.027306137884041e-07,0.2028955627063213,0.0158494832226703,14891.640349050364,1147323.2654526643,2.648014852477801e-09,103.83940734612004,6.199458238566128e-11,9.823812479481414e-14,8.433037654513369e-13,0.2056249380315823,103894.7070749578,9.81912864178532e-10,4.0077393268018115e-07,1.0676522612716794e+16,144.6343999280914,1.267254174932364e+21,2.332873104732257e-07,3.873769103913566e-18,1.1156954032465539e-17,5.0262170128555895e-16,1.537162813875515e-17,1.664936667877106e-08,97.13596600115304,8.222836814868741e-28,7.649792794910252e-27,1.9259675227278043e-14,2.41505078869337e-39,2.9236356866577864e-15,3.2333901377780436e-07,6.677976998889076e-15,3.5873966204560316e-05,1.0627934890970583e-28,7.032236468880055e-29,3.280527754159619e-25,6.937467204728031e-09,4.652468139266551e-45,1.677981361705357e-56,5.09654060928152e-43,3.5932527569116924e-57,301915.83364185184,84482730182.22394,123223314485755.38,143575724285248.53,48887270782685.84,9.634836877101437e+16,1.6917550580061133e+17,24.858927743296636,52755456721.18484,462.33496778156217,0.0008212194147379,3.0911181124269424e+16,28282589719625.31,51060223819.85402,0.0193966765497565,6.010342271549028,1.29592888739319e-14,1.668437068014295e+18,1.733451536805895e+18,2250782102382308.0,2.5447781903272286,9602681556715686.0,4939861609831.83,605754058039.6506,67868356490.36317,33356554097.478622,28.60964360680797,52954348812.25419,0.0129554949518093,4.280241763788265e+23,5.21810634883071e+16,1.1828881662873647e+19,7.848568327130754e+16,2.228991209404855e-06,6.027742510697361e-21,4.7704410921221987e-35,2.357040509637859e-50,6.536574622196722e-64,1.6071834554405506e-77,3.9740017848225254e-92,1.9500993654192722e-17,2.0942114554081372e-15,1.2633240894944112e-19,1.2404372011514628e-17,0.3526514758611436,1.1200019461049379e-20,1.5189050535823722e-06,3265160261.7391315,1.957501661132148e-22,1.3772993979518388e-07,0.5245208489491228,0.1784406039351157,6986525.596735412,3.0968770497040214e-08,2.317569923283673e-12,4.555081975290739e-09,393.30674234628736,1.6477179728951101e-12,1.2061648708333092e-05,1651238432.7999349,8430826948.702825,7.455680391989588e-08,0.0863962718115073,0.000354303382304,0.147403684178579,44626041.90747612,413955012.8146381,125405648642.904,1.0031553853056633e-07,1.3239957034668163e-05,0.0,0.0,0.0,0.0,0.0,0.0,0.0,9.138698110402301e+21
2102.0200623411065,124591.9495745832,12.036918171098243,18.45518171470125,15.624245058670638,13.055869797995657,11.63754309335733,5638276.624447466,1345538033504.5918,1.7138012798885512e+18,0.0003567080037185,665037609.5802286,16777.735908516006,2.027306137884041e-07,0.2028955627063213,0.0158494832226703,14891.640349050364,1147323.2654526643,2.648014852477801e-09,103.83940734612004,6.199458238566128e-11,9.823812479481414e-14,8.433037654513369e-13,0.2056249380315823,103894.7070749578,9.81912864178532e-10,4.0077393268018115e-07,1.0676522612716794e+16,144.6343999280914,1.267254174932364e+21,2.332873104732257e-07,3.873769103913566e-18,1.115695403246554e-17,5.0262170128555895e-16,1.537162813875515e-17,1.664936667877106e-08,97.13596600115304,8.222836814868741e-28,7.649792794910252e-27,1.9259675227278043e-14,2.41505078869337e-39,2.9236356866577864e-15,3.2333901377780436e-07,6.677976998889076e-15,3.5873966204560316e-05,1.0627934890970583e-28,7.032236468880055e-29,3.280527754159619e-25,6.937467204728031e-09,4.652468139266551e-45,1.677981361705357e-56,5.09654060928152e-43,3.5932527569116924e-57,301915.83364185184,84482730182.22394,123223314485755.38,143575724285248.53,48887270782685.84,9.634836877101437e+16,1.6917550580061133e+17,24.858927743296636,52755456721.18484,462.33496778156217,0.0008212194147379,3.0911181124269424e+16,28282589719625.31,51060223819.85402,0.0193966765497565,6.010342271549028,1.29592888739319e-14,1.668437068014295e+18,1.733451536805895e+18,2250782102382308.0,2.5447781903272286,9602681556715686.0,4939861609831.83,605754058039.6506,67868356490.36317,33356554097.478622,28.60964360680797,52954348812.25419,0.0129554949518093,4.280241763788265e+23,5.21810634883071e+16,1.1828881662873647e+19,7.848568327130754e+16,2.228991209404855e-06,6.027742510697361e-21,4.7704410921221987e-35,2.357040509637859e-50,6.536574622196722e-64,1.6071834554405506e-77,3.9740017848225254e-92,1.9500993654192722e-17,2.0942114554081372e-15,1.2633240894944112e-19,1.2404372011514628e-17,0.3526514758611436,1.1200019461049379e-20,1.5189050535823722e-06,3265160261.7391315,1.957501661132148e-22,1.3772993979518388e-07,0.5245208489491228,0.1784406039351157,6986525.596735412,3.0968770497040214e-08,2.317569923283673e-12,4.555081975290739e-09,393.30674234628736,1.6477179728951101e-12,1.2061648708333092e-05,1651238432.7999349,8430826948.702825,7.455680391989588e-08,0.0863962718115073,0.000354303382304,0.147403684178579,44626041.90747612,413955012.8146381,125405648642.904,1.0031553853056633e-07,1.3239957034668163e-05,0.0,0.0,0.0,0.0,0.0,0.0,0.0,9.138698110402301e+21
2945.3951450867694,106098.16105595796,12.004909371544606,15.119571825383636,8.008753459670134,14.125732776106382,13.867271021252431,67581118313.40321,2.4354333543963016e+16,6.643554011469592e+19,1.2992579543351994,2129165264841829.5,134633564056862.42,0.0558997179994892,51941.30334167429,10391.40797762658,63039202.20378029,27703880.8506137,0.0131546685688148,108471.45140337537,0.0034531917260661,8.386246473391509e-05,0.0001644131241198,11355.106342061432,58041836.71178552,1.1967511291470736,84.9967203774936,34994979212851.61,38697572.35949874,3.723770035437606e+16,62.77663070813527,0.0093088015597728,1.034568023339652e-14,7.48847602465582e-13,2.503774392232162e-13,1.1100533884995249e-07,0.0969174080718202,2.361016722572387e-19,3.5720038209396985e-19,9.741591142836564e-11,7.889809937579536e-27,5.347490704456049e-11,1.4187130093561373e-05,3.813255035559085e-09,3.6326117047733223e-06,1.9537383382628054e-27,7.97367676668543e-27,2.0079069084096668e-21,4.8907914020971047e-14,5.843952046788762e-44,1.303952363799112e-49,2.0447510056752166e-38,2.1441596463194124e-57,78606673121121.2,2.4437357550458406e+17,1.8434639881283013e+19,2.0802836198069363e+19,2.6358882572146447e+18,6.090728364799001e+19,4.710387568652072e+19,11824318670521.72,1.3590031666747294e+16,4115856409389.577,19322645829.6644,1.0399499247735664e+20,4.898347151876435e+17,5.119560862159664e+18,355271820032.8674,656993206615.5728,18828.585987908173,7.213024632822068e+21,2.4045817802793597e+21,5.835991540626032e+18,35195522591610.805,1.9524509952380804e+22,3.637744440761473e+19,3.3602297249111905e+18,1.2070515904834694e+17,5.591057750027911e+16,108498608287417.56,3.658968454080702e+18,35901637777351.79,2.0440362473837773e+23,2.11154056465147e+22,5.070191713585629e+19,5.785485252226207e+21,157178902104.69766,61198.35505426306,0.0675927748981287,2.352602261101065e-09,7.559463155151945e-15,3.1103153080875075e-20,7.905464715848036e-27,5.280772380565389e-10,7.563604822408614e-09,9.139775512222143e-11,1.661281777295619e-09,484.5473332373286,4.3708270781324944e-10,1.3967472293277912,314563764.3700636,2.0951543101696605e-18,747.9924884373401,20823069.851429533,18047238.59288559,1761885525474.2551,2364806.7799687423,3.66437141276662,519.1948187815556,67380987975.70413,7.072572620529533,313668.59806379414,2184291231128798.5,2028776994749438.0,1084901.2529058582,16514910590.954798,277813176.0914551,1742573.001983567,1236681770448.9531,5114131414875.499,223642805053428.3,1390243.5160572615,28408664.09041734,0.0,0.0,0.0,0.0,0.0,0.0,0.0,8.65608237928943e+21
2060.4750926867987,86554.10125145396,12.040460298984758,18.018686875840075,9.47024747071211,17.58901829578971,14.101878510873956,1518939.0510508926,729760676439.8888,9.212266242191172e+17,1.9595180024177888e-10,1114040185508.7195,8126055.243917961,8.908868228551356e-14,0.0004325991105739,3.161252516372442e-05,29.569606666458068,0.6782697185874765,1.028518189045897e-15,5.116308680214568e-05,2.2049450433878748e-17,3.133853832482115e-20,1.4355727662342197e-19,0.0004498214362734,219.429404853223,5.1290932079493545e-09,2.3696138623802266e-06,10887029196.127293,0.0992832301586116,1259826971447035.8,1.4067756897189562e-10,1.837419347626603e-18,6.619869323003407e-30,3.13423152983775e-28,8.804779518512469e-30,7.872401647352479e-21,4.1764156181514544e-11,2.787223050142767e-40,2.0613176632320105e-39,4.681254121362795e-27,2.391024553908276e-52,6.797407308657986e-24,7.97671033546895e-16,5.889575279828903e-20,2.8311578578816115e-17,8.1362634782298705e-47,5.079362960108628e-47,2.7036741560398423e-36,7.379736939461132e-27,3.61492008978954e-69,1.9227247661426182e-81,5.24598585578482e-60,3.404496099018616e-87,401965758.90121377,107736256544892.38,1.3534503547378378e+17,1.580407601057716e+17,4.032485868008266e+16,4.606601210199405e+16,5.985594862407419e+16,9784.608235108402,25692594142.309307,520592.5766867172,2566.6700374189736,1.4245708509237564e+16,8118327161774.984,9426808464233.096,6.406962615777124,6160.501761384356,2.1997192980246762e-08,3.1008757333559555e+21,2.436252899074475e+21,2.117810545126243e+18,3514460.693536806,8.000692637599968e+22,2.6291793887682912e+19,1.6030203587690609e+18,1.3635901955935458e+17,4.6923057214138824e+16,417238905425.94073,24996881430361.035,4312.380347070298,2.186212589160705e+23,2.468558101005413e+19,3.6138016935866824e+18,2.9258701092658287e+19,0.8475375211507491,1.4803570174577456e-12,7.584882811353205e-24,2.5438606512446727e-36,4.627994925402817e-47,7.286676147744316e-58,1.1909324812930288e-69,1.1017631994792413e-23,3.6751476471547354e-22,6.136150746030524e-26,1.818167142821537e-24,3.026053691794786e-07,1.8290735561906114e-23,1.412879152946086e-09,950.7540242115796,5.07460556471679e-35,5.922426974995582e-08,0.0858832835016096,0.0707469972860763,1136997.8255831464,4.401447981906227e-06,7.252049917520019e-13,4.6193793320377276e-10,176.74553076489784,1.9694342627491094e-09,0.0055625056464193,3950800579286.583,4277573403504.614,0.3943886619504508,166836.8333829988,1608.6395448034368,0.0627478293236484,7836644.878884514,199079235.5132486,18624363365.01162,5.53843613256692e-05,0.002244674405502,0.0,0.0,0.0,0.0,0.0,0.0,0.0,8.510682126699057e+21
1676.1195805855202,105331.8527387449,11.994409888099083,6.9669377185895165,10.948698968204146,8.587470244955252,7.065990902283012,233228895621.45413,1.3212181878983549e+17,52971.842155208826,114.56559833420212,1769460.3185847977,23609474769.88351,869814.4922242846,1564520764058346.2,52619580236920.54,3686350486.4710274,16146269449.051868,529920104030.7316,33035945569367.14,9.133550694217564e+17,8.25727026753067e+22,1.5842029190763551,9768607.876918448,252.45251591805763,0.0111131989104165,21.750453371067696,648279783213520.9,813977153.1785765,4468977615.731478,3203488061.36251,35056594.940116726,0.0058550142116396,110840007.20413196,262171165366768.0,151.69557295358896,1.686477079419836e-09,9.38233204054574e+17,38735781.87741932,0.1584236742958886,0.0001539950811988,188.98920868856817,3.4286299118669805,35146.48437874753,54.94680096781699,0.0008440212342381,56707.465058589245,3.5789137270059215e-08,0.0228349960075087,2.8943985129710023e-11,1.648532199577803e-23,7.494065914847934e-06,1.7188148056638368e-13,9798865366.723955,125480.7819040096,0.0022250120546911,0.002662901108703,1.905585764313419e-15,149566413685.2551,0.4676079775777533,565379606993345.1,2.92934694001127e+23,403106427312643.9,1141688572.7197876,6.689743280251919e+18,1250.2084966677323,7.398057006395141e-13,1.079364331326656e+19,3.593104628597993e+20,416103614312.3254,1282048.3809930277,3.108482449851231e-06,2.062201804805893e-21,7854882.762589939,6.194293354082382e+16,8.986687058024753,1.0334059170897455e-24,2.914349300740804e-37,1.2625712342901911e-49,0.8873678145403149,4223926.127919327,168.33991465985994,0.5438721997625503,337.51257500918393,1.830211354756164e-18,2.010147187819063e-09,1975659766.0835943,290.9484498089191,0.0001298207139951,6.5418391077710074e-12,1.2085841433210939e-17,1.4720275333070872e-23,2.6565737627428428e-30,1.484531888654293e-23,0.0002301417895758,3.159802625483775e-18,30.035825184549864,9.11624511422527e-07,2.2320188958249376e-26,899979544.010712,1300.8514579321904,1.8114663429987647,1.2078041957646644e-15,8619752015.802708,4.370798567121349e-20,8228783.113263713,1090135393733.8073,8.243340744072276e-14,39840417.71477818,23.018372765756823,1.0371901307564463e-28,0.0016801722788431,5.0839850876993856e-14,2.4122531135687124e-08,2.626407306118059e-21,3341.833733769826,1.452018216627003e-28,4.009619067988586e-28,0.6241069860830306,4.085402358052255e-28,1.662211431053171e-08,1.2224716131650537e-12,20104506.756427992,0.0,0.0,0.0,0.0,0.0,0.0,0.0,8.171150915554969e+21
2141.9957443991243,115361.175190724,11.966627319581686,18.434971118705775,15.634825780465455,13.056693082334728,11.654981492644067,8129637.938653996,1544701906722.4294,2.1259946932638257e+18,0.0012345864873416,1051048098.1236784,36137.63828991172,5.622879207882698e-07,0.3324525636408595,0.0276229561000239,18205.436202794783,1689016.779051278,5.365917629706565e-09,117.95525837043748,8.884098751351514e-11,1.0149624548380104e-13,7.599593574510154e-13,0.5047279572144199,184061.06091177103,2.744770346157542e-09,9.989898695336857e-07,1.45579703937742e+16,313.3831230334016,1.2360666118269056e+21,8.156025461567082e-07,1.8632203395352633e-17,7.14936113311901e-17,2.005183144989674e-15,4.324869434967379e-17,2.727115770184562e-08,84.80622375939382,1.5974426661072098e-27,1.284075706769723e-26,1.733436312227462e-14,3.0367979075964694e-39,1.3490418825514284e-14,9.862690258944191e-07,2.286414952059157e-14,0.0001233517603154,1.0693920925715415e-27,4.862684417360714e-28,1.660627804353261e-24,2.5141734578990684e-08,9.187748901054057e-44,3.5557138970648597e-56,5.982754344352552e-42,1.1746028555261255e-55,384629.4719593033,78241513191.15219,91550469745173.9,106457567870985.9,33078955381129.06,8.680788958656184e+16,1.4070930035791082e+17,42.28104362271408,43601790228.32645,448.2860872635471,0.0007889338768971,1.8779956617718636e+16,18607691916053.863,27174905674.281902,0.0252919870661579,4.144206437688519,9.309412356952066e-15,1.6728474551845115e+18,1.572554785576317e+18,2068382105687388.5,5.295480370832341,8760639610286045.0,4767620616014.882,544767313293.1557,55040394656.821,26282697631.98952,39.62878783652974,81587943193.57722,0.0303750945574035,3.8882974023333915e+23,5.604863100492433e+16,1.207966194739577e+19,7.343126379902195e+16,6.614894896619032e-06,2.9530139041872525e-20,3.8498738110627253e-34,2.999000467319172e-49,1.3534085777808335e-62,5.538431993166084e-76,2.2128667230437262e-90,1.536435070771059e-16,8.921155902626121e-15,7.460974770775364e-19,4.066097232831594e-17,0.8592302999987862,8.419050999808034e-20,3.5212172143799483e-06,4246933742.19082,1.1554018748901839e-21,4.579647105775698e-07,0.7809320584781525,0.4467307176230713,7305516.569457844,5.7851713802899876e-08,6.741016265432873e-12,6.887219026414272e-09,372.49326201438953,8.31556436519522e-12,2.692511840060038e-05,3061567943.38045,8406117624.636393,2.4200902692101444e-07,0.1305607340142808,0.0009255611509745,0.5301876945848721,66737049.16454327,928897298.9366664,152974312927.98083,4.471859842952307e-07,3.2249961166109515e-05,0.0,0.0,0.0,0.0,0.0,0.0,0.0,8.154845554791964e+21
1982.2391271983176,62392.67277833659,12.002849339232052,7.715571231135083,14.075740299684648,15.868531973513216,11.409373245842469,9814957.63286114,373133835796816.25,892.2258107604653,5002568887.829195,630724475598.6664,849208470995075.0,2528909771.513125,5.819326759939728e+19,3.721762597814948e+18,11555340014.554403,116536005.48098816,39605374374.301765,10613132.446799235,1236739953303.9492,2457357516803.981,3.597177942231629e-17,3.666971108315281e+16,55870531.08775743,481084729860.0113,284729695341914.9,3199417673676358.0,5894929726041.186,1179360.148021788,1.924130685110976e+18,6.929044154915231e+18,16656792850.008242,1512912595286915.8,6.232196849409196e+16,0.0004249669912658,2.093101010855744e-23,2086773223850.8967,0.0327076466814397,6.758667580118943e-19,5.17615166683101e-24,5.292892081317888e+16,23394623582.359665,1.329878612088185e+21,422027274.23965025,28758368564507.97,2.767929916450553e+16,15081654833.883877,56568.15874023429,111466003789.00322,4.465457386886986e-42,1.1537600715132031e+21,13194855976127.748,249678067149.08383,205.62735678582823,6.424238893566577e-10,7.533776878392903e-10,3.6200212169346477e-25,61275.6355116952,1.4617776214338418e-10,1172862728045724.5,1.8386964580299884e+16,401765869377.83386,3078899230.7280536,30567697.45583419,2.2675462947390435e-11,5.449857663494432e-32,939699963687809.6,6844730511563.255,23533.12927996238,7231308.76918935,1.08903137053737e-08,1.4238943698670814e-26,601837096074230.0,2.2541879259994388e+23,101441.71972211431,1.719001367989439e-26,2.828689324635389e-42,1.5995214055805863e-57,727880777459.8136,8308519.123319355,317401.16008832474,6.401330720455429e-07,0.0275986911299319,1.2699634713953851e-26,6.811009337878816e-17,2.4303232086164044e+16,7892852619752.29,7556021095.220984,520334.5236849892,1816.042052491846,5.229122827808598,0.0016641458575673,3.3604392763703302e-06,0.0850737388585312,2.402034173684776e-05,0.5090333225115423,1.236391840208833,9.396247749248442e-06,1847907252219.8137,6.781027953365101e-06,2163210.9866730305,2.151740828091421e-07,355.6090057800438,7.315065272466115e-16,1.5562615115714015e-05,6099394.468173423,2.4251699658847366e-09,0.001275943121339,7.07435117085594e-06,6.4189216549348796e-12,0.0212132766671914,0.0001723313170508,2.213069565605267e-16,0.0050679867932958,2245577.6050018887,5.1049841899375425e-14,4.3083187694594463e-19,7.195519951828034e-08,5.83756289488838e-24,4.0969004955830203e-19,84.91733320055606,2552518.4941518824,0.0,0.0,0.0,0.0,0.0,0.0,0.0,8.019186913633224e+21
1604.5859755970594,104816.09464449802,11.99739436934664,11.333448782068231,13.404107738625433,13.954712563421692,13.667939929018448,173332.0825807102,772185537751811.8,225887.92189713847,1505416.0836239213,866335767.2697779,2253609106757909.5,197539217.84157103,3.3517123649750874e+21,9.361374248430744e+19,1.5596519368474698e+17,200023156297356.0,2734729059464.718,7957764302743469.0,1.1869769969233968e+17,2.5579604175316573e+20,0.4969454880978839,697420255651978.1,395567491248.6034,1051386069.8511409,2909936593906.8,1.1327967035589164e+21,3.4431971957520735e+20,1.763722109074162e+17,3.902203105685366e+19,1.591537454637215e+23,6632747.188023257,4644703103091291.0,2.8039042332053127e+20,54660283743.72951,272.33133900861856,2.417825286155493e+20,128030547379.02509,225498.18773424395,0.0007810739063601,1123357151989936.8,575216717292281.0,9.99139771419747e+20,3330093777928.6426,134002918917.58496,2.4081372873878298e+17,1416477484040380.5,5365322663109772.0,341094685.0713776,3.582464069267073e-10,1.6149795052125e+21,246712773756.42584,81102372735.13792,22175753.068078313,6.292578433495249,7.574846670496737,5.895174234404096e-11,14709634898.056751,0.4812060982162928,9.708694938269102e+17,4.051788822183145e+19,67195265392502.96,383431294709.89233,1.9029783852539468e+16,23.152074461378387,1.7025057560520562e-06,3.660987047591117e+20,1.4861934803781914e+18,26775481407.96176,20052768455.722244,0.5397530729941814,2.8572025156304445e-15,1612616315774895.2,3.045577965238256e+23,309087919.45403683,2.9774151231316597e-15,9.536104595564715e-27,3.701194873603957e-38,2455620630.7982135,9012474000903.342,97963729335173.72,48.28503145379882,17448406462.531006,9.425389902235645e-16,1.2990039938251956,6.922486762561401e+19,2.189623572331397e+18,2.117983848412248e+17,2633918302828376.0,1094408952522810.0,281365756210246.28,11642916328904.758,7.603477937415181e-15,3.5462294495126587e-06,3.4034972905530946e-11,0.0088406686459134,1148.7818705371435,2.5591745913674853e-14,165953373467.0488,47026.2285876985,5723.310815992579,1.3375696888573597e-13,50.449686855623,9.23954665265334e-17,1.130083216951705,3035879663.5653234,1.2141012373514654e-13,0.0019842298331313,70.76919621342677,7.183926316658866e-22,6.379529500129908e-07,5.771137656665363e-05,6.891775653730555e-09,1.3245525193325658e-10,7914.574704004391,1.160867227632247e-16,3.229271579219237e-23,3.317123047879209e-06,1.1052277936251825e-21,1.332294798876765e-12,0.0060470242672261,2895384.8965148884,0.0,0.0,0.0,0.0,0.0,0.0,0.0,7.987466399138851e+21
1276.1856756887628,71872.21331911748,12.02208379982638,4.144739410464508,11.453467418189073,3.569940227563982,10.582221690455489,10330524.635366004,48780627981486.6,8.843242254174099e-07,1.1922409552499091,0.0031808438500931,13220930352705.27,6906.889354101208,24605955705501.215,223981442580.96613,47.334161542184304,130859.81807664232,21863817241.112785,471955998.4692556,4.071061456975572e+17,2.710563423447811e+23,2.743314212350114e-16,4107.544270879051,1.8529147741759005e-07,9.540461516647698e-12,2.15427240173064e-07,3596496802782.7505,1838875640159.9104,52.97701746624445,1.6431288462526698e+17,1.5203496150218524e+22,0.3566491619635871,1094802233055.6968,3.1198482429319553e+19,4.459767912340419e-06,8.883548661685621e-29,1.4396619820059836e+22,23772.79141474996,1.37777505100988e-16,3.6279666013486995e-18,376.1086869281272,6.847837237612884e-05,1176.7027213941428,3.0750963792962023,8939.900548963946,9703448225120.115,1.4444778480190673e-12,0.0020487363892342,0.6685357072357015,1.516031731218e-40,10.39345706397452,270.29472599138984,11.386833727134231,2.0587760521215616e-10,6.914375286059171e-25,8.618485219460228e-25,7.734924133303607e-45,14.280452747496184,4.2068572511017183e-19,3.1759993253818195e+17,7.403967324578207e+20,1042950.2167476251,0.0001146518594344,18074657521.757748,1.1464394421536629e-15,1.296109200883945e-36,1.184300644238856e+22,9091755366639.451,0.0011091999690184,5.4558038317706676e-08,1.889863726817556e-27,1.7983932422093862e-51,263885.7969288499,336110920.8972958,2.756645127936149e-17,4.321751408052957e-59,2.1104135810980404e-79,2.908669574840817e-100,2.4189505899834025e-17,4575.094567942283,167778.628964814,1.0631225997403873e-17,1.2605391694116626e-06,5.3611087851699315e-45,2.503037536721769e-25,8.161454193709166e+18,2.0809355192099485e+17,1.736705555277583e+16,406025322927129.6,181747168243997.12,34577689221682.164,1726915833065.346,5.656656187789642e-32,2.491980803261041e-09,3.6196159469976904e-26,0.0004782076484063,2.3194615211323457e-15,6.790671272707333e-39,100751.60886493608,2.7846743155955427e-09,50.35559690476693,1.025805870658277e-27,1090.0015740884835,2.338116192537119e-38,2.783818441773302e-06,6008224471509.745,8.482356460090977e-27,0.0265259655910053,4.836091223428241e-13,5.4998513718521705e-47,1.7155399555311443e-16,6.237582818477259e-32,1.6525984778142167e-31,4.403847319994191e-40,3.6332842850397806e-11,4.334333485133034e-54,1.5043272929275252e-47,1.6617861955804345e-14,5.161411003019608e-52,5.388507210950455e-29,1.8511578642854047e-15,68718002.34144369,0.0,0.0,0.0,0.0,0.0,0.0,0.0,7.877427566314512e+21
1469.9774757068444,64320.53385377336,12.022686907264069,16.936939043699955,11.28067422719664,12.881177954387049,13.8245905767468,73.99140686929411,3614804929.2726593,3332940669025278.5,9.478468702334466e-19,239410.32669782,16.358536648789723,5.976767113824848e-21,1.6076061491292057e-08,3.0131784265374646e-10,0.2971656217730251,0.0212252313848067,7.145107618915844e-21,5.23395011229063e-05,3.344739812715691e-20,6.914682625376892e-21,1.1803128534940834e-19,2.1259265347343125e-11,0.0060259553870617,7.548216438009155e-20,4.4013841656521095e-16,16909760705.150503,0.0002771324815416,1.3995887397581012e+18,2.3466501724159232e-17,1.302486885066369e-26,1.4929862733549647e-40,2.5758538335961595e-35,1.730420541623246e-34,3.907874270368637e-21,4.149418380001889e-06,2.1744168110882095e-43,1.8176078011309048e-41,6.2990422152904e-24,5.691920291338054e-54,1.142336745491622e-33,4.997253620729385e-22,3.7547939797164136e-29,2.5359403423872433e-22,3.046310038947002e-58,6.682727953878819e-56,4.938377661780705e-46,3.410452933634375e-29,2.0338076094124333e-83,1.2365434664159875e-81,8.166617700650565e-74,1.1087635033413002e-102,1025.1397796901304,131636453919.25883,9478247927765592.0,1.1552229148293704e+16,9960543454903762.0,1.9320316555754216e+16,6.429959723623278e+16,0.3685028834871952,17840674476.482056,56.62837232204708,0.0018702555039994,3.6218063858670505e+18,162265414822148.56,1.8369491692050864e+17,0.0088949544249393,130.97270054400076,1.1698788766954813e-13,6.16354505219506e+18,1.916138565320933e+19,5790945011282899.0,0.0776110714298873,1.521007180842791e+19,663820620583342.4,37303292227790.43,14572985758276.744,4126292055266.9663,46.09657770482623,33852306049.90849,0.0255180433477155,3.1638823151239543e+23,4.039539243413426e+19,1.7734317316229706e+17,4.491058986837827e+20,6.584815738403404e-08,8.665885661099195e-23,3.5647187885490138e-37,2.4883816070760297e-52,4.758274654690926e-66,4.920017275708788e-80,9.760301188076098e-95,5.6686577069409856e-39,2.51418070628079e-33,1.8548642504333795e-39,3.7007932457914533e-34,1.1326354504622919e-12,1.379624329131898e-40,3.0965383420887175e-17,246.6578326418237,9.298856662477932e-46,1.5775269050330406e-19,1.8947000895471565e-07,4.010044386018563e-11,2430.004283464406,2.5845420137916108e-12,3.9228784875827155e-24,7.835513892311519e-17,2.1145650274227203,2.6719445917769043e-26,8.172717366679607e-14,79670.26698271325,569892234.1483161,4.469723673077559e-16,6.598934419651932e-05,9.747425213589378e-11,1.1919795193464892e-13,62.796464747948974,5.053002007321947,5610065.534214657,9.572174594036651e-17,4.062173218013684e-11,0.0,0.0,0.0,0.0,0.0,0.0,0.0,7.7786047232102e+21
1849.6589182196997,99636.59942603964,12.02205262964816,15.92155576712822,9.000363957255503,14.322095080967433,11.074226773938271,209662.04921805556,3634035371980.17,2.343846394025727e+17,5.5096074229658135e-12,15896412156.479973,12879.298460843504,1.1784752615337016e-13,0.0037847725680866,0.0001881378635148,1574.90141606288,45.43800469984747,1.1354760765000972e-13,0.2048305193543418,2.4991809973485213e-13,3.242251843858953e-14,3.324996121507345e-13,2.6718978101908624e-05,97.98993302189926,3.3837640931937277e-11,3.199558650814448e-08,99164733206.31192,0.009676167240222,9.138279851006366e+16,7.04227452228759e-13,2.4150659941527136e-22,2.593248077446025e-31,2.794600763532318e-27,8.229573910465692e-27,2.0239118910253023e-16,5.257045049257539e-05,3.677612931404174e-34,6.677156962282433e-33,6.937673062818496e-19,6.3500732500339655e-43,5.154337004215068e-25,7.77900629895167e-16,7.160003462956825e-21,5.3008998272443594e-17,1.2328700382485647e-47,9.229253339161202e-46,1.8200589147403482e-36,6.3815437284660895e-25,5.405684201041755e-70,8.021211108608332e-70,1.255298246299935e-60,1.435959815164238e-87,259246751.75255224,497477083009857.44,2.4340177569673236e+18,2.8774206308386473e+18,1.2808346250177492e+18,1.0128416775874684e+18,2.131187479782478e+18,797.1164217776418,11675547566790.877,21757276.75645575,28418.514480572263,4.312920564288865e+19,1.4758705097264238e+16,1.1918846547748096e+16,32.382009350592625,25571136.186124343,0.0002106487838829,7.37262877361536e+20,1.06195575479214e+21,8.422688369219977e+17,1713.4289749606835,8.67889150776194e+21,1.9837772261839124e+18,1.8164659594590576e+17,2.920040056101171e+16,1.1802375474510758e+16,841227378.4428434,313112884073.6187,0.7507216122982053,3.796051318877328e+23,2.875304721828532e+18,2.977108027735402e+18,7.945235580349927e+18,3.467311196323968e-05,5.089730742677105e-19,2.224373587221285e-32,8.350865572295603e-47,1.39862269767874e-59,1.7679374645260205e-72,2.7751776072371948e-86,1.3842987710870884e-27,3.773696772273738e-24,5.482409642119096e-28,1.1122985988270644e-24,6.621515501139542e-07,7.658859091568648e-28,1.5905602282380242e-10,15202.75235194802,4.4121597852875526e-36,2.939504976558287e-10,0.1126374534275416,0.0020104266991665,13148996.614580108,2.627122722239561e-07,9.813187370252244e-14,6.52003360460277e-09,300000.28028347937,1.5251166031229482e-14,1.2282137242677343e-05,15313421768.11566,1377625163017.3047,1.1861204602999205e-05,1038.6022836230768,0.1846467582833859,1.580583975273702e-05,827764.6128187737,927537.2344939152,6858725620.120978,7.098149433592066e-10,2.198719826490927e-06,0.0,0.0,0.0,0.0,0.0,0.0,0.0,7.765003468757523e+21
1204.198891063014,91265.76132675663,12.02486994763531,9.976409651526032,10.982186573440384,14.04523965711422,13.503454985453631,19227.429444909827,1918698235539.156,748.3999706589108,5.712766495524598e-06,8584.193054747871,55181583048131.16,0.0088363530942504,1.575735914776156e+16,103379989868738.88,386139111990142.94,12688409648.30079,12061.771405505426,15104734934764.863,116624281955.7158,3.663770172811551e+16,0.0005720776783066,3698897.802621303,2585637.22772666,0.1365414152177497,5707.1183876641935,6.253013347396498e+18,7.049577627541578e+19,1.501095877325839e+18,180993869843153.47,7.895693194223786e+20,2.2693422374222376e-10,714.0941399315941,10909805746.036146,200306.39582129073,831.8250481046867,246086489086.51416,2443.61670449699,2841.6668068135477,3.2450079499844114e-11,43.0824203630611,187377.9204348114,20461782048.56197,145.7255572398871,1.752672927457461e-09,1.092354496827462,30.4744580753654,711467.8924496886,1.3853952285406357e-17,8.137961917891989e-21,3.3922553377444005,1.3851072668433285e-18,7848839.410855939,2072579.0808412037,61.81074479295478,77.83325125538703,3.142524551747083e-09,5324753868.366901,0.6537289635816702,3.78246589779561e+17,1.3415737273794142e+19,250657873961.8441,915201808.2183793,4.44014495897947e+18,512.4643569157364,3401.4645238649296,4.767218750093712e+21,1.1079651865550924e+18,294213237.92987335,4341672917.210916,0.6959799761699973,1.735229580434301e-15,40526713840713.07,5.017469154023792e+23,85213678.72021039,1.4564023447851089e-15,3.4867155500792117e-26,1.5305116024327126e-37,127842.82068712104,301129778974485.9,2.9676182969986765e+17,125.02814694176708,1517930033521850.0,9.332233973628199e-17,1731783.8012246476,1.5381206201655393e+21,6.950199512225756e+20,1.0523801725581348e+21,5.601233490142755e+20,4.853911646733509e+21,1.6042747537720236e+22,1.6026483833381457e+22,2.928205650298391e-37,4.827927769061274e-17,7.038174709862322e-32,2.878388982012197e-12,1.323762948983868e-09,1.3910559456823523e-36,1469496.98509804,204882.1272015078,5.933698665299619e-10,1.2239275606534745e-29,0.1311816883011912,3.308988536964953e-30,5.702037786649217,50291575798.78404,1.7050301890012147e-29,2.454160097082017e-07,7.891051499688876e-05,2.691576121323715e-41,9.032246260105725e-13,1.5993166169103642e-14,4.472913641133206e-07,6.780516742298496e-26,45.820040739431235,5.844546241801249e-30,3.8388668958924226e-39,6.326578446711698e-08,4.241927591019036e-33,1.6188855060431136e-12,1.3762457123512216e-14,1805532.01299255,0.0,0.0,0.0,0.0,0.0,0.0,0.0,7.560955101650022e+21
1841.8853845096812,78282.55977872948,12.01419753421516,12.553500944251269,15.9434702926421,18.12807941103562,17.90084488048598,34588931.51926778,33836704206009.742,36145830.30907427,90031.47844710555,73393444498.32018,3.105980328874388e+17,19673.7317480147,3758589037308094.5,183886728348884.44,274996274732.1731,1455432830.732186,198279.5823125796,67699221.86233698,4604534.3495127745,6272506.731610513,1.7711085334418502e-12,2477608476670.81,1611805422.24251,15770515.45595039,15360043275.49423,3.356361264771884e+17,8.548549042776255e+17,54997418822231.85,3.3722288739841696e+17,3.1324912424851163e+21,81.3521851727521,9559131.228093192,297288674.4958967,0.2232082900057758,1.8134311444004494e-09,1361.1800493177857,4.1862668185489305e-06,1.3560224483765588e-11,6.508156123246283e-24,914443318.7854966,250234242.62512985,71278534312059.12,3183861.15534849,77.43305373314915,61520.88772253358,60095.62113831435,138781.96821530288,6.428918412874646e-05,9.676719423134592e-38,4610114.95321817,3.375976118224522e-06,12206990691.108652,4146331.8037314904,3.5023378751279917,4.142443960872913,3.079642920998475e-10,1636081695.0311298,0.5731568597076,1.9709370295643872e+17,1141252974119873.2,10605145499.390938,72166702.34105898,743958399642.3352,0.0406883356212495,2.7141327394077267e-08,8.273898551658131e+16,131332167520.01268,53.72075944679771,623831563897.3721,150.3674298443353,1.939390652942875e-11,2.165646277577516e+17,2.3970722005417415e+23,8810548992.916286,2.1853637548531827e-11,5.887562871521185e-22,3.9095867183202817e-32,108487887619.81926,1341999544773784.8,8.48802189549959e+16,10341.205215632806,2205066394341.42,1.2835989818721118e-11,1029.8902177185546,2.262887732968292e+22,8.583653313509763e+21,9.70019084310089e+21,9.522551314528896e+20,4.13700460853916e+21,1.3489555969706574e+22,5.50210038935997e+21,1.0111977611340985e-13,1.0586215191415409e-05,4.161391539867054e-13,3.217656803359562e-05,0.1029280368053633,2.9419916437751053e-13,2709759720.8404007,1538.1527403534706,0.2559706338652041,1.150084364291713e-11,177.6298311327834,1.3793616899566594e-14,3.701521662679219,11472639478.611517,3.835199728345278e-14,9.884557192151532e-05,0.0002460995869998,2.8855491062904343e-16,0.0093959314571261,0.0610980647395164,3.4474488969130975e-05,1.3058748488557056e-06,4562607.4946583025,3.506672309191209e-12,1.0239594351634692e-17,0.0220304302840833,1.1059966214187427e-16,3.136472006916908e-08,78.41618503560369,9302231700.09498,0.0,0.0,0.0,0.0,0.0,0.0,0.0,7.469378520237021e+21
1601.384530643083,91606.44688770812,12.006886261103736,11.353075441067276,13.434373775585176,13.941294210878592,13.639611021450849,121241.8769809944,599562342628783.2,146862.83614007768,1987437.435919698,751089077.9900086,1666073070537777.0,213043754.098217,3.599870849051482e+21,9.967335001213592e+19,1.1702105991645731e+17,158042661905436.34,2440461458743.139,5164956472767766.0,8.807219186954878e+16,1.57403681518039e+20,0.1401017842679384,893521133043688.0,355798646547.1531,1223643077.8485205,3442159941790.1846,1.1423331565652168e+21,2.6815089947517177e+20,1.250342307050473e+17,4.23659145692568e+19,1.3616903984980806e+23,12625434.495797956,7484728150702082.0,3.759249450375918e+20,35520344532.41786,86.93006759703914,2.1416643295799493e+20,77640150231.29013,67047.93477021118,0.0002073294028839,2071825477368374.0,753607954416364.8,1.777674113931829e+21,4639937440500.767,376231500682.3361,5.637225494324219e+17,2514734823431894.5,7826051710181293.0,1371276817.7006476,9.826813700599055e-11,5.979396780518549e+21,1453459764800.15,57380013466.568634,11000420.805596955,2.159270346108487,2.599981209133722,1.3746204510842558e-11,7918810782.031278,0.1756651893575109,5.874418103426806e+17,2.608091015491797e+19,39115950409303.45,206780473697.5084,8573189315205122.0,6.917471487583551,1.9420276518774954e-07,1.8209496249537423e+20,7.188392109461051e+17,9438474436.189129,12421450478.440031,0.2273489049939603,8.058119761139512e-16,1107816511007957.8,2.6371922916797654e+23,178101837.44089973,7.790676509933711e-16,1.6985910044237434e-27,4.438118846695339e-39,1855679311.1874096,4681563126410.196,39518491580689.13,21.984447497925785,6392637144.4523325,2.830740528205871e-16,0.3254291840324231,4.030008560474263e+19,9.789208120644118e+17,7.274946138821058e+16,699316303158619.9,223629198633012.75,44117603720298.76,1406276553432.47,1.2157851363703848e-14,3.345236836463272e-06,4.4867838563982665e-11,0.0068443017240498,1149.9004109156203,3.809631372080451e-14,157644532804.61566,23546.5578628955,8106.734148083495,1.2160837564211048e-13,27.783176039045724,5.858821118810951e-17,0.438270848814969,1332554600.51492,8.90740088788264e-14,0.0008635384921716,32.252106383938674,7.193770327974545e-22,3.876179929977536e-07,4.457703453560328e-05,2.1073790267077887e-09,1.3049469524236488e-10,4697.028787351081,7.907948933815598e-17,2.4580528560482337e-23,1.545407828871638e-06,6.02492744617911e-22,4.281608653308119e-13,0.0054872853689085,1547640.9819288724,0.0,0.0,0.0,0.0,0.0,0.0,0.0,7.447528319032226e+21
1260.8720913408,52946.050948376025,11.991735921050164,11.247003700518851,13.09457009035618,12.385066456524694,12.124182964230489,48308.72440883932,72434814222.04602,0.1387027978125969,8149.662818735624,1.0275567475338103,155188782389.24463,103447.88759009022,3.4396263435168576e+17,2929455997669397.5,180011422240.9648,766102436162.509,790924300.317778,6320272055701.123,36936817173697.73,6.049318979362707e+16,2.8082483319147837e-12,21478754270.38131,274257.60699939256,0.0230986630976521,591.0330635138472,1.3209827416412235e+22,1.1114198792461351e+20,5.564638403926838e+16,2.976657310178601e+19,5.288874631093245e+22,32722400.473888204,2.89251844071589e+17,2.080552714048155e+22,209811932.64370796,0.0003254586665463,4.269154028915405e+19,16463795.34988851,0.0073678707870868,2.036820365870453e-15,26160719589937.08,1472364126636.3645,5.994435015106166e+16,109866341368184.5,1.3065633844106426e+16,3.629686368857826e+22,251067021614.27167,3.599371289231814e+20,1.2514032471395376e+16,1.3181315189331393e-18,9.656876557074277e+22,7.704070138804657e+22,7.988143300761136,4.039969945267296e-05,3.429864370935143e-14,4.2840343804886556e-14,8.4650850425913e-29,5433.9197081947095,3.4705432632022096e-11,8279899986900.904,2691532194543407.5,1692.5260763767303,0.0001000683243809,18106046888.894096,2.1037953363876718e-10,3.202785744341268e-22,709696089262110.6,36825727.40719676,3.979040737221405e-09,5.68702328265066,4.3627136959974905e-14,8.189032538231089e-33,1701241.5080024817,103433417611567.69,1.5953178474170587e-06,1.0693298175131143e-37,1.1697726799472845e-52,3.309143751143675e-68,2.540164856672728e-09,15258744.07139383,9587114.446259111,4.617723996289675e-07,1230.9983841101707,4.0906700326057416e-29,5.6560158140379914e-11,1823994374025636.0,732138579194.234,966400535.365903,374207.3939848003,2684.4106877663144,8.006233283532195,0.0064508014443306,2.3409170149867267e-26,9.329427737338225e-08,3.517977132446166e-23,4.0466260187339395e-05,1.160018778760395e-06,1.5663876160916021e-30,3825363160.8036504,14642.934452870611,34473713.880500205,7.12432168444779e-29,0.0083766712146709,4.354919037163686e-34,6.174368892959615e-06,960066.9565051086,1.175495462141676e-30,3.4681662087006686e-10,7.612925604083422e-14,7.485098664314778e-43,2.6175729394324734e-16,4.914988385916749e-22,2.359081839211028e-20,5.0909087772869785e-33,4.4550498414312665e-08,1.2629758942401635e-41,1.102223163026529e-40,1.458814556525064e-11,1.2423379316257675e-39,1.1676680165841792e-20,1.4562113118393937e-15,4833.5980258058735,0.0,0.0,0.0,0.0,0.0,0.0,0.0,7.247305487720612e+21
1260.8720913408,52946.050948376025,11.991735921050164,11.247003700518851,13.09457009035618,12.385066456524694,12.124182964230489,48308.72440883932,72434814222.04602,0.1387027978125969,8149.662818735624,1.0275567475338103,155188782389.24463,103447.88759009022,3.4396263435168576e+17,2929455997669397.5,180011422240.9648,766102436162.509,790924300.317778,6320272055701.123,36936817173697.73,6.049318979362707e+16,2.8082483319147837e-12,21478754270.38131,274257.60699939256,0.0230986630976521,591.0330635138472,1.3209827416412235e+22,1.1114198792461351e+20,5.564638403926838e+16,2.976657310178601e+19,5.288874631093245e+22,32722400.473888204,2.89251844071589e+17,2.080552714048155e+22,209811932.64370796,0.0003254586665463,4.269154028915405e+19,16463795.34988851,0.0073678707870868,2.036820365870453e-15,26160719589937.08,1472364126636.3645,5.994435015106166e+16,109866341368184.5,1.3065633844106426e+16,3.629686368857826e+22,251067021614.27167,3.599371289231814e+20,1.2514032471395376e+16,1.3181315189331393e-18,9.656876557074277e+22,7.704070138804657e+22,7.988143300761136,4.039969945267296e-05,3.429864370935143e-14,4.2840343804886556e-14,8.4650850425913e-29,5433.9197081947095,3.4705432632022096e-11,8279899986900.904,2691532194543407.5,1692.5260763767303,0.0001000683243809,18106046888.894096,2.1037953363876718e-10,3.202785744341268e-22,709696089262110.6,36825727.40719676,3.979040737221405e-09,5.68702328265066,4.3627136959974905e-14,8.189032538231089e-33,1701241.5080024817,103433417611567.69,1.5953178474170587e-06,1.0693298175131143e-37,1.1697726799472845e-52,3.309143751143675e-68,2.540164856672728e-09,15258744.07139383,9587114.446259111,4.617723996289675e-07,1230.9983841101707,4.0906700326057416e-29,5.6560158140379914e-11,1823994374025636.0,732138579194.234,966400535.365903,374207.3939848003,2684.4106877663144,8.006233283532195,0.0064508014443306,2.3409170149867267e-26,9.329427737338225e-08,3.517977132446166e-23,4.0466260187339395e-05,1.160018778760395e-06,1.5663876160916021e-30,3825363160.8036504,14642.934452870611,34473713.880500205,7.12432168444779e-29,0.0083766712146709,4.354919037163686e-34,6.174368892959615e-06,960066.9565051086,1.175495462141676e-30,3.4681662087006686e-10,7.612925604083422e-14,7.485098664314778e-43,2.6175729394324734e-16,4.914988385916749e-22,2.359081839211028e-20,5.0909087772869785e-33,4.4550498414312665e-08,1.2629758942401635e-41,1.102223163026529e-40,1.458814556525064e-11,1.2423379316257675e-39,1.1676680165841792e-20,1.4562113118393937e-15,4833.5980258058735,0.0,0.0,0.0,0.0,0.0,0.0,0.0,7.247305487720612e+21
2878.774578877309,89962.0679717043,11.965477594022133,15.11649569128218,8.010933557028153,14.138070612458035,13.830403394164694,39430076267.20182,1.672126468074804e+16,4.931720026535517e+19,0.4646489873982136,1305737540433670.0,72659674996619.83,0.0187684378183882,25401.90870721782,4816.120515477466,35699795.11223864,14589647.695253372,0.0045106182064258,55304.93307832553,0.0012403172762975,3.0949250463826773e-05,5.6233060273548456e-05,5037.509182839444,30642478.664192587,0.4323704458612902,33.94666103374834,25569466491830.98,19770589.049617756,3.2556976362389524e+16,23.612913569897156,0.0027819455775005,2.2926327863354857e-15,1.9426687903979169e-13,6.806230638688696e-14,4.0792636404843046e-08,0.0491603347433206,5.298019326322609e-20,8.114773667001689e-20,3.2541861437758856e-11,1.2861303042823616e-27,1.4454595076319435e-11,5.002724144872093e-06,1.2240909531999295e-09,1.2419465312421411e-06,3.1139519764858023e-28,1.3953383341036676e-27,4.440895095567822e-22,1.5149118554039327e-14,5.41747342587648e-45,1.248135475963697e-50,2.4951405364160868e-39,1.353171078254191e-58,45129567882499.65,1.6622939525627837e+17,1.3569211578357854e+19,1.5342046672210285e+19,1.8779609919977487e+18,4.646547626731945e+19,3.4391973953341956e+19,6084772800472.064,9664665105764448.0,2322994878952.836,10026608051.447931,8.684447240167794e+19,3.3954071092261664e+17,3.591601734830621e+18,178417958700.40573,386276717919.734,7486.223699818872,5.925520106977614e+21,1.92685666905218e+21,4.112426053112019e+18,17950038948516.637,1.7857716152156757e+22,2.817004241840001e+19,2.2068924191814003e+18,7.705189408187894e+16,3.2759314923543064e+16,62450344666156.02,2.3751118288620093e+18,17037238867570.834,1.7878705108318387e+23,1.6848003463262589e+22,3.569850632351007e+19,4.6468413822172345e+21,67642036293.63155,17841.689757922402,0.0133774514455081,3.2907855777651697e-10,7.25464456172508e-16,2.001230150741315e-21,3.517428964789695e-28,1.1205871674987784e-10,1.830163748704387e-09,1.9359226348986952e-11,3.95818648765122e-10,200.27784922425735,8.846313618714097e-11,0.5317925980537334,174137691.6615395,4.063321043621837e-19,246.1429224610616,9247211.256472468,6838716.273349365,959237867949.7278,919369.9992504002,1.047218273274319,175.50021790545708,35978708163.11345,1.9069223202670051,115378.42635296518,1279888697709869.5,1217082628466567.0,395550.9085257308,7864251401.075341,109443608.3222275,619422.4831879947,633471959951.1418,2471209376572.663,122729251533826.92,484203.3740066218,11199437.95876572,0.0,0.0,0.0,0.0,0.0,0.0,0.0,7.212176566594714e+21
1420.4477808312977,103238.210175417,11.951656216422904,10.393008478461882,12.43768964728933,11.662203442127671,7.938220998770161,2212263.3322155904,5710826520785.819,60.44322445002221,1827195.9437588209,784.0075389919205,78701445724.00449,47954079.98398888,5.929373142324317e+18,9.41522953927826e+16,7823422264715.522,30036504838394.184,304326233426.7672,342867635248808.06,8299553236813746.0,9.522566331526724e+18,2.499054551791836e-07,1149643982211.1304,25617897.546488684,32.644791318232,259621.7351182928,1.271830376456428e+22,2.314666504161379e+18,8.491043087998709e+16,1.6552053518644756e+18,1.4990270340748515e+19,2976744120.422119,4.21937122626888e+18,1.6745632277538427e+23,16986875661.854856,0.1041999977484006,3.0108519714584265e+21,12255121908.95227,23.80971885110125,1.4355944160349381e-09,622090908631535.8,26703863497586.86,5.1336000359229664e+17,880268916892503.6,9.658088295365774e+16,1.2979594249128388e+23,4186225588426.6353,1.828362496643055e+20,5.8875154796633736e+16,2.438323292574599e-13,1.224165355360786e+23,4.533256439618222e+22,13679.908799693269,0.1344102201416613,5.740154483415471e-10,7.03231539296095e-10,2.5484047034456202e-23,1882619.204749716,2.5393056364246605e-07,7638703455884.036,1.5493596280701434e+17,3602754.065805067,1.3827773930120952,2322998294520.1943,2.7670101092265204e-06,2.270509281108427e-19,864638505066603.1,47938359013.21629,0.0010129556625334,2208.278608227475,2.93310554322484e-10,2.8298451417289473e-27,4584474.650754191,2415037237333969.5,0.0029897633022765,2.175692207781491e-31,3.7222692334770944e-45,3.7214575087881963e-59,2.7319559667452065e-05,12968695.300979557,120356.11059004578,0.0004286917659261,1326.170370735619,5.7586057398534875e-24,7.01516486589307e-10,5079092329698.276,66585561.496444225,2755.5166063973147,0.0217139558840501,4.316616331471085e-06,4.3892390578425247e-10,9.205819577034592e-15,1.563651260606973e-20,0.0002161898857891,2.5338964060632638e-17,0.1438605294373287,0.005403545531983,4.8453584020888584e-24,150921766327.22592,534414.1481822362,1789337529.3542576,1.8743686116347791e-22,11.596016689619578,3.290256085400537e-27,0.012338089081079,3175333.5245843907,1.5360444428955337e-23,1.0616260739560986e-05,1.2318603850323852e-08,5.071086202437894e-35,8.254687032066897e-12,7.107116886672076e-17,5.26432096766696e-16,3.089488562272796e-26,0.0002114228962908,3.9648019389508015e-34,1.6209458031811796e-33,5.3625407603864584e-08,7.861602125591277e-33,2.6859116306289173e-16,8.49234360392932e-13,10910.73495413753,0.0,0.0,0.0,0.0,0.0,0.0,0.0,6.796374299530258e+21
1323.9873574737858,92173.36868176852,11.962312959044317,13.16175839024396,13.147677468079747,15.02358537588626,14.531519752628002,92113.9081498744,4727557306219.2295,1430357.770935065,0.0058705125129309,580114.3337007648,542666662714352.2,1.036997428252885,2.8774730185950372e+16,319217754137920.44,1.7425616678760638e+16,2105496665555.7688,74920.97901157146,203773524022166.12,28469098576.224163,409842347165111.0,0.1706773599658911,284433341.3484744,3591801226.7557726,41.36305229739574,644261.2727648474,7.367824613037742e+20,5.670902829573912e+21,2.946718043498624e+21,2950790829035440.0,2.5972929911154766e+21,1.1637971899909132e-06,48357.6991268289,27606936965.133305,451709254.255268,766755751.8508751,14875642524.789991,12177.670280840664,6180729.783881426,2.2489925320420947e-09,17745.11119289852,695784495.2013618,889086113687.9337,1088277.5331484252,1.1612021825571391e-05,242.25567615061792,278939.31449967436,62493533975.472984,6.625846511387407e-13,2.6283741142714698e-15,3329.3449403410195,1.220902951074013e-13,65013835.54505328,340676621.828766,448279.9225584093,555340.2357637495,0.0029445788386224,520152516217.103,9472.512379157435,3.8174765024390195e+17,1.5728488559841518e+18,154504921240.69836,681199395.995181,1.1630074442415704e+19,752755.4419683127,942431696.2073702,3.7645241177239165e+20,2.7888748843292896e+16,9733001.028479785,1885410186215.492,37903.56872797747,2.9550602575585146e-08,407932749205133.6,4.490651095674412e+23,34769172033.24805,2.7619116132640927e-08,7.571162017520277e-17,7.593758868086629e-26,5014266.68254493,5.194278553953449e+16,2.542028492596757e+19,5133201.037632089,3.621193839310734e+18,2.991636529121681e-09,366447315237.449,3.2660336940497376e+21,1.4294236534667432e+21,2.0204387958591867e+21,6.974659400030547e+20,5.084353122868558e+21,1.6821601919727831e+22,1.3413326561093016e+22,1.3317719490461151e-30,6.830783565753309e-14,2.1136932978094408e-26,3.6403422835783406e-10,6.412874689575443e-05,5.763285523474716e-30,16795172.89823114,1125957897.555668,3.6471853920531723e-07,1.0236994909562767e-24,0.6958597232263911,7.660517143591467e-24,469.0593949376582,28750814910.836185,3.409054576852096e-25,1.0956149747466168e-06,0.0274164727024465,1.40926145549366e-34,2.704753411315087e-10,5.3262121537284205e-09,0.0128634951079673,1.1625022745161296e-20,695.7978030691714,4.52190996195994e-23,2.514479139437128e-31,0.0001402881249887,1.5499356974364122e-24,1.9116608524096057e-07,2.6856098634934385e-10,12017232.0723198,0.0,0.0,0.0,0.0,0.0,0.0,0.0,6.512254967275735e+21
1473.8094011677294,39114.4553981461,11.967876601898045,14.143958613979356,16.94995282172766,18.708443623945744,13.777322110850994,191.79008899931964,4225793540.396657,67.1711324447783,36596.83432821248,29606741.92938855,1225992666751.356,250.97601395078792,6.855822720141929e+16,1300992671436940.0,23060943983.102097,15160587.12259682,320.44517774270344,40338.04855697979,1591.0366652666778,350.13491061966994,2.1641193227283633e-24,86487466994680.69,442908266.4723944,35530727.05265955,202444045885.18707,1.046709733488864e+19,1.2079825071088004e+16,15622105051027.734,5.837168210798575e+16,2.216920298798191e+18,196369.6638417379,35025548099.3214,249313309817.84055,0.0018820812966635,6.555711752140986e-16,375.8806944414647,5.88303971614311e-10,6.703769054026312e-20,4.3353756123844615e-36,158634301591020.4,1233181662901.1868,5.539804775735979e+20,5679302889.216754,13217896452.165426,3063933392612.7466,4575953956374.12,448121249600.3025,30344997.423419356,3.5235132647974965e-46,1.3957609589690485e+21,55062331001.49298,138092.64858918823,0.3210041220268269,4.2645081900704856e-10,5.19564911583682e-10,8.480426736486303e-24,415.48115316370166,2.624668520960809e-11,29958468753.119923,22216599708.567886,8212.603473696334,30.521102543352132,81860.74252613587,7.183993544398218e-14,1.8616947171242387e-27,779509273.2925314,20165.549417071416,2.325197917138081e-09,13435020.05311876,7.896875920415e-07,4.611580644621751e-24,651816066095.732,1.902636722841454e+23,161871.39959188006,3.336029634183246e-24,2.459638360053509e-38,1.3356116179937832e-52,70620688.67933841,45791329.5745628,2411972.8120287834,0.0001156347601455,980.8617561448976,1.2794695430327562e-24,2.0453517843032447e-10,338112018817970.3,31588137617.074444,9217617.035642548,452.5435884358655,0.6123672964006754,0.0004499375706768,6.308436361834492e-08,1.0681474695853941e-16,2.4420905959395547e-10,3.752225085888597e-17,3.8852270090068503e-11,0.0003703858561298,2.9053327521374927e-16,300718973.6316567,0.0070418370974635,2.904761567637948,9.4422523908885e-20,5.631047554651404e-07,4.378297653096655e-25,1.2994802406413028e-10,0.5174851122418982,2.598516897142906e-24,2.654750819510548e-16,2.4581721720080985e-14,1.7250003869753852e-24,2.6134940127362815e-11,8.132235486023089e-08,5.776902500348937e-17,2.9818694464469218e-12,2.2031691341512323,1.2004990594543726e-20,1.2302541844912352e-27,3.1709938385987953e-12,9.161942592757276e-28,5.248592869736607e-21,3.4354485506528976e-06,7.531700037694169,0.0,0.0,0.0,0.0,0.0,0.0,0.0,6.470323414755566e+21
1331.403436924672,54697.888363687634,11.997404717431085,13.595903696372224,9.156813660175631,6.6995605469689306,9.373821008898291,149.0844485471017,9169184460.317495,384743975648145.94,1.3175400683777444e-21,19.37451979744948,0.0020815571527885,3.8009128873105795e-22,2.2040201170434312e-10,2.5180614389296802e-12,0.0281481217489169,0.1386473634747947,4.295594446440497e-20,0.0215023797120578,2.5112372841347932e-17,5.609928156432556e-16,1.2842248872404588e-14,1.4564632450530332e-15,3.811839688453153e-06,6.034644945812201e-27,8.894729530105466e-23,25808279983.58237,6.564650465257941e-07,2.129542099850265e+19,1.772366289641744e-21,4.8154188331162874e-33,4.350639715914543e-44,2.616546694646124e-36,2.2919433999536504e-33,1.7043043384514882e-18,0.1258118415697883,3.4074025779546276e-39,6.293931508468913e-37,1.3952591541078145e-17,8.076110967916353e-47,1.51994714929845e-38,1.1878545153149357e-25,1.7715174999607546e-35,7.322798612357058e-24,6.702061442372601e-62,2.1321324284983944e-57,2.0124824866132525e-52,1.2953070982073757e-29,6.506212799071865e-88,1.0908824205848768e-73,1.8311746541282683e-81,1.8889060732207552e-107,3.55987509616631,3885837722.0944576,1114049782304747.2,1378852488771082.0,1693252757482000.2,2.1841790912284227e+17,9.273936212434737e+17,0.0023770224720698,4743137890609.613,13.488419149878409,1.5857799062091562e-06,7.353590370714966e+21,1.1956459999676013e+17,2.1049324378838426e+19,0.0037479674933938,3753.92990158941,6.474400306507243e-14,1.2313270498411268e+16,5.717619180570819e+16,10838526671646.217,4.1333292889221174e-08,310551576689488.1,5970776302.002847,268885152.0706624,169427581.44847414,40595199.086208954,1.130773700347542e-07,41216203.65550054,6.54713866603737e-08,2.8888456779387436e+23,5.866088517058253e+17,4.308321369523588e+16,1.3449342170141217e+19,3.8807491176989096e-14,5.723379003216464e-32,2.720747145155186e-49,3.094965714676655e-67,7.5437779346523695e-84,8.427275999654799e-101,2.240240124119238e-118,3.2273495089356606e-46,2.3129494822533289e-35,8.112135801922888e-45,1.9850205229526e-34,3.916173439181357e-15,3.665388893115166e-50,1.1454169263727052e-19,12772.94321535818,1.7940868905427327e-47,2.402915471557189e-24,2.0878121898816535e-06,3.815589705899863e-15,289089.5782627219,2.569327461179641e-13,1.3620510124738523e-27,6.004037611630462e-15,28.363160829710154,5.9655431784675275e-36,1.4550452309840366e-17,0.0340465549773484,27746473.12224486,1.0719683345332895e-26,8.356039564424647e-10,9.096906894902698e-21,8.189884041619029e-20,56.38850828811415,9.793827279949554e-05,16915433.48468421,1.0634243120433774e-24,6.68332485774007e-14,0.0,0.0,0.0,0.0,0.0,0.0,0.0,6.294402464943149e+21
1329.366522334268,52028.14086857386,12.008231686744606,13.500139471089565,11.06587688102644,14.478209944895786,8.871705191770225,5.645443141338334,5471938734.053428,111721177658397.84,1.1651492395659273e-19,520971.1120371921,0.0049559582309672,2.1025303705470177e-20,0.0003726945221905,4.2238566156211625e-06,14772.563793899444,2.4870086543472403,1.5039497303248926e-18,0.2425173492944115,5.59019503699087e-16,7.921450720538483e-15,1.6483714004751322e-14,3.843868409213806e-09,3.137170889649535,4.4727667435204755e-16,6.692886193121845e-12,769141705800.547,4.8517612133802234e-05,1.9815659807826258e+20,4.117880904739431e-19,2.8268536923206303e-30,3.691583432331578e-40,1.4353839443187148e-32,8.000045716290689e-30,5.696437403822317e-16,4.075483142424036,4.610620559385659e-36,2.5947573152873975e-34,5.5681819679713e-16,3.81608028485784e-45,3.8444469105482006e-30,9.46988182589877e-18,1.3301414448840064e-22,2.0138353093454035e-20,5.570934035564647e-56,1.1295802804857072e-51,4.462614178852125e-38,1.0995978741628782e-24,5.1590649850062455e-80,4.653539416423446e-69,1.2675571120905911e-64,1.4591471789252652e-97,59812.55684763154,20331671938227.188,1.7930358200714184e+18,2.2197837831783288e+18,8.24620457746646e+17,4.016506271295012e+16,5.149567073790923e+16,0.0035458991429549,1794528457543.952,142695.1934898092,479.7522066352945,8.648539338627339e+20,4160364723330561.5,1.770926836473745e+17,0.0035175511879691,25235109.146282535,7.520654051518144e-06,1.0490591683288506e+20,1.474696061932354e+20,8344817336209971.0,0.002821537117592,2.559121560011512e+23,1.4603145131832092e+18,5927693456745257.0,1132238185007832.5,81374248281368.94,2522036.8692947575,30617244.356139597,1.212070139839356e-07,2.6091598390181803e+22,1.3644996589541208e+17,1145441987859438.2,9.520878331590696e+17,2.332294061216239e-13,8.484922599847923e-31,9.955016359578211e-48,2.810554061315198e-65,1.6934627583667848e-81,4.664046158353303e-98,3.0674087448967736e-115,6.4696037419166265e-43,7.895772812918278e-35,1.0257804584762208e-41,4.2549956094374825e-34,1.6600314618735876e-12,2.1104260979573932e-42,1.2074124585896995e-14,4538.536708901694,6.100458782094104e-45,3.1507231019591356e-23,4.7768301916033927e-08,1.5501366209495964e-14,2067.641994778797,1.4998895173850646e-14,1.1045508203336691e-26,8.333653975293426e-17,48.277591181326,3.480198565936825e-30,1.4835243396332262e-14,6754.269258376427,2803353513.5358076,1.8901055159428199e-16,0.0255775203382509,4.9321629615333926e-11,5.2244386082072e-19,0.6337303395252836,0.0001983807546901,58313.05318856294,5.810314413507939e-23,6.209666217815151e-15,0.0,0.0,0.0,0.0,0.0,0.0,0.0,6.028697302333615e+21
2434.0256165279056,58295.45689560914,11.999735917206571,10.949499757526391,14.470247793118537,15.778889245026662,8.619645387321414,716726411.0352687,3441287788069478.5,333202689.88654345,3847093493728.061,110066506117371.22,38558044780775.47,406831643187.32214,5.1121612146935505e+19,6.262664914211197e+18,17883903501666.45,908182142899.8688,501637311275.95135,11643792873.729534,877641748122.7087,120001092347.7774,6.115385402345002e-10,1.0561353825714484e+18,2002931422378.2969,76824501636866.48,1.3595629486356378e+16,5.137041741409254e+18,17568548802345.54,2149261534038.0369,2.292727072200253e+16,33512492675226.027,13481801729018.371,1.7922582256522572e+16,4.027747974580427e+16,1327.3621371949716,1.2933358631737614e-10,126987988054.42342,16.561256351752384,6.896266164241223e-10,2.1941877968422052e-17,1.8920838979938885e+18,407835871815445.75,2.879760534985311e+21,18700600530960.383,4296114130516187.0,1.677670177414766e+17,122732821153552.84,269818175836.61597,32835877515257.51,1.7425892517817138e-29,2.803539747433209e+21,1262571464618426.5,9672078814115.4,10670774.303973729,0.1266764565541476,0.1454183481450292,1.0330338875430878e-12,1690431213.2651937,0.0672424828335811,9514122627387.066,1.1413511668497116e+16,1889177120551.6855,18518271751.992268,28540283459.66261,0.0019034589501816,1.0298997938275494e-20,999939667886.493,1913531315536.7576,31017.633651155946,401000531053.8508,8.138819864994863,4.739316123598279e-13,26639260813976.29,1.6771678331287607e+23,5308349420.774807,6.404655851460049e-13,1.3807305422298612e-24,2.2257028902747224e-35,62547058511056.53,425739943.91846174,19007.882980779264,345.4444784136838,1218.485123225007,9.116582240479217e-13,2.7205338545835512e-08,452532872847.3436,406824.97927935485,1.0548058317038316,1.236843612187261e-07,1.0279127385245502e-12,8.961282873879278e-18,6.295082656037635e-24,9.92975183313694,892.1310215098614,7.323913079194779,718.7939752996996,1286837.015273169,23.756769752612183,44313866245736.28,390.6220267712867,1121938504.7092347,0.0967395516062399,77551.48664697682,6.357871312630933e-07,3.1469161441940012,200949.06589225016,0.0005749225264108,0.7079247832883824,1.0127926365347184,0.0001528180897042,215.35855614244443,4100.342080940291,6.829765303386184e-07,1612.552722965043,522054105.0430837,6.378287340874867e-05,7.932159251047904e-09,0.294073666830228,2.8622905589273947e-11,7.544276352136031e-09,5427.214087315763,646106.8935812621,0.0,0.0,0.0,0.0,0.0,0.0,0.0,5.781767853011088e+21
1225.2500561452823,36211.240629593034,12.0219138650761,11.277942441427488,13.110192089974973,12.36885494564848,12.082215199366692,21898.78262277769,29113461105.213417,0.023180450965612,1854.584941167044,0.1811021702780059,52931871025.77098,24288.246022068044,1.8614162546500208e+17,1349309905738508.5,61847340922.435165,274724764953.28012,242581714.5596078,2595647591560.4507,16216254522335.182,3.626488469848596e+16,2.130573820499126e-13,6956107142.745421,62097.457108098424,0.0031555943010977,109.32825747144416,9.925045107567205e+21,6.461859213538883e+19,2.9964574659742388e+16,1.6621725229917465e+19,3.32216764394467e+22,8693703.16634952,1.5374185980806643e+17,1.6079516401461184e+22,58244317.56044015,4.1195768227139266e-05,2.916801113372307e+19,4935109.027091386,0.0009880312588025,1.3004978427856062e-16,9683422380653.77,471510377237.5412,2.8426165967545292e+16,44197422113216.68,6133448713485859.0,2.562595861688204e+22,74920156252.25133,2.2084113817583187e+20,6128902831744304.0,6.656255888030638e-20,6.435832254789314e+22,5.982096187355231e+22,1.4212058840919637,4.880984536067639e-06,2.2025960638044733e-15,2.7649539475281917e-15,2.0778953971886253e-30,1198.9607975153135,2.80491144734344e-12,3010636000814.732,1459923950322369.5,354.3020670083052,1.270142136954523e-05,6429527192.604031,1.8197683079313676e-11,1.102559726392081e-23,299005235778278.4,10906038.334424067,3.6919331126030857e-10,0.9619168451804104,2.8459416722981947e-15,1.5569671611806404e-34,370043.4013262639,44138264442256.91,1.767214517659942e-07,1.2636547462605736e-39,5.4845339240167116e-55,4.9782599366403205e-71,2.1833378200836063e-10,3670314.272303079,1967103.9666231195,5.1139997613986055e-08,224.65490044729668,9.968835967628133e-31,4.42817761040717e-12,685149896762951.0,191119870403.6195,177346053.01990643,53982.54238340032,281.07093031608736,0.5768522562221782,0.0003428171319718,5.5288750389142575e-28,1.4101372352148986e-08,1.014124503470922e-24,6.7998040808180094e-06,9.945616988463621e-08,2.4452904349058156e-32,1629316565.9867356,4211.523418758623,12866927.50148331,1.5903653487098544e-30,0.0019495433494236,5.9592407281403195e-36,1.0522084424116008e-06,304408.19735162443,2.1582342080919347e-32,4.511836739386713e-11,4.364460455058937e-15,5.687717716266261e-45,2.1405344091362525e-17,1.4774863495519397e-23,1.3716939773835982e-21,7.094723250369636e-35,5.842323348389355e-09,9.29175132436929e-44,1.0200874177176988e-42,1.7066566401993714e-12,1.152370772395218e-41,6.85153211136159e-22,6.593641049728614e-17,1361.668608767244,0.0,0.0,0.0,0.0,0.0,0.0,0.0,5.607351493412132e+21
1437.83948396775,52040.10382118563,12.0041561462554,12.696559539029916,15.74547719278088,8.241836586576962,8.811364772681728,17032139.81341494,4756693837.254174,6.916712306021424,4390896.995686391,0.289584774875779,3782370529.2620735,67788.73041595505,1199209457105.3523,20210320719.87878,110709.19228158168,2147170725.0442317,231906.7027481845,13877537.824685693,3297279.2178564137,2006983.5703340971,3.96361477360636e-22,471969294.5567871,710.7380344690766,3.592131837889196e-06,0.0255550942122763,1.1622842577899604e+21,7527734332652251.0,519579003902308.6,9.227346304374248e+16,2.590193520786773e+16,9404527078.818695,6142882236776917.0,1.2645938768400486e+17,65.69435207797082,1.885713508676233e-12,842691787.0022641,0.000275292621553,2.5293227068151778e-15,1.1990864281613288e-30,338950467582.84863,908113110.816279,49722388430.13701,141276822376810.06,3.4379685704197203e+17,2.3658226607196865e+20,39702.96683887504,2.070688239500144e+18,2.8806633386366925e+17,1.5133814459053554e-36,2.030966384024524e+16,2.6072488125557497e+23,0.0029951480552085,2.008323140562648e-09,6.413109647945062e-19,7.842247096824286e-19,2.4046560427196434e-33,115.6335513695678,1.3371342193112842e-12,213296102.92863217,68703219928.57152,0.0004419422745539,3.975680403078708e-14,71200.7813098784,8.458483681829161e-15,1.1062135567088642e-31,13607057.749430109,0.0030795994736275,1.1597270725371744e-23,0.0489610350097259,5.4705864951999895e-16,4.929169794955816e-34,50.636947736312784,125215147.78635596,1.5104568538211326e-11,8.79821889034957e-42,1.2548941617431158e-56,1.1301286672205124e-71,4.99089052944171e-16,41931.54259236373,13.34626498078895,3.3767255534084385e-06,0.2809561277069081,4.695787818066792e-27,1.2027715592158495e-14,7614738216.126702,3694.0657947528466,0.0056366665508175,1.571432967237328e-09,1.1383482592531802e-14,4.302809660682955e-20,3.268752358155211e-26,1.5126645324040663e-20,0.0034653957123037,1.3547637748509851e-20,0.0013170868523615,1.143155443529179e-07,1.0632958206290564e-27,321071579.47421354,23627.037150498683,28584024240.677948,7.917307819676507e-26,0.0677719656988668,9.841153497198503e-32,4.780685600276835e-06,534.1308716451358,4.150354797865992e-30,4.5781848509790187e-11,7.684078243962456e-20,1.0430323946331123e-38,2.3218230565471903e-14,5.19963985296408e-22,5.875911501250892e-21,9.884863009586569e-34,9.720827228501576e-11,9.511877543628517e-43,9.416697920540291e-35,4.014483252475711e-08,2.6978202916927046e-35,1.5343136346074253e-17,1.500031599582379e-14,3227.0045389172196,0.0,0.0,0.0,0.0,0.0,0.0,0.0,5.520848616131081e+21
1664.1975884807212,54404.21582153504,12.010771582326058,11.125188305605151,8.259210202629578,10.519699719325034,12.234486210880837,18946975.3050044,6899970952492591.0,55798112264.084656,0.3279397388156077,372275772.42013216,5.848731978273106e+16,154.7679322868363,94205791628530.23,3075241969040.8237,299089101037239.94,4557805666323.914,6124761.38424301,590732427608945.9,697099176716.7301,4125039070732325.0,115682.71800555248,8660326.423775772,306708061.9396223,2.432149830499798,5032.54010102479,3.3972669144981243e+18,1.2269319880104448e+19,3.2241610690761912e+19,32731838021297.574,1.1042629237906698e+18,6.490209681455863e-08,86.30346084300523,13508395.951547936,13859934.630636534,286056718.60141206,180449922.19805685,9365.060904841564,70647247.91936849,0.0001561075585375,0.6451255563288323,16701.810268378442,36401.124028195605,963.1474082196956,3.917633096004459e-11,0.000175533754197,0.0001872362088615,2383.5496323586885,5.077673062932549e-21,4.84331012647182e-16,1.1674117529268363e-10,1.2342451825433226e-25,127699144234.13832,2231231517454.7153,51534557628.796036,61734385966.73365,54080.87546037577,1.025844923766976e+16,39021132609.00372,8.762780346653316e+19,1.0002779522502902e+21,334679782080148.1,250290022267.12335,3.098261625487361e+22,6527160381101.995,2.1079299724781972e+16,1.0624275144489351e+23,1.9652493122784616e+19,328157423845.2485,392666323415828.5,1169414443.5996196,0.9035860865023558,5192820924909539.0,4.4550698241245656e+21,737062797619.0211,0.1201776241022887,4.1776195666639714e-08,2.1477167939883702e-14,13728917.647198398,1.4383195641864405e+19,1.6808564114183312e+21,778535594161.2197,1.6002932062129008e+21,2.899197042162393,1.1931603086921352e+16,1.5053249431318729e+22,6.255328016577648e+21,7.887196570490457e+21,1.146768692704956e+21,6.022323811572188e+21,2.0638305149217898e+22,1.0620483465650425e+22,2.960254779965446e-22,5.7597354513086903e-11,4.0422488592447935e-18,4.7492887972446907e-07,2.091339691466739,1.195390521080536e-22,79198.80882960961,788662739.6705749,2.0179216385607015e-09,3.91319583273201e-13,38372.69658374419,1.8978481945920713e-11,50750640.965991706,15564772108329.734,1.59171300660437e-12,9.838100220814075,49805988.75525492,1.291664850943538e-22,2.8919498688998308e-05,0.1198699637820043,837.8109143723289,1.0618103847470794e-12,18214.628124427556,7.634724642087466e-14,2.6188597194970052e-18,58.04438095289704,3.915987693424893e-12,1.9947299643352652,0.0220848034998426,4534497389.1718025,0.0,0.0,0.0,0.0,0.0,0.0,0.0,5.45174915222983e+21
1386.2852899719949,34361.72996897942,12.001050227389907,15.391524764696657,17.65140281520328,18.124629341019244,12.671095348314864,47.910799449999715,2609710430.0663733,139.40527115084265,4364.211574326262,2291071.3775852257,89017516094.30193,106.32160241002236,2.653628485292709e+17,3732352622579287.0,2200722570280.033,810994182.5319116,748.2465586809292,9290225.945930231,24226.485271561764,31850.88981805724,1.3760631655005567e-20,38610249040841.52,5805754631.999129,6160426.976279106,61490357120.274734,6.610736008269157e+20,2.5113997762560992e+17,3.0347380175839504e+16,1.9723314577825324e+16,4.940549359362662e+17,58041.67600567536,125604138463.28972,5980831830361.077,21.88090141497643,5.814320013097585e-09,80573.5252017042,1.558963976109877e-06,1.2852665265876356e-13,4.129991910220347e-31,167379083018172.47,56996648992855.625,1.7915470836150473e+21,207173907710.1823,21044850475.0409,34828233170474.227,660368078356604.5,3790819448208797.0,95733964.98116668,2.4095921860777423e-37,2.9018709752801296e+22,756143939389.6029,36531.393929794925,2.373655508703173,5.566498463254334e-08,6.845297511689286e-08,1.058852997502596e-20,4857.026656292431,2.722084011751901e-09,8224518350.371677,80527959349.8149,9862.634066976038,27.954599393133662,7777874.538166385,2.8288338706674893e-11,2.295535243079726e-22,942966975.8104752,154388.68481141856,1.326182457703796e-08,55415782.15002731,3.178763657176834e-05,1.070755421747502e-21,39845248952.06407,1.4805842804221705e+23,586881.9009654139,6.197997102177804e-22,4.6661221447047816e-35,1.7528117614654013e-48,5391425.91151043,99859182.3683931,2085125.598418475,0.0064242214892921,73371.11489455125,2.442023079343595e-22,1.813951314255692e-07,15676957712848.314,396115720.9904755,31832.276950819298,0.529905314028937,0.0002095355512445,4.0696434367098926e-08,1.718721822206251e-12,1.7221558825398114e-19,1.4967888033975494e-11,2.941365613781039e-19,9.812616852135092e-12,0.0012593942860837,4.2114295876707424e-19,245732100.3202778,4.704183933141686,1.7781647031615169,2.4674739028503035e-22,1.385502286544198e-07,2.6562226781813817e-26,1.0337406233932343e-09,0.121916139277759,1.5824769620993643e-26,7.421064916290843e-17,2.4040415006363993e-13,3.52824181803695e-28,5.338545319431159e-13,1.2330800283174164e-08,2.0629792476514447e-15,3.658208349450913e-15,0.2103405665767389,2.563464555112949e-22,1.0746355628690749e-29,3.7299240427056575e-12,4.624470524588508e-28,9.839792362649956e-20,5.331857513605976e-09,0.4215189420857933,0.0,0.0,0.0,0.0,0.0,0.0,0.0,5.424556182620556e+21
1445.0773583974035,49844.54135854412,11.98263617150812,12.710149312264312,15.717516966231305,8.226023779408914,8.809317894707727,19132409.620207664,5281346810.168316,9.26203467395306,5394119.809549308,0.3738012108705398,4272424335.7488713,80201.45396546085,1242507222761.0486,21456254332.516636,125604.92996197131,2435670763.2107325,254964.6551766625,14925804.168673314,3323008.889045725,1867337.7395757048,5.2724911958007685e-22,545962028.5781752,887.5985068610985,4.704511940850218e-06,0.0319775535315491,1.218350604563671e+21,7882794733491038.0,585773868589148.4,9.505150549423811e+16,2.5189990882490704e+16,11089886116.569605,6313186810387204.0,1.188896756727603e+17,75.43758623783735,2.5489326112773196e-12,755734173.3865938,0.0002859585710114,3.106296222971043e-15,1.5077759612823374e-30,377837639699.7042,1057867041.9550992,53048884313.03941,160034207194962.7,3.653320774139455e+17,2.2875682162444354e+20,45678.84743547528,2.2121674783403016e+18,2.9925459617404614e+17,1.9938524626184855e-36,1.9892791083251316e+16,2.483586239573305e+23,0.0037350096382347,2.7145216779193143e-09,9.75340078985028e-19,1.1917891721921496e-18,4.325203891098333e-33,143.6355070731201,1.9763752501212306e-12,230857993.0713088,70523596814.42145,0.0005202769193526,5.0160363883608573e-14,79632.12627870959,1.1975641655312512e-14,1.808989166822416e-31,13937231.834559215,0.003329457715716,1.4374187319789733e-23,0.0649978814925482,8.574980711137545e-16,9.521524291714592e-34,60.80724067111344,140444560.57750726,2.1243548152630176e-11,1.8142945973444704e-41,3.044317110961704e-56,3.3290269180541338e-71,7.088223114895866e-16,51038.27574760622,15.984347503920093,4.91824681176814e-06,0.3645470729724006,8.791181644383508e-27,1.8137707005121526e-14,8141487029.9451,4009.043352822449,0.006200325249368,1.722649254138725e-09,1.2587451561991364e-14,4.838613714327885e-20,3.6986240733291926e-26,2.6278628260858502e-20,0.0045093579199398,2.2095012249390783e-20,0.0016306827165533,1.616937107772914e-07,1.9533226265392577e-27,354803015.35182154,29151.83259613204,31877668821.925003,1.366257654118984e-25,0.0813724141085273,1.868672445776144e-31,6.148233761172469e-06,587.3308522821964,7.138171871988069e-30,5.808185344578636e-11,1.1000900473326445e-19,2.1741887731975054e-38,3.3513489401928794e-14,8.998876328974567e-22,9.332401980871096e-21,1.8672557039088e-33,1.2975882995784482e-10,2.0240799364801917e-42,1.9606930132674398e-34,5.649065710168961e-08,5.739266525804393e-35,2.4495328953057768e-17,2.3084781886159803e-14,3735.87014963233,0.0,0.0,0.0,0.0,0.0,0.0,0.0,5.148207934573983e+21
1264.9760330570523,37845.63847826763,11.966871059286747,14.92408871479378,9.33162505470368,14.673785960727583,12.932088520719272,0.0219123742925317,235924515.7740727,80989596530479.61,5.0338750769188355e-25,32718.733896533005,0.056765029381807,1.8733831973098227e-26,1.4887641565609431e-09,1.2909639619270984e-11,0.3920019441590512,6.3287050209213e-05,4.090198502950035e-25,1.5130440091545166e-06,5.399398905999344e-23,2.5127723848196595e-22,3.360483210250671e-21,3.3461005092105486e-14,0.0002126680961207,1.0395256218876216e-21,2.571454874454723e-17,341522358.6289332,9.59283468035126e-07,7.141155062951318e+17,5.396175626603386e-22,3.0699966086926784e-31,1.0402452274864992e-49,2.503929129465976e-42,5.082196949797286e-40,1.3142346442735436e-24,5.089953613848921e-07,9.151660389191235e-48,1.8504626205353784e-45,2.072271266685967e-25,1.1263018949411221e-57,2.1026185583135935e-39,5.751772514487174e-26,1.229515936306565e-31,1.5948373652922299e-28,2.0410233467201868e-69,1.5939700518101449e-65,1.3581277268562085e-50,1.248328027522685e-35,1.0189056643136524e-97,4.693234949116722e-88,5.2290892141040847e-82,3.1201065446297303e-119,747.5330972890417,1887873292672.1064,8.225582062345556e+17,1.026833005592208e+18,1.0809251413763804e+18,9049864204899894.0,3.0921051014697816e+16,0.0088470483610281,24942834777.035603,457.6059776513823,0.75055741094781,8.412837809004896e+19,547306305824345.5,6.852548854655194e+19,0.0021946412500731,28180.86361309243,2.675386162773631e-10,8.699920304912707e+19,3.5499198413555945e+20,3.6569187526590744e+16,0.0171655922028591,7.828219930978205e+22,6.712391538243674e+17,1.3210547324830448e+16,7662835293641070.0,1176951618508698.5,60313.36074091991,2775324592.080828,0.0005758314020673,1.350085697466307e+23,1.1043150456264596e+20,6772647103844976.0,2.66702326474576e+21,2.141256448180324e-10,2.903934827482147e-26,1.2934537625080607e-41,1.6691314221382274e-57,4.026050354741269e-72,4.061602850806854e-87,1.0983844557598898e-102,4.483838330906674e-48,2.504581150334937e-42,1.9388811987435424e-47,3.1584333131183146e-42,2.7074443757524513e-16,8.243320207992288e-48,2.400001246147105e-21,0.0836819582425365,4.38113536591928e-56,7.715625884179816e-25,1.2041014479923214e-11,2.382136037764954e-15,4.39467413140781,4.32496435012551e-16,3.8280489806916176e-29,1.5650939566961918e-21,3.071971532915623,8.151987373542636e-32,3.7704361054416906e-18,21957.516876695456,80736362.25646909,1.3593653164361869e-17,1.5970756940992428e-05,1.7320737829457518e-11,2.1407081927033273e-19,0.0036805744474643,0.0011536220117925,1521.6925510870888,1.6069960211320753e-21,7.499738984428007e-16,0.0,0.0,0.0,0.0,0.0,0.0,0.0,5.10306797759389e+21
2499.8489474664016,103867.60047380989,12.008856464746666,10.583951773292474,12.605191412973696,6.686260869956852,5.588000862777283,2241464914048.714,1.2301501258069288e+17,34031599730.134804,260303845943961.9,1778241048.1874115,5305253754022.493,636830796281214.2,3.911207684447141e+17,5.163199102093626e+16,7545098838376.23,5.170637868123421e+16,1.6210266957240798e+16,1.4668929480370346e+16,5.637657400771063e+17,1.570691391500643e+18,41.65665251928725,435979183854391.25,43851232578.988304,345064.27819010813,53148964.39649771,8.788764075097784e+21,2872178157097460.5,1.9312356329322627e+17,8.498488418592098e+16,9957371027023.082,2.8865779381546828e+16,6.537203715868821e+20,2.9144783629114617e+22,3030542548335.3486,855.3967094648206,5.3768976371006185e+19,463607821237.3243,54873.00558078686,0.0307701342486983,2.5240255815579776e+16,257662425235845.0,248203324353260.28,1.481875109651853e+18,2.3767459786561257e+20,1.7610244769393242e+23,19927886932.62934,2.6933267967478473e+19,6.216338141052303e+19,6.3655137596409e-08,2.434786860623108e+17,6.6190864085049305e+22,3635818872.38821,214321.37387501416,0.1535872103084739,0.1758638521955136,8.821582432329919e-11,3536040409350.096,10065.19914473282,29704130836632.227,8.266044560700276e+18,15423980748.63933,1389.7677362471272,1118580258289161.8,6489.577599109055,9.166051980968732e-12,68448908582007.016,312813348972.3729,1.5046359183916342,292809441.06688577,0.4147316370874712,1.938401292660934e-12,32569971.242779285,12850855604471.012,34.407015335453515,2.367871006742035e-17,3.56165809409815e-27,4.36509720892655e-36,0.07416349147474,3067010338.506772,12369.131522242533,1900542.475100336,445750.5604218956,4.560447465707129e-07,0.0006639811696048,4984992102.460038,447.966031384168,0.0001158292138038,1.2829782255509936e-12,1.0477176560550798e-18,9.239635237652423e-25,6.318018453836569e-32,0.9191585586235403,154894275.21986747,14.43961880159967,2728720785.5281515,68064340.35070144,1.9263537815274982e-05,33937686637567.023,99056390444.7891,4327980131076977.0,0.0063455466076697,7577061007.722014,2.3214546699706027e-06,15714314.48704095,1393413482.1919205,0.0009709157298702,2135771.4544670214,1038.0269036720763,5.102373183438263e-12,10.551952110156924,0.0031792051064284,7.776454810098515e-05,2.9163521204935775e-10,147.35257533022124,6.987092655907606e-16,1.488518815927525e-09,75100.29793071043,2.3786721457056446e-10,0.1183496127687108,0.9097184052573924,205588884.780655,0.0,0.0,0.0,0.0,0.0,0.0,0.0,4.847711894329543e+21
1664.6347704536115,57831.57024810755,11.967993849527945,11.89465557322658,12.40516267721746,10.59389090479505,16.594939724979927,55371774.526613235,79819658757376.42,469771305.16741514,17.663886887665818,4976647.534492932,7.385041276996693e+16,95.81702817032716,766107151292.6394,25036286344.102356,20292281630.323036,23400081785.343464,43512.582320997615,34835236260.125084,56796297.48000658,3855626896.7449336,7.586618120841029e-06,6147487.411295984,1815247.64462922,0.0229436220229705,47.376878470393166,1.50947269530661e+18,6.845602365114832e+18,1.1942241355874398e+17,2196324419282607.5,9.280732586540542e+19,0.0001862073288661,2833.1886597548864,5085305.305531884,363.4873760775694,0.5217469279366539,8985.92508145893,0.0039007515195747,0.0020469914272277,7.224206421119783e-17,24.397473422468053,5258.503507784095,18155.836733994292,22918.296009558933,5.9697257445687614e-06,0.3066434717066863,4.155043149637269e-05,25081.825708522465,4.1250586749403367e-14,4.416052344235221e-29,1.6518433525612892e-07,5.3299535968375666e-17,19623933.72879727,2859301.5512036653,551.6646443015828,660.8284749185477,4.84687581732457e-06,991000858347.9778,31568.037857005187,1.2714488829419758e+18,1.3275229858560822e+17,590612513.4839613,5855.2499751152,3.429672925393906e+16,60678.90055182919,17099.956476688894,1.7704424673364582e+19,397767107218.44714,1.016878319524163,43669089737.200935,1088.7341346129033,7.056313133453367e-09,86886771553512.4,7.820142837994244e+17,1086071.6102880116,1.2438801466189082e-11,3.6193426335741613e-20,1.5596722194506694e-28,32.18932360374837,1.5140682548814586e+17,2.2202800463613604e+19,54667265.00148948,1.4037227563153296e+17,1.71081204127331e-06,8755446998.247274,2.380909385801549e+22,1.2432711135318564e+22,1.969782308727005e+22,3.5959777620617824e+21,2.3724131046431713e+22,1.0217605654039522e+23,6.604721637070184e+22,5.5718740613676035e-21,9.042022001764482e-09,8.734914557650052e-19,8.564474877456618e-07,0.0037307392864763,2.980837177193169e-23,163086.4249983617,8526424.471136766,1.6787276132638426e-05,1.5886666264339054e-15,1294.9779005726546,6.42935997145906e-16,14274.290864039818,656951174014.1025,7.438933565818152e-17,0.0038321875159397,0.2208247367348297,6.070347812650692e-25,1.129533399609422e-06,4.641291808844172e-06,0.0022688066023352,6.564890112544029e-17,9.367937602007911,3.9432977422608393e-20,7.737955156397936e-21,1.4237728551566586,9.622864253218752e-17,0.0004088628582901,0.0097281603959479,16662555148.716778,0.0,0.0,0.0,0.0,0.0,0.0,0.0,4.789273232946082e+21
1389.6398022598378,24049.303810426,12.001818769551402,14.061678078018852,10.885382604807358,18.172014867712782,12.33613162049445,1618.5264914146378,1541466928.911425,5279628199081.504,1.815871870437414e-18,2327150.969514683,355.5815794879938,2.433591210337698e-20,5.081622984472641e-05,7.234899564100642e-07,14.432546593836788,0.0059488519149189,9.254800503981632e-20,3.719525922663194e-05,1.6081741320274593e-18,1.1387535797501093e-18,6.299717014988543e-22,1.3937438723100761e-08,0.0712611541507308,2.115271987332894e-15,2.0637429855041337e-11,8316003370.2141905,0.0118664051046186,1.2956291269749008e+16,2.824426861174976e-14,2.5834247755308967e-21,8.88219351604286e-39,1.0058650581392936e-32,2.5677543493175283e-31,1.1118441995207841e-21,3.4331262850953547e-10,1.061623118449068e-39,7.234370043229405e-40,6.944585931229324e-26,2.1680724172979232e-54,2.2263372107664208e-29,2.53634156235089e-19,2.0841599519180481e-22,1.0169065900345513e-21,1.1477508264511651e-54,1.0156888316649972e-51,9.799791383569116e-40,2.2198552992510503e-28,1.937587047277628e-78,1.953772063913967e-82,4.557588803353413e-64,5.500949267112506e-96,20444.93346343008,45262480429.81634,36846846739371.83,45294599301272.48,249440858549.8248,99315175501391.36,1987026390820.3003,18.027150807757828,25638049058.42856,3006.316711085623,7.886030249573605,8.459571491805461e+16,11328600327.94956,397646758109.5821,1.1270828877151682,25279.785427737897,1.1650376801065342e-09,1.8682587774320937e+18,3.810964453722857e+16,46633897426.07005,146.71678755205122,1.2533716950687245e+23,1.8205708873992704e+16,24933766467.061413,66625054.19067631,90252.062104135,4590972.744151473,13551616450.384651,1.0549029964292416,8.304581734892934e+18,3.36442763468404e+17,11712384521.616388,2.934515868969336e+16,0.0002289778755604,2.1906546878941057e-17,6.660521855958983e-30,4.1596572831390354e-43,6.20809778001291e-55,4.5694454767478153e-67,7.274798228462998e-80,2.672866802092999e-42,2.0433166300310913e-31,2.479519153330182e-42,7.325337294479714e-32,3.23569820214339e-16,6.009116070755493e-42,2.7638877871239933e-12,66.98016229275015,8.436306766010496e-42,5.69936101981231e-24,2.7129499054908437e-06,2.106369247822791e-17,685.6455932463508,8.587235742968805e-09,2.0454950093250056e-28,8.372741610727783e-16,5.2016718454866656e-05,1.4285090482346894e-29,1.827966637389004e-11,14.889012932122773,79365040.96303318,1.2605876395657856e-16,6.192301980526738,3.068128061207087e-13,1.5918856135554462e-20,4.616305699932423,2.2662377374459193e-08,4245.2557873069545,7.798020362103061e-19,5.4340585273090265e-08,0.0,0.0,0.0,0.0,0.0,0.0,0.0,4.788424588624286e+21
2125.9723077294793,75006.69181782512,11.974032324055957,18.43496275039761,15.605005519508312,13.02527457052989,11.702764264986238,7898690.734526866,1295092671893.657,1.5502627338765865e+18,0.0007247371820157,734627071.1159629,35000.355160442814,3.1910436887790466e-07,0.1947600541471753,0.0157914459032912,9512.73973032356,978498.6699818672,3.053861376398744e-09,67.05947672932139,5.136276894290614e-11,5.915486454631118e-14,2.949390402614151e-13,0.2844908079410592,93758.75147295064,1.2312506768134199e-09,4.689456224869098e-07,9817835013568182.0,230.90023452981723,7.560125721529356e+20,6.259924830562386e-07,1.654224273615366e-17,3.1568306466803417e-17,9.460134323902617e-16,2.0749751983988338e-17,1.0227211504200037e-08,25.739927830899735,6.960035955384527e-28,4.708030719360027e-27,5.132681881214937e-15,7.775967397266103e-40,5.6849805961703085e-15,3.889390846471903e-07,9.086936822669311e-15,5.535856879158736e-05,3.7914976589114013e-28,1.771580311801752e-28,4.310375208732102e-25,8.426301140587991e-09,2.394061933769375e-44,4.3050165998803864e-57,1.3450804064440146e-42,2.4065902825216287e-56,259297.55300992247,47533609971.46686,48202052149334.516,56095437959767.445,14353784099730.48,6.3629198345118264e+16,8.45478686741599e+16,39.82115972539203,36874924989.406075,298.1954095987047,0.0004413429687833,1.4250166920644912e+16,10864809225189.166,14288193490.17074,0.0234363097985861,2.7942162657392333,4.582217348569313e-15,1.1121275870687096e+18,8.638654234047364e+17,897760023846068.5,4.356769169030991,6379243703883141.0,2696245716515.5386,199832120429.6789,16704475685.003256,6407822568.879609,20.491058059683898,71668739126.31801,0.0296565033942831,2.5477430792398257e+23,4.5111000920036264e+16,6.001095740721281e+18,4.957657726056975e+16,7.406870126734145e-06,3.5583969200316803e-20,4.9965960921488455e-34,4.265779892703517e-49,2.0834972356353374e-62,9.145606169738915e-76,3.9658886879429455e-90,5.795563898145252e-17,5.417875687608967e-15,2.7937927728178133e-19,2.4261663756955372e-17,0.3629231927984637,2.7110879822243605e-20,2.280552831778396e-06,2603339437.1290274,5.920485536919829e-22,2.2426070586872817e-07,0.6634687216431285,0.19442223871819,5670384.090420611,5.897433556937563e-08,3.0823207045097274e-12,5.1498877410580895e-09,186.86805895109944,3.265925146197283e-12,1.8435738812206884e-05,1420160569.9060624,4996538440.315838,9.486722643993777e-08,0.0874335678011262,0.0003140383551867,0.2257115050614573,50761472.39064721,378642633.22866035,100179280803.01474,2.8901016175537024e-07,3.341709727818637e-05,0.0,0.0,0.0,0.0,0.0,0.0,0.0,4.776240328104982e+21
2163.2027071705056,77297.64128894602,12.008791215436412,14.99885424726356,17.585133095250573,13.054970420308218,10.482224511985391,298089982.02129036,125005598364.04622,141756441.88531902,7598468183243.593,118894969.04925267,1054562545393.0916,232709062.37993425,9373001362872.717,803945918395.1987,26336584.44174729,30091252867.87144,142375.18006914953,138589.9540339635,148.61923476639308,0.0108123006200521,2.6860926058223773e-22,232512525542054.7,4277163804.0477057,120818.8417549262,41452109.98287599,3.307662802797478e+21,1776692105439626.2,1.4102042070217542e+16,9.915249824526669e+16,52473395204140.25,1961800201342284.8,3248611892707447.0,4411585394026.88,7.491808958105146,5.998821280019434e-11,0.7648795968910471,3.4030194542294575e-10,1.1857167425955561e-18,2.3501476660735048e-35,2.7928548075745932e+16,98418583650066.8,3626782385671721.5,1.4655212747399904e+17,1.2016921460794873e+20,3.3932944835727636e+18,62400915604.84376,5.944730229116801e+18,4.7448462512867066e+19,1.350720817996118e-41,1.887029194767421e+19,2.553087224939968e+23,2934.4362259902764,0.030221164712354,1.8837109190944422e-09,2.188161072193842e-09,3.8706123236995824e-20,369945.31125578994,3.433951562284035e-05,82336134.03549495,224498209.89426947,0.2239443336027109,3.5051621572174154e-08,4923.44219562824,3.0332629827097687e-10,2.77931373870636e-26,3237.165919489139,0.0001309023053752,2.0231002026665693e-21,8930537.859827228,0.0004757900626215,3.75970829661653e-17,13564474.621523242,66705013255951.24,2.230200732570221,8.75030777124483e-22,5.0026263529210097e-33,1.4044422750744937e-43,0.033441656515282,119537261.40650374,1085.8467660707113,1317.5142672600125,4068.769337066889,2.5944110349439528e-12,2.96264255751721e-07,4474741549.604875,508.32361136818537,0.0001684555215857,3.2609579531881353e-12,3.717291254966334e-18,3.8875432438006754e-24,3.909147099651411e-31,0.0476009330376222,1855.1847813096072,1.5016663492468916e-05,0.5566667800035391,653.8423004333794,2.274879563031879e-06,47811507075.38447,1705999.796589415,922535181486.718,2.112220448313181e-09,2.1936044295842505,1.0621059529331153e-13,0.0010205353950609,3.588687256988228,2.1872768450044177e-15,1.469835843940742e-09,3.048289654776504e-13,5.637681486425561e-14,0.0001104764010258,0.0007391447371674,8.1062394407892e-11,1.1677491286476027e-10,0.0391456314410661,2.3829414111645616e-17,2.015914230480025e-12,0.1487489257372783,1.65249322948547e-13,1.8317372979526593e-08,0.625430159750473,30439.311797266935,0.0,0.0,0.0,0.0,0.0,0.0,0.0,4.7078795569249984e+21
2012.7250991985284,45663.88564695834,11.985878788902015,5.412112539018495,8.108947323920303,12.731691392583,10.105185123232442,182317367604.11557,4.4272135745418336e+17,588627.4107509342,30379.90060376169,759163737469.2277,824644179508769.0,13364607.34186352,1.5857482173793322e+17,1.0695801551138184e+16,13401419785.265823,195588505.13045543,168258558709.1062,14998944665.134089,4105234708105767.0,6.478224405523871e+18,2.5308874695874412e-05,134418077164.95294,84674.06189802945,1599293.0034462784,857448930.7227826,4774963903851.195,6565953162.469216,721997.1842770467,5911367106650.062,14034270049280.64,0.3583527765544398,22784582.69188864,731336689852.8997,0.0009408872827568,8.079622747127969e-18,19734300033011.297,149.27325999388495,5.424322807445142e-10,1.1205010793168559e-11,695888.887428063,118.03879030885088,10966306983.170588,2.9077164567223113,0.0019030969220308,1399.7097576750696,0.0001988911388286,4.651505097635901e-07,2.7425385650497856e-11,1.9736610419329112e-35,0.1192412175946836,1.043636704442239e-14,262938386687189.38,90122793.07297726,0.1274857860374484,0.1492487420704881,3.6280440033455465e-14,32339212083.731457,0.0394282011973663,9.789698087697356e+17,1.7321135364561554e+22,3.522494112586551e+17,2171207074892095.2,1.2102654110334914e+16,5.262812811802481,1.5825432360687078e-15,6.56983124272756e+20,4.7106693906041253e+21,1.431391555934345e+16,3222965966.6196146,0.002438398244554,1.7641246792472872e-18,460335689420495.4,1.372111073490546e+23,35470150.214246795,1.6956050304810499e-18,1.3963467732030655e-31,4.2180986501831593e-44,514433390030.9628,3312052105.3567896,91051494.1314728,0.1769094791314094,4416.400429444561,2.125226708243797e-18,5.297329159809142e-09,1.5591055722859782e+16,3906518850140.565,2879627864.8538365,147056.1121574689,391.0551662580236,0.8744069812316696,0.0002107770756535,3.0512618371262013e-15,0.0083858084538342,1.7925101072322038e-11,42.23697149262921,0.0002357462582034,6.646692094436785e-15,87568982749.47597,0.0722333776471028,0.5886934412515166,4.6963590861693385e-08,7164548994.923783,6.851688943157056e-14,126757.74258830126,75021407691568.1,4.96685064673204e-07,27427366.074584037,318.27403026045926,1.5457283263626648e-15,466.615403734149,9.603670143038614e-06,7.29683429522192e-07,6.772291930206495e-07,28648619718.056786,3.097380327172626e-15,5.233356365856324e-20,0.7569639976299775,2.5881110838381943e-22,1.9809926253393904e-09,0.0113593418482551,37410532068.16845,0.0,0.0,0.0,0.0,0.0,0.0,0.0,4.6792636771732234e+21
1603.091989033034,44785.62236476769,11.989572727569854,11.47124379001356,15.168138702480087,13.777268524861109,16.515307898445762,9699304.121485734,39068286023332.92,259115.72657929017,1761.346751523416,46882549.46178763,3.4357352582049796e+16,11973.75985220519,1.1728205135724536e+16,326243592420451.44,647345485124.6337,14703923673.301838,8639209.60361006,30384567036.217407,19586725076.17092,2202184475668.734,5.844861387548522e-09,46540914593.92896,31384130.31246193,3880.42897582495,10821557.167471554,1.638948932273803e+18,7.750952946400499e+18,303574459399371.25,7.314780208057391e+17,4.685760922170664e+22,9.460503285326936,348969025.95458865,1100735155611.514,300.95145773765387,2.1160738361792503e-06,2535629960.1360383,1.5777197733310282,3.918284786309086e-06,2.9755506089167967e-17,91320526.95813867,55899922.23763685,4619816476378.245,5758078.950094122,235.4884787729273,22133909.923338342,9429.402992276498,13658574.124167353,0.0007283847111788,2.8783063875207925e-29,11102780.458702745,0.0006471337539872,227266079.67906445,73835.15290678413,0.0247381398007408,0.02978291815089,2.7138178318463456e-13,879677836.5559878,0.033664627434913,7.674825317694705e+17,1.069337534190519e+17,9787645445.222317,3117296.1898105666,59624696172025.27,0.0839857756498035,1.3601350433475474e-07,1.503700615435937e+19,11304098657289.44,578.6329143431589,1300770017.7860122,0.041011263800265,2.524673501514824e-16,1374156107483150.5,9.52732081970328e+20,1121217.0143665755,1.4694379625178782e-17,5.515556362718099e-29,2.495797525898177e-40,416986.7671427454,163418534782354.3,2.7709374663858372e+16,65.77408539591625,376961056868.02527,1.482754077869362e-15,32.958087076667965,1.657002297468892e+22,8.133393465841225e+21,1.221116321509395e+22,2.3637263983778034e+21,1.525652146690569e+22,6.0845534222220674e+22,3.912752777793854e+22,1.4715211762483234e-19,2.344922605775944e-07,3.427101894747766e-17,3.0350851136481067e-05,0.0014264492905995,2.770760353795073e-20,636775241.158199,4549.8988444094875,0.4701717567640996,1.1019069033789342e-16,143.75966555756904,9.021834975040609e-20,3.834077576040638,136593507502.08856,5.152142287376827e-18,0.0002884303597889,0.0001919885986833,6.28986531846182e-25,1.933593396167178e-06,6.276937154918451e-08,2.981430528681884e-08,6.656976089950283e-15,1372.349300532574,6.88740231019066e-21,6.03114903711985e-25,0.0002153344603404,2.476990046837794e-23,1.0198498347966484e-10,0.0015344371746009,2508476507.1584716,0.0,0.0,0.0,0.0,0.0,0.0,0.0,4.668501981864747e+21
2992.486416963991,60566.14459184944,12.010853925424788,19.819332218996863,17.646366216816535,17.812953322299713,12.194537588704575,87567895884.98085,1400657019190.654,6.486579009399323e+19,196317.7453578074,536033991600180.1,74044315.10862781,0.3927766595243403,51037.57659494857,10589.926382157752,44710267.43160696,114297650.31227884,4.058603614867905e-06,20.382725732788384,4.5990646401643116e-11,4.885652787223261e-17,6.398787193874786e-17,267615521.2266312,969272766800.0012,5856.878757402169,388574.7145527629,2.5939274961377966e+18,1323450.2613722135,1.9488113289562772e+21,3.314431202742777,2.0789438393961927e-10,0.0001625747573038,4.710304085614918e-07,6.7973453822943275e-12,1.554814583310847e-06,0.6939419242328843,1.4493515261644912e-26,1.7345399487313082e-26,2.3026467034942868e-18,7.569122286180542e-43,0.1325912458345828,23390.16171536523,1.5193558608435933,33907.68566158847,2.884721227344314e-12,4.916269354041817e-16,6.161879019371012e-08,29.25283059891092,9.37365013715362e-24,6.430316632082765e-56,8.876112706488864e-20,3.355878094959498e-32,921946880.14572,2036809694781.032,116157184989297.9,130905761225355.44,13544365591179.793,2600021540295586.0,1652403855271119.0,299.1895771637204,33990188.91254648,2175.586688849419,1.9532443221778275,185967839689.1793,793022070.4753258,1891.7192425167189,0.0004071683931105,0.0150476901767421,4.528147797445309e-15,1.187021568700359e+21,3.2098120691961096e+20,6.781870053206301e+17,3632267.4704018775,6.763293847326855e+20,1.1256224002997188e+18,7.397717382695363e+16,2161491658541520.0,846301886503168.1,930166275127.9424,1415467307973.5906,6.214826171595649,1.4235827704276503e+23,5661578603194248.0,3.26390438831586e+19,1231760987683622.2,0.0364665015536699,6.6931008468142946e-15,3.4796182673078146e-27,5.54604852109042e-41,8.328209686324588e-53,1.626968439327664e-64,1.9219704160614374e-77,0.0001267331445986,0.0013384684480064,9.78262384132289e-10,1.3227249922451942e-08,2625.516649575889,1.9562683245926812e-05,32789.170122847994,20164396689566.5,3.2367363810746686e-08,0.0790028537152613,1446.0304129104356,1380.9803939466358,84940546.93009502,6.498506013992118e-05,1.8977604435663504e-08,1.933707636426668e-06,0.008103676817932,3.467688889302625,100370.74296202094,503765089910428.25,296056284391379.06,78242.4749103121,800609028.9358443,15160205.948838713,3126558.0745425615,1395214933961.9404,5938457994758.955,192001949502547.88,1.1470076772265776,17.367090594559052,0.0,0.0,0.0,0.0,0.0,0.0,0.0,4.6090343101687603e+21
1443.973923467207,30735.588842033987,12.046814359836247,10.253034158404512,15.019761938171117,17.344919979287592,12.621472233195622,544.881941709242,103674505398.52168,0.0983994128355937,9695.865821600417,11999974.11520304,1041341978791.2896,2891.706176780792,1.525411440198662e+18,2.6244383651607172e+16,1689064771.0365756,981522.3584650066,185401.4991646708,120935.81972655506,48834478.74168974,554000263.3518816,1.8272845963170708e-23,33049333279487.965,589797.9135834203,9326081.824164417,63831432719.497635,2.4913498588938668e+16,40027655302162.93,131561184.44592312,4.356991581098274e+16,2.8920040073728026e+18,37198.36648528543,431255946703.74585,164182763031754.9,1.246391795174356e-05,5.06692863715207e-23,418131981.68991286,1.7182890727231072e-06,2.2442169794704858e-21,3.887926492200625e-32,42655778712832.21,1317457043.516256,2.011911550362912e+20,5997821.004872865,2308763533.409109,29249199088952.305,3527282515.8486385,1722770.5265616567,3519302.8152860976,2.1653707307607862e-47,2.6286225694560505e+20,5488357087.122283,2403988.3130851123,0.0191671894286613,7.512418449893988e-14,9.180640977028353e-14,3.606650123659106e-30,30.784097394086597,4.581479457548433e-15,1129548337130.4468,27942220269311.098,6737458.495717771,21449.87018709524,345856.9560089734,5.573101820291067e-16,2.5220480954403004e-34,1371504113627.202,871114283.015702,0.0024517084418914,23074.119038659715,3.29641385606785e-12,3.9380050564259277e-32,490014523082.8191,1.5370097122225157e+23,249.46860139010653,2.479352627274027e-32,4.507568740552669e-49,5.315044956693712e-66,24975594.13155923,136592.0551479283,10647.326822628302,5.729149219824121e-10,0.0107301168851438,1.0947425465099018e-32,5.795060434682415e-18,496816205321304.8,60603589111.29537,23223796.325658835,1602.847245901433,2.90410399446264,0.0027646246767757,5.242003770922954e-07,1.5460483866113093e-18,2.329090835899295e-10,2.6176027851237688e-17,1.6925720727531075e-09,2.1738326301574107e-06,3.802601174925222e-18,626906873.5588895,1.8720459001442154e-07,3.125800671277383,8.653400128862475e-20,4.57556810661947e-05,1.2954437814429815e-27,3.799491458578471e-11,83.09981196088223,9.021666773568208e-23,6.45954638820269e-13,3.166524476734368e-13,2.238932014009782e-26,3.0661461545091497e-11,1.0585987828355076e-11,1.0378481711199133e-21,6.513417607235947e-14,4.008983580953856,7.700435244330497e-25,6.720382055090213e-32,1.7266043901819363e-14,2.1775087794782447e-34,8.156670465255137e-26,1.852060064078243e-07,26.295973672353917,0.0,0.0,0.0,0.0,0.0,0.0,0.0,4.5588096437244327e+21
1744.8521688773017,50723.40733698074,11.977553271758731,10.061501821326674,12.374515102781356,14.167175864249636,14.390068907345306,153292047.81541923,1320352204339706.8,89274869.75134036,9647.937859444744,9516124221.52507,1.3649903579167826e+17,281048.9236254078,1.993600946238999e+17,7900797265386786.0,204567142575540.25,925341554400.7336,515674603.3596667,6549339743274.473,2445856561750.742,638897338865025.8,0.0076611122814142,527900605026.0177,5416867554.716136,1342350.5010850192,1935143902.2354112,4.4049916422287713e+18,1.408496203532798e+19,1.1756825304863524e+16,2.093714538211484e+17,3.985018940736579e+21,7.884756813498308,292523263.54165107,1882938622834.2368,235316.6448280239,0.4392055235896612,119966961778.83047,3161.531097858792,2.249534180841346,2.651090641033783e-10,168682663.9414553,971841564.817587,22554897206469.168,13373032.838758912,11.818368086294972,2067351.2700067507,191327.8126510746,18734966.39454345,7.421128056897083e-06,9.783242019402212e-22,1211621.123498471,5.199349206623605e-07,206075902855.81213,1072645040.7662497,9983.629305188648,11887.061861127057,6.2812423103928594e-06,748970663938.4037,1787.952437167763,1.2099937195942052e+19,8.501456892887727e+18,28408795438497.03,124209975605.88614,8.152342040727832e+16,17702.72673602389,3.972703827032173,7.877489686375452e+20,7.061454551955609e+16,988214436.8408349,1961816062711.0864,3446.8206467424993,2.220785077420726e-09,6.6091307472480744e+16,1.2419891276787313e+23,19652909876.02154,1.6696107293972775e-09,3.3493838615913194e-19,1.270881009216362e-28,8480144757.46168,9529247697386918.0,8.69358738314263e+17,380809.4452030996,276838570675482.8,1.6481735511637031e-09,1076499.8220977583,2.0106815697653175e+22,8.37552733159914e+21,1.0489834619616264e+22,1.322907543982533e+21,6.640881563921776e+21,2.3254357744952835e+22,1.120842273599649e+22,4.358641024379879e-17,8.49313898644642e-06,2.9915951873507344e-14,0.0038832236108072,0.7808342889917179,9.208269761007383e-17,10604229857.269222,1864007.655341131,0.4970199440818105,7.959565650388023e-13,43393.91028352386,1.2914694595831508e-14,15473.538791052675,7662024946309.291,2.627534429517834e-13,1.439501034551831,24.716236964050008,4.762157422221909e-20,0.005705615269062,0.0015657745487765,0.0086900316725645,5.974428063607043e-10,6445469.173637725,1.7484560021071312e-14,4.469035201286306e-20,0.4367036557990058,1.2394263520986386e-17,6.426111425442014e-06,0.191570298404473,40761552810.283554,0.0,0.0,0.0,0.0,0.0,0.0,0.0,4.533851867013241e+21
1642.15442350365,58805.08182506835,12.033357592202735,6.931136200652268,11.001557732831856,8.612004888031715,7.065025646000956,146031560705.08447,7.219614152728829e+16,21858.66912426177,65.8058053706084,1073821.4649878868,14160317894.925014,451435.059522429,1943814617157758.5,59977392103431.35,3847936471.3508487,11280896783.569662,282162790722.7148,22025571507224.52,5.232606374319828e+17,4.961663525119895e+22,0.3593597588341162,10399800.845575316,237.10535471867777,0.0113928450679666,26.185106978244303,757955405441629.1,878711144.2071741,4671215689.39133,3168408610.2454696,39109838.42064301,0.0046230192620353,112549304.94140512,288187977082836.3,109.957805817078,9.202183001437523e-10,7.621024104275884e+17,21634287.658838183,0.0653774014408805,3.157960333405039e-05,272.0797045625659,4.894420884854304,88381.13645928165,57.86700216780725,0.00114793152841,85360.6667361775,9.465334067880124e-08,0.0406763286948779,5.046030340269752e-11,5.402082560176895e-24,3.592463967874443e-05,4.834620943010635e-13,5318627175.69292,59331.656032973166,0.0008016101819305,0.0009619604628927,4.3845617912151372e-16,63759832471.22944,0.124724245634772,312167487451094.5,1.673594238702556e+23,212245566288308.47,703043695.8623731,3.272311714370231e+18,306.99395289224964,1.3447109807629438e-13,5.728901351331814e+18,2.021570228376591e+20,170208068512.3149,817153.753595268,1.274170236869378e-06,4.663214702103627e-22,5680475.345444506,9.265108414984048e+16,6.976391887515248,2.7736523282521994e-25,5.082631565677476e-38,1.2819556414487993e-50,0.858993480952784,2254443.0821340126,87.69315380171258,0.1932402040792882,166.4010323772454,3.0944426988892907e-19,6.733582646568562e-10,1327461562.1091645,170.77210139916866,6.684508325215582e-05,3.138198173598997e-12,5.173599508775462e-18,5.4596116594285586e-24,8.87163039251937e-31,2.6326099613834734e-24,0.0001023089532526,5.546003012338167e-19,12.642424443891938,3.068456077237007e-07,4.8618423406874216e-27,1069680769.3650534,938.4999236142452,1.6547468055547554,1.4581090131203287e-16,3388002144.1608925,4.3643137013591426e-21,2944082.7349921484,541609335871.8045,7.962633881226892e-15,10184805.220800351,3.9111416676663895,1.2142844958848237e-29,0.0006513918345894,1.334909978287652e-14,8.954722873622361e-09,6.5282404597757685e-22,2560.2068453328748,2.737917210738434e-29,3.6498758964035726e-29,0.2050406925188698,3.9978698583559644e-29,4.048571169755199e-09,2.583480306320753e-13,10490049.4607402,0.0,0.0,0.0,0.0,0.0,0.0,0.0,4.526005443080054e+21
2481.2160343529263,70941.96708498705,11.974169587302365,15.20261172655252,12.43565711120882,12.101583427258165,13.74748065744128,1514469501.1119666,1825980254865669.2,9.877604391883897e+18,6.461877797684075,2775965148561.748,953993540151.786,0.2647835676040437,353801.7666047577,45746.76071929898,2350651976.700735,8311589932.167678,0.1165185607099431,39983511.979395784,0.0707915322834546,0.0034218152673539,0.009275121886313,22140.636858492315,775300291.4422295,0.0305273808430081,4.886799013093317,9.330993563622797e+16,6066895495.864249,7.157552897092264e+20,489.8995732045961,0.011991054971196,2.1967196939035047e-11,9.071207849332932e-09,7.0687671111769344e-09,0.0863396704401639,2929622.3509946293,3.568822798689628e-15,1.0076643688815126e-14,0.0001442360587432,5.58122692519328e-23,3.9064384947946866e-08,0.1432905652684794,7.734074758526627e-07,0.4338525736167459,5.866031963169264e-21,7.693619983507962e-20,6.419424936899598e-16,9.113289003782948e-05,4.6016217881013277e-35,1.3443702926501048e-38,7.116732053782436e-31,1.5586517066563033e-45,94915303969.04042,1943927006339012.0,4.678584237561124e+17,5.360962211916903e+17,8.646765914415098e+16,1.7782244461240705e+19,1.6215530429473573e+19,89947947651.1794,2132272357352356.0,6863345887.37319,1128948.5004117887,9.98983123850132e+19,1.7586993201175165e+17,6.039079810889913e+18,3523726571.952046,2426752819.5656404,0.3253532173227507,1.6637332521494272e+20,7.602147389494505e+19,1.102536729423802e+17,10793477220.292715,4.401338189741634e+19,3.603697536796524e+16,2470226091625478.5,119864931163178.38,46278599805917.05,401247628.3649847,1.9270141271278182e+17,157064418566.5192,1.9122735130386476e+23,9.869018245712983e+21,1.3754369788097667e+19,4.802001114911194e+21,187336270.1575108,3.3077772316472895,1.6816098444718412e-07,3.717825117793643e-16,5.993946899913717e-23,1.0351532191336825e-29,1.401112554193659e-37,2.255244082880415e-11,2.7449976908273243e-09,6.071948079108026e-12,8.228510838188685e-10,12040.565070801244,8.744975512337142e-13,1.3463800477973322,255263268740.8908,2.593917461449807e-15,0.0858061052905384,78896.96604097131,10783.539304526974,57558604660.289635,3135.7821232215488,0.0002134618426211,0.3437804006782598,1618169361.913976,7.020508492443324e-06,11.226312899785691,1915586088650.1711,10574749957471.922,0.8484567640816506,325864.7106029631,682.0673390728376,393.44049139823545,15673599936.6729,23013919907.38648,8255802967183.003,166.9767652132381,27165.29323046951,0.0,0.0,0.0,0.0,0.0,0.0,0.0,4.477961172444177e+21
1462.322341566074,53124.27167928661,12.00805168873803,10.32189531535027,9.400804138807798,4.438625929112612,10.45528103061572,89371174.9066695,1.1080689558623872e+16,609038.339172125,0.0008521768054594,0.4687478025601579,1812996485580.3765,19.049747695099416,149148941.26466987,2726798.1502679805,618828.1723028526,17393958281.821674,83739505.97002439,154501599754665.84,1461631290474837.5,1.1185005756886218e+21,803.4613217562885,0.0516616250683807,0.003334683151677,4.106230979741907e-16,2.5084975992719234e-12,4403764001450117.0,9068173472173.352,83324429506653.53,3170780655.1029453,234275744900.0764,1.5529490141213942e-10,105.19199294827688,2640355966.9037356,2947.514045062157,0.1606743939045331,40518113834729.45,717768.3675139229,12711.23128355812,0.0005298292058526,3.1985344375794342e-09,3.2943465820778884e-07,2.7945803511786204e-10,0.0676840341327962,3.9106869356504417e-13,0.0003223114734737,9.296845372449537e-22,0.0026405679742426,2.9642127223345693e-23,8.192177514103308e-21,8.164844834711628e-25,1.9590223238497593e-27,7093.175593513243,206.58461506761296,0.0032470508795767,0.0039606162908648,7.0788266804119e-13,13005507751420.416,8923.722555179236,1.4554199401986723e+17,2.0215146132221295e+23,1417696986.1169305,0.1108654699379653,9.258945676346924e+21,80276087.57725826,597.0332215744794,1.267938193171157e+22,1.2202823922105328e+16,82.17507540309168,2888.132831359605,1.8658565873691257e-06,1.1216106012276245e-19,20536.6333261335,87385229.83953524,7.45247114485061e-07,1.717651590730662e-27,1.3995275118090671e-37,8.002445044181506e-48,5.28760347488843e-16,856073822210.3434,82350077118.3878,13066.422781589388,235668391792.46017,1.3954437876072594e-12,553.3347011886387,968982004427021.2,157637919901.5575,80274887.24320523,7058.16894216094,16.790828403939916,0.0214193396168457,5.299674921432649e-06,2.628560311109555e-30,2.8995816771450544e-12,3.1298555749250223e-24,1.5321377667502045e-06,5.444367129298632e-07,1.5357350733921712e-37,0.1072775500324671,18219.223395752066,1.3931791221267595e-09,2.2644664482125967e-19,729419.4918805681,1.2856783991476343e-20,2147846.545562112,1366601908870.3762,1.9275324147805218e-17,972.6769496591558,10530.51983762482,2.355812332078558e-38,1.942025364131885e-13,2.0924169423870036e-17,7.448953750670634e-11,1.1077512297927596e-33,4.3172263403938976e-10,5.267123114663237e-38,1.0195312953341528e-29,0.0148399492474368,1.0413260544151275e-25,2.8698363123198976e-07,5.6839636202407126e-12,5973004.203590316,0.0,0.0,0.0,0.0,0.0,0.0,0.0,4.3875310204802716e+21
2993.4368217665374,114845.97802118832,11.975638493695062,11.15868205220494,14.051008087463092,16.29722661084405,15.76071945602113,96404982510.106,7.833707820288043e+16,4102506631529.462,2134621507083.7769,9776570648472622.0,7.812784769732112e+19,237854311911.87543,5.5716011530088954e+17,1.1569039349541434e+17,30685023171470.527,4333621906259.926,136725915584.5026,43023065859.64022,86160091564.6661,5091390114.5336485,2.6485243679333894e-05,5.257009462371317e+16,11965844412638.637,20903930853598.414,1384996930991518.2,1.7596125686722772e+18,9.439919894400522e+17,83074694791413.64,3.76853935430471e+19,2.4811835441111163e+21,19078966635.511795,3069461899232.5713,2463282015697.281,2226.440661141893,3.926022461475327e-06,16305787.487488216,1.229057873033419,6.439728145660276e-07,1.0507225423779408e-14,281178834679342.3,3113281324874.0767,5.824397545945022e+16,249200680468.9927,3646446785.1536574,34536114230.033714,1603571822.809249,145420160.4464569,127995.04107571172,4.102153589192165e-28,396423611531.5533,4939.489910494334,936525210889849.8,130034553723.14574,466641.49494072783,525877.4944433217,0.0034290839782995,9147073185218.65,366412.05125888274,1.7578103172530948e+19,1.0573404403641394e+17,123005308615742.6,2003218883301.1912,36361880325134.29,9792.136190468666,9.697546581939692e-05,1.3316091078336527e+18,47316471083190.8,14431947.486738363,1358396484605284.2,23146393.17348929,0.0030860231887491,6.949478273186204e+19,2.2229853903008223e+23,23358189759269.504,0.0061050668165876,1.1241054738026859e-11,2.7756815947120957e-19,5574262576837471.0,9.384700023395666e+16,4.329977798684704e+17,565904799.1264249,23579651971239.426,0.008197098651359,323131.09314904397,4.038648933104374e+22,7.797503549006843e+21,4.2641547934162574e+21,7.145304326395836e+19,1.1284959698255172e+20,2.319403446141676e+20,2.881425994960804e+19,1269.766337284556,15990.059928309092,545.4215244021414,8794.861672648984,91382282.37368828,3553.607497176617,7054092689057.999,945258.446133486,4158913.738199871,4083.2221538919734,88911238.25286035,4.487543246013645,328085.5302655009,4188585003841.5,54.68434190353939,6640.555962848352,81163.22846209214,58.51472466575595,2014593.068841849,529893957.2478024,23.42417384397221,23824736.44290387,290145112559.83777,290.4870492992064,0.182738518153306,96925.681329526,0.0217733393167689,0.8394370605658241,1113936779967.6304,20112731934119.324,0.0,0.0,0.0,0.0,0.0,0.0,0.0,4.318721186456269e+21
2650.413033730793,94995.56399726104,11.974623043080834,18.04789721686767,19.56264720416938,11.903693321285274,13.69725487222092,88499693.65369363,22374996455.95913,490640040052.8536,1324105681741390.5,942023908.915968,123320673612752.23,236699935.74114323,6263360048.01681,967019888.8698636,478246.2173960524,31709805240.93127,346.23522123874517,599.3016203452652,0.0006400438413865,9.992897206497832e-11,1.2699424158935666e-25,152172504223692.22,55864877290.26936,27879.92895773699,3209248.0675171125,3.436117522144513e+22,1.218497038888159e+17,2.7025387559066993e+18,1.453617582730843e+18,1277565142654378.0,1.5156634253774928e+17,132015447704907.28,311775857.6030168,0.5388494755765858,2.1599726986169006e-09,3.706131841805816e-09,1.8548722312379695e-16,2.9175667594701003e-22,7.775168285061963e-43,9516429311125284.0,278025304690706.7,7253293774526.682,1.3352573323158469e+19,8.405213305625106e+20,2.975722780188677e+16,2773851032.911807,5.012828811451713e+20,2.6871099037141873e+20,1.9187281562283152e-47,7711884128507762.0,2.2361154810040385e+23,142.3051979742062,0.0310739673922066,1.0674083002784937e-07,1.2156534698907429e-07,4.062066839995515e-16,2879985.923240405,0.0561398716269043,48394430.26898272,83023.52223109597,3.862554100062935e-05,5.657663180109408e-13,42.73451745849948,2.5599617405459204e-09,4.913000824643466e-22,7.280794211233299,4.228750512934395e-11,4.8715036154711854e-30,403928021.948498,3.715030347518961,1.5148671433246652e-10,114384127.01164275,274991997115.92993,7.171449098627311,2.900887670917515e-16,2.8394747310080557e-25,2.703023045500497e-33,0.0007709109837109,253002920644.4241,9813972.06515391,103214235.8071465,122422637.53117046,0.0002803677108345,1.0782830778340475,865325382797.2991,926755.2071933068,2.8416709207877795,3.3288182851718033e-07,3.125314107053347e-12,3.372200377549847e-17,2.5974437886294605e-23,2517975.8622884704,20465.691484867963,2.427494755218173,0.0232897121996655,9979693.408743275,7.742705781641852,155458822.77548578,43892175.64858705,280741143637.54034,0.0011519510652337,0.0408537645098042,1.6997489016740843e-06,0.0002854951967149,0.0433741172944393,1.6125230398186487e-11,1.5433182499479124e-12,1.045615902037971e-12,3.463089061238798e-06,0.000206150180545,1386.9688270731765,1.3524652395764353e-08,1.0579299085160338e-05,0.0001749922547909,1.2230055532121447e-10,0.0214768139430871,26.621029073400777,0.0085632236669335,0.000208209151223,8926952.057275271,99709.99842934,0.0,0.0,0.0,0.0,0.0,0.0,0.0,4.3086768791470935e+21
2454.7505297047633,123110.15861852549,12.015445021080389,7.792747462962535,15.947910023930891,15.148488566426924,9.46473232453624,3755141187.980495,50225397173369.12,21536.244221411383,213180702826083.84,480384417958.6024,22500731314559.047,286161381763.8767,1.0695821728967709e+17,1.34208289477246e+16,1984615.192532575,29650634.16432669,4318346914.502261,4756.9034472415215,91347405.31264952,152211.65474873,2.593293427143687e-24,1.8691011780342752e+17,18567116.35147821,52271320328.458565,8847496610495.162,1.1758949789616302e+16,20876161644.361996,256884.92322862183,5.5181474794085235e+17,395766798432319.9,3.24433833181158e+16,4.962839929171304e+17,1.347570476694779e+16,1.2648992646225053e-06,3.4133736551842843e-28,7044176.492429952,5.1642228669760274e-08,5.924032334556089e-27,6.931555628490425e-34,1.4639336701296863e+19,159418599054.40646,7.2476884376001315e+19,2100316225167.394,4.2073891768711584e+20,1.9576042441212045e+20,7293338967.136627,62871847.265824966,1.4318037679111986e+20,2.778709682006761e-51,1.333204463655279e+23,2.2906102706240975e+23,536839667.248937,0.0310977221767428,2.0156384767034636e-14,2.3119771638284982e-14,9.429673825876396e-30,1333.8027385582768,3.0592531249454417e-12,70040636569.92795,2026498951373.1975,1304334.7665419567,46.56659071052237,267.16283683243347,1.0937667489092476e-15,8.350396123438102e-42,91845381.37545368,16010.604161498562,1.3350424314048485e-08,87095.16033147092,1.0111178056941227e-10,3.52215280499599e-28,56010815102.90001,2.1564909455793032e+18,4.152399853665243,1.724351273042587e-30,2.1260219511325975e-46,2.0149418139772657e-61,3461471.4607416363,12960.281050141792,0.2950287714384706,1.1754059075124244e-06,1.9160860646541792e-06,1.9314247218372879e-25,2.411928557615729e-21,129533413207.1492,61331.421145571774,0.0836886276038786,5.0755612699497974e-09,2.2094436245605807e-14,1.0183151463630206e-19,3.7356688490513884e-26,167.35828458531375,243114.79693251825,1.525926757078493,2442.150546626555,11.286841716541405,1.4360324077179762,34759356384355.95,0.0002367265797857,11854291087674.023,0.0004718323582267,5680.1091552700245,1.649772366944437e-13,1.1931516318592772e-05,6946.699301269692,3.6835344858671943e-08,0.0007220061345516,3.44294129903782e-11,2.315506002520098e-07,4.876869426861037,0.0002497344853508,3.991644729035106e-17,0.0075112917391475,37068.72528780161,1.6239360287666403e-14,1.7140134117806233e-13,9.270121499000967e-05,3.0578388265112284e-20,1.3058254058798147e-16,928.1151235514008,1793426.7384104263,0.0,0.0,0.0,0.0,0.0,0.0,0.0,4.1454412454723054e+21
1757.3104653192183,48305.94478648782,12.009975772392398,10.07903653623814,12.335424515073155,14.216563029348984,14.350241264763063,180817102.64322025,1486715586061701.0,121566628.94367228,11593.33709543164,12025681311.84829,1.4885018566796512e+17,322296.0261401697,1.8392627410721446e+17,7498826438594210.0,203411487502391.1,979135373544.8752,541191345.4932754,6496535728794.139,2312915167527.795,549018558553423.44,0.0093991295691455,555118642913.8331,6042462051.025151,1532869.3497079564,2096118909.646548,4.262232313390547e+18,1.290070550951509e+19,1.2015114315681732e+16,1.9389229509790528e+17,3.270467452801985e+21,8.543559996672451,269334547.61834365,1559247704805.1492,231510.72172388053,0.491515663929348,93502039919.334,2837.534914632549,2.310752540383346,2.8697513671214456e-10,160868727.28506595,945815949.4014648,19199247965232.26,13416202.892571542,10.718168661198206,1672880.4665069063,163280.1526980931,16115998.512158478,6.214704604510185e-06,9.432991553753589e-22,836677.4659340647,3.725620764234159e-07,249332540910.9696,1382175772.6191723,14321.485450593578,17036.74345431824,1.0631008425945372e-05,931153445238.7064,2640.084178317749,1.2513781821129585e+19,8.70524333550836e+18,32042794153116.305,142711267816.08633,8.940055931388408e+16,24794.18497726728,5.868340324166341,7.618072246168297e+20,7.193368317520289e+16,1107129712.8070495,2482313642408.5654,5133.223370352725,4.0953108425977645e-09,7.266153763397702e+16,1.2503851221613685e+23,24995611804.352024,3.120661902430993e-09,7.34599885176531e-19,3.389957158187652e-28,10568617624.898766,1.0988887763091916e+16,9.3154127068026e+17,554332.9479938832,333511406998277.25,3.1183560983505232e-09,1499245.741424102,1.9468862144269515e+22,7.81679138554318e+21,9.424274583112356e+21,1.121629917317676e+21,5.389769458429326e+21,1.8244481029527856e+22,8.392544343390202e+21,7.6322784398243e-17,1.1220790471755685e-05,4.8510204833278376e-14,0.0048184154783003,1.0400503732722797,1.615840667856934e-16,10865874712.736874,2174496.9074759064,0.5186699382046759,1.4581799771466364e-12,55030.93747845502,2.5626310091188552e-14,20593.29621949247,8286748510079.869,4.781457223018005e-13,1.9414085294891417,35.069515795157294,1.0238260789339408e-19,0.0084441200758357,0.002625418768226,0.0135115580010394,1.0748667156893907e-09,8173248.74728134,3.507070618442461e-14,9.905993514653104e-20,0.647730254579245,2.7297554715571557e-17,1.0703911159545552e-05,0.2914546918460458,47023297980.79183,0.0,0.0,0.0,0.0,0.0,0.0,0.0,4.134700580648098e+21
1860.0727439050868,61168.90726811824,12.006295819056657,15.93677709453271,9.02935027087483,14.340659985196847,11.040698790433169,332992.22409435693,3542603896142.4097,2.004003207048753e+17,8.479527590287377e-12,14885241526.980396,17201.70041919615,1.56336351589318e-13,0.0033592674388413,0.0001705484568012,1004.3311657814984,38.57208230751177,1.2583966589766638e-13,0.1479128021949616,2.287503786799223e-13,2.4666035983330168e-14,1.5227512894873928e-13,2.9288652765197006e-05,76.27899140820641,3.103366162578453e-11,2.8214421097127328e-08,88234432152.45662,0.010353480835374,5.75573169945661e+16,1.1178658476165713e-12,4.3891236960645385e-22,4.960476788123296e-31,4.226450273260906e-27,1.0266278519904032e-26,1.3252532389757735e-16,1.7497529855408476e-05,3.4933474320726213e-34,4.7883639368200355e-33,2.5398572412401106e-19,2.8339908697043924e-43,7.054309870350956e-25,7.343625141230053e-16,7.084369610836663e-21,6.507072780184146e-17,2.7722443836615995e-47,1.700543862262051e-45,1.646051356997991e-36,6.3739673397532215e-25,1.5386521034054696e-69,2.7342005545431688e-70,1.9162764405105164e-60,4.886502955885553e-87,209728027.24182177,286601513324612.9,1.0322713619108026e+18,1.2195027939760868e+18,4.175661152320902e+17,7.221233559620054e+17,1.1736859085949878e+18,913.3284347190986,9462853176230.38,14908751.291845642,15535.013545014575,2.499365479802364e+19,6974429390432549.0,3390119960705227.0,31.50030601152739,14497099.711290156,9.004515837181635e-05,4.694804127204582e+20,5.188288781689161e+20,3.279401444440545e+17,1811.2212833746876,5.396887053588468e+21,9.97842841097976e+17,5.620438033449892e+16,6918416611508855.0,2198392262354180.0,482587975.26537496,296223450178.83264,0.8421506656248785,2.3175829096691023e+23,1.9096030949347492e+18,1.501526562999045e+18,3.9951268920810056e+18,5.3083001204395267e-05,9.49625024390852e-19,5.053363860272425e-32,2.27603527834756e-46,4.622196849895137e-59,7.137181087594709e-72,1.3553866987854269e-85,2.009192389933871e-27,8.749606662114775e-24,6.706156485606031e-28,2.195513885331318e-24,4.7537539907913834e-07,8.758960654911568e-28,2.4005249647631113e-10,14831.834870117627,1.1519494511012934e-35,2.9336002611357093e-10,0.1684096805790878,0.0014466322355461,13844489.399368413,4.3669818490361323e-07,8.69733921232033e-14,9.10895857777682e-09,133930.89839200885,1.5114662886802907e-14,1.8160127880897988e-05,8567629118.565692,975615447316.714,8.098086811501345e-06,1076.6589005955125,0.0929054758465895,1.384012106830475e-05,1058794.4866459752,549174.9607121336,6498883359.951228,8.655147970907071e-10,4.298671310109651e-06,0.0,0.0,0.0,0.0,0.0,0.0,0.0,4.094318499247908e+21
2526.7296476266697,66195.31381949349,12.003708286540986,10.016196439333855,12.332329069710504,11.178807882545708,6.877467388261178,219642434507.03436,3.8531590882434355e+17,20810779671.964825,187760866711910.7,1973703709384.6023,186365475031540.2,1212656432524345.5,5.165723760781506e+20,7.0225355580248334e+19,4782579992530566.0,4.011494482855542e+16,7.79110901178501e+16,2.9524591183045904e+16,6.738999087539375e+18,4.715557267565749e+19,355.5749219651951,2.3799332528719334e+17,11314327654599.371,178995353584.2477,26105342067188.324,2.238606639948606e+21,2.227286206390204e+16,2.316317962591107e+16,1.4990902280902323e+18,4990243074090683.0,1.1138925854054508e+16,5.904662747041392e+20,6.542398640143063e+22,1587650891457.4058,101.29642232245456,8.712641841254507e+20,3872617116054.307,102633.17831748066,1.0572760709067437,7.433009119581152e+18,3.428849932767548e+16,5.658467286211951e+19,2.346333775184875e+17,4.530117446740223e+19,8.190667521393256e+22,1201462134027446.0,9.63368757157126e+17,6.539326464346062e+18,1.35518337986272e-07,1.5930684568773492e+22,3.5351884041490845e+21,10676462455088.43,298315939.79550415,106.3287039379133,121.6287846892896,3.2275082711622094e-08,5440620336681.688,8235.26649961351,2733534071691620.0,6.4867899343521595e+19,116632004631826.6,9345932722.626406,4181696973711652.0,13931.670047680607,1.3230232546189366e-10,1.6281612328551884e+16,5899849645384136.0,75963729.63456911,144224047624.22452,107.55767774474914,2.796999950446913e-10,1003863675726.337,9.775564008533803e+18,14866127.715500249,3.0182939102283794e-12,2.390753049336735e-22,1.5955436336107182e-31,61583811.88161978,50662226543.41736,6083139.725596953,552646.1075087374,3421066.987830669,7.748252926202439e-08,0.0026362832481127,4972092969840.667,13845225.41706675,110.8287574834392,3.720051056671072e-05,9.3503716985625e-10,2.5674316020964842e-14,5.3833070402390934e-20,11.98940804560317,10125845.462083155,481.2807948233799,460400714.97059333,820117231.0527154,0.2192424742977923,1477720633860499.2,1117659643.083195,131701086000557.94,0.4034430330517384,2204952512.3767023,7.109245899255504e-05,2129807.245617533,10976270215.798706,0.1699652577087965,1838122.45601363,171860.62376006672,1.2045646209378146e-07,1133.519428354987,25.63070135247113,0.0017309133008781,0.004972200953844,11711225.641643863,5.932710383988358e-09,1.8485667275785253e-08,4119.810982739337,1.3004635116030748e-09,0.0032508802004053,552.1271201949505,628267222.2823498,0.0,0.0,0.0,0.0,0.0,0.0,0.0,4.0867505108927104e+21
2100.643744898465,81535.50555919913,11.993939254654832,10.969632932637769,7.298199330766659,7.456365327207625,5.6734005116688095,1433125208009.1128,2.5616179118755983e+18,668696125225.7267,2500.8686850311274,213415853.38389567,53186758590.704414,2740302.0993591496,911040494710.6075,71013213846.8146,26560106915.77035,6234162992809.575,69232362858.79846,1089264422476575.0,3138702109314962.5,9.624781444688058e+18,12831818.780170804,475831.4707329401,95609.31310798012,0.0007376160626754,0.3022768024855311,3.0406413119509724e+16,1319832710.354887,1435705464996389.2,5324578.613319689,284.73249128945974,0.0005605852199785,49123.408685878014,2909496118.446333,496420.0220729997,457.6576216002315,577054566124.4744,2121442.9083783007,843795.2809192454,0.9734464390304186,0.0484605890756538,2.137907054711636,0.0364772494242623,724.3115357870562,3.849223283686156e-08,0.0493690245759951,5.088891909761078e-12,0.4025449410622371,1.2051523779671893e-17,5.5048890641306123e-17,1.4298482092905364e-16,6.696902458425061e-23,186756996619.4024,20776743061.43866,12006608.606666025,13990687.044284629,1.8789144485183795,7.272973689936654e+16,50347944837.69187,152011734622217.94,1.943655276748579e+23,552375652525696.56,320066711.69332296,4.526012153451441e+22,16235394347419.137,14864.385902576914,2.2903334692950982e+17,1.390274275940967e+19,18674398660.839333,213886826829.10788,87673.51093804868,4.47354878379752e-05,2633939.8237795965,1024496385350106.4,206791.65229616355,3.929213846589805e-09,1.7370520447297215e-16,3.3598727860224997e-23,0.9809044556633816,66778412284.18265,52427.32532226184,66380878429.9186,26200192092.11651,0.7182761390038981,15568.439126929185,22754262.36177239,0.1968966891593394,4.9865964646516565e-09,7.896655369390862e-18,7.010915392561111e-25,5.514374614043135e-32,4.366306990947635e-40,5.1591692333539095e-16,0.003752716038377,6.458866635966762e-12,42.91556673855627,7.312130862338782,9.678749616084564e-20,906758.7490997044,942822235.9254644,0.0025395936685132,9.811139544507844e-07,254759650914.22363,5.04739174650409e-07,1350739086654.2983,48595746788.69358,3.1731385451666073e-05,4230132881.055665,4212838622.171977,1.97173411312877e-18,0.98454408033984,0.0008046325493831,109.42074077467156,2.9548944488059046e-14,2331.4805118805643,5.562871683380189e-17,2.1519544945680818e-13,4453689.915793075,2.415611613485554e-10,4955.767513937311,1.2040241457003373e-06,10759559.005679594,0.0,0.0,0.0,0.0,0.0,0.0,0.0,3.9616638744775334e+21
2272.262693064598,111480.3165140846,11.974543185647455,10.961336644845996,11.342730095074565,14.66973353389938,15.6061763401706,15604845328.418823,2.2927685502156924e+16,546029634226.65326,3321684.4246417917,13740229878537.035,8.09833445316675e+18,7610145.183072244,3034758406675938.0,303627000888386.4,9235154773045.816,454748445694.7879,276275223.2725332,142672031703.17508,15790508185.150124,66048434442.92544,0.0058897247328273,1587844939631.948,29142031214.74408,42135169.96532767,10861232970.355806,3.1718288986432314e+17,6.138735986468826e+17,1320114503245927.5,5.021854895062269e+16,6.679418127760273e+19,78.61142302835985,5186305.649200825,383284124.0842144,847.7961559815483,0.0071588918609185,445979.48363453575,0.3105470335392662,0.0011455407756911,3.9471222777842674e-13,18187655.078389175,51192518.955345675,41362441545.16796,2795169.670195732,0.2921067968745884,417.9018062574935,83.54734006078458,5737.226781384631,1.228117493924499e-08,1.6378923946507126e-27,1.815377026112265,4.586580675944585e-12,25723277761556.527,268885873807.1681,21783750.487100422,25176625.327966142,0.7986685431911293,83277296024620.98,14261355.277368424,4.555649017480435e+19,2.3537986674913075e+18,129077674190934.02,728915437937.2084,5.384237389869844e+16,9124178.800766282,2828.835801983621,1.1996735375074737e+20,4190020527098029.0,345044619.73038614,744744678310560.8,69597737.28880957,0.0128096663899084,3.5224288324620805e+18,7.195570276134324e+22,6243758237574.554,0.0104192335105849,1.0384395377828687e-10,6.106690302696217e-18,3783581541607.68,8.94519534494157e+17,2.6226356599213404e+19,5243420358.726583,2.783585563845065e+16,0.0311586455907815,3235533483.001816,8.653558123138696e+22,3.892889195644076e+22,5.0831199994547616e+22,3.4730628099320153e+21,1.5130823375319013e+22,6.402777015849408e+22,2.416623504587975e+22,7.773248558720151e-09,0.028504940925038,1.551352550111295e-07,0.5758905895031213,1665.4764414902268,1.2180986276155624e-08,5915806228.103511,6848574.888247383,0.629532230155523,0.0002642226032466,16110776.19355812,1.4705170910614128e-05,6969666.4098521145,52340409724963.17,2.5481658055861578e-05,1459.7592709178723,62915.76320343035,5.670682740229402e-09,632.8077588693101,13696.227736063936,314.0232673915254,0.1437398765138051,3117237554.6649404,3.842279141860867e-05,5.310113891846405e-09,19114.85800425529,3.0122601930129117e-07,3.1842320644843323,1414192.55155547,6646382345717.672,0.0,0.0,0.0,0.0,0.0,0.0,0.0,3.952631372996219e+21
1419.6501705227388,25491.036415888037,11.982287658952623,10.225560995051584,15.023004794840247,17.314786013415347,12.614960197024986,327.8655312042405,62548638934.10052,0.0396335344407118,4402.255355994601,5616423.135902644,647213020610.5566,1286.0291640200778,1.190438942307897e+18,1.885073325025719e+16,1053744232.3950094,548610.7236908323,91213.89818555872,69830.91561668394,27845005.869296215,357327475.1769555,4.137109826338621e-24,20565914140326.01,307942.5848905375,4246279.76587186,33945674376.3898,2.1147434278403612e+16,32095537127019.06,94911168.51408637,3.392344473868759e+16,2.578528726472423e+18,17770.080187149328,283567475558.8902,126003955809303.34,5.74076492698832e-06,1.5882372954311858e-23,279806709.11776817,7.592049165572388e-07,6.649319967752956e-22,7.246557651776878e-33,27561773167094.113,797943590.4146137,1.685655551216334e+20,3578182.9785002954,1438826096.0012531,21662666156383.24,2278287191.4764357,1250709.6135931753,2168764.542381234,3.4214645109110323e-48,2.4688056374417352e+20,4159179303.782267,1090444.255747993,0.0071960776616916,2.0553618016709156e-14,2.5182586335955022e-14,6.068443443383247e-31,13.799413704339784,1.2369574237458748e-15,699630891612.2164,18976624049638.883,3203856.4793272777,8997.188246841804,190985.608104346,1.5012487787604126e-16,4.642691185009426e-35,883248547206.1594,477091894.8779754,0.0008113055059475,10688.691119508108,9.443266883444833e-13,6.0307820087682164e-33,276099393751.32007,1.296343506577451e+23,106.02125583854556,3.3940361576524676e-33,3.863969241665072e-50,2.5614352118368067e-67,10528419.117506254,71678.99387533238,5556.941075072416,1.8872516095219139e-10,0.0049324111525645,1.6700892549896224e-33,1.738612741382978e-18,350456519667015.0,38244348692.88719,13176574.101801643,866.1332047045909,1.4342976504141287,0.0012137615246812,2.1211832761523281e-07,2.4118708779824993e-19,7.770975610931295e-11,4.36311037475695e-18,5.763813024262739e-10,6.40951297573508e-07,5.476650239100648e-19,407548686.8348822,8.879167723590116e-08,1.6142780445250566,1.3002891993278676e-20,1.8904122389282923e-05,1.5304268605388236e-28,1.3527620827555464e-11,43.5956162945006,1.181499220047755e-23,1.9062650095925599e-13,7.268237308120642e-14,2.2909713016006118e-27,8.768358396159536e-12,2.2227926267239647e-12,2.5414168217713995e-22,1.0408544527829112e-14,1.6709141790344186,8.932433098521965e-26,6.731754403992908e-33,5.250829746363919e-15,2.2076265946164508e-35,1.757273754401742e-26,4.4900662717721785e-08,13.436728629936791,0.0,0.0,0.0,0.0,0.0,0.0,0.0,3.8463343305320484e+21
2492.769345422947,72641.07035162614,11.969223906470196,10.047775461551808,12.317557375227004,11.169706710020384,6.887941464568258,189575237696.52655,3.028205779803174e+17,16891328480.339546,144116993251616.47,1276844728372.9902,181349170063889.2,908489570034472.8,4.542249940307381e+20,5.949395256552502e+19,4639866978030848.0,4.080431569535449e+16,6.03042910324258e+16,2.9967129191839944e+16,5.490781705185109e+18,3.9945717114625974e+19,280.7860016819714,1.919790697754797e+17,10266512044623.168,113723518654.38736,17773604372492.594,2.796481877160013e+21,3.245703309635036e+16,3.2704847759812264e+16,1.7716652032844884e+18,7509529306719795.0,9583103716177090.0,5.774674267126316e+20,6.741562187453781e+22,1958381087553.6191,155.77461330663695,8.180527108807729e+20,3664336810883.607,122508.64031050124,0.8089766535152059,6.64973068613839e+18,3.652645863080261e+16,5.169492111032197e+19,2.7163793229865094e+17,4.833312370799413e+19,9.422811796225272e+22,1307424593662888.5,1.6221257695384223e+18,7.517740037400679e+18,1.7152906885842145e-07,1.8220816887022524e+22,4.867556470346137e+21,6722883618895.062,210541970.67496255,79.13592234766688,90.63820330334082,2.3457277337378873e-08,4580629658174.693,6717.712785385726,2621658061661634.0,5.3167448374067724e+19,73976168896306.39,5077926812.433014,3817290499062791.0,11178.581576149643,1.5900390076810368e-10,1.5654334189164142e+16,3924877974523262.5,35783131.09079448,113681790031.14412,83.17848053521553,1.9789556205212263e-10,851203224986.192,7.535716299134675e+18,10213949.481142208,1.844891572744335e-12,1.4334960950088692e-22,8.99441109241592e-32,31366921.83180597,55817631783.40861,8042450.990352118,500737.05777634634,4332981.489413805,6.036839879917637e-08,0.003349925796191,6165507326184.808,19584540.716923498,179.0429215106745,7.051891029429527e-05,2.039273712183005e-09,6.348910873752702e-14,1.5388751964588782e-19,5.164839417976282,7405632.276809189,210.8914136869766,338181274.3237742,567753133.5626057,0.0828813000681897,1335253264503014.5,1434242558.8340044,128774809663357.31,0.1537215601598131,1600088172.2041278,2.9749734975880205e-05,1771302.9494468106,10783013473.911615,0.0599280339919734,1127430.4708207091,94512.997864615,3.5607016564313137e-08,642.9148113483309,12.865111475109996,0.0013665653937682,0.0016390142527253,7183780.396758383,2.058887001668148e-09,7.269681161432092e-09,3227.745948613731,6.294812323939427e-10,0.0026630888485178,319.47507970715003,613545993.9105661,0.0,0.0,0.0,0.0,0.0,0.0,0.0,3.827944068148728e+21
1249.6859082149256,25283.355446489488,11.981469852066768,10.913666463655176,12.26387696979318,9.526315660304537,16.440750124796885,68506.82602278652,257749061962.34396,2159.1608082508496,3.3734392366243884e-06,16.99898150446802,166262012688901.5,0.0002036819604518,24722990816.298397,200365003.18819577,303761945.8907141,46403796.13927849,7.965608794334904,1880399087.1489196,1957124.0819201432,16620223216.882246,2.9764802507284167e-10,279.79858526650787,86.39892412378103,6.511724238603768e-09,0.000182908847406,2.1328028506952768e+17,2.4737572973805573e+18,2.1893983271223044e+16,24234745431205.188,6.6606833038559805e+19,9.275491950138224e-12,0.4781904841768984,181826.6245335313,0.9752635520321152,0.0008660763527979,7972.26139864023,6.441467552246897e-05,1.640298337993892e-05,2.9661754157933518e-21,0.00023182662758,0.3369405594498874,16.18398158385646,0.9554380747078776,2.8815131526053787e-12,4.2758376551549266e-05,1.036066105318112e-09,62.83749070537959,1.8253169585262224e-21,5.548962714195501e-34,1.2340432892803859e-11,8.454958351946755e-24,624.3858294709049,75.68870318789324,0.0014282296592464,0.0017866690702424,7.078355734115808e-14,434104126.0020737,0.0549516422644788,4.2622281916072264e+16,4.9484108693546744e+16,655259.6572011819,0.9374957015943106,7889710528055690.0,1.6024283603235454,1.9979189720059831,1.800943930922746e+19,74736604440.32632,0.0007511997885227,2508479.224230932,0.0003875022311145,1.3435836312242774e-18,44798414987.32136,6.3422052797157544e+16,17.436769901781364,4.278157647092312e-22,9.505878734827182e-33,5.116660444016196e-44,2.684487203035784e-05,396421474159575.7,3.53834685236444e+17,171.0068410403943,793160360500313.1,2.56644997315544e-16,758275.7857145367,3.0033219602158427e+21,1.6078150096979e+21,2.8404507536178345e+21,1.5236009852080593e+21,1.4772928281500973e+22,5.858281868421419e+22,6.41160991415526e+22,2.665934930423893e-36,6.160734911925732e-17,2.0069223172623448e-32,1.3007532647955385e-13,2.499372941854403e-11,4.433136755552211e-39,98.1068109743676,8594.684367797936,1.9633494756471183e-11,5.753361849293307e-29,0.0455849135127359,8.168396720772223e-30,0.824310856646712,8574034551.304486,4.2110005256250396e-30,7.433423839976399e-09,4.926226846707045e-08,2.5994426499557697e-42,6.185774401277897e-15,7.038921423004173e-17,3.6595855001729366e-10,6.015829890749789e-31,3.437301636259939e-05,3.3101108453290785e-35,3.8905012608484924e-37,3.6818636439588267e-07,1.184917905919756e-31,6.4345970011204226e-12,4.630247186644744e-13,8834632.700484274,0.0,0.0,0.0,0.0,0.0,0.0,0.0,3.7643740857426054e+21
1957.2001498352347,126574.82091952904,11.99034317258345,16.949486663115806,12.677896535806036,10.542812121741749,17.929553137768742,239406315.76153344,157750800786225.47,29790032721721.96,10.437322042491775,188868879.16218987,1.0990844801605844e+18,2.8986975812557625,40877564.42853322,2499427.2807258936,392495827.59503746,8270575493.508356,26.665862868830583,425497029.0177705,501.0581811348384,590.9038319042775,1.4577305269792554e-05,41042.49284102982,3098974.309925138,0.0002048290420452,0.1317898843780717,5.13234590747859e+17,1.5290763957790628e+18,9.438648347436335e+18,9013041823181.0,5.827778327587221e+16,1.1432120359095185e-07,0.0068562747970753,0.1703559450718238,2.6234875520277634,312.084217313803,1.633579166121912e-06,1.1135382200645962e-09,5.514528933326336e-05,1.8553181796713082e-21,0.0001928788090176,4.498468425094869,0.0025172313569885,178.11349992348508,7.314964630373771e-13,4.314994093646135e-10,4.3203392110697975e-12,4.6273627583893955,8.956849470704104e-24,4.435322199694832e-35,2.3666200463151662e-20,3.7866542648474796e-30,40884884.5158609,1659282585.918425,237925107.8297271,279419507.83461547,5611.000817010568,1206682672609093.8,119265800077.6464,8.426331960003351e+17,4614123858817525.0,37519701.45813021,121.05102625126642,3.7485898515881434e+17,10261366834.438086,99554487763419.72,3.830620186919678e+17,383144403.09877354,0.0002502289205604,117765460955606.23,7455257132.857326,377.6833891530297,333727744853416.06,4.204724323058771e+16,710311919.8605254,0.1936072884314607,1.343808406034546e-06,3.032537276992643e-11,41.92226517206468,5.360623039983319e+20,3.4142690598446566e+22,1047392109375430.0,9.046499191961583e+22,746021.6449425307,9.651221841678092e+18,5.637054642690514e+22,2.8781411607266013e+22,4.339102275743949e+22,4.857340678947147e+21,2.6936200471953543e+22,1.2127824255958664e+23,6.163019207238438e+22,1.2132692529663815e-16,4.850780491232197e-09,4.999906758449115e-16,1.63941845307774e-08,1.915026974013672,1.4671086670656735e-19,68.49849372991714,1398392199.7204711,5.00846464368366e-10,1.3214007880101906e-09,3954.9561361379,2.156856454529249e-07,8739784.626525536,129911444309.69226,7.677359710377229e-12,0.0065633147741571,924.753462607118,2.600862646907566e-17,0.0001570517052808,56.48269473837343,4495.158085697427,1.1826985525615864e-11,9.224081966782204,5.4548821151728935e-12,2.0878651899686335e-10,66647.0801862012,0.0001557390435306,17194.180596601193,2038.1352422738196,95999856347.70844,0.0,0.0,0.0,0.0,0.0,0.0,0.0,3.6707906025215513e+21
2099.0045729277545,56999.331691519175,12.04247627986825,13.417574408024024,14.441608188653635,13.888347209667051,12.658329146088002,500074973.52029806,172169172489000.1,1350706852.1026542,2216556845990.8413,6299893534.617735,7102008445437442.0,165716909618.82953,1.6947664424667745e+18,1.317616145628395e+17,101948868375290.95,789074966137516.9,286772720550.07153,9421996430893.896,891729531283.9972,187403933303.31644,1.0439158188777096e-06,1.2874228416124098e+16,5345074489194.952,597266517.5821017,245939018238.5726,5.711426461835413e+22,3.3528376526312813e+20,5.574341258789692e+18,6.504617423198063e+20,4.732693969820033e+21,452059896514738.06,2.731589435175374e+18,1.109814752761186e+19,8046712088.535628,31.64199045652185,10216277784029.996,77023.14593537583,0.130634389557694,3.3320249474471585e-13,1.1921998468817997e+18,1.0907562376035245e+17,2.7342772806999245e+19,1.221960148170684e+18,2.8437252296477467e+19,2.50457903645922e+21,7140893727447652.0,1.2894830742176156e+21,8.081080199768535e+18,6.675733801184244e-17,8.87248185280471e+22,4.1049428345806815e+22,376058766.32665974,86419.05228605423,0.1027344143745807,0.119721205243039,3.2897223968747667e-11,10064947620.899172,14.249210365584563,1385803423940848.5,895339014212797.1,76055541.25048192,1326.597914947308,430461213203.69714,0.3136814652650567,1.6598752960331119e-10,142728083230711.3,131265587.41758148,0.000358048437895,13116523691.386456,11.004680531121029,1.1438885691408176e-11,10598433044954.39,9.311931069598726e+17,382204.3095317009,3.025956730300836e-14,2.7384730954195318e-24,1.0809288326550205e-33,26363.16205979205,18431471307844.55,1960557646133.892,276881.9365285499,14963844933.005928,6.076734650788767e-09,18.228489668526027,4.133761000383387e+17,482992386838352.6,1651826172076.068,353882270.0975386,4244933.719148066,45067.67425367723,48.22711994848807,0.0012468347111486,1168.3094703337183,0.0010680196216459,913.1436575586384,2557542.430061628,7.052371980173514e-06,8713615005505.508,1281512590.58473,728137202863.822,1.7800070425171068e-07,6001.28904825182,1.8887857752966016e-10,65.82079338121376,156355405.3356554,3.91361673368816e-10,0.0067319567747728,0.0075036725774508,1.5647383002542812e-13,0.0101499117750317,0.1357227323803565,4.847201204367385e-06,7.187740132608447e-08,735.1644281416184,2.783265806583713e-13,1.173294785471036e-12,3.1626671793186287,2.7380038611103657e-12,7.2344051292425555e-06,440.13464743747966,506448836.47198856,0.0,0.0,0.0,0.0,0.0,0.0,0.0,3.6263889093897764e+21
2124.093905269922,57692.48004619446,11.987518466851228,14.961845859212175,17.5665323631268,13.04867145348025,10.47419158681718,221942990.9769584,83729076346.29944,61291519.8842937,4270396512303.048,64705028.936411984,709497509387.3104,123625972.57043044,6959364103017.734,562647150342.9785,13763046.548703436,15595725333.46855,78126.1953825358,70398.60507489531,86.90179663529784,0.0066131939123277,5.292915122525417e-23,153296030083442.6,2048749493.3325465,59340.01809069275,22722461.69884392,2.413439914290896e+21,1167108793899760.2,7539556386628115.0,7.747145766567869e+16,42380454406196.3,1128639985324318.2,2250231684262830.5,3264612344173.018,2.6323571806596937,1.088320012860694e-11,0.4717733524234337,1.283258184567674e-10,2.297536986800086e-19,3.632915490444599e-36,1.8573687965929624e+16,51743197899473.586,2709202147974727.5,8.1383223111633e+16,8.288648915009331e+19,2.564786313635445e+18,31471166482.023724,3.0820986445296773e+18,3.166920990964553e+19,1.2210011288482292e-42,1.4763862948340513e+19,1.9417738019994365e+23,1501.2036258467224,0.0111560422185394,4.5649728372523276e-10,5.313015542380296e-10,5.452823320386849e-21,166166.1264264114,8.851066450122257e-06,53110623.3233906,157534899.86601174,0.1137838035955788,1.516097404060169e-08,2466.6506285915357,7.48287814054088e-11,3.331097314845979e-27,2059.431405954733,7.04952088409565e-05,6.7562846544271765e-22,3996363.493857626,0.0001245581362233,5.166581249927994e-18,7960274.505898202,51880503958083.55,0.8734314485793468,1.0359321990500513e-22,3.475215873667721e-34,5.3312152836790596e-45,0.0147057037262752,58939317.37682589,502.5074356870014,408.1973466740627,1506.8773757073902,3.8189500357835234e-13,6.656729135865303e-08,3108007127.666206,306.4729185294856,8.833755465228998e-05,1.551300232723356e-12,1.5562251455820461e-18,1.4015738041159247e-24,1.2487333408068871e-31,0.0114951079940682,903.699393931222,3.654770136669773e-06,0.2665825881604506,197.64018827487308,4.849543685755005e-07,35220756969.947014,732191.6406465406,607388465797.4504,4.82566799162442e-10,1.2112653695924966,1.6931866661175695e-14,0.0004203406516728,2.238494598006106,4.3429848503261e-16,6.113452158050123e-10,7.211743230682074e-14,9.530610302769547e-15,4.567075153851411e-05,0.0001734628033007,2.0502451910356153e-11,2.5432785092040996e-11,0.01985078049479,3.396712404275922e-18,2.969995649466306e-13,0.0568668305766755,2.034285082780171e-14,4.525098129152567e-09,0.198088273566713,19252.07354935548,0.0,0.0,0.0,0.0,0.0,0.0,0.0,3.5428793259165436e+21
1738.770429354131,40703.08014177569,11.995670457467918,17.285482107065068,16.119647767805194,18.24993796968866,18.548057446752537,7933145.71814116,5595132237255.261,396864426467.753,28.048908482829948,7164673644.7279625,1.2466394471355402e+17,3.756915625922844,2507201614221.9365,97981635614.09496,12835367946923.424,66627957086.603386,32.357086597882144,2187504467.034204,725.940850782698,893.2374104377852,2.408136678720589e-07,1385194220.9605742,71472245338.44533,2857.953460606567,4228836.437595097,7.377565356116178e+19,2.3102906871104543e+20,9.922478758826928e+20,659765252784463.1,1.270486906921807e+19,7.678524735544314e-05,13.870609865637292,422.71636071239215,1300.4317094184871,61044.71021739782,0.000560228732199,7.12923250325661e-08,0.0012719362673686,5.696401261502925e-22,1478.4790325379977,43658075.932443336,176698633.72959122,700327.9462124422,3.99960890113849e-07,0.0003325393783234,24.66856264048197,17442313.72122946,8.31508158294492e-16,6.043699517891297e-31,0.0001066310910039,2.0026156520802401e-19,712256749.3798982,18605519640.338142,850283842.7638592,1012840616.796062,2552.4624621510593,15646909544130.469,177638184.80425414,5.0968144411889096e+16,169634372339406.25,456718345.3919864,1672207.5181646447,8141135270655013.0,8111434.45234812,45297181587.01021,1.541122153707592e+16,5363777269.464879,0.2719577077189401,7641762830287054.0,64137234966.73501,192.52526224213852,5.08042028965399e+16,8.83997769541987e+22,64529065055020.305,121.5075985104393,0.0001166186246893,2.0799038558272515e-10,4590983982.946933,4.382927556359777e+19,3.952000649106296e+21,8479972506304.118,6.451151330042694e+21,166.95102070478552,1.2090142584537315e+17,1.8560966394974768e+22,7.504717710911888e+21,9.12919299382109e+21,1.129243866371828e+21,5.521139645844382e+21,1.8739298444251048e+22,8.810079635853428e+21,1.8743621706951562e-18,1.322911043555189e-09,6.003718320220379e-18,2.8030781091652683e-09,0.8939284686900516,3.342873803025535e-18,1582281.8528688594,8274021600.133472,2.768337672666082e-07,4.7252073513279725e-14,9.735754508330404,3.8156957704784276e-12,17549.206571364644,1772389485.7314703,7.031824394628114e-17,1.4077301048856511e-06,0.1739548520937284,4.91343213840229e-19,0.000223095282342,94.5453965838395,8887.492391810281,5.6877141672288835e-09,229849.61173211777,8.167157755169163e-10,2.7824752834427005e-15,104.4919292337364,4.007560862777453e-09,7.517195043184748,2.6441599713145023,2032827453.954756,0.0,0.0,0.0,0.0,0.0,0.0,0.0,3.453211148890811e+21
1225.6973383016764,20180.92660689098,11.989895369699449,13.7632135828598,12.404945958570814,8.762497744556773,14.235536048131694,326.8172175366002,566064884041.328,9501402.58198114,2.3077062588251822e-09,22.866680999820083,88321198720405.53,5.805152315363234e-07,543396850.149199,3947203.753059408,72739787991.89665,2615585518.635467,0.1110288028067354,474039544237.2339,141962.88497339192,6076057521.1856365,0.0058814175840795,1.0638051872153669,3821.24582103997,6.025020870216612e-11,2.079260688443824e-06,4.870751671600336e+18,5.235645830308139e+19,5.915178949780198e+21,33642463176.911217,1.1048006967523904e+17,1.3179492337824929e-17,4.4386864850918755e-06,8.877546999155681,5227.221836848486,599145828.4383926,5.955745268619535,0.0004079203664921,13237.714714858135,1.6218321901699798e-15,1.8046861630690406e-09,0.0352618648697132,0.0006519910202189,0.0266926237694017,1.1267721342636059e-20,8.99869245454031e-13,8.452300000233835e-13,64.8577726179978,1.3737284712267026e-32,1.990447631568582e-25,2.1901474910440627e-21,1.6270976608048238e-37,3447.8079310602006,4766433.214788322,868548.0560255392,1090231.5928895022,0.3322807013480028,9409618497164.002,8932002.257517586,9.645094303151117e+16,5.433514314661566e+17,16481878.89134871,73.42294958804537,9.636870875174356e+20,1112559530.5679617,1.8007142184551242e+17,1.837213282380208e+20,9705373796377.182,0.7912368633062455,48671811904.84097,58390.106266304254,1.2999768216597713e-06,76677007187.234,6.80261664336358e+17,1110051.0928270917,1.310667797763489e-09,2.3057712792277345e-16,8.506648009541748e-24,0.000424139970181,2.4639930379263283e+18,2.1775471956426448e+21,8440426046.378743,6.062192219138055e+22,6.719991338915796e-05,4.838535878976408e+17,1.8789055116795663e+21,8.66519774507148e+20,1.3291740371868582e+21,6.678434139512157e+20,5.745736564814755e+21,1.9498520907383877e+22,1.914334856309806e+22,4.79543886299283e-38,2.6057983589978003e-22,1.685870741950552e-33,2.4112546451421962e-18,6.529482728535592e-08,2.63260530208731e-40,0.0036678798162415,12381353.174817145,2.8688828383912703e-19,2.172873358470156e-27,0.0005639239910178,3.2817387831352067e-24,122.39628943422436,144319446.19792053,5.680560149847726e-28,2.526750657368592e-10,0.8712156964751055,5.062945505892932e-41,4.032363473736785e-17,5.174925801784637e-11,0.0004163569880067,7.736419634630827e-29,1.3505641888587992e-06,4.091785951967845e-29,2.93822384455192e-32,1.0381569852302892e-05,1.32940337782764e-22,1.6842426138427396e-06,7.644520178602073e-12,33646.69015839775,0.0,0.0,0.0,0.0,0.0,0.0,0.0,3.437019271177449e+21
2270.0700302512096,76595.5609155521,11.984109247340442,13.171732086522868,9.62178418060763,12.649789147161025,9.00525591126456,173000395.69420058,4369500227720201.5,3.0927410789234145e+18,0.0074468904169694,11399499161329.434,119127351.74783988,0.0033077721006422,1147083.2436263564,114427.72597889732,20257744580.3347,1165949724.839495,0.0233852315564756,71047456.04919238,0.2606854923061227,0.2124685796345322,0.6245900407651829,3068.7448576121387,327361260.32314426,0.0686236219000386,17.786272137500085,4254936315884557.0,122901.82372541228,1.0297413445383651e+20,0.0017172316016214,3.432391869059039e-11,4.071090062804654e-16,5.270443751963087e-12,7.597627164662362e-11,0.0056489722293596,1609719.4737057015,3.3113885109963418e-15,1.3287041691576171e-14,0.001654117095466,3.6066384695577234e-21,8.113384113268664e-11,0.0013330683830158,1.5871234945128832e-07,8.533796432795393e-05,3.5222095980358696e-27,9.843392380935523e-25,4.283904050611678e-18,2.378581520095634e-09,3.4107959846900244e-43,2.7056581757246926e-39,3.7165447181737056e-35,2.9581441174256972e-55,4136495471485.2046,2.5124070606420134e+17,1.177083695559563e+20,1.3605502757603608e+20,2.4806092744168063e+19,9.18839682374259e+19,9.038886977843112e+19,130019444.30080156,8.741997654776424e+16,4034204866135.843,19326286676.48932,1.16133288542014e+22,1.1218688002101654e+19,1.7556971201443558e+18,66522137.848523475,25534355831032.258,341357.5726388633,3.613743380140233e+21,1.941814253272637e+21,2.0438426235000645e+18,44011896.45194259,5.197333517873668e+22,2.573707386809356e+19,1.4111703449322125e+18,8.087765046479123e+16,2.7254736802665036e+16,2271442113184.0747,76517722951245.0,33552.98822932194,1.7250904318067896e+23,1.3863149577709945e+19,5.833426062664815e+18,9.282102234513707e+18,19.129147269806214,1.2819966998816934e-10,2.494022016098567e-21,2.5442230743151728e-33,1.6523942684580173e-43,1.0412354994245806e-53,5.860711437884763e-65,1.484832569178743e-15,7.139257908293077e-13,5.7638091767001824e-15,2.8021658676831396e-12,369.422566255288,1.9775308124300835e-15,0.129360208966778,5945446412.560102,3.693088672753681e-20,0.0042412173936428,34215.34590935066,1369.2748659429035,86152406695.35127,1.6781104899341353,7.896797400761735e-05,0.5942723621886615,225860485190.80576,3.9440929788232546e-07,5.826685550948776,5719158389992.036,98411783080450.31,8.658775394653562,24798638.72297232,13383.108999710112,2.5331332610662485,1210738480.9740214,841110367.3499157,1165498184224.026,0.0017805845832747,1.096688871776365,0.0,0.0,0.0,0.0,0.0,0.0,0.0,3.4253244850507764e+21
2622.646175379725,67618.16152601963,11.99669018728446,11.694058328289431,11.504552067460654,14.08281002519289,12.016607859400402,291465837185.8437,1.1649842384862694e+18,894838638916040.8,9177827564.259695,612801624562474.1,3.690295437478095e+18,100253831392.46877,2.681798506471664e+18,4.028225134571718e+17,4.6864251821339014e+17,3.585131865434122e+16,9348484780668.305,4.207739610170065e+16,1116706856578392.0,1.1161003244543906e+16,61113432.56497922,982562113899947.4,837312691411763.5,135414566958.37073,16405566208844.926,7.271508428694981e+20,8.818312670202366e+19,1.3319887713318022e+20,4.2348828259732614e+17,1.3582151784093843e+19,9636646.816263815,574088668757.2487,87655795439670.17,786964339014.0005,16803440375.15375,3764032717077.8823,403002529.2021025,3426604781.918757,11.93171816930066,559087070372.2183,39595736515126.63,388492323092917.4,2249968897505.839,528481.3573172997,1233008007.4359877,3038639833.6500044,1998639755606.5352,1.50370747514587,1.3780071779045028e-07,34637204.33857581,0.0120511912038686,5646243281293169.0,2854722350544145.0,21696430619018.336,24733305535785.77,172582872.0852309,3.358613801378467e+17,13605714446394.115,8.915173123849123e+19,2.775146975600141e+20,9.586140198390595e+16,1123838089307623.6,3.2921870863215965e+20,38128868165061.69,1363243678489.4404,8.359607055728727e+20,6.763150333532763e+18,33680939841436.805,6.473447803006726e+17,12489880664616.877,1014200.766252992,2.775679625051031e+18,1.8292457612813016e+23,9317755552123406.0,1564583.5728893494,3.2106285020912604,6.213453551336984e-05,338579857931914.94,1.766308451725002e+19,2.3939189445729976e+19,434597428576635.25,2.016391036094305e+19,2246001.253400797,378722670418375.06,9.458607878170264e+20,3.4079493440529908e+19,3.518604214156117e+18,1.416192672996837e+16,4501483630951957.0,1626283560434647.5,42564645834879.58,0.0030952067138542,503.0352841051983,0.1880371356264395,35763.37249751009,2307816447.4369264,0.0077573234284261,4013978362847.0874,7410245447258.46,72132.69881863096,9.543456280616676,7370229370.087655,32.124258838746314,121274768872.92513,299181529814222.2,7.846844659625142,15292535.312393092,93654827149.38158,0.0003430610264363,447158.8253782475,432872833.5216969,169713074.0363723,1020.093766345114,361227633705.09766,26.06298402948065,0.0062295998047867,173851061.71407104,6.165398483517281,2990685.110630861,49446221.15985324,10996994722463.93,0.0,0.0,0.0,0.0,0.0,0.0,0.0,3.408970995059827e+21
2836.428918270856,79517.65723925075,12.000612516287251,11.360756585125776,15.771720180676496,10.05709500870745,9.457330951008894,96364331400.74992,333688266400694.4,3095783005.293799,5821337082699840.0,57521555199.32354,77489126038991.12,5770451903076.032,609129515666887.5,111460310849216.34,72084784.81590103,461426077469.5195,35972646872.707085,43810248.911482625,260959400.4163714,169631.8487716727,1.7086629997800304e-15,4427252446155017.5,2309035812.821436,20191522.73436288,1693824521.4445865,3.923377880815895e+19,38401680885386.93,4299439368755.041,4.901384247469296e+17,79529172355592.44,5.1734169153668486e+17,1.2446331971660782e+18,1.1507705319727048e+16,48.984122214349256,4.268922837607545e-13,5166451.7930547735,0.0006099121353807,1.8346612472405522e-15,3.8716414491461535e-25,2.2629940966613037e+17,7128308468573.579,1306410812520388.5,2.8524520735233096e+16,1.3962189838295058e+21,1.7006619428099755e+20,698644086.8066455,615672077276516.4,4.198079643670213e+20,9.405662208835059e-36,8.585431417165027e+17,2.010092079707966e+23,48692402.86524413,15.332319489572752,1.007939493624401e-07,1.1410767553279733e-07,1.0436633566795462e-18,75969878.66187063,0.0041756651396941,160868527326.81842,5049536087736.909,63405.51126593076,0.015755692501043,3855998.585032308,1.019181605546163e-06,1.0177963754262207e-25,118757282.48039912,277.1394139159629,6.460611137662379e-12,24196365.584999483,0.0005916322208048,8.868112296658279e-17,1122018539.48307,62312569968709.91,6.732766346434796,2.7643074260406536e-21,7.242225543900685e-33,2.2238816478941762e-43,9.769071204542469,218694684.51100624,2044.4457620030032,955.9084552782124,135.87875088945103,1.2642723320884249e-11,2.8774139431089303e-09,99567937723.10657,32555.69415082516,0.0302986932820486,9.500046546492266e-10,2.6178402845278233e-15,8.891924302992493e-21,1.9635726592730006e-27,285338.79481133056,61771192.12757269,1259.537749321731,338151.0254005702,1548589.442467024,13.28486903106441,1472756790060.8872,59284.23582544135,292730303605834.56,0.8671341774821589,482545.2790515411,2.021007594237189e-06,4.376071899662155,70395.03188338676,8.599916952404755e-05,0.1956845442209214,8.727448498209813e-06,1.4008424443613108e-05,12.645140766055873,1.1994302866880422,1.0762089644968955e-09,0.0002157805081511,62.18259423571321,4.802996801990696e-12,6.859962318895527e-06,108.5173165387608,2.561585026171355e-09,1.681666872506287e-06,110938.27551461208,33842199.0437313,0.0,0.0,0.0,0.0,0.0,0.0,0.0,3.3781905828475306e+21
2177.2617481548664,54184.88839775973,12.01835041231982,17.561450348849576,16.7187917691977,12.802190287140435,11.691771944274992,17196455.965694267,10140215796475.174,1.529314340807797e+18,0.4241523174854214,6134503067.504871,932227.8823443808,0.0009338627899981,1394.2429068325234,122.09266851954996,35627841.61316882,979348116.1314512,3.981629138214702e-05,320188.68164596794,2.8650445720842785e-06,1.4462345072890854e-08,3.4550409202054386e-08,511.55771177985974,84635967.17931879,1.228615842102028e-05,0.0040560992392744,1.354614743856303e+18,580824.8743707591,5.178909709991093e+22,0.0037932841720365,1.52666732062109e-12,4.9537813389908496e-12,5.417732487149531e-10,5.0671732523514256e-11,0.0072217640194503,4713931.838569788,4.652786459681702e-20,1.9779975748635032e-19,5.625611170358019e-08,7.458726002381055e-31,2.794152763498259e-09,0.0859647200856131,1.4521636654725115e-08,3.0127395130981527,1.2985947032201088e-20,2.5025002102217712e-20,1.0514961044353314e-16,0.0459114589494097,2.3660584619453184e-34,6.958193432381384e-44,1.5465958653768827e-31,5.546956811381702e-44,10905561.35701978,1012537889760.742,588178341765343.9,682777891403636.1,117540262182389.48,2.7756892281380333e+17,2.5171188581377914e+17,5206.453816647651,1262762750577.0664,58803.60640368647,0.4059661691466705,2.505891195461464e+17,159148123534447.2,934300156199.128,14.498631405845218,2373.8830632119616,1.2747520039094986e-10,3.967907409553176e+18,2.0513244188425743e+18,1633953724268699.8,524.3669686820255,1.2657641911404643e+17,43284538989395.92,1670298681959.2988,92572344723.36543,25828899888.097298,3231.0040019600947,947458229948.1068,6.770004316360335,1.2845160762674728e+23,2.866723494456569e+17,2.640318443123413e+18,1.999905001190114e+17,0.0030093784096465,2.763955584460809e-16,7.400429084523874e-29,1.1404589653137133e-42,1.0460649498294103e-54,8.869828409674373e-67,7.159418301394566e-80,6.869939134402345e-14,5.663442049421806e-12,1.5233912186411294e-15,1.2048175288030785e-13,494.3009573686273,1.429761476478247e-16,0.0052624288232958,351960690830.7132,1.1556649991586427e-16,4.803636313687744e-06,9.90376813710605,2.203261856104024,41055436.14455177,1.1941614312805082e-05,3.68304129898495e-10,5.166214846246563e-07,27354.09888217876,8.427085649126431e-11,0.0003264930693265,7917809326.016375,18399341725.214447,6.6575138803617396e-06,4.488868677250889,0.0126745368607987,0.609951318830362,87149704.19209914,428138885.42831296,100566090923.92262,1.3844139325764011e-05,0.001430232100281,0.0,0.0,0.0,0.0,0.0,0.0,0.0,3.3645546464128375e+21
2829.2926238035693,88225.0993863711,12.014588182556484,15.26576813657738,12.604935589899718,18.450704247726897,18.86432366324151,5355342668.9262705,126626725007645.8,153110121931118.28,16541938.764923668,1951078979009016.8,7.085511698591908e+19,6447.139590448606,25460103178.82004,4630468919.151524,156714494.5821288,27751031.15010306,15.95315549293382,1039.6129267372214,0.0460712709375452,1.1896264271337004e-05,3.1073799143778855e-16,462163486974.38416,12576391403.497578,73832056.51208234,6264364309.097474,6183501661435569.0,5699490899494504.0,35378263330684.68,1373485185938655.5,2.129224791600781e+17,4.4457340007059765,4.31183592775812,0.0158715285394829,1.8277671593250457e-07,4.3241583855784064e-12,1.0934344312184777e-12,6.6130440953273094e-18,5.432090809216315e-20,3.2407786475749383e-35,71306.62384150244,118388.41206899947,15048639.240567943,13171.197261949868,3.690035742300085e-05,1.7983265355796537e-06,0.0012595594638553,0.0459162092941113,3.3317484266225045e-14,1.9761249668323516e-53,9.035196441096645e-08,4.876272961096416e-20,649154847476.6582,10659471383.412708,3617130.8194101895,4095802.068249805,1.90899949052042,1492438844063.3103,4175814.314589305,5.7935498271385736e+16,761805871406.9305,334094907.4619146,2948270.136435498,30306050407.787987,401.2462182705953,0.1029744545860958,16890146401499.002,580969.423585951,0.0001839639634903,4.339693813697298e+16,54131286094.127396,409.10714126551005,3.654637340065663e+19,7.92792525419459e+22,430052560183407.2,453.564025780525,6.0599437310235645e-05,9.427412090128544e-11,422861651263199.5,1.044593639642263e+19,9.24169291211726e+19,2463864594980.0493,3.398683784767561e+17,1626.618208965774,368473558393.9884,8.701511976607581e+22,2.669623755546984e+22,2.3317990660510134e+22,6.89301262586964e+20,1.784812641453974e+21,5.68195241674211e+21,1.180029181066523e+21,0.0129406857788088,0.0099189157092855,2.2615321179730618e-05,2.146189915136849e-05,1534.2882842861256,0.02148486247186,8924268.447909778,27358.479942857364,0.0001463497555872,5.126392495624076,10294.7360010312,0.621046716357813,4887.26865398385,1450455725.098544,0.0001981462867289,0.0016029368777159,0.4372092296455582,7.330461709652916,23908.43584443517,35056135681.58657,5628.258500916504,4188836.63339265,4339917713.878899,4811.848349570808,5.2850708361455485,303951.84495900926,104.5263526136731,242.84709548624568,1634466778911.5112,1763836323915.0342,0.0,0.0,0.0,0.0,0.0,0.0,0.0,3.3337691080012186e+21
1444.9082554895451,36407.10488287912,12.018907708201604,18.02251602966456,13.827258836073169,14.290797783795629,18.534196850721028,111811.74921632494,215613201817.90628,4795006703.442103,4.061492305959706e-07,133038.4905324253,4027712823517243.0,2.473513600760378e-07,1376209.9178748992,23751.649049258376,72361387.26610614,3919281.1380718057,3.223589979155463e-05,984125.0421303594,0.0172288772979568,0.3969557192290158,3.0198638539500416e-11,14.738348908518931,12466.959905148356,4.533791300613335e-08,0.0003084980035537,4.799216551603294e+16,2.935639213955141e+17,1.2006703556975974e+19,6793858323.121629,1704435177511240.0,6.323363631712175e-17,1.4778999663051287e-09,1.1413711561130886e-06,0.000195845044599,1.7910113763957285,1.2164727024010111e-11,2.3910230801052528e-15,7.029009737914885e-09,1.0957037109695069e-29,7.723391514309152e-10,0.0011259529544688,3.886296178799204e-05,0.0004760695297666,1.5798019798039756e-22,4.0572247944375025e-18,1.317305235275315e-15,0.0002598606415197,9.795505980497579e-36,2.2507394973003584e-44,8.358029279887644e-26,6.1628740382460935e-43,54445.74831521841,20586525.8053426,3844905.3227403457,4698255.732890224,8.852642264243809,3048529013299.8975,21775749.756305743,8915533929638942.0,118044189925847.98,310795.85438809654,10.710654390712955,6.933675155748551e+16,5405352.571227012,20901710114131.344,2.2055801048982452e+16,81556987.85842851,5.142711344250367e-06,12049901630661.758,82541221.32036608,0.0475406960770713,20494418713810.508,1.7954538767869557e+19,1408129153.05332,0.000323832991094,2.821585724782956e-10,1.601000482305512e-16,32.26542265687797,2.503552638660799e+19,7.415373203980712e+21,1324571166300.6577,9.30678842264566e+22,1.2268977318065006,2.4051470803360077e+18,7.265354386402053e+21,3.381093040254596e+21,4.942068648769397e+21,1.2981949632036114e+21,8.966180875822597e+21,3.2571280279565635e+22,2.353453560089112e+22,3.3494740756141432e-31,1.986968163445599e-18,1.1542316514815404e-29,2.943982595066758e-17,4.4173370840533015e-08,8.90221276910668e-33,0.056185957095984,3494146.4329825607,1.0665056793521418e-18,9.42146411522086e-22,0.019431661569658,6.701690390789829e-19,764.0477613674437,132867218.06003578,2.0146222831641285e-24,5.668969518165592e-10,0.0006651278128907,1.3058779940824916e-30,6.971405283670304e-11,2.8294550086627647e-05,5.262480116165527,4.0245520348047623e-20,0.0968146740697838,2.267616394793603e-20,1.7145223894334686e-23,0.1711791677554421,2.6145920612489074e-15,0.0385757086763233,3.687184811324439e-06,20626227.872557014,0.0,0.0,0.0,0.0,0.0,0.0,0.0,3.323011609791271e+21
2249.177645713478,57574.23387602481,11.945514281606986,17.562914822991623,13.70422919486747,17.16755063177924,15.593786986376257,33722423.3455511,6490232483272.668,2.348506918977532e+18,0.0021160185100596,8986184668382.998,15870248083.79118,1.646955783020927e-06,708.2271141599751,68.67293785376701,11999898.309101485,651742.512556314,2.129469865324532e-08,70.79716413855166,4.4058683466787064e-10,6.604777921567491e-13,1.4546386827818813e-12,994.0964055366215,103286862.90234216,0.0203685739467521,5.5648922238143035,1557307448048617.5,6888103.814971849,3.685389494485036e+19,0.092128945149234,3.0135432594729396e-07,4.384027331191352e-17,1.1169701464642198e-15,2.991696912355734e-17,2.0097170949022508e-09,0.5374918533820863,3.871547441084184e-27,1.392417558624334e-26,1.627434038784479e-15,9.077173370073115e-39,9.887102086996572e-12,0.0001648913698675,2.1587502885097944e-08,1.0258983219500634e-05,1.5513119262856755e-28,8.16690519423465e-29,2.0545889422685557e-19,1.1770867400654269e-10,5.536169544812666e-45,9.535611053327968e-58,7.253194305798099e-37,1.9151631192503224e-57,5699570069.699677,336127437264593.3,1.4607539451709565e+17,1.6900200431847603e+17,2.6934678520850244e+16,1.2796940093677406e+17,1.094722117452217e+17,30564597.568821624,239126831265.90833,9974956.984222664,46679.794464397295,3.069106885265504e+16,23950515562968.984,550393389818873.6,27965.761517452243,116874.37032628297,2.358921422296129e-06,2.9458062410742156e+21,1.3894167820206127e+21,1.2181235944491412e+18,5797274493.875801,5.13641161444467e+22,2.0768175893631484e+19,8.264875594511087e+17,4.1617801148541416e+16,1.1914537116554022e+16,1801029767684.498,9972739413773986.0,683484068.9154752,1.267813710070635e+23,1.7884967056988415e+21,3.4047612005018865e+18,1.0694750806152293e+21,416949.624708969,0.0004205314549867,1.2323457546500308e-12,1.932576695936264e-22,1.9013269373481884e-30,1.79576938853413e-38,1.5362930744335176e-47,1.2505461423177138e-15,4.25676329970804e-14,8.77374591805297e-18,2.9860560594947416e-16,0.7087782102487774,1.6560575103366184e-15,0.0099370116688056,430465447.6231309,9.538516309236385e-22,1.671003282792128e-05,10.411161109633458,5.155629866542575,25871021.403228525,0.0873115507079838,5.235874837713533e-10,2.840835120081104e-07,3332.708707889238,7.884309820194237e-07,0.9046391062453278,15207880517661.318,15568054469458.783,20.641931244377396,4484956.329184818,29552.228962552457,5.099776993976037,194791659.6178562,1764636326.5742698,172680305530.5429,0.7346356222403899,31.88108620050012,0.0,0.0,0.0,0.0,0.0,0.0,0.0,3.248313130419003e+21
2851.8051250566828,44009.4672952821,12.013510655986812,4.821665144783543,6.00897864825742,13.378244220976944,5.33955424225041,63361075032471.16,1.0102570248508723e+19,597808457.9015969,61637206.66584962,2648473941842740.5,1472654169977.448,1714708894.8058624,6759422984191613.0,1253067310679858.8,138697322.95647112,22092412.44652575,293964640444.53595,58427945.54375987,58282353270938.266,1040206950555681.6,3.448033557102509e-07,1819914360897.7192,163489.71496604715,356776460.79137075,29211417592.673424,62787063717.7302,1096.7672348081237,1183.471270818212,83919885.59028246,235.6164511977703,50.77211936960332,3249648.4165177904,821054744.8641005,1.0504175028318441e-07,2.732202757236773e-23,294967930.5449508,0.0062366233678095,5.527075315966241e-16,5.896787869175668e-16,865721.2300518622,4.595811771213192,196074859.6128762,0.452795088567707,0.0012251818652135,4.034479378083643,1.7031105216115336e-07,1.4843204218214816e-11,3.4663997498512813e-12,3.587726701455673e-44,1.1095029545779063e-05,1.5036357828712348e-17,6.296590371684702e+16,3418772597.1100125,3.961038664839392,4.482161964819506,7.426317384056125e-12,402830592376.90704,4.020052479565461,85484048068648.16,4.189917749692891e+21,2.275598065372731e+18,2.3602229775785852e+16,552906181547947.25,27.462624741686728,1.4444554520569157e-21,1754531337228112.5,2.7219985240146575e+20,7884555819127099.0,186488985480.7643,0.8241297770835847,2.2891623154452265e-14,884225841162.9525,1.0653809562537104e+23,2152836555.585432,2.9686939777498916e-14,1.4067215447645523e-26,7.923269791174203e-38,764094282122115.0,714065.8838794343,0.1178724909480894,31.872059941705476,0.0758232616667752,7.981063772594673e-14,2.8798403122263544e-13,32717046.89320778,0.1923869807213217,3.218543405752985e-09,1.796511216372898e-18,8.87602894677779e-26,5.4353708835863794e-33,2.1480335236768966e-41,5.938132112119345e-06,414.97110202852787,0.0007248383161223,63037.575933652115,0.1361865250513497,1.143822555027234e-05,362673453257.2094,0.0105223887073489,17.127654812193672,54.33432247493027,9371039340267.146,2.198796746714549e-05,14534190.300066387,23113475291.96191,154.10796429522438,112203815305.90456,66762.60176233226,0.0013630818002388,380344075.3098082,17.378295643069816,0.0009281831264719,798.3163125851008,71870894039014.17,3.1330165957119906e-06,2.7422516434993574e-09,13232.81560493663,1.7079953897655925e-13,3.623253322355435e-05,4.06050060832229,400590605.83740735,0.0,0.0,0.0,0.0,0.0,0.0,0.0,3.2264136178919277e+21
2440.982527335005,73884.12421349983,12.00648078223506,7.317868878890872,13.162685923493086,10.112075157457186,9.98313886568044,197539222715.0707,1.883927212753092e+16,2282678.76047377,170025267114542.2,27121601939.84157,1.3316463616511982e+16,93901314545803.05,2.55449927049817e+18,3.154824510155409e+17,5726825375.972576,1284170386950.8833,597274340666159.4,85570044506.3871,5368389826300571.0,3781047919660886.5,8.38818065854397e-10,1.0350733876637716e+16,125265258.18477432,177751486.9131455,30987219130.65468,1.3372035131482775e+18,1518211600859159.0,3566338335.183142,3.167450245876802e+20,1.508053357401488e+20,2.425350411605882e+16,1.6289631398593367e+20,1.8802518532707655e+21,2555.5168367150372,1.0171854222705894e-14,1.632523026357237e+17,139141.93820177723,2.3628155627390233e-10,3.4127216256324553e-14,7.565127990260458e+17,1027978292272.896,2.569150084383852e+17,206479281599368.84,3.077719055623095e+20,6.14418394672996e+22,2880245059.197822,750162183382.0414,9.656028104760395e+19,1.8134978050237657e-27,4.14670320589987e+20,1.4895980334174003e+23,12454633365.982191,87.75527128490045,6.741679752121151e-09,7.736999139839026e-09,3.6177084766750963e-22,59688489.53007068,1.565059482485716e-05,1.7124388658834216e+16,3.21669755010481e+17,12618077343.724344,28671.55773013593,5144199273.376968,2.3097957469495717e-06,1.684200792902007e-25,9344829662975424.0,65710914585.72902,1.336811674207216,619740.1856830076,8.268827824067256e-08,3.213537468080821e-23,2124938216337.792,8918115100011573.0,1.894572821232204,1.0048753365217695e-26,1.4240276014876439e-40,1.5230986946458642e-53,815.6718973181464,936986138.4733604,13804012.084295336,0.0151274681901468,17.0327180561143,2.7006954990420837e-19,2.4878026584972608e-12,5.090161358687142e+16,15265946132869.783,13201203866.62696,513257.30849391303,1420.383480910741,4.1362483877744705,0.000966558327731,1.8634909109596047,10637241.251404917,7.114225405163199,44489343.54760329,7409.399175528469,0.0010281354766935,113128409154178.6,176.68221912991734,524075534560166.56,0.0023214411853621,115324880.28102942,9.787329380492891e-11,29.744424561556936,96069794414.0698,7.2889611046176e-05,5672.4224788018055,0.0039654263043699,1.6719924598018214e-10,14.578085677731526,2.6180748741246013e-05,1.8441922766659896e-12,3.862345544650704e-07,7788.072666676045,9.89005975433038e-17,2.3823140218736956e-13,0.5419978441978489,5.37982327534774e-18,9.015401038760743e-11,7859.718189933322,59527018805.638725,0.0,0.0,0.0,0.0,0.0,0.0,0.0,3.2199604144629204e+21
2852.1565486962027,68634.12692721568,11.991882764784275,10.144213180517244,14.129755333212264,8.829525336106574,9.75248557717717,920535883150.1844,1.448928477182929e+16,8250026941.443073,6301564842064916.0,106353608323.91035,6022195383712510.0,250993566283004.3,3.954316016285396e+16,7332712179376110.0,11170183294.541277,44444857026889.7,61579125577035.234,168264215518.56946,17469498767545.969,446183729631.27985,2.8087785067106666e-08,7442683639495437.0,9203098273.28671,58499600.46925987,4787069505.291818,8.80948678014367e+19,6283890151201925.0,22855432535476.387,3.4956698132447445e+19,4.0049745226350656e+17,5.29081708683228e+17,4.842537751849832e+19,1.7507032376491985e+19,424481.35359936353,2.092179757314212e-08,12897485339035.545,3756.90540019093,6.3071763351957e-08,1.0044196578031436e-14,3.609013506677999e+17,26358587939311.453,3270461328929985.5,6.485501750713688e+16,1.3002734979217862e+21,6.125178570938579e+21,3987089378.5853887,2979435480039270.0,3.751059969904705e+20,1.2024263921457411e-24,1.922745511447007e+18,1.6576179902458716e+23,3620227682.41013,2705.6800112372857,4.3172476181502066e-05,4.8851829098308485e-05,1.115397173706582e-15,7955493739.362334,1.0941113892324787,500459920868958.0,8599103343460406.0,187276292.52256197,77.82664940408368,15620549440.81539,0.010700691986905,4.353972437891822e-19,14703458657182.98,32054813.664066393,5.3335882648806715e-05,103013154.29771677,0.0062729971404351,2.402387166111141e-15,144857361075.7785,170960246846400.06,47.64077271387025,1.2482101637682828e-19,8.150378040270821e-31,6.327902892979086e-41,49.230047410967586,40191318448.58458,27085384.32272385,6054.698029526606,58733.28815406265,2.0914231518937216e-10,3.0733689978948896e-06,545945115701206.3,13111733810.49707,895877.5034401622,2.0418700361907507,0.0004119991737432,1.0304825056935529e-07,1.663081336941775e-12,42030.91900771594,615869987.7470577,7343.125334930205,133913909.3890355,18939025.74889719,3.2432357203311923,21502702807498.734,2951013.31697818,2587299539707732.5,5.401478803134259,195153530.8784341,3.0093151689136137e-05,4165.568203161652,1963150225.7509313,0.0219440217104191,3349.3765740158765,0.1868223899599541,3.795840517152904e-06,221.86407251246737,0.6639275335543003,1.0250321772339745e-07,8.888492858650277e-05,1676.6213063036744,4.8040930577214415e-12,2.623168401552977e-06,2650.724928846417,2.247260460807447e-09,9.996028701749308e-05,1149070.090983412,23770482716.32548,0.0,0.0,0.0,0.0,0.0,0.0,0.0,3.1175255407688957e+21
1482.9773524876707,37010.3025878029,11.9934768966071,17.98022635841004,13.82682330336955,14.268828907003249,18.52238990251622,270147.46338161756,369938660323.62994,11025459984.282074,2.4104221977905924e-06,362682.8877478439,6905879204845836.0,1.2193508937500369e-06,2557724.042230212,49980.90596596973,110840767.75028892,8086278.054951953,0.0001100028889618,1557550.402912857,0.0379628055555793,0.5856945290932957,7.42778454187871e-11,47.73158794592708,30960.805788473033,2.051562867402335e-07,0.0011065456047408,6.5769942112224344e+16,3.68839617017577e+17,1.2376902233736892e+19,15128219999.75402,2608304480977285.0,6.329741858981748e-16,7.384758040545824e-09,3.6448498578704023e-06,0.0004670714859587,2.641139636279873,3.092888276351763e-11,6.673407629784359e-15,1.2413696003059918e-08,4.2599096043554993e-29,4.305480471884304e-09,0.0040760450420172,0.000128493308549,0.0020146348455831,1.9322328075290585e-21,3.0854583968411567e-17,6.9029625070984055e-15,0.0008797414858734,2.2199056968264406e-34,1.2917964149918782e-43,7.721862829059151e-25,1.8658622018107087e-41,125245.21166308588,37050091.52211505,6552845.857415904,7976365.160739441,18.421206615987327,4808112750030.836,43251263.91368636,1.2371612600409388e+16,136569884579894.4,536387.9165544284,19.522026653327817,6.4436630176536824e+16,8676103.324732969,17358415897523.451,2.3249686856548892e+16,91750583.43547678,8.673723316963846e-06,19659815151257.324,163021909.74088284,0.141420437453468,35605632923518.125,1.7728162401223369e+19,2287776043.071175,0.0009971296513126,1.0327668842031292e-09,8.18298216746064e-16,78.7790514788481,3.2593266177672544e+19,8.190866629592969e+21,2425514754976.6855,8.708594623103832e+22,4.193805348694717,2.5137131009500017e+18,8.671814544384548e+21,4.012984667721688e+21,5.790569303227749e+21,1.37743143626234e+21,9.163453274362072e+21,3.3428571835607546e+22,2.297358263238861e+22,8.722397012325867e-30,2.1104480699231202e-17,2.191666709385599e-28,2.4403205218186213e-16,2.1049769658294257e-07,2.286022956122633e-31,0.1922870063739908,7613297.661588229,1.0717659926223817e-17,1.148288274367238e-20,0.0663132663145209,6.899418793542794e-18,1919.624564202677,266612098.73572624,2.429295473835944e-23,2.578544166894396e-09,0.0016423447788657,3.073917035428451e-29,4.4838860334675054e-10,0.0001337703860505,14.833428656964395,4.2515460715389904e-19,0.309915620404346,2.281995203389506e-19,2.8066564308017947e-22,0.6764109227639485,2.4771516390594392e-14,0.1505290608197179,2.2939476080695532e-05,53499337.447482154,0.0,0.0,0.0,0.0,0.0,0.0,0.0,3.076818699123637e+21
1808.7313628507525,72195.57389483317,11.993908875302562,6.235749289601442,9.375305805558778,4.099304051291166,11.889253134825488,2787343884.328035,4.382059122106427e+16,5591849.790619023,18331.86684525889,346231.95024312875,1.989184860510316e+17,7776401.390440405,21170318038235.04,966284591095.4348,424640419.03122413,230795601840.88907,168614419066.66614,21766396195007.19,8748549129097763.0,2.6077430484697526e+19,0.3338848762914987,5851979.032799786,1084.7310335004945,0.0002545375521204,0.2820946182828605,3.827796704628041e+16,8.820480352669206e+16,1806112357076.5464,1.0287884726499645e+17,1.0161231419731227e+21,6.811598331415513,2064223337.3335369,144043470507142.53,7694.013187750839,4.943901684562948e-06,2292737569650130.0,1643027.1030666472,0.4148632847406729,1.5934273382995646e-06,875.2136672059719,75.07462856395865,753.6247607433717,105980.05430493844,3.201409210197981,5828629.909023783,6.635345334424704e-08,707.3146451593154,1.0297722830244367e-06,3.4713663529120935e-22,8.279427886812917e-06,2.527033636391387e-08,110935911.76841088,10636.552287851604,0.0022744805368708,0.0026960912889431,4.3914268266115026e-14,547805371983.094,41.470264442887675,2.488687494219992e+20,3.2301947187450175e+21,198159871184.35925,10776.58152848096,5.864992029815025e+17,5800.514748581257,0.0002912875549958,2.1317603030632205e+23,5451190329349703.0,25558.083426839596,966574.4608394204,5.1477072043095666e-05,1.2949064083944565e-18,1137474560019.209,16511871752525.38,0.112709731481589,1.1808481726773729e-23,7.076391812996123e-35,9.581984984067044e-46,3.704068366702544e-05,246895483304404.97,1.4793565958792298e+16,447.5639344813682,120038647507.12537,9.625803652395153e-14,12.94082974644976,1.5346087127236668e+22,5.039962074667963e+21,4.945769683644981e+21,4.4265422780776455e+20,1.6930321034768215e+21,4.743771690524584e+21,1.7161405644208632e+21,6.77199064829094e-17,0.0002065670401315,5.825172595002894e-13,1.269010833703056,0.0768148095111562,1.6397097182942248e-21,824533.7513059193,4417.440285329462,2.8411932558396393,3.739988813240103e-11,20783692.477289777,1.2154295401023055e-14,126810.77256768,1570866816973956.8,2.1948213018515335e-10,17219.79824358973,1478.068405386138,3.064048707363432e-24,3.639296753037524e-06,3.9295743888907615e-10,1.2838179560161003e-09,1.794744852030205e-19,0.0215893850824108,1.2156393119125787e-25,3.9728718633865245e-21,0.3341917362207949,1.436122152566466e-20,1.1796264797111141e-07,0.1837689789039955,627488874062.2463,0.0,0.0,0.0,0.0,0.0,0.0,0.0,3.0716541098471514e+21
2759.959727708611,62639.75469414692,12.00198828117041,13.814489094210671,8.524948897181707,12.122991887259063,8.483190131649973,18741569445.211246,4.8179509795612856e+16,2.975377936305734e+19,3.762111721576294,193919658580555.2,2064029720.3719316,0.7953211438863745,830546.1923421449,142130.14431169233,1643469979.0200367,1550143169.6104348,1.1734373702158023,32628141.256050553,2.0807222552991793,0.3228990951104989,0.5696670159980721,23180.29485130028,209187225.12518948,0.5076311730083095,48.245320497764055,858414616339696.2,30938.92279346404,1.639789859080411e+18,0.019350487050016,1.3551191439001862e-10,4.282609227441474e-13,2.892492729183912e-10,6.541929298952744e-10,0.0007755488568538,1963.535850375731,1.2315486507200214e-14,2.058772364899816e-14,1.908606592269268e-05,6.331470917652619e-21,1.4868623880007343e-09,0.0009050926439058,6.591167792485568e-08,0.0005645404332755,1.7807823238153066e-24,5.596422915709886e-23,7.133312823870769e-19,3.4913892804406603e-10,6.351999580377377e-40,8.24331416057918e-41,7.030893059727816e-35,4.383025183234911e-52,34871101774513.258,1.8890364889535155e+17,1.9099686768445256e+19,2.1673998879785955e+19,2.647409276290058e+18,1.741390305473266e+20,1.2634118519645595e+20,931195694.7760748,1.7559245721926422e+17,10254111170235.965,14231836731.860146,2.2812154701032032e+21,6.668750683595802e+18,7542978409527266.0,153851134.0519218,10880681555900.545,223223.229833721,1.6341534889315407e+21,5.398920722210281e+20,9.61840966413412e+17,172576906.1288924,2.1389783003890356e+21,2.6202504443446e+18,1.7025331988688925e+17,6007292767082964.0,2309811680133556.0,1169424005212.8433,102102977204855.84,37102.93179095657,1.569638156197755e+23,1.1425165097096008e+18,2.209024646742732e+19,3.400801394026884e+17,114.8836459971916,1.329434861683973e-09,4.3893296430104206e-20,5.131621558254531e-32,5.0833285173066985e-42,6.03573821606601e-52,4.8368050107805354e-63,2.5399973295877903e-10,9.321054243920531e-09,2.5794396049011604e-10,1.1522280354569549e-08,10150.540265565542,6.910298996604909e-11,2.4178400293349007,4856922605.046332,7.78994453893277e-17,132.26166050369667,15377478.26635696,5116916.565854909,2501856000036.042,108.94024828369125,2.539417796538755,1024.6339184675962,1800729946708.8545,0.0448119081663883,8566.216615014617,140269720147275.5,259981580928179.9,6225.741154734364,359744424.1915235,2126589.291593048,69569.6231135258,249471873053.4145,530039164482.8866,58675157445748.13,4.518716048096424,231.41765755888537,0.0,0.0,0.0,0.0,0.0,0.0,0.0,3.0583041031150633e+21
2660.967770179262,69845.65399676214,11.976447116947988,18.103659933237772,19.603274877520185,11.922997175999251,13.657131823192731,75850287.84065437,19031835626.241074,440607416404.03235,1360931181693275.2,929223733.724422,83817950983347.14,194891025.2537648,4312631368.827342,672731656.5366668,271612.6017407535,20328537393.728615,224.77786941757975,305.92780332738255,0.0003259720804435,4.0066622595896375e-11,3.726527498382278e-26,134862917175897.48,40621594509.667336,23082.448129130556,2606592.8549268814,2.61484570187933e+22,5.995186212266707e+16,1.685291519062164e+18,8.941124433940865e+17,495865067547083.25,1.4416102278214675e+17,96431396444216.94,178625933.66078886,0.2106334093672996,5.708394844494568e-10,1.3796607418168875e-09,5.841427486735081e-17,6.175537717295354e-23,1.3916595014073212e-43,7828676406821570.0,184617139373978.53,5186901423425.646,9.915437115966648e+18,7.192602546929411e+20,1.982780484629065e+16,1528784079.2008362,2.716874508111955e+20,2.152230781752948e+20,1.9561161262010496e-48,4728999500902628.0,1.6274768365482673e+23,112.52682565124206,0.0201790623079555,5.79036184865199e-08,6.592182765629884e-08,1.8803737257223163e-16,2036906.198730456,0.0339558384437857,26276277.296823993,55533.99161185867,2.425429383703837e-05,3.242600407710487e-13,23.515612561435415,1.2377309977587264e-09,1.0296287471693872e-22,3.143483811006088,2.0852689843391827e-11,1.8395996891824663e-30,319692163.4905403,2.5056470447029606,8.878508874171968e-11,70610696.42694765,225864699165.2393,5.155725081540461,1.5480194187527222e-16,1.2916094219171868e-25,1.0601688555577848e-33,0.0006211480393822,140819494406.24283,3503304.141724853,76202432.38651596,55567069.074593864,0.0001829711656126,0.4145321068155824,370978538804.67896,258463.7334179764,0.5153793996638236,3.8964967482360836e-08,2.374173817516518e-13,1.6694568947824465e-18,8.333801917896506e-25,3693682.1227991576,17535.181490708263,2.8199155485681575,0.0158526306794493,8656038.375536527,10.296343803074732,109795632.474647,23114512.304771826,211962647453.2975,0.0014564484645258,0.029220481361638,1.774709221236228e-06,0.0001666415486919,0.0192354695848689,1.657600987955301e-11,9.20325083882119e-13,6.407418622955899e-13,5.161879739254907e-06,0.0001734704130546,1512.735535696042,7.459677464601774e-09,1.337520348607476e-05,0.0001259575569368,1.2921667655566314e-10,0.0286733996108301,19.856448200433675,0.0091473501950731,0.0001300174150161,8521915.20768203,55683.834592214254,0.0,0.0,0.0,0.0,0.0,0.0,0.0,3.0566293850423107e+21
2660.967770179262,69845.65399676214,11.976447116947988,18.103659933237772,19.603274877520185,11.922997175999251,13.657131823192731,75850287.84065437,19031835626.241074,440607416404.03235,1360931181693275.2,929223733.724422,83817950983347.14,194891025.2537648,4312631368.827342,672731656.5366668,271612.6017407535,20328537393.728615,224.77786941757975,305.92780332738255,0.0003259720804435,4.0066622595896375e-11,3.726527498382278e-26,134862917175897.48,40621594509.667336,23082.448129130556,2606592.8549268814,2.61484570187933e+22,5.995186212266707e+16,1.685291519062164e+18,8.941124433940865e+17,495865067547083.25,1.4416102278214675e+17,96431396444216.94,178625933.66078886,0.2106334093672996,5.708394844494568e-10,1.3796607418168875e-09,5.841427486735081e-17,6.175537717295354e-23,1.3916595014073212e-43,7828676406821570.0,184617139373978.53,5186901423425.646,9.915437115966648e+18,7.192602546929411e+20,1.982780484629065e+16,1528784079.2008362,2.716874508111955e+20,2.152230781752948e+20,1.9561161262010496e-48,4728999500902628.0,1.6274768365482673e+23,112.52682565124206,0.0201790623079555,5.79036184865199e-08,6.592182765629884e-08,1.8803737257223163e-16,2036906.198730456,0.0339558384437857,26276277.296823993,55533.99161185867,2.425429383703837e-05,3.242600407710487e-13,23.515612561435415,1.2377309977587264e-09,1.0296287471693872e-22,3.143483811006088,2.0852689843391827e-11,1.8395996891824663e-30,319692163.4905403,2.5056470447029606,8.878508874171968e-11,70610696.42694765,225864699165.2393,5.155725081540461,1.5480194187527222e-16,1.2916094219171868e-25,1.0601688555577848e-33,0.0006211480393822,140819494406.24283,3503304.141724853,76202432.38651596,55567069.074593864,0.0001829711656126,0.4145321068155824,370978538804.67896,258463.7334179764,0.5153793996638236,3.896496748236083e-08,2.374173817516518e-13,1.6694568947824465e-18,8.333801917896506e-25,3693682.1227991576,17535.181490708263,2.8199155485681575,0.0158526306794493,8656038.375536527,10.296343803074732,109795632.474647,23114512.304771826,211962647453.2975,0.0014564484645258,0.029220481361638,1.774709221236228e-06,0.0001666415486919,0.0192354695848689,1.657600987955301e-11,9.20325083882119e-13,6.407418622955899e-13,5.161879739254907e-06,0.0001734704130546,1512.735535696042,7.459677464601774e-09,1.337520348607476e-05,0.0001259575569368,1.2921667655566314e-10,0.0286733996108301,19.856448200433675,0.0091473501950731,0.0001300174150161,8521915.20768203,55683.834592214254,0.0,0.0,0.0,0.0,0.0,0.0,0.0,3.0566293850423107e+21
1266.8959929862026,24744.06848232684,12.025674716265726,10.38658478193816,14.183770894660425,7.1183529309317946,9.1592281923711,5257454.970127683,7090322090.376485,0.0013387494297884,11540.729114869742,0.0005554458454022,1295112989.0044832,12290.794591799344,14508396924924.992,126865996290.34866,58917.12867308941,611808689.0005665,7585681.587354028,416314738.2117906,28172871666.75932,3697752464801.752,1.2492884139361003e-20,11683815.616620565,1.1395650789162002,5.889052387527763e-09,0.0001434015702787,1.1084093464165242e+20,6807448446693213.0,3552055695931.7866,2.5475321391844752e+17,3.10804042258895e+18,50223336.43925025,3.3425262216337996e+16,1.907179020771519e+20,118.01936125729506,1.0802732992997904e-14,2839721811332520.0,9.027341886141825,2.3918026186018236e-13,7.369078497384635e-26,15478796140.203476,6426213.337747896,13861332531.586172,1135112649854.5852,2.0309365825547204e+16,4.4509766005669474e+21,501.55703129960864,2.779572403915869e+16,2.147737160169736e+16,3.178647622074446e-33,2.6103635066465704e+16,1.363196583754957e+23,0.0003635695279221,1.4111401376382098e-11,9.570591555835904e-23,1.1944250705049072e-22,1.991511823132858e-39,4.226361758016019,2.291654964755974e-16,5766434843.7227125,21154249246917.605,0.0063256462800546,1.6518573613169513e-13,1098637.579696417,1.1585725370724026e-16,7.449538140041436e-35,40688934660.44297,10.966514485014873,4.917142602137611e-20,2.2294189964697927e-05,1.4398031911364424e-21,2.3819709092757866e-42,6.2189240438149485,19689330.551102843,2.7276718298250303e-15,1.3682207639915053e-50,1.2543092658176315e-67,3.07848664070388e-85,2.5575827649417722e-19,971.2383022635152,4.383877924630183,3.434158053390643e-11,0.000590534667914,2.8073075609967247e-35,2.2448622969106417e-19,104876511449.5792,312733.2438787953,3.0609847282831413,8.629828630200532e-06,4.566601461959824e-10,1.0134873263777807e-14,6.0077796756951e-20,5.022082974436235e-28,1.3505612866041586e-05,6.160466775849585e-26,0.0004854842434883,1.2244392118701122e-11,1.4633859955607888e-35,190234738.8455047,99.01600191930892,4785182919.045946,1.1702414802635108e-31,0.0857235106923302,5.5823158977706375e-39,4.789553621699007e-07,65371.45581845907,1.681202138634686e-34,3.291787556449184e-10,5.4902336863555055e-21,7.076764992363141e-48,1.533838717808281e-17,2.6731532155222853e-29,7.585181491271073e-26,1.7737767683104734e-41,9.834087105856769e-13,3.519334221862724e-52,1.7860970952251686e-44,1.4270811337145658e-11,1.4496487206749055e-45,9.211620304220504e-23,1.7684356292200205e-19,3979.2698173992662,0.0,0.0,0.0,0.0,0.0,0.0,0.0,2.971823026783003e+21
2869.1530062680695,71282.31559545605,12.003785807824215,12.658939341740297,13.609718421901391,7.384275737664475,9.730563347883686,2086177759190.25,5.094635623273079e+16,7733350431360.91,6417755051018858.0,35813776129.7642,1.3448865198613574e+16,827363611511975.4,3.4917818991871664e+16,6567736958202172.0,8219815986507.268,1.1268356595070846e+17,642576643503892.9,1369552100579816.2,573175813828210.2,46263200730973.39,2.2318685393101148,2118582095792048.0,2167360349284.56,5201883.229437571,414534031.42795086,6.4349695537308894e+22,9.57072542627632e+18,1.37914813328484e+19,6.664568175219556e+19,1.539205997581722e+18,4.745220551886697e+17,1.3260172412943552e+20,1.507131771551303e+20,2535860269779.05,86118.22557032814,1183478369363610.2,297647299.0985067,3392.5182196271194,7.635254974931833e-06,9.087011578311373e+16,5361029866055870.0,232810825372419.8,4.49292490331383e+19,9.873771771158144e+20,1.4450014762256449e+22,210673537567.62268,1.424056297080549e+21,2.5502841669525353e+20,4.758561863952222e-10,1.0641313826746342e+17,9.680125657605956e+22,3948896181.491089,2444628.3663795777,33.09197661338422,37.42618357559609,7.470237923559353e-07,23567964531768.637,2840545.541767353,3602778869391034.0,9.535848107012627e+16,653186374.806534,82.11721487056074,143822952732149.16,89653.4051883935,5.176336880539417e-06,339107312611083.4,352044560.42546916,0.0006117333804725,27816924497.879936,1477.0829385811412,5.069461872726308e-07,97163626557.52164,15326563311428.977,3866.09501597734,7.939774048569481e-12,4.52452625333671e-20,3.112950979773966e-27,1.475845199039902,74051623087626.31,102848104059.05785,4708024826.603761,88768428654.86897,0.1491956908797222,4016.739416665542,2455577974658663.5,124002559680.9802,17805557.954949073,84.38368591731896,0.0356816784817044,1.8815887979481353e-05,6.350753106958453e-10,24998.07383971799,1367054246.507714,13909.077126855354,950245078.002589,26041696397.98421,0.5779246201719456,12528698411838.031,3950114031417.565,4725055928037977.0,11.735151118118605,1513517387.9443624,0.0545664536990088,26520593.66664889,29922171612.499516,0.157519042878013,88870.39757125647,3134.912860316726,8.080276599731707e-07,168.10973564954566,99.72614312797369,0.0512181402034287,5.169184811181759e-06,351.1059576162681,2.37121554488571e-10,0.0015196872710352,5387594.128988345,0.0010399484067582,172.83042167205167,1465658.9512316317,113384090362.4038,0.0,0.0,0.0,0.0,0.0,0.0,0.0,2.8682306161401135e+21
2804.0398801919605,88723.24375737403,12.022549708790905,8.713304165793131,13.170691244408273,14.452054317789456,14.926337891547776,203726035288.58633,3.678377231756471e+17,66354451714.92374,450887915339.81647,1563646238956488.8,6.543532482312767e+19,579639718151.5188,2.60519887609958e+18,4.6358702207334016e+17,8323405807783.703,1464283520195.274,4894368003014.039,183230119880.13855,48739938714102.88,43065020449351.04,0.0002603284388731,1.3433927343267146e+16,191870792852.03015,1929942744599.439,170544055906679.38,1.1009592522792306e+17,1.0413602026105997e+17,331401883878.3446,4.5311160914368135e+19,7.591076103979878e+21,4127701929.211892,14441898163873.4,183352125996353.28,568.5385866398306,3.668880831455866e-09,133834343517.6772,397.96651594434326,9.09886275835714e-07,9.514406767741773e-12,70129888932272.49,63365040412.29754,1.5509411951867034e+16,7131518023.120829,1239445898.7594934,212042667022.5381,22538025.967559952,483254.0145862466,37174.65674041262,1.9085595019680143e-27,107655589145.79794,1925.7563493116836,1713851020916715.5,14743504617.106722,2526.9381477742563,2863.561252749628,6.438125003785356e-07,2212634474140.239,2975.01641359977,1.775694834140397e+20,7.594630935908862e+18,2964148711941046.0,24710169836741.73,157707407740902.38,947.1930657870728,6.93269936105952e-08,1.7345616952264104e+20,1.7734532615622742e+16,15853691708.653894,19147794668763.473,11565.283361359054,4.0590919223083464e-08,3.2232581027302773e+19,7.299701225562312e+22,181081022075.17703,4.274254859775405e-08,2.762166145234665e-18,2.0298404956142607e-27,315468676143650.75,5084742587371407.0,4.6988525120700664e+16,558139.1081339691,87973203513.1624,1.6506571327525894e-07,46.7816787710017,8.695076804526526e+22,2.702426568550353e+22,2.393099528385712e+22,7.289487001103438e+20,1.921834901628441e+21,6.172813658086508e+21,1.3093588317896054e+21,6.035797797438495,10917.039557116554,35.66358597338502,79388.32012026048,1551724.290056533,9.6070960436922,11531353300149.94,10071.314157300258,6089342.246393801,233.71388319208864,1185620334.0790887,0.0146616648519201,298938.42458231567,187624402096325.28,28.871470131053616,559304.6687898417,135800.5770830049,0.0890322851556438,736776.4108374909,285170.0395300998,0.0505839188934263,56184.74092462007,145096287949.7432,0.0325758428888611,3.593320906803521e-05,5361.0728400566895,3.936013763033949e-07,0.0021541976522726,26724078538.188244,67840632960653.09,0.0,0.0,0.0,0.0,0.0,0.0,0.0,2.8642956634270466e+21
3015.020754764953,57869.19611327749,12.015010664049573,7.82113329930081,11.160400766095943,15.763963804791675,10.547437992204754,752273341465.9641,1.1447454349450756e+18,9256498970.835896,2304848218178.185,8849503523383048.0,1.6648393098662752e+17,3412726569021.9233,5.562149395749507e+18,1.173935284419418e+18,603799624424.8915,111737719693.0067,25406411093070.39,14604861953.492245,205782288708564.53,157230784267382.9,3.549024669906694e-06,4.147192463885058e+16,18453268900.76938,13695258605649.406,880138904398086.6,3150271346881037.5,3329572650720.741,290296297.374183,7.0778408706839816e+16,8830477208837954.0,18819365495.63802,37623046476127.78,388058660676433.0,1.3550504747594514,9.20654455635984e-15,462750786312.7107,71.6332369482012,1.4123270944655988e-10,2.3657979471020333e-13,203695663580825.6,4283836276.2767015,3.124325718920677e+16,444064925.77098054,3139741399.95222,376450875892.492,1565928.7963982325,434.7312039936752,102679.9579164682,2.871957525333366e-32,178069886140.79514,3518.357039900086,1.1273590643839404e+16,3063895107.758445,22.126860464523485,24.92083568294197,3.3849903544211704e-10,266772796534.58673,22.323562580497168,4.9535277953238e+17,1.992431741917864e+19,1.9401984811594612e+16,252918440686285.44,13448388868845.428,7.900710583915996,5.851655881320373e-16,4.928049500266329e+17,9.609023323653571e+16,335821350824.9356,2318332403464.8735,82.04015820462035,2.3447570125175575e-11,1.175275895391715e+17,1.389852835367353e+23,31668866102.020733,3.697259051912098e-11,1.4156873434207993e-22,7.394721349429953e-33,3131014282526877.0,389643972237.70526,3493241791.93331,2503.4664972800315,189496.7587754528,7.984343418155627e-11,5.342059830513771e-06,1.6287145698273056e+17,62548299636204.914,67990225961.79498,2236826.268588796,6999.575648455207,28.70882583928463,0.0070489973451131,242.730732600623,128751.335669345,1359.7764489717013,927084.8788466136,383139.2132750808,537.6575643866405,38594947879838.47,25.129738852831977,28286348.098900378,11273.39074861483,9822088490.056442,0.0244610454887438,70201.99847738583,850879350772.2043,2054.439407843339,10390918.780053828,67722.18163876815,10.27345475712246,14105710.82759303,151387.36369702662,0.0006003265675552,2976984.0634456477,1465016125625.672,0.0730724620783414,7.792165957728e-05,1621.017359724682,1.7427400250563443e-08,2.8333946108695404e-05,409650477.0922512,312213941213.40985,0.0,0.0,0.0,0.0,0.0,0.0,0.0,2.8224680001670773e+21
1500.0660670418667,30334.007124293592,12.010623376116513,14.515474393238406,13.67239355234065,17.794332359349678,16.104999000121914,1944047.2418073649,2027259795213.2017,503314511.9151756,0.0053995119054946,50595317.0106517,3587457088228196.0,0.0109390512069979,1360982054990.0725,28062368348.29204,1727982221978.3252,1585488722.272655,3.652622005649624,1181756054.330875,4527.624902680876,254875.77701848693,4.091546382454563e-08,7440710.663727059,137077183.35628408,3.342417808951226,16305.793431342068,2.489782964345179e+18,5.53489787675648e+18,1.3196985547952878e+19,9126754192839.42,5.506847597952972e+17,1.8437853961493319e-09,0.0691279842460024,122.01533748130969,13.986724609766812,65.19059341844519,0.0176675768312103,1.2643628195108517e-07,0.0001958693348576,5.588737836031639e-22,0.8806418491893097,22034.216777965194,1896290.7732110084,128.8408293333913,6.3656209688172985e-12,3.5915012773090925e-07,0.004108623114804,1688.276346569521,9.90842423615402e-22,2.190834424394099e-33,1.9126834637987952e-08,9.792720953643084e-26,70447301.78181109,596969912.3291341,3285189.8648795406,3992183.968851044,0.3207269624641764,809145175499.5928,256158.4308630604,2.5449626839588252e+16,2738612517206331.0,1156240140.9111423,3896713.623170001,3.7435083960305096e+16,203367.3279453113,127801686.33590402,1.842860797229437e+17,713306993907.3549,31.53367548702038,69964013179239.305,20071525.84016934,0.000662182323753,1682099865179647.5,1.4414991252902831e+23,734998208758.0266,0.0004285704672996,1.5239942840704016e-11,4.443957842082771e-19,85695058.2692099,4.7875759234582784e+17,4.611515670405948e+19,3196061973.611345,3.532504943983928e+19,0.0002305692403708,34073166021818.95,1.584997888256448e+21,3.011200232010958e+20,1.7783485871234502e+20,1.6679169795489053e+19,4.4933436849277075e+19,6.758999031324814e+19,1.8707778626748297e+19,7.538380750808233e-27,2.987113085510826e-13,7.169989800157204e-25,1.346106423280878e-11,1.20660275719637e-05,1.7758166526863434e-26,150808.3808467372,55113601.163693435,1.5362406031518482e-10,2.990044542202144e-20,2.4033706485396036,5.319107870048428e-19,1940.9524595801704,3159524758.5415316,2.7323691048800977e-22,4.591948772112519e-07,0.0012859868136399,2.217035833265377e-27,4.453893505735667e-07,0.0001535024100823,10.46388694209549,1.960918950644027e-15,20586.645038730825,3.2833869453114007e-17,6.0938719690237046e-24,0.1917100384263541,1.3523197017331712e-17,0.001351538441637,4.234898798959596e-06,163289569.71769688,0.0,0.0,0.0,0.0,0.0,0.0,0.0,2.7818984453965506e+21
1852.913569101953,81908.27271960209,11.983899536206678,6.250029125621526,9.367311973647352,4.148885018405166,11.884374462656716,4482466237.247753,6.683354084376313e+16,12311506.584465,53966.78851281985,784437.0709888528,2.9893794117947936e+17,20425048.86656938,29129763293568.44,1457637271162.2744,602876457.2442019,377709291206.0027,344821612437.81415,30003448034372.895,1.3250322745292906e+16,3.007146537356519e+19,0.8005639366506256,11852309.489948496,2154.0188297388036,0.0007149862627118,0.6677862636307098,4.512613355463562e+16,9.88920889682586e+16,2058658615275.3184,1.4763482886084298e+17,1.1196959941332684e+21,23.266603946872394,4317933452.860181,221908656848485.9,13571.08744712631,8.677891826002614e-06,3128826622697801.5,2869654.7689158316,0.7350056963603436,4.459359168823038e-06,2097.2827206404263,155.4279067251663,1325.5802460946352,228308.7612529112,9.95633889673044,12980512.515499491,1.5463738401787708e-07,1216.1392566817897,4.021670891838102e-06,1.1533962422264282e-21,1.9491085868028583e-05,9.666953989194613e-08,226528384.05025017,21560.071764973534,0.0052867227863659,0.0062484884543945,1.4133151999359136e-13,931637531910.1012,99.73992358129834,3.2688928759962324e+20,3.7566569834860527e+21,334555290219.4734,20506.471041916237,6.891495578240303e+17,12204.437743041064,0.0005422950733926,2.3385899728246343e+23,6868579938901096.0,48360.41550623048,1778555.721763086,0.0001300684304798,5.30045853873573e-18,1861661634476.0889,18974096813545.555,0.2238799505787525,5.357860853121372e-23,4.3702466935688395e-34,9.037143810097386e-45,9.033088996166504e-05,359856289971426.44,1.929206367599746e+16,989.8056916065148,163165302497.34787,4.033737921210722e-13,22.796281091959415,1.7804860819746654e+22,5.894484680811833e+21,5.808242209486356e+21,4.893661130835572e+20,1.845522864505595e+21,5.265133278265181e+21,1.859687693886489e+21,7.199187885291723e-16,0.0007772734267861,5.009502222829486e-12,4.038077891063399,0.2824219409104551,1.8619068441130015e-20,1442345.3459601034,7264.895679696466,8.07034323458316,2.9451869383312615e-10,43805651.82997193,1.0029602952442393e-13,252745.44925348775,2238848648432905.5,1.7561104018685247e-09,46018.14530178792,4428.217291838618,4.143119444367489e-23,1.2934206296475837e-05,1.918308997606142e-09,3.505462184348213e-09,1.4440775245349037e-18,0.0492884366551872,1.1270418176828192e-24,4.523588643964455e-20,0.912300160101878,1.295401890814972e-19,3.7959131755292065e-07,0.8658866394274485,1063512651482.066,0.0,0.0,0.0,0.0,0.0,0.0,0.0,2.7141730533232093e+21
1609.162247186614,36068.952526777655,12.015715878491712,11.013467245365698,12.264171268021878,7.074827367831017,7.826479790479046,2346552254.3742485,109603847712982.6,36152.95558894128,197166561.9275809,1679.1925600403322,888856545782.3854,3416221632.0794935,9.2244462600743e+16,2608502535856041.5,620261855723.712,467146307429837.6,6132083379116.882,2434794342016337.5,3.4273261974278148e+16,9.54578900660897e+18,0.0004236239353855,150809211901.7895,12273276.101234054,0.4123521365507606,1115.2043615456018,1.8880971310915387e+22,2.127251653175572e+18,4.209957849590419e+17,1.7323770522629002e+18,2.5447592435393423e+18,100367995344.98152,8.821582626192452e+18,6.85129407545093e+22,281610598136.05316,29.026260404647964,1.0449154784440864e+21,82285017675.02098,3006.100239606252,1.383416503645425e-06,28129494440030.316,2032441260394.645,41658421524995.61,6813584845716599.0,2.268275806498346e+17,5.228364781591307e+22,999276291.4036608,1.734908065516961e+20,6.736968498766541e+16,1.7229430619942508e-10,8.976005146564335e+17,5.501567839552269e+21,20787.989977365603,0.8170950535967724,3.3975869519245994e-08,4.088348731978565e-08,4.7840560145278446e-20,304951317.800606,0.0015038777595598,50428603069926.87,7.436748397204105e+17,2251177.676112119,0.0226571426809577,50336299471366.18,0.0095282942382997,5.324526499518848e-15,2488657580929867.5,6417851690.354457,2.8412750314366785e-05,5439.433831983141,2.1984447918823328e-08,1.786250359872732e-23,1117013.4617343703,935551589219.6522,0.0001470190960391,3.2762793269631956e-29,1.5731512071417639e-41,9.300062178285326e-54,1.4484489339239926e-08,509439068.66833895,2036410.807587886,1.1127997869941122,140591.34421885054,3.4058513311678834e-18,1.559230162839107e-06,9844060322827.377,116342708.41701558,4202.172207844589,0.0193457727342743,2.9941957980900937e-06,2.8795076115930655e-10,4.432710630416271e-15,9.31304030310676e-17,6.100035546598845,5.4331126383617845e-14,1994.8462358968168,0.2353664149603584,5.490240531625961e-22,447159635072.20135,1498777157.0683591,1073664854033.7014,1.8629285561253386e-18,95043.18677993317,1.8638179667143312e-22,304.14192761745164,2026913957.486383,2.2721250783803567e-19,0.5174551432577902,2.239891907787208e-06,1.3931843308643392e-31,1.669396135302312e-08,1.4046117663932838e-15,3.604444145002709e-12,4.159110092266293e-26,0.0003388142969473,5.3448049106535735e-33,5.07254353294098e-28,0.0069444492153693,2.4215098877819828e-27,4.1035614666586334e-10,2.1885511986434888e-10,14748811.261716958,0.0,0.0,0.0,0.0,0.0,0.0,0.0,2.6888064732590847e+21
