e-,H,O,C,N,S,C1H1,C1H1N1_1,C1H1N1_2,C1H1N1O1,C1H1O1,C1H2,C1H2O1,C1H3,C1H4,C1H4O2,C1N1,C1N1O1,C1N2_cnn,C1N2_ncn,C1O1,C1O1S1,C1O2,C1S1,C1S2,C2,C2H1,C2H2,C2H2O2,C2H2O4,C2H4,C2H4O1,C2H4O3,C2H6O2,C2N1,C2N1O1,C2N2,C2O1,C3,C3H1,C3N2O1,C3O2,C4,C4H6O4,C4N2,C5,H1N1,H1N1O1,H1N1O2cis,H1N1O2trans,H1N1O3,H1O1,H1O2,H1S1,H2,H2N1,H2N2,H2O1,H2O2,H2O4S1,H2S1,H3N1,H4N2,N1O1,N1O2,N1O3,N1S1,N2,N2O1,N2O3,N2O4,N2O5,N3,O1S1,O1S2,O2,O2S1,O3,O3S1,S2,S3,S4,S5,S6,S7,S8,C1+,C1-,C1H1+,C1H1-,C1H1O1+,C1N1+,C1N1-,C1O2-,C2-,H1+,H1-,H1O1+,H1O1-,H1S1-,H2+,H2-,H3O1+,N1+,N1-,N1O1+,N1O2-,N2+,N2-,N2O1+,O1+,O1-,O2+,O2-,S1+,S1-,T_K,P_bar,comp_H,comp_O,comp_C,comp_N,comp_S,group_index,point_index,abund_H_dex,abund_O_dex,abund_C_dex,abund_N_dex,abund_S_dex,sample_MAE
1.2691555074662943e-19,1.7163830755022937e-07,4.645247329751476e-25,1.079355932004633e-09,1.1955343635632168e-15,2.10320803288793e-06,1.1867452558037262e-16,1.8995447339979973e-08,1.2723391828249992e-10,2.182913018282339e-28,7.138611786341225e-23,1.117091377832157e-20,5.9600389066925656e-30,7.361125731703015e-24,1.5856124198419086e-28,6.318225253249898e-85,6.674502434046987e-08,2.1608822831347107e-26,2.751066403580704e-25,1.1058974243923352e-20,0.0004482217048162,1.5547373336206294e-13,4.9676017722051905e-23,0.9071535034235684,0.0001160399635295,5.888641371492049e-09,1.2096208184472583e-06,1.2568716438671952e-09,5.149629838746876e-51,4.6288309174107526e-90,1.467124570575688e-28,7.163956134636798e-55,1.8071499896860864e-91,2.6144768785358866e-107,1.0704874440738397e-07,2.0981831772811548e-22,4.921494890276147e-09,1.5856937648483232e-15,0.0059226283043806,0.0002499550377496,4.820512862524765e-31,4.543907481527904e-25,6.521954123763777e-06,2.5944702419448322e-143,1.53271579636443e-08,0.0860928688681738,7.79226512441521e-23,9.566245327407016e-42,1.3687321358482715e-64,1.7224215493207957e-64,3.4831106369682925e-93,2.276078747157328e-28,1.4064476583973129e-56,1.020493514485462e-12,8.241600544180298e-11,1.739306175244128e-28,6.76780480468998e-41,1.2741872723948704e-29,7.800058891577756e-64,3.394730189183466e-110,9.00709732149803e-19,5.247454950561535e-32,1.1536182208143402e-61,2.689019724781432e-28,2.155208440419886e-56,2.7849158289467105e-89,1.6355964767009035e-16,6.233134663673566e-06,5.568908676877109e-40,2.4831303248316363e-99,2.9611848492198645e-128,6.6541951209606316e-158,1.9500723749369933e-34,5.310232653435884e-24,1.5901743129347955e-31,3.6193741394077073e-44,1.2268266117711896e-41,1.4517467099307624e-80,6.90266243577647e-69,1.723870770178545e-09,2.430101007201205e-20,1.1461679581010245e-30,1.8731404960545043e-41,5.035504084196053e-51,5.198355331349496e-61,1.607657194804742e-71,1.38397502420444e-26,5.1430200042336e-35,2.314076968036872e-31,2.1590085405166047e-40,1.673451979140354e-27,6.92970053198504e-36,1.36934734794308e-22,3.931600431397267e-50,7.884303672292713e-23,2.968143204453283e-34,6.734136815233841e-35,3.780416455857013e-53,1.3478289475861042e-51,7.3876092888813095e-34,3.0260898263195517e-44,9.68930266357187e-51,3.819587713190769e-48,1.049860673538128e-45,7.4272707995155e-46,2.312329037160256e-37,7.519561115013526e-77,2.4448651160406422e-40,3.5436365513052874e-42,1.0119025345342698e-62,6.461963676940356e-52,2.1991314025472873e-49,3.157736947585704e-64,2.7201724760728577e-72,1.2713133116200391e-19,3.7728115555104693e-28,1208.5134157258683,1.4967242977352948e-10,0.0001109837880032,0.0001979163689975,0.5990294344774059,5.607537917233234e-06,0.4006560578276762,7.803521896005766e-09,3.121408758402306e-07,12.0,12.251222171031529,15.73218861912158,10.703512675194707,15.557512169862772,0.12282492751892503
6.873592623179666e-14,0.0001716650980538,0.0155675375869411,3.606668762124728e-20,3.1294934409603374e-11,1.0493263589696862e-06,6.0756474908976925e-27,6.816637296353622e-22,1.3515276322355817e-23,2.889927123636933e-23,3.641497045617431e-17,1.7867506040356401e-31,2.3141419580038006e-24,1.9938299867895547e-35,9.988903925175547e-41,1.346606953718346e-56,3.9887224268904493e-20,2.5099189142145863e-20,1.0687266206628504e-35,5.609999246533563e-32,0.8296923557091361,5.133134362972595e-13,0.1511275570650574,2.2494909244882337e-17,4.136948646084667e-25,9.55599653328069e-35,3.49811500998184e-34,5.576130035879804e-38,6.915356834827024e-42,3.7016820530209193e-44,5.3356790907302455e-56,1.1646705006864798e-62,2.056532785106307e-62,8.956402823123047e-93,3.6389565468146255e-35,3.277674054761083e-32,6.12478768020076e-38,2.7522060554675613e-25,2.834311200993948e-45,1.4569735316445856e-47,3.2981686644709077e-56,1.112135775893701e-33,3.322059179699122e-63,2.5645346470141078e-123,3.739426139612842e-68,2.741636655236381e-75,3.605393313912203e-18,1.0370694477583865e-18,1.82380695523091e-22,2.2190035029410226e-22,5.251661124338792e-31,2.21067392301661e-06,2.0442829804885303e-14,6.24086530089831e-13,2.059518904724262e-08,5.0810387867236895e-24,1.1156905764447216e-35,9.477646217033641e-09,1.361214158800137e-21,2.8139224383592243e-34,3.865032082992284e-19,2.8134209565666396e-28,5.6891347171690575e-55,1.5986216380835416e-06,1.3564345974407186e-14,1.2352524809426484e-26,3.248183038968485e-16,8.143616239590545e-05,1.1146630821359745e-17,5.242220244780368e-36,5.54430917137707e-45,4.5708525891721935e-54,2.4115789360073887e-29,4.7986952011905445e-06,1.3183613959591578e-16,0.0033369531686768,1.2344346415350224e-05,6.2105272036445345e-18,3.6119737993803684e-13,1.407547367934916e-13,7.254229910144137e-27,1.164807878787618e-39,3.0523166731268603e-53,2.253096403117683e-65,9.164732526614115e-78,6.97829898910515e-91,8.654156530850437e-34,6.059314069493352e-41,7.131748390262513e-39,2.3160885377362404e-46,5.831567319150668e-21,1.3574474327507061e-42,2.89912534236506e-32,1.818773062393973e-23,2.901854289126229e-46,3.737949747151507e-26,5.977886200701445e-27,2.2034414956879223e-26,1.6706706206290104e-25,2.5170523882909733e-30,2.687764798476488e-35,8.18048895854881e-41,5.140628824644647e-25,1.9036034765234304e-35,7.667665250841983e-36,6.8713056688897e-14,2.306437828584908e-31,1.4372140441200858e-32,2.9281490334045013e-34,7.67579931649576e-36,2.7807039235443464e-24,1.8239326049482265e-22,2.303760427228844e-19,4.055675048800018e-26,2.2604970924468146e-17,1.5294709800764355e-24,1487.558200630331,1.6042486347041068e-10,8.14550736197845e-05,0.5405579146318864,0.4592750844796207,7.702627710544261e-05,8.519537767842302e-06,1.280221714321093e-09,4.621600388699145e-07,12.0,15.821924089961197,15.751154745191306,11.975720767171603,11.019497891987784,0.12011131474443479
5.953330435008246e-28,5.783320694851655e-16,2.94075127955141e-30,4.9759387299314415e-18,9.277192404882326e-25,1.8503295200034907e-10,1.9825692317357862e-24,1.7574538771506064e-13,6.19066218651634e-16,6.59021858465963e-29,1.286406952704094e-24,1.7321610974542048e-27,5.9100973361189115e-31,1.5280215434257258e-29,3.6482436445237875e-33,1.5449544612514026e-82,2.4803189299017334e-14,3.86810356120115e-28,6.503817040466087e-32,8.781288170765002e-27,4.814203830221019e-05,9.752183492778134e-10,2.8352683516281794e-19,0.0241303410274121,0.8015204354424803,2.1361241063822994e-15,2.2346448389875817e-11,3.322848689852833e-13,9.297177225287882e-46,1.4573703687253182e-75,2.427294905365978e-31,8.892772774838581e-54,3.711902215046709e-81,1.4130404465217197e-102,2.9027318171753976e-12,6.379974331818114e-22,7.108859003684237e-12,6.035797241267468e-16,8.756746079806837e-07,6.073187505040187e-07,9.414689159719942e-28,7.95285791568972e-18,4.9245862717360527e-08,4.0568088240973527e-125,1.567726500782389e-07,0.174299355383467,2.0044707655483673e-31,1.0493849280956149e-45,2.422856622123447e-64,3.1107271540335473e-64,2.671930390638432e-89,1.3920869942844556e-32,3.1301091973209833e-57,3.7016968405039637e-16,2.927168242245834e-18,2.734533861454248e-36,2.872892678381517e-48,1.6602557000241095e-32,7.296143614212949e-64,5.248818872512773e-96,1.8810804472829397e-21,1.0547891924674451e-38,1.4500810300506492e-68,3.524255307278223e-32,1.2635030584604148e-56,2.4050263283133493e-86,4.7268699458376105e-20,3.243460105431281e-12,2.6844411994157333e-43,6.380688693933786e-96,3.841593051662001e-121,1.8609804629443236e-147,3.394482874077201e-42,2.3121209277899082e-23,5.934278994913935e-26,8.84180352420671e-45,3.5510457086639586e-36,1.6956822928239572e-78,1.3714271049552038e-59,3.5900046234828905e-08,1.91817072173195e-14,3.605059135301427e-20,3.664808932401833e-26,4.459431008469062e-31,1.686282384902985e-36,2.516182879956795e-42,2.7985252689073077e-39,1.2599966578125414e-43,3.309399074765599e-43,2.5579816974046717e-48,3.698509954251259e-32,5.313443358988205e-48,4.120038796959399e-28,4.9841954458178225e-47,3.007360558333142e-28,3.624048241012735e-48,6.975856364356331e-44,1.302011272506238e-62,7.9931762315022915e-56,4.191249648006579e-37,5.425061171505678e-58,3.1622146868398296e-60,4.0694663799592e-54,1.0753152967232632e-60,7.32442819861593e-56,1.1344577770503553e-44,7.579075852805834e-77,5.549035977730679e-53,4.535642475804869e-50,3.613459644001541e-71,1.4648915473524548e-62,9.121341187863552e-55,1.4373532338662363e-69,1.435450563992655e-73,1.3080780544357454e-27,4.205457435526693e-32,1087.638527456451,0.0033702434505407,1.827011877015646e-07,1.4480964528662643e-05,0.5105099721981747,9.431747029128557e-08,0.4894752698186386,1.7822416325778472e-16,1.1584570611756006e-14,12.0,13.899056119111108,18.44626285930827,11.712850773321794,18.42798938384086,0.11616079571784106
3.0562786365201287e-28,2.38376886772142e-12,3.3802980180534355e-30,6.248552650580377e-20,7.42618561663946e-27,2.3065759760669125e-12,2.5793218051320373e-18,2.206657191635451e-09,2.079287969533078e-11,2.1754309378847184e-21,2.074702401419921e-17,5.5307232112629344e-14,5.213824559635612e-16,6.840658600204233e-09,3.056122792863901e-05,1.0415891286208169e-44,5.732194803128613e-17,1.2981937004124022e-27,4.6015712248121927e-32,9.737485648440532e-28,6.783283708145422e-08,9.061388146863115e-10,4.989735776387367e-19,0.0001756496123795,0.3919003663951503,1.231464579803211e-16,2.337196460423475e-06,0.4409653724344771,1.6974575740287806e-26,8.648911671590568e-50,0.0107507028292926,9.848511836111851e-21,1.4666563840245358e-41,5.010380918945987e-47,3.4743897287938715e-14,3.0337907605120553e-21,2.960662833091601e-14,4.51687488907265e-16,1.8605220978866853e-08,0.132740183204982,1.271221260017771e-25,8.70560998361504e-16,9.393112590617346e-09,2.208595165909611e-62,1.1279131586613002e-08,0.0234343301368539,1.9030272269189123e-25,1.738023531260267e-36,3.107817692619695e-51,3.8696103688868744e-51,1.98660614193591e-71,3.689018657928551e-25,6.266214181807029e-45,3.920431860301054e-10,2.433663313749481e-07,1.2074540633992027e-22,4.244207789322438e-33,3.0243928940962137e-18,1.2072860124053126e-43,8.889909978718242e-67,1.0160606437181017e-07,7.009515261838414e-18,2.2600101779811173e-36,5.973901307920447e-32,1.1800914410579333e-51,6.801207459516718e-76,1.4560774997849882e-20,1.864447532469538e-16,9.493527356116023e-42,5.198135568005471e-84,1.43905305014668e-104,1.1766404551733288e-125,5.4341831667442666e-42,3.9992309616820064e-22,3.752138819952281e-22,2.0634141788586552e-41,5.43536934578568e-32,6.692669652752417e-69,6.016530829670212e-51,3.448511569979562e-08,2.3506172353345387e-11,5.2320480628938813e-14,3.185047224379165e-17,3.776408921623779e-19,1.9249976990687337e-21,2.537773410510975e-24,1.081529450581849e-39,6.3516881808300566e-40,4.756525670191796e-36,8.545296060530463e-37,1.1218586544407084e-25,4.075003028372862e-47,5.9063050346515586e-27,1.336457985103913e-40,7.201106450934829e-26,2.0909886829803827e-41,2.667741854275659e-34,2.4606073029930325e-52,3.386033003797909e-43,3.401920771323852e-26,1.2933554957331362e-42,5.275548823315242e-41,1.9262608245117215e-31,5.654851322897494e-59,2.1035287613001617e-51,2.2202079072889706e-44,4.712004055221412e-67,1.1418577331523393e-52,1.156255288452183e-46,5.992523471252084e-67,2.400091361848747e-59,3.0546153896626825e-49,3.8263797559560475e-64,5.3389108335274285e-64,1.1176072129065943e-28,5.564347852996742e-29,1284.2867284770475,31643.564995287976,0.2895807402716149,1.8816434118464788e-08,0.4957809117771034,6.785968192447224e-09,0.2146383223488792,2.801752759611413e-23,2.0060549758817716e-21,12.0,4.812767650234275,12.2335201278504,4.369842145676049,11.869937591165089,0.11584188325562692
3.261181833554153e-18,8.073195108748985e-08,4.545297069111013e-17,8.972763389948537e-11,9.974900631627889e-14,2.0657340154243705e-06,1.5167915095647097e-11,3.4292241628703966e-05,2.4000891102733407e-06,4.31348041843777e-13,2.695477125962365e-11,6.944313375679729e-11,7.763715282049004e-13,6.040957822561151e-10,3.4378304979053255e-10,3.894629149672432e-35,8.43966219644432e-08,7.755511442236623e-15,2.83295828052931e-16,1.4180630464308177e-13,0.0014329396246092,1.0745969267405391e-05,3.1435146185229255e-11,0.0726578938554997,0.8630582363674313,5.6181216755306725e-09,0.0001179986814517,0.0013479293008825,3.9509638606294194e-20,7.319855661999451e-36,5.608126683952178e-09,6.890781533651289e-21,5.432365593558192e-34,1.4866898687704508e-41,2.339526869671391e-06,5.496067321821791e-11,8.04974394541163e-06,5.568569196813546e-09,0.0001435514545151,0.0370550173797208,1.2016024525760122e-13,5.98325043459602e-10,1.135913766310854e-05,1.51707756898256e-53,0.0024644291070988,0.0214489322692004,1.3324987441301018e-14,6.692739842285446e-22,1.4711679902488938e-31,1.720260305907561e-31,7.018931733029144e-45,9.049905861662966e-16,1.8650579120169894e-28,9.342459267042942e-07,1.138688830138264e-06,6.651559355361034e-15,1.0641417160972022e-20,1.1738619102565646e-13,9.491561170504565e-30,3.267809368980189e-46,2.3461271775731378e-07,3.181845129569277e-14,1.1340991337814552e-26,5.721325191147953e-17,7.229790283803469e-30,9.344021463849996e-46,2.949465179667287e-10,3.388909346475584e-06,1.60624509869888e-22,2.3144471687127197e-49,3.175404977617216e-63,1.6720382036200027e-76,4.2565623962606495e-21,1.2042260566667144e-12,1.7601278888578154e-13,2.010873317353221e-24,2.294802906991479e-19,4.5940667586264346e-42,4.49319702443377e-32,0.0001956642802268,2.7360035576472493e-07,1.124006660526957e-09,3.116459150419045e-13,4.5850375284640055e-15,5.747881860736291e-17,7.633992151273197e-20,3.921489538539777e-22,1.0541068056852877e-24,8.507172382639865e-22,1.9930790394417907e-24,1.1681023766072226e-15,2.1683607612748806e-25,1.9975659830474073e-15,1.40465997191976e-25,3.302917041107082e-16,4.3040253491105e-25,5.73740904211679e-23,9.399381656641156e-32,1.4576581682464575e-28,2.8484867185249874e-18,1.8432375327646168e-27,9.724369847496679e-29,4.698113434358653e-23,1.0820653603572046e-32,2.8334799611917872e-30,6.5513536867308124e-24,8.605268500018229e-41,9.50594688863081e-28,3.596975373672572e-26,6.769040506927659e-37,2.032260345044344e-34,2.4571520880272443e-30,1.3442991708948391e-37,1.0096316828333516e-39,1.1696546306015553e-15,3.7917547963789055e-18,2034.4727301748344,734.1589375733423,0.0132387083224366,0.0004788615403915,0.3877643484875872,0.0016556259922511,0.5968624556573335,5.7390009027628425e-21,2.123430334022252e-19,12.0,10.558364344404083,13.466722263210878,11.097116622103684,13.654028647575757,0.09817859979764265
3.456360443236993e-27,1.8262701452327196e-12,5.4228443084821274e-27,1.6863928932950862e-19,5.860387709900742e-25,3.979907846609991e-14,4.2709871013596904e-19,1.391236599864647e-07,8.737109001752603e-10,4.7267388258410065e-17,1.07878451399399e-14,1.0176474657068404e-15,2.1632150217462613e-14,1.7607631320081002e-11,9.772460836952568e-09,2.143095464757523e-44,1.7498175550142194e-14,1.7410460765701057e-22,7.444754455767022e-29,3.3786390747778305e-24,0.0040018340727278,5.4147629732766774e-08,1.3766215309363632e-11,8.766812970998587e-06,5.080234583818476e-05,4.1049947632758256e-16,2.531293069692737e-06,0.0695074735058267,2.3786832376855043e-22,1.963463770156448e-40,3.996733614762895e-06,4.978195690699718e-22,1.145562885804801e-37,1.797369523828602e-49,1.2420498073351823e-11,8.145498453366453e-16,9.189102449563583e-10,4.626933939028631e-12,2.173329237799956e-07,0.2457086882196242,1.1125887454844304e-18,2.334604198955228e-08,1.0215650991913792e-07,3.5941914934708645e-59,0.0005770143925419,0.6801383223981883,8.72122238929626e-25,3.2516358633241655e-33,1.2813994867866785e-45,1.615760517300781e-45,7.872134503950058e-64,6.753735256173058e-23,9.902717905352134e-41,4.506416780437079e-13,2.2485557266823307e-08,4.725592811187445e-23,2.1942244955456755e-32,1.0402449176830867e-16,1.2838330876179763e-40,2.1005864637456144e-61,9.59705676316379e-12,3.7261174185634143e-19,1.7083011310279934e-38,4.5962805828444845e-27,8.923613375515551e-45,2.497953997817331e-67,3.767764345483782e-21,6.3402578487230895e-12,1.1715171361247228e-35,2.6840569171265356e-74,7.844502550380297e-93,3.967851763685387e-112,1.5237859049422725e-37,3.0979803075468916e-21,3.7617485620414674e-24,1.2705951497140108e-35,2.27237235103074e-28,9.865153784539664e-62,3.2322499644669976e-45,1.464814513438806e-12,7.714797248298798e-19,1.3659799316656635e-24,8.763095461909092e-31,8.957235777617865e-36,3.4419313444927855e-41,4.073431104467254e-47,1.5762160176878992e-41,3.783670784517064e-40,6.492193733115732e-39,3.768033777652486e-38,2.5738073716226054e-24,9.74653525893708e-48,2.2212030316928583e-24,4.701467147388959e-34,3.4913046748106214e-25,1.7929351008796404e-44,3.1938039889652843e-35,6.65575530788469e-53,2.0002375418255195e-41,1.7122696126926324e-29,3.8458281834836054e-47,8.285266685288675e-44,6.170062473096323e-33,2.6403002578819027e-60,1.485268025323099e-50,3.572185166657836e-41,1.6490596742178152e-60,1.1418026767209612e-51,1.2472102900500664e-43,1.298161067520169e-63,4.277588487927689e-59,1.2344900656247831e-46,7.416399481441331e-61,4.108141225261206e-59,1.9349066095853708e-32,3.6676814923884246e-31,1195.1974253323324,219.80597805908172,0.0823284958649874,0.0008563695906338,0.916544555027672,0.0002469503972739,2.3629119432730616e-05,7.507294132854827e-21,2.3497830635835606e-19,12.0,10.017111056301731,13.046603400758912,9.477059548197428,8.457897356474305,0.0965351319469063
6.414087000107402e-18,1.0463448677630131e-10,4.543125569211176e-14,5.75147878979889e-10,4.8008611314226465e-14,6.722408967255745e-09,2.1719221463768542e-14,2.637776006941593e-09,1.9272181591985155e-10,5.1532074053198835e-15,4.7309473991426195e-12,2.0832700724199753e-17,2.96444582821497e-17,3.7109584580222744e-20,4.382246726164812e-24,1.6376302930204117e-44,3.3003675974623884e-08,4.601934183130505e-13,9.393705641155412e-18,4.341338661516368e-15,0.915066231976339,3.998431902466997e-06,3.0268386752782624e-06,0.0001981144799763,1.2403903531164394e-06,3.3063912952545475e-08,1.3012391313768754e-07,3.0374078708746675e-10,2.218151167375704e-22,9.614008547662902e-34,6.632004199847731e-23,1.401221275443246e-32,2.599742090556728e-41,3.2005437574047464e-58,8.486345474650362e-07,2.847334085709951e-09,1.837785099119771e-07,4.0455672858125186e-06,0.0006918612664751,3.5891655117136604e-05,4.1023277531669274e-13,5.1329180973608653e-05,5.229890221613492e-05,6.090149811260424e-66,4.740104118649e-05,0.0838432316981979,1.4387683363659149e-18,1.1022431771176046e-23,3.9567935923756095e-31,4.620327719309191e-31,3.3673934103832226e-42,1.88750596385651e-16,7.005145002920604e-27,6.723555872575516e-13,3.06078813849147e-13,1.5479554012270746e-22,1.9058405770566962e-29,4.850744372280829e-18,7.891959212027573e-32,3.5878165109842707e-47,3.6572705073738115e-17,1.5220332876903411e-25,1.1263379380653936e-42,3.8211476597259945e-15,8.575511765350947e-26,2.1286586922298705e-39,7.260929658623762e-14,8.623950993059239e-08,8.091396221504157e-22,4.0237391607714804e-44,9.777052543106442e-56,9.608277107685768e-67,1.1216636850609216e-23,5.911064012071586e-13,4.8867869203269025e-17,3.0816595597160425e-19,1.668751219936442e-17,1.4541243781242159e-34,5.650428400376324e-28,3.3609364387983804e-10,2.8124734585038295e-16,6.903897079786763e-22,1.1094796917077815e-28,9.670709663557856e-34,7.294663568273184e-39,5.712305788369316e-45,1.3187025213504644e-20,2.637134229777474e-24,6.1014489635155785e-24,1.0837631792940455e-27,8.61523001772286e-16,5.467573643263889e-25,2.5362947082123333e-16,5.5830139768999755e-21,6.201724854851423e-16,3.46025489744013e-27,3.0099679998419807e-26,1.1813646288182252e-31,1.1391242845719813e-29,7.396494529713254e-25,3.5184086359586235e-33,1.3437523574191466e-35,2.0393783945487685e-30,3.457374457722092e-32,5.85782232495001e-31,1.9865251687024617e-21,3.682222308661606e-37,1.731206159080999e-28,4.392483985056179e-28,2.0177363828175935e-35,1.2609549016293891e-30,9.44871190031571e-28,1.14403642861657e-31,6.416336885239063e-35,1.8688949354472745e-17,4.5408388135256514e-21,2060.3618262119976,164.60928889649443,1.5990815358335703e-05,0.4062353024883844,0.5936151751982441,4.2712157614824336e-05,9.08193403981776e-05,1.728114698443071e-21,9.53919313540575e-19,12.0,16.404907052959913,16.56963438610742,12.426680901846083,12.7543077347625,0.09270961255124152
7.136279114050809e-16,0.0001107163617583,9.713472187241e-20,3.743633445847577e-07,7.852422007840228e-09,3.4350080285767065e-07,2.9814648166831807e-10,0.0022698695092108,0.0001237780186416,3.8266494911215224e-19,2.8016809794620265e-17,9.323664255313172e-12,4.438383214642701e-21,6.334610401802457e-13,2.6087392379750027e-15,8.617572935496698e-57,0.0005662025060216,7.993266580301744e-19,4.5326004057902514e-13,3.607933203574287e-10,1.0519895584529903e-06,3.623436379333326e-15,3.6798693116893513e-22,0.000861051900354,8.402986326166507e-09,9.83002369905093e-07,0.0002700495680831,2.4415523084921172e-05,1.060093451027026e-37,4.22412073479637e-69,1.6847080679766259e-15,1.5400741181924802e-35,2.500728059189849e-64,1.61232718730036e-69,0.0006217394293574,3.1784399297535035e-16,0.0028761320500061,4.960291612650108e-14,0.0020415976660049,0.0045555063178878,1.8304537940417472e-20,8.976335712217227e-24,5.4138537436557166e-06,8.614344333420307e-100,0.0015615009640278,0.0006767751986034,4.816098018316866e-12,3.6011624697667976e-27,7.94176969127365e-45,9.360951596974822e-45,2.277556358836243e-66,1.351311552316323e-20,1.5826763840052975e-41,7.751999835435246e-10,1.1303379623807633e-05,1.3937763827953806e-14,9.338557741877207e-21,1.655915959705506e-20,4.001069619497826e-45,1.6350099740045018e-83,1.0971375221450977e-12,5.096174981921627e-16,1.2013163212426978e-31,1.1591264948693446e-19,9.021436751944623e-41,4.568207701121123e-65,2.2635297348469448e-11,0.9834211771422172,1.531925906615165e-25,4.968473023260983e-69,4.279860988994967e-91,1.0402624263051195e-112,9.250501470630103e-17,3.1784297993642754e-21,2.5285257840326222e-28,6.202656812256795e-35,1.0680651223765975e-35,3.635679968210076e-61,1.5047355249044336e-56,2.6446820614535928e-11,1.4528010091705604e-20,2.3670656943866445e-29,3.1042422274204506e-39,1.903068640254896e-47,9.096433187226135e-56,5.174605169507494e-65,7.758782881717247e-17,1.4507981242465627e-24,1.0364434532971064e-18,1.50714841109422e-26,2.0884097930563224e-19,2.0852971255299094e-20,1.2848093862079615e-14,3.912319719072809e-40,6.137021251257442e-17,1.0589964480208111e-20,2.1003642064381212e-23,2.979511641209425e-35,9.094730029422992e-37,1.2248104172144722e-24,1.5004787676452568e-25,6.449860111551008e-32,2.7950608333219394e-30,1.0308043182912732e-26,4.2189779831124267e-29,1.4557206658801395e-24,5.5914584253684814e-55,2.1602377367749997e-21,1.0383041538340194e-24,1.5231800973605395e-38,7.758199263789833e-36,1.8823310992420088e-36,1.4131664393226075e-46,7.224992224155016e-54,1.3544230418617504e-14,2.9247437295823264e-22,1896.2313897915255,0.0005488924097749,0.0036484374542697,5.186212505408342e-07,0.0201353324390043,0.97579109035137,0.0004246211341053,7.154489398481808e-15,2.365751161097985e-13,12.0,8.152743402569003,12.74185189883047,14.427249942910173,11.065894700457244,0.09241994341212759
1.3606315390027967e-25,1.6327803462368516e-14,4.512849114460284e-23,1.149142880409013e-15,1.6890654869535056e-20,2.4942019153123318e-11,4.841107583663851e-20,1.0688332031523476e-10,1.6329263968024674e-12,6.490976515362535e-20,1.7226792748220744e-17,5.2188259432204025e-22,3.2357891394544035e-22,2.4707143057800793e-23,4.865803887965579e-26,2.047246515981931e-58,1.1507330366373473e-11,1.2071640931839921e-19,3.883680330730442e-24,3.3202021998795605e-20,0.0054663900054259,1.716798204412175e-07,1.7283937381447507e-11,0.0002370606507237,0.0004052073511941,7.800702661734407e-13,2.07937411669577e-09,1.4373543162138407e-10,3.0002835142802114e-30,4.0148064840934074e-48,6.3692784071646634e-24,1.0917042977118335e-38,4.596041761816622e-54,1.1485159975628672e-72,2.578935787407538e-09,5.487129820263983e-14,3.3010825701843523e-08,1.3067519498327268e-10,1.1654982873051792e-05,2.750908660818465e-05,4.958097285309022e-17,6.182116386169161e-09,2.876679658843397e-06,7.807404240394172e-84,0.0013749094673954,0.9924741745644624,4.707388624856202e-25,2.1635399178932468e-33,4.073650411709983e-45,4.99665143077179e-45,7.368157481907008e-62,2.3943396220973233e-24,1.302983827812316e-40,3.9172477614222546e-15,7.585806240754209e-16,2.0539149440141976e-28,1.0220979391089876e-36,5.27622848625592e-24,2.2987646555263532e-45,7.305982622443037e-66,7.31789147673912e-19,4.7304562216797515e-30,1.7615166655901966e-51,2.4184404405851098e-23,1.3120395139291052e-39,4.831791745448371e-60,1.9078311946477518e-17,9.405460043013663e-10,4.323750017631504e-31,4.84631195542605e-66,3.4066296309779445e-83,1.3308037344475856e-100,1.059108667732862e-31,1.9404203177215492e-18,3.182798643216107e-21,1.4888622720079359e-31,9.530108192911443e-26,7.140510568313755e-55,2.1114597538721808e-41,3.0252170336159307e-10,6.672627916527309e-16,4.656843213960492e-21,6.3568273336263536e-27,2.147517188097056e-31,3.6632567344188056e-36,1.3107733687026046e-41,1.7138849495653235e-31,4.1116730494611594e-36,4.6421553664109425e-34,4.476264887068277e-39,6.5938690562637e-23,7.0331573466174566e-37,5.380831947474112e-23,3.1235315023466445e-33,1.6970035438802558e-23,8.041073366774708e-39,9.702309601662792e-37,6.446332887843421e-47,4.9200934458961464e-43,5.260257835061065e-32,1.0018349917579736e-45,1.2310048902068972e-48,8.63553996091463e-40,1.542824384684621e-47,4.935394103024642e-45,1.543172696793163e-32,7.6403343676602965e-56,1.589682610111601e-40,2.070226189051166e-39,8.978194846861894e-52,1.814688577711789e-47,1.226142476528968e-42,4.520834132793731e-50,2.6720621161832047e-54,4.9758380123968506e-24,1.101741357491563e-28,1409.3940655504423,87.19088180183363,5.520441458990595e-06,0.001096920052159,0.9981355163350388,0.0005518012892751,0.0002102418820678,2.0085708738215262e-20,8.703807119893281e-19,12.0,14.298201166836003,17.25721570041945,13.999808902061792,13.580745426860243,0.08714757207128411
4.525510004690131e-28,8.23597340848138e-15,4.103371789046357e-21,3.6357822343699256e-24,1.2030793770525181e-21,3.395945009588461e-15,3.542525325747667e-24,4.6220411696137755e-08,3.359037217968179e-10,7.10505993103058e-10,1.828148728832674e-12,2.6224771235246976e-21,1.2829331421709444e-12,1.2975052861077537e-17,2.1491934521465685e-15,2.752909477197243e-35,2.339488714493055e-14,9.647567269839774e-15,1.856230875190397e-23,6.400148325380149e-19,0.8769183717169682,9.652096546171135e-05,0.1222511578390411,5.40879558509445e-10,1.8167738124227172e-08,8.691014657107015e-24,1.1314914936058732e-14,8.756439309000121e-11,6.801610860503476e-16,1.0277127940235594e-18,8.818100529669662e-16,6.943385623875566e-24,2.9705073881656907e-24,4.772412594019641e-44,1.661276714093587e-14,3.7241237399559464e-11,8.38029230614391e-08,2.016123466334236e-12,3.1061798820009973e-18,9.59762749965829e-13,5.224408408286848e-12,0.0002349563718698,1.58558837085333e-21,1.3516891911402354e-44,4.93127847715591e-08,7.853465653017217e-18,7.026589383622349e-22,1.115287913329334e-22,2.3350490164511236e-27,2.930990578570587e-27,1.0274071082873214e-37,1.572853504114192e-17,1.717338011127965e-27,1.436289327313798e-14,3.059597359000892e-11,1.3005297815095244e-20,8.1075672680818225e-25,6.231019097298528e-12,8.284468848458758e-28,1.8093258552541048e-32,1.0593192113532645e-13,2.963461147943316e-17,1.3122453175826442e-31,2.937062881045929e-16,4.05227539272507e-26,1.0384397845380218e-40,4.125162064746342e-17,0.0004987938415909,9.371821900903129e-20,1.4650469930011425e-42,2.96388931035366e-53,1.2582473487823958e-64,4.366417204007066e-24,1.0876229299342895e-14,9.839406376772058e-17,4.185441511193721e-22,3.0712627960969285e-14,3.838800765495557e-40,2.818300017536202e-23,7.389799589627353e-13,3.4908705258524034e-18,5.48465767960406e-23,2.8216957064948006e-28,2.486293032039743e-32,8.642676863776809e-37,8.689900262882079e-42,2.0624531612405616e-46,1.515935044385881e-43,2.807014568141149e-44,5.432113170320662e-42,1.2427386741322912e-22,1.5840733102540459e-47,2.9724359349294063e-23,9.454920429014884e-23,6.97008201076827e-32,8.646305592312359e-47,3.030883789949228e-36,1.4997708476547562e-47,7.551126919619471e-35,7.929227917175341e-30,8.761180275182307e-50,5.2697023132474436e-45,5.948915957465001e-29,7.29070521745943e-57,7.842191873506144e-46,8.511033416177282e-31,1.066024846675144e-40,1.5538877529371961e-43,3.665050980037168e-34,9.44299874240692e-48,3.47047788089856e-53,1.6552769846331687e-39,1.800734164855183e-47,3.0860035748380133e-44,8.017996629407671e-34,4.773957177549727e-31,1225.800559668663,45181.01497664577,2.2382289767754337e-08,0.5284513893744085,0.4710330851881136,0.0004700275423325,4.547551285531168e-05,4.4949825296416673e-23,1.1911703703550417e-21,12.0,19.3731005301155,19.32314689893726,16.3222187932086,15.307873091623632,0.07910992778863328
2.6318179069870915e-05,2.55395090731883e-08,3.1262743105617153e-13,0.999889307583952,8.595835855627626e-07,1.8102590492508594e-07,2.1108541119536952e-16,1.7991355234123992e-21,3.085714332833467e-22,7.008502341727383e-41,7.998391959183773e-30,3.099325183086493e-31,1.6790210380219503e-46,5.4631558708179656e-46,8.43446124573454e-62,5.85783915313494e-107,5.0618886299562964e-08,8.982477512518746e-27,9.267855972351066e-24,8.77163135565808e-22,4.387141102677704e-09,2.618264639643662e-26,1.647518450550593e-28,8.3737850097765e-10,9.659068132198192e-25,5.6434278026392865e-05,3.7715938250568584e-17,8.47945740557649e-32,3.896848888209743e-71,3.8186141800520074e-110,1.59617024339158e-66,5.28200692572293e-89,1.8919020250249497e-125,3.237613417791302e-148,1.6109186608647389e-12,1.9212365491493066e-29,5.877748048590067e-22,1.4471662956202385e-18,1.1563566039725297e-07,3.60621790536881e-21,6.221050667250188e-47,8.651388493067002e-39,2.05024479647062e-14,5.239733874517777e-165,1.541826348160992e-31,6.98675252064592e-18,1.5437830887593891e-22,1.6447982947549144e-41,3.2829758503217963e-62,3.7251713325112786e-62,9.024851272873048e-86,1.8203817748031998e-27,2.620549098655128e-50,8.150632720775643e-23,9.257545515607852e-23,4.524672086904279e-38,5.223953510116548e-52,2.366300547032166e-41,1.3806565453071818e-66,9.989704933661343e-122,1.342606221940189e-38,4.7738183752576625e-53,8.218043389085236e-87,1.4174598187860394e-22,9.284728918296548e-46,3.293528328275197e-71,1.2577073844577522e-19,7.73112742520077e-11,1.8886783000637297e-36,4.8469198643114734e-83,3.391056216198442e-107,2.5916716217473804e-130,3.5716432739097267e-31,1.760133570357667e-25,1.0572115543636476e-41,3.2444198740030455e-32,3.8677561874594164e-44,9.125082422956576e-59,2.2795506410540482e-67,1.6594420505391194e-21,3.183974110516574e-39,1.7428726362645468e-56,3.3726290477656584e-75,5.536504600013869e-92,1.0904175430431814e-108,1.44763702692389e-126,2.6318025136368753e-05,6.599169047670373e-15,2.6622363109399432e-20,8.130951116518088e-30,2.0182848180597098e-29,5.947239795877273e-17,1.3927243904623722e-17,1.303520039440872e-42,2.7055136294774022e-14,2.7575329611784698e-17,2.1754771389289882e-23,2.1007083373794157e-35,6.951522560266375e-41,2.5286723443489276e-35,5.304146438056567e-34,1.4601744505721863e-42,7.230429675332469e-60,7.840584995766373e-17,1.0165567769298058e-22,4.7073055908921746e-24,1.1860269364872772e-57,8.918002471116468e-23,3.5014638278240796e-29,6.01399632673552e-43,2.8751323959196023e-22,6.976906490656546e-27,4.283836631617291e-38,3.240863326464257e-47,1.5396700550061072e-10,5.389585899127008e-20,2762.4395642459604,7.278915396157832e-10,2.5538089180791892e-08,4.3869870613967454e-09,0.9999988777643752,9.102882963905684e-07,1.820222520113879e-07,5.763707261969555e-09,3.7830878574018354e-07,12.0,11.234977954315804,19.59281111339884,13.551990559807136,12.852936084012352,0.07798259723262532
9.008514705922029e-30,1.030949222506116e-09,2.592389123163948e-32,3.6639527925431656e-19,3.5615513148957005e-22,1.4323562295684224e-10,2.163881700156737e-19,0.0003910886225044,9.13661982241901e-07,2.9350019291106473e-21,2.6259159187817062e-20,5.111941668527507e-16,2.3373570105421454e-20,1.5421435051368858e-11,1.1152262741319633e-08,1.0023513095543578e-62,1.0832215162169835e-11,4.350007749938523e-27,7.660431857967491e-27,2.248044905161368e-21,4.722226318298203e-06,4.5510172204568566e-11,7.620516366368369e-22,0.0158445382287938,0.6500703515906296,5.650763819934537e-17,4.752108179992548e-06,0.2528283401334377,2.1527925246096802e-37,1.8542694954607723e-70,2.52522760766372e-07,7.249516465396535e-32,1.6317679940472175e-62,2.7186425821456418e-71,4.3648086621255036e-10,4.226949691712949e-21,4.8795118849638785e-06,2.945594474655409e-18,2.3699475384427245e-08,0.0645401896986025,3.1045067186299774e-24,1.7729507391118025e-21,3.6672345156573856e-10,1.0545037362988621e-97,0.0152416091650186,0.0010244049752404,1.076302690692292e-22,1.3373371332504442e-38,3.9498444869471947e-59,5.137036635593517e-59,2.4047479083105827e-86,3.399684183833471e-28,3.762390363828787e-55,4.6096362147625055e-10,1.528071512525135e-05,3.037693511071883e-21,2.1661970195968023e-30,1.8630516117355907e-21,1.431141762851123e-55,3.6783161687417e-91,4.668317849432226e-09,3.892381899042641e-17,9.323442420485583e-39,7.727785215746238e-31,1.5570389526740232e-57,8.219422245185952e-90,2.8073215388535535e-17,2.860261358921932e-05,4.8741650675809704e-39,1.573891571735447e-96,5.781470052792196e-124,9.896499858011525e-153,1.2300532774262445e-33,4.667465770761641e-25,7.263357227587242e-28,1.7329989634820667e-48,2.2624854853574455e-39,4.477714971915864e-85,6.471201615953765e-65,3.2195593420283275e-08,6.195177472363197e-15,4.3408089771477655e-21,2.186882352911673e-27,1.0763388921300424e-32,1.4385483888260552e-38,9.042830377302924e-45,7.60431883237098e-41,2.746021567781804e-47,2.042391660512717e-38,9.888349754026616e-46,2.3471076409066693e-27,1.214588949178986e-46,3.0370239953581905e-27,2.266033732188988e-52,1.5849525747155028e-31,4.8410529559651414e-43,2.593811192818198e-40,3.1599461468661753e-59,8.485078742992086e-54,3.070555877663239e-33,6.031372547286024e-47,3.660915619832411e-51,7.119202458637807e-37,1.622032639472754e-59,3.334340647537581e-56,3.612924544444989e-43,5.859870256327796e-80,9.475003961849491e-48,1.66080717107924e-46,7.776037170150083e-68,9.602666138082809e-66,2.7206281026469765e-59,6.010575164611468e-74,4.6873558181631096e-80,6.990859020897657e-28,1.67906294151443e-34,1022.2684756773168,0.0002378244768334,0.170364761805096,1.4098079284255394e-06,0.4274842186893485,0.0092386131396433,0.3929109965579836,6.528058536646218e-15,1.5251918581073437e-13,12.0,6.9177801782253745,12.399540316254416,10.73422701133479,12.362914413373572,0.07265080035817817
2.2870536783488823e-41,2.021140466312764e-22,1.4617840492732048e-41,1.5105638694049483e-31,1.7762684555670827e-39,5.19779280379711e-22,6.648642588695846e-33,1.9012077851467148e-14,5.869465152132913e-18,4.4563903268339186e-27,1.5335435730409646e-24,2.2760453270917957e-29,3.8282973808103343e-25,3.18277545844449e-24,5.8028474185472184e-21,2.7290317726969603e-72,1.5564495683900318e-23,6.954438361114095e-34,9.505056409459936e-45,1.30750453864752e-37,5.918748162333136e-05,1.8694081925678428e-10,1.4333425431946e-15,3.912156018778114e-09,5.8445993894258095e-06,2.316956474077654e-26,6.154586276906129e-13,1.9407891855202465e-07,4.45942687975256e-35,1.792467070383426e-58,1.028029792026533e-16,9.15153997286538e-39,9.931119073864456e-60,3.4222835047185245e-82,5.318155862200864e-19,7.868262986638705e-24,5.831346293288343e-15,2.2118741570537384e-18,1.6144548672108974e-12,4.444888967849901e-05,1.6568885624084548e-26,3.93854306128975e-10,7.215598641024496e-12,1.6475717970237702e-91,3.018610074673425e-05,0.9998601343472204,2.9803917739393854e-41,2.6654900241350786e-52,2.760441559544161e-69,3.8293685521230003e-69,9.330161990657824e-95,3.095477990500833e-37,1.04829207724076e-62,1.859267084281576e-22,6.3529708448836705e-18,3.227798588211592e-40,1.864553050271398e-53,3.3317403747885657e-29,4.838840558603696e-64,9.125418507575902e-90,6.044806567816846e-22,1.6643392736671683e-35,4.3888132962151314e-66,2.0866362170187832e-41,2.4946973137701067e-66,2.475093148596016e-98,1.4789308659281363e-32,3.958787736230343e-19,2.879395403453429e-53,5.187200905596016e-109,1.7650268255837304e-134,1.8684980523034892e-162,1.3795022152873898e-57,1.924641187246938e-31,3.1814577174044068e-34,5.0390216330265385e-53,2.7747360736335647e-40,6.787495832278624e-91,1.8739227575327585e-63,2.971117995879885e-18,4.663621850494827e-26,3.239465225228024e-33,6.597162619495502e-40,4.815085505739942e-46,4.915061215996023e-53,5.59938889991558e-60,1.057416830230266e-64,8.082025344242625e-63,1.7309344284759169e-62,5.087619590908543e-62,1.734985946146477e-38,3.871071226275354e-74,1.67690248965124e-38,1.8977199061752112e-50,5.5796399581949334e-40,1.2239988864074828e-70,6.454410709463967e-57,1.5001710855233687e-82,3.6726915795808084e-65,2.577605346327426e-47,6.608889003238247e-77,3.1054667214872954e-72,5.62995548925404e-55,4.31212575442806e-93,1.3001324894230396e-78,2.827536719058244e-62,2.7532028362868675e-90,2.1287500282092304e-79,1.0171792970501452e-67,5.763447823997196e-96,6.715552586512846e-90,2.1199548853988556e-71,3.92456234518334e-91,5.756078968119805e-89,1.872723443953522e-49,6.740564799379478e-48,788.3876203759384,489.7907954314462,8.966956585384226e-06,1.1836319825250132e-05,0.9999647838659952,1.2074217926710972e-05,2.3386396672061195e-06,2.2223500111421896e-22,4.289135521504426e-20,12.0,12.12057162449924,17.047339638483777,12.12921394306454,11.416318244688188,0.06489452455735269
3.897430262968312e-20,2.943120757328905e-09,2.0920023916049933e-24,4.897199333628897e-12,3.8598591879654134e-14,7.327217828350236e-06,3.707116342810406e-18,3.433807400856086e-07,3.129023779213611e-09,3.375592340520125e-24,3.5685179562349623e-22,1.5309975861164673e-21,1.6805633791664283e-28,3.716976341193257e-24,3.227826067644999e-28,8.596507887806153e-78,4.40074501826601e-07,1.0138284215299e-22,2.6875329957062726e-20,6.056458929288895e-16,7.467681239687236e-05,4.586701795983499e-11,5.6167814787043505e-21,0.8046258451589577,0.0892149898522553,1.2972924624129666e-11,5.180941230590202e-09,1.9248471312940605e-11,7.1909723546025215e-47,3.7375652025599596e-80,1.518429069357899e-28,1.284433990759657e-51,1.9426600225969816e-82,1.7233794444777388e-98,3.56889133900999e-07,3.313811549660884e-19,2.914398455759875e-05,5.68342142890138e-16,2.871806396918015e-06,4.062954495115654e-07,1.620752922011574e-24,1.7054052462313778e-23,1.903205896354085e-09,1.471280026905484e-129,2.0182902042656256e-05,6.800452450304826e-06,1.805776163581384e-20,1.6676963398701923e-36,2.8655615060221007e-56,3.5716870548984957e-56,1.643633394157545e-81,4.4071368807805164e-27,6.658634768306517e-52,2.2995003911513423e-11,5.826748029164115e-12,2.159326712344455e-25,6.2264164192193644e-34,7.267454994187982e-28,2.37052264232518e-58,8.393829402951764e-96,1.1195746872933144e-16,2.454538676544991e-28,1.0310604743787245e-52,3.3739964623518315e-24,5.9921398716117486e-49,2.9288989731219077e-78,3.834861850289296e-12,0.1060111807931804,4.469397123639859e-32,1.8459099219049903e-84,4.620668787756608e-110,3.2690700403542444e-136,2.0158195796494344e-25,1.2948383785949636e-20,5.700516779831546e-25,1.2848436889561515e-40,1.820966634559108e-35,3.3342080940063147e-73,1.8525712169039858e-59,5.420948738759902e-06,1.6615564043129118e-13,1.666861053412587e-20,4.680835442649482e-28,2.5180437826699134e-34,5.75930086461293e-41,3.456401852264996e-48,2.8835538987100217e-29,8.394492028547428e-35,2.4083503802588405e-33,2.1038760831197823e-39,7.8066908057451995e-28,9.074765234754299e-35,8.812673138930411e-20,2.4247282648891586e-45,1.4947449411634886e-23,7.712565661078458e-36,5.39816562858059e-34,8.985418372776547e-52,7.038657545132306e-48,3.561105553280888e-30,8.345814178815048e-45,1.7235099901995462e-48,3.1447560669485175e-46,8.330623161548553e-44,1.7112837732459866e-41,4.7703238307324795e-34,4.2888771663009624e-67,1.7369745192139938e-35,9.44581023741966e-35,8.746864694105166e-55,4.4348032484641896e-51,3.2228604756576756e-46,7.752344242939571e-61,5.348699659688742e-66,1.2711616298042567e-19,3.1188187855540384e-25,1276.4330664149677,3.840490293951026e-07,3.642248127471476e-07,3.574068469210219e-05,0.4279614083229198,0.101534033959823,0.4704684528077522,8.718626847544909e-12,1.505110318944595e-10,12.0,13.991793339426597,18.07003507931607,17.44524211240384,18.111160978490645,0.062361558643762534
1.9215015230501453e-19,3.5617799609725055e-10,6.326321692081531e-24,3.2066632459256623e-09,1.1394553519029934e-13,2.2051290494483567e-08,2.2775843342029357e-17,3.315862464564535e-09,4.9493080996342656e-11,2.308322388285281e-27,1.054758564550341e-23,4.283255385648586e-23,3.39058769771414e-32,3.584083256777053e-28,1.2391093536276651e-34,5.791175267231437e-85,1.9755249049061733e-06,2.408183099245852e-23,3.439813976225986e-20,3.0717681917794e-16,2.219118503979777e-05,4.675332570454731e-15,8.182847212857621e-23,0.0052452737248077,6.348254456539988e-08,5.1875837184079634e-08,2.5649418950520433e-08,3.140066732081486e-13,8.46321478071144e-51,1.5146519634366394e-86,3.8504962461826853e-34,7.170489536142841e-58,4.0213823675576266e-91,2.078705882731835e-108,1.051304948013728e-05,2.6812142530019376e-19,8.151604393683264e-06,1.1290179086953071e-14,0.0196186018901547,8.24205643929367e-06,3.264249912514784e-25,1.618589608406251e-23,0.0001134249900591,1.1097335904948135e-140,0.000193529445223,0.9743564190083448,5.3379628462191945e-22,2.8398444615519043e-39,5.97247117843819e-60,7.330999582459995e-60,1.15051118279406e-85,5.865182428862033e-29,3.379406467049154e-54,5.867197386326705e-16,2.900834309616981e-15,4.002205699645282e-29,1.08284881459756e-38,2.3237863314439246e-32,1.010409323336089e-62,2.9310881264071196e-106,1.8791340157258458e-23,1.6263526598024272e-34,5.0217702975835486e-61,1.9856083082338875e-25,1.1490238038041e-50,4.333008871338082e-80,9.240890971856028e-16,0.000421507416732,1.951516277887971e-34,2.3717065978821178e-87,1.7846671316283585e-113,7.240427928954118e-140,2.2005053870132944e-27,1.9968728142860895e-24,2.2290959986459094e-32,2.4078015175445606e-41,1.1534534905722024e-40,1.1357654842515136e-73,2.767523465826741e-65,1.888893322003632e-12,2.7524264028463857e-23,1.2708712028648433e-33,1.1664322827399938e-44,2.6190796926484494e-54,2.946415584372173e-64,7.023741601885493e-75,3.2262561599609496e-23,1.1559810678553446e-31,1.5096329478151738e-29,2.1461623758193326e-38,3.07169305301088e-27,7.290545713950109e-30,1.0272416908293176e-19,1.4440568547473552e-46,1.267056123532488e-20,1.081151298563144e-32,2.0905994265022727e-34,9.888590107004405e-50,1.2410583231035441e-49,8.25997977977543e-35,2.1978204708178997e-43,4.0929382563745267e-50,4.589643733627503e-50,6.184698521359569e-39,3.185194093246218e-40,9.237741486471028e-33,7.033506024024233e-69,4.066773845816026e-33,8.362768230556129e-36,2.562705200546372e-53,1.5673095406528235e-46,1.7449926058577448e-45,4.781926821741972e-58,4.213742802337477e-66,3.0751261801528153e-19,1.0127688687410193e-27,1402.8120764137702,5.854501019432868e-07,1.6729325685593444e-06,4.4881924090128024e-06,0.9986783730175596,0.000254625542195,0.0010608403152678,5.6239547017310386e-12,1.0917088538654372e-10,12.0,12.428593030806065,17.77594720900391,14.18242353072264,14.802171579864936,0.0599624192378622
1.229058194477343e-33,2.3627329079995066e-15,1.429582310390463e-32,1.0958197792855984e-23,3.2740017984252927e-21,7.143448822902235e-14,2.2725377905581415e-27,1.5198665513911438e-08,3.2277328303055395e-11,1.2173231977289616e-23,4.945674815142935e-26,2.1676793398054577e-27,1.6451285156938517e-29,2.788605415303772e-26,8.359764028078143e-27,4.3284625137250125e-77,8.996404530104627e-13,4.08949907115862e-26,8.621181303897107e-25,3.0305420525817603e-19,3.9960373793076014e-08,2.7449227021190596e-14,7.405125981226927e-22,6.668986720694877e-08,2.4341139435566035e-07,1.168457935659294e-23,5.110885337050984e-16,1.1720955011897481e-14,1.067450039271868e-46,1.1271454903354999e-75,1.2928002348861242e-27,3.186341383228802e-50,8.766999835472827e-77,7.977511323482922e-95,2.483107014808102e-13,3.082710475746462e-22,7.255680622416602e-06,1.0892534187621883e-22,4.318392098875775e-17,5.1832039700843103e-14,3.103686692424341e-24,7.43644010519278e-26,4.346497051615114e-21,2.109013019968093e-121,1.107753342262143e-06,1.0081488192768632e-16,3.427360620866193e-25,4.728329748106561e-39,1.34360830674528e-57,1.7527073449778846e-57,6.474644627771468e-83,7.611478670010561e-32,6.489729886260312e-57,8.226978840052364e-17,1.4402382902925356e-14,3.6699549733072326e-27,4.393740277016642e-33,1.904748960670829e-28,8.865325277580902e-61,2.141423007479869e-93,3.133906100611614e-19,1.9919090695876688e-26,1.8726217019194017e-48,9.670799144927123e-28,1.5482933746247813e-52,5.513810362765731e-83,2.4177473036062784e-17,0.9999912712707206,1.0726062143766568e-32,1.7979524041761304e-86,5.351567778095455e-112,6.537086886227202e-139,3.764599818161663e-26,2.64141762070133e-26,3.0987354754128683e-30,1.0449674648020042e-46,1.5191292236747068e-38,1.5398191889058695e-81,3.6819379418222966e-62,1.4066176355859113e-12,1.8079902024969844e-20,8.532636422093049e-28,3.093330539420195e-35,1.0450719782835771e-41,9.292383427829275e-49,4.0476708576123e-56,3.125730461126948e-44,1.2256611028200035e-53,3.2549341639738356e-45,1.6150858222013444e-55,9.96922475892871e-32,8.808236235405624e-47,5.6403544135364544e-30,2.88519280596105e-54,7.615430461326634e-40,1.0528716176295315e-47,8.178744609093804e-48,7.169189226888578e-62,3.0997814992646754e-59,9.590912912135912e-42,4.028354514203129e-55,2.821324595060601e-62,4.4802972629105585e-46,1.2179361668706524e-57,3.6986662862839475e-57,8.54212889865037e-39,1.0355011225177207e-76,2.2956602028352985e-42,5.491113826656813e-44,1.8066229898926606e-60,5.016234181588635e-65,2.3096904937763684e-61,4.385484502937937e-71,3.691234710599953e-80,5.5418912183008856e-30,1.4217644552158304e-39,1008.191772058796,0.0205558293149314,7.614946082385382e-09,1.9976462167167684e-08,9.65309836128874e-06,0.9999900426045628,2.767056675673542e-07,1.2188883712914382e-16,1.7741597404353156e-15,12.0,12.418851744455557,15.102999898841698,20.118328842875073,13.560351221918626,0.05933203455107988
9.963084104268496e-06,1.7103795644020778e-06,2.459772194428374e-08,0.995437943354867,2.3429226196408365e-08,0.0002369987330628,7.071690704241712e-13,1.919404981923125e-18,3.794922385010928e-19,2.087444222703589e-31,3.3572312580292707e-20,2.799183593950087e-24,2.1851333232830402e-33,1.24285302209877e-35,5.083504875456815e-48,7.381215202081436e-80,2.4531307453776473e-08,1.1303766657059424e-20,6.64608120653824e-24,4.825396780278709e-22,0.0027220069295788,1.231053497434218e-15,2.614164780784658e-16,2.151920022380383e-05,1.342236922663517e-15,0.0015041214056736,1.886998640107466e-12,1.0672058393647561e-23,3.808371659972638e-50,2.6866962382570235e-76,2.704447426843429e-51,3.559588407431729e-67,7.960694309392081e-91,1.778697580553323e-112,2.184088859481855e-11,5.330986985539376e-22,4.3496525352860806e-21,5.040466108935466e-11,5.569732822324566e-05,3.885445737887869e-15,3.8610078094056023e-38,1.2145928732957761e-23,3.1174486391650275e-10,8.752116154787741e-145,8.379584446992496e-28,2.2157553075380545e-12,1.4273769136678218e-20,3.996425263753344e-33,2.6614604640209003e-47,3.004645620409418e-47,3.278221891528875e-64,3.7984192102201147e-19,2.524290039639191e-35,3.4486853748686703e-16,1.6103678065926533e-17,1.2466108980285246e-32,1.5450453492513608e-46,1.1076455700040697e-29,4.3450340014161564e-48,1.5166170638524198e-85,1.725557098225752e-28,3.361626605318707e-44,3.980114073157408e-74,7.343945012493233e-18,2.1126218485617742e-34,4.32471372513276e-53,1.6455984685308804e-16,6.30862976659433e-13,9.831719783362219e-32,6.5936556716078755e-65,2.0421626811431348e-82,8.054342722386462e-99,8.515043275596704e-33,5.82004725912208e-16,2.3586577880048093e-27,6.807598114474643e-21,3.049406869327518e-28,1.396890306254857e-40,7.259790260433887e-45,1.1648139516502544e-13,1.8420217916811004e-26,8.267053598365515e-39,1.1796343876478469e-52,1.5438133140421138e-64,2.5739559453465214e-76,2.669256178785198e-89,9.902083690428588e-06,1.9373345773480137e-13,2.868251315496168e-17,7.10070883955405e-25,1.528207783838614e-20,2.1812804462770548e-17,1.0629680454552847e-16,7.276119048518516e-29,1.0776250906031332e-11,1.226703121485576e-15,4.8408765864201654e-20,2.6489610637626966e-27,3.716759195548574e-31,2.3625899283401668e-27,9.754286132553483e-29,1.903163133769825e-35,2.9894251359384724e-45,1.7832462730968894e-18,1.1237777036415696e-22,5.667666068467283e-20,6.093103347093349e-45,7.860837330692275e-25,1.68413501651933e-29,1.7765025937646998e-38,1.5063427224533846e-17,1.5374199986370915e-20,4.103643215836253e-27,2.4491629281091804e-34,6.10113843766942e-08,1.7002878256197586e-15,2930.4870082414855,8.880683911878952e-08,1.7031623529957138e-06,0.0027106197652005,0.9970301464879324,4.777871072103019e-08,0.0002574828058034,3.644740863026534e-11,3.4943953024266894e-09,12.0,15.201812551962329,17.76745224114832,10.447978377590172,14.179492184198352,0.05720181613752512
1.3446586237238173e-19,6.455744531405112e-14,2.9871868182904856e-22,9.82747163393773e-12,4.743054287635918e-16,3.802693810783323e-07,7.296642326490475e-18,7.050429533898664e-12,3.742036941476328e-13,6.2382985232897014e-24,4.175113100188322e-21,2.2144394615720783e-22,6.271158153819076e-28,1.481622899012731e-26,5.959802549361753e-32,4.4531873985375575e-66,1.741126220859156e-09,1.3094687275041748e-20,1.328058204052161e-19,1.1116778627987292e-16,1.9153717091067626e-07,1.140754972574829e-09,3.5839227123138115e-19,0.0475961256834889,0.855378457842716,1.216625429355902e-09,3.4807311311923286e-10,3.103908375052094e-14,3.6343160051739976e-39,4.068603606976934e-63,1.8037380437834247e-30,8.121131823123477e-47,3.685183589572335e-68,3.185963321493569e-83,8.960679542461383e-08,2.533474781926819e-16,4.76331479528215e-08,3.724024966951007e-13,0.000127962741183,2.841111666880458e-07,7.280321271669559e-20,1.878614514711172e-17,1.5623192699971037e-05,1.1012903540070993e-102,5.756281583569925e-05,0.0967693711602164,2.704180959707445e-22,1.073396485496225e-33,1.2042407287212783e-47,1.4206585681894312e-47,1.6620424637778133e-65,4.0426448154164205e-26,2.264675605287562e-43,8.049800558747184e-13,6.436070482006965e-18,7.461461778086404e-28,5.063266860922443e-35,4.979680130155152e-29,5.368332598726622e-50,1.087064453059704e-74,1.0829653817945369e-18,2.680526722231098e-32,5.301021395624937e-52,3.943316272895168e-23,1.4807503624555947e-40,3.445309195537311e-61,2.564110748546734e-12,7.612098016795813e-09,5.345613476198409e-30,3.8141447395432e-66,1.5889430668220493e-84,1.805991568444144e-102,6.018792653923244e-26,1.880804819279587e-17,2.6345713917668793e-18,1.009149727161211e-33,3.4172700952655438e-28,2.5957085082948424e-56,2.3625380713351952e-45,5.384090968589245e-05,5.0277307783581586e-08,1.3940422232373936e-10,3.1709403760077906e-14,3.325932530144895e-16,2.694142599193903e-18,2.6298312965324028e-21,4.7143412786734225e-24,1.0488414199809511e-26,6.043292546042697e-29,1.0323327841377951e-31,8.283161710226096e-26,1.303902946040422e-28,1.2212306558437753e-17,1.0126846234698923e-34,2.3740583167416914e-17,1.2864413182541378e-32,3.296190593585262e-30,1.8912526077422786e-43,7.687054043257652e-40,3.676787818435376e-25,1.635491214825087e-40,8.508817551307989e-42,1.9430490243212224e-44,1.242991623846012e-36,6.607539925029211e-34,1.2552180455709225e-30,2.6555447470429816e-52,3.1846262522923575e-32,1.9437922461205533e-30,1.1406929624342014e-45,4.968269880162937e-41,1.6085526104692363e-36,5.134470952311141e-48,3.1160411296416034e-50,3.617987291108935e-17,9.251728455778093e-20,1882.3775279478984,744.0713939940633,9.042171772306205e-08,6.12505420715225e-08,0.4410089397529862,3.6657303631894473e-05,0.558954251271122,4.1913762456289504e-21,1.7987989720824245e-19,12.0,11.830837183608727,18.688174640219383,14.607887763813908,18.79110351065935,0.05615229731459378
3.52613722950929e-08,0.000428122392405,3.266099470902769e-09,0.2201211453704461,2.1444987520660672e-10,1.1162752021847877e-06,2.5526644369640048e-11,8.274090602302301e-16,7.761907752422789e-17,4.770207308169016e-29,4.1276311058234885e-17,5.1687926366300383e-20,6.816051792488637e-28,1.703873084515591e-28,4.02699264805667e-38,8.07606442261281e-73,7.067321836927441e-09,2.54287015882678e-21,7.671953465402004e-27,2.2288357911170682e-24,0.7769150509409148,5.297094844420419e-16,6.396717505183951e-14,1.8854532758799796e-06,1.0272006310622049e-18,0.0012362877406392,5.373276403071608e-09,2.295919767231667e-17,1.7465299115201296e-44,5.532498672672026e-71,6.343040067048893e-41,7.171387425063252e-58,9.924720401148039e-82,2.7823106617026376e-101,1.8892107958829603e-11,1.1446738518551109e-21,2.7504744009903045e-21,1.174517511925716e-09,0.0012959799025163,1.1056368671390483e-10,2.3294097204720758e-38,1.4365930049266542e-20,1.2137996504805137e-08,2.6588707867655675e-132,6.784338105717274e-27,1.208288688257423e-09,2.0206153170073188e-20,4.111618938524093e-33,5.84587880827975e-48,6.77077483710291e-48,3.2944310853227695e-66,2.7962693193204376e-17,7.258771589517143e-35,3.229210628099982e-16,2.490195999386786e-12,5.4171179306709785e-30,1.4471721940615932e-45,1.0963505097642395e-24,2.382623801589764e-45,1.0249639138597246e-85,4.5080378738667424e-26,1.008180849480982e-38,1.4953229762519035e-69,2.6102157671345564e-19,3.776673756075673e-37,9.55612723675454e-58,2.360633392117631e-20,9.357654800586069e-14,1.066903245362789e-34,3.726938250804863e-71,5.764107213504912e-90,4.872857134566979e-108,1.4892225272403862e-37,2.441623152567018e-18,2.64144194066464e-32,6.060499803372138e-22,1.5451618415715546e-30,4.4433112988240515e-44,2.892281173920499e-48,4.882901226467229e-18,7.439298011349057e-34,3.2966421410478813e-49,8.004972629631488e-66,1.1987564750122262e-80,1.7022825081643934e-95,2.2253500682593443e-111,3.5246700749462714e-08,9.397951458990009e-18,3.8197185616801016e-17,1.0049107862146532e-26,1.4430076450148876e-17,2.7200441843390988e-21,1.7288353910919648e-19,1.5194465993777628e-30,6.670685856750936e-14,2.6240768828845083e-16,1.4172792519167032e-21,2.742114801912866e-28,1.238333020321913e-32,2.0829390228279147e-30,1.168718233511408e-27,5.0736314062513355e-36,5.2288129560184065e-39,4.250571188914515e-24,4.2556475467473964e-29,4.0822789478405307e-22,9.544333534261777e-51,8.015008062774278e-30,1.4785060644434045e-35,3.7478671702196994e-44,1.6874522759431789e-21,5.814257811037151e-25,2.1875770820792656e-30,1.671980929247517e-39,1.473482415574742e-11,4.981112459525218e-21,2225.313203454436,5.723594418130774e-10,0.0002404121934879,0.4362790708874592,0.563478827094484,4.09931367425791e-09,1.6857252549465243e-06,8.588660262240041e-09,3.022134829775714e-07,12.0,15.258807888667752,15.36992111101757,7.23175466033762,9.845830302400792,0.05601011413369199
2.1939860631869878e-17,0.0020704121774021,4.807440240866657e-18,6.522147184297997e-16,1.6082129147757754e-13,0.0011711863216011,2.734945785919959e-16,3.826162924218016e-07,5.941923494029401e-09,1.8675419225785848e-18,7.154209202379701e-16,2.8651243603769386e-14,1.32360783936731e-16,1.3060681817928788e-11,2.4885607821016615e-10,7.611640192727863e-47,4.345302666014887e-12,3.628797977161175e-22,1.1042503043027584e-24,9.155450641825874e-21,2.108892081694807e-05,2.473183621970363e-09,5.29475601376087e-16,0.0004466837155099,0.0027448032214726,1.8388260998803142e-20,4.562235156906013e-13,3.0322736453968163e-10,4.139358288151223e-34,3.5339005119569593e-56,1.3566258140322342e-15,1.9406778397225776e-32,5.227294677169085e-52,1.8291538627902062e-60,4.0549648622104036e-17,6.719866692862701e-24,3.4911366669342256e-16,2.267151030367067e-20,1.0937134093946363e-20,2.4734114499556333e-16,1.780579067667739e-34,3.328596337562446e-28,1.1348835742957124e-28,1.3367693902542347e-90,2.501850605732902e-26,1.5768656428507441e-30,4.4707556250556616e-14,1.6401946608819931e-24,2.527782995352056e-38,3.0989490368397967e-38,3.8697157573043265e-57,2.475740717765364e-15,1.145030234796909e-33,0.0018246829921879,0.9315625762501192,1.9158211746309866e-13,6.918809147018648e-22,5.1903359982146454e-11,2.003449234497288e-34,1.498727417541244e-58,0.0033532623304745,4.2538575170692546e-11,1.2278439208301414e-28,1.7744025839527846e-18,8.138788599985606e-37,2.6078491351917305e-59,6.466473749782324e-10,0.0056449668955242,2.284405909719592e-26,1.893295999122543e-65,1.1223739998113933e-84,3.777320001559448e-104,5.159920905669551e-25,7.24466951621904e-13,4.3925467788015425e-15,1.269047893791457e-28,2.8086036640976553e-22,5.447772824878251e-54,5.2053032340036156e-40,0.0511595188980914,4.2591207388039385e-07,1.1208097164369595e-11,5.703788839779217e-17,7.242183632873943e-21,4.668595739836335e-25,6.2681295036646134e-30,9.530785423899431e-33,3.1247395776374173e-35,2.5258738160474317e-31,3.3589299445904343e-34,2.4654399106433183e-22,2.812999869183173e-38,2.538271395690035e-22,1.3096954829276544e-36,4.9636728789303525e-30,1.064477958152892e-28,1.6704229601769292e-24,6.881456748302895e-39,6.708308627471332e-33,3.1904013670388817e-19,1.3508553046586312e-31,2.245155613151671e-32,7.946777832568615e-24,1.5735229432689935e-41,6.525426157008244e-37,1.0503385655331602e-28,6.159575492681342e-52,1.0512618351990715e-34,1.799152583920389e-31,4.863476587801691e-48,2.018765670293014e-43,1.7396539789832114e-36,3.8583948935045704e-48,3.1205478181231233e-50,2.2326664307407825e-17,6.775444542549457e-20,1414.058669714026,7.555876339404801e-06,0.9355266668870948,1.0530105647984492e-05,0.0016040745103754,0.0056368707551484,0.0572218577417334,3.1006100139988153e-13,9.611891043396326e-12,12.0,7.0513765570234055,9.234168366259937,9.77998190578691,10.786505781890298,0.05539533322146325
1.4627317032798084e-20,7.60566528758021e-08,1.7857936277397846e-21,4.6186843712526795e-12,6.532851366276515e-16,1.3550880095588489e-08,1.0123101690333322e-11,4.007039319261673e-05,2.09094689987553e-06,5.532812343647729e-16,9.92223636470295e-14,9.300510668207295e-10,4.4463676283546764e-14,1.9011930804646546e-07,2.3245391446843938e-06,3.737855609639857e-38,3.187712415969155e-09,3.776476649647974e-19,8.320842019720899e-19,7.18855452632211e-16,1.673211163300848e-06,8.768719291279151e-10,4.9443911350138127e-17,0.0022272277557061,0.0036640249921903,7.242923830880755e-10,0.0006557099966807,0.1788233472468428,5.031298990350011e-24,1.3887631874346609e-45,8.878379527538943e-05,5.994254787701033e-20,6.683941814866084e-39,2.8266079325406105e-42,2.0704354341431274e-07,9.43995458509631e-15,4.236193724670222e-07,3.788746031279447e-12,0.0001009252557953,0.6890457183845251,1.2560835241784113e-17,4.071467493290401e-15,1.537888992786664e-05,3.952354873164937e-59,0.0008221664274222,0.1244859529618397,1.0974895454392217e-15,6.846976702395759e-26,1.175509258945854e-38,1.387511913855301e-38,2.3977662221530798e-55,7.327160896012213e-19,6.042927792172977e-35,8.500457394798e-08,2.3043646912968363e-05,9.066000120012363e-15,2.1875490083018693e-21,2.793220263384374e-15,4.243923801341424e-35,1.887799634964311e-58,3.4172772322626185e-07,9.936526252514369e-13,1.9152262780483209e-25,8.859306589289889e-22,4.924437390553704e-38,1.6449266314622406e-57,3.2699500289980973e-13,4.3210426522510066e-08,4.304552494099802e-28,6.495434014581201e-62,4.011561687191195e-79,6.618131301864457e-96,1.0808076420123583e-24,1.057956411897482e-17,1.3189106977553136e-19,9.461552553254812e-32,3.0561939046333327e-27,3.3943898456690587e-53,3.1611153107632113e-43,1.754707815065112e-07,1.4264636749540007e-11,3.4455633116059986e-15,6.909604794398868e-20,6.334818470493925e-23,4.4586728709868e-26,3.8112427809088946e-30,6.483532757798678e-24,1.2699064160760012e-27,2.4983448187358756e-22,3.727155531104682e-26,6.287956537495562e-18,6.440383446334244e-28,6.1928552492160836e-18,3.519813291100995e-33,3.942080202765411e-18,4.151559066142867e-26,9.861237672755516e-25,9.497935891197088e-36,3.647388641460966e-33,1.0311395313778723e-20,1.5210906281297904e-27,7.042145706931546e-30,9.830611938325932e-24,4.565848227383828e-36,2.257592133255352e-34,8.735955078943161e-29,2.346835991001881e-50,4.680861594663193e-31,2.6202159513403225e-30,2.5634364360333186e-43,8.133472822944667e-40,2.4913427875783243e-36,1.3773879507524141e-45,7.34853531729286e-49,3.872526816855029e-18,8.692250742694175e-22,1873.788300682374,1681.001038895772,0.2544935226848019,4.066153399476237e-07,0.7427750372038687,0.0004099253015852,0.0023211081944041,2.3084855545209884e-21,7.925800403855393e-20,12.0,6.203507025538131,12.465180566528172,9.207027991611648,9.960018651564084,0.05432518309261808
1.708245509700059e-16,0.0002756837290891,2.842574068741595e-07,9.201754747241766e-25,6.751152618794578e-14,0.0049622896815937,2.6532186086886904e-26,2.4570716918168565e-18,4.291876782748889e-20,2.754633250632214e-19,8.39484672631301e-16,1.6084728887501158e-25,9.903367661842189e-18,3.9720884363837e-24,4.2434527361305424e-24,1.6007703413213557e-39,5.7604325317555925e-22,1.0316963805630688e-21,3.3480622138325675e-35,2.227488797206378e-31,0.0002049795845458,5.7752170656951046e-08,0.0001083776535409,6.50266055474155e-13,7.307471207080316e-12,1.1414773933912279e-38,1.2023541386298764e-32,4.286111665947606e-31,3.374150903028607e-34,1.3900898276409437e-35,1.038255929943144e-38,4.47351896478099e-45,5.937457494182986e-44,1.0684817321240404e-64,2.409850687040957e-36,7.319950923129308e-33,2.1087885377087345e-36,1.717701255835307e-28,2.2024999827352567e-48,2.6040422711394272e-45,1.2298088654346518e-53,1.5098774954366615e-35,1.0979952325986208e-65,6.171084637318513e-93,2.874066479577349e-65,5.381265508061098e-77,1.3100986641800313e-15,1.050893712525567e-15,4.241460996736324e-19,5.18088957407844e-19,2.1629026618582163e-27,8.399371081933828e-06,1.3328157252280469e-13,0.000518746453448,0.0070032033103257,3.5060106577307893e-16,2.2218574029129007e-25,0.0087491322638533,1.5622040542591238e-15,1.2424264234535436e-18,6.023512905711165e-05,4.2548383889746865e-15,2.4601685184835363e-34,1.2640483390189284e-08,1.916154293532536e-16,2.494474429182364e-28,4.6247672144558085e-10,0.0001510674664167,2.700925066983161e-17,3.1185780724063326e-35,6.002491988236887e-44,7.642049014307031e-53,5.4206005117890525e-27,0.0652470432726263,0.0008835156187106,1.6687199962563376e-07,0.5103563352338844,3.5669436438058844e-22,2.8960573032899812e-08,0.4014617662811832,8.673399380309678e-06,5.881332108942171e-10,7.107468877269262e-15,2.271870513011318e-18,3.834971192878981e-22,1.2808680887375295e-26,1.571369672885768e-41,2.6538373333183698e-43,2.5316021328283955e-41,1.8504991362579282e-43,1.8412295896611596e-22,7.62933926142906e-48,1.230244482112319e-31,1.8895326454935864e-24,1.0732123823045348e-47,2.613476049716654e-29,1.4797305899266592e-24,3.973276132987553e-29,1.2271077428884392e-22,4.464532775797391e-19,2.691017729292812e-33,2.1395551654237018e-33,7.980165122147221e-17,1.4651097480923348e-41,2.1420686136433943e-36,5.9042306396695875e-19,7.045873114935943e-31,7.643451377251384e-36,5.086355199900426e-32,9.312006931268307e-39,2.2055817325077047e-32,5.958909611870036e-25,6.93036621464838e-27,2.9137695113660195e-28,9.235281478080272e-17,1.4739314698817104e-18,1448.5067239109092,7.943908033306585e-06,0.0128949863045145,0.4358269476842383,0.0001246362708543,0.0001201423687888,0.551033287371604,4.531501173975586e-13,9.390277432738296e-12,12.0,13.528893194451108,9.985223561113314,9.969275305249916,13.630756949721532,0.05403992983782474
2.5218424225401768e-12,0.0001695452645529,1.1858701835825813e-15,0.0001332854088027,2.6620884551122844e-06,1.3336651655156457e-06,6.6913594776241265e-09,0.0001998923121504,2.4440001802301265e-05,2.409497197234395e-18,5.203211421112898e-16,3.928545355385823e-12,3.170663571314254e-21,3.2759180235110082e-15,2.1335126773897997e-19,1.2727961582163643e-54,0.0086485138235677,5.657242001232724e-16,1.4646119006505755e-10,2.6013595762769352e-08,6.258809073459985e-06,7.120870920762336e-15,9.034352245195226e-20,0.0002681243997297,1.3098011714073029e-10,0.0001572615254569,0.0001000468165589,1.0716749138009217e-07,4.188789325710205e-36,4.851906346312861e-64,7.597144174052585e-20,3.397781646962282e-37,1.6826514317042295e-62,3.4475700793458977e-69,0.0052137571640057,3.8876762329280775e-14,0.0018727935447045,7.595141011415247e-12,0.0169619306021589,0.0003160783958042,9.24082266544406e-19,1.2821972255733886e-21,4.3560362137911275e-05,3.6999095061790873e-97,0.0002066449773843,0.0005659033412444,1.1103765883671807e-10,4.2245228811871694e-24,1.7239502115783634e-39,1.9791409885839324e-39,4.8132436590288554e-58,2.8652191891612372e-18,3.900478607241535e-36,1.5630343734957928e-10,2.678789874286647e-07,1.0313115266780431e-14,2.363935151999161e-20,2.3092089621982574e-20,5.243782652437499e-41,1.123774240810718e-76,7.809686497178498e-15,4.9778842341971585e-18,8.8797958699519e-33,3.35925698837264e-16,2.3348430180180213e-34,4.6389861550863935e-55,2.1565190480914716e-10,0.9651075589378016,1.040813359118509e-21,1.4665935190058633e-58,1.0827480047607755e-77,5.963601878649116e-96,8.302475450511156e-14,5.0808607330575715e-19,7.557534384511651e-27,4.238819296084594e-29,5.021370756546824e-32,3.8044408457102895e-51,3.843851707396126e-50,5.231269047262393e-12,1.5626796874482185e-21,1.3463775068026023e-30,5.253589711425033e-41,1.451435604213861e-49,4.203237466064873e-58,9.817959892011756e-68,9.88047478684294e-12,1.0414148515409593e-18,3.4671291977909877e-15,3.989171448659084e-22,2.138995259460084e-17,5.534644000396697e-15,1.2330746541995204e-11,5.518561776282477e-34,4.450468008085094e-13,1.3583844712147423e-16,1.285233898115516e-19,3.0753484164943105e-29,1.8005720201761946e-31,1.1165164866814546e-22,3.8217564996468243e-22,5.527756624223339e-28,1.1228811493452641e-29,1.0501355537417548e-19,1.7473319029025582e-22,9.930849879612776e-20,6.6254973779170764e-46,2.627291503591255e-16,1.0026559355847586e-19,3.571955843494339e-31,8.045616892994599e-28,3.52877086394001e-29,1.00610686972575e-37,3.1105037802601645e-44,5.407741498075587e-12,7.550254182207459e-19,2432.350284224743,0.0031992473989682,0.0003995164297085,3.084240663291992e-06,0.0392406174400095,0.9602239882301374,0.0001327936594811,1.4695677499825772e-15,6.927962249917866e-14,12.0,9.887613614760646,13.992201188324506,15.380837907336804,11.521642695264935,0.052940751608102424
1.2852418459860814e-21,1.0170860697760115e-06,1.641527817663229e-23,5.553844070168962e-15,2.7197076680399737e-13,5.4070747794287746e-08,1.321392916721292e-14,0.0022715141874106,5.830446929975911e-05,1.2967549577657496e-16,2.6043636681919778e-17,3.755814485684443e-12,1.982396135821381e-17,3.507597609299536e-09,1.5864839066687769e-07,2.5144235659913796e-46,2.0281356581209063e-08,1.4810639323311732e-20,1.2696889110179426e-16,4.114263638809173e-13,1.2195146935742365e-08,1.142442796108631e-12,2.4768006272457156e-21,8.16257130651762e-05,0.0001248374717636,1.7852297117428774e-15,3.203958653475676e-08,4.188202935274396e-05,1.1502390929979227e-32,9.189940249390553e-59,1.0769430065568104e-08,5.7518844470939616e-27,1.5961127921249377e-50,7.678690620342501e-54,2.347186154685502e-09,1.7342189587498931e-18,1.553477253054961e-05,1.730303041738219e-18,3.2803179207937804e-12,1.302797195740049e-07,1.7999502169505906e-21,3.628979982660744e-25,5.697780168349703e-16,3.374850641819209e-80,1.3498317646600464e-07,3.519638449356056e-14,4.569378211283935e-13,1.58813484870059e-25,5.026182881451833e-41,6.066352633727384e-41,4.417837012079221e-61,2.209187551990815e-20,6.6434687861337565e-40,4.300576516961827e-07,0.0011159375042493,7.358106534442423e-12,2.10941377534441e-16,6.54786997988652e-16,5.903433008618886e-40,2.282373001954327e-68,3.124447936214678e-06,3.478578947126468e-09,3.960021883194997e-21,9.607800238303306e-21,2.4420358066106507e-40,1.050986421155022e-63,2.0015389010075304e-10,0.9962846112393684,7.742354926075381e-25,5.580733403998991e-66,1.706392560841215e-86,5.673534642228939e-107,2.2608996400100017e-17,2.8060662954927746e-19,9.919852758277114e-22,4.408495553408294e-36,7.314328783085611e-31,6.050581567218666e-62,5.428304787548633e-50,6.181977899294188e-07,5.706166789010724e-12,1.6177860784694484e-16,6.2544052147031005e-22,7.745505152513285e-26,5.7672531118812064e-30,7.175145513954409e-35,9.005116173772113e-29,1.0025976221888118e-33,7.98927045038268e-27,4.738476229537316e-32,7.427304403371327e-22,1.5968554770964167e-30,5.294431698039093e-19,4.5221029947773125e-41,1.750033556716396e-25,4.074936984341363e-28,4.739623647561039e-27,3.399124315532704e-40,1.4080337327209767e-37,1.1933628378559273e-22,5.953775104872284e-30,2.449557755074123e-33,1.7572431722029956e-25,4.567563829367114e-37,1.2717845292726547e-35,1.177410761711745e-28,2.7872225335702174e-55,7.583031862421504e-28,1.3241888474723604e-27,7.381122380048628e-43,5.419772444965135e-45,1.8991632581872783e-41,2.896303768376645e-52,8.277301522138071e-57,5.301109079166586e-19,5.96949151261053e-24,1574.0530037818608,1.8271608979880785,0.0023239521221705,6.090643292972368e-09,0.0013244845344693,0.9961836990938074,0.0001678581589094,4.757577086195518e-19,5.0668195967982224e-17,12.0,6.41843598866464,11.755819715043092,14.63211225442138,10.858715278884684,0.05150366563037203
3.207532802208734e-29,2.084264897289161e-09,2.3649354068907344e-23,3.6920160550438275e-30,3.404252378972521e-23,1.4432890631757954e-07,1.8342880782536002e-29,3.2077520838176983e-10,2.767606753108892e-13,1.0543937945157207e-16,2.2048254725212927e-17,1.5686647443202394e-24,3.1670170445950543e-16,3.033821344051359e-18,1.0446900549801037e-13,1.468099102561513e-49,5.232522186007727e-20,1.7109584931716114e-24,9.910585971234934e-36,1.924307743265616e-29,0.05520463101885,0.0010889470934881,8.416786293162332e-07,3.962938703089701e-07,0.3375017573809871,1.763431599852396e-36,7.58022468829243e-23,2.9056194327807883e-16,2.492944295838307e-31,8.889195181467778e-43,6.479615838060701e-21,8.40603428222211e-36,7.784174878704047e-45,8.235424811961996e-66,5.981506309234815e-27,1.721603637654471e-26,1.710653393382647e-20,8.893581910441561e-25,2.8653803156587825e-35,7.189489066758823e-27,5.639203061533e-37,6.5364921807076125e-24,7.368154931082305e-46,6.284033895158435e-87,6.5394799743197564e-34,4.342044131677265e-47,7.497233222765195e-23,6.1605273967498215e-28,2.707260673805872e-38,3.633797885752128e-38,3.1903296206646186e-56,1.18658821925924e-17,1.9067273390645607e-35,4.759163821678336e-06,0.0013518278257918,3.990669681797073e-20,7.135414739408775e-29,8.502506629259969e-09,7.735487007085205e-35,3.6250509826230376e-45,0.000831741387927,3.057240269443915e-14,2.2181487112773427e-36,4.10047639373006e-20,1.6589488190204574e-37,3.198600296250928e-61,9.483988621197173e-14,0.0350462782439045,1.05458796918732e-27,1.7808216447070105e-67,1.6235448874436954e-85,1.8242932162757795e-105,4.20694204057848e-33,3.899011775001244e-11,2.2224983935764384e-10,8.890917674793721e-29,2.5057139876033342e-14,1.444348429287486e-57,2.828733560703868e-30,0.5688551999692845,0.0001133741821278,9.01486603014751e-08,1.0287208259064408e-10,7.003950998558555e-13,9.341005063444673e-16,8.964696175522785e-19,1.1437040303078884e-58,1.196166812394448e-58,7.26989665743491e-55,5.5407146733145275e-56,5.217346545608441e-29,7.66495933988786e-64,4.340037570947276e-34,2.769953858605232e-38,2.179329943083847e-49,3.045451823587947e-51,9.693150130682903e-41,6.818526744983853e-57,3.2535790218622693e-43,7.21776047207463e-29,7.87087527658285e-55,2.6142300186394042e-52,5.188129426314323e-29,1.0064549971774452e-69,1.4955457452546725e-58,7.94908469769322e-38,1.6759570022684757e-59,1.3528046683963128e-54,7.485652053633209e-46,1.5992199193811622e-64,2.6745665290987977e-65,1.4846849009831596e-50,1.2151457426069993e-61,2.5827605667926247e-61,4.802294191284477e-31,2.81585387463493e-31,892.0972987004636,2.518135774945904e-06,0.0018687178883478,0.0240635723875067,0.1683254323987031,0.0299622680235533,0.775780009301889,5.86945193153602e-13,1.0271540880188034e-11,12.0,13.109816358608148,13.954605995859982,13.205030941714384,14.618194841376466,0.04922167864315133
1.1042474841409131e-20,1.3851161457583308e-12,1.9318399287018866e-21,5.3822170633129164e-09,2.38482926033352e-12,1.395095146899764e-11,8.447394248539542e-19,1.4362096228698327e-10,3.3900796463102266e-12,5.72302160239816e-26,1.836725148449096e-23,1.7915249531686724e-26,9.72853886812757e-34,1.3079934268182873e-33,4.5124247178714787e-42,1.898736837413294e-85,1.5152786179185798e-05,8.104289772472257e-20,3.873989599506709e-17,1.467963299529843e-13,0.000194809616411,2.1303185111824795e-16,2.9355902971774183e-19,1.6896890486966096e-06,3.664323502388889e-14,1.1632847285478524e-07,1.9414150345527448e-10,1.996820158311508e-17,2.5031518371991058e-49,1.037808915481848e-79,2.0282934338516288e-41,6.227808624065576e-62,8.815312094548568e-90,1.3774475255365081e-111,0.0001161800197721,7.03773601251597e-16,0.0005600120807976,1.234138917097317e-12,0.0178807802777521,5.6991218313496066e-08,2.783863948357981e-20,1.762054876383649e-19,0.000195568919776,1.594354861130584e-138,0.0222294837082605,0.9499232445368546,2.6160672710560353e-22,6.573863648486994e-37,1.3215148414921078e-54,1.5991718491853228e-54,6.215199629345487e-77,1.9524808838711715e-28,3.0782224772189373e-50,7.451248312127449e-21,1.1546023392116984e-19,2.9770002221501782e-31,4.2100538605484426e-39,4.814141660942428e-34,1.8378162574682782e-60,4.576506870132242e-101,3.7928008547001825e-30,1.0930927825822027e-38,2.817946402976289e-64,7.3017233363408135e-22,9.992700796923045e-44,1.9965452690115296e-69,2.6218360087165546e-17,0.0088828993013779,3.019665619915887e-29,5.303129661586781e-75,8.828941652252013e-98,1.4350568114161902e-120,5.597797999847473e-23,5.342686054324271e-25,2.3248979397668983e-35,3.7075711158148935e-36,1.0660382025682483e-38,2.0450273333348072e-64,4.4956147418866256e-60,2.2444010219750683e-18,2.2903552372474925e-31,7.211333761110152e-44,3.2821382979606915e-57,4.5894637949649376e-69,3.750585687701462e-81,5.314251541224729e-94,6.93827499730462e-20,3.0409190463096406e-31,4.435095656147766e-28,9.903982762084389e-40,6.41971307074774e-25,6.3609975026037455e-25,1.7670192730159922e-19,1.500022640362213e-42,5.273622750485825e-21,3.187337431092942e-31,1.881282509665927e-36,1.8265608826870932e-45,4.213442065346382e-49,7.481656430170088e-40,2.7298604140449032e-43,4.660606979786631e-53,8.386253409686025e-51,2.0164417675754636e-33,2.896545936118464e-38,9.41436930470293e-27,4.158501774700577e-62,2.9450133029784622e-27,2.4742783810986748e-33,1.8132780253787914e-44,3.6579629495100358e-40,7.189738553318486e-43,1.732963042996312e-49,1.9364692930464672e-60,1.236339949529843e-19,5.40006352472228e-31,1544.8941349173751,5.325908800122761e-05,1.156284394255306e-08,3.9290626529586815e-05,0.9871601447272308,0.0128002122843355,3.4079905996998365e-07,7.208763714991087e-14,1.497820905225926e-12,12.0,15.531224289895786,19.931322948738355,18.044152507992862,13.469433723931855,0.04883897257722392
1.357518315323608e-16,2.1326553373700983e-08,5.3582194357671274e-08,1.7359198774812211e-28,3.84918912633308e-13,0.0087344846595928,2.6681600225828587e-34,1.9055196870097997e-25,3.1132244070804667e-27,3.2623216968129275e-27,1.8564073904327257e-24,9.510844154602749e-38,1.2185623723295734e-30,1.433767847249008e-40,9.169407400962244e-45,4.977035509631521e-62,6.8674495035731e-25,1.9528861215493216e-25,1.5210538317248551e-37,1.1468433300676929e-33,1.1710516197916146e-08,3.794359531358523e-12,9.93323949677127e-10,2.281218267942694e-16,3.442816781061427e-15,3.72883333266879e-46,2.7540399279684717e-44,6.0271364097343345e-47,1.0517823849300458e-51,1.0630263419128707e-54,3.8410092456536057e-63,2.1662975852642407e-70,6.969405497516056e-71,1.386753498584222e-99,4.921862454718637e-43,2.5955420186856688e-40,2.6028170984585208e-42,1.2275026808600727e-36,1.481642626364061e-59,1.0912365430737392e-60,3.74142583195212e-64,3.842133247174241e-48,1.2164768333274243e-80,6.478265036213021e-137,1.0743521719322424e-78,1.1705657962156176e-95,3.947873353566264e-19,4.973390834749761e-20,2.8449165574324774e-24,3.482250734139611e-24,1.7933122893274144e-33,9.35479841333462e-11,1.8044408252188484e-19,4.9356226428347766e-08,3.2305319784885196e-11,5.9487596790664055e-24,1.6701665167795283e-32,6.248393042733575e-12,1.1442753157697589e-25,2.6970518957753218e-30,3.2055132604707973e-13,4.3848344805263666e-27,4.48805223972694e-50,1.3073023346988612e-08,2.4607462482336417e-17,3.537037924018078e-30,3.687075015856658e-09,0.0067863196002104,1.2773474401314382e-16,1.9802048174140624e-36,4.780350674218565e-46,6.998382132757783e-56,6.825430131667262e-25,0.0183283793678071,0.0002975259361101,4.8926803958804935e-09,0.0235672318310786,1.0286593236001706e-24,1.7342783754489543e-10,0.942263490577457,2.240739664542489e-05,1.679149178831109e-09,2.34912607879729e-14,8.40882401073455e-18,1.5543436211750406e-21,5.853184386352284e-26,2.245811555921548e-45,2.1797346239088052e-47,2.0687099899940487e-49,8.375909751897867e-52,4.357482202553354e-31,5.01166433643473e-51,8.478718932285626e-35,6.893475390238841e-30,2.0833718019408967e-55,1.1818452107874505e-33,4.708438875662965e-29,2.707391158363151e-34,6.335023093334496e-28,2.073780826986678e-23,5.904314851642822e-42,2.8137318304992554e-42,2.7284558877803595e-30,4.3961960333154624e-41,4.582521514941554e-36,5.783321286703627e-19,4.449914824609266e-32,1.6101770392654782e-34,7.225599140026296e-31,2.7715032794977983e-38,2.4274279483990048e-33,4.998352940384285e-26,1.4087261443332683e-28,3.386105810593743e-30,1.3641000898308915e-16,1.2364847844832669e-18,1428.7186938044154,3.653774429206549e-06,3.5163923539028827e-08,0.0326397382761523,6.3060081058757125e-09,0.0067366427988533,0.9606235774550628,2.1594754440854941e-13,2.0083121629995093e-11,12.0,17.967649340630587,11.253657197616656,17.282346193053375,19.436455914669953,0.04818711029323345
6.885537244170609e-35,4.6222096023152155e-21,1.1603009020369795e-32,1.4128971174633056e-25,8.237119527953575e-33,1.7819466005784351e-16,1.5791254963254316e-28,4.884317498146532e-15,1.0795490530206053e-17,7.931791948795118e-24,5.6065854516900354e-21,7.656599849402606e-28,9.79219707112522e-24,4.893585774778993e-26,7.375308847613912e-26,2.0884935917224272e-63,6.050086571521341e-20,5.440243254358597e-27,4.083915693617713e-37,1.331037800573179e-31,0.0006944363101834,3.3749518160320488e-06,2.5303478910804437e-11,4.575452615807616e-06,0.1076794599216293,4.504450230543975e-21,9.007400164993432e-13,1.0216518260649167e-10,3.9268985590165285e-30,1.6528865430449591e-46,3.4276423896348744e-22,1.8763107131128143e-38,2.0602539688640992e-52,3.675625929373487e-75,5.012168248754105e-16,1.1683925459360608e-18,7.834933623737951e-14,6.858478071546509e-14,4.4966649694313014e-10,2.6445098768686264e-06,2.1123603059515188e-21,2.3706853954899214e-06,1.3881802028303467e-09,3.2501951696729875e-80,1.0593729950881532e-05,0.8916025424493902,4.673738721942288e-36,1.2858423548547564e-43,7.737116468887411e-56,1.0080208703601432e-55,8.567478559018866e-75,3.133050967176892e-31,6.208276381063442e-50,1.0972764048834332e-18,1.4212309897141892e-19,2.611122360080207e-37,2.013011451742528e-48,3.785185614750887e-27,4.527749508141254e-53,2.9917700149604087e-69,2.1887104355847375e-20,7.060832665552295e-36,2.7315400547890867e-62,4.4551315850836655e-33,1.636355891944891e-51,1.4317571114981352e-75,3.838138719932379e-25,1.1502922212353096e-17,3.12073935550523e-43,2.988521760507767e-84,2.024042871410222e-103,5.933307333494677e-124,3.662859087940022e-48,1.3020869280616164e-22,1.0556684173991321e-22,1.70225890805889e-40,1.4524579232268074e-28,6.612149847932686e-69,7.861531428761094e-46,2.27712362081439e-11,2.127873358733601e-15,7.275385169000632e-19,1.8586357710811004e-22,4.513276010177247e-25,2.922416194836965e-28,9.113391254986382e-32,4.4025752755732256e-51,2.80877789221159e-50,2.3703556151279202e-51,1.960563094163154e-51,1.0033068044275035e-31,7.824721558537781e-59,5.691377825711023e-32,1.8504264439539735e-38,4.334754002273522e-32,2.6276014337887233e-58,2.942282327272691e-48,3.6625160733320235e-66,2.1845830464291716e-53,2.1268492389430723e-38,5.730938679015825e-65,6.366402094224119e-62,4.7338660269476565e-49,4.162451494352669e-74,1.8078686973838305e-63,3.762434489208813e-49,1.807961330042992e-70,3.842786050835171e-64,1.3590232524848131e-55,6.412614100461357e-76,5.1977544501737526e-70,3.288799439278748e-56,8.231677692540288e-70,1.1301446363558942e-68,1.420932147408421e-37,5.972069996395795e-37,1014.0399743300676,71970.92689856634,5.530082207367945e-07,0.0001469111266929,0.9548132219613288,4.430754601899598e-06,0.0450348831491555,2.13980379486833e-23,5.4078677724854155e-22,12.0,14.424323102096183,18.237186837001573,12.903746109871754,16.91081745287672,0.0481630782435038
3.195045656530072e-34,7.539995206483488e-18,9.477953502351392e-34,5.469215115700556e-24,1.3723543149010918e-29,6.395748358776441e-16,3.0270007113265353e-25,6.271148561729922e-11,1.6923523638860497e-13,1.5490175693772964e-22,5.5154354342354715e-21,5.425933243062546e-23,4.1875235263051863e-22,1.1435951314550848e-19,6.029970703253629e-18,1.646578281252355e-60,2.86046508864061e-17,3.459623113258499e-27,1.0592761922253278e-32,2.3663056558870047e-27,5.311168778115618e-06,3.255048421577606e-09,2.5257697873303713e-16,5.374866671068974e-06,0.0100302314936373,8.664199650851146e-20,3.7702272827411455e-10,1.379038998941325e-06,1.3998776830510567e-31,1.1688457031027303e-53,1.4290171272576973e-14,1.876669798448223e-33,4.116953807274975e-53,5.679094990398266e-69,1.2011876074702474e-13,2.9018284900156853e-19,2.603789187994875e-10,6.811874508669014e-16,2.585485203001905e-09,0.0004682810278523,6.449443284633221e-21,7.237778870861576e-12,4.5096174935636655e-09,1.794558031067327e-80,0.0083009416032131,0.9811884697362216,3.966979680948524e-31,1.5281083396302634e-41,1.7380017809848716e-56,2.2501615158451427e-56,5.4736763358282325e-78,9.352085077818658e-31,5.575686792585661e-52,1.874354632786756e-16,8.246555194929274e-15,9.333438850494072e-31,2.5204887285116907e-40,3.2281483534044276e-25,1.9213459027491135e-53,2.727228921893568e-76,1.6032254353742091e-16,8.440917442173542e-28,1.3278500190313266e-50,6.782136872745727e-33,7.026138643504265e-54,2.4432572268695894e-80,4.548115528470917e-23,1.2118337102192622e-13,1.5105293913730066e-41,1.7339794401151074e-87,3.1806295611399716e-109,3.294156399914213e-132,5.28393235843208e-42,6.251431097198426e-25,5.682544521004264e-26,2.010057417253812e-44,8.49860243861328e-34,4.4095945361698703e-75,1.1341721829957844e-53,6.690328324165679e-12,9.02928786003244e-17,4.382748565933764e-21,1.384061952241974e-25,4.5858365126169073e-29,4.326064703662368e-33,1.804712695818429e-37,1.6473457690720934e-47,3.0989815701767422e-49,3.569402789258646e-46,9.822456944659423e-49,3.383966863757853e-30,9.242509017979115e-54,3.2896291879627224e-30,6.912262849759694e-44,9.405304077360526e-32,8.995355086216803e-53,1.6217917365983406e-45,1.9999209320891705e-63,1.5418611421259304e-53,7.417293631307481e-37,1.2862611475906542e-57,3.710548325992419e-57,1.1612876816560965e-43,1.992114387070053e-68,1.3393938070510814e-60,2.8440827653245503e-47,1.5353611825840144e-73,1.6405459909135215e-57,1.0604316023039916e-51,5.211353249012452e-72,8.943933593609874e-69,7.174860807785381e-58,1.226533332172056e-71,5.029319650674581e-73,3.6357112177689913e-35,4.663717131468236e-37,1044.3150742730295,7244.763531207624,9.44470456448643e-05,1.0655325975670392e-06,0.9925524413355696,0.0033291073361171,0.0040229387500705,1.3931204126621353e-22,5.4928747699249905e-21,12.0,10.0523783630119,16.02156508441285,13.547139420277745,13.629355042912048,0.04802354330684263
2.0456777642646785e-23,1.2577753612767422e-05,6.6881170518031665e-25,3.8480571332038145e-14,3.559687338601904e-19,5.786235517705779e-11,1.6660605934760326e-16,3.433397390096486e-05,9.45145372135517e-08,2.6732294402802548e-21,8.587974582550046e-17,2.2692378900085408e-15,5.035008689447042e-19,3.5930821537428914e-13,1.4317001153553458e-12,4.4777096506498744e-64,2.1252504683500219e-10,8.003896611979592e-25,9.65143486376717e-29,2.0765020762280458e-23,0.9613366540099528,2.536409174309519e-12,1.4192982462474024e-15,0.0001412760792896,1.0837644358380876e-09,1.8462716904705066e-13,5.7910590420328736e-05,0.0158781824135986,1.6228416651870597e-36,1.3258730255260135e-67,1.030281822568117e-12,4.4628668237609085e-36,9.587976070844431e-65,3.0011734140433817e-78,2.70842692842702e-10,1.985152459143221e-20,6.278659523962513e-10,4.109097625101391e-14,1.586253851488014e-06,0.021439076666583,1.5139064227445498e-28,3.811243773985727e-18,8.488061324273777e-10,8.250031074068793e-106,1.827773181907419e-09,5.384229276058589e-05,8.072162880659538e-22,9.7208488436628e-37,3.561272089056398e-56,4.607841594743452e-56,3.7627153023021375e-82,5.008615042445534e-23,1.0073816903550819e-48,1.321295057935455e-12,0.0010412576951216,1.4619320318327628e-22,4.630013482439221e-35,1.2804031801263517e-18,2.702959462516793e-51,1.5919138464096277e-91,8.715305280592782e-14,9.946584590121871e-21,1.5626180012374974e-47,5.270808055104421e-27,1.830309944547678e-52,2.2075583422933746e-83,4.797101813973288e-21,3.108757522447434e-06,1.363549115890084e-38,1.8319324958167053e-93,1.121862680373308e-119,3.9830504965698186e-147,1.820764664993538e-37,1.7600578431584118e-24,6.8073027593285925e-34,4.448287777217598e-40,7.377712975367094e-38,3.5050786324038054e-75,3.2564617854452594e-62,2.495925176676779e-15,1.4698403432670003e-28,3.1078737091172267e-41,4.216862985651898e-54,6.062324233183085e-66,2.497664588461024e-78,4.5121207153722705e-91,5.00628528075117e-35,7.021967741630243e-42,8.31227990614361e-35,1.7260674397806058e-42,2.0528355482583884e-23,3.260067699367531e-44,7.235228455939432e-26,1.2852460412098164e-45,5.8855799288984215e-28,7.001217699125968e-38,8.861471567833487e-36,4.9295871726283025e-53,2.6103595466597904e-48,1.6288581346453362e-35,8.053355663284544e-44,1.7104319729415e-48,1.4794318430859997e-35,2.487441645363805e-55,1.1695070253769664e-52,8.934512546781844e-39,1.2420781222048745e-74,2.0965203341356003e-47,9.634528721113238e-47,2.1467268740493225e-66,2.945798547685042e-57,1.6199956142126938e-51,1.2039151811149187e-64,3.6854805606578215e-71,1.3782998646158462e-27,1.3227794004940852e-34,1047.427554430617,3.828162836231318e-10,0.0266906508971394,0.4633203095050865,0.5099013675201843,1.959310748462376e-05,6.807897010487255e-05,3.022084221585279e-09,9.104028717525653e-08,12.0,13.23952217285731,13.281127011786936,8.865744156026503,9.406653812211989,0.046322505422444996
1.1055480172646896e-15,4.219933100781216e-06,5.369315247643928e-16,1.9967934945363358e-10,1.518853371773308e-08,8.522716137050626e-06,3.3778888809310865e-10,0.0021112128813373,0.0003676458163528,6.600333848095581e-12,9.430318277332018e-13,3.881558515541395e-09,1.572374591964291e-13,5.31546931011848e-08,6.40954401846114e-08,3.189554775879679e-31,7.756470043071492e-06,1.0960795277991001e-13,1.227031404168375e-09,1.1288870573463465e-07,5.991259514567245e-08,8.28720160290514e-10,1.7886183822449676e-16,0.0003455403974487,0.0008910887352114,1.0210363569816762e-10,5.137185603997897e-07,8.97106442646833e-06,2.659605960828412e-23,1.6639006682153379e-40,1.1045209929009012e-08,3.045988919621495e-20,6.879303596477626e-35,1.0664956450902536e-36,2.246756802490719e-06,2.0813475208551207e-12,0.0006366973396222,1.9374428244046334e-13,1.8176859505363103e-09,4.3512086590119785e-07,4.964748900554046e-14,7.882744167225872e-19,2.970737526632436e-12,6.719127226647772e-55,1.3740842144131511e-05,8.929275538258638e-12,2.1878509522322218e-08,1.8587064982715787e-16,3.034325304264407e-26,3.441177698919264e-26,7.040729918180313e-39,2.4426108508766507e-14,2.9775129241378885e-26,3.0619014746944015e-05,0.0001192405584942,5.0720983862030777e-08,4.888940386194017e-10,2.436506846812425e-12,1.2530805859334959e-26,1.3244441729213345e-44,3.997594666717469e-05,4.163869866614189e-07,5.136191906433731e-13,1.9293335258041997e-13,1.0644829423004348e-25,3.2743748466058694e-40,4.906505915514077e-06,0.995230525167192,2.1310322490986986e-15,4.0079989152361095e-40,2.363540477433509e-53,1.5480805497464941e-65,4.27152406892051e-09,6.57981724314776e-13,9.048558674519253e-14,4.4502279693506815e-24,1.1409862934217668e-20,1.1130079739225077e-39,5.6135985116488226e-33,0.0001745293726762,7.83155985621175e-07,1.0020430391164412e-08,4.481586483645089e-12,1.7144957716148365e-13,7.919038836235531e-15,2.4448638559295258e-17,3.1835885280009106e-18,2.8144396609863706e-21,2.5366162902629722e-17,2.743249685639709e-20,1.3318624263782361e-15,5.9450380609014296e-18,4.26282332422661e-12,3.080129306250222e-27,9.722061319305744e-17,2.9312094132877524e-18,7.775407163137086e-18,1.7951168592134732e-25,1.962444654896754e-24,1.9674691953471912e-14,4.618323734879099e-19,4.43692730284678e-21,3.4755757110450695e-18,9.132471154820209e-22,3.969027134552678e-21,3.684654177460232e-18,2.8223960131125787e-34,7.77859260208132e-16,1.0365419613783318e-15,4.292603087218364e-25,3.177579397458012e-28,2.5450981764256126e-26,3.631910912088888e-33,9.699007999270055e-36,4.287884280440996e-12,5.303646316862287e-15,2779.4606469322107,38807.570707466366,0.0014231005126312,3.0309504665078265e-08,0.0025323838823208,0.9947659646675762,0.001278520627967,0.0,7.495430146699691e-21,12.0,7.328343263847185,12.250293965641308,14.844485342627344,11.953472164338644,0.04558380712663325
1.6033121331081218e-34,4.941974167348543e-13,3.715313494025017e-32,8.865836920279721e-28,1.0396432419434063e-24,6.818335466289738e-17,1.2859106338066861e-24,0.0160200740108541,2.0433500375412168e-05,3.894833719438053e-12,1.3618093902154972e-16,1.8101856373986648e-17,4.421210432727076e-13,4.603826569163487e-09,0.0234407211435916,2.9321238283380577e-43,2.9155065816963075e-14,5.520789073971973e-22,2.419800809139265e-25,2.2359389377671572e-19,0.0001800954830522,2.73108670115232e-09,1.5005068907386838e-12,4.514300581716674e-09,1.19022052649688e-06,2.310044024409911e-26,5.778962293272372e-11,0.0277953953780517,1.6742667895652904e-23,2.414269708343209e-41,0.0831211656921048,1.9441303148831936e-19,7.254864475155743e-35,1.927420784844224e-46,1.8772954427022568e-13,1.8849907882527996e-16,0.0015922220880309,1.0344872659815705e-18,7.61118453152754e-18,2.16770734354809e-07,3.0827864825566236e-15,5.234020298296713e-14,1.3581022747452992e-20,9.393557461073078e-59,0.1641592497847686,2.0531809127945888e-14,7.0742509890085095e-22,3.658559793099892e-30,1.8149946090805423e-43,2.4060773017865264e-43,5.376928679095583e-64,3.0041959405885803e-24,1.3604673080080074e-44,6.075781868884547e-13,4.900648608693751e-05,8.009468973794845e-17,2.609776789600041e-21,2.141293144337653e-13,1.467046080200919e-41,1.5800667066545596e-61,2.3380583792256464e-08,8.292510168676476e-09,1.6897213818728552e-23,3.4209579714147367e-25,3.43309059216809e-45,3.2006584282951757e-71,7.291837755680519e-19,0.6836201858541894,1.323903989760592e-28,3.064202763386157e-73,6.36432957097948e-94,2.7475364387838367e-116,2.1562455254071588e-26,1.0612623721857146e-23,3.7042953523248896e-26,9.37339620213308e-41,3.2649470463952695e-30,1.4705514491362538e-71,7.005736582670558e-49,8.90743570940783e-14,1.784590177860505e-20,1.3746103862352232e-26,1.1584105367743464e-32,7.068649498881293e-38,9.604241720731252e-44,7.947286952268224e-50,7.387351684426182e-55,7.102387400121514e-55,9.135395209456016e-49,8.142035013389213e-50,1.1342912292574685e-27,7.3776103350774675e-56,1.1380711542035956e-27,2.0859303877133036e-42,1.1498514955881596e-38,8.8767445359306e-53,7.932642176704394e-43,1.6204969869032488e-61,1.4123281655597507e-48,1.1877223179411647e-34,1.1602026943073738e-53,2.758301542830852e-51,3.780555901726362e-30,6.990675762886775e-69,2.700310365155573e-58,4.8381217195690386e-42,4.1856972077126473e-66,1.1778605100412533e-50,2.3450607348815388e-42,1.591055563003935e-63,5.204123635660606e-72,5.076687411578077e-58,5.813886459491856e-72,1.1626047784401644e-71,3.3622427961999716e-39,1.9375405644203684e-39,939.0412923599224,32.28023221640619,0.1588885749595801,5.7462001063412914e-05,0.2939526956680031,0.547100498154246,7.69217107384471e-07,2.8114439544929303e-20,9.237601564762485e-19,12.0,8.558288075885828,12.26718477724866,12.53697444026302,6.684956264425839,0.04545407031229628
9.775257471283837e-13,0.0033883935521306,1.6293381512619022e-14,0.0023292985986943,2.936181811546139e-11,9.796868469863477e-08,3.8325649836281823e-10,1.522519542036632e-09,6.150249798493779e-11,5.992937968856494e-25,4.3595533253095095e-16,3.861381391688827e-15,1.721984616345695e-23,9.95200121363573e-20,1.4206831367601108e-25,2.880409923072847e-67,7.553821587693402e-07,2.9416527953821733e-21,1.3165982143912052e-23,1.8316778756843948e-20,0.3352148364759854,1.7206705772618296e-15,3.3855244052048254e-16,7.065150818102187e-05,2.0649642903505465e-15,0.0009319127788953,0.0001805926964056,6.308763482438804e-09,1.1778815928493407e-40,3.1895721590058964e-71,1.3110652932747684e-26,1.3858145595198e-46,1.43652332697103e-74,1.6337934918409397e-88,1.1861978709507905e-07,2.5268567660620604e-19,9.526457253642645e-14,5.47324334848773e-10,0.6503403572447021,0.0006141012628957,1.5496643699734374e-31,1.3234001822924666e-19,0.0002031376774763,2.043812579790795e-119,1.2245287175921976e-15,0.0067254330609651,3.599258098777499e-18,7.129065392761e-33,2.601436086323645e-50,3.095552649417627e-50,6.672966111603167e-72,7.493977143456669e-19,7.32639655789241e-40,4.884618063544557e-14,1.1928976676338082e-07,2.7586891776099607e-24,7.918893226947458e-38,4.369287080056509e-22,4.0804241045982046e-47,2.103148267043236e-90,1.771708628025304e-20,3.731939296214741e-29,2.1045648410166577e-56,2.2096064702599047e-21,1.5802050737489978e-42,4.2882678300497454e-67,3.092726621711345e-19,2.132023113047289e-09,1.4402700370886876e-34,2.1095302361998128e-78,1.7190277815204415e-100,2.714232320969838e-122,1.0898527162781033e-33,2.590196406439355e-21,3.7463716127828367e-34,2.651392527092011e-29,2.82654088952971e-35,4.993807309751641e-56,4.420044122186379e-56,2.2189516341981737e-17,1.5020068644578127e-32,3.0542761474761694e-47,6.170795917846494e-63,5.01042539944757e-77,2.8566583409397384e-91,2.2225860640701793e-106,9.660381678815389e-13,3.068359708277954e-23,3.6699315027842615e-18,7.839251140013295e-29,3.060022736848717e-17,1.3252362918267487e-23,2.0932612432827497e-19,8.237720073907647e-37,8.040160850139638e-16,2.0196790745011008e-19,1.6936582541874998e-24,1.2612565643728337e-33,2.2754622484378736e-37,4.474994381980228e-31,3.8687748628712653e-28,3.413541748004285e-37,6.542879210996439e-35,1.4971894088022921e-29,2.748809519120999e-34,1.518607993312074e-25,5.757419056842977e-59,1.0802111633650472e-30,1.814439947868692e-36,1.2406394944181998e-47,8.067330949070309e-31,1.1851738626662924e-33,8.12507579940923e-41,6.877799895311907e-51,1.2257523344620835e-14,4.2656014966645985e-25,1753.2249991723477,5.955637013439513e-10,0.0015689517524351,0.125714064012498,0.8726901171651931,3.2997153848941696e-07,2.653709833525265e-05,3.251491424626775e-09,1.7964490121062938e-07,12.0,13.903774277640151,14.745250469198334,8.322866893064868,10.228243845154458,0.045447954962868305
1.7504172555592726e-25,0.0007745638612207,1.0441560739036444e-16,3.373965563483908e-16,0.0168400905826017,0.0164161920325178,1.8058968905407876e-10,0.0168400907080702,0.0168400907080702,0.0168400907080702,0.0168400907080702,0.0168400907080702,0.0168400907080702,0.0168400907080702,0.0168400907080702,2.3647699831395473e-06,0.0168400907080702,0.0168400907080702,0.0168400907080702,0.0168400907080702,0.0168400907080702,0.0168400907080702,0.0168400907080702,0.0168400907080702,0.0168400907080702,1.388192307989263e-13,0.0168400907080702,0.0168400907080702,0.0168400907080702,0.0168400907080702,0.0168400907080702,0.0168400907080702,0.0168400907080702,0.0168400907080702,0.0168400907080702,0.0168400907080702,0.0168400907080702,0.0005925353640259,4.296299199494598e-06,0.0168400907080702,0.0168400907080702,0.0168400907080702,4.5519953968944715e-07,0.0168400907080702,0.0168400907080702,0.0168400907080702,0.0168400907080702,0.0168400907080702,0.0001347845424451,0.0001677847412863,1.0676939278463988e-15,1.4610013145617334e-07,3.081275784964721e-18,0.0168400907080702,0.0168400907080702,0.0168400907080702,0.0168400907080702,0.0168400907080702,7.684908491826758e-13,2.3435156894880705e-12,0.0168400907080702,0.0168400907080702,0.0168400907080702,0.0168400907080702,3.938523064400801e-09,2.8479791017230063e-24,0.0168400907080702,0.0168400907080702,0.0168400907080702,1.9414249666012e-12,6.649213123043124e-24,6.791367284398416e-36,0.0168400907080702,0.0034298016338892,0.0168400907080702,7.702253494170725e-19,0.0005598440798866,3.1748884715306323e-37,7.63914926787897e-14,0.0168400907080702,0.0168400907080702,0.0168400907080702,0.0168400907080702,0.0168400907080702,0.0168400907080702,0.0168400907080702,2.8143255904401115e-34,8.04119678766712e-38,1.5926328470093458e-26,1.3979194230309736e-30,4.238546171401265e-07,9.431061125045614e-22,6.224140378691485e-05,2.31075176727996e-20,1.839227404569388e-24,3.3691458883230393e-31,2.0451625618484872e-27,4.8080729671263575e-33,3.1225431888364696e-27,7.25870457233188e-14,2.730291777460916e-28,5.393080232997496e-30,0.0005944538361613,6.43276541548075e-33,1.136872637522683e-28,2.812879274534783e-09,3.637992150570188e-26,1.1026562564868438e-06,0.0005337417380466,7.066231530799552e-12,3.6768101947545435e-44,2.206963833523635e-37,6.950961025907942e-40,4.721060255398543e-43,3.790398586486702e-17,9.193192580920562e-21,1286.025875347363,0.0222302488816914,2.551588413173797e-09,1.3189206899372572e-08,0.5338367063751209,0.4661632767866821,1.097401704322771e-09,4.0351004058661743e-19,4.600014462687439e-17,12.0,12.7134080597565,20.32059781103321,20.261727436524303,11.63355500900194,0.04534133574839638
1.4111844544608972e-19,1.203036764828194e-12,1.3413088222393258e-15,4.3855035630074045e-09,1.8502569726007626e-13,1.0066844865549157e-13,4.047677934787788e-17,1.3661381206941096e-11,7.042474620027508e-13,3.884341132367059e-20,8.734415603972842e-17,1.5945362094914724e-23,1.6608244127171638e-25,1.4068744206512398e-29,7.397243672912775e-37,4.615743973214423e-64,2.489366435900863e-07,6.113916585665146e-15,4.869997851297445e-18,4.303676579522179e-15,0.3708719824198652,3.803936483300787e-13,2.27619107212419e-09,4.522495169800631e-09,1.497973839522678e-17,1.831844096938255e-07,7.34038785592445e-10,8.646542459476834e-16,1.0217241705143685e-33,1.206553050816139e-50,7.505490630030463e-36,1.0140668346773294e-48,4.825757141536214e-63,1.598222765352693e-85,4.295321371436586e-06,4.128863933119542e-11,7.165936926013864e-07,2.1060694483469457e-07,0.0070212685499804,2.078551960264176e-07,1.1498594432594691e-15,1.3097913744001308e-08,0.0002819712084829,6.892238231693835e-99,9.873983396925996e-05,0.6217191023846739,1.3072218127087557e-21,1.6880034966793666e-29,5.884492974514743e-40,6.94844538029746e-40,2.377124529692271e-54,2.3622865253880756e-21,3.8476821487000246e-35,2.6665713495477417e-21,1.5672442573103368e-18,4.593457774974512e-29,8.538173260278593e-37,3.9229227479814217e-26,1.1408779031465543e-43,4.287351193646141e-71,4.553863724893309e-29,2.1707716367159791e-35,1.2870043162738954e-57,5.3335200817265835e-17,5.877895910454403e-31,3.80830765663309e-48,1.879961580235028e-19,1.048031090192885e-06,2.007730463273804e-24,1.1610425541458447e-53,1.4232514348567284e-68,4.5903064489641114e-83,1.8569353318234222e-24,1.6317819552997296e-20,4.013921137693126e-31,1.468630722364256e-23,9.837619127541676e-28,1.0009943294133098e-42,2.0329121153956006e-41,2.6228775736419125e-21,4.1411439356617974e-34,1.943668598640617e-46,7.638988417547421e-60,1.364163554314305e-71,1.862218422413622e-83,3.104651711612801e-96,2.038051343954203e-18,2.9741643971282815e-27,3.3503706709637953e-25,3.7025028042504806e-34,1.951347843180953e-18,1.5707540298709402e-23,1.2564778360536573e-18,3.9332494503316103e-28,2.6033359523280408e-18,2.0733945666548052e-28,3.8078230865374437e-32,9.748261841251749e-36,2.9340471177079255e-38,8.154271270136362e-37,3.144397805817323e-38,1.0929934426008448e-45,1.9853552578180908e-40,4.00538415482072e-31,1.534921085910283e-34,1.813719846457416e-21,7.064808959830612e-46,3.442761531792255e-27,1.4785533682036123e-31,3.825905807367787e-37,1.9284591663872267e-31,4.634207240102206e-33,6.964780920536173e-35,2.765587059685983e-43,9.70406636000156e-21,1.6194077762310226e-29,1867.675845831748,0.4154945881892388,5.38549412458569e-08,0.095755016464414,0.9041918594403208,5.3069072747534785e-05,1.167576477446109e-09,4.964887235617179e-18,3.127878958438823e-16,12.0,18.249935978861185,19.225035036280502,14.993615943035708,10.336059780475525,0.0441411894261623
4.3654738879216206e-41,3.7386534715953194e-22,7.631214034491198e-40,2.2525707040897928e-31,2.963631528392217e-37,1.4032482235486177e-21,1.5852625306580798e-31,3.5819493857429312e-12,1.8454765298740753e-15,1.0690812319862978e-22,2.86403084064138e-22,4.090947388388376e-27,8.169866119784401e-22,3.2114600958673508e-21,3.841441546406261e-17,1.1267784986969551e-62,8.665604600080272e-22,3.561158119925381e-30,9.25581758341195e-40,4.794474559854018e-33,5.9627083124968047e-05,6.278307683224339e-09,1.2325931314739752e-13,5.075551095677431e-09,7.66416722821914e-05,4.832021463852566e-26,2.4725538120588064e-12,4.1003365160980045e-06,2.0979133958258817e-29,9.192536355328182e-49,1.0079710547715629e-12,3.668180731030021e-32,4.235749061135848e-49,1.6875620679147948e-69,4.2826063791456777e-17,3.0152793133112224e-20,2.4096050012234257e-11,3.633775614631666e-17,1.296364063347856e-12,0.0001618690911804,1.981022172173373e-20,1.1265914636650465e-07,1.096879541870542e-11,7.42556114019487e-75,0.2125186946184708,0.7871789431418705,8.57390877128691e-38,7.910987167978431e-47,1.8100232773560733e-61,2.4698701241730417e-61,3.861581369340619e-84,1.1870343462356371e-34,2.9625584407253303e-57,7.255762217705548e-21,8.057613000714341e-17,9.812080157826582e-36,3.145066801184091e-46,4.984504168937801e-26,1.9289744013610105e-57,8.854193760822792e-78,2.6059592042530243e-19,2.9434015106687225e-30,6.0586240640797635e-56,1.2045206796963242e-37,8.963670720178937e-60,1.3211599046835126e-88,1.9159326957299117e-29,4.542914406978781e-16,7.157955935988227e-47,1.4235637060185222e-96,2.6794849623893035e-119,3.1170849499873724e-144,2.895912441629158e-50,4.77999603985067e-29,1.9605428251241866e-30,2.9573619428364097e-49,4.954767987790796e-36,1.4714608352404714e-83,1.4642726098070018e-56,8.929872106948915e-17,6.659763681974838e-23,2.085057611318727e-28,1.3403942891713149e-33,3.981689064280316e-38,1.956649720620241e-43,8.622600828016172e-49,7.69952918501229e-63,1.2451471418287982e-60,1.1840446081096617e-59,1.0135789093845146e-58,1.0959396437152104e-35,1.2046204679325362e-69,1.0948191196420439e-35,3.4103237229980594e-46,1.115584259351258e-38,8.114247442803505e-68,1.910310297427572e-54,1.4466655966371347e-77,9.002280339359646e-61,4.4304083628820433e-44,1.4391258865634305e-72,1.0289649976310584e-67,1.7751358374749555e-49,5.778616245737534e-88,7.031094107172235e-74,1.44083357346999e-57,3.9837164204071125e-82,4.750722079003112e-73,1.4021584431877865e-61,2.8807331971604376e-87,1.269145917698726e-85,9.672164474632564e-68,2.235426457159428e-85,7.133881745829905e-83,1.1307277379672644e-47,9.390864386228465e-46,836.8863904070321,90702.66166313244,3.2627643646825784e-05,1.1484323752729258e-05,0.9183825790953752,0.081543900382086,2.9408555139264744e-05,5.0955348602878064e-24,3.031843241871244e-22,12.0,11.546519716747248,16.449437926574234,15.397805770273546,11.954887977495382,0.04384211543855465
1.96506046322887e-09,0.0021636259729326,4.183993331475199e-11,0.0211705688097194,2.1305375951840636e-05,8.468532528726675e-05,1.1004667408955118e-07,4.403522264935734e-05,6.286732806155123e-06,1.0431156089385064e-16,7.08674987597831e-13,5.2794177985249626e-12,4.0781626784685976e-19,3.3273861031898465e-16,1.7246734330829704e-21,1.2082793934676644e-51,0.02915251371021,3.457160284352484e-13,3.4826210149964175e-11,4.637294757275211e-09,0.0387043071248007,2.6282320059387423e-11,9.928320099043844e-14,0.0080017993306991,1.6199292081571243e-09,0.0163983326492656,0.0005724696760584,4.61666555167063e-08,7.481795615881803e-32,3.0297212949634616e-55,4.223326573107902e-22,5.412609648406193e-37,8.936000949601678e-58,3.452496562886391e-68,0.0120568011665074,1.2863958277065815e-11,0.0001035715890505,6.806043283586412e-08,0.7620796861986862,0.0009717355457243,7.711898635456953e-18,7.542338701824917e-16,0.0015137276269492,4.4495045174343256e-92,4.996133771636784e-06,0.0097936768718885,9.308484602812747e-11,6.518347511109601e-22,6.310279438383651e-35,7.206172135744036e-35,5.756155294168292e-51,8.124451104599844e-15,3.7340529438050326e-30,9.868696665935678e-10,2.686255642128383e-07,7.851771019644299e-16,8.948355494185809e-23,4.3760250571291e-18,5.032563579034349e-36,1.990814447345811e-67,4.567324354147235e-15,2.9080627468788605e-20,5.335295239116176e-37,3.495103725368555e-13,7.7843121692803e-29,6.629100272529053e-47,6.341845970492724e-10,0.0971553689748242,5.007908948546951e-20,1.0060013697142556e-51,2.380906961013024e-68,5.0188682814796985e-84,1.2253894199192442e-15,5.692768693175106e-15,4.4935081270401074e-23,2.7992408784243153e-22,9.318061288050776e-26,1.394335015104939e-41,2.0824808665970267e-41,1.372294988269074e-10,2.685741532466991e-20,1.5086891951472933e-29,3.428972548122011e-40,5.989904048208603e-49,1.1653907908295316e-57,1.687512158565073e-67,2.059611763148586e-09,1.7086328178967665e-15,6.301525801865776e-14,6.018482553478031e-20,1.712642086038833e-14,5.1881507709360843e-14,2.1888121170961974e-10,7.627946754364321e-27,2.3004480804748963e-10,4.1851738569078934e-15,1.93106177391483e-17,1.8981751572516105e-25,4.538745189813552e-27,5.389214667792776e-21,1.5222966949806426e-21,1.5659745809623923e-26,1.945943657152405e-28,2.597102032038729e-18,2.0431643974317735e-20,8.013378507294316e-17,1.7118573023467248e-39,1.0771841909924655e-16,2.208211284864557e-19,3.4982155951096394e-29,6.871810111946929e-23,1.218530257695108e-23,1.0708996702373829e-30,2.6404182101909905e-36,3.5424086971494814e-10,3.9900180950020607e-16,2572.884005321779,6.771046478098257e-05,0.0013493888136769,0.0138943480895314,0.897209785885103,0.0846438644580669,0.0029026127536216,6.295481944070168e-14,3.640887057653914e-12,12.0,13.012701069311742,14.822756896226974,13.79745837750765,12.332651993582802,0.043434161333991174
1.7264603140853996e-23,6.155799058307804e-07,3.2499793964672826e-23,1.7325910989809048e-17,1.2769577783372424e-14,3.253333184519267e-11,1.178832437168325e-15,0.0039046530499526,8.088967692670216e-05,3.500544481136694e-14,1.175910482025569e-15,1.3128475310090664e-11,2.9347176354336243e-14,5.413499362262708e-07,0.0010151539771216,8.405689118515636e-39,6.445838979841202e-10,8.362151762357594e-20,8.100123508500018e-18,3.917074026451501e-14,5.376221419440659e-08,1.2032775221396566e-13,2.005220742226081e-18,2.8504934493155375e-08,1.712836477448389e-09,2.0578177637328594e-18,2.5417038157828683e-09,0.0001491829372104,8.557023605165848e-28,1.9814571345952547e-49,2.449599869475845e-05,1.2513159597258704e-21,9.639411001037151e-41,4.556795850369594e-44,2.6556047349475636e-11,4.649593615374165e-18,1.5486975572614734e-06,9.900642587231576e-19,2.4411365332971916e-15,4.575093871390501e-09,8.282176330615014e-21,3.12042649035275e-23,1.326399604437692e-19,1.0666148973492665e-66,1.8885847166015e-09,4.519693448453418e-18,5.974709475863332e-13,3.567927301511582e-23,1.3937205362828184e-36,1.6934110065463595e-36,9.751559420765124e-55,1.742015073468849e-18,3.956952559466269e-36,7.743278843648805e-09,0.027708237068214,3.2806442508543707e-10,3.0604149993120446e-14,2.671753227591231e-12,1.053938048056401e-34,3.301469750406601e-60,1.8767264746721387e-06,6.735071906630263e-06,2.824540940931315e-16,1.2318265570565953e-19,2.5318235561610737e-37,6.03396720958537e-59,4.2157721416437803e-13,0.967105968074302,3.574112391121231e-23,1.0801531606687019e-60,2.750022310373894e-79,5.776272578645476e-98,1.6434487702367322e-17,3.0561523928736857e-20,2.9550466026602718e-24,1.455311464189895e-33,1.5840265654198066e-29,7.645956499478474e-58,1.0913231784636236e-46,1.4321265692856787e-11,2.7476530172716425e-18,1.6382999315106504e-24,1.546277704884742e-31,4.201780126363235e-37,6.3853294990761586e-43,1.7818278776487448e-49,2.619891356382318e-32,9.566681534216983e-37,8.327472454731662e-29,1.4443804569363377e-33,9.46035828070564e-21,1.7038927046966345e-33,1.2782268866111614e-20,8.410878062632548e-39,1.674291437920913e-28,1.0014401267535993e-29,7.313021686911279e-28,1.2590682843447171e-39,4.152374088095271e-36,9.517489894408037e-25,3.093775668616744e-30,4.777145270803069e-33,3.2988369359192796e-21,6.217492414524203e-40,1.133730921600044e-37,2.8816516119444655e-28,1.3061679573789254e-52,1.4737233052897728e-29,1.409832654577852e-28,1.7519792045042525e-42,4.3405321291067426e-46,1.233637216272976e-41,6.711008877202012e-51,6.1830557731832325e-55,4.129793339953204e-23,1.4686151283320344e-27,1501.5787180109585,23.566340763873413,0.0318261028064205,2.6785533656831433e-08,0.0026659297444992,0.9655069858987516,9.547647949887743e-07,0.0,3.430866693425515e-18,12.0,5.925116842057872,10.923065238898422,13.48197195912602,7.477112935577321,0.04240385256681742
1.351334159600978e-30,6.732935893466068e-12,5.893387137695979e-28,3.6395966436484354e-23,4.970518845345937e-21,1.0329809473551814e-13,1.0609448625459092e-21,0.0040368708554695,1.3882764395664877e-05,2.0215741560541416e-12,1.0475952093450139e-15,7.024134738097976e-17,3.5767229710642225e-14,4.7602345933975096e-11,8.669703659243159e-07,5.514253120363381e-44,7.245599024880802e-12,1.5313091819443502e-19,6.333702623431499e-22,8.948108147200787e-17,0.0006010080880368,4.1959971809317846e-08,4.814273814157119e-12,7.219978750366499e-07,8.739205031540125e-05,7.963814621244549e-22,6.727925869451405e-10,0.0007705531498931,3.783131742326501e-24,1.0773210249863887e-41,2.9305995489848037e-06,1.3573437465135037e-22,1.0278211464914486e-37,1.2993174087436209e-49,4.310837153714809e-11,1.3250386080054316e-14,0.0041521541542915,3.421365619465789e-16,1.7691050405369532e-14,9.500724020185596e-07,3.655410905155181e-14,3.4183212196992946e-13,4.9916756432090154e-17,1.8276123543012091e-62,0.2391523745558003,9.4282623016491e-12,7.830815094899011e-20,5.529721165834845e-28,1.6609096240375663e-40,2.1340601484776755e-40,2.2686563355265513e-59,2.1170960245176465e-22,5.856974352048871e-41,1.5191897275296556e-11,2.5944928640926924e-06,7.969726556061791e-17,2.9460035089309578e-21,1.9735709353773413e-14,1.004432924530176e-39,4.607261671531426e-59,5.746665545616613e-09,2.3576565882351177e-11,7.53029186791372e-26,2.681094736147705e-22,1.191845818040586e-40,2.6990289862263988e-64,9.351964547549405e-16,0.7511776516362509,7.269192254992008e-26,2.528553941814601e-66,1.896525583934709e-85,1.1086365358144472e-105,2.347879136546543e-23,1.750706031877724e-20,1.5708131400790053e-22,2.381025034130161e-36,3.687582916374827e-27,5.208523185417924e-64,1.794487176440344e-44,7.276789473964434e-11,1.3184456011176118e-16,8.419227579846244e-22,2.9567817930999093e-27,1.228288801743248e-31,1.5731817566111985e-36,8.032991431475029e-42,1.0482301921085926e-45,1.2082567884726147e-47,9.298161047332115e-42,1.8137157651886412e-44,1.7468390176459952e-24,7.091269849292812e-47,1.746855904078769e-24,1.0738946937052603e-38,1.6431936295769212e-33,1.968421873288157e-45,1.043174661651085e-38,9.391725336470218e-54,1.6298886922750504e-44,2.3475919678429413e-31,2.0843280552078795e-47,3.1581489759279456e-47,1.9267474033044818e-29,2.58842607021404e-58,4.8770905379072486e-51,4.787993029692238e-36,9.793300947364013e-60,5.5399779328938464e-43,1.2278446782393888e-37,4.68893067188141e-55,1.3690361159144905e-61,2.41530664559336e-51,1.9197191784368496e-62,4.90041921921452e-64,3.8790532152024976e-32,3.179515041425222e-34,1083.5901230295394,18.335146036908583,0.0018895605543106,0.0002023231918705,0.3269160802709184,0.670932945115883,5.909086701744819e-05,1.0607362331341896e-19,2.2030675611248552e-18,12.0,11.029684853651707,14.23807546886914,14.55031830354168,10.49515954805047,0.042382659756682685
6.595895466984556e-26,2.0064027809513702e-10,2.6818814069857874e-23,7.078341080909836e-18,8.700061125228333e-16,2.8128973963472676e-10,3.2135000447941856e-17,0.0014586918532499,3.027139430758061e-05,2.199880438785982e-12,5.341268182246944e-15,2.38186941549474e-14,8.884695137821956e-15,6.530336787806138e-11,8.14639588784862e-09,1.9331136965216828e-39,3.6276520034081522e-09,7.908759517804031e-17,6.363437929833854e-16,3.0672178125858433e-12,3.629316877169266e-06,1.4398165253671764e-08,2.2742413403761532e-14,2.0384023673981812e-05,0.0021623188731449,6.97884415166154e-17,5.7106375414333694e-09,2.2282891547222412e-05,3.621793408929182e-24,2.3701609962177423e-41,1.6323144888749442e-08,1.4083483661396756e-22,3.067136986077893e-37,3.8899346509685595e-45,1.2410202539882328e-08,3.6429861253750074e-13,0.0099816863135902,5.595629060836285e-15,6.841298908190242e-12,8.520551015974565e-07,7.468110363528067e-13,2.443730996996423e-15,3.0898953090941014e-14,1.7689071151230646e-59,0.0838596073206295,8.711626499045969e-11,2.7167415368277057e-15,2.727167771471725e-23,1.7955766252192135e-34,2.1815594121480464e-34,2.1251333730485757e-50,9.566023111857752e-20,3.677150375849329e-35,4.4656165132828095e-09,6.00839692635642e-07,9.93938659177224e-14,1.2892163418799974e-16,9.742480772329321e-15,6.532650716812043e-35,1.0237900048511556e-52,7.212787959729536e-08,1.3569216070402195e-10,5.319506483289857e-21,1.4054723042711913e-18,4.885803565664515e-34,1.975477582142819e-53,5.0651446853067135e-11,0.902459318366884,5.6653610217216785e-21,4.9155900462556015e-54,2.1161634590289697e-70,7.53291860039007e-87,2.157994663992053e-16,4.439980645575061e-17,7.601305445321711e-18,2.019233284732018e-31,3.863808861205092e-24,1.805248729876295e-53,4.497245892476944e-39,2.186329658046718e-07,7.443615984751008e-11,7.875179897272153e-14,1.3172623873279849e-17,6.349112165904047e-20,1.7124316769788745e-22,8.47448265537057e-26,1.4003525319378932e-32,3.0751076843297894e-37,2.9645699431813396e-30,3.0951744791043077e-35,5.571596977230136e-20,1.2650869549010106e-32,5.618242181154499e-20,7.523041480119681e-35,4.4313981803338146e-27,4.2995070589308786e-33,1.8781862878818846e-31,9.096469462758539e-41,1.7911357923275053e-37,4.305630014182852e-25,8.884667490524629e-35,8.241167850846565e-38,1.0454764387142231e-24,5.595161513861309e-41,6.101073905153046e-39,4.2766072283748636e-27,1.976894581316384e-49,1.8219244237018905e-29,1.0437883035073108e-28,3.6510058977006287e-40,4.718189570584755e-46,8.005014098645687e-42,1.2210759972847415e-48,6.76648591961152e-53,4.659206180157079e-22,9.967135098884263e-27,1502.1420638878535,4875.73080569222,0.000651012860237,1.5443301817255825e-06,0.1522316733746122,0.8452735880680108,0.0018421813669581,3.8282218639105455e-22,1.6886711999694295e-20,12.0,9.375150591401296,14.36891545350392,15.113407731166312,12.451742817456076,0.04176986494779074
1.119350372864013e-22,8.132674759248474e-14,9.474146114756693e-19,1.1600161782788448e-14,1.7358548184325441e-19,3.1985063097852866e-11,3.8542339413884955e-18,1.6659714958097286e-10,4.956453027106479e-12,6.71118495598846e-16,2.3921835101938153e-13,1.2311118137281994e-19,2.3150596449264805e-17,1.1904944825818344e-20,5.823345661121211e-23,1.3406544779287617e-45,1.651547055659875e-11,7.822795067043337e-16,1.2358475311538773e-22,3.0402581791549857e-19,0.3952437845313135,4.318073974998847e-05,5.089201866303438e-06,6.84916410016037e-05,8.670922597677425e-05,7.221664451614071e-12,9.88612773335997e-09,1.3234774965176551e-09,2.0319734189727706e-21,7.236672757872716e-32,7.871130981995243e-21,4.177911371427934e-31,5.33101632793177e-39,2.2354134116774672e-57,3.802881342714622e-09,1.4931254159383029e-10,1.085381169481438e-08,2.2366955472767178e-07,1.747948363705357e-05,6.858099589489835e-05,2.015088671225213e-13,0.0033319631553234,6.612152723000412e-06,1.3426489954307124e-61,0.0003478066745832,0.6007800518260892,4.146052706769072e-23,9.557178325464274e-28,2.521455304114131e-35,3.0292839067816646e-35,2.499474580889401e-47,1.416379953480424e-19,4.9777156820456615e-31,3.44203980129194e-14,9.711449840190674e-15,8.257484852410526e-26,2.028393710917036e-33,3.8948975419205627e-19,5.981263186186041e-35,1.0790512681612704e-47,3.1406347576648055e-17,4.0893399095466975e-27,1.0558836013135637e-45,2.9540187756573113e-19,8.371891410989327e-31,5.2196702080185815e-46,9.637809316405378e-17,1.5220415532483559e-10,1.9026308050615143e-26,2.3166543417272007e-51,7.750570834083368e-64,3.406737069457758e-76,8.148699061336983e-30,1.0617474330654207e-14,3.984020222541982e-17,1.7221297534963104e-23,1.6600268769144578e-18,4.413085807601562e-41,1.2497009752746829e-29,3.0660189742001177e-10,3.630747076872286e-15,1.3105899643525315e-19,5.820206620900809e-25,8.91256901002423e-29,8.628251780000752e-33,1.3072543000310593e-37,8.696027225274072e-30,5.2543952100450325e-31,9.220850417720208e-32,3.206927733727854e-33,1.4717287231114498e-19,1.2158099472524763e-34,5.778229370243718e-20,2.8380127039714004e-23,8.926110211614305e-20,2.6717594838728187e-36,1.078013968318406e-31,1.6165066842829783e-40,1.971820566909373e-34,1.8541001494959576e-27,6.712525038709074e-42,1.3658880134553864e-41,4.635487435844354e-34,3.015047768056824e-44,2.8288238804856508e-39,1.0215314660657046e-28,1.831940356932475e-43,1.5465946718307655e-38,1.0291140601863756e-34,1.264281190315845e-45,2.5716030670316116e-41,2.62035665436711e-34,6.36146438985433e-41,9.986227844717323e-42,1.156315596790366e-23,7.253206705985269e-25,1628.2043667901523,7813.461006536578,1.798495521961744e-05,0.1054020048592686,0.8943228903674239,0.0001823739360741,7.474588201377455e-05,8.631176623133343e-23,1.2543976692287124e-20,12.0,15.767939510887624,16.69658498593117,13.006053410524142,12.61867791018904,0.0416833737362447
5.930445432001569e-21,1.325400867250963e-06,3.637502753747929e-25,1.0696855534335351e-10,1.8246005833175245e-12,1.022014496146491e-08,9.18133344218632e-14,0.0018729626323121,3.183650012878762e-05,1.777146738080271e-21,2.8525981132751403e-20,1.7244596101376562e-14,1.019404914865633e-23,1.3396799098575191e-14,4.466654413691428e-16,9.91285210827999e-66,1.3601187023375506e-05,2.0946516378493661e-22,1.3064955861801055e-16,9.146911999430492e-13,2.665887473802174e-07,9.372410912369365e-16,1.2171491310302346e-24,0.001147382441805,1.7139331728945706e-07,1.073494325123051e-09,3.763864312651291e-05,4.230621305692728e-05,2.336752496677068e-42,7.039689061647588e-78,8.800320207149842e-16,3.0137178746282565e-39,2.910539899557782e-72,4.4356234203447526e-79,4.583051165369222e-05,1.2414494297571226e-18,0.0079986476199805,1.5828807078138616e-16,0.0001798391474296,0.0067444188308397,3.1035772392845855e-22,1.075489778910265e-25,7.105970071573916e-07,1.2743415628995737e-111,0.071635944403419,0.002965418788223,1.050342762537242e-15,7.212630332514256e-33,2.389927138516056e-53,2.921736509455498e-53,9.463055005368292e-79,3.3366322459374638e-25,4.083138138192455e-50,3.198498818093953e-11,1.0491296493641563e-06,8.556161858826228e-18,9.528828475628003e-25,1.115524534512542e-23,1.4332839042629602e-53,1.0611853098980308e-95,1.1274537716459453e-13,3.259828506303407e-18,8.766952692069557e-37,3.101521134793373e-24,3.657374507234302e-49,3.5306299403646627e-78,1.6890583370160334e-13,0.9072806385228928,1.1797384644928902e-30,7.790953393023839e-83,1.1712711058443048e-108,1.1242489556613934e-134,4.7472088771198875e-21,1.1579452725712711e-24,1.9900028468774744e-31,1.8208825532145185e-42,7.899372820663291e-41,2.753390631581532e-74,3.549232026804296e-65,1.095909657864911e-11,2.902144652923494e-21,2.4160671856571407e-30,3.6531889829243398e-40,1.4414096975642493e-48,2.9760908984442767e-57,1.2303685811139923e-66,5.9368781638881055e-24,6.039922428234232e-33,2.929729018723411e-25,1.2708358571723003e-34,2.3408750079518736e-23,5.14208078043295e-28,6.3836944650055e-19,4.0055628851049697e-48,2.2431559073514685e-22,3.674115488123691e-28,1.3609091475891905e-30,4.701867022255021e-45,9.79052431398413e-46,5.6469985423423866e-30,1.0837766388142369e-33,5.280449850610643e-41,1.0550716379438827e-35,1.1093409839261692e-36,1.0667647225960835e-38,5.156939905225121e-31,2.767008479105669e-67,1.2270041726658106e-28,5.249859063112511e-32,1.2256693749108656e-48,8.249009809817584e-47,1.5062418275239095e-46,2.3705329948602585e-58,5.991003281841062e-67,6.444945628784387e-19,6.166475572493799e-28,1440.3755058645652,4.171389314395721e-05,0.0037708521859356,1.145601647558282e-07,0.1467331173841564,0.8490027320440947,0.0004931838256485,3.3371546155233986e-14,1.7877614011732493e-12,12.0,7.482594120768708,13.590088635560482,14.352469579001554,11.116569316347691,0.04139485532973411
4.3445461650736225e-24,5.631654941809623e-11,9.1836057464133e-24,8.33804798815921e-17,3.733607147508731e-23,5.746984340851124e-12,3.2025665433112547e-17,3.0567389994878194e-08,3.048711842329798e-10,2.8088513446359136e-17,1.761871782778075e-13,5.879565769927165e-15,3.9713351425940414e-14,6.0292792915052856e-12,2.2706721848983902e-10,1.0119759651863725e-43,1.0112760528255577e-13,2.06388065720267e-21,1.6482026511890182e-28,3.134792824153112e-24,0.0471749952696467,6.461995414681777e-07,3.0998161013054806e-10,0.0001599526194269,0.0003207422806364,6.76669093803186e-14,9.463008414210566e-06,0.0147238220581505,5.1317039322421455e-22,2.1752169520178727e-39,3.318168776221778e-08,3.228025253056593e-23,4.030010381526179e-38,1.9922712583266329e-50,2.5440462723371488e-11,1.8566173501290394e-15,2.9750285958323537e-11,1.7032718961220226e-10,3.63650717436779e-06,0.2114331016432928,5.1968199297468103e-20,9.773755723218149e-08,7.871504045557265e-07,1.1391504182203051e-60,1.902259871699204e-06,0.7261707396124598,8.970412093251958e-24,7.457069239399073e-32,1.3234575369651669e-43,1.6449591786869732e-43,9.43158751115949e-61,8.548179016426831e-21,1.642941118376063e-37,8.984118560186138e-12,4.865983894758516e-08,5.0560295212486066e-23,3.1748703093918226e-33,5.574583963975551e-16,2.907759491803255e-38,1.7509215179039522e-58,2.079722288016835e-11,2.443665938011534e-20,1.671706882916462e-40,2.4196819076784174e-25,5.3111896956754264e-42,3.755182284069307e-63,6.365316316630287e-20,1.0275749583744376e-12,6.685741896618648e-35,5.082251788010914e-71,1.5483869437805475e-88,1.5012124006465288e-106,7.891560200313168e-38,8.949015314443622e-19,8.31697167732302e-22,5.14620826591295e-32,1.0647058551706574e-25,2.260523397291229e-56,1.2615147393038667e-41,7.777382270147782e-11,5.645127741431243e-17,1.332800385723995e-22,8.273703291565076e-29,1.02890487692687e-33,5.6056129159046663e-39,7.707040221610347e-45,5.433845305048343e-37,5.778468248033491e-36,2.0956127616369817e-35,7.042646690200722e-35,2.6733270871652435e-22,3.547273484134416e-44,5.583597795461736e-23,6.111598332751642e-31,2.071465720175748e-22,2.318555935605508e-40,4.50975266898458e-32,2.574117324952068e-48,5.072150323604806e-38,4.8272569902760905e-27,1.445442411229246e-43,1.0299964237335291e-40,1.0763173852749023e-31,1.4589705383611438e-55,8.182037774389179e-47,2.801028239904266e-38,1.3034942514144478e-56,3.5618173893628096e-49,5.701003713977917e-42,1.859902135880015e-60,3.063564846794201e-53,5.5540517988680136e-42,3.875061156771695e-55,9.831342581820663e-54,9.612773792047598e-29,8.753033895971513e-28,1297.833370133719,17.557325883575807,0.052016386364231,0.0101860084226386,0.9376235845228508,8.281358946029583e-07,0.0001731925543849,1.8370304397098693e-19,3.5617979081041356e-18,12.0,11.291863852960253,13.255888344850533,7.2019614310567945,9.52238903960355,0.04135557853526969
3.483137726716018e-06,6.020497795742325e-06,2.5751387790744097e-10,0.9850771832964056,6.558599779566175e-06,1.9534227237106552e-05,1.8590118168881263e-11,1.118040937799546e-13,2.2002864620695084e-14,9.716665943750242e-28,7.239992928229081e-20,1.969031396010138e-21,1.25513181007745e-31,2.344511474044132e-31,2.5673253022138225e-42,2.3059301969216152e-76,5.304987010212559e-05,1.958039303411648e-18,3.028635043592687e-17,2.2180707228567778e-15,0.0002260796322376,6.330470208769962e-17,1.7399768856023594e-18,1.3658156667540678e-05,5.333047732171656e-16,0.0113459780847118,3.8539954355711585e-10,5.845352927170179e-20,1.3331879777248155e-48,6.0210082282303304e-77,1.0394075661566344e-44,1.080622071675878e-61,1.555909264547876e-87,2.9541376059407292e-105,3.595037845872272e-07,7.084978815413234e-19,1.558680824916239e-13,3.114602380118193e-11,0.0032440729566219,6.0938386206652265e-12,8.398890239566119e-31,4.664680521962242e-24,1.37649419900878e-07,5.455547746533156e-138,1.7432025470801468e-18,7.518413474389212e-09,1.0611817497564611e-16,2.3789966431007245e-30,1.2586578806600333e-45,1.4211950878422512e-45,1.2198565083499429e-63,1.0646503908612662e-19,5.561639138432438e-37,7.561201811256653e-16,1.5186505386637186e-15,2.471795935728279e-27,6.52363017411901e-38,8.357353753813596e-29,2.5455325690972596e-48,3.5361977459064347e-88,1.0083754342742207e-26,1.7866291963418991e-37,1.171631346169522e-62,1.6636451010341947e-16,3.7681432768850397e-34,6.019281705523167e-54,2.8951798572383005e-14,3.9211142673024745e-07,4.752953129002484e-27,1.9565634999964375e-62,4.769721433086914e-81,1.473421363695951e-98,1.0906954217040754e-23,3.8460274033287976e-18,9.687541003523068e-30,5.7037877243101094e-24,1.6186458276920175e-31,9.063570527239992e-45,3.042385040842863e-49,6.012112924096753e-15,5.870373719846514e-28,1.627050981110957e-40,1.438767309661791e-54,1.1638961588766052e-66,1.1970973796648638e-78,7.678793934691573e-92,3.4815553040412093e-06,4.986866368627205e-13,2.693194502366267e-16,4.875564511541362e-23,1.1995610686129704e-20,1.6383423292976252e-14,6.10345662924568e-13,1.2525426365963252e-30,2.1619694071073096e-10,1.5061189028020993e-15,4.4151204121099535e-19,2.5977558541543415e-28,2.722309016192135e-31,1.3603084588495243e-26,3.1600508308070603e-27,4.5282075403655876e-33,2.1543705285838945e-43,1.7282469197904435e-16,8.098072699866632e-20,4.634807817695656e-19,2.851732524795999e-44,1.6772853521463757e-19,2.661879269203675e-23,3.0110356517007673e-34,5.500155669968517e-20,4.193768611121255e-22,1.21408690658894e-30,5.303023208088995e-37,1.799710683058567e-09,3.66957717819713e-16,2924.66937079276,6.510440483488406e-07,5.91360915732983e-06,0.0002220642136621,0.9996797538544768,5.966827677344354e-05,3.2600045930471957e-05,8.06293277008064e-12,4.781939358255514e-10,12.0,13.574625958565,17.228008278873986,13.003890877834328,12.741365594232118,0.040996842022309375
7.320698160011274e-12,0.0031841848440655,5.390151183517889e-15,0.0013369071552902,7.412364415072033e-07,2.7228874045207493e-08,3.623373735692225e-08,0.000318598875992,2.7305807100044902e-05,1.1848233427335908e-18,6.227768138927176e-15,1.9641069424876016e-11,2.5395376188412368e-20,1.8172478289314395e-14,1.1715462777511048e-18,5.069506878279251e-56,0.0089102142979476,2.1702362022534454e-16,1.00242308997465e-12,3.4442096992690827e-10,0.0007764610917103,3.738689529018857e-16,4.383673388877048e-18,1.5727820222694808e-05,7.474830241149485e-15,0.0021169823471521,0.0031121843230779,3.746146685213914e-06,1.1137688026493102e-35,1.5630292999161598e-64,5.082007543146711e-19,2.9869708661127692e-37,1.8239684242390137e-63,2.126178344731098e-71,0.0065628536482002,3.0655896818429166e-14,0.0001855170725368,2.1017695316941575e-10,0.79697614512958,0.0199546547367527,2.5888040808401332e-20,6.944148689947965e-20,0.0019285841160993,8.064582714579573e-100,3.630873943308692e-05,0.0637353559684238,1.6188672358009356e-11,2.20733627593285e-25,1.819291356753298e-41,2.113383535053258e-41,4.9351971670837646e-61,1.246405858308396e-17,1.5271415208794442e-36,1.881714413059735e-12,5.067500004316967e-06,1.0940407883379882e-15,3.7139618429716434e-23,1.471160766076623e-19,1.193962662019736e-41,1.7197776000127536e-81,6.55081064829737e-17,5.667850841034199e-19,1.675565992356161e-36,7.38392839911816e-17,5.1939593815878546e-36,5.411173294094117e-58,7.598639944444245e-14,0.0908123950506556,4.0008068094848004e-24,2.731901353862073e-63,2.0621928314213957e-83,7.636937982706972e-103,9.82142821385656e-18,4.08714566403881e-21,3.3299112485071836e-32,6.63200215190908e-29,1.8428059821839502e-34,1.7195457506051463e-52,1.7724597010966171e-53,1.0375668734094035e-16,1.056061795785052e-29,3.1357868142114194e-42,5.4420073465829595e-56,5.5592930872731045e-68,5.2086283886095644e-80,4.694055053051686e-93,9.713805068725576e-12,2.777965254370922e-19,2.7141765288088075e-15,7.380491659664034e-23,1.575821807696013e-16,1.0073397286586616e-16,1.5645458525160888e-12,4.508815129609256e-34,8.503464375552968e-13,6.221411450190656e-17,4.7523206418233646e-20,4.139971460268916e-30,2.928439168144243e-32,6.990195466288593e-26,5.695063293342639e-23,2.8096028336374036e-29,9.36764870705976e-30,4.0592036111243662e-22,5.851596755468318e-25,7.10681891754435e-21,7.541999890796227e-49,1.8335426924383005e-19,4.5186596741251996e-23,4.94729963594702e-35,8.863499405859222e-29,4.8149330558952814e-30,9.637870640390867e-39,7.838641409968677e-46,1.875235709902581e-14,6.696074052566629e-22,2162.6794502047683,1.032680631436999e-05,0.0087602541327369,0.0002555832351536,0.925842496791368,0.0651364805793375,5.185261403892019e-06,5.49367629027418e-13,1.65388570422991e-11,12.0,10.465015657982107,14.024020406189294,12.871307584164803,8.772253950183856,0.03987341237803203
4.5578770482816565e-27,6.280912803634824e-14,2.165097512649022e-26,6.032644948749134e-17,1.054765863418072e-21,1.8579810782157895e-11,4.996498616401041e-19,2.151123510373628e-09,3.4508747427005094e-11,2.8459032045941143e-20,2.9677928309741612e-18,9.857877119015874e-19,1.0621268024101328e-20,8.310132048973457e-18,2.9560733177245653e-18,8.397331501808503e-54,1.3625000776161388e-12,3.0261441646114796e-22,1.500499993272593e-24,1.1707040092442903e-20,3.791707514194728e-06,4.712728162853968e-09,2.5191331534385646e-16,0.0003467640622268,0.0209442006325372,8.911054651126773e-14,3.822403375351387e-08,4.685103836801167e-07,4.8152539869663814e-30,2.9467092259433457e-51,8.489097307563198e-16,3.5472520865767093e-32,6.887646423463785e-51,4.4669084991986927e-63,6.69564776760398e-10,2.825895569241622e-16,1.9969835930292448e-08,2.500818309722895e-13,2.5529102320873837e-06,0.0010572387837638,1.4964558419307785e-18,4.512102884460368e-13,1.4218443492100264e-06,6.132326992516561e-77,0.0039087871920189,0.97373470045407,5.8157737065597e-24,5.70508834510333e-34,2.471001021030318e-47,3.0262845996315844e-47,1.1361184497713005e-65,2.0949591195285365e-25,2.9339481675367097e-43,5.67900514143136e-13,5.286272315058939e-13,4.793367950940264e-25,6.972675417050362e-33,7.930608836897353e-23,1.0066500843662297e-45,5.5854606834369405e-68,2.0137698947022772e-14,1.9730290535638736e-24,5.211267247130498e-43,2.9015127612477764e-26,3.9884937497478217e-44,4.054615186114702e-66,4.0881483171234006e-17,1.1276042328030071e-10,1.4816406216576913e-33,1.1795469419493838e-71,2.085262041310367e-90,2.1831248190012387e-109,5.185123249849554e-32,3.049271035125401e-20,1.92040472843927e-21,1.5354058669992276e-36,3.091494556429539e-29,2.2120163300059943e-61,1.681238390947616e-46,8.005713388480784e-09,7.21586172752937e-13,2.051802080404287e-16,1.1030907247301252e-20,1.5036974761460588e-23,1.0520520356990716e-26,1.5114916157882356e-30,9.990330463394354e-33,4.370522608560325e-37,5.054677384857425e-33,9.131936558389716e-38,9.79995566082496e-24,1.1667279450983696e-37,1.0487330407895752e-23,9.842483983932586e-38,3.127434441267548e-24,4.1507151594616574e-38,7.877437262615899e-36,7.320812937909707e-48,8.326730476032073e-44,1.4204288945677873e-29,1.0890332865852449e-42,2.3663067237917065e-45,2.5023584610303977e-36,1.395917187598873e-48,6.956544906667739e-46,1.7464173562833533e-35,4.3023300509223093e-60,3.0040357324784117e-41,6.347523558505338e-40,3.911718725328135e-54,1.1692889315316256e-50,1.1722647122088876e-45,5.5233429106230384e-55,5.975639806546876e-59,3.819538895751602e-24,1.5555296712447663e-28,1423.405414709569,5986.235118969067,0.0002133559987281,7.654547873109169e-07,0.9896932927214356,0.0015762299961819,0.0085163558288671,4.267774663295109e-22,1.3033127240985835e-20,12.0,9.55481468555028,15.666395768992784,12.868514730004309,13.601148940747596,0.03982640798709034
1.0394209430557772e-35,1.0071062299717645e-15,6.330914147738918e-31,8.942998558554167e-30,2.0712973120778203e-25,7.891394234597023e-16,1.634449914223681e-27,0.0001484907713254,1.9944929106762986e-07,3.3501271035896256e-11,1.2122946025827523e-16,2.6877008841617084e-21,4.7944699421144295e-14,7.751491781404602e-14,4.545250407766765e-08,7.081643839444516e-43,2.506773336062592e-15,4.2651949227357006e-20,2.616009055687944e-25,2.191328614432853e-19,0.0009936193560574,1.1191097155268677e-05,7.381511865215209e-09,2.339555423897579e-08,0.0040621994883319,1.1624158546038902e-28,2.9606891557757215e-14,1.604996306078866e-06,8.607044271671029e-22,1.0269409490616694e-33,8.091341148257914e-08,1.9758984330134026e-22,6.101442870497131e-32,4.1674901435689266e-48,8.088110973441258e-15,6.823308453482492e-15,0.0006040782616185,3.650068859240413e-18,1.6759070422895223e-20,5.3107991389259055e-11,5.69115218196318e-13,6.767766348924207e-11,1.540548816791603e-23,3.84803544366881e-55,0.015302667672261,1.0516496612630809e-17,1.7892823905562292e-23,8.405471899804036e-29,4.092483914050649e-39,5.4163847098296977e-39,1.3227702175105218e-56,5.9629101971061164e-24,2.99061972924113e-41,8.770678847824418e-13,1.1552109150162373e-08,2.4479609188962863e-19,8.92994945094145e-23,4.6447024899020427e-14,4.0137836486735867e-39,2.5529251313210697e-50,4.097186024987925e-09,2.8844743754647328e-12,1.0333916957935927e-26,5.543787051839036e-23,6.058607642971025e-40,6.719711308675597e-63,9.3073463930414e-17,0.9788757752714834,2.3420053023196157e-25,7.147239456301633e-64,1.598791090842375e-81,7.965170820974036e-101,4.919811448211898e-25,1.1027144679716985e-19,2.7737224111716123e-19,1.4631355920568836e-36,2.972215520957734e-23,2.9920962024123147e-64,6.705556012740063e-39,6.8494865366571e-10,1.0559266262982609e-13,6.228531778611591e-17,3.877912112523165e-20,1.7935705667084216e-22,1.8786799830601183e-25,1.1722810498276662e-28,3.6540398276580064e-57,3.4506485970508128e-56,5.396281859708625e-52,4.876217214843006e-52,3.784290263110188e-28,3.9779019084533535e-57,3.7847263641131333e-28,5.304796362250993e-38,2.192185929809357e-40,1.0844487215565547e-55,8.137271520216997e-45,1.8607081936492104e-61,1.2863877811745947e-47,7.576007393925035e-34,1.9206421980601753e-57,4.3392652764649525e-54,4.440429338908367e-32,9.057121092587196e-70,2.907806765462804e-58,3.235311666275544e-40,3.2360404037802695e-60,1.19905793387518e-50,2.0713617837714303e-41,1.592253318335937e-60,5.321430280801861e-71,4.096955067258571e-56,4.7687360844690575e-68,9.395925443697888e-67,1.7635423359419434e-38,1.007088471372679e-37,945.6208671732476,2721.4254426699217,7.376060735209555e-05,0.0004861615629626,0.0327282074169636,0.9627747998895624,0.0039370705231594,6.716328458232232e-22,1.1273837054889815e-20,12.0,12.81895613547266,14.647097734782408,16.115700230244464,13.727348710118358,0.03978490461176431
1.323844729946639e-09,0.004672962572207,0.0162539908663963,4.879660859378447e-13,1.4091857893320973e-07,1.8901728892054544e-08,6.306227581878035e-14,8.69036932956179e-11,1.6789971521456788e-11,4.40054521184953e-10,1.5881086845122525e-07,4.708224558047078e-14,1.9053908395511852e-09,3.9861703323464686e-14,3.083214414702657e-15,8.281651630190013e-20,5.698402812310505e-12,1.23699861866579e-10,6.1054204497553985e-19,4.6279990870095803e-17,0.0792957537184721,1.8607898498739655e-10,0.3596083445086773,6.523177639883136e-14,2.2303065455880127e-20,2.664345101733284e-20,6.6854725894363355e-18,7.210770866623334e-18,5.598964340397505e-17,8.669941092979615e-16,5.879176362386437e-23,3.4007771301048896e-25,1.7158415882409215e-21,2.2509128595300622e-34,1.820075884294709e-19,2.1772416496055388e-16,1.6857435636440223e-20,4.702619289876185e-14,3.800938738993962e-26,5.1594927114898125e-25,2.474265948276801e-28,2.1074957952082085e-17,7.480987352513661e-36,3.3178108252431464e-48,4.222239319405814e-36,2.0006306989606882e-42,1.559883093316449e-08,2.0536244916020341e-07,6.18495722462426e-08,6.988297918841204e-08,3.2840781574034166e-11,0.047470019465195,0.0001353345163352,5.037078176330589e-09,0.0083491369751011,2.5278352098137204e-09,1.3052945377289708e-14,0.2689939667125304,4.2581272356448205e-06,1.727672060510833e-12,4.661794615227754e-10,1.2967112181263803e-09,1.0477645685122004e-19,0.0021895072737835,2.724227034818995e-06,2.3069099903807404e-11,5.5330425308614296e-12,0.0019461866222069,1.2344005807654191e-08,1.4740062785502472e-14,1.971482047648084e-18,3.276330936012378e-21,9.299022957864403e-15,2.1967763104731388e-06,4.7087046672346175e-14,0.2110197029825509,5.4983670476977546e-05,1.724438859666901e-07,5.7387647820890064e-08,5.100324086424615e-14,4.1284806574659304e-23,9.49270142220682e-32,7.060776346211054e-42,4.755745098638196e-50,4.040542988832688e-58,2.1638355811477574e-67,3.9783846129954936e-22,7.828061690800577e-22,2.152324267842165e-22,5.327586299403436e-22,6.6816455191708555e-12,3.7093549657829238e-25,2.254280364276782e-16,8.018560336916871e-10,1.757418881512679e-24,2.5061045727034313e-16,1.0692888322815826e-12,2.513702892876643e-14,3.9174862749262543e-10,2.982487135681087e-16,3.505768871269612e-18,6.988226600976206e-17,1.1485011629693463e-09,7.728090131432144e-22,5.290318987995729e-18,1.498908766743818e-09,6.764248455182715e-13,1.6752682204272095e-19,3.8264958045731494e-16,1.7111005775205792e-19,7.440075358821038e-16,8.445073205917446e-11,1.0110457228333343e-11,6.058073436127065e-11,4.134718930797174e-16,1.1551885166371757e-15,2901.776065439029,5.118586984876804,0.2327435514772835,0.5966089102434242,0.1682921501804722,0.0023334322381228,2.1955860697160965e-05,1.0175140864252248e-18,6.167700770023671e-17,12.0,12.408812078167216,11.859186202200403,10.00111753666292,7.97467280964541,0.03963033159686839
1.3257412946699403e-25,4.6331671970724236e-15,2.581788042749745e-22,4.295664561932276e-15,2.224295213656345e-18,4.930346402226479e-11,1.1324179275985168e-19,4.769774446708e-10,1.1992497552244472e-11,1.0950013112737708e-18,1.0047942978795825e-17,3.6763258076065544e-22,8.586560251084407e-23,3.9668336130853916e-24,2.060413752617484e-27,4.5464040711000385e-57,3.614667309364998e-10,1.0741410466249037e-17,4.457988625435695e-20,1.5013763584675168e-16,0.0004688521159597,9.578333425615676e-08,3.887275049117632e-12,0.0001598090964559,0.0005591907740192,2.8383732126578744e-12,6.142837099705093e-10,9.292214005165227e-12,4.060932343182105e-30,5.328983050974215e-47,2.8641557282274516e-25,5.8640441216568784e-39,2.661279275197068e-53,3.328054687941246e-71,8.56755761204748e-08,2.648630439755712e-12,1.2883816896626747e-05,1.2360787007025718e-10,1.1314398488120324e-05,5.225596156528273e-06,1.206930294173116e-13,2.348746574911106e-09,3.974699929311257e-06,1.0444174576581311e-81,0.4742278455623455,0.5245505161706695,4.130173751454019e-23,5.822914924568015e-31,7.240294449774414e-42,8.744304577543416e-42,2.3967522773154927e-57,3.974978557424675e-24,4.4793319579281754e-39,4.36406798617328e-15,5.832191905774951e-17,7.49531967941348e-27,4.4349555547328034e-33,1.3822493218490556e-24,4.4302070730847514e-44,6.228419698603935e-63,3.5655542884220932e-19,4.0874213346750084e-29,9.730762208121274e-48,3.3331543041193217e-21,3.1956191320734036e-36,5.0013378198498304e-55,3.7937790842202316e-15,2.0101768283562994e-07,5.598103289182268e-27,5.50021287108355e-59,6.360971997066101e-75,7.7897684714903e-91,8.17129040450538e-26,1.043151539530115e-17,8.148084480511875e-20,2.8045257413644256e-30,1.1186100632390068e-24,1.350859307865899e-51,3.1732506961443154e-39,1.2872776375658051e-09,2.556711046305375e-14,1.5614457965782334e-18,1.3192004634381373e-23,3.533620507117834e-27,5.651223000253633e-31,1.5239582953896312e-35,2.113274579903937e-28,1.8136760090517078e-34,2.1230632457493707e-31,9.60081838908396e-38,9.673440422174029e-22,7.824754264559888e-32,2.409318042348931e-21,1.614815127195693e-32,7.165316029810143e-23,5.198120004022491e-36,4.9617394523040096e-36,1.7368898518486833e-43,6.041383747228033e-42,2.9355418296990603e-31,8.173512757177355e-43,2.6261235534471926e-47,1.3143781087211654e-38,1.0126301719703216e-41,2.3233297196451777e-41,1.3279894402233891e-28,8.857809278095061e-52,4.002010669533708e-34,5.660331136026882e-35,1.5288908089030605e-44,2.3861624838147345e-43,7.03348510531452e-41,5.439340693035611e-46,1.1962731214664396e-51,1.5137609742067885e-21,1.3092115000735465e-27,1566.7604867671423,3920.94013029025,9.553729970395734e-07,8.57223401569158e-05,0.8263063435834029,0.1733733398908669,0.0002336388125763,1.0482123921314185e-21,2.4108885019022623e-20,12.0,13.952921056365868,17.936968124777454,17.258809353496698,14.388372028270172,0.039125159376621206
3.334672734459016e-25,1.4028772694655634e-13,9.535175411886297e-24,1.3724454618255368e-16,4.610541118236281e-15,2.302455845659154e-09,8.052945265761579e-21,7.399751664126612e-08,1.42900762554098e-09,8.728653490498864e-19,1.5504913826430882e-20,8.574108506436598e-23,3.4903762495462545e-25,3.51539184401102e-24,6.421162364063055e-27,5.539259473181278e-62,1.1493910620216653e-08,2.043304190175563e-18,1.9104682865804238e-16,1.0534726433722017e-12,1.1505488355071382e-06,6.517792472610021e-10,5.944895846172321e-17,9.473576168873946e-05,0.0016958270363084,6.602923315419451e-16,9.378919290338984e-13,5.5048692372864496e-14,5.179469259955245e-37,2.189488581906053e-58,6.1995489740959014e-27,3.5430341776639385e-43,4.915908492509926e-62,7.60525791219798e-78,1.8957431379915473e-08,4.997264889207285e-15,0.0023738187050203,6.095576191817371e-16,3.8079511627643816e-11,7.250180977816884e-11,6.280590544543721e-16,1.3990412968485441e-18,7.94339023667508e-14,5.883908493823309e-97,0.0047963161103811,1.2506181465256822e-10,1.8440080395546218e-19,1.492202447339326e-29,7.0893496259091896e-43,8.632587821823567e-43,5.2255240244500935e-61,4.911867893883312e-25,1.1551348740430733e-42,4.79622862552055e-13,6.127619343314562e-15,9.249381852772552e-23,1.3369656347696912e-26,7.889008002673378e-25,2.694734101771902e-47,4.106841859252547e-70,1.0544010296158944e-16,1.877935767004012e-24,7.771482906391363e-41,7.013250719392326e-20,1.5260920620395489e-37,3.402537035675525e-59,4.7333946774497185e-11,0.9910377428871368,3.259439867673781e-23,9.546359020668542e-61,2.5991005960709276e-79,5.331159158089155e-98,1.612995301088715e-17,2.9811009026590792e-18,7.623859885616859e-20,5.7285187297918095e-34,2.1965292547737148e-27,2.494249175603555e-58,1.6765664107540061e-44,2.998188771726226e-07,1.3907525638923407e-11,2.0129477886957468e-15,4.8425960784243644e-20,3.2390124780661e-23,1.1832885418997272e-26,8.185954948790912e-31,1.12572377522321e-30,4.357204535924462e-37,3.3218677404084415e-33,5.878931119454165e-40,9.724803465042507e-25,1.1794499201420626e-31,1.7653049756044024e-20,1.3051624704937292e-38,4.283292335247662e-27,9.428096851861134e-36,9.027302786288818e-36,1.538374246695142e-45,7.190056878270913e-44,3.8248023554907945e-30,2.2753565112050008e-42,3.892336077137803e-47,5.447959704611496e-39,8.304887517062045e-40,2.0132172940523984e-39,1.1252341620132612e-27,5.144717959789958e-54,4.9491317475142054e-29,5.9366945808727864e-30,7.131612825003428e-42,5.254278713614173e-46,2.1293721344146707e-43,1.3054964681694353e-50,1.2678727110974636e-56,1.7652414783589227e-20,6.57204574315582e-27,1479.2684025480262,58.30253088734054,3.7275369839668786e-08,5.683692836136246e-07,0.0127000097658357,0.9855776668522224,0.0017217177372885,1.751510991663425e-20,1.3696815954807982e-18,12.0,13.18320863816904,17.532382093772473,19.422268892697527,16.66453999248992,0.03910873088362549
1.1866542013821751e-37,1.4886703363439529e-22,3.341273708756872e-34,2.1756508653119363e-27,7.200545490965609e-33,5.7029295163675936e-18,1.1037344714115866e-30,5.814372413733175e-14,7.90155302954504e-17,1.2632995487254899e-22,7.3980042928958335e-22,4.9524840988554634e-30,8.059594871399746e-25,3.87135593245513e-28,6.174303959259533e-28,9.698140175126332e-67,3.6631049680611314e-19,5.958698035683692e-26,2.50709140238414e-35,2.0540266819619988e-29,0.0020656843005421,3.183997779372042e-06,1.4645707700267062e-10,7.166580678264762e-07,0.0165725261679258,1.2283100226753199e-22,8.275484712194048e-14,1.214262586580844e-11,6.084822541827403e-31,6.672704314112949e-47,4.7809393348876726e-24,1.154710830187954e-40,3.277323667537952e-54,1.9636647686100428e-79,5.138810795960155e-15,4.0821902157990266e-17,2.3223871361216782e-10,3.486395944299078e-14,7.467332455413264e-11,6.386357196138682e-07,9.255966375824925e-18,2.5648582693341195e-05,3.0032686219892204e-10,3.0853472976383737e-83,0.1106725250345337,0.8706590758560383,1.729503476492064e-36,7.786585574058559e-44,3.697546032122842e-56,4.891874114841276e-56,1.1938431593291856e-75,8.581682997785406e-33,4.31400137770153e-52,1.7553350372160975e-20,4.649100066292071e-21,6.506091416210876e-38,1.5162236920844442e-47,1.796705487786248e-28,1.6026881485169796e-55,1.270699985175426e-71,2.257030711599041e-22,2.079569211512063e-36,1.3886045653046403e-62,1.8014833897083726e-32,1.9658409650759772e-51,2.2210592965358358e-76,4.282435770022091e-25,1.9666657938610124e-14,4.834265228668783e-41,1.5065804862953556e-83,3.356700268845327e-103,1.6918544816002263e-124,6.839224019827579e-45,7.617261146742261e-24,2.604302671199869e-24,7.414810027192275e-42,1.95169645238107e-29,1.5768668788075261e-71,4.3618607366501853e-47,6.605660487176222e-13,1.4048236931237113e-17,1.1419186118680462e-21,9.718211474127912e-26,6.17958082895114e-29,8.933256123111792e-33,7.654877108656037e-37,4.83106446603611e-54,1.8759669821466763e-54,1.956500992784261e-54,7.322086002179475e-56,1.181029524606403e-32,3.3396474320670367e-60,1.1761143124545462e-32,2.390001618791739e-40,4.903157835845558e-35,9.116383731538586e-62,2.714878924052138e-52,1.5107177403457452e-69,4.092144290908639e-57,3.322926685400309e-42,4.555982383421765e-69,4.201100617387276e-67,2.5149744086706425e-51,1.8238584247373856e-76,2.318591530642843e-66,5.4949160080571315e-49,2.296677566853381e-72,1.4238847858493928e-63,9.834911508941218e-56,1.844812633496795e-75,1.597575219011627e-73,4.8135967158884625e-60,1.334044807002029e-72,1.0816074831337732e-72,6.8038181259685964e-40,1.600883132376988e-40,947.1211170254328,54815.189555025754,1.2593440376299825e-07,0.0004180691197702,0.9493970581700566,0.0436480892729785,0.0065366575027909,0.0,5.701456199292879e-22,12.0,15.521103699695304,18.877303491325726,17.539820846558307,16.715211339761197,0.03910871867115543
1.9422343680770523e-41,4.834585156221711e-21,1.6998168509935984e-35,2.133789188709737e-32,5.136273411174394e-28,2.336112677064154e-19,2.814736302035317e-34,7.819093030644097e-09,4.322043340674672e-12,6.334585454608365e-18,9.412495359878061e-24,1.228016501473313e-31,4.805952739387885e-25,1.565145546125728e-27,3.1050914153199087e-25,1.107871944008084e-67,1.2487749905215054e-16,1.3323715823844638e-23,3.4417134582483483e-28,1.55925917500627e-21,7.467682347279341e-05,1.993330145831034e-09,3.966762631528295e-12,7.386972902774465e-11,2.400498921287814e-07,4.633989865736419e-31,3.3241592180793167e-19,8.871494149045417e-15,3.4943664220120307e-35,1.0683179706386993e-51,8.315105429496375e-25,9.640855976802056e-43,7.747235193748949e-57,6.966074348771987e-82,6.278997774931332e-16,1.0482720138098742e-17,0.0005615145971276,6.4563277962227705e-21,1.054070033603924e-21,2.0769342909819212e-15,1.3563515607641113e-15,3.9984437453750514e-14,9.417052489261146e-25,1.952517649911789e-92,0.0498235602905491,5.970621487130539e-18,2.8141546194102914e-30,6.847023880448829e-38,4.5870731244746504e-51,6.245198208013554e-51,3.309702035891624e-72,4.4539023502130716e-32,3.839435253003418e-53,2.232991875673165e-20,1.738641963451088e-17,5.7027238555654786e-30,4.0283943116808985e-34,2.8882835527815546e-25,4.606358833877662e-55,3.5402771321849873e-73,1.4288516027458258e-20,2.7910742525855167e-26,3.199709356010278e-47,4.7377247431027494e-27,1.1899296332835076e-47,6.67152337643355e-75,6.889910811768313e-21,0.9495399983443202,5.993128638697993e-30,1.5677842142182522e-76,9.80189145314604e-98,4.16168596515873e-121,2.15585694975336e-28,2.0655456524799028e-25,2.0621660620232473e-27,1.7575500474702646e-43,5.373311996677895e-31,3.7690599829565654e-76,5.106991569265553e-50,3.241172036937107e-15,6.43270603502469e-22,5.321780014015738e-28,8.608876978227567e-34,6.663497657646116e-39,8.731353982798558e-45,9.95631914429046e-51,2.8349506326645824e-60,9.781030730135644e-65,7.5962728692968e-59,1.4493264092549036e-64,9.704982754860993e-34,9.429772270775501e-61,9.704979396568405e-34,1.0024630607655359e-47,6.400853260382193e-47,5.362074513546339e-63,2.1752930798574097e-56,2.6422485697859298e-71,2.622369346692503e-61,1.0057411579197782e-46,1.9678030313188817e-69,2.869045890645687e-71,6.261063556411581e-47,5.717411631642891e-75,1.1822354242762098e-67,1.7417566451070922e-43,3.8536126140248554e-73,6.400452879478579e-54,3.4036361077951308e-49,1.1386410358495142e-66,1.4466287214740299e-77,1.7460146920017442e-66,5.674291123479956e-76,3.878542554918238e-80,6.572910219128568e-42,1.1786149356934455e-46,844.013699718906,200.301321518086,3.555440856969972e-09,3.394062616698207e-05,0.0911136147468454,0.9088522219698092,2.191017375482438e-07,1.1053570953450076e-20,1.3496991901054831e-19,12.0,15.979826391549198,19.408689817968757,20.407599814561618,13.78975236291244,0.03900183296552823
6.949049503743763e-17,8.702633362240132e-08,2.142934967626364e-15,1.7871854566483251e-09,8.621301122740636e-13,2.8390613460218355e-06,4.3156994784482344e-10,1.8911615684172108e-05,2.483486761800943e-06,3.246195141324649e-12,3.210279947983191e-10,1.0930221577615563e-09,9.017507371821603e-12,3.792228361193519e-09,1.0521713147199415e-09,2.12783056283524e-30,2.102776004243002e-07,1.8870554323687957e-13,1.1226383319743583e-14,1.7460729061545114e-12,0.0005671054722009,1.3769049440108567e-05,1.1126034012969851e-10,0.0450760538420842,0.3972447471601405,1.9422463108504266e-07,0.0004435763182276,0.0019731131952646,1.6204679981062348e-17,3.633577857851767e-31,3.524350178424022e-08,2.6696622591549897e-18,2.5141453050318413e-29,1.4803000326721123e-35,1.1912627210727044e-05,1.0937286608452631e-09,8.19610006977805e-06,9.123526896309669e-08,0.0015896963932174,0.1178984634682641,5.707940356883465e-12,1.4793806367406157e-08,0.0004052234374432,2.3544244824569972e-45,0.0077182160568828,0.4268200576634283,1.7392103643249605e-13,9.142576221183546e-20,5.792796655760086e-28,6.634181582918153e-28,2.9101337592547337e-39,2.216659113181804e-14,5.512588178508515e-25,1.5711480521319338e-06,5.826067271857106e-07,7.314899698024463e-14,4.498836152169035e-19,7.024427445064175e-13,3.512059108250478e-26,2.939867617856354e-40,3.587067009820717e-07,1.4792189407048346e-13,4.682830764302887e-24,1.2809200654001705e-15,1.587894464959596e-26,6.432032764257321e-40,1.1925391038184899e-09,4.454789585612116e-07,1.0298956143648431e-20,5.36937988851559e-43,7.068562129810792e-55,7.53673933769026e-66,1.6918560375417637e-19,1.4657374130221248e-11,4.4092021399296826e-12,1.0666230698451913e-21,1.906490922269709e-17,2.1988660653833364e-36,2.493347115698588e-28,0.000200672255651,1.3355372869514311e-06,2.5579287153177017e-08,2.1067017037508497e-11,1.2756680472648546e-12,8.324693552754934e-14,4.223702850673333e-16,1.3582976477330565e-18,4.524358391063901e-21,2.1184584605082042e-18,7.898735846343753e-21,9.345848760765749e-14,1.9496632967440065e-21,7.124054597633991e-14,2.4117340522853313e-22,1.2700234840471578e-13,9.465255323915594e-22,2.2704141380843646e-20,3.079164508873378e-27,4.212228252214184e-25,3.167576725651027e-16,1.4188117566852944e-23,6.190161151015779e-25,1.4035161079005802e-20,5.172537652967997e-28,2.151093606636549e-26,3.0471203496942076e-21,1.2790419135971152e-35,2.094272986824176e-24,2.118717709284581e-23,4.435253097405316e-32,1.9761156346760865e-29,2.0155415031318884e-26,2.8534329385855397e-32,2.804939905798631e-34,1.0563873651540661e-13,4.714878520831803e-16,2495.116375826869,46620.16972415044,0.0309576674834188,0.0001470565087252,0.7523788954675769,0.0039196414779648,0.2125967390623141,8.86709900586593e-23,5.009910938314251e-21,12.0,9.67671601998471,13.385668373743547,11.102478113589951,12.83678836759656,0.038288353371702014
6.710743359992909e-10,0.948379668605914,1.6922303257445277e-13,0.0027833576282105,4.372042734960388e-07,0.0005281408190576,1.7698296536356642e-06,8.556244176676471e-05,9.051552097245346e-06,4.731230463447653e-19,1.410660522729918e-13,1.6391597563199803e-08,1.1876179793214337e-17,2.3221255951950114e-10,2.4509975727207656e-13,1.0811869263590664e-49,0.0001902899958013,6.161406514931982e-18,1.1100922123026854e-15,2.579927190258625e-13,0.0002705364783628,2.411859699361139e-13,1.9711700752657362e-18,0.0128346998218192,6.900233500798862e-09,0.0002909117355157,0.0042395860784593,7.750567400629602e-05,5.8645107417254975e-34,1.5742249056299037e-62,7.421057389978176e-15,1.073584138168929e-32,1.2558411272520466e-58,2.851180219588003e-63,9.76920275943235e-06,4.4708520037100164e-17,3.313210347818431e-09,1.3955523784455786e-11,0.0041087728645928,0.0014138869632528,5.702359964202192e-26,1.8012693687204375e-22,8.064875484749499e-07,6.802300839326827e-94,2.843095887011384e-12,1.203138327709521e-06,2.282586530576237e-10,4.234717564876401e-24,6.662647099186613e-40,7.686122084670852e-40,5.3214660542359905e-59,6.547256726518284e-15,2.4720500443493707e-33,8.132344800809792e-07,0.0245015820342887,3.033396178327979e-13,3.3204669550161777e-22,1.0044788087167005e-15,4.33858112913899e-37,1.8878163814129748e-73,5.71034703728623e-10,2.4534047992499498e-15,1.3915531188880327e-32,3.7154308501063304e-17,7.515627184373039e-36,3.3197944444262546e-57,4.347170151193976e-11,0.0002716168193154,5.882488904307523e-26,5.172651961177959e-64,1.1141185381449557e-83,1.5121931845787934e-102,4.0775913611649376e-21,1.020086718635667e-16,1.3229910256888218e-24,2.902420145847896e-27,5.4243939883637496e-30,4.54540087549981e-50,1.3192049838083532e-48,2.281648806801039e-09,4.89170996857061e-19,3.038652501733249e-28,9.489365656517304e-39,1.945142214221255e-47,3.9548100886648264e-56,6.976415263049698e-66,4.800551498402788e-11,8.24722313244032e-18,2.501668647409969e-13,4.445979962780073e-20,2.8536286264728026e-15,1.4079795666788938e-17,1.924406504874805e-13,3.7936004929217055e-33,6.184261422647763e-13,1.0021083159203881e-13,2.412212983593558e-16,1.0211398807965355e-26,1.79348379498657e-28,2.9037019025122514e-19,2.904185135892985e-18,7.519334870177524e-24,2.0825763423986158e-24,1.8074380889395936e-21,7.87486839710151e-24,4.17091613280403e-21,1.0565418148684283e-47,5.9971573031186106e-21,5.317655488146162e-24,3.121852407071243e-36,1.5103902941462394e-26,2.0069285919309203e-27,1.323116633233548e-36,6.584439107852294e-43,6.235268207434354e-10,1.3856840290575048e-16,2314.590568807594,2.967154232053824e-06,0.9467257352542564,0.0002553135403951,0.0396163670021785,0.0007911375106337,0.0126114466925358,1.1847044665206454e-12,6.569724768887216e-11,12.0,8.430849665061064,10.62165046339239,8.92202779354991,10.124540725611713,0.038030598807122076
2.6044617188755623e-06,0.0003202260977018,2.5626018370056962e-08,0.8889242795006105,0.0001438841898446,0.0237453122193951,5.143149769823437e-10,1.3126044469109544e-10,2.295742200601546e-11,8.733935553382458e-23,2.9820448671979435e-16,2.0077226391208957e-18,1.696291306829339e-26,9.320522423322434e-27,3.8158428220484846e-36,8.867743827136122e-67,0.0014284110771914,4.286536830912625e-15,9.67096642553811e-15,8.825517524868089e-13,0.0542223449040086,9.458783081052435e-12,3.4359098832983356e-14,0.0187720450816246,6.042522496446038e-10,0.0089475591406332,1.5124416702012592e-08,8.95314149723717e-17,1.202803628237949e-41,3.4001566436532154e-66,1.2962954688511635e-38,7.691119733554777e-54,7.819962398138862e-76,6.904708350889531e-93,8.155582931231193e-06,1.5929878949761514e-15,9.594016125160166e-11,3.530505589972473e-09,0.0030981509145079,2.5054480168670975e-10,3.146029131638461e-26,5.905262926631635e-20,1.0017001474754297e-07,7.559371523045609e-122,8.028633558145509e-16,5.881542067665385e-09,7.090550831995119e-14,1.2797100823816567e-25,4.4705664268316294e-39,5.0692127513349984e-39,2.2399468261283003e-55,3.958352815000265e-16,1.0428706877427242e-31,2.9141639695780134e-11,3.0704131148901378e-12,5.60128110789761e-23,2.288072716754582e-32,1.333812213147707e-23,1.4997351512728824e-41,8.999640792394487e-75,1.2972143219588071e-20,1.5595184031384423e-31,2.8437131755277955e-54,3.8445550472950884e-13,4.5775751677673195e-29,3.064087304032624e-47,5.780846852635653e-10,0.0003842619705971,1.7959841407187712e-22,1.587780343368531e-54,2.021022503015584e-71,2.8708485273027836e-87,7.206740109743868e-20,3.889790021946541e-13,6.7225664780245475e-22,4.514185960112255e-20,1.4286918499626588e-24,2.4745548706975493e-39,1.5130064959795155e-40,6.0681081467409356e-09,3.44287020281504e-19,5.569034696655495e-29,3.138645485174293e-40,1.516682173152984e-49,8.864725902244633e-59,3.4548569540706386e-69,1.4176584770659282e-06,1.3484224622896936e-13,3.8443538728354536e-15,4.478639959063138e-22,4.1184925501120265e-17,1.1186434325995997e-13,8.288355734333185e-12,6.402563558924255e-27,8.980441968530929e-11,2.2636635089083063e-14,6.373336985252273e-18,2.951940376549419e-25,3.4079924026061203e-28,1.9976395120688328e-22,1.2275340370181712e-24,1.2651460328174009e-30,6.436981143379071e-37,8.86603825222753e-16,4.0862327094075227e-19,7.235991920084819e-16,1.2956089828686267e-39,3.1022040406435165e-17,4.399437457171796e-21,3.6639877071441035e-30,1.5434943187773837e-18,1.305236056221814e-20,3.706537635842808e-27,1.065343731606979e-33,1.1869014939189266e-06,1.5805221603543088e-13,2784.3748581018467,1.7972185809862032e-07,0.0002937948077468,0.0497443180797939,0.9088041754692958,0.0021549077781555,0.0390028038650078,2.1389965574695497e-12,1.5571894938378321e-09,12.0,14.22869936550487,15.490426197512758,12.865384572535202,14.123051712850888,0.03798882012837084
7.903266538034321e-30,1.0168361377824004e-17,9.590114600882059e-28,4.346677588435641e-18,4.8642183026769794e-23,1.384373819546241e-14,3.328542005978945e-23,7.553885945110718e-13,9.004782476270078e-15,5.1921071812272504e-24,5.184010212818888e-22,9.382765393769188e-26,2.076422163513172e-27,1.3357352262851775e-27,7.357083031496522e-31,6.625208897648666e-68,2.1347926252336613e-13,2.932466118703894e-23,5.416980115848784e-26,7.3726907526609425e-22,2.966627795400068e-06,1.241764311337787e-11,1.2763745708917022e-16,7.094495180183782e-07,2.874167835272674e-07,9.44507091220028e-15,1.2665504270810836e-11,2.691174988043516e-13,5.98084941948218e-37,1.2381036650173237e-58,2.9604943032555334e-28,3.244970221750486e-45,2.0301789398712124e-64,2.1426149802731936e-83,1.475126074918309e-10,5.71860906903285e-17,7.85570909356576e-09,6.806355194134917e-14,8.580017897195265e-07,6.562294983078904e-07,3.302417197750409e-19,3.527238374131202e-13,5.651938213230143e-07,3.3032893102795173e-97,0.003490872657816,0.9965030763628312,2.3857385708602504e-28,1.3768685856688183e-38,2.2269507964453457e-52,2.7526498308775442e-52,2.0829009584149525e-71,1.353959804012566e-29,3.5766331344303313e-48,4.159880606601255e-19,1.300556544168366e-19,2.317659276165182e-32,1.516433518329161e-40,1.0760969566085049e-29,1.2123865639187632e-53,9.544244826100672e-79,1.6886415236616944e-23,1.5756728667998098e-34,4.819404614494381e-57,1.491761214510876e-27,4.251587116001066e-46,5.327753562412916e-69,1.50913738522993e-20,3.011150885506638e-11,3.9452003638461086e-35,7.307057749004056e-75,2.806431791147018e-94,4.33302901532761e-114,8.160310613352942e-34,1.4347536863616842e-23,3.6541585271534646e-27,3.83113362929777e-38,1.048648501222635e-32,4.066252143684101e-64,1.4351766192678565e-50,3.8680850574137306e-14,9.655212547142864e-21,7.746667814816368e-27,1.444111328093713e-33,5.891096577585173e-39,1.1171045659848525e-44,4.9489193229479903e-51,1.4661205601245802e-33,1.1213644182765735e-40,9.357305614535666e-37,2.503140409620426e-44,1.618506735792471e-26,9.05593475075983e-39,2.0606008049483415e-26,1.1913058864946519e-40,4.6976791065605735e-27,4.326622537079645e-42,3.5277322494926716e-42,3.7305101940836164e-52,2.530812560102352e-50,6.147476350041028e-38,6.910902469629175e-50,3.1652751045896838e-55,1.3615478013238833e-45,2.5996199287894056e-50,5.900649708523761e-50,4.928743499028281e-36,2.8059955933314057e-64,1.941196973760993e-42,1.458876570799618e-43,9.311254356791088e-56,3.3170539049978685e-52,2.0371018311452354e-49,1.8923451181747417e-56,3.499218405929361e-63,9.126522576607667e-27,6.1672563378987935e-34,1342.2629391510327,5686.194837295141,1.3114836246449253e-07,5.929010432025863e-07,0.9986036801814692,0.0013953391334342,2.5663569111205636e-07,1.9554665689503864e-22,1.1635026085254796e-20,12.0,12.655219342178944,18.881630289936528,16.02691690224525,12.291554182600912,0.03720516471396699
5.5525563103214584e-06,4.944575503727114e-09,1.5360821746648238e-07,0.96305163467082,2.7941662192464337e-07,3.951649798297557e-05,2.874463402979211e-17,7.235628707369285e-22,9.694989423883493e-23,1.8444619001371036e-35,2.8384491294440255e-24,8.725945461204718e-33,9.73785253097702e-42,3.5922010485644175e-48,1.1905492783969665e-64,6.13450680597186e-99,6.909621546947138e-08,9.11273952471199e-21,2.629042611725518e-24,3.938946475444295e-22,0.0367813109581614,2.7562209688649525e-17,1.0577488157007977e-15,6.452264544768191e-07,1.6738139468666805e-19,0.0001124052592674,2.922038545680604e-17,1.541462421704627e-32,2.8177807847248984e-60,1.3755883300342946e-87,4.308867078804048e-69,5.090409871865952e-86,1.037230421999814e-110,7.380090646149081e-142,4.228200192421172e-12,5.532414388829432e-23,1.801663265347374e-21,7.04316049048355e-12,9.355321891510884e-07,8.126769593817351e-21,2.0423371159363e-40,1.6685889384057495e-25,2.616322193530426e-13,3.021157478322974e-164,1.9606470503641402e-30,2.8554410047144897e-16,6.977639839676648e-24,5.401067436045619e-37,5.207889542724133e-52,5.960225896168353e-52,4.150420558057638e-70,1.9004032263062197e-22,7.529355232549068e-40,2.688826237504071e-21,3.9475431332952776e-24,3.566142212079708e-40,1.4937172945513694e-54,7.032393257793478e-37,5.904304262172002e-57,3.268566307565175e-98,7.478797000182732e-38,8.573499011062919e-56,2.4994967219202357e-91,5.843246237792747e-17,1.1462110544345486e-34,7.629593334383056e-55,1.120080893032307e-17,8.22623127924472e-11,3.169709804019422e-31,4.3178844057154844e-67,8.995307775774395e-86,1.553068945685092e-103,2.4483707383914416e-32,2.987686049846792e-17,2.7318473177889336e-31,1.1282789161670076e-20,5.6444137690613266e-30,3.952553631196135e-42,1.154065485767693e-47,8.21853037805346e-17,1.7086924178898374e-32,1.021699460646146e-47,2.588858193956115e-64,4.874614498075366e-79,9.969887332054297e-94,1.5689126223823158e-109,5.541766033941908e-06,4.51666793643855e-16,1.0447405912571357e-21,9.597280684757623e-32,5.637147268686783e-24,5.3472101226056826e-18,3.9736450465187106e-18,4.357648227571244e-31,1.2379063738308598e-14,4.407046855903226e-19,2.430761780433783e-25,2.1344092398228022e-31,6.561121098626399e-37,9.65789093696064e-35,8.403944173758566e-37,8.85429373758495e-46,1.2490630502582585e-56,1.4185110404650194e-18,1.3510328979647551e-24,9.829739671265578e-19,1.6478233343750678e-47,3.391741986130623e-24,7.989755509543555e-31,1.094104337606978e-38,1.1611968912794469e-17,2.6578985784393125e-22,2.347097452993953e-27,5.6550609217880804e-37,1.079023907211468e-08,1.1821597335995153e-18,2513.396130357695,1.1486031920871128e-10,4.768756561358423e-09,0.0354750504056186,0.9644858675337452,3.36264180172707e-07,3.87410276993352e-05,3.0211574783229747e-09,1.9365619436050267e-06,12.0,18.871517868360662,20.305890715527312,13.848275454634033,15.909765984398495,0.03681808063792591
5.9419998156294456e-33,6.850688634186348e-20,2.5456424366425435e-12,1.3460739978143815e-60,2.4341161218334445e-27,5.036612411041454e-35,7.25001442460237e-64,3.058107524389745e-44,4.1450908455126476e-47,1.1753613549414652e-33,8.718556924950559e-36,3.4669292932369075e-63,1.0101266402069451e-38,2.8925452987370627e-61,4.9199780265063394e-61,2.3737721431460585e-61,1.8005296714707254e-49,5.189440153227505e-37,9.600834727729468e-63,7.904706208062211e-57,2.3216400062481468e-17,7.277665584212726e-40,2.9176136488404895e-05,9.185912106958153e-60,4.34621977095489e-75,1.0969837499041842e-91,7.931085256916751e-83,1.2424524073811522e-80,1.9449929281743836e-61,6.687653007923488e-39,5.4974657969708774e-93,2.3348835058116167e-90,2.07782669532033e-65,7.772252852945256e-110,3.6452552127605797e-81,5.1480495688423054e-64,1.3066533047064582e-73,5.585973621709637e-64,9.690161068840533e-116,8.853736806516589e-112,1.3264363644047542e-97,1.06172396058457e-71,5.616542556451547e-151,8.011727670490088e-147,1.2982792680396348e-136,1.0498849732292294e-176,6.204817980246384e-31,4.946937441131558e-19,4.1437701153686465e-12,5.482682325101461e-12,2.347533330978797e-12,6.968957807552753e-11,6.142309855275336e-11,1.6467145554125716e-37,2.281217427108979e-18,2.483342605152824e-32,4.535247439715307e-39,1.560179067593625e-06,2.4241758414809196e-14,1.228052631266401e-11,2.2521857439477328e-39,8.470441457813524e-31,4.6539468604699206e-54,1.084420122354426e-07,2.076534487363055e-07,4.098685950999945e-13,2.9660681614402314e-39,5.3272130290411626e-06,2.2833375514070404e-13,2.1795441566392692e-17,8.526100061241908e-18,7.518971908195706e-20,1.4262471433218442e-33,1.1920018665418372e-21,8.300737042784928e-42,0.9999614373231316,5.418265207255981e-08,3.698097580727383e-11,2.128674613740367e-06,1.1931011212699233e-49,5.151091028582966e-74,8.502233317049965e-98,1.4719314014309176e-121,1.901538020410129e-144,5.579954464467769e-168,1.0498849732292294e-176,2.5009565360885556e-89,1.3285162315081775e-85,1.0782251452006621e-89,5.511262418712861e-87,1.1804307106016103e-48,1.3566501597342416e-92,6.690357076994097e-61,5.430424522250762e-33,5.073034865049417e-102,3.4750211334157186e-61,1.4268743530834768e-47,1.018018400795003e-49,3.812982109375885e-33,3.5836238188580947e-57,1.8370695505792401e-68,2.3211644044913374e-62,1.9529443779963032e-31,5.086169855621995e-73,8.91962764428596e-59,2.791756287621141e-26,2.7901108913314464e-26,3.1675437034240144e-57,3.011636663335618e-45,7.23862889206598e-50,1.0081479441647634e-53,4.201312145831556e-36,1.5001286782910357e-33,1.6635568192010896e-29,5.047743761700157e-59,1.6240117069234594e-55,946.7872646530458,124.50705777180043,1.5602721750566242e-06,0.9999772751954452,1.4587970979757772e-05,5.485037221878127e-06,1.091524178015996e-06,1.2598619678750751e-20,2.4357331378918123e-19,12.0,17.806789767010283,12.970794527068575,12.54597921545563,11.8448329964547,0.03663070506081395
4.8622774170096524e-17,1.6375234477031704e-07,2.1305037302150873e-13,6.75076850156825e-10,3.0546098115763687e-09,1.4642700037539664e-08,5.497685417593388e-11,0.0011716989036612,0.0001579511512825,3.363103779393217e-09,5.90929159920767e-10,4.5115532680516224e-11,5.511552160822407e-12,5.0054270194183525e-11,4.479969984983732e-12,3.0567730844561417e-30,4.175418665143676e-05,6.180960783955702e-10,1.4355478439064903e-09,2.126674763053869e-07,0.0027247320941365,6.269326798072077e-08,8.788261273317378e-09,1.3272742980692331e-05,1.0422245782112473e-07,4.431810190064367e-09,3.066220394479474e-06,4.358656609439698e-06,1.012883007468764e-17,6.244779856159611e-29,9.136425203094831e-12,1.2334345498834262e-20,3.1677628204022555e-29,1.5644279466814426e-37,0.0001439608131726,2.094729858752117e-07,0.0531300046070639,3.027115274259894e-08,2.040699177032069e-06,4.758762853693494e-05,3.837661090162045e-08,4.423296680621445e-09,3.2307387222770546e-08,2.4025093236381207e-47,0.1830204029006776,1.9619162693332387e-06,2.0822184355744815e-10,1.8101479275127504e-15,1.9798507157699212e-22,2.265391851804093e-22,1.8123513934465192e-32,7.120668248288836e-13,3.2446658323453153e-22,2.71415123599703e-09,3.5286599626041746e-07,2.8887190536511268e-11,1.0784533368293246e-13,7.06725176938505e-12,6.933478742574914e-24,1.481277738525452e-38,2.0508239555795408e-10,1.8727915264249976e-11,1.3642807042092897e-19,7.077152248242298e-11,1.593370534949863e-20,1.2312666684142647e-32,3.6889793352234863e-09,0.7595359505771514,3.412073561031189e-13,6.202222116499479e-33,1.483041161300837e-43,2.959339143777693e-53,2.1020603014167328e-10,1.2412975520043668e-12,3.4689891652677606e-16,1.7586749787557497e-18,2.6228997938430308e-17,7.224980707795192e-32,6.1328109185696974e-27,9.21689564303259e-10,5.905387696133351e-15,1.087974841658649e-19,8.456608334101187e-26,4.900244486086616e-30,3.091661990529639e-34,1.4960727803553593e-39,5.8498658139298664e-18,2.3284508320265983e-22,2.9888235630516645e-18,1.3436540605399278e-22,1.712578569273305e-12,5.01117978068797e-18,1.7199594723471225e-12,2.6832637896334708e-21,3.487704603042993e-16,2.25096442310883e-20,5.950744269901936e-21,1.228440532440511e-24,1.7973980099567782e-24,7.085510460624148e-20,1.1814097656087685e-22,6.054762486148002e-26,5.078209901470812e-19,2.414884319908028e-23,1.1010602738042397e-23,1.7562789958830986e-15,1.6657892820374836e-30,4.929791398980174e-17,5.587144337149797e-18,1.804333824828133e-23,2.48417231776125e-26,2.7054117084467524e-25,5.553784046262328e-28,6.538374699803921e-32,5.9644997327202415e-15,3.1943923098923143e-19,2518.9641600853247,9825.17464797188,0.0004894305296015,0.000959606239865,0.2967931672800322,0.7017530180480629,4.777902438404739e-06,3.8936570859447812e-22,2.3928292637260655e-20,12.0,12.292402007119687,14.782762842274424,15.156493232895778,9.989546221302785,0.03656087652049474
2.2485034144726883e-25,2.315588635283523e-13,7.513659393011563e-23,5.532800635154615e-13,5.495278922855998e-17,5.3990890204583045e-14,1.994413604913971e-21,2.3649378732956403e-10,1.6497765206159741e-12,9.676570011377654e-24,3.423518180113004e-21,5.799457335072961e-27,9.127268330704772e-30,1.1535967374705668e-31,7.590781010466204e-38,5.1341465866711015e-81,2.8625466885441434e-08,3.220173298141279e-20,1.341202151667685e-22,4.9945061963675876e-18,0.5398416430284089,1.2048667522275652e-13,2.0659637810388117e-13,2.2369999509229137e-07,1.675450442273724e-14,3.157555137970058e-11,1.7993897312661886e-10,5.6211525734808004e-15,3.004900477980405e-43,3.3192152490838123e-69,7.3909294789948575e-37,1.4103782122558434e-56,4.391153570329397e-80,2.634807448093704e-105,4.827469790165791e-07,3.116023621779454e-15,1.9065952586287904e-05,2.4313335359288607e-11,0.0002992889168038,3.76516599115915e-07,7.246939747843411e-20,2.1629025547046305e-13,3.5455694617287093e-06,3.3069632609192657e-126,0.0064457977939125,0.4531798950261524,1.1807995599665883e-25,5.074627492116926e-38,2.7034306860834664e-54,3.39771373765913e-54,2.7835867877749157e-76,1.1343010290580275e-27,2.8668929333453783e-49,8.518353119690888e-22,3.4068850794646025e-18,8.359651334440939e-33,3.374384238447684e-42,1.8611227118560883e-30,5.164531270190805e-58,1.7240061833722957e-94,2.3938438992071178e-29,7.635697593575716e-38,6.795816454502577e-66,3.9656913604825896e-23,1.2832444647714962e-44,7.183688043335377e-71,4.3009912680249935e-21,0.0002096516372962,8.355551949386532e-32,6.603484599319937e-78,3.1561851935632417e-100,2.99919718788251e-123,8.983215638967342e-30,4.726933239492376e-25,8.887771802428192e-36,2.0621747184279855e-35,3.7174213659858003e-36,3.846933134844829e-65,8.220154693298426e-57,2.6053814979994952e-20,2.428310244196207e-34,7.549984883062958e-48,7.907742836087477e-62,1.3900937728395598e-74,9.510780229959558e-88,1.915595897662824e-101,2.8071979080054254e-28,1.3077907842321259e-39,1.47506242308504e-34,1.766675123711747e-46,2.572912909245834e-24,1.4268733252748403e-34,2.4523519378856423e-24,8.570025600109774e-42,1.7362928669270692e-26,1.855106442133815e-38,4.665469251682244e-42,8.488446420762364e-51,3.2077237734059105e-52,2.8564976285890975e-44,6.565416618485043e-50,2.568556155890397e-59,6.525767981648503e-49,2.3830305422202433e-45,1.8538862831368145e-48,1.178260069066999e-30,2.062203713548068e-66,4.355443412924116e-37,7.180898229815242e-42,6.723302580990397e-53,4.845815648104549e-48,1.7413374219183508e-48,7.514900069562815e-54,8.139015535337261e-65,1.2136865364750188e-25,4.5475720829059704e-37,1217.0655657663538,4.646098720481176e-06,1.1133505158612702e-07,0.1594697484386633,0.8365870534486526,0.0039430206979051,6.60797274223003e-08,3.9783367229065794e-13,1.0560675664442915e-11,12.0,18.156046394450435,18.875879224714893,16.54919714211567,11.77343632817476,0.036479007341183825
1.4109714440501471e-09,0.9453005621414436,2.242373416567947e-15,0.0091337373811465,3.404822476643819e-07,0.0001936915538973,4.057263838196808e-06,2.781789966900459e-05,3.360325614808529e-06,1.0361246992266953e-21,1.042657578264747e-15,2.1467734919650745e-08,5.662519635355113e-20,1.6232710156609744e-10,9.548423549248753e-14,4.9852645205719837e-54,0.0001312350720268,2.6694161329561062e-20,4.482123793752887e-16,8.14163856928753e-14,1.5032097541423615e-06,3.897320453089469e-16,6.758085255742709e-23,0.0045805139521266,5.24587868080882e-10,0.0012351347013863,0.0073052779765356,7.098255197141917e-05,2.632104829207083e-38,2.93418845696194e-71,3.883210744309629e-15,5.211747588911922e-35,2.4899363803847017e-65,1.1739765640350828e-67,9.037098987755487e-06,2.1337997951520372e-19,7.122048438373876e-10,1.966034102594708e-13,0.0157761063484523,0.0026852721795999,1.2290136045726604e-28,1.2390570942742771e-26,4.585711262786328e-06,1.6202392457455861e-102,1.0313333419674176e-12,6.977001408630619e-06,1.2553999220654688e-10,1.4834152558151578e-26,1.8434661456674305e-44,2.1172124285174194e-44,1.5287867576120793e-65,4.888949962334587e-17,1.9717765619170462e-37,2.0147980022549565e-07,0.0135011116615105,1.042276842232619e-13,4.951362377037033e-23,3.60717126895795e-18,2.351432669483486e-41,1.1156298116268098e-82,8.985030525697934e-11,4.556557818720812e-16,1.412475019860383e-33,1.3709504540417148e-19,2.834475550541601e-40,1.6378540858634782e-63,6.526274399809307e-12,2.846786301936806e-05,8.853215483600847e-29,1.0760218744505346e-70,2.3633080187667646e-92,3.818685613337404e-113,4.665914557301645e-22,2.2992885545132875e-19,7.864275623019698e-28,2.4860623874129737e-31,7.115767681196723e-35,6.359556134360929e-56,1.6321865656069418e-55,1.7814222176380708e-10,1.2038245845550656e-20,2.3472399289951227e-30,2.090944816428056e-41,1.310450719587493e-50,8.568794441180066e-60,4.5472275678920474e-70,6.469527121929772e-10,6.097366285796991e-17,2.0356739514885226e-12,2.0852495566088328e-19,4.3599276000806387e-17,7.569099262753682e-17,1.68459763581984e-13,3.4730166568117575e-37,3.162003638656013e-12,6.901307251805363e-13,6.0601541391541e-16,4.820449944953342e-28,2.6557277511075578e-30,1.2585426605711115e-19,1.688578630347056e-17,2.2011119991137293e-23,1.5293901006889732e-26,1.2006000203117016e-20,1.8585182900557425e-23,4.0343604586135624e-23,7.027342105769011e-52,6.780375729955389e-21,2.3834550139831375e-24,2.805644486398364e-38,1.3860016786360554e-27,5.724775643515905e-29,5.5486217066170085e-40,1.5323022733202855e-46,7.646240207554233e-10,9.52723526770328e-17,2422.052299394876,4.71208946052205e-06,0.9147545612972668,1.3996893572697137e-06,0.0805854519894558,0.0002129724645399,0.0044456145593802,9.935307372550909e-13,4.627014576359423e-11,12.0,6.184727076683819,10.944952062422,8.367018872911121,9.686627222379858,0.03616963685238302
6.682306596037095e-15,1.8527850348422995e-06,1.0870815397449372e-14,2.384740611449802e-12,4.6488489704312936e-11,0.0015236858986497,3.7142596877006765e-14,4.751365174117507e-07,2.9806156498494837e-08,7.472685716154195e-15,1.507619601167634e-13,1.844481961631591e-14,4.28119091770425e-16,1.8453495518255227e-14,1.1678334110040908e-15,9.316631433492843e-41,9.17739763844876e-09,1.1192426954220914e-15,5.452999133906952e-17,3.345306813054993e-14,0.0001474445577675,2.9737244988751114e-06,4.362972415352717e-12,0.0115614592228171,0.4767212492292728,2.5521628507871243e-14,7.729321636936566e-11,1.0211497784410663e-10,4.303639171959617e-27,1.3483755266223476e-42,3.173260320605673e-18,3.763851131757432e-30,4.931281065480787e-43,3.8920329429822933e-53,4.238813488288475e-11,1.540691256673464e-15,5.514431785754691e-10,5.678821982442715e-14,1.4907509036538244e-13,4.633619721127955e-12,1.5583452727019265e-21,2.1095169044066752e-18,1.825082615025275e-18,2.26272479867019e-72,4.945339308067282e-15,7.193639626994351e-19,5.658684977648921e-13,3.7213069707637103e-20,9.004117662182571e-30,1.0565770065054937e-29,3.776730652191682e-43,2.371494672696307e-14,4.1929578280203664e-27,6.512629936026059e-05,2.908073112777549e-06,2.850855006730366e-14,1.0335362178193668e-19,3.8466228291067363e-13,2.012171167494379e-29,3.415648022479207e-45,1.6300906565521535e-06,1.5535009459356354e-14,7.153200859632054e-28,4.4402686932057254e-14,4.987035082739705e-27,4.695409227556455e-43,5.147136513263858e-07,0.0093014686807054,2.9734906587864044e-19,2.6915203417095494e-46,3.307852182819134e-60,1.3641671791103865e-73,1.2435999205110685e-17,1.196306280580883e-09,5.06887022615039e-10,6.213005455746528e-22,3.214975227476832e-16,8.589999698081454e-40,5.988691593737271e-29,0.4988987333253299,0.0017522676065199,1.815488389502839e-05,1.3716411451120653e-08,5.200904856708281e-10,1.6157973032412105e-11,5.59849693836885e-14,2.9293223517129168e-25,1.607517120861654e-25,6.586375419636037e-26,2.999110448033683e-26,3.231604577940909e-19,3.919854499519049e-28,1.9910052763978367e-15,9.695453065940608e-26,1.4382378439918514e-20,1.8121728869451817e-25,6.885414101118124e-21,4.864702177164599e-32,2.4315176258084372e-26,1.390309622375332e-15,6.122942518980234e-29,7.068937210271715e-28,5.268332926340157e-25,7.783575414964994e-32,5.936484005654692e-27,2.064743072346698e-22,4.1615510982337966e-37,3.326410599400927e-26,3.3473568672677492e-22,2.5923793336178725e-35,8.900177703988795e-34,3.497494417003539e-27,1.0099104478377876e-36,1.5337937113505104e-36,2.8702324517710497e-14,1.8639006645655463e-14,1971.400307172861,1.5090429743974172,3.0911094217586596e-05,6.0734900156492874e-05,0.1972027937616009,0.0075119240453206,0.7951936361987042,0.0,9.12655807786523e-17,12.0,12.293323943011696,15.804798684409604,14.385636809169116,16.410358516951028,0.035711944411933115
7.441811483984049e-15,2.6027809855191316e-08,3.033378117154865e-15,3.237473766476965e-06,1.341252819232329e-09,5.532521146086623e-09,7.883442510040908e-11,1.759765627020316e-07,2.9042035371301784e-08,8.269767848148133e-18,4.473423369522451e-15,1.4172073487655796e-14,1.1076840517031244e-20,3.116288420274165e-18,5.92185593896766e-23,4.566357958023951e-50,3.827296695748597e-05,8.356348664593202e-15,1.2119900638598213e-12,1.2323607240000088e-10,2.5686866751277204e-05,5.106204163197046e-13,1.1921089606714014e-15,1.2071450863601645e-05,5.080496343419721e-11,7.926905264161684e-05,7.156076584610489e-06,2.0080733704056676e-09,1.3352550930808093e-30,1.9477274679236618e-51,4.800217310712295e-22,1.7423184833757557e-35,9.562001664930071e-54,1.3188780226069447e-63,0.0005222712356777,8.157925673678572e-12,4.315895199204589e-05,3.0115825783516792e-09,0.0783291656814959,0.0003139468385694,2.310420590379138e-15,1.1138549689500012e-14,0.0057685968449071,4.8644314585980287e-82,0.0021185352995287,0.9127062725353752,2.7719091803891047e-14,3.621421912379974e-24,8.312929639879404e-36,9.445426392532916e-36,2.4267057470154997e-50,2.172011684128947e-18,3.2936127978355163e-32,2.9040807690016233e-13,1.1667082434476776e-11,9.683597111267765e-19,2.1092400636537824e-24,3.633419222264044e-21,2.0176552600978456e-37,7.475931632885925e-65,5.6728752511467844e-18,1.2695493621821157e-22,3.998068591176169e-37,2.9594882537423632e-16,2.0694125321437418e-30,7.281532419363389e-47,7.389652600543732e-13,3.2115506024784046e-05,7.574228928004377e-22,2.040667886200624e-50,1.5217686276582073e-65,1.1883209792739846e-79,2.1361263206049986e-17,6.6671378389004696e-18,1.3754989408017919e-24,3.844738182687668e-25,1.8443620011817097e-27,1.0064414878821453e-42,1.1871415585029404e-41,1.8538723805150725e-13,1.1580322589660612e-21,2.0664396739912002e-29,1.3412329787548436e-38,7.232360269891463e-46,4.605258599748424e-53,2.019013031192535e-61,1.5649788807758553e-12,6.066981200274217e-19,1.9070023484960781e-16,8.904616689022182e-23,2.5320805714550823e-16,6.8460684852142565e-16,3.5406107248012313e-13,2.552269465575325e-28,1.29637038536469e-12,4.4320985487815345e-19,6.094569449704293e-22,4.055691360577136e-28,2.4457926318421656e-30,2.7636420964418656e-24,9.30233071574842e-25,4.0624496250411765e-30,2.5955768425524705e-30,1.814164510247105e-21,4.131637490371952e-24,2.0583822586918097e-19,8.066163942092462e-41,5.12478673421445e-19,3.4249912033367953e-22,3.9691052877025986e-30,4.396763392667567e-26,1.9488181154720105e-27,8.858485664720895e-33,1.0329358165106843e-38,9.176536482715948e-14,4.9381611341246804e-20,2720.3048286790595,64.83438299273278,6.64293422001354e-05,5.310464959670508e-06,0.9989027581954596,0.001023005422409,2.496574971752213e-06,1.737867764657025e-20,4.3446694116425634e-18,12.0,10.902772595584956,16.177163260344532,13.187517983712008,10.574984660410784,0.03557378606064078
1.479423991779068e-17,4.04713150156482e-12,4.89162942305292e-14,8.586107626735196e-08,6.448456567926866e-13,2.748389858286527e-12,2.307795456518599e-16,1.4216044837868669e-12,9.673840723559801e-14,6.532174601973524e-21,1.7490406120225762e-16,1.751947860677079e-23,8.150323687592814e-26,2.5652708973132168e-30,2.436039626906276e-38,3.000593887759139e-64,2.0246298663590089e-07,6.900995719688441e-15,1.3737261289783529e-18,7.245085990758081e-16,0.6696943037900958,2.067358496605338e-12,5.472015982829741e-09,3.51574721411579e-08,1.8355858776803142e-16,1.8416599285676768e-06,6.9001131872511e-10,1.3285872526918694e-16,5.086973101489116e-34,1.2831758581475097e-50,1.3522300016954577e-37,5.678792786034878e-50,6.069936784820635e-64,9.225765956335953e-87,1.90992991918192e-06,1.7313489701326705e-11,1.6143210414748004e-08,7.749624118130526e-07,0.0173716373143265,7.63907099448296e-08,2.9231323252161474e-17,1.178963235760446e-08,0.0004589133758961,1.560318772691657e-100,5.802980529352735e-07,0.3124695443616594,1.3658163461947789e-21,2.5358184635549756e-29,1.970530078722406e-39,2.3062605686902822e-39,3.1370348697504176e-53,1.6191608399919728e-20,1.1064937905039213e-33,1.989379037854849e-20,9.527864846273465e-19,1.1097406355986305e-29,3.8237540455081653e-38,3.612039304675057e-26,9.006960575390354e-43,1.774458439641908e-69,8.10542868721457e-29,8.913354309170042e-37,9.616484457938465e-60,1.4543871637237016e-16,6.1499138917392634e-30,2.5270740674574593e-46,8.5464343041701095e-19,6.031219628109478e-08,8.910580868901566e-25,1.3554688744415485e-52,6.234924166198429e-67,1.0634867754239804e-80,1.3436282080307377e-25,5.965697833926089e-19,3.6595215288369194e-29,7.9722027411220885e-22,4.283234798564941e-26,5.521550906208376e-40,2.8557234960092568e-39,1.1430974459892213e-19,6.465524516997691e-32,1.0755127648817554e-43,1.2317156511853457e-56,7.37853319628355e-68,3.7284423887619933e-79,2.0226174285897273e-91,1.7898450993168164e-16,1.3233078020050158e-24,6.3635047180132095e-24,4.0496957245419416e-32,4.18017422210873e-18,2.1679438751582833e-22,7.090959371193137e-18,3.0922289079380805e-26,1.6206351200667708e-16,9.223026656817414e-27,3.6844185340955894e-30,7.3259868762165665e-34,3.5139611159545764e-36,8.376152097176601e-35,6.0348840449394384e-37,8.914853348417011e-44,1.177740845879616e-40,2.860313265229538e-29,2.257087338202454e-32,8.731183324001747e-21,1.011051251757931e-43,6.585970656311968e-27,7.3364741499979755e-31,1.6554572610134535e-36,9.34448553850189e-29,3.5019602456757755e-30,2.4491777565099318e-32,5.047017490152714e-40,7.751272244771409e-19,6.877932847830102e-27,2017.8859197123704,0.196054676556709,2.6079330507946e-08,0.226583366801597,0.7734154362535187,1.1589698966049991e-06,1.1895657152653192e-08,5.684113608308884e-18,7.744604791320854e-16,12.0,18.938931587418686,19.47211639744316,13.647775717358588,11.659092000527515,0.035440745214520064
2.942119858439511e-15,0.0845258706482193,3.8085455866542034e-19,6.614187319031054e-15,3.7732852495833186e-13,0.1925873027319146,1.580834950231652e-17,2.7856265246215757e-10,3.013270782715934e-12,3.6138473426880044e-26,7.889571430200978e-21,1.6035207263239982e-17,1.050092389533048e-23,8.6776088749656e-17,1.7660223205340414e-17,2.8142818771642976e-64,1.8873759306773698e-13,5.182591038722595e-28,1.3359565280259485e-29,2.18177126166093e-25,2.302302622213387e-07,4.66654204905733e-13,2.0100776642518377e-22,0.0010491747476356,0.0002578587267052,1.245883376255028e-21,7.768993052719586e-16,6.331148102154593e-15,4.66686679419658e-48,3.7061301181169196e-79,6.066385069418969e-25,1.0039439575828418e-46,2.375159632032155e-75,6.066180215998225e-85,1.1147722024045124e-20,9.828527001782815e-32,3.2352682184868404e-22,2.8591686043722526e-25,1.2606088853513484e-23,3.774079782677308e-21,2.013053576571982e-47,3.7407340770571424e-39,6.7118407310733976e-34,3.1071575886367486e-128,1.098583527008418e-36,1.2325498221800352e-37,5.702536777931527e-16,6.469320578660536e-31,1.7733547871940383e-49,2.198597920651483e-49,2.3045213503442205e-73,1.9478661616833337e-18,6.972200594673901e-42,0.0018425771216278,0.3968724054742067,1.8718127923190993e-17,4.2518611776557504e-29,6.31788519684178e-16,7.539348019187249e-45,1.1848990829320598e-79,2.503547667344481e-05,4.8028098330986705e-17,1.0483162990253043e-40,2.80300959449767e-22,1.116531479632364e-45,1.6504522547418433e-73,7.519228005134694e-11,0.0001869531928016,2.6953605584709597e-33,7.97887548601712e-83,4.351919335460672e-107,8.402324377352163e-132,9.049799142550398e-31,4.014834023636174e-15,5.25457902957317e-19,2.9479999961837595e-34,6.165455026287883e-29,3.117786212503173e-65,1.2568594359094488e-51,0.3226520600516799,3.657079081631117e-08,1.3409382400752004e-14,1.222017238293391e-21,2.3224744875144767e-27,1.9865609436856557e-33,4.140296318552238e-40,4.456785894849506e-32,1.7046884122549796e-36,9.826299043594932e-33,1.2440612834908214e-37,8.132756873523665e-27,1.0073372514263523e-40,2.7472121451623455e-25,1.6443631611824553e-45,9.725030211262115e-33,4.929577978795803e-28,2.697266463905995e-25,7.86065480079425e-43,3.983746855518127e-38,3.208324878307293e-21,2.143688330893234e-33,5.220099284031701e-36,6.382730520689829e-31,2.3728132795020052e-42,3.684011060759544e-39,2.5586578542274877e-32,8.788411852971396e-63,1.1994701554497669e-37,5.686856367511815e-36,9.708671930214771e-56,1.8023911015358634e-45,8.342242201236534e-40,2.5566994013297843e-54,2.3471625153564825e-58,2.942221053296418e-15,9.774483208126606e-20,1317.690121024203,1.1879102891305148e-10,0.5107754736573727,1.3360246570318597e-07,0.0007585657597846,0.0002169823501497,0.4882488446302272,4.594454889064728e-09,4.900751881669042e-07,12.0,5.417584438142077,9.171763200379832,8.628194373556832,11.98041118906389,0.035331716902245625
7.712933621305331e-23,2.3415612456076257e-05,1.2664340174767094e-24,3.11988326049955e-16,1.7870853609365026e-17,7.53924442194829e-09,2.4765330556909434e-15,0.0023940197485797,1.6469571785050776e-05,3.719427422961578e-17,1.741384872028392e-15,1.618483294569457e-11,1.0316231100847018e-14,7.292970013272725e-07,0.0010826670404501,9.55251567575042e-48,1.2621569435887002e-10,5.43649389921647e-23,4.1628837098973666e-24,1.5913928866689452e-19,0.0001332866837691,8.950525018063064e-11,1.9572747179146026e-17,0.0004193197466675,9.759859729097408e-05,2.3212925247735814e-16,3.0846329869529257e-06,0.2185912747488287,1.6681892425425553e-30,2.6852067871503926e-57,0.0001371527861009,9.625564056788571e-25,4.3605529822065036e-49,2.9967872132828958e-55,2.7700816892024788e-11,6.973310604899248e-20,8.477462161035322e-09,7.316616624546914e-17,2.972969135036377e-11,8.509125011902979e-05,1.5728214730226644e-25,3.42959390669996e-21,4.547712748995896e-15,9.51365674024855e-81,4.88469016603897e-10,7.781539257820592e-12,8.440004685704361e-17,1.38529404514421e-29,2.759573305424857e-46,3.4697789042978287e-46,1.032627486551212e-68,4.300744138498522e-20,3.935746320164816e-42,2.626774303613153e-07,0.7764410084720097,1.3308189778967444e-14,3.901951690219983e-23,1.6147739902204073e-13,1.5662595782932998e-41,2.3164216157170597e-72,1.6419345420617416e-05,2.750877349412976e-10,3.689069904440701e-28,5.0748338352548155e-24,5.972411392531087e-46,1.1869366339181988e-72,4.381395331261742e-15,0.0005581714261776,7.818656846907895e-32,7.942084054748187e-79,1.3840323580574087e-101,4.7079236520935106e-125,1.579423377158857e-28,2.529133220929425e-20,1.4428396586152224e-24,1.3246564773089574e-37,7.669590978400288e-32,8.561899043988358e-68,6.225210947461522e-53,1.1284814000299676e-08,3.1352408046172953e-16,2.9087027884192416e-23,9.17879875584666e-31,4.827956178870543e-37,9.838356660948054e-44,5.937439030949164e-51,1.7653666704663497e-35,5.247608273388312e-39,2.0725826647290823e-32,1.5710602496482387e-36,1.5687329912144032e-22,6.56644145981491e-41,8.16234579553599e-23,5.669574127270999e-42,9.6904910884878e-28,1.9820316493214142e-34,3.317557976181102e-30,3.433087340387433e-47,8.768077456924205e-41,6.416999813585955e-26,1.5147186568778457e-36,3.814563652015839e-38,1.440743440609095e-26,8.010807763734108e-50,4.159124152457841e-45,1.7615781964833784e-35,7.005611736891735e-64,1.170218355163639e-40,1.272763565981138e-37,6.750788917870792e-57,8.627499484314726e-54,2.098046198330407e-46,5.284667483127971e-60,3.6483586607878035e-63,1.930723930579648e-24,4.604651253835983e-28,1214.1204618718234,9.303252250819428e-05,0.8174219120044531,5.45394929334338e-05,0.1808220940662864,0.0014431554939399,0.000258298942387,0.0,5.315355118418207e-13,12.0,7.824264820553991,11.34480521908644,9.246866851688097,8.499676352612918,0.035201364346090384
3.8133688016138806e-32,7.202437617044275e-13,5.910509487164627e-29,2.326249740127126e-31,1.0804700571976464e-24,3.559345527073542e-12,7.366328808351152e-27,9.305433593495332e-07,2.4482556746423782e-09,9.135420960191745e-13,6.124809489576523e-17,7.8407512144843895e-19,2.705007970286203e-12,9.956528899109619e-10,0.0313936542172942,1.1293691033510505e-33,6.873227195574085e-19,3.35593009352984e-23,1.1878734617650267e-28,2.7840691465833714e-23,1.1638554875268069e-07,2.3337274305491344e-06,2.242995894272445e-12,8.964912348521551e-09,0.5806129022593532,1.047371499758585e-33,2.8949425504998202e-18,6.397709233079991e-09,1.008697330375643e-22,1.356700991061641e-33,2.10748185883346e-05,1.038080883044838e-18,3.6645720033681585e-27,3.411371152299887e-37,8.181917777662157e-22,8.24868028356718e-22,9.858790281223086e-13,3.754563515091867e-24,9.476180064876213e-30,1.0430125419144229e-18,2.690680366632003e-24,5.052145591062111e-21,4.6210967781086823e-36,1.459813136080499e-50,2.553567122989645e-18,3.0001193069523444e-34,1.7805373314640656e-20,2.754884755322599e-25,1.2113680493230843e-34,1.569588928855211e-34,1.4003039895885372e-50,3.4682478628235714e-20,7.535709151920655e-36,5.998353672682449e-07,0.0004700691797455,2.4467408950735225e-14,3.264689066142001e-18,7.345672567968393e-09,1.494598445623662e-31,1.1399257275319043e-38,0.2989709441540999,1.330791848369448e-05,5.3104475790476644e-17,2.264338493056238e-22,8.619437232087278e-38,1.0543166443868564e-58,1.2600851310649056e-13,0.0058604512542213,2.522646305732492e-25,3.7111032594238174e-60,2.5140970421503454e-76,9.297222941036284e-94,1.0616377451908997e-25,1.405532733832948e-15,4.243154352851905e-12,5.014403970425548e-34,7.811305070879822e-19,3.700481280232505e-59,3.8963561002138634e-33,0.0012870221341235,0.0005585910915815,0.0008738305814537,0.0009051451079038,0.009714267483038,0.0294370367199781,0.0398776964207038,7.032105596613539e-58,8.615914929655598e-54,8.950703561676291e-51,1.5798383813767142e-47,4.302566598878229e-29,1.975396313212584e-58,5.753851581234365e-29,3.87596773525991e-37,8.361408626687994e-43,7.81441272327458e-51,9.909683574678136e-38,6.863802454646754e-56,3.8274975310746614e-40,1.6188607002845063e-24,6.169085858309215e-50,1.1779404528833237e-43,1.6188718124101283e-24,1.37056068439902e-66,6.514029852745685e-53,1.0372083958933246e-39,1.2897224484331563e-54,6.636153375514476e-50,2.9689043121411663e-38,8.142535636396313e-59,5.069925340500093e-67,2.9489463997723874e-50,2.9685725117960932e-64,7.914919048341685e-60,2.1108218291379446e-34,1.7557845985496976e-30,1040.3664233517509,37257.98775858149,0.2128396461763165,7.218186850662842e-07,0.1797669161923456,0.0034470549996792,0.6039456608129735,0.0,1.0717534347999605e-21,12.0,6.530375591772687,11.92665724010782,10.209395684589106,12.452945337041209,0.03507489389204298
1.6352185844169838e-29,2.244580573447661e-09,1.357915334221404e-33,2.2087571798365068e-16,2.8106784871888434e-20,7.320519254558079e-13,2.2560759719267857e-19,0.0001114661287273,2.251711450292014e-07,4.969887583441938e-26,3.5882689288124e-24,1.1404574291945345e-18,6.074070005356298e-27,8.001250607777804e-17,1.2888496657783346e-16,1.4464815687463842e-79,1.1522722053987087e-09,3.0073590208033045e-29,4.8164200725797056e-26,1.8612781396444432e-20,7.476773948681766e-07,2.6311490370811765e-17,8.015168349857918e-27,9.838566987593744e-05,2.0664945972294475e-08,3.053825376549634e-14,8.084546128381837e-06,0.0010168971316226,2.7770853518638195e-48,9.444474729007242e-90,2.567990603566045e-15,3.1433711230998433e-44,2.7819244196970432e-83,7.445864169459979e-94,4.1041344756984366e-08,3.122590202211922e-23,7.382605632062455e-05,2.0775963953499732e-19,1.661901474989216e-05,0.110699577965433,2.1711177397942195e-27,1.282889342566526e-26,2.100892459207939e-07,1.1540635950155091e-128,0.1917506729274424,0.6955798023343907,1.4388773789006686e-23,1.1281804665933138e-43,1.690200077887267e-68,2.20830664996748e-68,3.8762675050452797e-100,3.842547616326396e-32,1.5372380169203395e-63,4.193923969384575e-15,7.32105168582315e-08,7.9027580646969005e-25,4.6176826349274125e-35,5.435729742177228e-28,1.0465778373081273e-66,4.3339133513562553e-116,8.15761628195315e-17,2.331022884354594e-23,4.255882808821439e-49,5.2507779210350814e-33,4.008847683055221e-64,6.248274030282818e-101,1.2272178280850486e-20,0.0006433465424029,2.9122661251985604e-42,1.0018287912491234e-108,1.4367618430865902e-140,1.7507687469889518e-167,8.400769994347424e-34,1.556081567247603e-31,9.630917143803595e-40,5.596016647496879e-54,5.266435606458803e-50,3.3045368752221625e-95,6.2960741289488534e-80,8.228080891847379e-16,5.236709422364238e-28,1.2291210521172812e-39,2.2942972990544332e-51,3.893439301718929e-62,1.7106125940427776e-73,3.761357927302895e-85,4.7487964671339416e-36,1.4278536265705914e-47,2.5654898239041904e-36,9.469213277772815e-49,7.069130914574201e-29,6.703179446328833e-43,5.16195487398769e-28,1.6858002371670822e-60,1.4510389517627046e-31,6.20805047913922e-41,4.303217116317119e-43,2.3250458768248418e-61,9.478047765347211e-61,3.071998495762056e-41,1.0904636684440084e-47,6.045858985474041e-57,5.392752940490395e-44,5.998651226699713e-56,1.641646459146146e-57,4.130779600049429e-43,1.6982451664248498e-89,7.77340047825885e-45,1.6073062172545688e-48,3.2197073165142063e-69,2.9545413799449034e-65,1.288848173203249e-63,1.6557914775174719e-77,1.0652940084708964e-88,4.620016187830109e-28,9.010562827729637e-40,1000.9623120586206,7.893548540099577e-08,0.0222262514357681,1.4725064168109204e-07,0.9019134414289688,0.0758407740220011,1.938586262020856e-05,0.0,4.3068911175928216e-10,12.0,6.821190972987657,13.608298636346,12.533036533689696,8.940618907721092,0.034489731132138476
2.2233835429381163e-32,9.620034208895367e-10,3.2002829824619363e-27,2.6891303569168553e-34,3.491406498553902e-27,3.391984920829198e-08,3.5051394767260977e-33,1.3618777668197169e-12,4.1611369381279845e-16,4.461020027413581e-21,1.195332116218979e-20,3.607909204091912e-27,8.89707936272728e-19,1.5260590143687866e-19,8.389255825209647e-14,7.157267794305046e-57,3.6483935502990164e-24,2.2931691613055035e-30,2.7142872541726026e-43,3.808245100583855e-36,0.0016369451793087,2.0842536323228373e-05,5.584876124805819e-10,3.0222188399508315e-08,0.1864597623957254,4.77850912883743e-42,3.923334686329637e-26,3.747198514290943e-18,1.670798617391118e-37,1.3221096365676524e-52,1.7198643658781722e-22,2.089720526132171e-40,4.4669783860811085e-53,8.899750442860093e-75,1.4432830519444282e-32,3.0440286040394853e-33,2.070470168552022e-26,6.743943086786279e-30,3.9592176841892007e-41,3.311735983722175e-31,9.431666672781797e-47,2.0377853775731334e-30,2.037627792815367e-53,1.151723316603158e-101,1.4425807611703072e-42,3.3375117946591584e-55,1.7322100520319007e-26,2.174158613561594e-33,3.111747652069036e-46,4.318154083153714e-46,1.4230180728771475e-67,2.038725874810435e-20,9.311891115698948e-42,3.600486747619134e-06,0.009109349633772,5.602312904344933e-23,4.034999765456446e-34,6.68625941307269e-10,1.276150202516595e-40,1.9255543743720669e-54,0.0034925876370548,8.731324901347107e-16,8.136118041161247e-42,5.8845577291000285e-25,9.521285512789961e-46,1.25618625128622e-73,1.2068692585840058e-16,0.0001060228286414,1.017669431375683e-34,3.2875613428636935e-82,1.5175806213787542e-103,2.149441265475228e-127,4.292274283906724e-41,1.7667525501957686e-13,1.1843527030685273e-12,1.54554214182861e-34,3.600889647649119e-18,2.717844107792806e-68,3.3147499724285674e-37,0.7991206039148002,5.0204404927264695e-05,1.3973001848685933e-08,1.1484157422189659e-11,3.3654257825861635e-14,1.3746261409187656e-17,6.2941462111550665e-21,2.718502623707135e-66,8.385396773191415e-67,1.3320852206804888e-61,1.5699060713254352e-63,2.061314403905721e-33,1.2474110457965814e-73,2.393917833404644e-40,4.2485194478370045e-46,7.03684409083832e-57,8.0811096925189e-57,1.7747087973277974e-45,1.3803625795938551e-64,1.4235140248465413e-49,2.9597132126882536e-32,1.2734986754110322e-60,2.431166637782175e-58,4.961635787615142e-32,1.1566660870437479e-79,1.4553641691350427e-67,1.1920691273194593e-44,6.241969778957597e-71,7.642275921748312e-64,1.5108712843450596e-54,2.858755037104859e-76,2.0389564654247692e-74,2.7141372438843333e-58,1.714366743848244e-71,1.014188802836646e-71,1.7929690063724244e-34,2.599898888660346e-35,787.4650458772068,2.8644605401923343e-08,0.0115098660047954,0.0007570233553323,0.0859012057402166,9.681766877206372e-05,0.9017350872308836,3.4159714554192196e-11,6.30056957332878e-10,12.0,10.818039010654973,12.8729289920845,9.924884353551432,13.894008701045156,0.034439399767898594
4.713809115717876e-31,4.4921812632380744e-10,9.512696727754772e-26,2.3937461318320805e-33,1.1010704896477528e-26,9.429050233575878e-07,2.7867441810499333e-35,1.9973757066694108e-17,6.8567882117964e-21,2.7888557871510884e-27,2.1482641578177685e-24,2.159100258189319e-32,1.3230552782142816e-25,6.428178321901122e-28,2.577426653878243e-25,9.162370477542871e-71,8.530982367387644e-26,2.1221851479662836e-33,3.998702633306775e-47,4.492021096269444e-40,0.0001886376256742,1.3844236565825137e-07,2.5044616045479332e-12,6.7676550450113075e-09,0.0018344550452281,4.3686374136339105e-43,1.9793705468262364e-30,1.3108557140217522e-25,1.1410375192689083e-47,1.4988320596054057e-65,5.49716883802362e-36,3.712016900003814e-55,1.3089123321698576e-70,1.227817339547782e-96,3.4914258083831003e-36,2.5093813534665516e-38,1.41416275156076e-32,1.3952683555580866e-32,2.7731252442930453e-44,1.5538517755489921e-37,3.1486199144484793e-56,1.087267408111534e-36,1.5694829255608513e-58,2.2931043043306805e-130,1.0068150518899309e-52,2.105843153269695e-62,4.9637609670045156e-29,2.5316742540674685e-37,1.7505266178787194e-51,2.4200816015829736e-51,4.910617960380077e-74,4.53497676487809e-22,1.316493959455508e-44,8.736577196476717e-08,3.133765184852325e-06,1.3049743404558772e-28,4.5611281238869275e-42,9.638008989060116e-15,1.565960924245574e-46,2.0633666157895608e-64,6.95864854024433e-08,1.4432433811061147e-24,9.556389480735316e-56,5.882020079433243e-26,5.820447637180482e-48,5.722746334423762e-77,1.5753217311913824e-17,5.977463770579361e-07,4.6593438135359525e-38,7.142920547659796e-88,1.9625730385670753e-110,1.9341752905362878e-135,2.6005733254760488e-45,1.944428956392998e-13,7.0258503553258e-14,1.90379051988607e-34,1.4832418488872637e-19,3.069812966025839e-69,7.705968350431793e-40,0.9979678402793244,3.917644245555281e-06,6.730726942373218e-11,3.1489507679410418e-15,5.565593066916623e-19,1.4244673143530193e-23,3.8885329902506e-28,2.733733236733198e-63,4.596477265282729e-67,1.0601052226170472e-61,7.324835409304737e-67,2.279727523254584e-35,5.736957150845961e-73,2.1011604941745072e-43,1.3772343294053758e-49,2.306946026497978e-59,6.708913682524063e-55,5.637137145163074e-47,5.036152049546727e-64,1.748134342324144e-52,3.64293348198433e-35,1.1123035898586544e-61,1.0737700220034862e-62,5.357110755758012e-38,7.792077054982221e-77,3.665944977066784e-68,9.122192515191649e-44,1.8962844059557177e-74,1.1254844601356802e-63,9.165456684745436e-58,2.0400826722470423e-77,1.0799963605428175e-70,4.782418427502621e-58,2.78925178866843e-69,9.050944230331324e-73,4.714324934612138e-31,3.800340059088812e-35,797.9731531662765,1.0997554283352486e-10,3.244132947989238e-06,9.430061255457294e-05,0.0010107536560244,5.971446915782652e-07,0.9988911044537816,1.1019656548156325e-08,1.6128770038665165e-07,12.0,13.463415870071517,14.493546677157216,11.264980932170849,17.48841950182109,0.03407713350971119
4.1814441386758385e-33,4.297586730114821e-13,9.150255532318899e-28,7.990597030116343e-32,4.031235298394258e-26,1.616568763867989e-09,7.670980810681793e-31,3.671454115996274e-13,5.7259878159040965e-16,1.0212218751166275e-20,3.1111415863331306e-21,5.32349892454716e-26,5.861458782833694e-20,5.94720216222649e-20,1.4124085806563229e-15,9.718731433149334e-52,1.8517191743807041e-22,3.5394888407475367e-28,4.91243886711787e-37,3.0995717136473883e-31,2.376358798161913e-07,7.515513701671481e-07,1.9395035376348385e-13,2.0237053330048037e-08,0.6970842934528423,5.992287348711317e-37,4.330310812015138e-24,8.935404030063434e-18,8.021852697122594e-35,1.296314026804837e-48,1.4775996876674985e-21,6.253977713746923e-37,2.6181564012786534e-48,1.297164154193827e-65,3.492738891581562e-28,2.725930874725861e-29,2.369642678450855e-22,1.0325192216744292e-27,3.4123026190736025e-35,3.967405847114406e-27,1.8345454960307327e-38,6.934479649562579e-28,1.9868662722580549e-44,4.2476966769298855e-87,1.926465328307428e-33,5.868655200168144e-45,1.868988047602487e-25,1.0175857294853989e-31,7.181913443469994e-43,9.460387993780985e-43,4.568971812176297e-61,3.60707783965249e-22,3.717528971497742e-40,9.16250937361248e-08,2.0220646375634657e-07,1.1899603037377118e-22,7.89028971518493e-31,9.780076016937713e-14,2.529175430507964e-39,5.453785881591247e-50,2.0186100075050975e-05,5.4884562522865474e-17,3.5475557862470995e-37,9.088926733606827e-25,1.944304229424162e-42,5.450518170095388e-66,3.317863873107764e-15,9.62178939962643e-07,6.48849382292217e-32,1.0306256627764028e-71,4.371658678117784e-90,5.041591121834792e-110,2.4373688153902216e-35,2.5308284496987483e-14,1.6381310334553298e-11,2.511227283623437e-34,7.123048380463092e-19,1.6899049931531581e-62,2.8424531534444e-35,0.2854876933944236,0.0136872952432994,0.0024767459936988,0.0004264744242847,0.0005873935447083,0.0001924200937506,3.523068404687651e-05,4.6476445798305746e-57,2.5938816487895573e-59,3.087237751490123e-53,1.8065852186114073e-56,6.359171086775004e-31,8.513218832312469e-62,1.24800021663594e-36,1.4384906492426916e-43,4.752004256478394e-50,1.1770924077172294e-50,3.3182943453434504e-43,2.5829397872787733e-57,5.692131010605109e-47,5.1900394879165994e-30,1.3508823768543524e-53,1.639616157991783e-53,4.774524878897803e-31,5.671701644124145e-68,6.642626305532078e-60,4.586362617099187e-40,6.643950013935699e-64,4.906388212210568e-54,3.5009785266814886e-48,9.490604991164176e-65,1.9619353662332532e-65,4.7448816166597526e-54,1.4226740017033257e-63,1.671836472368543e-65,4.0950320419296034e-30,1.417947361027083e-32,965.1576625729977,0.8205833705673935,1.5022660469322862e-05,3.635798430522657e-07,0.2562690785898482,7.073750465297445e-07,0.7437148277947928,3.0854070161416613e-18,3.6862494350745107e-17,12.0,10.383852946069617,16.231949355637198,10.67290288374582,16.694659588543992,0.0333763763252036
2.4117393607941916e-10,0.1825679683156852,2.820338266437009e-12,3.383945908494875e-05,1.6077423983532173e-08,0.0004515911960662,8.263559846976492e-06,0.0002200894089529,3.76301761619522e-05,1.2611523958712938e-14,4.68740132125441e-10,1.410311827429016e-05,1.1402739233450523e-11,2.893919855110924e-05,5.195433153421767e-06,7.638605283422882e-33,5.303629752341954e-06,1.3866185263868113e-15,2.9339918924834444e-15,2.7930809532848453e-13,0.0002256901772044,5.420532975141484e-10,1.2491512160635736e-14,0.0116764717577473,5.460481767777109e-06,1.0603571272485815e-05,0.0083028973930351,0.0217312877273346,2.160143986422917e-23,4.588573192972449e-44,5.452934381008976e-07,2.6339277267875123e-20,2.0501334222408542e-38,3.1111586550551894e-40,9.361810301994832e-07,1.6534013577351784e-14,1.054889667973325e-09,4.0669214224466015e-10,0.0001216653119116,0.0044277795292302,9.093301453230889e-22,2.0126399970916964e-17,1.1933872216235854e-07,2.5789592366115565e-62,8.525120989317623e-12,2.2702611883124186e-07,3.339410312556003e-09,5.240569836259937e-19,1.53269484116207e-30,1.7393304563175993e-30,6.133997787745447e-45,1.9095433555432948e-11,3.999360513907029e-25,0.0002354022543208,0.769836805842388,1.1351773597003981e-09,3.9879773860193346e-17,2.8968687637366777e-10,2.438951434431735e-26,1.5435223925009693e-51,4.4955273499234144e-05,1.3937979827183012e-09,8.327287594431262e-22,3.932745651629806e-15,3.751940435485513e-29,1.926914505552944e-45,9.56153837525413e-10,4.524559300887736e-06,1.5968035769999632e-22,8.635251843296075e-51,8.79807719896707e-66,9.758727042247075e-80,6.222448713414016e-20,6.473050246358985e-13,1.5685880669775678e-17,4.309754801247736e-22,2.099569876136564e-22,1.7459293911266738e-39,1.8056054157643285e-36,1.678575089777915e-06,1.2937263737769908e-12,2.8449832219389584e-18,2.216806556395807e-25,1.4628627858317273e-30,1.1566675975471993e-35,6.175506175648548e-42,5.753160826136417e-13,3.2798643844433023e-16,6.755638424633816e-13,4.686910213321666e-16,7.764849836140873e-13,3.9641920372928055e-18,2.172570704052705e-12,1.4457925369591888e-25,7.577301509971227e-12,1.2576299319347037e-13,2.277835859501916e-13,1.4088183037517876e-22,1.074171063557399e-21,1.0792748184174098e-13,2.78567162321355e-15,1.7471902013000566e-17,6.666724799524585e-17,9.309532416948065e-22,2.772805655268465e-21,8.52636011560672e-20,7.079648973375417e-38,3.2946158602104466e-21,2.964074731978036e-21,3.2551810061556374e-32,1.654736212524638e-24,9.253753001675872e-23,3.6604185555026173e-31,6.2945385159603845e-34,2.4930271750177246e-10,1.9832137810875885e-13,2758.975401760052,0.1155202310596675,0.94732249400596,0.0001201629898536,0.0457968585359096,0.0001453691243794,0.006615115343897,4.616375115706989e-17,2.4565710437155047e-15,12.0,8.103272876084652,10.684337838650883,8.185974324830326,9.844039571454704,0.033105479527933246
1.7376250552349112e-26,7.614828847033372e-13,5.933572280633346e-24,6.072383583300103e-17,9.845080548891604e-17,4.852807706632396e-09,1.4463690094872229e-21,4.193879213468953e-07,3.039803794704436e-09,2.4807661116606595e-18,2.9139572290898824e-19,2.627652686290085e-23,5.007564732071988e-24,3.195282794278117e-24,1.299818186744267e-26,2.418803419504693e-65,8.61495006616852e-09,1.369228134044726e-18,1.477239098025002e-19,5.118876042077332e-15,0.0057907099982372,2.4032966984465956e-07,3.1126398370999753e-13,0.0034714842000271,0.0442385343541223,6.483352727351033e-16,2.0860078661563227e-11,3.968710688389857e-12,4.556038161522106e-36,1.021411328987868e-57,2.38111186461026e-26,7.170900903624637e-44,4.550484252361453e-63,1.1120999744132304e-82,2.7314469260196004e-08,2.3682174650702292e-14,0.0030327115769132,5.870731170441156e-14,1.042031937695673e-09,7.91985357857292e-09,3.2407624122824215e-16,1.1899336103312521e-14,2.371453805801401e-12,9.360545694427648e-101,0.0356196580007257,5.2727962109334743e-08,1.4051343737631536e-21,8.591653678846624e-32,6.9016684974440845e-46,8.663798416141754e-46,1.1588145142260912e-65,5.58250086122381e-25,2.324361814965361e-44,5.020100207081448e-13,6.945943499585749e-14,6.371423298562761e-25,8.635451273636166e-31,5.44602605462656e-24,2.742710417151706e-49,3.3578375291182785e-73,9.068410895456464e-17,3.567597459457836e-26,8.301138897166169e-47,9.31160090462426e-21,4.90327129838324e-40,4.773594574522926e-64,1.2826567693934676e-12,0.907845736115236,6.467917856658903e-26,1.4647731044946911e-67,1.1315184104772694e-87,1.8277996389044583e-108,1.6967740533696658e-22,5.9909622246129364e-18,2.0468898484924905e-20,2.3305458450651456e-34,6.52896359101497e-27,8.083142674538896e-62,2.290614490219532e-45,4.00494324424862e-07,7.121007059379816e-13,4.2119645312143355e-18,8.172799597382178e-24,2.712493434846343e-28,3.5484595759429015e-33,1.3442401981948694e-38,3.2772006823294276e-34,2.5467132098456046e-41,1.0933726827642796e-36,2.2335892383839914e-44,1.910603658240084e-24,5.48008436741438e-37,1.113426684614576e-22,2.4127591654785763e-39,5.294867747623342e-29,7.527788174945393e-40,2.8123706926632084e-39,5.02163718786528e-50,2.7025135889351927e-47,2.800152847648749e-33,1.857741605458175e-47,1.1833600025565386e-52,1.2174574042663862e-40,5.594705500747905e-47,6.417090760818121e-46,2.589958459384441e-30,1.3037482836362317e-59,2.6400331412958785e-35,6.625278916961624e-36,6.1548828156383925e-49,4.7253634795606624e-51,2.409679427942973e-47,9.505865261256735e-55,1.7220143298495792e-61,1.094495105325224e-22,6.886611766355738e-30,1225.230983289687,0.0117565476871099,1.9628551993141817e-07,0.0026411257722321,0.0921406058140879,0.8632849154798531,0.0419331566483069,5.755478264119009e-17,4.3166086980892566e-15,12.0,16.128900820414373,17.671562800675304,18.64326588968955,17.329669293809086,0.03268747064003499
8.816740888291344e-10,0.0001513500847825,0.0328520996506756,1.3291856661017676e-13,6.710704660567356e-07,2.657932740091491e-09,2.742120552843852e-18,4.7581601508282014e-14,4.9646664156770715e-15,1.073636560334189e-14,9.627462984565867e-12,8.413324089709636e-22,2.651670327093982e-17,3.9766288526806937e-25,1.394204509550437e-29,9.26729350692726e-39,3.1310221382794426e-12,4.167177668205537e-12,5.658529229712098e-21,1.3491934591211609e-18,0.6084338272504659,5.47956376542983e-13,0.1825699508886945,6.856515268714581e-16,3.8461272037914313e-25,1.4317422679051588e-22,7.162700317349797e-23,4.3709745441977326e-26,5.459981503789857e-28,2.4634023234563958e-29,4.3340201257940785e-39,2.475078953994722e-43,4.8703136452406265e-42,2.557442121568203e-63,1.6505247727035392e-21,3.1683631633344377e-19,1.908821593486332e-22,3.0167872129475443e-16,2.1628508572365005e-29,2.5019609789370155e-31,1.3613422845916512e-33,1.7392668643160245e-21,4.3152583069992605e-41,1.109841300792429e-82,1.7385983394684055e-41,6.801140799962192e-49,1.1353759213108034e-11,8.645498999427029e-12,5.4599432216833134e-14,6.301556858118375e-14,1.7014174062806852e-19,4.2166074733673937e-05,6.19316253560385e-10,1.3324213775933886e-13,1.299742610732257e-07,4.952380628572365e-16,1.7324980084827677e-22,2.1817875630678985e-07,3.536668832030124e-15,2.6405352037380486e-27,3.0656831427086213e-18,1.3346740080365684e-19,7.383962725189451e-36,0.0024136105919937,1.907893871021412e-08,3.210221110860432e-16,7.03366278109972e-14,0.1504449931149124,1.22916172620617e-09,1.6032572704677987e-20,1.3499261955114076e-26,7.047342285335394e-32,6.558777066781028e-16,2.1148759590621283e-08,2.798807761836119e-19,0.0230908899770944,4.65930643831971e-08,1.3459961375857322e-11,4.4653522355824787e-13,1.1980432601341594e-17,2.5730106530728772e-30,1.601803624680969e-42,5.06309098487581e-56,1.0429497773822744e-67,2.1198915511080935e-79,3.764207779117603e-92,7.121335727311651e-24,1.006351221870632e-25,1.2223515890346711e-27,1.7774591109764597e-29,6.49703348000295e-16,6.733286200655115e-28,8.5870109647717795e-19,8.820329192063739e-14,8.299577618333822e-29,4.7066603032820033e-20,9.722404945187005e-18,1.953443648631593e-19,2.990695791826629e-16,1.24776415565411e-23,4.3393273440153255e-26,9.324149581184558e-27,4.722160943451319e-20,7.988123700666505e-24,2.9948452425213587e-21,8.81830833087743e-10,7.029714422534679e-18,9.334489361685e-21,7.041454356867129e-19,1.9491212252226583e-22,8.627538746356454e-18,1.0002431391116081e-13,3.2107018494305395e-14,1.3127172263526993e-15,9.95802268702056e-18,1.8161821373925577e-19,2303.976675925288,0.0005541200198322,9.035167321861752e-05,0.4907832625359864,0.368029177532918,0.1410971755030874,3.275478964687177e-08,6.3146610086313505e-15,3.5362101648335573e-13,12.0,15.734953543661277,15.60994605146544,15.193582120440784,8.559338615061353,0.03258561526808499
4.428939724090427e-16,1.7527789176176618e-08,7.798631982102423e-07,1.6929773784064363e-27,2.6588737098890723e-12,2.649256057288867e-14,7.449603798950101e-29,1.5172540872449804e-18,6.074047128511817e-20,1.5102853333449006e-15,2.2512670209101977e-16,2.034139591183447e-28,2.39162952979899e-18,1.4278585102651051e-27,5.536591205248207e-28,6.723757481504903e-33,2.7406199000284496e-21,2.7126158777288817e-17,2.226543934610751e-28,3.1499844377347687e-25,6.758774252283514e-07,4.813562286399741e-17,0.0017373377316857,7.6053527711597645e-25,3.1493662860066872e-31,2.6454024378739855e-41,1.4224589161064606e-36,1.3541800952215163e-35,1.605385660607535e-30,2.7986715065322732e-24,1.991855347123698e-42,5.213572255398566e-44,3.4724690885122533e-35,1.0413389579889706e-56,1.6777949093391216e-35,9.196392179688867e-29,6.684126004520705e-32,4.1231791249034995e-29,7.382813403326824e-52,1.904637392803997e-49,1.063356794874564e-44,1.0246234598035078e-33,8.938995617253893e-69,1.294646846470574e-77,1.311541865639152e-60,1.1752756775689356e-80,8.707631181379578e-14,4.3781171223297327e-10,3.998791702007756e-09,4.759670079644716e-09,2.520483146724114e-12,9.728395492512162e-06,2.332144977885124e-08,3.539536028509255e-15,1.675732718557688e-07,1.7981959999293222e-14,2.455353250499601e-18,0.0015552969933791,3.4804044007968915e-10,1.6129335464852533e-12,3.455686150694223e-16,6.620424732984142e-14,4.567045183585343e-26,0.0005179733405293,9.109415565120108e-07,5.982023650343224e-13,3.991323300487157e-16,0.9929094432234932,1.612829011189393e-07,1.4020293669211242e-14,2.812272236164347e-18,1.080658801207259e-21,2.2694651490574152e-15,1.782029683678646e-09,3.597288838889616e-18,0.0032176142599379,4.966623480595593e-05,1.4441031740078495e-11,1.9208468628613216e-07,8.496308344645549e-20,7.933876982761874e-31,2.2265348036965655e-41,6.247512926002958e-53,7.013299036970148e-63,5.5110705979067543e-73,5.9337807738876665e-84,2.660043647635851e-44,5.068476236908272e-40,2.7284742337322156e-44,3.480706858254872e-40,6.2713366108882155e-25,1.7448544146642182e-45,1.7934722292189712e-26,9.493766736001966e-17,5.4098432377306075e-46,3.8220158568316917e-32,1.9759868435647363e-22,6.026374263605402e-28,6.770591329635473e-17,7.4878461586669065e-25,1.9332158932985207e-35,1.0290866136913289e-29,2.4143842683046938e-18,4.890048187462193e-38,5.544975262774521e-28,1.389966270906162e-15,7.668013136291738e-16,1.7863532627875506e-29,1.839353411203287e-20,5.132893163517647e-28,1.4123603000687366e-30,1.2930728444073037e-18,3.6912876686635536e-22,1.87303887897132e-17,1.273238332386533e-28,2.6538470156023585e-24,1749.26925570266,29.149161299428165,0.0015576192206474,0.0060370805396996,0.0008675092813504,0.9915129044094784,2.488654882415646e-05,6.62832612198193e-20,3.902427004316862e-18,12.0,12.58836567210872,11.745812832303915,14.803837073228689,10.203503376774345,0.032083987786712356
4.517456850931817e-19,1.546700037826912e-06,3.5250864077867427e-10,6.14470140932277e-27,4.315251057373868e-15,0.0015166957874395,1.0162974697027973e-29,5.137650939209499e-19,4.607778272471795e-21,3.677550380984497e-21,7.767983889990789e-19,9.386465112147905e-30,8.075558652320197e-22,5.142473975674653e-29,1.0030635551694469e-29,1.2633123866746599e-49,2.8737030357035513e-22,4.866454720522293e-23,8.100517166257573e-36,1.8808385117614951e-31,8.027942696540866e-05,4.191669135456917e-08,4.449423857449064e-06,9.618025762539849e-13,9.406390600457316e-11,9.091424590861651e-41,8.468267583290612e-35,7.1104025885427435e-34,1.392309630578871e-39,3.883767454816313e-43,2.629054251913569e-44,1.5613217802894644e-52,1.2647365286290247e-53,6.497250539677203e-78,1.2988150377664324e-36,9.053543614837382e-34,5.4626548094232e-35,3.1596790803045154e-30,1.1710295908557524e-49,3.756732109659468e-47,1.215564634776858e-53,4.140058619602562e-37,4.286118249667892e-67,9.507835268539634e-108,1.1835535783091213e-63,8.815471815538105e-78,4.401527215703253e-18,2.979626961352755e-19,3.6630934190404914e-24,4.568001611772963e-24,1.4551615770424531e-34,1.662529190222617e-09,1.732434342397093e-19,1.0433535716918703e-05,6.870221029563181e-06,1.1649900023480485e-19,1.6070636408090335e-28,6.258639396579596e-07,1.352418866561784e-22,2.2108303412885477e-27,1.1226751838486245e-07,2.984855777281636e-19,1.2240818996455939e-40,2.860967568988039e-10,3.5222072065741724e-20,1.1608652877057366e-34,3.81663426623185e-10,0.0065000483105594,1.826856709830939e-18,3.5087002806017343e-41,6.105066708215761e-52,2.940239324825628e-63,5.303757370964372e-27,0.0019719930103316,7.451842286504773e-05,1.583157478807117e-11,0.0020551409751867,2.6945510845944236e-29,1.464629144874051e-12,0.9877517730555893,2.546609388627562e-05,2.1512997981981166e-09,5.1435965385147024e-14,2.3373807127856057e-17,4.49231713710835e-21,2.281067021739352e-25,6.0943178597488695e-46,4.80317073750132e-48,1.1307140599781049e-46,2.6498373362681464e-49,3.10791921026061e-26,9.254115417797766e-52,2.8071853693683585e-33,8.57302843257929e-29,5.143278666466122e-51,6.418843258902931e-35,1.2762863058809934e-29,5.426674903216382e-36,1.22898640176482e-28,7.569184371602676e-23,1.484041093278517e-40,8.380814326670541e-41,1.0378795528087857e-23,1.4385431786613955e-46,8.42112668130009e-41,7.184665448703985e-22,1.1834635900195616e-36,1.6005433285387142e-38,2.4477407034182943e-34,5.762632906602471e-43,1.1830864483225048e-38,2.4893174138116573e-30,1.5753193451172653e-33,2.939111339493204e-35,4.541003980109729e-19,3.0079247984890666e-21,1272.738116345664,1.4507145355790269e-06,1.3595053848677697e-05,0.0031220988920873,4.237014085624493e-05,0.0064973744968988,0.9903245614163088,1.8169025268868665e-12,4.009298242663685e-11,12.0,14.361065723042158,12.493678975656826,14.679356967309332,16.862396618161398,0.03155554602415241
3.095843250952085e-11,4.002833652405635e-05,1.268890902493634e-16,0.0013165727701717,7.840530217183703e-07,7.287250780591627e-06,6.560112612370611e-09,7.731981942159031e-06,1.0577620821485483e-06,3.1922845974654105e-21,9.343364641196397e-18,3.220501354781286e-13,5.28560946983426e-24,2.1217770697893688e-17,1.1332691151822458e-22,1.7777645032543514e-60,0.0047044679420904,9.941106837096896e-18,1.0473651549529339e-11,1.509742307608696e-09,6.554173910082325e-07,1.9050353763628226e-15,3.0119689528736995e-22,0.0029298177014331,2.8072582954919483e-09,0.0039572930516014,0.0001577183139416,1.3308800671079577e-08,6.440077852203018e-40,8.138587450125551e-71,1.062904188473969e-22,2.1394097701386838e-41,1.1205807757116168e-69,1.6205036527622514e-76,0.0074577688929123,1.514439951299871e-15,0.0001608289706909,3.594461820074039e-12,0.8015695600069794,0.0010993514019183,7.764355764994859e-21,3.244270068020909e-23,0.0059019447612685,1.0462970909697375e-106,0.0001163055078306,0.1598537398225244,3.2735927973555213e-12,4.068154241628444e-27,6.515993103135095e-44,7.452000183109652e-44,9.004400110256508e-64,2.533028617499559e-20,1.7478521350437802e-39,8.232606845404142e-11,5.1408974866596595e-09,2.7443131183022118e-17,6.4176862100217174e-24,1.4755340497413173e-23,2.2782128274188712e-45,1.2456312703474928e-83,3.7659871772736093e-16,1.0580473353238937e-21,3.154754077068731e-38,2.512370889547301e-18,8.523124599463795e-38,1.020239049045247e-59,1.1422218816254728e-10,0.0107170562382313,7.5353954766763275e-25,3.208374943946082e-64,1.156082460848677e-84,3.535127504322622e-104,2.0588735661168381e-16,8.795487455544474e-20,3.0704678089261007e-27,1.4996888196741963e-31,2.630259284073066e-34,9.78055850590546e-55,9.185462096479322e-54,5.5952705426324567e-11,4.568886814555278e-20,1.072272572969601e-28,1.0503920248793718e-38,7.7309455944410305e-47,6.2313243805927536e-55,3.8227895510357015e-64,8.753149096347771e-11,7.581542723085852e-17,2.6919140732611715e-15,2.6465500695211195e-21,1.9249934101119752e-19,4.65213619850899e-15,3.0347800541263204e-11,1.5642862049756768e-35,4.849209509187578e-11,4.473212714263674e-17,2.4589197684281083e-19,3.5178342012393675e-31,1.0523662483388379e-32,3.4867809500535297e-22,1.467070657984798e-23,1.6204400665374351e-28,4.793424376544987e-34,5.1586533298090484e-20,4.876370704123607e-22,4.550390724435498e-22,1.447590974539723e-48,5.9429565517939295e-18,1.4134069578833744e-20,3.1873929105692694e-34,1.203109197645452e-28,2.6763679343004093e-29,3.705141869757127e-40,9.50382879005034e-46,2.225953294853937e-11,2.6002381072795626e-17,2532.569820820103,0.0026937039505387,0.0003954842024679,1.985019989064877e-07,0.988369699084567,0.0103451373480553,0.0008894808629107,1.2980602500069305e-15,8.541236445045606e-14,12.0,8.70063574406795,15.397790282183896,13.417607120606222,12.352007468339607,0.03090633543559541
6.3678818887012614e-24,2.50153241867123e-07,1.939903173580609e-30,1.514537740772211e-11,9.998674953991611e-15,3.0415761285518694e-11,7.152623678712434e-16,0.0003662549566192,2.390721746547339e-06,5.5159844507823914e-27,6.4893012578673745e-25,3.00326085538507e-17,2.3664335110046738e-29,8.958090508311855e-18,8.668672666436912e-20,4.929350962396971e-82,2.7733455448252026e-06,1.1951040405587755e-27,2.7864423179912713e-20,1.1758649345852018e-15,1.0731911359788889e-08,1.5557397894908715e-20,1.589430552637696e-30,6.39847352745555e-05,3.631722985576826e-11,3.817806915527199e-10,3.745419023400621e-05,1.7661476022106887e-05,1.2204108607828617e-52,1.9217322511930391e-97,3.6920782425157223e-19,2.2270995719181416e-48,9.815224411769271e-91,1.6339059636466527e-98,2.0484899496422915e-05,5.529303557575222e-23,0.0027424731413763,1.5486001880569592e-19,0.001895657590523,0.0365050403492064,1.5847778129787051e-27,3.0165583053896976e-31,9.475354492550668e-06,6.3048150702615274e-139,0.1832670917079694,0.6069940969450244,2.7893650252277776e-19,4.536396139650522e-41,8.268292030331593e-67,1.0413236619852672e-66,2.5425353187094924e-98,4.24695487209816e-31,3.14935942491488e-62,6.3721249405301135e-15,5.3857452124489414e-08,2.7311002689220843e-22,2.7453314229631624e-31,1.0965311170050845e-29,7.54660791824123e-67,2.4515695901265287e-121,2.4610635769023585e-18,3.722780993903409e-23,8.130611288052894e-47,3.1487124660762417e-30,3.0536981672839685e-61,4.565752614902051e-97,6.159582273125779e-18,0.1680748440560874,1.7055509958437658e-38,1.0558326513265585e-103,1.5306749899278742e-135,4.399003122683297e-167,1.1387489268152548e-26,1.0234654587462906e-31,1.3008912731843194e-41,1.994415804096345e-52,3.188542353087147e-52,8.848389312162939e-92,2.2082628124242005e-82,1.1023092253956803e-16,6.382914097574914e-30,1.2389858888939937e-42,8.48358125404264e-56,9.434024465894211e-68,3.994520691889984e-80,5.123344966481715e-93,9.364203657678983e-27,9.752760545921407e-39,6.90855704479128e-29,1.7794439497257386e-41,8.384354162460319e-28,1.228034838863149e-32,8.578047156085485e-23,1.6416506202120833e-59,7.788053150706812e-26,1.8872416942851464e-32,1.297557330699806e-36,3.1322607426679816e-54,3.48182640571908e-56,6.511137301183064e-38,7.970009324747531e-40,7.269810584747938e-50,7.270713280165722e-44,3.678354776457943e-43,7.926083683009271e-47,1.423021726001216e-37,1.509325630241322e-83,2.641685622484098e-34,1.1414369078927342e-39,1.391329908094509e-59,1.1767420207335079e-55,1.2516056096024822e-56,8.107158982972369e-71,1.9537234980902969e-82,9.221596793235064e-23,7.63531965959033e-35,1203.14534851416,3.7761316555062065e-08,0.0079708714700204,2.315069403346783e-09,0.8391493985453227,0.1528659251804318,1.3802489155670892e-05,6.598504684024945e-11,1.258114893087423e-09,12.0,5.463058209035639,14.022333481426273,13.282804882899915,9.238451608390683,0.030730780202536896
2.257061052291343e-20,9.368516346323175e-10,1.658066783523825e-13,9.793883941092456e-20,1.4843731735113822e-16,1.4063116484768063e-05,5.0327117229234505e-21,4.5219557396067275e-12,1.2684336660542538e-13,4.9338331806846264e-14,1.1671150872115236e-12,2.711211781243954e-20,1.8133737691665284e-14,4.568312231951458e-19,3.8266826523602807e-19,4.216807665829361e-35,2.4336302360501967e-15,3.228582941646392e-16,2.0331284015732311e-25,5.582122928544991e-22,0.0165339490897633,0.0101584124234747,0.0006017238510999,4.974590248047471e-06,0.0406036447539692,8.895659952514689e-24,2.3968398169169756e-18,5.615260888098697e-17,6.038637757667597e-22,1.6487633410852768e-25,7.46262404170851e-24,9.35863033801906e-31,9.041282499404315e-32,2.1179728608008365e-49,8.087351253773058e-20,9.630030011611542e-18,3.8694856957317336e-18,1.0233218100105805e-15,3.66357990102494e-24,2.5523549208839234e-21,2.664005603885586e-26,7.819025682396254e-15,1.9290343709867491e-31,2.2491887400633511e-60,2.6567695448247702e-27,2.8533916095636193e-33,5.444603306341578e-18,3.4843643005379033e-19,2.329598855223321e-23,2.8039356121726956e-23,5.187782828703734e-32,4.200145831364164e-12,3.2694625687948395e-20,2.370356492839168e-06,1.9111305998361153e-08,1.7602919651830144e-18,5.512682389079674e-25,2.102668600065029e-09,6.1542929088027655e-22,4.997386504434475e-24,3.4894614393002317e-07,1.5119343271858418e-17,5.9644360768183954e-33,7.967023393116483e-13,5.0957126991486515e-21,6.45881944346997e-33,5.514589960256163e-10,2.7593910148243193e-06,6.725934991225997e-19,3.691187974498423e-37,2.807683153620117e-46,2.602329999538436e-55,1.2576324554770861e-24,1.3149248214924226e-05,0.0002881171676139,8.300241031431667e-15,5.94091378471077e-06,3.9083255031878835e-29,1.0480915715511497e-13,0.8648217622008058,0.0554472587841667,0.0108688439946426,0.0002730930286314,0.0002297566618531,0.0001197775659205,1.003120221813244e-05,1.2457639307972158e-35,9.83928745055608e-36,2.1738453719997908e-35,9.583852656502785e-36,1.6510038573767762e-19,2.29561355235028e-39,2.424974069442157e-23,6.881667312611721e-21,3.2086360932675555e-31,4.1556870124979e-33,2.619954328530123e-27,6.7363041423816045e-34,1.3706173336146487e-26,3.1375179084984236e-19,1.4861606767729053e-36,4.10204874416944e-35,7.627856246508328e-23,3.1734687118438536e-42,4.7065426798333234e-36,5.691921063253862e-23,2.7531742205020138e-33,3.1171637834543257e-35,3.1218726534811875e-30,6.438344399782006e-39,6.0704902649855976e-37,1.0369465035937983e-28,4.812064727304377e-33,9.826663963031192e-33,9.440753746080381e-19,7.660806181760822e-19,1606.173008121984,73.3977045238784,1.4601355281160252e-06,0.0132356963503085,0.0318669784692288,2.589898019093497e-06,0.9548932751469156,3.323424465912624e-20,1.3021781316439464e-18,12.0,15.95735362676368,16.33894771855878,12.248889495082636,17.815561666450407,0.030581888548578677
2.7689093788874507e-14,0.0521483564222156,7.578608193703149e-07,1.6419772822715352e-19,9.090822475138789e-09,1.0111212397479674e-05,1.1584415349375832e-22,5.950702369172328e-16,1.8380007522412408e-17,5.800729440401972e-21,1.4175289864885224e-17,7.435315721401159e-24,2.844522866905357e-21,1.4151181443434815e-24,1.377553051043953e-26,2.4373673818170668e-48,3.105152620951057e-17,3.484079874571496e-21,4.1022541314479906e-29,9.410557591875032e-26,9.215589814525414e-06,1.087108596748027e-15,2.7946639030110094e-10,7.985046915408464e-16,1.000545399825254e-21,4.080125075320684e-33,1.017291005452405e-29,2.673136962449563e-30,2.475167505415604e-41,5.0190282261103495e-51,7.485568391593121e-41,1.0488867751852509e-50,7.681736755124211e-58,8.033579146153293e-76,2.873971985937477e-31,2.5408223417381853e-32,1.117908762599443e-31,2.501121970626632e-28,3.573924859421465e-43,2.726576995906862e-42,2.0876165251694688e-52,3.0483326630523707e-40,5.561381826972767e-60,4.160075591094822e-112,5.684363452449126e-60,1.8811052086790777e-71,4.63126327175289e-12,2.5429680173518717e-16,1.693801561693529e-23,2.0325564828670656e-23,4.577000647105186e-35,2.269855422726601e-07,2.194136490250462e-18,2.2919114800011576e-08,0.0124108153784626,1.899101921872504e-14,7.568704857423355e-23,1.1946730218842514e-06,5.5529257520425525e-22,5.9922993431021436e-40,4.322528330942254e-11,1.85655919751427e-15,1.942827433608087e-34,3.3975428548442043e-08,2.617030170123478e-19,4.739988627078157e-34,4.878518972867458e-12,0.9354192445601271,3.488287497051463e-16,3.391546289254585e-40,3.0697297576436106e-52,3.829286465112426e-64,1.0508185270628116e-20,7.921626205705025e-09,3.133303973184229e-17,3.298209041456858e-11,2.8759615125905624e-12,2.618405351417203e-28,5.745255754422423e-23,9.622832488757859e-11,1.260467030330181e-21,5.023374107801523e-32,2.3994273894903346e-43,4.0266464319879083e-53,4.3270084748557185e-63,7.156598522555104e-74,2.4663811318631065e-31,6.915619338460474e-39,5.337771331660315e-33,8.783831765418781e-41,1.4400681334996412e-20,5.477115055856384e-37,8.61463008478864e-29,1.5231391605147851e-30,3.937494702275115e-44,3.9702127170038155e-21,6.635331481279324e-23,5.852782842260347e-25,2.8365965078821884e-25,1.0753121882161614e-24,2.232973580055405e-26,2.0594134270250724e-32,5.4993721477268224e-18,3.881397835738873e-30,1.4973303383952207e-31,2.076806268229083e-14,4.973215259754183e-35,2.492976076947524e-25,7.036795972885393e-28,5.154775138898327e-32,4.770334148099014e-26,1.9251932203744084e-25,2.565484084123306e-25,1.8746616844814092e-32,6.915513138699001e-15,2.0263713391865208e-22,1642.549817881863,3.248225635156518e-08,0.039512667891058,5.8710298768410814e-06,4.7304872783799075e-06,0.9604715239235552,5.2066682314953475e-06,1.1170577473675303e-10,2.834534033945108e-09,12.0,8.171977936258664,8.078169524691987,13.38574813923038,8.119823551158039,0.030334298276370148
2.297597784551585e-31,9.974356246247053e-14,2.26264900816104e-21,3.436720611965141e-45,1.101494856713365e-29,1.2056391252719956e-11,3.2849740538943517e-43,2.3744780872782644e-21,9.26267834461321e-25,2.1262094500076917e-19,8.097611866195083e-21,1.7320806742124958e-36,3.7652997715860216e-18,3.2605442706575903e-28,8.594359863888565e-22,3.124126674857847e-43,1.8201071121927972e-33,2.6770405815944485e-29,3.3110316328379833e-50,2.9147195910237153e-43,4.698107343227803e-05,1.7816978827773094e-05,0.3619991149055894,2.0213621118066373e-18,2.1019557066039667e-10,1.9126416611823781e-59,4.195477066880756e-43,1.728242494011495e-34,6.695862950653907e-33,3.2761897039930596e-27,5.669855213028289e-37,3.284970643759982e-44,4.287035133922218e-36,1.1627695377933685e-65,2.2903171735736015e-48,8.25780421748375e-39,1.4923140621027599e-40,1.9559573578056207e-37,2.683723868010723e-65,9.010839293790076e-55,7.333886603891315e-57,1.6682280965975002e-34,4.994139009971978e-84,6.086780115796358e-85,9.543763230587528e-70,1.5945615442155604e-92,4.154625226754724e-28,1.28944563133465e-24,6.560464688564221e-27,9.032488268532076e-27,1.7597917157132453e-37,7.293862632102207e-14,2.1047369424666537e-24,8.943953966079632e-09,4.624855738460528e-06,8.087339320145234e-24,8.237685569976669e-33,0.0089505940705268,1.9921547171360336e-22,4.5709570522728124e-14,5.3333962771634266e-05,5.705820662006201e-16,1.5552829395452835e-38,2.7262000794033677e-17,2.5707709666104614e-27,2.992478064083795e-44,5.6614524118918986e-18,5.825795667173876e-06,5.9073059087684e-25,1.0679771900811325e-50,2.7148292736160755e-61,2.937983982217309e-74,1.7672211345537706e-39,1.4702805343090635e-06,0.0002550309983184,2.815341931951087e-18,0.623638484970105,6.746940482024903e-41,2.8274915624453403e-09,0.0050154856307878,1.111530831141174e-05,1.0639118183794122e-07,2.5371626814016248e-09,2.4354451124667177e-10,3.5302595315867945e-12,5.1679005230487735e-14,1.1567334439040771e-81,1.8804749494014068e-71,3.225180774726891e-76,2.3336409366638446e-67,1.3006285018309834e-38,6.6283956694392005e-87,7.421226725402242e-44,6.763179998845522e-31,1.590135170762344e-68,7.220256770551461e-65,3.978097045932465e-43,3.59376034241148e-62,7.10702875904301e-37,8.59036413993071e-29,1.1763198878385128e-67,1.0111808335119463e-54,8.682139479877709e-29,4.6213162448763184e-86,1.3901568978589702e-63,8.131049198596339e-42,1.8864628164246092e-46,8.109154393767178e-69,4.695567169991428e-49,1.08521377898927e-70,1.2482497737786048e-72,3.108837907683513e-46,1.4430391951148346e-59,4.55889310653707e-49,1.4620128105775816e-42,1.1644089098397087e-32,809.828953309374,0.0087364700112118,0.006016406841087,0.661288732091983,0.1209001341700376,3.890972749496482e-06,0.2117908359241428,2.559592486545378e-17,2.316431200323567e-15,12.0,14.041053926275016,13.303089586412472,8.810720992813652,13.54656996807788,0.030328194847936103
9.294735867767293e-22,2.4059537148186226e-05,7.06107077673348e-11,1.7966393731209507e-30,2.2392835621047005e-19,0.0001324213211733,5.915548338823546e-32,2.9934438820430586e-19,6.57623027886661e-22,1.699328548141617e-20,7.588262423599387e-17,8.525049567574057e-30,3.9198632844092784e-18,1.6250945146300236e-26,7.291907615195536e-25,2.416322188793897e-47,1.235876129392125e-25,3.8993798854376794e-25,1.2804058380158085e-43,4.221286810783169e-38,0.3284242291307587,6.683488706052781e-06,0.4202843531128527,2.5438779526057516e-13,2.5424156588500428e-11,4.2314227211807736e-45,2.5557411805582584e-35,8.651834191796185e-32,4.0475911773845605e-36,2.0916886970128088e-37,2.501572663637929e-40,4.7212155258432464e-49,6.36354248059777e-48,2.687469734754306e-75,7.559224154865264e-41,6.232168732683764e-36,1.8909459105133347e-39,2.3273460678640863e-30,3.1690257462331233e-53,5.570355509816045e-48,1.308813037784971e-58,2.1350573390837636e-34,7.199329312755653e-72,1.6076436754004796e-103,1.3973237777791129e-69,3.4559507055407087e-82,3.7398212383111995e-21,3.6058237931284976e-21,7.534805982819218e-26,9.818504921379448e-26,2.8617642387812948e-37,5.668938601297331e-08,3.8463413089609697e-19,2.405083818399132e-05,0.0220136505914514,6.1855371867112125e-21,7.419399592348902e-33,0.0205164116693228,8.275757266377524e-21,2.8242618961510394e-24,1.419477975030974e-05,4.986677349065941e-18,8.616543832421896e-44,4.2998305903449506e-12,5.418309119880757e-23,1.6096534566671124e-39,4.4456376435430984e-14,5.124915417866348e-05,4.700014608447435e-23,5.2321972744003234e-49,1.2172588917009063e-60,1.2158727969794542e-73,2.4360994897027297e-36,0.0033957413379217,1.1569181105052135e-05,3.6268811524438143e-11,0.1333091661539567,4.732497603242182e-32,2.48562004944792e-11,0.0717920444191532,2.7975457631120617e-08,3.990788703488092e-14,4.271631129896192e-20,4.332968525479507e-25,1.1696773302215505e-30,1.5246105819114173e-36,6.769223845755216e-55,2.6708772340764813e-56,1.08045873290249e-53,5.506602066451927e-56,1.6944572562532763e-26,1.87777139274598e-63,8.920316872890463e-39,2.27944151165891e-29,3.1319709814162545e-57,1.6153076439213758e-41,1.139367915446322e-33,7.859295837091739e-42,2.972714109177995e-31,3.521557201136582e-26,1.0290807376654116e-46,7.097392876444689e-46,9.282322820201364e-22,1.3237349734971901e-59,3.6259443723154073e-51,4.48049044518508e-27,4.526696911173738e-43,1.9820076717177217e-50,4.398435964576575e-44,1.1483617474965828e-54,3.735288482782131e-47,1.4996208447661963e-35,2.1035963756094656e-39,1.7854403188656798e-40,1.2886451569522871e-24,3.346073211963706e-26,1013.1480665941842,3.9277575901721725e-10,0.0330780134944458,0.5670141477319566,0.2908977807889032,3.982117589257102e-05,0.1089702368088017,4.6297245372550714e-09,8.58279702675748e-08,12.0,13.234054475196832,12.944200988061937,9.080574660268091,12.517768474648763,0.030207244338676668
4.287202228338608e-17,2.0449691039821855e-05,1.4966796639983187e-11,2.2905326310042978e-21,3.361091799623342e-14,1.4857381071040874e-05,8.489189735302396e-20,4.5127555511547204e-09,1.0312086520767728e-10,2.410049801108052e-10,2.9531814044459816e-10,4.458986815534982e-16,3.7709342274868015e-09,8.209903675118765e-12,7.074974594223658e-09,4.227831420818157e-24,1.830881920037624e-15,1.3370951390973621e-15,1.0392977828223607e-24,4.184197947404068e-21,0.0154946937353436,0.0002811182490391,0.0032042765709672,1.5072290863378563e-08,5.847041663662028e-06,3.872678472500955e-28,1.7431645221146897e-19,4.532944104516075e-15,9.952941072339476e-19,7.595318284253777e-21,2.4731429452858253e-16,9.441328522684288e-23,2.443770889850448e-22,1.2343656684644056e-35,1.0919348881951184e-22,9.434512098842776e-20,1.4618816144929144e-19,6.554099949462746e-19,5.066946618781432e-31,4.113967183497102e-25,7.359356937866285e-30,1.1330289366987065e-19,4.227232034260191e-41,1.683198285573586e-50,3.565746486214503e-34,1.7066021758108028e-45,8.671595228052807e-13,2.960460166691256e-13,7.69047404488004e-17,9.315683684235272e-17,4.373694503257872e-25,3.755688546194711e-07,7.103446500247777e-15,0.0018867765680844,0.4251321667221234,2.3931149630825646e-10,8.084298889067701e-16,0.2392066891486787,1.0086263208169753e-13,7.854605793389768e-16,0.2321383498504025,2.210390402611501e-06,2.7936355537302653e-18,1.4996547580997786e-09,2.4876912567346918e-17,5.689186565772326e-29,6.744007867221263e-09,0.0395631182809608,1.504337651761695e-14,3.6291068772916416e-32,7.35602348325997e-41,1.3961185490770654e-49,4.7681649069151094e-20,7.791380204352012e-05,5.741481700284081e-05,3.884756898700202e-12,0.0002159322654104,2.319330554696025e-26,1.12707501610015e-11,0.0426267429101287,7.066505139192795e-05,3.620816574782474e-07,2.7430962761223156e-10,6.282380328419004e-12,8.317224028239009e-14,1.9366160589287272e-16,3.099697371812028e-40,7.195805193623574e-36,4.841240636479695e-37,5.6277787482267826e-33,1.281180857200718e-19,6.9124079489268234e-43,1.3624013449315065e-21,8.71805760288992e-19,1.1354098240365016e-33,4.355770630073527e-32,1.5023841598634308e-21,3.3246916116976163e-32,4.645766054362674e-20,1.1141234942981421e-14,8.415870156568821e-33,7.767270113963698e-27,1.1218297820378778e-14,2.4997804757180812e-43,2.1118300267971395e-32,2.26222506679335e-22,6.106905793835706e-28,1.0908848276123402e-34,5.2464970682684165e-25,8.665735784228362e-38,2.6217064869755463e-38,3.1302611125616596e-25,1.8259022420922356e-33,1.0778893498672155e-28,1.452572236931207e-21,3.341322244246737e-17,1533.8963508354475,0.6998638800379603,0.7251585784899169,0.1058396034036362,0.0076701163412078,0.0319723330090504,0.1293593687561885,6.051955993644314e-19,1.1710534847701746e-16,12.0,11.164215214857611,10.024368962467255,10.6443413387717,11.251364898686464,0.030202294108838658
9.01277432726124e-06,1.6077817540709306e-05,0.8598433593108501,1.7034693812541132e-08,0.108040506499105,1.9995354348573017e-07,2.055037351705509e-22,6.079120328546267e-24,1.170907731560458e-24,4.451418598565738e-32,7.6142661464823325e-25,1.4391106311318484e-35,8.542782229869056e-40,1.1444823282595757e-48,8.306083511306532e-63,4.568017296393467e-85,4.231324161012308e-12,1.3303254678782874e-19,9.414627404839008e-24,7.177318899507142e-22,4.134601014686058e-06,2.7761732916355468e-24,2.7165410280178783e-14,6.669133240346607e-19,6.572062474435048e-35,8.929118969665012e-22,2.1179600375848102e-32,2.1458176443240522e-45,3.4855127222958283e-62,1.130512842367925e-78,1.5188549652743347e-76,1.2607944466076237e-87,1.33710268830807e-101,1.0305668768356841e-131,1.2961941086267945e-25,2.2574484850428445e-31,2.5472578695470957e-31,2.316590543619044e-24,1.2333012187632625e-33,1.5767243972891883e-45,5.178110307729862e-54,1.4605354990778806e-42,2.3219226415089795e-49,2.9367845294468305e-164,5.876604541860377e-59,5.9932056431403845e-62,1.116206808330369e-15,2.1277961200505577e-23,9.231224182707424e-33,1.0431382160956216e-32,7.016005080659339e-45,2.356246435277467e-13,9.609138358175514e-25,4.9784557851307736e-21,2.6965764257060786e-18,1.6929578524708117e-29,1.827984151101875e-39,1.2573275884232686e-25,2.824076719980009e-39,6.885819624564896e-73,4.3105540569986744e-35,8.15492279359064e-43,1.268454206881071e-70,2.4476992786688176e-06,4.3611363768934946e-18,5.257356343132913e-32,1.2258477411937994e-15,0.0320729540471966,2.889699786120246e-16,7.029745758814513e-40,1.34614448954633e-52,3.192456629639129e-64,3.136013764829635e-18,3.3677664667273357e-14,2.0707255929270655e-31,1.6158525345411086e-08,1.2230844274339186e-21,1.870327447128625e-23,1.8313250304232924e-33,1.5553941168301776e-22,3.59595854765104e-41,2.3618207697817386e-59,5.0296620161058455e-79,9.682771851377996e-97,2.3482640076981095e-114,3.5960101868998204e-133,7.205410030615177e-11,5.000437314011314e-24,3.651579501380662e-24,3.185407083975024e-37,1.6887334320191065e-22,1.4077474975850078e-18,3.104721594180062e-23,1.1042017381417176e-29,1.0936292280905836e-32,4.419347149196328e-12,6.7146562588108575e-22,6.408011521595968e-19,3.568918172131029e-28,5.42786652467331e-35,5.74539010351696e-27,4.0477140570689664e-39,2.6203661693172928e-40,3.021889255392164e-09,7.371011164329398e-19,8.785142716011951e-06,1.9929131364938407e-31,1.4002445104052044e-11,1.1367896533063572e-21,2.0600192646355877e-20,2.017149251732715e-07,8.183851165160761e-16,4.0002615872322595e-12,8.451878473581559e-25,2.2801298745223858e-08,2.2458697295783277e-21,2898.011227034361,1.3624177105180948e-10,1.557778941114557e-05,0.8331562916104772,4.022192887525091e-06,0.1668238925877829,2.158194411029377e-07,2.9367845294468303e-08,2.2319562423795913e-06,12.0,16.728220649739015,11.4119570651855,16.029752422074864,10.14158473501335,0.030112050718339837
3.955459490798497e-17,5.761372794708087e-07,8.406000186849785e-15,8.11389302589199e-09,1.6297369955902478e-08,3.006963747564139e-09,2.9118812495701455e-10,0.0012652307293811,0.0001916164900927,1.352405600148392e-11,6.0826265300469705e-12,8.808380630107687e-11,2.334093994888504e-14,3.3994540736612246e-11,1.100796592761083e-12,2.3911096203955467e-35,0.0001445945769048,7.50511779992512e-12,3.5363784067974452e-09,4.219229016482582e-07,3.607151636593632e-05,2.3868414449066748e-11,4.020525927049253e-13,1.920521945940229e-06,3.29613699335725e-10,4.826888702927449e-08,9.133722910698853e-06,4.5050104692181515e-06,1.5171734433700082e-22,1.2059292401401534e-38,2.1088136238870437e-12,1.4092418706902786e-23,4.441588781178299e-37,2.916639504757443e-43,0.0004672787919604,1.989744590604049e-09,0.0543979444353409,6.597201473814989e-10,1.466392163364791e-05,0.000109891893316,1.4861540169242643e-10,1.9594288723486529e-13,2.385343614269664e-07,3.973654995740776e-58,0.1558407154362541,1.0674140184363964e-05,4.936093208371604e-10,1.5212314333125976e-17,7.143871673199311e-27,8.141482812173086e-27,3.5715091141893294e-39,1.0225681230800216e-14,2.608043983168835e-26,2.3813166298893534e-10,4.442818495494372e-07,2.7340971857840932e-11,5.5834919054332326e-14,3.217112828209933e-14,2.3971025432314547e-28,1.729173166917465e-49,7.292648625058649e-12,6.2372144635622065e-12,1.84452629501712e-20,1.0300912041025416e-12,1.2477802998668856e-24,6.461151163150984e-39,3.924386803293685e-10,0.7875039936772483,2.5728451706064554e-15,1.7329033109549884e-39,2.2329752974783084e-52,2.738736361722361e-64,2.68967015631258e-10,8.753012961072474e-16,6.431524146911595e-21,2.4906809402033105e-22,6.056687036940949e-23,8.321155921123537e-38,7.107072646967626e-35,4.1231473612908105e-12,8.145681753811685e-19,4.610219368357653e-25,1.0110367327831928e-32,1.7587738913341543e-38,3.4889707051987317e-44,4.992122120369389e-51,3.39845174244177e-15,4.1142273096419114e-22,6.720783552695025e-16,9.54645609685796e-23,4.659507473119752e-13,1.4756307615298361e-15,5.271671286406819e-13,2.090842759611789e-26,3.2142905834244527e-16,6.055029280378529e-18,3.395480028363043e-21,1.247914332550917e-24,3.388576446757249e-27,7.273785477334212e-22,1.6551160482355898e-20,2.389722678843805e-26,3.656379710732652e-20,1.1859909771597408e-20,1.1206371917564284e-23,8.318311179568505e-16,1.5446805426509065e-35,5.793534104749546e-15,1.49730618831919e-18,9.1492603233553e-24,7.508810648460626e-26,1.5064732724124366e-27,4.436479418285673e-30,1.6041413324950483e-36,4.9401282856257103e-14,8.194581140239287e-21,2630.8979310814752,2531.5404724393343,0.0005801036021458,1.3192497321118476e-05,0.2688710395865078,0.7305349604861869,7.038278382484816e-07,1.0043855745877601e-21,1.0259081226146404e-19,12.0,10.356821452438975,14.666038464154928,15.100135442145485,9.083960878109872,0.029949677083174055
1.682229194235667e-31,4.348551626077112e-19,1.20278371851765e-30,8.415479779105945e-20,1.0542456330440408e-23,1.8857454024025944e-12,3.4553835414342567e-26,1.1737558732777656e-12,5.963765284011276e-15,1.0091804410199396e-25,7.000146860099215e-25,1.82008294376861e-29,2.6114106322051015e-31,7.854199373179781e-32,1.0217008037214452e-35,3.1381207736163324e-79,4.825804355616852e-13,1.3809343908907712e-24,2.2978410661432591e-26,1.5543812936644569e-21,4.411459621974875e-06,1.6408824110553483e-09,4.508363075104202e-18,0.0005471935113156,0.1425545535349376,1.7309771036759171e-16,4.1351058555929747e-13,2.893743199022613e-15,5.4700092820223795e-43,3.4018512572290196e-68,3.425619159889421e-33,6.648486196652597e-53,1.1302886197905351e-75,3.5117055982983435e-98,2.8208649570283464e-10,7.032875996888033e-18,1.0056750499003187e-06,1.549686849992464e-15,1.3328700418055165e-07,4.0172284793112155e-08,2.1052897851680804e-19,4.325564739797723e-15,4.5838205598170544e-08,5.216161537602274e-115,0.4707744318133524,0.3861181670779345,2.4704173295039362e-30,2.546122844764245e-42,2.0123005556900657e-58,2.5541949121140036e-58,1.607266386428754e-80,3.356291410415978e-33,6.042885952471363e-55,3.6126383772563755e-18,1.2346077770100977e-21,2.578632182277634e-35,2.1584600827970367e-43,1.5031178197745349e-33,1.3334841245730841e-61,5.298965372401683e-88,1.4529951256330318e-23,4.994397624463391e-38,2.700713510584851e-63,3.599114676242353e-29,9.183764173419412e-51,2.3413245620476657e-77,3.4348266520297426e-18,1.2674500946294365e-08,1.830828783843476e-36,4.683450365245363e-83,1.870805398437785e-105,9.77303185241962e-129,1.290711462377393e-33,4.262518522559084e-23,1.6153847031561535e-24,7.539493546943246e-43,1.0003245185977976e-33,3.6805441964842496e-73,2.1528619547672567e-54,3.028814848214476e-09,3.803991101409876e-14,1.632194575806639e-18,2.9387918963985954e-23,7.591796029690554e-27,6.875281054379137e-31,2.1001957487196205e-35,1.4785922787574504e-38,2.9835167234417515e-45,1.2310313704868089e-42,5.302200612079373e-50,9.411004200323391e-31,1.844231972301741e-43,2.3759804866564076e-27,1.825392950227791e-45,6.2251096572843625e-30,3.5272996316676375e-48,1.0032927997848738e-46,3.1600423897369233e-60,1.915146906148213e-56,3.0977585400459426e-39,9.106335029852954e-58,1.8857659815197273e-62,4.6622618878599005e-53,2.8130052977296077e-56,2.634354590843384e-54,1.0662628407326849e-39,3.948801079996798e-71,9.383438292817292e-46,1.4303998438750252e-45,2.1213947354171026e-61,7.80845551999434e-60,4.635744921352403e-55,6.238858948313643e-65,2.8624145917303983e-71,2.3814337080345347e-27,3.6568286927070033e-34,1153.4046238152494,41.80469373163776,7.749437569119162e-09,8.512117405606795e-07,0.7632751056436683,0.1816267555458483,0.0550972798493052,3.428328702880194e-20,1.1846780295508226e-18,12.0,14.040767421250344,19.993410914156875,19.369909641215028,18.851859974416097,0.02945366586173143
1.713505981926762e-09,1.4465788501825012e-07,6.718064092249059e-17,0.1741342740802399,1.0239323519525747e-11,5.868565936416791e-10,4.750716633247734e-14,9.463673473454624e-18,6.655170680027836e-19,1.5666194402545882e-37,1.0823067511148426e-25,3.485388075492892e-25,5.0163014445417006e-39,4.846341914298746e-36,4.414863359610667e-48,8.968209182500333e-97,1.4636506806374137e-08,1.765518950479952e-27,4.5535106053259246e-27,2.2592262948675582e-24,3.4841239037539443e-06,6.713920029072301e-24,1.0025962157459938e-25,3.4992130922957727e-08,1.0562558723764276e-22,0.018671546751076,6.20698962625631e-10,1.1330667112882111e-20,5.772947672660061e-61,1.8461372941222951e-100,1.2347469317817369e-49,2.0192765296037882e-73,2.7496783730823485e-110,1.5458975741592446e-129,6.956030088317859e-10,2.1307133610224556e-26,2.1461865390585024e-19,2.3743880626807248e-14,0.8067284968927833,3.3217057139351164e-10,7.258339066889647e-42,5.63076780436835e-30,0.0001097989517036,4.1315835381888467e-165,1.9267686235793464e-22,0.0003519819187623,2.2085679133919876e-24,1.4569643747955385e-43,4.238308377902855e-65,4.955160954532039e-65,2.702303230931947e-90,2.142504763807976e-27,5.906935740307597e-52,4.278683094635875e-22,3.265906760919417e-18,1.772228095973573e-36,2.5997006562717353e-52,4.425842656986666e-37,4.846694200482973e-65,7.375099065489968e-121,1.7281881651333082e-34,1.3556372440404106e-47,7.301242208529411e-82,7.633295435753798e-27,1.2884397963616588e-51,2.243676813390615e-79,7.66841415663315e-24,3.0597918827421006e-14,1.9605894307523244e-42,5.090957901392557e-93,9.32688726842878e-119,6.596224748587438e-144,3.6416665537744877e-39,4.487772008463974e-28,1.679986369790389e-44,3.905877767007468e-36,1.1196085756305859e-46,1.2120447351176553e-65,2.9195606078931543e-71,1.4128021961806314e-23,5.091413668270219e-42,5.389739722559443e-60,3.837719538512827e-79,1.4535242885411169e-96,4.69892658425565e-114,1.605752395720302e-132,1.714021257763307e-09,9.833754707398204e-19,5.970328156124326e-21,2.9917255490395092e-30,1.030680694431334e-26,8.665151425403393e-23,1.6316803043755332e-19,2.166986149055443e-43,5.160176061581539e-13,1.7694578796486113e-21,4.961838827008452e-26,5.089243948186911e-40,1.6513795701169952e-43,6.2167617700231244e-37,1.2312725575860116e-35,1.3822622843164144e-43,6.3609008645377015e-55,2.5677399644603798e-27,1.4130916341345818e-31,1.9373065168087105e-30,7.307896813869936e-66,2.0006730095449344e-32,1.5973065031253193e-37,1.885825265213023e-53,6.8923266926398585e-31,1.7430063074898558e-33,5.9179900172489985e-46,9.490546688163643e-55,7.429083309307078e-16,5.1445137367976135e-25,2037.3090708278175,6.80806304422247e-10,5.5288422664999843e-08,1.322822869816263e-06,0.999998602554878,5.8251716128863045e-09,1.3508657981016483e-08,1.239475061456654e-09,2.1608181904727666e-07,12.0,13.378867494632953,19.257365193059712,11.022674524413118,11.387978006098942,0.029231091038929652
2.282466817402612e-22,4.177127272603913e-07,1.417207068155972e-16,6.084057680967616e-28,9.278020158217368e-21,1.1547326468032288e-06,5.249395045511755e-26,7.681660698597144e-13,3.604142097282034e-15,2.067364352089436e-15,5.1358140250191126e-14,6.5287927833362e-21,4.23998875337355e-12,6.961282220100053e-15,2.1857278780354668e-10,3.715993155043441e-33,1.1835904667995364e-21,1.1126084082159117e-22,1.0491041913589532e-35,8.246648303034132e-31,0.0022542043322395,0.0001057979429752,7.660434511285404e-05,8.820661675813081e-10,3.488616831583661e-05,2.7880579753651527e-36,1.9420882943951835e-24,3.3859406302271012e-18,5.935250035100329e-25,3.8447509690515965e-29,1.6145746613157732e-19,8.174888707413033e-29,1.4382038964118612e-30,3.37908836355071e-47,1.5270333701346982e-30,1.3887540793801995e-27,1.754455942873074e-27,1.2013212267617512e-24,5.8645926421252825e-39,4.479649302823929e-31,2.3656030850918984e-41,3.3438437416069315e-25,4.2589701594265266e-51,2.932154282150681e-66,4.144943859107449e-45,9.304474070359524e-56,4.518425548453289e-19,1.5068659229694462e-20,3.416273840149411e-26,4.347041271306039e-26,6.650259406859032e-38,9.384064166647392e-11,4.0295864923646323e-22,0.0004723563834835,0.2844712114202785,1.0574104470122393e-15,1.9709840028753254e-24,0.0109996977831489,1.9032000086610695e-20,1.0554737178298278e-23,0.4227969694384103,5.031614712797666e-10,9.053852377789878e-28,1.215575180232871e-15,7.589341776213015e-27,4.125226172429003e-43,4.798916266242002e-13,4.920477907409227e-06,1.4307318569981402e-23,1.8597974157005023e-49,1.845193337326795e-61,2.154479402034294e-74,6.474655994744923e-32,8.603184806436635e-07,4.314282835398033e-06,2.8391382065430217e-18,6.902592679298926e-07,2.570311546171512e-38,3.8329782355102905e-17,0.278355645120006,0.0004181036099337,2.158868032630852e-06,4.943184301805586e-09,1.5611822304241572e-10,1.6837465684425148e-12,6.3380234317943925e-15,1.2688834739410373e-52,4.8436514435712006e-48,2.4117790147494748e-48,1.8746934169137649e-44,1.2385209045805796e-25,3.675829417600937e-58,1.8341020358829272e-30,6.251130232449645e-27,3.2597029121836873e-44,2.9525647303759323e-42,2.0222188538468017e-29,8.131663444272495e-44,1.2954941477856863e-28,1.0397510917791852e-19,1.432076453581633e-43,5.900637913219432e-37,1.0425910653278452e-19,1.9034541881545157e-59,4.36012330496269e-46,5.576117459570771e-32,8.475815695164363e-42,2.441683101043397e-49,8.520023621181879e-38,1.5785193498556984e-54,8.005640012269419e-52,1.2588226778203757e-35,2.507962765398347e-46,2.1649392047766942e-41,1.9547479368837797e-27,5.600224115549698e-23,1138.437096480722,0.0056631859649035,0.5903003670316389,0.0055534483481796,0.001015139495976,4.042251193871331e-06,0.4031270028730116,3.885615380944819e-16,8.354073069031362e-15,12.0,9.973489683659192,9.235452671922312,6.835550244724551,11.83436883645544,0.02914412526628425
7.083674173021057e-16,4.5244100769432166e-10,2.8355302680773e-06,5.612047853230959e-29,3.797778587213743e-11,1.5378578263646226e-16,1.787525413506107e-31,3.106125205189035e-22,2.2864219009313304e-23,7.255868184046935e-19,4.4679234097829064e-20,1.430117180064905e-32,2.3505505609606802e-23,2.116440141176295e-33,2.0812084916168773e-35,1.1741526723529603e-37,4.710690565258054e-23,7.822356569968471e-19,2.0768544552084395e-28,9.465983563647956e-26,9.882995965027268e-11,1.9398920114814844e-22,3.88888163146058e-07,8.221305470457729e-30,2.272291753495163e-38,5.946189833967228e-45,1.9144058098389298e-42,3.711237064910593e-43,3.896664886709727e-37,2.4019334485420705e-30,5.8156151601067704e-52,1.4954771529030613e-52,3.9498681779543226e-43,3.0675881673899066e-65,2.2364757644389647e-39,8.842507283631723e-33,7.123228347821442e-36,8.359043449365454e-34,2.2480523945597202e-58,9.657017841871356e-58,3.533229623699108e-50,2.2619105324366151e-41,3.1537852237585756e-77,2.7926104391716713e-90,6.240531065303247e-69,9.192729931742012e-92,9.606966497240788e-14,8.772779334165762e-10,3.7986450447861866e-08,4.434587001587704e-08,3.959774126729177e-10,9.81930589079506e-07,4.471145466173224e-08,1.2950682894343465e-18,1.1019748047225486e-10,8.663920364487997e-16,1.6246830595951037e-18,2.0845043253771753e-06,4.2419706988754447e-11,1.225225022563031e-14,5.9100022312132964e-21,7.082087504450821e-17,6.957511769967109e-28,0.0035442576137136,9.735291942890528e-05,2.9982609008574242e-09,2.5223625055531938e-17,0.9733933389448136,1.139100456602684e-05,8.619514147498115e-10,2.5622119880597797e-12,3.108542555126838e-14,2.030431925907755e-12,1.608710499132648e-11,5.943446050651237e-22,0.0229466612985722,5.386007561597666e-07,1.3604923921065912e-08,2.2218106717464463e-08,3.394950743010709e-24,1.2821187111175953e-36,1.4199907057684383e-48,1.0241454734804801e-61,4.0216976354301595e-73,1.3703674807378292e-84,4.8304369875463e-97,6.6020855140351665e-43,5.680737055631606e-40,2.5558393258796604e-44,1.9597036438216736e-41,4.0166257879610775e-27,4.1503845488615426e-43,7.740163786434344e-28,1.5990472392698018e-18,2.3774067830676274e-49,7.90388672526816e-30,2.8915465098997815e-22,3.230265764588498e-25,1.2990063330006461e-16,3.102463542205461e-27,6.8509012880432686e-34,1.1204582165776976e-29,3.7212400033619566e-20,1.4619368230621895e-32,1.0401894389038583e-24,9.21936519504562e-13,9.103005525743262e-13,1.0582237306508791e-24,1.1345577280369937e-17,1.4882918572051974e-22,4.1579656723224805e-26,1.2986607887503691e-16,4.414299255896061e-18,1.0659345212114752e-14,2.168534241432085e-28,2.2699378593998275e-25,2064.9312040293025,3361.2386342450072,2.640130588748731e-06,0.0248298904928822,1.9448287988851577e-07,0.9751669944748972,2.804187518648858e-07,5.937280446477733e-22,4.7243788695544247e-20,12.0,15.97334939528838,10.86725596798034,17.567453584813748,11.026181643040882,0.02907849611454913
2.920537804392992e-13,0.3914423188219006,2.9651760818311033e-05,2.8997110247500813e-20,3.129654036059677e-08,2.0610113063120033e-06,9.455335071993933e-24,8.59932671836611e-18,2.7039170308286706e-19,1.9342588024205e-22,2.4214827892103626e-18,2.732113092186885e-25,2.220548776950121e-22,2.3179500225048323e-26,1.011167793900369e-28,1.0843588297177177e-49,1.0237127741238421e-18,2.6237330110519205e-22,2.8913335928333613e-31,6.415581148825629e-28,3.12664706970928e-06,4.697958554120669e-18,2.1598605104545264e-10,1.5787766297550708e-18,2.417453121626801e-26,7.257567631352997e-36,7.773806735380953e-33,9.094228898706282e-34,4.547080608836585e-44,4.8442539396929415e-53,5.5534738611473345e-45,1.8716135228157164e-54,7.229247338870218e-61,8.041712519190815e-80,9.575664962327999e-35,1.8875471334279735e-35,7.039245438018341e-36,9.328584969551016e-31,6.111049644937347e-48,2.0662273810183071e-47,3.114858571365185e-58,2.441657925739712e-44,9.717201818301972e-67,2.1666528690718268e-119,3.6244995044443575e-68,3.2025001415188094e-80,7.384635014265752e-12,9.286451089545705e-16,1.4564186982676652e-22,1.7467226653891576e-22,9.61150777571319e-34,3.992409890019705e-06,9.465375654734476e-17,2.150881645879982e-09,0.0417759409449867,1.3791452086467452e-14,1.1287148364133653e-23,9.243084110789388e-06,1.1028792728473256e-20,7.861293747388975e-40,1.8509803004952235e-12,6.0186562432791985e-16,6.458924569887702e-36,2.5770649336682904e-07,4.841031702530634e-18,2.207276272881498e-32,2.0292470835071874e-13,0.566733324686213,5.387964343185373e-16,3.233374157980797e-39,7.121708979751133e-51,2.2116519905195485e-62,1.4777726709170719e-21,3.6817850352931564e-09,1.833779239603601e-19,2.962586055781285e-09,3.0243622807084396e-12,6.104911102765319e-26,1.4567344111311121e-22,2.400415896785856e-13,4.051201573132493e-26,2.0784164072306011e-38,1.262177358168542e-51,2.7171046784773995e-63,3.7683275757909314e-75,7.980159440781271e-88,8.492562482163025e-32,8.424708804274253e-40,8.336150563449566e-34,4.898227172315205e-42,4.374274599102298e-21,3.8338191506659917e-38,1.8160346371766026e-30,8.315232297485337e-31,4.445548180369597e-47,6.227644989907946e-20,3.4882777166252053e-22,2.125316755078424e-23,3.3844251916659514e-24,6.747680870335353e-26,1.6601241500666804e-25,5.356348810041567e-32,3.6640880311232847e-17,2.871813586126182e-29,3.6999670211529815e-31,2.893427452924171e-13,6.142887267352228e-34,3.347955977473754e-25,3.2033435793500703e-28,1.63147315138729e-31,3.901476882605976e-24,5.165672893222745e-24,4.600694940966217e-23,1.1911383276909351e-30,2.6742985848993306e-15,2.7811056020377356e-23,1649.4723799854237,2.2289087859114755e-09,0.2953276334783339,2.87731903328004e-05,1.9438897982454924e-06,0.7046403643291134,1.2851124217078189e-06,1.4304215899473495e-09,4.117570719634156e-08,12.0,7.988683933232339,6.818367555225518,12.377663432186267,6.638637036116994,0.028769217812995667
2.323492354310976e-22,1.6429652865614702e-09,3.626887657894932e-18,6.441118343263713e-26,2.124894355697608e-20,2.248306906797546e-17,8.304693371480151e-22,1.2246336465856028e-06,1.1218744306433236e-08,6.286451009032432e-07,4.055501887104428e-09,5.796431096749531e-15,3.241866250802491e-05,2.3712055667961546e-07,0.3475014077486315,2.6217985976297196e-17,9.36207309065625e-17,1.1226989007984806e-15,9.625636485300632e-26,2.147653376031644e-21,0.048578438071339,2.804830796619192e-09,0.1900389894299028,9.577280354078977e-16,9.860193275204756e-18,6.692993611804392e-29,4.454500070609538e-16,2.787152693682098e-08,2.8501621621691835e-10,4.0230953153930956e-10,6.417449610604661e-05,2.8694196394624983e-11,1.1794211834620693e-08,6.058501113975249e-21,2.980325342144631e-20,1.430403316771609e-15,3.9502211060717016e-14,1.48797215961886e-16,5.7328696633809264e-27,1.36442994683115e-17,4.5241750915913184e-20,8.930969288506338e-11,1.495893066829232e-33,2.144330561439251e-25,4.2050603468070866e-21,2.0756465958991098e-33,1.6943878209761955e-16,8.15319779380721e-16,7.3585476826363e-19,9.170312803083125e-19,2.2411637176383743e-27,1.2908410488774238e-10,1.0370295559724894e-18,1.200477648100689e-12,0.0549131822616964,3.436061265289423e-11,1.6482412026997253e-15,0.3572831852892397,6.280613973261174e-15,5.6550892917279e-20,9.917179479907238e-08,0.0006583765258544,8.01677996362223e-14,9.56803651031146e-14,9.02014764791832e-22,2.362122127530505e-34,1.9542404444126576e-19,0.0009275775854798,2.1031349076944872e-17,2.4745264696687324e-36,3.2850735322034493e-45,1.2412304911807707e-54,3.0426600840155716e-23,2.067528886209806e-15,8.529018370632919e-21,1.1615314508572901e-17,1.509442723231544e-13,1.6298696969779322e-33,8.123162904320868e-21,1.5455540663765198e-18,4.4689472119059085e-27,4.227767071424821e-35,1.1154713867633278e-43,5.652793429168785e-51,1.2201079647280828e-58,6.894249202716258e-67,2.2354706904938897e-51,2.0456171459386395e-40,3.162492840357438e-45,8.710511130967092e-35,5.087710223698871e-23,1.1670168366119422e-52,3.3962591619310254e-21,1.530901277616399e-17,1.3939648274371515e-32,2.5905191356753833e-44,5.608471331520133e-26,1.5777776501718462e-43,3.8007114386644856e-23,3.4136635322127393e-23,4.8103029309386975e-43,3.1120873241441656e-30,1.5312577379855138e-17,2.7824815323370657e-58,1.7661747368742796e-39,7.833589144883078e-32,1.1846412681195431e-31,9.305798632733593e-46,1.5706366839309286e-28,2.461976307968276e-48,4.626533767050288e-53,1.033424219357589e-31,4.1601212040713665e-46,9.025654156333692e-35,2.2804675877987143e-39,1.7603803517256823e-28,1277.671174987101,12098.692170807732,0.6172380894445847,0.2188299043108891,0.1632315428699653,0.0007004349808692,2.8393691459413168e-08,0.0,5.190544087445768e-21,12.0,11.549653952141442,11.42235136730399,9.054915109023328,4.662769140447761,0.02858258097326772
4.048002260924519e-27,2.6020662621014993e-08,1.6174075906798189e-25,1.9686600080078768e-25,9.111926673927058e-22,3.5367083619697067e-06,1.2213396622649247e-26,2.077076621142668e-10,2.4846119785015624e-13,2.0909388707774537e-22,7.59448187956613e-21,8.079137091723927e-24,1.099853674178882e-21,1.0017931147997805e-19,2.4395440655012377e-17,3.309108834884551e-63,7.281052191239951e-18,5.94213060749933e-28,4.1951853935758985e-35,4.3786263474782197e-29,0.0003191508290572,1.9477275274370045e-07,1.1570213437154494e-14,6.373487637455535e-05,0.7851435975764653,1.2209965600277647e-30,1.7024195729418742e-19,4.0226396411193134e-15,3.986521388236031e-41,1.0356603979097754e-63,2.043162963425944e-23,1.7093953595393065e-43,1.1493337498207308e-63,8.138058535216766e-82,1.1099034259132828e-23,5.220436274594594e-29,1.0168367064240218e-19,3.206041570011147e-25,1.1267270705303943e-28,1.6020912643929445e-22,1.8241156000291134e-40,2.1368931787890924e-29,4.5989006620606413e-38,4.4905312675123055e-112,6.0355463156773905e-31,1.8729638210835163e-38,2.627548453365489e-23,5.777832516458598e-34,1.1071744668103249e-49,1.4707348282681299e-49,1.1109295301358292e-72,6.167339873207767e-22,9.284877400600736e-45,1.365240317545144e-06,0.0001227362092798,1.3403888198667521e-22,3.5018165096929465e-33,2.243810477821676e-15,4.348794363241723e-46,3.5682217998126037e-69,2.353661425149537e-06,6.735668461867114e-19,3.581540712668952e-44,1.4620947384446772e-24,4.980994579437851e-47,1.4126451990249606e-75,3.089694109107978e-14,0.0008327811557501,4.681399121355742e-34,1.0947465101858732e-83,7.826154515680291e-107,1.0673316872537756e-131,1.358954133252331e-35,2.374869636467893e-15,3.4631750435175166e-16,1.7169247741226042e-36,3.2490902721798804e-24,7.315132307685203e-70,2.472222311025656e-45,0.2135088737328309,1.6474471736506814e-06,4.9165312061988493e-11,1.678379942103432e-15,4.0189475434827745e-19,2.0982173434010672e-23,6.856687607055873e-28,3.45655884988947e-51,2.5752066747040067e-54,1.9543212298461593e-49,1.29760411512222e-53,1.861018870896574e-30,2.860951201889486e-58,6.093506540429077e-33,2.4055079127163602e-46,1.336837547930658e-44,7.674607371826817e-47,6.456792879972145e-40,5.709804733335226e-58,5.0276256918969385e-48,4.850006395149355e-30,3.920458101947754e-52,7.525164194620046e-53,4.2064198848471705e-35,9.094315213386002e-65,3.3492972672982094e-57,5.39799068539107e-40,1.1155058740305515e-69,1.9066441883101472e-52,3.43114992648611e-47,9.927969237218591e-68,3.715544925950897e-64,3.685121874889292e-53,2.0594278802084388e-66,3.178973064162307e-69,4.0527867337027456e-27,1.7900066311636394e-30,931.000018823558,1.7848150366913788e-08,9.032595065986336e-05,0.0001146518841136,0.2820199456255118,0.000598054361162,0.7171770221785526,2.8807114984349892e-11,1.483566421694019e-09,12.0,12.10356865492058,15.494467283407005,12.820928120599936,15.899813825525316,0.028095133621898246
6.7207889288268496e-12,3.675405555085867e-06,8.449661556915279e-12,0.0008202125483052,4.671738663323351e-10,3.6863387081763374e-09,4.2631335000917086e-11,2.4433418315449667e-10,2.1944245695088598e-11,2.1136363802949405e-21,1.3160086838683544e-14,4.1308781753147426e-17,1.0001625250700249e-22,6.666403656771544e-23,7.607547157388557e-30,2.5032851449176084e-60,4.092923940741051e-06,2.2616077549049534e-16,4.940093828729901e-19,1.5560630972146867e-16,0.6822878056548917,7.709047347069871e-14,8.68053731968453e-12,1.6046160662420067e-06,1.6040506885602907e-16,0.0010816599364053,2.518052066587066e-06,5.276413639825092e-12,8.771317154113795e-35,6.44697179199499e-57,2.7817167980626397e-30,4.252482875257279e-45,1.363636566018341e-64,3.6318495772540343e-81,2.5405248337242316e-06,2.5172514961008142e-14,5.5659884731198945e-11,1.9455613543979586e-07,0.2992021655540374,1.2771852291346468e-05,1.5837800412739112e-23,1.014474765641837e-13,0.0006307472387752,4.70421308345372e-103,7.56141797339461e-12,0.0159499699054939,1.965152429066416e-17,6.111181975495547e-28,1.2382226945202598e-40,1.4361805790362594e-40,9.091819829867468e-57,3.476747793769709e-17,1.1648565324755731e-32,4.830546775551435e-16,1.0338714236129243e-11,2.4490442353135255e-24,8.025536151234431e-35,6.902856501851233e-22,1.7294348058662167e-40,2.9559849015536763e-74,3.118428893233364e-23,2.2224542410497855e-30,1.4952209668866163e-53,9.570140874898435e-17,1.8128602463597008e-32,5.542870587383008e-51,9.739133117832246e-18,3.6650108711840906e-08,4.897121895578389e-27,2.675669726309876e-59,5.4275331764445244e-76,5.713043657495189e-92,5.2910165171557536e-27,1.2465288556096813e-18,2.3053236847129212e-30,2.3841192690848923e-22,1.2417577070805715e-28,1.962936837101185e-42,3.1253318369024073e-44,2.9569884063065273e-18,7.268811154878085e-32,5.2045610595808803e-45,2.1065119965269834e-59,5.141169001278458e-72,1.1708130766739035e-84,2.5072207498263008e-98,7.337657019311373e-12,3.026192493930563e-19,3.7369783808061624e-18,1.4940307902031736e-25,3.219177328288928e-16,7.136265046855831e-20,1.0435272093744472e-15,1.6843438739164318e-27,6.190567591120417e-13,1.0615865210694236e-19,1.0133866590925853e-22,1.6543132411598824e-29,1.3870719069201734e-31,2.920677209976211e-29,1.991837731026996e-28,1.3753181814517135e-34,9.21156070735691e-35,4.072800124837824e-25,7.269457954169692e-28,9.685425802706663e-21,4.2890628012113736e-45,1.2789400684537914e-25,4.0568782110405175e-29,8.503683072339945e-38,2.0556789364399764e-25,1.319188874326709e-26,4.538550144489406e-32,5.3451064332687486e-39,2.9078307219950013e-15,1.5093235544924536e-22,2194.6702243411182,2.2867816153309537e-05,8.079015001659544e-06,0.2906566180294611,0.7093317603546979,2.857490361352057e-06,6.851104781129141e-07,1.9875546652142433e-13,7.605709185553171e-12,12.0,16.556021801399847,16.94349099127551,11.548626359584713,10.928402195131882,0.027987641826999216
8.441641943206721e-38,1.1359325385339697e-13,2.1994036352571179e-41,6.083138735795389e-23,6.632952377185852e-24,2.4528054391463817e-17,1.143836098782858e-27,2.161507268113464e-06,7.701267822903332e-10,4.065723571446348e-31,9.701980462092791e-32,1.3553378568030642e-27,9.41835825439547e-36,6.040547617426259e-26,3.667012846465645e-26,3.0832392774458337e-101,6.398151647934889e-12,2.0940205507500472e-34,1.1701427059925668e-29,1.2244978434112767e-22,4.414986608608481e-09,5.524548740966089e-22,7.670273434962976e-32,2.2505702842540212e-08,9.538076213022254e-13,1.5336414508856441e-21,9.624866823780736e-12,9.496482491250584e-10,1.5349966943618168e-61,3.5552674035277273e-109,1.0848935328136018e-25,1.0740912093091461e-59,6.6653036180604625e-105,1.6251724960552823e-121,3.6258937350070654e-11,3.268664060301306e-28,0.0004435362543206,5.391439399688898e-26,1.2247293023289252e-11,1.0113028313656097e-07,1.903589754621044e-31,6.6038646876030265e-34,9.787119194327782e-15,9.602713962371108e-163,0.0596556886224067,1.687789066865104e-07,4.856256174190085e-29,3.286125922345927e-52,3.1858116189594587e-81,4.399070227647558e-81,1.352258561262833e-118,1.600570656613385e-40,7.110416569769385e-78,3.6439695583402616e-21,1.2036192215777474e-12,2.001037426701034e-31,2.5107561448199876e-41,4.959479659141154e-36,1.3536725105858888e-82,5.20824315810504e-140,4.563711933430406e-24,3.3214788612236944e-30,1.4931791729215931e-60,4.342746894830073e-38,6.495906758825343e-75,1.0283445391617073e-118,1.455708842049298e-24,0.9398982936883508,1.2123860639795671e-46,4.582295121701441e-126,1.8868354885822836e-163,1.2610171156383652e-165,1.8919211934716056e-35,6.6552306361469e-39,4.013257660941647e-49,5.876522064782612e-65,6.561071536515331e-60,1.630030293234787e-114,5.022425436342743e-95,4.0877559877983464e-21,2.8073808719218738e-36,8.405573873062818e-51,6.678361392076664e-65,2.041863235721675e-78,9.151103820324603e-93,4.3054152803346224e-107,9.871235600485715e-47,1.5266095660295096e-62,5.948616425978144e-48,3.869365633105464e-65,1.205140519658574e-36,7.29715752263748e-53,1.7585876320549935e-35,5.8019604684575875e-75,8.906861527406292e-44,2.785860167965745e-52,1.923082758490808e-56,2.844716249092881e-76,7.78734506729476e-77,1.8666452696621038e-54,7.860387503212073e-62,6.81426015118849e-75,5.752728085383556e-56,8.173345347900262e-68,3.136025419128909e-71,8.452370367946188e-50,2.58302849075928e-107,3.2857830670339407e-51,2.2507022290244107e-57,8.358802015587135e-80,4.1034918983427055e-80,1.4276633062888823e-79,1.2859263548438471e-93,3.8457578454484833e-109,1.646515317523945e-35,1.22852783594229e-51,801.3857027078411,8.774126437559583e-10,1.011534002910438e-06,1.971555432824602e-09,0.1069571765372147,0.8930417999065082,1.0050718730409604e-08,8.827119809468552e-10,2.0428477273341515e-08,12.0,9.28982850608567,17.024229443625217,17.94589130080029,9.997216633172297,0.02793746864362759
1.201509769768566e-11,0.0014080977557649,0.0074042273852302,4.8672473051665185e-25,2.8182247085147786e-13,3.5160795224574284e-12,2.2597795777301956e-26,2.117293356739245e-25,1.8735732685131648e-26,3.8787380447385406e-24,1.6035992035870372e-17,2.00008155210162e-26,1.098544441560797e-19,2.971270845849976e-26,3.10673907424252e-27,4.1156048312951615e-33,3.799767587708163e-27,4.4817605878868e-25,6.401225745816659e-40,2.0726560250607057e-37,1.000012735566907e-09,2.4792127672291767e-22,2.7215180809880554e-08,2.330551313765876e-27,5.292435797225099e-37,9.468887118280128e-43,2.092335052862133e-39,4.038453905127376e-39,2.979784524464111e-37,9.923899679071816e-35,1.6693675067102233e-45,5.216188162930723e-48,7.573634730686102e-43,6.762252812428387e-60,3.46626038950159e-45,7.489350323634106e-41,1.175112442598781e-49,3.904308690602813e-34,4.020569484595227e-58,1.591457406239075e-56,1.0277746662252064e-67,6.787119408811818e-46,1.232559953874668e-78,8.80819860583547e-93,3.4731168345735096e-86,4.72307627047025e-95,1.0575070814041164e-14,7.007972595307869e-13,2.954671011691524e-13,3.428710793694013e-13,4.378664961018042e-17,0.0278685209558924,1.8784108060125977e-05,4.1304972172167107e-13,0.0036309286632143,1.191959955545647e-15,5.637557382056915e-26,0.5152439871399219,2.498943143999064e-07,4.294125937261619e-16,2.407412006316895e-14,9.943849417286016e-16,8.078089610735091e-33,1.2713437823346708e-07,4.868505786224381e-11,2.9281974900927514e-17,1.3490443678333247e-20,3.6348369758489426e-11,9.454836119052929e-18,2.0463078785974716e-25,8.396764686669829e-30,1.7564276844547085e-33,6.83352675449871e-30,2.5435864203090836e-09,1.0431187990085908e-20,0.4444244933603942,5.454279559692511e-07,7.020322267656093e-09,2.8005046471340206e-10,6.4055895656550305e-21,3.4236112832774722e-34,5.332493987691367e-47,4.7449972769085316e-61,2.5265975359955843e-73,1.248491445426953e-85,5.843089566581289e-99,8.552803654288509e-37,7.133446877844461e-37,3.954198435970249e-37,3.1776270648334012e-37,8.319390843369648e-23,1.211602473380277e-44,4.101993206345551e-33,2.0577834643335988e-20,2.3083823371869347e-48,7.538472249335961e-21,1.5229581923148088e-16,2.482495107949758e-18,4.47960753800068e-13,1.0198576145816834e-22,1.2370698433703686e-23,1.743896072195529e-22,1.2529165839392314e-11,4.4482066439287303e-32,1.6852194080692847e-27,2.6570385524893805e-15,4.7020171427303814e-20,2.2373158571095488e-32,1.487951814629759e-28,3.093131576718361e-32,3.337985298797718e-20,4.6150126401877186e-14,1.6294681657059602e-14,3.8759047255654754e-14,5.574246200859958e-22,5.836594666702697e-22,2184.419779448411,0.0486734493894201,0.4257293762710858,0.5742703429565488,1.1258049315732988e-08,5.076933421496089e-08,2.187449819389515e-07,9.294339191041576e-17,3.606203606124132e-15,12.0,12.129982770096792,4.422329528256006,5.076467849644956,5.710804480498173,0.027864626769354105
2.427982207120881e-17,3.4808527548094336e-10,1.3365700568503508e-19,5.106133388938256e-08,1.6366740363483035e-11,1.8459297590475793e-07,2.0171934164183243e-15,1.0100950075681773e-08,4.0936715938404664e-10,7.562950583613095e-23,4.287150292677464e-20,4.8561525119427776e-21,4.057443639872253e-28,2.985199237688016e-26,1.0174130900923124e-32,7.643500218648352e-72,2.107602863896514e-05,1.5583666503005024e-18,4.793422820577142e-16,6.62820086676626e-13,0.0001351559154171,3.063622891338863e-12,2.590457107935245e-18,0.0066790060653726,8.555115240648898e-07,1.0320731852560749e-06,4.7381649875990374e-08,3.947069264030359e-13,2.6733983266160978e-42,2.613047320822967e-70,4.746621955320045e-32,9.61689092934838e-51,3.6008283084555384e-76,1.2731504400560674e-92,0.000167315169212,6.7371137137652825e-15,0.0001714174951719,1.1329746261298883e-11,0.0360753146295367,8.115767998159077e-06,2.689302622059891e-19,2.594842516213315e-18,0.0005708457791918,1.4609210339338943e-117,0.0056223012172538,0.9490509616251654,4.81886692295439e-19,1.8130895381271964e-32,1.2632057401640407e-48,1.5029841716411894e-48,6.228243241262144e-69,1.4684711399454962e-24,2.761600079002251e-44,2.2081894435157702e-14,2.925963325229359e-15,8.844067180522583e-26,3.28835913297617e-33,2.0370859271966063e-28,3.690293553978048e-52,3.0245869420281932e-86,1.9185291956409408e-21,2.854390359532481e-31,5.0778507624679345e-53,2.3230369286854148e-20,3.192407135655145e-40,1.674529838541188e-63,7.53905994812607e-13,0.0014963086120133,1.9583178615899868e-27,1.0663783236606312e-68,1.6692467412963038e-89,5.083817660825412e-110,1.0132813731251854e-21,9.26317429181626e-20,5.903828129456225e-26,4.1332934469006873e-33,1.91589618911953e-32,1.5131722981888897e-58,5.745231260157657e-52,1.8327160591458335e-10,5.489727180701298e-19,4.939177587439944e-27,4.4051455316086035e-36,1.5815388150053738e-43,3.991546165461212e-51,1.3727052683882624e-59,3.8097598799618787e-19,3.947783463845001e-26,3.4629330960305725e-25,2.41719009213033e-32,5.322965573176685e-23,6.756813050667017e-24,3.3804686380862396e-16,3.715495807583328e-37,5.146888738865563e-17,3.780343230724207e-28,1.0240099574526236e-29,4.4931580860846815e-41,2.608941211458516e-41,1.1805076651778348e-29,1.746705486132786e-37,5.017646262490244e-43,1.3067115364190574e-43,1.5284452600531874e-31,9.058730557680176e-33,2.8409487832999933e-26,6.786105856107796e-55,1.3963556347609787e-26,7.592105881973807e-29,3.062534762583145e-42,1.205847222916782e-37,5.699992881558924e-37,2.288587896666378e-46,6.321983846737244e-53,4.134146183569039e-16,4.696313934106625e-23,1754.666971318323,0.0014199464718966,1.6656913275298909e-06,2.754418089804684e-05,0.9956000629526616,0.0030094176436597,0.0013613095314529,1.7061060068065346e-16,7.813965511173932e-14,12.0,13.218435337381472,17.77649039081802,15.256887938252229,14.91236236073997,0.027704306995739218
1.608428500101065e-09,2.7933569102117848e-08,2.0379398280753543e-11,1.4075446362484411e-14,7.807526993258054e-09,0.1665447896932932,1.885396404832244e-21,9.878946972391296e-20,1.6690247837128723e-20,1.5098028969554179e-28,3.0502803429425395e-24,1.79798693511329e-27,4.0984963972972056e-32,2.073515354418746e-33,2.083448948849783e-40,2.0038100901833696e-64,4.188309574080661e-15,2.938447099993119e-23,4.007792489327312e-24,3.9011012569407064e-22,2.838754107214367e-12,8.909274906201535e-15,4.221973990612329e-21,6.944468684989078e-09,4.365368101669447e-09,6.930358960948921e-24,3.126087848373402e-27,4.5991352937366616e-33,3.2468739387478146e-51,4.940515752703285e-69,3.4224363734804864e-50,4.280785314503666e-62,2.408980883797119e-77,3.7415222133790248e-93,1.1574866386343971e-24,5.593343657932205e-31,2.452808040185056e-27,7.555886107692943e-27,1.2912120901212783e-31,2.6657156238746933e-36,8.768539396602796e-47,1.6505522235375079e-41,1.9633921848001053e-43,5.597503649509897e-130,4.885474073856137e-47,5.993847155800731e-52,8.888862937279044e-16,3.739361415546591e-24,2.873902564204324e-34,3.2627315753043364e-34,2.9486066639116086e-47,7.720466219947004e-17,4.134976766035827e-29,4.777857596289221e-08,6.602091120553965e-14,1.6743979032392742e-22,1.0452765927185459e-29,6.6464223638733465e-22,1.3866308504742676e-36,8.297181667503849e-56,5.048149124821543e-15,1.1540328206042998e-28,6.368161298104103e-47,5.260143401438252e-14,1.2886193477717023e-26,1.6611221037576092e-41,6.302934002502557e-07,4.344711500992988e-06,3.8164057426261486e-21,1.3266704541986135e-46,3.4691862311070484e-60,9.747650239420873e-73,9.763686778456528e-20,6.420610544553914e-09,2.0526333998565926e-10,8.337679782891934e-20,5.628362620426378e-17,8.312171100167357e-36,1.2517218899097833e-29,0.8326151126414683,0.0008326375506916,2.3767419546743475e-06,2.4252642389347495e-10,2.0823212224288757e-12,2.1316844646916364e-14,1.483265243005867e-17,8.48724797913959e-24,3.143096571969966e-24,5.5407998927397506e-30,2.4885133769381505e-30,1.906784022448079e-28,1.0475503136631883e-28,4.1656017838000544e-20,1.1091530153828096e-30,1.207818681936721e-28,6.509689928397713e-22,7.949252474086396e-19,1.9423497986657804e-29,1.012379326978836e-25,5.16934477301231e-16,7.774149237459701e-30,3.192826143958525e-29,3.068108232565246e-36,1.5004806290152075e-23,3.020379811742204e-20,4.21291482271421e-20,5.7285366579059495e-34,1.0276209214887861e-22,6.187600453098344e-20,2.666966464856216e-32,4.0442247529382326e-25,1.5471349776678015e-20,2.4720579788238016e-30,2.7587889353579573e-30,3.3221537391705966e-09,1.713724721196417e-09,2745.7994705160763,0.3844851548828824,4.1272975765183773e-08,3.624678379606459e-09,6.166459504262005e-09,5.084498070095349e-06,0.9999948644378164,1.5775840476642788e-17,7.345625721936803e-16,12.0,10.943603694879766,11.174370101325204,14.090582304360517,19.384331987181778,0.027584291299059677
8.097244247197801e-15,5.609214543443853e-05,1.8264002195209152e-16,7.776587725929144e-12,4.422027416873961e-11,0.0029497932347016,3.5437029728026393e-13,9.813485107993173e-06,4.5024712952703905e-07,5.328484579356815e-16,2.7672951019998794e-14,8.191044915077621e-13,2.7944709833588704e-16,4.517729625920394e-12,1.4337178049496333e-12,1.3968327954210249e-43,2.5643172895055178e-08,1.2829964216432979e-17,1.1985441824589449e-17,1.3155571685174672e-14,4.167415178132732e-05,1.2003710648375954e-07,5.303400660647648e-15,0.0525377543712852,0.6408614811418849,1.0060633564841416e-13,3.2064227179304627e-09,2.3777035937280092e-08,9.344852562663833e-30,4.383358787241788e-50,4.393641017949797e-15,8.627156626099122e-30,1.591919447326829e-47,2.7138390858039054e-55,1.3367459724803334e-10,3.0730758980034904e-17,1.193319969135846e-09,4.1213519983424504e-15,1.623993909492937e-12,3.1371676794497044e-10,9.959182063293972e-24,2.5338618158358677e-21,1.826837242838583e-17,5.1963004412831695e-79,1.588678709947205e-14,1.5460203410437e-17,1.5229043104643313e-12,3.944041541147953e-22,2.296618920458654e-34,2.7218877352069787e-34,1.2203676569934245e-50,1.9065134409035673e-15,3.976931288606264e-31,0.0003959875118072,0.0004402608223959,2.9097170581834833e-13,1.680636055520829e-19,2.1613420658271229e-13,5.9688670287163506e-33,2.7247420376227616e-54,3.630193947639755e-05,8.5124146214541e-13,4.657470038877857e-27,3.2970286534358387e-16,4.830356215827928e-32,3.3738160110452094e-51,1.7880572237726833e-07,0.0214131149920512,4.073338464574777e-22,3.2645991455360016e-55,5.379021465329585e-72,2.0156966346144884e-88,5.286886385767648e-19,9.87649358517756e-12,7.371916323585628e-13,3.951181981020535e-26,1.2924784881603455e-20,2.380477277794471e-47,3.8205344755024734e-36,0.2811409861789477,0.0001157941054968,1.4247187658310117e-07,1.5930069273593782e-11,7.631480735886319e-14,2.6831294011168853e-16,1.2151247349407461e-19,1.2623637489883525e-25,2.1735737029842663e-26,1.1600549187674276e-25,1.4301291571631022e-26,3.940445477116923e-20,3.2365503342132716e-29,8.766391798107524e-16,3.239509927286734e-30,1.015998122833579e-20,2.14647961553388e-25,6.628077434996094e-21,1.8899685079023383e-34,1.0893776458825567e-28,6.1430328823222675e-16,1.3631111107468442e-28,6.017087633454563e-28,2.5375069140152185e-25,1.7689948760499493e-33,1.1663078881897676e-28,5.788635404794557e-25,2.9600076854768197e-43,1.0616223072337249e-27,7.119421721508195e-24,1.9586454849581958e-39,5.818578914605674e-37,2.7028612399022323e-30,5.609551592936674e-42,2.602065142896532e-42,1.188004255013573e-14,2.2918803663528397e-15,1811.1641044942628,0.0216288741761105,0.0005366179345282,1.5842589468837727e-05,0.2628816026809364,0.0162395084563813,0.7203264283386852,1.7341970808707452e-16,5.3528883229543665e-15,12.0,10.47016098510978,14.690095010501192,13.480907696400957,15.127864165756908,0.027484986310410325
6.809729427141129e-26,1.0697069741768692e-10,7.0022933618906825e-22,8.196940642531274e-21,1.581697605694559e-19,8.45464839860794e-14,3.2717205475618265e-18,0.0093747457844641,9.1135616755098e-05,3.824242154229489e-07,9.187479988193423e-10,6.480543758682608e-13,2.187960167457013e-07,7.274733968630829e-07,0.0297672950902975,2.1741911381500038e-26,2.7645919352562523e-11,2.5431448003295804e-14,1.0325889479127738e-19,2.0607403396657754e-15,0.267594588515766,2.8922308338891138e-05,7.95692104706067e-05,1.490860842535812e-07,2.5033832564742193e-06,3.9938620061563263e-19,6.448100521259366e-08,0.1100913368241233,7.42216923895568e-12,6.322641715331328e-20,0.2601303184050838,1.0592456729187684e-11,2.6483503770343168e-17,2.6076883024279488e-28,4.1606724684593855e-10,1.4159203870161324e-09,0.0013304481994329,5.123643171964584e-11,1.376594036413808e-12,8.829833041369463e-05,6.033629469549586e-09,8.787083174265221e-05,1.7566784091686952e-14,1.121725625735909e-31,0.3080579252616726,1.0213474485624484e-09,3.9356145948497976e-17,1.468033543766227e-20,1.124311831458794e-27,1.3985486830751203e-27,3.281002870392842e-40,7.044362920952512e-16,5.507263852875184e-28,1.3806860146863122e-10,0.0001002441094692,2.3538682516629713e-13,3.588504244882358e-17,5.123682735468734e-08,1.0187707555716203e-25,9.914907220762772e-36,3.3831889293338465e-07,1.2430331852445404e-07,1.9217599745972925e-18,4.8599089191867107e-17,4.374816816898316e-29,1.2131216798257752e-45,2.292049408550394e-15,0.0131727318493626,3.3002038286605645e-20,4.0019493938252774e-47,5.021963856217644e-60,1.9391259867078265e-73,2.061218099974315e-21,5.94324596963153e-16,4.426783748888454e-18,1.7539458003576769e-25,3.2291316603960896e-18,2.8898888580596713e-45,1.5957460918897865e-29,9.550469103754774e-12,5.377454250349624e-17,9.86594561061349e-22,4.8446351646100165e-27,4.705567252658456e-31,1.9853799294349943e-35,2.137460450056083e-40,4.4501913693833125e-42,4.4573404938082694e-39,1.8318475643555635e-37,5.71396979715532e-35,1.3259921913048994e-19,7.15119708621706e-43,1.3351162782785152e-19,1.1891130772707155e-24,1.0807002936842156e-26,3.32175305392615e-41,6.576389463514754e-31,1.628265164182935e-44,3.359339752401263e-32,6.079291881881277e-25,2.0758106619580275e-41,1.4159086505697606e-36,9.141639503652065e-22,4.477943011307417e-53,2.5690242236419658e-42,5.105222741193357e-31,8.827777923821899e-43,3.165111191868169e-40,5.073124360086662e-31,7.124079788269454e-47,1.7610577387949217e-52,3.3507360925897774e-39,1.0634019726708468e-49,2.5363170873285224e-46,1.2251498099290075e-31,1.0460142693147404e-28,1291.6889342153147,8229.858555204371,0.3024221389386875,0.0583171888993514,0.4967939439223513,0.1424592376509426,7.4905886671197565e-06,2.600333926594157e-22,7.714323982229334e-21,12.0,11.285183000539154,12.215562712310224,11.67307703525213,7.393902368484808,0.027306060479717058
1.0410423577185896e-17,0.0106796066163457,5.2469146782329433e-20,1.1145204298048987e-08,3.4089034166038465e-11,9.061578958549688e-07,4.8202088167285475e-11,0.0417507711691051,0.0006244753398354,4.870780276773193e-18,3.698758460521755e-15,5.502986500013954e-11,7.230267666694289e-18,2.792081021682968e-10,5.856645045899697e-11,7.803501960729699e-57,4.1104059460986493e-05,8.386819134102831e-20,4.3524288781067195e-18,3.8716331247041993e-14,0.0126533583035326,2.228385394372354e-12,7.807201951149477e-18,0.0150131010582381,1.5115213941987508e-07,1.2613346071044089e-08,0.0037652711734551,0.027945035759986,2.118593663510936e-35,1.0631822472991324e-66,1.2736095203146688e-11,3.993757126421752e-33,6.2826708251402465e-62,7.302532901461156e-70,1.5307399734158078e-05,6.516371740908889e-17,7.115151795851654e-05,4.549289058359791e-13,0.0003319147492185,0.0844981739001196,3.347592773420481e-23,7.575672337700347e-21,1.344516307502726e-07,5.333949093184948e-100,8.264323157006013e-06,8.048332550330749e-05,9.726718812036725e-14,8.664456052593772e-29,3.0608373656914783e-47,3.7568284014674247e-47,9.946340362400422e-71,2.952587604072055e-19,2.871285868229985e-42,1.4674728899684752e-08,0.0527783509205644,4.433107801637202e-15,7.260010303170887e-24,7.082394845730264e-17,5.2250318560082666e-45,3.5472291030036785e-84,2.8576194839986166e-10,1.0924884652169038e-14,1.2544847769447062e-34,9.901989877225927e-21,9.664629682910122e-44,6.169582729910397e-71,2.296934449235594e-13,0.7497423939562803,5.884821573498278e-29,2.043355975652232e-77,2.59255521667654e-101,1.7782743367358978e-125,2.4030900855086514e-23,1.3732839163510348e-20,1.2797734531222636e-28,3.34472644122183e-35,1.3263203952610067e-34,2.680416383676522e-65,5.360174751661384e-57,6.458555159567175e-11,7.877525295420312e-22,3.044149444957007e-32,2.335003527672029e-43,4.386198443941886e-53,4.1309199085335343e-63,8.23648025841521e-74,1.0473952561245818e-22,4.452320576752819e-31,2.9777939722015733e-23,5.028195201323526e-32,9.953851228588345e-19,1.4309955246515178e-28,2.3477285406223586e-18,1.5310484520658768e-41,3.381131105682994e-21,3.052481855397875e-25,6.958694717231376e-27,4.6807824427735016e-40,6.909851563403267e-40,2.281273861590736e-27,3.789536680938346e-30,8.361508054862878e-37,7.914051058065803e-29,1.7479651702267317e-36,1.0608717010974211e-37,4.27323859552505e-28,6.531058284793943e-62,6.85821298622462e-30,1.66485211845682e-32,7.26007340104367e-48,1.2240583386179657e-42,1.6027016840845862e-41,6.221834763682299e-52,6.505443595003317e-60,1.1766017882882109e-17,4.5989628742445525e-26,1403.397412519192,1.2039670503690177e-08,0.1338953280791835,0.0055962494052115,0.1718681807885343,0.6820006608586013,0.0066395808684691,1.609346875556299e-10,5.230377345557971e-09,12.0,10.621131637505943,12.10843005629268,12.707019371760753,10.695375241144337,0.027169418976756482
