temperature,pressure,group_index,point_index,comp_H,comp_O,comp_C,comp_N,comp_S,species,observed,predicted,rel_err%,log10P
700.7516421239853,6562.309266163971,0.0,2.889661179698471e-21,0.0665319683124473,6.98558259688612e-06,8.690246600613419e-06,0.0039844779757219,0.9294678778826332,N2,0.013240263,0.008031259,39.342148,3.8170566938073414
1510.4530347268442,6.111754531229457e-10,0.0,1.235188167164413e-07,1.2385244620350717e-05,6.952641753130043e-07,0.9921334756157296,0.0078499386387282,3.505236746172013e-06,N2,0.014200615,0.017076097,20.249002,-9.213834096820017
1414.614573771387,0.091150000290077,0.0,8.206604618300837e-16,6.887129821764872e-08,0.9866644609422388,7.448401975968815e-08,0.0133309406965966,4.455005846426656e-06,N2,0.013210685,0.012176163,7.830952,-1.0402433256269001
1772.7502623246162,76.39758294260862,0.0,2.076929364481139e-20,4.732341265100356e-09,0.0065578464058185,0.5771934977201628,0.4161414414105503,0.000107209731127,N2,0.013764156,0.14639828,963.6197,1.8830796186373036
2005.0273934045313,1.5626162582068814e-06,0.0,9.389168306599094e-11,0.0001484871893502,0.0013673699879973,0.9387436806409548,0.0108503806430509,0.0488900815386465,N2,0.014224139,0.013523411,4.92633,-5.806147661395442
2709.442549543788,5.519163319491005e-09,0.0,4.642805980147281e-08,0.9659390981798308,1.2314674357431631e-06,0.0004659601912955,0.0294862709828182,0.0041074391786195,N2,0.013571824,0.015210237,12.072168,-8.258126754384767
1952.497478590064,1.7956084173118757e-05,1.5012814940121196e-14,7.431343395359989e-12,6.18856753700762e-07,0.0032156657796403,0.0006922949167056,0.0174994774358467,0.9785919430110536,N2,0.013875773,0.0133848805,3.5377681,-4.745788367414107
2060.3618262119976,164.60928889649443,1.728114199506186e-21,9.556471523269208e-19,0.9709297697066326,0.0001466104672837,0.0135776715407229,0.0145590094588172,0.0007869388265434,N2,0.014371384,0.013285244,7.557658,2.2164543387903812
2153.3076519451847,6.056138987898423e-07,4.909005658019288e-13,2.8030422307290126e-10,1.2732696187280816e-07,1.649822938967351e-05,0.9884911833376224,0.011491575039087,6.160669389975996e-07,N2,0.013475606,0.014541775,7.9118433,-6.217804166370486
2728.5772504550896,7.358473498050641e-09,5.119550017043286e-11,3.7116737623563824e-08,0.0001808926521788,2.621150667106675e-07,0.968789542341101,0.0307854059240568,0.0002438969675967,N2,0.013087699,0.014795106,13.045889,-8.133212269919634
1314.844789321564,15.32503267994297,3.1198407916597375e-22,5.428522977487943e-20,8.578564041978882e-05,0.0057181034726353,0.5192047130700354,0.4749867574025501,4.640414359557656e-06,N2,0.013168796,0.60394204,4486.1597,1.185401409304891
1494.6661091395667,2.6964044536956633e-05,1.5306377524288537e-14,2.869945785804101e-12,0.4821702443670622,2.044322956867651e-05,0.0477776844433746,0.0130748199969334,0.456956807963061,N2,0.01366602,0.016513705,20.83771,-4.5692149642013025
1535.0351417877102,1172.2240543022042,4.7900482571395025e-24,9.460345307850516e-22,1.6143947962414127e-05,0.0034416161794908,0.5912928016682376,0.4052463829504141,3.055253894789459e-06,N2,0.013247042,0.08367205,531.6281,3.069010628957841
2109.1100051101134,7.993848524724648e-05,7.285453585662397e-15,1.9452161073718597e-12,0.0003889509596952,0.0057109386906951,0.0016136120050585,0.0184766072864668,0.973809891058084,N2,0.01392616,0.013585111,2.4489772,-4.0972440854353716
2493.6917656458495,15146.57640363122,6.819190640625064e-23,1.5388640212343894e-20,1.4638445059983036e-05,1.565797421978404e-06,0.1223482687280748,0.0106427339888785,0.8669927930405646,N2,0.013598137,0.012640752,7.040558,4.180314479898682
2935.0459023585145,0.0002887538106617,4.210093193905801e-15,1.0904141372216024e-12,0.5654421384891154,9.760352003862411e-09,0.4039718086548636,0.0305686886004888,1.7354495180043037e-05,N2,0.013380105,0.0128092645,4.266336,-3.539472275711302
1811.9253061820768,0.0145900479347573,6.858464289810153e-17,7.887233933281675e-15,0.0038040019632223,4.2118097983562384e-05,0.9189971246075206,0.0771548392067048,1.9161245686357816e-06,N2,0.014547612,0.013902624,4.433631,-1.8359432812548424
1994.81476543454,593.8964219733701,1.8549625215786002e-21,2.5737604986903075e-19,0.0058186918156638,0.0118176729282003,0.000839175596432,0.0132283295687072,0.9682961300909966,N2,0.014174224,0.013611133,3.9726384,2.7737107088063997
2252.4942633101286,0.0117093885832117,1.0623626228573427e-16,1.54308170970029e-14,0.1589035610005171,9.572220651448724e-06,0.003140223266803,0.0148527608385988,0.8230938826734295,N2,0.013920748,0.013651632,1.9332001,-1.9314657814323133
2847.0705927973563,0.0006314475311656,2.4900280532824706e-15,4.594101758306157e-13,0.0461183941623806,0.0154422343809997,6.943117200564638e-09,0.027043461519813,0.9113959029936892,N2,0.014083578,0.012798978,9.1212635,-3.1996627304165552
718.2577011136351,5.4718782178141595e-08,1.1907242195577784e-13,3.953204408931825e-12,0.0003598247439353,0.0010442814419639,0.5328253560060923,0.4657376624558159,3.287535219236731e-05,N2,0.013140565,0.01768436,34.57838,-7.261863576843469
1185.0153971071625,2.379890126320486,4.609086786770006e-21,2.8207611135032443e-19,0.0335164435923834,0.0005043678856015,0.5396406099867985,0.4263385635668879,1.4968328544691042e-08,N2,0.013408942,0.050207097,274.42996,0.3765569072102082
1449.1896746206403,0.0001348864551958,7.416691446245614e-15,5.577351967576704e-13,4.637806330127406e-06,0.1701187551476523,0.0001549678339236,0.0120759214708746,0.8176457177412191,N2,0.013118214,0.01264194,3.630629,-3.8700316584011785
1466.3584973022812,1.021175021637481,9.912729696216781e-19,7.672452784871788e-17,0.9036031017753944,0.0224271981110844,6.775560778129154e-05,0.0122759200325201,0.0616260244732195,N2,0.013378706,0.015332903,14.6067705,0.009100183239850079
1920.83671524584,18318.38573389192,9.71216562131773e-25,1.0081227914927806e-22,1.5359824550448095e-05,0.0014294487368253,0.5877274380927401,0.4106044330126591,0.0002233203332248,N2,0.013417128,0.15564597,1060.0543,4.2628871998038775
2219.6679722451313,0.0059278395074078,2.5849067717987715e-16,2.998491855286575e-14,0.7800125270832319,0.2080066244095478,2.1275869547436806e-06,0.0118842254049681,9.44955152973879e-05,N2,0.014477912,0.01542643,6.5514803,-2.22710356312433
2507.2271589052125,430.83066794416425,4.017356383424757e-21,5.407361692089723e-19,0.9799581580122216,0.0049567245612703,0.0002340476236663,0.014851057702336,1.2100505814208971e-08,N2,0.01465143,0.0110763125,24.40115,2.6343066102361306
2452.9295597414066,1096.9957137417205,1.5435952496511873e-21,2.0838535870291028e-19,2.2115860335375298e-07,0.9782784829451662,7.766259221394806e-05,0.0183831030445976,0.0032605302594187,N2,0.01496139,0.0147804385,1.2094553,3.0402049306722905
2945.936969332962,1.4847704744449213,1.3696746402165533e-18,2.155867883700855e-16,5.3141168474136855e-09,1.6618682333029812e-05,4.700565650158634e-06,0.0142403732344558,0.9857383022034442,N2,0.013067742,0.013908906,6.4369497,0.17165932275332982
2862.0313451198167,4025.362137629203,4.908205352404156e-22,7.823679331732223e-20,3.832505716033986e-07,0.0663847713576462,1.3641779905245022e-07,0.0134459813601247,0.9201687276138584,N2,0.014732939,0.014991825,1.7571936,3.6048049573248377
1731.7082833199606,16102.349119698529,8.908816818665722e-23,7.067661342808139e-21,0.960066630872456,0.0005471654593616,1.0073080070184988e-06,0.0393851677311304,2.8629044921205358e-08,N2,0.013125492,0.013427753,2.3028526,4.20688923847292
1850.333716121444,1.8791378069344887e-08,8.156915479942281e-11,6.620696397886484e-09,0.0115774316784183,1.600931489885153e-09,0.0001971636121897,0.0284056550276971,0.9598197480807632,N2,0.014611991,0.010190345,30.260393,-7.726041369661767
2299.1377886322493,4.074397230607159e-05,4.674510768269459e-14,4.783582686195746e-12,0.0049099939400123,0.0034351933295622,0.0002906266884228,0.025199332075526,0.9661648539664768,N2,0.01408694,0.013907038,1.2770882,-4.389936632024407
2403.278767214385,5.87068639290993,3.391172046455796e-19,3.549426741957067e-17,0.0363345622446659,0.9253739121186064,0.0231779277424505,0.0151096074169798,3.990477297230706e-06,N2,0.013016769,0.01281006,1.5880201,0.7686888813542563
2296.18384595305,3.486508749464502e-07,6.3649825935751695e-12,5.537534856410396e-10,7.883294123230571e-05,0.973644160560548,0.0004163569202138,0.0258556782472249,4.971330780999033e-06,N2,0.013012159,0.013367015,2.727113,-6.457609240586875
2514.3866576527516,11461.696785158689,3.0610195011783042e-24,2.956070261137905e-22,0.0023774063214243,0.000345749762698,0.5232314527980574,0.4734171556862162,0.0006282354316039,N2,0.01443782,0.50688094,3410.7856,4.059248915177896
2789.6300066774584,9.139070366719334e-05,2.950026432854558e-14,3.0975277544972864e-12,0.970232993874652,0.0017192997963269,0.0010341665239585,0.0270134776186479,6.218641465031811e-08,N2,0.013874582,0.012291736,11.408243,-4.039097978788859
2881.8750128190777,859.3259325622507,4.3137609274234235e-23,4.8991999104308875e-21,1.0891814994463521e-07,0.0332617219208498,0.5293248529928637,0.4373900914989199,2.322466921645085e-05,N2,0.013309371,0.34579512,2498.1328,2.9341579180402935
833.5334402793593,8.290577714141493e-07,1.1104819475263772e-12,2.92889613660082e-11,2.940834192516429e-08,0.9713861706605568,8.273352708282455e-06,0.0142850621901976,0.0143204643881953,N2,0.014495987,0.014962545,3.2185268,-6.081415205357824
1192.1900227864678,29426.867351312827,6.597665669064542e-25,2.622572103453155e-23,1.6604418159404817e-05,1.130174503247332e-07,0.4729918411723531,0.4663519023584263,0.0606395390336108,N2,0.014744009,0.31087884,2008.5096,4.468744031571175
1334.1521991715124,87937.30435357687,6.359104364906045e-25,2.845699203295456e-23,0.7128083295865953,0.0104264328911973,0.271258684336236,1.0087270028597328e-06,0.0055055444589682,N2,0.014651398,8.838132e-06,99.939674,4.9441731485442055
1837.9886891750505,0.632146688914339,3.2114283476196664e-18,1.8706570124884551e-16,1.359841143080485e-06,1.0404501408333616e-06,1.4127094231917064e-07,0.0137248146686713,0.9862726437691024,N2,0.013743048,0.012835846,6.6011653,-0.1991821324865892
1772.1392343801324,2911.7897487827777,6.72219486762583e-22,3.9913032026528364e-20,8.43442151557615e-07,2.0786929482344073e-08,0.0375587312335308,0.0102002694574091,0.952240135079979,N2,0.014047615,0.012663611,9.852235,3.4641600127289074
2807.483039701158,39236.54332949127,7.903123253698616e-23,7.498088186946562e-21,1.4482223990073423e-05,9.830102848525631e-09,0.6619526542428594,0.3380320118953299,8.418077178878904e-07,N2,0.013827315,0.00090642885,93.44465,4.593690739812578
1512.3215784197848,6.580178519854722e-05,2.85582943458089e-14,1.189928931075371e-12,0.0458820612215289,2.1904922611265736e-06,0.0001759649210655,0.0133459343335598,0.9405938490315846,N2,0.013314148,0.013276991,0.2790789,-4.1817623238425625
1551.8812667044888,0.2199904712841117,1.232881764036663e-19,5.821941663506465e-18,0.1354425966736281,9.927737257651588e-05,0.4525952338263279,0.4109518154572146,0.0009110766702528,N2,0.014065041,0.3409761,2324.281,-0.6575961298975735
2021.5815680423975,2.3648679392951517,1.519144309508517e-20,9.216142144351673e-19,0.0002368966910645,0.0003140313573043,0.5359499247946118,0.463435506140215,6.364101680435032e-05,N2,0.01430174,0.5486228,3736.0566,0.3738068935572372
2495.819360028641,5.943637407629815e-09,5.217790257284306e-10,3.7336188063234376e-08,2.640192762522822e-07,0.9733926479013634,5.451970584677862e-07,0.0266065362030907,6.679211130408313e-09,N2,0.013252617,0.013438606,1.4034122,-8.225947692630514
2491.566472617767,2.411483728699147e-06,1.283848962290618e-12,9.272242505432239e-11,0.3827559729159963,0.535233716005702,0.0554777360602192,0.0258102960608111,0.0007222789572712,N2,0.013727393,0.013922462,1.4210218,-5.617715664100802
2366.353258956038,0.0005447785558772,5.997121634143961e-15,3.6942269266326794e-13,0.0428184603220868,1.3906202373238415e-05,0.0012382537979763,0.0200004354769316,0.935928944200632,N2,0.0135620665,0.014928621,10.076302,-3.2637799958961047
2622.8660678386623,0.436977401707757,8.2870585846799e-18,5.83408924361465e-16,0.0173961735455895,0.0003293092743077,0.7806614750982427,0.0202858840090267,0.1813271580728332,N2,0.014954884,0.015979247,6.849693,-0.35954102199385934
2625.350919091712,385.2107678512923,1.3165013075052225e-22,9.386654322512235e-21,0.0366600389323158,0.0006745570427567,0.5223199998076961,0.4401586864113954,0.000186717805836,N2,0.01399101,0.38456616,2648.6663,2.585698418517495
2906.2694786911857,0.2953089770818132,1.3587592467495955e-17,1.0652672494516829e-15,0.9504833189463,0.0071365271735073,0.0220221962294937,0.0203362310735916,2.172657710740692e-05,N2,0.014451375,0.014568495,0.81043774,-0.5297233507395056
830.695414899711,4.726405507711861e-05,2.6692349529079272e-14,5.21714104432004e-13,0.0002260427667051,0.9867426209766388,6.7854511760072925e-06,0.0130181574989568,6.393306523228458e-06,N2,0.013020883,0.013259703,1.8341305,-4.325469020281593
2183.6810565478736,0.7040988515513832,4.710113429886364e-18,2.5092058817394624e-16,0.5005955676090892,0.2716335749697514,0.2136840742294965,0.0140867820264422,1.1652208033970787e-09,N2,0.014920535,0.019007212,27.389616,-0.15236636405456674
2777.2145226612347,0.2517539451203809,1.6753637073451864e-17,1.1346781472474216e-15,0.6289096946909254,0.0210656146631235,0.3226918919050252,0.027332792239021,6.501904790211973e-09,N2,0.014077365,0.011164934,20.688751,-0.5990237150917732
1017.4258939441684,2.4005977162471415e-09,7.021791604109124e-10,1.4219127998320978e-08,5.858885462357022e-07,0.0178737910037162,0.9087316947876536,0.0733668240437813,2.7104276302468416e-05,N2,0.013853655,0.017171448,23.948864,-8.619680611393127
1203.661377884464,5.60522091733862e-06,3.557755675868404e-13,8.686853441912021e-12,8.238237183301067e-05,0.9854727685562584,6.936035896890488e-07,0.0144175225675323,2.663290078651642e-05,N2,0.014387679,0.015408847,7.097512,-5.2514072659788384
1392.514691471553,0.0017149519416126,1.3452789921402905e-15,3.7892024945284846e-14,1.4938575481681236e-05,0.9863466984304262,2.819125304238492e-06,0.0135503357295273,8.520813926047395e-05,N2,0.013443648,0.013448506,0.036134377,-2.7657480457581767
1821.8040528102483,1.0477380557285594,2.880802771669167e-18,1.118711742998193e-16,0.0001733573240157,0.0006121827177953,0.2705432320056827,0.0100779762043426,0.7185932517481636,N2,0.013735297,0.01744644,27.019018,0.020252718553130978
2034.7327783218352,16449.73959483032,2.049334649460295e-22,9.495250542499363e-21,0.0001339076221073,1.658080828990679e-08,1.1742145793726218e-05,0.008378721136594,0.9914756125146964,N2,0.014088831,0.014442005,2.5067677,4.216159027305848
2221.967434238514,4.6096722168675694e-09,7.986052424184186e-10,3.753444639366568e-08,0.0607029740677407,0.0485120496624506,0.000784683175334,0.026790911448168,0.8632093816463066,N2,0.013576543,0.014540936,7.103376,-8.336329955188834
2411.3319687518574,1.4624811315184056e-05,2.7316890453335083e-13,1.3931614131200893e-11,0.0010263306159074,7.827440469929558e-07,0.9860329165268092,0.0129399634873558,6.625880557766191e-09,N2,0.013040142,0.01351947,3.6757846,-4.834909728343423
947.5146027876988,1.7458054332050415e-09,9.741295152401936e-10,1.5136474006039937e-08,0.0440282460870737,0.9291269580167976,0.014163808094433,0.0126808783691246,1.0943257108285077e-07,N2,0.013154986,0.013808084,4.9646378,-8.758004159252375
1895.3158862473545,4.517145327248689e-06,7.530848998021457e-13,2.850136697712735e-11,6.647962689218393e-05,0.622721684296812,0.151515294530686,0.0105372850491423,0.2151592564964674,N2,0.013488217,0.009476804,29.740128,-5.3451359369332065
2516.668509491351,9.974552293108041e-08,4.5285507331411674e-11,2.2538248648787192e-09,0.1164733847331295,0.5932518781929927,0.2588201056353029,0.0211491025449033,0.0103055288936715,N2,0.014378821,0.014461048,0.5718647,-7.001106588472919
2600.092860344665,192.92120888193375,2.4189972401915076e-20,1.32672694788965e-18,0.6009665797276729,0.1594535980062637,0.2167025578198112,0.0228695065393346,7.757906917683927e-06,N2,0.014961101,0.018487584,23.57101,2.285379974632326
1340.3429991229857,3.3749437137939517e-06,7.676455459237972e-13,1.8204165803335764e-11,9.372949705313534e-07,8.57926672844467e-06,0.0663787837910799,0.0140305649222662,0.9195811347249548,N2,0.014987262,0.01632331,8.914554,-5.471733465793707
2829.748609669165,7.075632954214417e-08,7.730255518956059e-11,4.014211258772182e-09,0.9103452818357644,0.0322206280895097,0.030701267631558,0.0267327993495069,2.3093661033668844e-08,N2,0.013035158,0.019933216,52.918877,-7.150234704040123
2774.666822168178,1068.2749154239332,5.020409343719649e-21,2.707435038934525e-19,0.0002584327843442,0.9234839072518828,0.0047310408003534,0.0181671785714925,0.053359440591927,N2,0.01412187,0.014473898,2.4927914,3.0286830306771044
763.7721788106936,1.913376047571532e-07,8.266811656927703e-12,9.258829055759026e-11,3.87706255336531e-07,0.0001239623497095,0.0001023271029334,0.0146905519590767,0.9850827708820248,N2,0.014690423,0.017014576,15.820869,-6.718199667016348
767.5248869672737,0.1187678218901049,1.3383454277792205e-17,1.650626027594372e-16,0.0476188966818355,0.0001328960779783,0.0002777379211192,0.0064758483575321,0.9454946209615346,N2,0.01384181,0.012516849,9.5721655,-0.9253012080796382
1412.6230517185015,7.806568319210673e-10,3.747491145048578e-09,9.068928571017561e-08,1.864149153260768e-06,0.6671555512837938,0.0005323588419035,0.0099155066595535,0.3223947190655959,N2,0.014459985,0.008878293,38.600952,-9.10753983520789
1666.3696146119387,8.085278976078646e-06,4.268260157406619e-13,1.1751942966726222e-11,0.4206107952678912,0.0002702536527649,2.238543554004815e-06,0.0144541438459641,0.5646625686898257,N2,0.013875102,0.011123387,19.832031,-5.092304990515615
2564.3952111372723,3.99288627715809e-09,1.3300639803770163e-09,5.7192751156211713e-08,0.0014403251737364,7.98859123564145e-05,1.890208286155091e-06,0.0276281518733856,0.9708497468322352,N2,0.013520401,0.013929842,3.0283206,-8.398713058928136
2586.305725333792,9.978408136667298e-08,5.3677606019590774e-11,2.4548558486292847e-09,0.0023296271349754,0.968377199165518,1.616192267399581e-07,0.0292911656626038,1.846417675703724e-06,N2,0.014685412,0.01493391,1.6921438,-7.000938736528582
2824.100281074929,65.81051982211414,8.887081661511334e-20,4.443540830755666e-18,0.6644330960156016,2.7715199679939773e-05,1.8392701468922012e-07,0.0135506056694403,0.3219883991882633,N2,0.014874357,0.01574619,5.861312,1.8182953212054684
1040.7030964437529,3.341711443818518e-05,9.783886648673208e-16,1.5593069346322928e-14,0.0002642550898647,2.432628305518036e-06,0.5587499515305686,0.4409783229250605,5.037826200643152e-06,N2,0.014221659,0.18846045,1225.165,-4.476031054073923
1130.571246348498,5.13031589003802e-06,4.868073447786182e-13,8.88423404220978e-12,0.7794117703451858,0.2097609857344815,5.47366093377492e-09,0.0108272345785877,3.8680838392929664e-09,N2,0.013702651,0.010250454,25.19364,-5.289855893157829
1336.3240252717233,0.0016879229399407,1.7488897903390577e-15,3.694529682091259e-14,1.7294672523299351e-09,0.1166826625243674,6.757839718723111e-08,0.0125120680857897,0.8708052000819784,N2,0.013285529,0.011062911,16.729618,-2.7726473844416786
2078.4569876580226,6.129035870768334e-10,7.491211079137923e-09,2.444007614568748e-07,0.0001121193106709,0.9552307024629664,0.0159618759574365,0.0261437972577136,0.0025515050112124,N2,0.0134351645,0.016033247,19.33793,-9.21260783689048
2124.8708927613643,0.0011185603070713,4.196395463937342e-15,1.4110379747489312e-13,2.0371679038838195e-06,1.7309921728799646e-05,0.9916230611950456,0.0083575391442603,5.2571061272313096e-08,N2,0.013211507,0.0129658235,1.85962,-2.9513405959909282
2124.8708927613643,0.0011185603070713,4.1963948717738266e-15,1.4136605224288084e-13,0.5110820971457107,0.2226651145902988,0.0006864555371734,0.0137098174487942,0.2518565152780228,N2,0.014378858,0.012483704,13.180142,-2.9513405959909282
2999.1370360729857,4050.889815563402,1.6354946987332636e-21,8.146807968065071e-20,0.5018685152625921,0.0001176289234413,0.0073026020476541,0.0116882660337799,0.4790229877325324,N2,0.014372241,0.01103506,23.21963,3.6075504305092867
1646.7455796862089,275.60346713508005,1.4024068504564584e-20,3.5637632905717057e-19,0.8470513742897997,9.438448973340086e-07,0.1439352087903784,0.0090123778130645,9.526186003047801e-08,N2,0.014792433,0.010769264,27.19748,2.440284676763026
1905.4865832662033,3.5704254233820184e-08,1.3262998055386618e-10,3.581009474954387e-09,0.1524902683678493,0.2961712394584032,0.1772673098284203,0.0195015654400538,0.3545696169052733,N2,0.013405089,0.013249454,1.1610156,-7.447280033742249
2999.306119727327,9.676721065266397e-09,7.702795079856233e-10,3.2736879089388997e-08,3.441438198577001e-05,0.0185679948767216,1.916798349774963e-09,0.0449048071147835,0.9364927817097106,N2,0.0143414205,0.015086598,5.1959796,-8.014271777453754
1376.8944670400072,0.000246701306387,1.464084348282971e-14,2.596823291428218e-13,0.870905609537252,0.0266177862824254,0.0139072034002147,0.0139659294790774,0.0746034713010301,N2,0.01431139,0.015009447,4.8776326,-3.6078285507325454
1813.2687777413728,1.220694423271392e-05,3.8966555136010344e-13,9.290447092954044e-12,0.0003756662163615,0.5522491896243109,0.0037556009763413,0.0114784697665646,0.4321410734164216,N2,0.014061999,0.016245002,15.524133,-4.913393039491928
1754.654820849465,0.2387932448057794,1.927553213470337e-17,4.717432864545823e-16,0.0080472159152553,0.0004276979699975,0.7122966171573151,0.2774773013235606,0.0017511676338712,N2,0.013891731,0.009031847,34.98401,-0.6219779630747873
2094.8136866623363,6.315105618935698e-07,8.701651139466431e-12,2.431882502661408e-10,7.460261334619304e-06,2.1528743555545055e-05,0.988029812113481,0.0112693537038351,0.0006718451777937,N2,0.013960156,0.012838122,8.037398,-6.199619381555622
2017.376849196026,4609.606491539592,1.1480480468804309e-21,3.3595511266606296e-20,0.0069470943163681,0.9779916767918114,0.0006292432226516,0.0143964293835927,3.555628557598118e-05,N2,0.013008311,0.011699642,10.060255,3.663663852537743
901.6685559192756,3.4068473023633133e-10,7.308150787501775e-09,7.308150787501777e-08,0.9108129656687062,0.0760243238767121,6.775266860096695e-08,0.0131626143859073,2.831600574798204e-08,N2,0.0142451655,0.013888318,2.5050423,-9.467647331423949
1812.1517175788324,2.1373525988130675e-05,2.3411630247718874e-13,5.314440066232185e-12,1.1457508508034196e-05,5.73162334300218e-06,0.2016381349019981,0.0142220651974344,0.7841226107687164,N2,0.014306581,0.013072385,8.626766,-4.6701238264147396
1913.868352745469,0.2440967256265598,2.8641942096025213e-19,7.232090379246364e-18,0.0030094713496229,0.0143227822857868,0.5062510090570412,0.4764135731661801,3.1641413687256663e-06,N2,0.013229367,0.5630165,4155.808,-0.612438046276603
2058.996020878639,312.9424929525227,1.816787984319032e-20,5.0234187766421245e-19,0.4677535367692316,0.0037004797853701,3.595038276267633e-06,0.0109537186433055,0.5175886697638163,N2,0.013745477,0.014886966,8.304466,2.4954645379043363
2603.2387179554617,1.586337769917951e-08,4.531391670002359e-10,1.5497359511408068e-08,0.0012670602125573,0.00180195873099,0.0817650582376504,0.0261949792832326,0.8889709435355694,N2,0.01321834,0.015216093,15.113486,-7.799604335307631
1332.5119942130812,0.3880543215069267,1.4716159805473328e-19,2.4176548251849042e-18,0.0006485009622307,4.221866846243696e-07,0.5418614642213111,0.4537130957573126,0.0037765168724608,N2,0.014781323,0.3333023,2154.888,-0.4111074757475245
1303.284379854621,63004.448457694605,5.997503979543567e-23,1.0252875850743529e-21,0.0056172462071329,0.0015055596497535,0.0014827910253842,0.0042338436291691,0.9871605594885602,N2,0.014753877,0.009682902,34.370457,4.799371214095254
2782.1151729982653,0.0070383050197342,1.146065920108486e-15,4.043975460954229e-14,4.582591328096332e-06,0.0049975318675653,1.1333770499789335e-05,0.0220837153743445,0.9729028363962622,N2,0.013856956,0.013537887,2.3025925,-2.152531916029245
1782.199233184269,0.0017422065029805,3.1071526188215573e-15,6.468526815546697e-14,0.0318679851592621,0.9536821697053935,0.0001529140173706,0.0140032023594546,0.0002937287585189,N2,0.013627663,0.0128465695,5.7316775,-2.758900369540946
1931.179825631568,0.4826297826692377,1.2153870614054877e-17,2.7898657545898693e-16,1.029045683687894e-05,4.7092168690109264e-08,0.7749646755189666,0.2250249851731473,1.7588804362229152e-09,N2,0.014168815,0.013689929,3.3798597,-0.3163858816609437
2145.298923296321,0.0001237566250906,5.265326689091086e-14,1.3785582604165753e-12,0.0162535127159909,9.308363497795823e-08,0.973659288996039,0.010084871396432,2.233807903182365e-06,N2,0.014885174,0.015624184,4.964739,-3.9074315425901567
2748.2806976132806,2.0390598913950024e-09,4.093897915033882e-09,1.3435428612065737e-07,0.3927983813835226,0.5711155152742059,0.0001645634508892,0.0357061187723789,0.0002154211190031,N2,0.014917355,0.01558051,4.445525,-8.690570017909762
2960.4984230660157,6.693880656260997e-10,1.3433606556502405e-08,4.65291281638856e-07,8.022595297027071e-08,9.29041650723189e-06,0.923502109783392,0.0764839738085689,4.545765579065047e-06,N2,0.014047639,0.009552809,31.99705,-9.174322034850864
1525.566155314726,15206.21770990103,4.5534682597405655e-24,7.839884481988103e-23,0.0196383549272527,1.2936931192172824e-05,0.557297539144297,0.4229060298278632,0.0001451391693948,N2,0.014292933,0.025060423,75.33436,4.1820212040602325
2679.7306238426813,3.947046287112974e-10,2.1559056590286325e-08,6.373981948432479e-07,1.5591826929479834e-05,0.1282638615074907,0.8239849923955443,0.0331255936921663,0.0146099605778691,N2,0.014768003,0.015023962,1.7332007,-9.403727780592101
2847.4100263536507,0.7729382446425659,1.1698127008479096e-17,3.799348206666906e-16,0.0009372248660511,0.9759105709057132,6.16533729100041e-06,0.021179114525502,0.0019669243654427,N2,0.014688276,0.014567819,0.82008487,-0.11185520347152078
2863.9995855070147,4.0926477013583065e-06,2.2221824207107223e-12,7.458803603429032e-11,0.0365779455196228,3.570105937982742e-05,0.860867859208065,0.0356446415228995,0.0668738526900329,N2,0.013889498,0.012810125,7.7711453,-5.387995638189112
869.3913294631343,1.4247560084665455e-06,2.0219433202642554e-12,1.7776251690656578e-11,0.0139012262089732,0.5377119696809904,0.125027442973908,0.0103575551780183,0.3130018059581099,N2,0.014220625,0.016267737,14.395374,-5.846259502847999
1178.5533899374448,1.496202137392708e-08,2.6100782286909293e-10,3.099467896570479e-09,0.0036852909127443,3.026436096014904e-07,0.9838165204688384,0.0124978845637442,1.4110633483675275e-09,N2,0.013758654,0.011068556,19.552038,-7.82500972918283
2185.6163325521247,3.0069766592408967e-05,2.408454215011037e-13,5.7702548901306076e-12,3.031805883940106e-06,8.025362866194297e-08,3.0656341011280687e-06,0.0227345592562769,0.9772592630501094,N2,0.013761343,0.01325029,3.7136858,-4.521869942967731
2209.528769418551,0.016173440027217,4.5268050759386e-16,1.0939778933518281e-14,0.7508207893887697,0.0007728236573439,0.2251533025067155,0.0232379403282064,1.514411896426312e-05,N2,0.013525164,0.014647065,8.294916,-1.7911975975367456
2204.463761921718,65.77277755842812,1.1105837284113185e-19,2.7348124312128717e-18,5.0995906661589e-05,0.932485224294096,2.2885441363103826e-05,0.0146400278872732,0.052800866470606,N2,0.013638063,0.0134662995,1.2594444,1.8180461823310186
2974.3902039021355,5.7597680385790015,1.7111475207309482e-18,5.618267693066611e-17,0.2131890491837346,0.0037003371648622,0.0654438330800284,0.0133205597058919,0.7043462208654827,N2,0.013066337,0.011825989,9.4927025,0.7604049935632027
794.3077218309164,6.209793321938088e-09,4.4150429087255727e-10,2.913928319758878e-09,0.0053831572142672,9.453649429517156e-06,0.0017740996017172,0.0140903787381031,0.9787429107964828,N2,0.01412265,0.013656597,3.3000422,-8.206922854032037
1631.5076489064545,4.33747110335623e-06,1.298302287713194e-12,2.1447953793021965e-11,0.575270347030554,4.190746725043385e-07,2.352580879636161e-05,0.0149336100142337,0.4097720980717433,N2,0.014384666,0.013015112,9.520934,-5.3627634055024505
2140.1499414809946,8.389563863109195e-08,8.804974535471845e-11,1.996968224645015e-09,3.472297611589221e-06,1.157151177834513e-08,0.7734604093984203,0.013385724998838,0.2131503817336183,N2,0.013011484,0.015030233,15.515131,-7.076260615663349
2221.6493311518,6.337138012600043e-07,1.2100564642777948e-11,2.7589287385533723e-10,0.0090316757875326,1.3729615411010846e-05,0.9550691621615892,0.0134533291352923,0.0224321033001746,N2,0.014521457,0.013710335,5.5856814,-6.198106834541488
2339.9792098450453,5.558421416912299e-05,1.453060898095456e-13,3.574529809314822e-12,0.7363426516988523,0.0121719163171445,0.226066765497588,0.0254175628249212,1.1036614940107802e-06,N2,0.0149307735,0.016315438,9.273895,-4.255048529868554
2331.3150390776286,4721.2785325368395,1.7043729471416133e-21,4.335924777528264e-20,0.8767274116592435,0.0011760958474841,0.11053430799417,0.011561902675991,2.818231111756053e-07,N2,0.013175461,0.01158313,12.085585,3.674059622455303
2655.0366538734447,0.0482176160674043,1.9005884156378295e-16,5.336852271111026e-15,0.9814771154336728,0.0015433282509694,0.0007954119071579,0.015941664848271,0.0002424795599288,N2,0.014408011,0.011801398,18.091412,-1.3167942654302578
960.9081950877236,3.813252825151451e-09,9.04571548820716e-10,7.132198750317183e-09,7.748513948618722e-08,2.7020318342076674e-05,0.1272040269992659,0.0128215500193177,0.8599473251779348,N2,0.014686729,0.015879538,8.121679,-8.418704399308522
967.6939272517768,1.7909184363345757e-07,2.85140865730898e-13,2.281126925847184e-12,0.0289783303975933,3.3726790606895197e-06,0.5309157374988588,0.4400969041157978,5.655308689264746e-06,N2,0.014700788,0.4015712,2631.6306,-6.7469241927419406
1214.1464243663609,1.6498488617240318e-07,2.6416996733397248e-11,2.9261904073916946e-10,0.0196502450238324,0.5367991268142901,0.0151674793763199,0.0097340246175646,0.4186491241679927,N2,0.0132190185,0.014024423,6.0927744,-6.782555838528912
2093.151607121506,2.3889241945638547e-05,3.1452484327716866e-13,6.459856396538772e-12,2.0639357709571267e-08,3.261636641001543e-09,0.989916867278177,0.0100797689857633,3.339835065294228e-06,N2,0.0144466525,0.016106194,11.487377,-4.621797631080993
2942.6755754020646,3.611029194919072e-07,2.9252838617668086e-11,8.652089575764138e-10,0.5907653703686662,0.3715463285426722,1.4367463834207094e-05,0.0278751696889882,0.0097987639358391,N2,0.013194277,0.013202251,0.06043517,-6.442369000318397
687.967868125272,1.918815056120728,1.336540379203742e-18,9.256779663374067e-18,2.9641316926930857e-07,7.235183378246426e-07,1.1082235376744527e-06,0.0037243824342341,0.996273489410721,N2,0.013366094,0.009877324,26.10164,0.2830331175302038
831.87099158396,333.65900183472024,9.293946714430194e-21,7.985909769436315e-20,0.8846814853741654,0.0060729742681806,0.0778000710531934,0.0291607935547807,0.0022846757496799,N2,0.014653222,0.009216714,37.101112,2.523302846238817
1136.658106806123,1.7349942623657194e-10,2.44218599880642e-08,2.532637332095547e-07,4.221633478616515e-07,0.0013268319863217,1.6094524255491746e-08,0.0132610081764733,0.9854117215793328,N2,0.01318565,0.013002267,1.3907771,-9.76070195708465
1287.558603117088,7.971905664710003e-10,6.020767941556827e-09,7.202622389343909e-08,3.453868819731229e-06,0.1600010679642653,0.8266342115097832,0.0083038905190668,0.0050573761380646,N2,0.013463101,0.014211978,5.5624366,-9.098437849150965
1623.0397989243552,1.3334593776722787,6.380209172793676e-20,1.00665522504078e-18,1.05777195095819e-06,0.0001349747003606,0.5896944156470828,0.4098268576034534,0.0003426942771521,N2,0.014061721,0.2301973,1537.0492,0.12497978993853742
1809.162392337937,503.8226087618337,1.3385880571022451e-20,2.3450079667013407e-19,0.9826770479953498,0.0002048961053866,3.846892655405403e-07,0.0151584017766376,0.0019592694333604,N2,0.0143599855,0.013934965,2.959754,2.702277652324849
2652.182326144636,1.4494699846460122e-09,6.8208911534734575e-09,1.72290658024774e-07,0.087442244606742,0.8834237203368671,1.688581135589075e-05,0.0291022395573979,1.4909687636998052e-05,N2,0.013081426,0.013640179,4.27135,-8.838790773504966
690.3666407019778,4.1458180515161213e-10,9.158635296745122e-11,5.266215295628443e-10,1.5971800800969973e-05,1.2752158166648036e-08,0.5414105977883151,0.4585690972610486,4.320397677006293e-06,N2,0.014227215,0.07124177,400.74292,-9.382389761807156
1604.0104050327134,1.7655040410889644e-05,3.5122018224643194e-13,5.167954110197498e-12,6.094723531725041e-09,0.6489927287253884,0.3419495052815563,0.0090577209477307,3.8950601189936595e-08,N2,0.013034734,0.012546636,3.7445931,-4.753131284036523
1024.900170007492,39.2124154635526,1.4113847260739505e-21,1.3189146922966918e-20,5.145064491672e-08,0.0003549491852103,0.5619470332070089,0.4376110351918512,8.693096528475875e-05,N2,0.013486714,0.050124362,271.65735,1.5934235954290479
792.8396305821366,0.0008409084162788,3.9051811957294075e-15,2.3170741761327817e-14,0.003887882170776,0.0073309138410965,0.0027930351319126,0.013295628452613,0.9726925404036018,N2,0.013450158,0.015336256,14.022867,-3.0752513008377473
792.8396305821366,0.0008409084162788,3.9051811893645535e-15,2.330091442987517e-14,0.0096775417175267,7.419019230943822e-05,8.27480098719971e-05,0.0142871419826086,0.9758783780976832,N2,0.014446313,0.014229145,1.5032741,-3.0752513008377473
856.4691173208454,1.2171620297417914e-06,3.011677482971756e-12,2.0498837061517433e-11,0.2304851300723747,0.4720593595759667,4.44376974807539e-06,0.0096318051653435,0.287819261416567,N2,0.0136228325,0.013703359,0.5911165,-5.914651604236009
1112.8787877442817,645.9797985736442,9.715458804328124e-23,8.587211975438406e-22,1.6157012287038403e-05,0.0007855581984625,0.5667529324989345,0.4303079012154603,0.0021374510748554,N2,0.013176177,0.024600567,86.704895,2.8102189367177246
1484.2329545728842,12004.433606807916,5.291823769717945e-22,6.776948505090401e-21,0.94878366794752,2.517087562179726e-05,1.1090533945527865e-05,0.0509640793916454,0.0002159912512671,N2,0.014261269,0.01858522,30.319538,4.079341673993982
992.9582585786156,5.111594502683675e-10,8.582381859264051e-09,6.463606337758238e-08,0.0034802646213784,0.0008069985988717,0.9484723797332038,0.0472392049865091,1.152060036836482e-06,N2,0.013284184,0.012247012,7.8075705,-9.291443605599234
1431.8793296039923,5.732779698235601e-10,1.103505226963266e-08,1.2517887418364548e-07,0.6155193593200783,6.577863255456531e-06,0.0042283353817751,0.0183913697140249,0.3618543577208662,N2,0.014105704,0.01059937,24.85756,-9.24163474716287
1513.0380517200226,250.04285430126436,2.6734291239782646e-20,3.274950676873374e-19,0.0884911136871,0.6992235652032116,0.0012921317834415,0.0092624188223058,0.2017307705039409,N2,0.013027474,0.0132355215,1.5969882,2.3980144478384027
1674.1807699602737,4.333722538811911,1.7067680620840811e-18,2.2828022830374578e-17,0.0004330072106109,0.9842676407156202,2.2109032726890345e-05,0.0152697309626149,7.5120784270110515e-06,N2,0.014847863,0.014913414,0.4414791,0.6368611027105473
1596.0493329008968,38.9857387150935,1.8087302591011965e-19,2.4304812856672324e-18,5.721448186080591e-09,0.9251285710911468,3.967066284294668e-05,0.0132274272670541,0.0616043252575081,N2,0.013921224,0.012023653,13.6307745,1.590905767794844
2066.669530965175,0.1212415562909409,7.531002447995025e-17,1.2826238544241529e-15,4.561438163439283e-08,0.0718781958412883,0.8713184435421788,0.0559257807674344,0.0008775342347168,N2,0.013134692,0.0138035035,5.0919476,-0.9163484975417141
2282.8108678728504,1.7147241493936064e-10,5.8817752132511996e-08,1.104670907238741e-06,3.1297402508131707e-06,0.0015776033781861,0.9683036371467804,0.0301150098997938,6.198349887182031e-07,N2,0.0131266285,0.011890512,9.416862,-9.76580573569813
2953.334097477355,1.4447292008246424e-10,9.031469487491662e-08,2.1449740032792698e-06,1.1971816720304625e-08,0.01260247558657,0.0008084996277464,0.1240870788905334,0.8625019339233335,N2,0.013431914,0.007943702,40.859493,-9.840213549176587
2978.8556644640694,4.4156532308434e-08,3.073630944423396e-10,7.1345494043282475e-09,0.9058627950687974,0.0600386904737082,0.00084823333694,0.0332498745476146,4.065729397612689e-07,N2,0.013508751,0.014266831,5.6117682,-7.355005039863208
2211.273725714704,7.226844459629837e-10,1.4363354793812578e-08,2.3784025732107297e-07,0.8307682684680707,0.0027604947708468,0.1370915495149481,0.0293785379630029,1.14928313119854e-06,N2,0.013952761,0.012610234,9.6219425,-9.14105129232107
786.8315753515415,4.2532316856968017e-10,1.2109150230915836e-10,5.570209106221285e-10,1.1336015251559665e-06,1.2781906020934763e-05,0.5174558685202592,0.4777566806539968,0.0047735353181978,N2,0.013545643,0.338402,2398.235,-9.371280959378833
1799.7375266434003,1.7629142730447774e-06,4.933206568319193e-12,6.342694159267534e-11,0.9168385746907044,0.054609040082688,5.876125390675034e-07,0.0157249668093218,0.0128268308047467,N2,0.014602819,0.014483867,0.8145841,-5.753768806049411
1725.9883082153815,964.0250428653,8.651679643911207e-21,1.1716846146325462e-19,4.0875596168074814e-08,0.6004945793637693,0.388372341159351,0.0111326616182663,3.769830172298834e-07,N2,0.014128312,0.01909916,35.183594,2.9840883158913627
1852.0530271225737,0.0172904553081729,5.176048250483468e-16,7.394354643547811e-15,3.038743811525545e-06,0.0913109190198141,3.763337133847299e-05,0.0134065114093349,0.8952418974557009,N2,0.013871354,0.014396774,3.7878032,-1.7621935703337392
2731.6994530801444,160.3813939129413,8.230576573416039e-20,1.7707497599377936e-18,0.0001697152968144,3.8159290650146026e-05,2.238376628261649e-06,0.0137253990235463,0.9860644880123608,N2,0.013813082,0.013681259,0.9543354,2.205153983713494
2956.276719427441,1.0028158623466887e-09,1.4245413978558257e-08,3.1014301290461114e-07,4.1158233843685067e-07,3.734276881875116e-09,4.8292091677547365e-09,0.0672427799454896,0.932756799908686,N2,0.014335343,0.009539987,33.45128,-8.99877880507366
2862.858848618089,0.0004346734887117,3.182644357971343e-14,7.056377205102178e-13,4.790968338096093e-07,3.3383447722772236e-05,0.9806838038385488,0.0192823257875662,7.829328357744111e-09,N2,0.013973922,0.013545785,3.0638247,-3.3618368471736155
1065.7648251089954,56663.97133397503,1.3170989780556867e-24,1.0207517079931572e-23,4.341601112241911e-06,2.1900279815544262e-06,0.5879548453400402,0.4120340965054296,4.526525436451439e-06,N2,0.014088938,0.014257662,1.1975635,4.753307009082942
2999.0601507991487,0.0025467517146452,6.015664063502716e-15,1.2665411636401666e-13,0.9720074063713884,4.0690788346642705e-05,0.0010292057450146,0.0269084261923805,1.4270902869664558e-05,N2,0.014544568,0.014433118,0.7662685,-2.594013392773147
1248.7147050166277,1983.685809518662,4.493983856783881e-23,3.7252760918076914e-22,0.0006774678316763,6.67723051442245e-05,0.5478110099564338,0.4514236901983162,2.105970842934408e-05,N2,0.0136073725,0.056996386,318.864,3.297472886569267
1643.5914340820543,102.09636544783424,8.445988130391939e-20,9.623981211736078e-19,0.9847544300565344,3.5499749904124187e-06,0.0017615350384729,0.0134249055455134,5.5579384488934056e-05,N2,0.01325558,0.013993709,5.56844,2.0090102818122233
2147.7022949799466,0.008464284016946,1.3312227562696157e-15,2.0318663122009923e-14,0.9852926149947654,1.608840012233467e-07,6.862007352771711e-07,0.0146960414651358,1.0496455362121315e-05,N2,0.014371819,0.012146409,15.484542,-2.072409772421017
2502.850482165695,0.0195298783488802,6.723605864393279e-16,1.1730922863401958e-14,0.000865308138947,0.9808972002955104,2.945315318124379e-07,0.0178861906574791,0.0003510063765315,N2,0.013731339,0.014015377,2.068535,-1.7093004619130976
2499.443673381852,566.0881592882607,2.3164672399180703e-20,4.108681367644157e-19,0.0056139591047388,0.9772462538147224,4.6574763325858305e-08,0.0171195907970002,2.014970877514616e-05,N2,0.013613088,0.0130352415,4.2447863,2.7528840709602864
2644.125939101169,0.0007850884892235,1.7669750015738456e-14,3.2456540818382753e-13,0.9670106532703054,0.0025898696978931,0.000852542866222,0.0235653344973744,0.0059815996682048,N2,0.014519697,0.01382396,4.791678,-3.1050813901138534
1266.2108371980116,0.1440080953206613,4.7344224715302644e-17,4.1881429555844653e-16,1.8241579152918024e-06,0.0108167111395589,0.0037936061777205,0.0135835789792777,0.9718042795455274,N2,0.013714106,0.014760759,7.631944,-0.8416130936389676
1499.9865439317748,8.780267712189322e-07,9.19872206446035e-12,8.750579194653307e-11,0.004156216709454,0.0538362058330701,0.0337414113356693,0.0143162680243869,0.8939498980974195,N2,0.014086003,0.0127650695,9.377634,-6.0564922421629115
1831.013195316016,25.629572553130433,3.8467857685314793e-19,4.635870028743064e-18,0.9849762025694488,2.8061708382635114e-07,5.031960980410684e-07,0.0150229618602598,5.1757109675244226e-08,N2,0.01497968,0.017049488,13.817435,1.4087413631345065
2392.609966663224,0.0011525217994435,1.1178168602421174e-14,1.7713097939221248e-13,0.8605612630148163,5.4547419222914605e-06,0.1172378159624778,0.0221681787336008,2.728754718273343e-05,N2,0.013284854,0.013547615,1.9779029,-2.9383508513712995
2596.1472811017693,1.8238636435025848e-06,7.664518022412029e-12,1.3579953726889002e-10,0.0517961402497205,0.0104228730354077,0.3637206233518328,0.0189335004341759,0.5551268629288628,N2,0.014096343,0.014642901,3.8773022,-5.739007633709367
2619.736800613569,9960.37779207522,1.874562295564203e-23,3.4463106818449577e-22,0.0157109694657909,0.0107132923058699,0.5501709315650251,0.4234042906471421,5.160161720277485e-07,N2,0.013236408,0.13728473,937.1751,3.998275811305419
1772.7502623246162,76.39758294260862,0.0,2.076929364481139e-20,4.732341265100356e-09,0.0065578464058185,0.5771934977201628,0.4161414414105503,0.000107209731127,C5,0.013764156,0.00022846449,98.34015,1.8830796186373036
2912.7240747816313,3.463467220754472,0.0,9.149504807477366e-17,0.2942159126077647,7.370341965045798e-08,0.7048673082808665,6.499193213260045e-06,0.0009102062147357,C5,0.013956506,0.016662123,19.386063,0.5395110817049726
2153.3076519451847,6.056138987898423e-07,4.909005658019288e-13,2.8030422307290126e-10,1.2732696187280816e-07,1.649822938967351e-05,0.9884911833376224,0.011491575039087,6.160669389975996e-07,C5,0.01402827,0.013911371,0.83330786,-6.217804166370486
2919.6610720615786,16.57493659535414,2.4320015160071514e-20,1.9188491961296426e-17,0.0012097708483001,0.1073846108812113,0.5151807693424865,0.0301477580382387,0.3460770908897633,C5,0.0146966865,0.010014318,31.86003,1.219451875759134
1314.844789321564,15.32503267994297,3.1198407916597375e-22,5.428522977487943e-20,8.578564041978882e-05,0.0057181034726353,0.5192047130700354,0.4749867574025501,4.640414359557656e-06,C5,0.013168796,2.9531677e-07,99.99776,1.185401409304891
1535.0351417877102,1172.2240543022042,4.7900482571395025e-24,9.460345307850516e-22,1.6143947962414127e-05,0.0034416161794908,0.5912928016682376,0.4052463829504141,3.055253894789459e-06,C5,0.013247042,3.9626993e-05,99.70086,3.069010628957841
1913.0165150118191,0.0731524320284926,1.0831647424441227e-17,1.812495669023165e-15,9.98692052175461e-07,4.500878340365536e-06,0.4868899982128458,0.5128219098101561,0.0002825924066054,C5,0.014836931,0.016855776,13.606895,-1.1357712307280556
718.2577011136351,5.4718782178141595e-08,1.1907242195577784e-13,3.953204408931825e-12,0.0003598247439353,0.0010442814419639,0.5328253560060923,0.4657376624558159,3.287535219236731e-05,C5,0.013140565,1.4821723e-05,99.88721,-7.261863576843469
1185.0153971071625,2.379890126320486,4.609086786770006e-21,2.8207611135032443e-19,0.0335164435923834,0.0005043678856015,0.5396406099867985,0.4263385635668879,1.4968328544691042e-08,C5,0.013408942,3.7185794e-07,99.99723,0.3765569072102082
1942.1879884264188,2.844221554729429e-08,4.713908252263302e-11,4.58191882119993e-09,5.818026061873717e-08,0.0190057128912599,0.9785289157592206,5.225658899428326e-07,0.0024647906033689,C5,0.014500292,0.01704439,17.545147,-7.546036576631183
1920.83671524584,18318.38573389192,9.71216562131773e-25,1.0081227914927806e-22,1.5359824550448095e-05,0.0014294487368253,0.5877274380927401,0.4106044330126591,0.0002233203332248,C5,0.013417128,0.00017110918,98.7247,4.2628871998038775
2337.3723329129825,8.54465185903329e-06,2.6437163018996314e-13,2.3151401329492488e-11,0.0517054882256621,5.565556816368799e-05,0.9467349231165962,0.0013971830076082,0.0001067500819698,C5,0.013767608,0.013036161,5.312816,-5.068305627358793
2514.3866576527516,11461.696785158689,3.0610195011783042e-24,2.956070261137905e-22,0.0023774063214243,0.000345749762698,0.5232314527980574,0.4734171556862162,0.0006282354316039,C5,0.01443782,0.00010789311,99.25271,4.059248915177896
2881.8750128190777,859.3259325622507,4.3137609274234235e-23,4.8991999104308875e-21,1.0891814994463521e-07,0.0332617219208498,0.5293248529928637,0.4373900914989199,2.322466921645085e-05,C5,0.013309371,0.002320545,82.56458,2.9341579180402935
1192.1900227864678,29426.867351312827,6.597665669064542e-25,2.622572103453155e-23,1.6604418159404817e-05,1.130174503247332e-07,0.4729918411723531,0.4663519023584263,0.0606395390336108,C5,0.014744009,1.049092e-11,100.0,4.468744031571175
1850.1045072628665,4.4748570063402354e-09,4.5665724960445397e-10,2.7627763601069464e-08,8.628204022009635e-05,8.446685922251246e-06,0.9998494433990408,5.5592066937011915e-05,2.358078799130366e-07,C5,0.014146142,0.012802727,9.49669,-8.34922083796809
2001.265053907503,2.2923247797676738e-07,9.642768474252296e-12,6.37628065359933e-10,0.0257494512675758,0.1180736068029465,0.8416209572820958,0.0145048641266108,5.112052077088284e-05,C5,0.014226966,0.015310208,7.614011,-6.6397238508982
1551.8812667044888,0.2199904712841117,1.232881764036663e-19,5.821941663506465e-18,0.1354425966736281,9.927737257651588e-05,0.4525952338263279,0.4109518154572146,0.0009110766702528,C5,0.014065041,4.6254747e-05,99.671135,-0.6575961298975735
2021.5815680423975,2.3648679392951517,1.519144309508517e-20,9.216142144351673e-19,0.0002368966910645,0.0003140313573043,0.5359499247946118,0.463435506140215,6.364101680435032e-05,C5,0.01430174,0.00212951,85.11013,0.3738068935572372
2652.417993147019,0.0001372602306323,2.6679674316029122e-14,1.8595732998272297e-12,1.850046245927996e-06,1.8746521231199048e-06,0.9999779413386716,1.832163242267491e-05,1.2330536748063658e-08,C5,0.013715744,0.013749568,0.24660546,-3.862455275718908
2625.350919091712,385.2107678512923,1.3165013075052225e-22,9.386654322512235e-21,0.0366600389323158,0.0006745570427567,0.5223199998076961,0.4401586864113954,0.000186717805836,C5,0.01399101,0.0006909167,95.061714,2.585698418517495
1529.652521636684,9.661244935619186e-10,2.623156065179132e-09,7.935047097166874e-08,0.1564665770953965,0.0051637616932981,0.6798549124859298,1.536577091468322e-05,0.158499382954461,C5,0.014699336,0.013397966,8.85326,-9.014966907349175
2411.3319687518574,1.4624811315184056e-05,2.7316890453335083e-13,1.3931614131200893e-11,0.0010263306159074,7.827440469929558e-07,0.9860329165268092,0.0129399634873558,6.625880557766191e-09,C5,0.014265657,0.012989144,8.948157,-4.834909728343423
967.0094247051684,2.033381938078863e-06,9.848866778424825e-13,1.3788413489794756e-11,8.582590169517782e-05,0.4829418990523383,0.5167698088829531,0.0001172196335274,8.52465294860151e-05,C5,0.013576883,0.006676861,50.821842,-5.69178103846931
1040.7030964437529,3.341711443818518e-05,9.783886648673208e-16,1.5593069346322928e-14,0.0002642550898647,2.432628305518036e-06,0.5587499515305686,0.4409783229250605,5.037826200643152e-06,C5,0.014221659,0.0002878409,97.976036,-4.476031054073923
1582.2986356939346,0.000176524452324,1.9800991762619053e-14,5.148257858280953e-13,0.0070447719424983,8.578230524573671e-06,0.2796637150996517,0.6469087555139488,0.0663741792133764,C5,0.013529562,0.009911846,26.739342,-3.7531951272515864
2139.89169650741,5.015475977613895e-07,9.425033533997791e-12,3.3517775505279646e-10,5.019571436021402e-09,0.0001109993654907,0.9992438034826588,0.0006419190557754,3.273076503481543e-06,C5,0.014448653,0.013227473,8.45186,-6.299687845366967
1817.2439449873273,5.0925292985286944e-08,8.868200091613081e-11,2.197342911588574e-09,0.003215162690862,0.2754419343283107,0.6776654103646267,0.042941921595046,0.0007355710211546,C5,0.013706273,0.010956173,20.064539,-7.293066463721468
1913.868352745469,0.2440967256265598,2.8641942096025213e-19,7.232090379246364e-18,0.0030094713496229,0.0143227822857868,0.5062510090570412,0.4764135731661801,3.1641413687256663e-06,C5,0.013229367,0.003739027,71.736916,-0.612438046276603
2083.6470781196704,39899.243769040826,1.4420245262427677e-22,4.023248428217322e-21,0.3479862480169385,0.0001498886399753,0.6013067255315967,0.0057552617409627,0.0448018760705267,C5,0.014204046,0.019309532,35.943886,4.600964664357299
1332.5119942130812,0.3880543215069267,1.4716159805473328e-19,2.4176548251849042e-18,0.0006485009622307,4.221866846243696e-07,0.5418614642213111,0.4537130957573126,0.0037765168724608,C5,0.014781323,2.3569688e-05,99.84054,-0.4111074757475245
1606.7006125192097,5.998313038309358e-10,8.13602228189108e-09,1.4903713543645932e-07,0.2606978134418811,6.135330257025015e-07,0.7391735291825063,7.978078848185594e-06,0.0001200657637386,C5,0.013103003,0.011139191,14.987495,-9.221970873144208
2846.2093273939627,26.928668633248964,3.2103916977149333e-19,1.0944517151300909e-17,6.937169468832733e-06,0.194897738023024,0.5024535495551808,0.3026403014144428,1.473837883453356e-06,C5,0.01411656,0.012918786,8.484886,1.430214882207407
1098.098272243462,10353.548468415696,3.3679297141125405e-22,4.0415156569350484e-21,1.6910001704560378e-06,0.4656970227292086,0.5342858092330834,4.870352161214155e-06,1.0606685376277064e-05,C5,0.013129089,0.031774182,142.01361,4.0150892209170905
1525.566155314726,15206.21770990103,4.5534682597405655e-24,7.839884481988103e-23,0.0196383549272527,1.2936931192172824e-05,0.557297539144297,0.4229060298278632,0.0001451391693948,C5,0.014292933,6.154964e-07,99.99569,4.1820212040602325
2060.3456568220436,50.309698526495694,1.3570093282431434e-19,3.1154672494248837e-18,1.7060381660715675e-05,2.0846709171791055e-06,0.3748198475089555,3.991117322735499e-07,0.6251606083267345,C5,0.013847813,0.009507398,31.343683,1.7016517148874328
967.6939272517768,1.7909184363345757e-07,2.85140865730898e-13,2.281126925847184e-12,0.0289783303975933,3.3726790606895197e-06,0.5309157374988588,0.4400969041157978,5.655308689264746e-06,C5,0.014700788,0.00019128235,98.69883,-6.7469241927419406
1948.2302817214547,2.7438426500101362e-08,2.5488114850196077e-10,4.774119973863651e-09,0.0004868486189777,0.0205018082601796,0.9778866096845038,0.0003319387347388,0.0007927947015997,C5,0.013204942,0.013634871,3.2558136,-7.5616407975541025
1967.7918482503744,1.332660347639349e-06,5.30049486821388e-12,1.0009780693434672e-10,3.3199990214064254e-08,0.3368591276947754,0.657962644880998,0.0051781538934535,4.0330782838519984e-08,C5,0.013056798,0.009798165,24.957363,-5.875280524211102
1616.4174592487989,5.9499122279640266e-08,1.012721573178258e-10,1.522833180408788e-09,0.0004033049967895,4.169726974652369e-05,0.5476613091759137,0.0006825860374678,0.4512111025200823,C5,0.01324721,0.003322146,74.92192,-7.225489440858349
1623.0397989243552,1.3334593776722787,6.380209172793676e-20,1.00665522504078e-18,1.05777195095819e-06,0.0001349747003606,0.5896944156470828,0.4098268576034534,0.0003426942771521,C5,0.014061721,0.0005792328,95.88079,0.12497978993853742
690.3666407019778,4.1458180515161213e-10,9.158635296745122e-11,5.266215295628443e-10,1.5971800800969973e-05,1.2752158166648036e-08,0.5414105977883151,0.4585690972610486,4.320397677006293e-06,C5,0.014227215,4.772025e-05,99.66459,-9.382389761807156
1695.5212960354263,1.742234440556996e-10,3.7621637564714515e-08,5.91197161731228e-07,2.2324178140069817e-08,0.0018616760006782,0.9981378628757612,4.5381792112872805e-09,4.342612029961589e-07,C5,0.013519769,0.011363836,15.94652,-9.758893405361896
1695.5212960354263,1.742234440556996e-10,3.7621637514165176e-08,5.925407908481015e-07,5.193225706519141e-05,0.0020860262578023,0.9978467398272274,2.2859564554160265e-06,1.301570144979694e-05,C5,0.0135000525,0.012658498,6.233711,-9.758893405361896
1024.900170007492,39.2124154635526,1.4113847260739505e-21,1.3189146922966918e-20,5.145064491672e-08,0.0003549491852103,0.5619470332070089,0.4376110351918512,8.693096528475875e-05,C5,0.013486714,2.0849362e-07,99.99845,1.5934235954290479
2385.962346336102,1.0832355109613854e-05,8.819053504934585e-13,1.8611243948344708e-11,5.582072667593115e-08,2.3088672927042018e-07,0.9971639905214986,0.0028357005496198,2.2221425408063427e-08,C5,0.014581424,0.01443961,0.97256863,-4.965277111249601
2328.8169455872435,8.712362886501085e-05,1.070238835158692e-13,2.2659539475428858e-12,0.0039108174882321,0.0060412265187032,0.7212779648810183,6.518006868665885e-05,0.2687048110433596,C5,0.01457297,0.016572729,13.722385,-4.059864043683552
2467.225068151904,0.0001041263375793,9.81415334670215e-14,2.1492995829277708e-12,0.0107015480121658,2.3998976878652012e-05,0.6823649227944069,0.3062836650499849,0.0006258651665637,C5,0.013666476,0.013191013,3.4790494,-3.98243940671766
1112.8787877442817,645.9797985736442,9.715458804328124e-23,8.587211975438406e-22,1.6157012287038403e-05,0.0007855581984625,0.5667529324989345,0.4303079012154603,0.0021374510748554,C5,0.013176177,3.4230678e-07,99.9974,2.8102189367177246
2301.8826600359025,6.117468160464025e-06,1.610484091773931e-12,3.1794073037601466e-11,0.0002764792809701,0.037654267040757,0.9440992562707576,0.0146576078409596,0.0033123895665554,C5,0.014779872,0.014689067,0.614382,-5.2134282823391915
2610.9827371252295,0.0001041646248407,1.072824598816519e-13,2.4086642605687005e-12,1.8560487909634344e-06,0.0001316798546771,0.9995442300943276,0.0003207078805076,1.5261216967847894e-06,C5,0.014657474,0.014118491,3.6771915,-3.982279745959005
2055.247377883783,2.1701026111541274e-07,4.1842449795495045e-11,6.904004216256683e-10,0.0069788509601666,4.028636043837701e-06,0.8973369631251696,0.0838631012835181,0.0118170559951019,C5,0.013454794,0.013965573,3.796262,-6.663519730481225
1725.9282751445112,4.1452179349000414e-10,1.9545080186452922e-08,2.5293633182468485e-07,7.740077462445774e-09,0.0294024162484391,0.9705206184636213,9.744135130448096e-06,6.721341273167159e-05,C5,0.013320286,0.013150071,1.2778633,-9.382452631474045
786.8315753515415,4.2532316856968017e-10,1.2109150230915836e-10,5.570209106221285e-10,1.1336015251559665e-06,1.2781906020934763e-05,0.5174558685202592,0.4777566806539968,0.0047735353181978,C5,0.013545643,0.0002976215,97.802826,-9.371280959378833
1065.7648251089954,56663.97133397503,1.3170989780556867e-24,1.0207517079931572e-23,4.341601112241911e-06,2.1900279815544262e-06,0.5879548453400402,0.4120340965054296,4.526525436451439e-06,C5,0.014088938,2.482473e-07,99.99824,4.753307009082942
1844.6195599055263,3.998466493402102e-09,2.2929739324156864e-09,3.089145436726688e-08,3.584877736304349e-07,4.499167673856792e-08,0.996882917582705,0.0027705692933102,0.0003461096445343,C5,0.013932424,0.013945539,0.09413211,-8.398106538959347
2209.2452069130404,1.2048492549094936e-06,9.113747485026399e-12,1.4430100184625135e-10,0.0038530362521447,7.750791638312562e-05,0.9899307357003916,1.1904490561442887e-05,0.006126815640519,C5,0.013292377,0.013227937,0.48478967,-5.919067286579835
2943.06330096235,4.878079155415821,2.9987243033276506e-18,6.563874308394967e-17,0.0232512696584441,1.080878173563775e-05,0.3274569186335438,0.6492810016446307,1.2816457910278795e-09,C5,0.013963764,0.010879335,22.088806,0.6882488432268694
1158.6458485785972,2.946508197446233e-10,2.0630501533089762e-08,1.5255712975784797e-07,0.0147286000850477,0.4456684137463015,0.5322590906918567,6.481705672890885e-08,0.0073438306597372,C5,0.014545878,0.004122566,71.65818,-9.530692346321517
1248.7147050166277,1983.685809518662,4.493983856783881e-23,3.7252760918076914e-22,0.0006774678316763,6.67723051442245e-05,0.5478110099564338,0.4514236901983162,2.105970842934408e-05,C5,0.0136073725,1.6419791e-06,99.98794,3.297472886569267
2018.1412484606813,9.654047755873627e-08,1.0967534137696671e-10,1.5181376201127495e-09,0.0340145289382363,0.000134210914352,0.9657450940847884,9.166133672726188e-05,1.4504725896169097e-05,C5,0.013420304,0.012952642,3.4847398,-7.015290557178701
2619.736800613569,9960.37779207522,1.874562295564203e-23,3.4463106818449577e-22,0.0157109694657909,0.0107132923058699,0.5501709315650251,0.4234042906471421,5.160161720277485e-07,C5,0.013236408,0.00074583513,94.36528,3.998275811305419
2088.3552126899012,2.9399951136553394e-08,0.0,5.1585398126939375e-09,0.0005167323403265,0.7994231731163416,9.165049277604498e-06,0.1986225125311622,0.0014284169628918,O2,0.013588749,0.015935302,17.26835,-7.531653391395423
2296.18384595305,3.486508749464502e-07,6.3649825935751695e-12,5.537534856410396e-10,7.883294123230571e-05,0.973644160560548,0.0004163569202138,0.0258556782472249,4.971330780999033e-06,O2,0.013925482,0.013892917,0.23384918,-6.457609240586875
1608.845181475768,6.165693208767732e-10,2.882075638938154e-09,1.451845603115095e-07,0.0393672043057286,0.5899989006662675,9.37982601346994e-06,0.002790230286021,0.3678342849159693,O2,0.014754737,0.022347696,51.461166,-9.210018088603027
2225.673170119002,8.597779919128752e-07,3.216628110340873e-12,2.0371978032158864e-10,8.274646360629373e-06,0.5894020229263333,0.2030066846685104,0.0005274722436136,0.207055545515182,O2,0.014230168,0.015849391,11.378801,-6.065613675889312
1938.4677850688936,0.0065884883231882,4.468366398611528e-16,2.0310756357325124e-14,0.0016467943875869,0.01536235087104,3.6764016970213094e-06,0.9829870227495376,1.555901384286563e-07,O2,0.01323649,0.013744574,3.8385098,-2.181214219428431
1756.2572244792586,1.7283611616058626e-10,1.8238116393192117e-08,6.172900933080409e-07,5.6954321815631134e-05,0.7641074935545814,0.011385876100983,0.0002147366235267,0.2242349393990932,O2,0.01438491,0.01446785,0.57657546,-9.762365501380579
2600.092860344665,192.92120888193375,2.4189980595613282e-20,1.3248666295443585e-18,8.638614031838348e-07,0.0190005146382784,0.0002942112456557,0.9806980362580208,6.373996642022327e-06,O2,0.014167183,0.016106833,13.691145,2.285379974632326
2533.771113741436,2.7566203508090757e-05,1.903552957187813e-13,8.312181246386784e-12,8.776502291468909e-09,0.6006540736341186,0.3515037273759187,0.0478381290724389,4.061141021338082e-06,O2,0.013055825,0.016712967,28.011578,-4.559623041983448
1138.8313769486367,2.7684315716372715e-06,9.655123537727065e-13,1.6527299702815153e-11,6.060399555512866e-06,0.0147293834820394,4.948187225093854e-06,0.9852594501910832,1.5774009658942298e-07,O2,0.014698566,0.014094254,4.1113667,-5.557766206639175
1905.9404608705784,3.190614050452017e-08,1.4020621256463536e-10,4.016495618763377e-09,0.7671908746001942,0.2304021375227088,6.268171207151042e-06,0.0023845824793738,1.613722651598223e-05,O2,0.013400894,0.011066465,17.419949,-7.496125726642062
2282.017521828807,6.952708831601783e-05,7.7036589567186e-14,2.7823803526030706e-12,0.0225157379381375,0.5375784550540587,5.6224805310570695e-08,1.1861289844802466e-06,0.4399045646540138,O2,0.013431537,0.014367132,6.965662,-4.157845957796383
2580.2269390719075,1.004993102137881e-05,6.025970875615249e-13,2.4564693040008043e-11,0.0002937592535873,0.6718125818539167,0.001204428726783,0.326585876564037,0.0001033536016758,O2,0.01363331,0.0134534,1.3196362,-4.99783691905318
1915.013112716489,5.16005839902629e-07,9.223012044376524e-12,2.5055849387222886e-10,0.0009796413081839,0.5977499128124744,1.9751567885784372e-08,2.711268622665847e-06,0.401267714859151,O2,0.014592936,0.016731074,14.651868,-6.287345383211675
2386.425243213025,1.9000431193396128e-06,3.1213334400417357e-12,1.0577852213474772e-10,0.2641409952960385,0.7237817056397116,0.0117711058391385,4.885448406495379e-07,0.0003057046802705,O2,0.014355489,0.015638564,8.937868,-5.721236543110978
1527.3795259454855,2.1324157132574167e-10,1.8789352387543e-08,3.5600878207976213e-07,4.063157105242277e-06,0.0395282439746402,3.903579942917428e-05,0.9604285975395948,5.9529230675599895e-08,O2,0.014369881,0.012428956,13.506895,-9.671128125923923
800.718050673463,17248.434017713305,1.3459611467322097e-22,1.2562304036167293e-21,0.0001413747454986,0.0148683259968527,2.337642814425322e-07,0.9849900618921558,3.6012114398071726e-09,O2,0.014789452,0.019796224,33.853672,4.23674967167956
1763.400020629034,2.702213543758833e-10,1.892054195755378e-08,3.9643040292017444e-07,0.202425223609502,0.6915607011195192,0.0993046136854466,1.6807794606811798e-06,0.0067077808060714,O2,0.0149755245,0.015508717,3.5604258,-9.56828033362207
2345.5217063910104,20.665157183847267,3.4475193081300175e-19,9.872441655099596e-18,0.0002421080131952,0.0172329795825121,1.450361326954521e-05,0.9822506240166532,0.0002597847743698,O2,0.013864972,0.014326532,3.3289692,1.3152387129720893
1247.065055131501,1.4875123576974827e-05,2.662193663596047e-13,3.3798284772610676e-12,3.291671578293124e-06,0.0192756741492579,6.296104984874628e-06,0.977942926977994,0.0027718110961847,O2,0.013712227,0.013267911,3.2402928,-4.827539417627962
1359.467099642471,0.0990924390300941,4.3565158465666446e-17,6.477949650112143e-16,0.0153507172678934,0.0236530079747193,0.0002861184109883,0.9601892276049182,0.0005209287414807,O2,0.014395237,0.014040923,2.4613295,-1.0039594818697302
2154.8982076574475,1.5116677699262908e-06,5.313949849766535e-12,1.1238019867469227e-10,0.0023028171263563,0.1614287716398538,2.9679443918061475e-05,0.7755389012795191,0.0606998305103526,O2,0.013208814,0.012933452,2.0846858,-5.820543646362539
2824.7224763969125,0.0015254473479872,6.9028050652990185e-15,1.8893233123170279e-13,0.6782959282741389,0.2445783032343865,5.422861082073135e-06,0.0297481963819636,0.047372149248429,O2,0.014468737,0.016452298,13.709288,-2.816602777777879
2481.940078083774,2824.862090483003,3.517832532261606e-21,8.175928023256283e-20,0.6601690348842358,0.3397497435425509,5.779705767300244e-07,7.889913571673764e-05,1.744466919786587e-06,O2,0.013949539,0.01882741,34.96798,3.4509972504548543
724.8323800746748,0.0415529538818507,8.18837806288972e-17,4.3831906101350854e-16,0.0015603724152918,0.0152280980043168,1.1566220921214293e-08,0.9832112762869666,2.417272038242244e-07,O2,0.014458417,0.015215958,5.2394433,-1.3813980980173042
2458.032885331036,5.5686187990391105e-05,2.1939462516243454e-13,3.991763318927628e-12,0.0108583284780328,0.5483660216329581,0.4017669935153732,0.0219086407896836,0.0171000155839521,O2,0.014915764,0.019974824,33.917534,-4.254252510812015
824.8963119173669,4.8017900907546035e-08,8.775688463345959e-11,3.9372007700417005e-10,1.2882195406745297e-07,0.0148453337746418,1.8772366162002664e-07,0.9851528710936288,1.478586113569776e-06,O2,0.014841901,0.012417331,16.33598,-7.318596828956109
1736.0567786219233,11115.232550002029,8.194306333545377e-22,1.0286010845003012e-20,0.5574464002602454,0.3945798416635413,0.0124202712466229,0.0002091094247117,0.0353443774048783,O2,0.0140110785,0.00833131,40.537697,4.04591855332616
2262.2193622081886,1.0856200869081195e-06,1.1220306851849195e-11,1.642768003180998e-10,0.0001347200080564,0.6171235858945167,0.3080321472751315,0.0619398675601258,0.0127696792621694,O2,0.013284745,0.01500394,12.941125,-5.9643221296513325
1639.7112853023573,2.895380119738788,0.0,3.330843945771571e-17,0.0593625570483179,0.499343888794036,0.3122381731698037,0.000115395426522,0.1289399855613203,H2,0.013088356,0.009237255,29.423868,0.46170558812149665
1772.7502623246162,76.39758294260862,0.0,2.076929364481139e-20,4.732341265100356e-09,0.0065578464058185,0.5771934977201628,0.4161414414105503,0.000107209731127,H2,0.013764156,6.175224e-17,100.0,1.8830796186373036
2091.898353179386,4.458439104356038e-07,6.478001205987178e-13,3.426862637967216e-10,0.5216208032357535,0.4716786299234172,3.088113478270716e-06,1.877229039184014e-05,0.006678706436959,H2,0.013529873,0.01451991,7.3174143,-6.350817160797996
2334.4759073299747,1.990252885697745e-06,1.6194383389762998e-13,9.894768251145191e-11,0.8934414515815279,9.59865502092462e-07,0.1064274067486964,0.0001301319008786,4.9903394982885035e-08,H2,0.013164827,0.013238677,0.56096566,-5.701091737718247
1314.844789321564,15.32503267994297,3.1198407916597375e-22,5.428522977487943e-20,8.578564041978882e-05,0.0057181034726353,0.5192047130700354,0.4749867574025501,4.640414359557656e-06,H2,0.013168796,1.2170345e-07,99.99908,1.185401409304891
1515.9001500101444,1.4877155467764113e-08,2.8136104626257433e-11,5.1348390942919824e-09,0.0283214511010136,2.399111872672557e-06,0.0422868746085768,9.659956772046913e-08,0.9293891785789692,H2,0.013251844,0.011098464,16.249662,-7.827480098544697
1535.0351417877102,1172.2240543022042,4.7900482571395025e-24,9.460345307850516e-22,1.6143947962414127e-05,0.0034416161794908,0.5912928016682376,0.4052463829504141,3.055253894789459e-06,H2,0.013247042,3.0210444e-08,99.99977,3.069010628957841
1869.669723206552,1.9388853001378714e-07,2.662723446629811e-12,6.497045209776738e-10,0.1382216669893334,0.3663029868811273,0.0001029111243833,0.3964375110684406,0.098934923936715,H2,0.01417804,0.011320046,20.157892,-6.7124478819943185
2769.78939536441,4.072745008145435,1.8779014857135609e-19,7.023351556568717e-17,0.0186218100481853,0.0001506842233238,0.0159793598740447,0.9270680664120018,0.0381800794424442,H2,0.013559342,0.015315725,12.9532995,0.6098872200486731
760.9386467737336,6.535252532454616e-07,4.822717422857737e-13,2.7489489310289105e-11,0.050168967319468,0.0094138989373924,9.212171641135303e-10,0.7997502187657602,0.140666914056162,H2,0.014522706,0.004269014,70.60455,-6.1847376259361475
1263.1992990835238,21.918174030395047,2.3871078670792012e-20,2.784959178259068e-18,0.4342320610660878,0.0008794139593023,0.005395111351377,0.0004219318354319,0.5590714817878009,H2,0.0130017735,0.013784008,6.0163684,1.340804370909284
1542.069120907713,1.4235651493190523e-09,4.486741067672166e-10,5.42895669188332e-08,0.068068629987568,0.0015859841054438,1.4326957143307138e-06,0.8765600535454212,0.0537838996658526,H2,0.0149936555,0.014164035,5.5331426,-8.846622652617961
718.2577011136351,5.4718782178141595e-08,1.1907242195577784e-13,3.953204408931825e-12,0.0003598247439353,0.0010442814419639,0.5328253560060923,0.4657376624558159,3.287535219236731e-05,H2,0.013140565,1.6716456e-07,99.99873,-7.261863576843469
728.6669947134001,0.0001082819706068,4.6454308111092545e-15,1.644482507132676e-13,0.7697806652172132,8.599839708893876e-06,0.2300307473213428,5.408532106452374e-06,0.0001745790896284,H2,0.014334739,0.06413455,347.4065,-3.9654438491716486
1185.0153971071625,2.379890126320486,4.609086786770006e-21,2.8207611135032443e-19,0.0335164435923834,0.0005043678856015,0.5396406099867985,0.4263385635668879,1.4968328544691042e-08,H2,0.013408942,0.00038522744,97.12708,0.3765569072102082
1920.83671524584,18318.38573389192,9.71216562131773e-25,1.0081227914927806e-22,1.5359824550448095e-05,0.0014294487368253,0.5877274380927401,0.4106044330126591,0.0002233203332248,H2,0.013417128,2.3197602e-08,99.999825,4.2628871998038775
2754.068276080048,0.0001595219984242,1.1918110563341674e-14,1.7567294970365629e-12,0.4883793503075727,1.603151282953189e-07,0.0443941126331866,0.4672263226398944,5.4104217933572675e-08,H2,0.013306641,0.012338538,7.275339,-3.7971794183405554
1090.224747197343,0.0032290326528467,2.796906536044545e-16,1.2119928322859697e-14,0.3388781645566228,0.3819104102475118,4.535664690847642e-06,9.26538539654254e-07,0.2792059629926348,H2,0.013293013,0.011433326,13.989962,-2.49092756325802
1299.210462048343,0.4101803592540952,2.6238510690264882e-18,1.504341279575186e-16,0.0182916844746705,0.0024196315728801,1.1066917473876323e-07,0.9792773932777568,1.1180005517693136e-05,H2,0.013461539,0.02497213,85.50724,-0.38702513887692197
1286.2815047315212,1.4970949988285222e-06,8.303629967842248e-13,3.914568413411346e-11,0.0158979384360037,0.001011621159133,7.251176623331898e-07,0.9830895926942528,1.2259294790000338e-07,H2,0.013845792,0.014449241,4.3583536,-5.824750640433179
2272.0994220557654,91633.1095021393,2.3963819471104812e-23,2.047194863388668e-21,0.5050109787777446,4.191271532978223e-07,0.2947409832379262,0.2002474794944517,1.393627241641979e-07,H2,0.0130576305,0.013287767,1.7624662,4.962052424278722
2514.3866576527516,11461.696785158689,3.0610195011783042e-24,2.956070261137905e-22,0.0023774063214243,0.000345749762698,0.5232314527980574,0.4734171556862162,0.0006282354316039,H2,0.01443782,7.494836e-05,99.48089,4.059248915177896
2789.6300066774584,9.139070366719334e-05,2.950026432854558e-14,3.0975277544972864e-12,0.970232993874652,0.0017192997963269,0.0010341665239585,0.0270134776186479,6.218641465031811e-08,H2,0.013815464,0.015609692,12.987094,-4.039097978788859
2881.8750128190777,859.3259325622507,4.3137609274234235e-23,4.8991999104308875e-21,1.0891814994463521e-07,0.0332617219208498,0.5293248529928637,0.4373900914989199,2.322466921645085e-05,H2,0.013309371,1.21542214e-14,100.0,2.9341579180402935
1192.1900227864678,29426.867351312827,6.597665669064542e-25,2.622572103453155e-23,1.6604418159404817e-05,1.130174503247332e-07,0.4729918411723531,0.4663519023584263,0.0606395390336108,H2,0.014744009,6.3828023e-09,99.99996,4.468744031571175
1728.2719475365925,4.816189171795023e-05,3.963525284911849e-14,2.2542550057936147e-12,0.4382488015630916,0.2360066417727719,0.0002874102596954,0.32545709804799,4.835645096375162e-08,H2,0.013071465,0.016705021,27.797619,-4.317296463059781
2930.954207052467,1.4877751428340196,2.175930430654345e-18,2.1378516481178935e-16,0.3431764785002434,0.6531274785913878,0.0004414898740525,3.0933183892055084e-05,0.0032236198504243,H2,0.013413279,0.014791301,10.273566,0.1725372984104041
1551.8812667044888,0.2199904712841117,1.232881764036663e-19,5.821941663506465e-18,0.1354425966736281,9.927737257651588e-05,0.4525952338263279,0.4109518154572146,0.0009110766702528,H2,0.014065041,0.0015950275,88.65963,-0.6575961298975735
2021.5815680423975,2.3648679392951517,1.519144309508517e-20,9.216142144351673e-19,0.0002368966910645,0.0003140313573043,0.5359499247946118,0.463435506140215,6.364101680435032e-05,H2,0.01430174,3.0225902e-08,99.999794,0.3738068935572372
2625.350919091712,385.2107678512923,1.3165013075052225e-22,9.386654322512235e-21,0.0366600389323158,0.0006745570427567,0.5223199998076961,0.4401586864113954,0.000186717805836,H2,0.01399101,0.0011102419,92.064606,2.585698418517495
899.0816309874496,1.1049008380403348e-05,1.57284954098293e-13,2.3929782302097434e-12,0.0245934935399348,0.0357601890254414,0.1695522641145452,1.7530019758175459e-09,0.7700940515670767,H2,0.01313726,0.009023674,31.31236,-4.9566766970235285
2585.9792007197593,22939.481111797817,2.178977234808968e-22,1.1175040389948851e-20,0.3010012024259671,0.1914875718417687,0.0012120945738985,6.890098662522942e-08,0.506299062257379,H2,0.014781888,0.013126397,11.199456,4.360583589989329
2906.5498874566,1410.5472091901488,4.267413215600724e-21,2.25888406212465e-19,0.0142995699970249,2.4188442442768265e-08,0.0001482898186799,0.985543776027794,8.339968058632431e-06,H2,0.0139246695,0.013344408,4.167147,3.149387626009055
1040.7030964437529,3.341711443818518e-05,9.783886648673208e-16,1.5593069346322928e-14,0.0002642550898647,2.432628305518036e-06,0.5587499515305686,0.4409783229250605,5.037826200643152e-06,H2,0.014221659,9.5899146e-08,99.99933,-4.476031054073923
1814.5737957244871,4006.871985147871,1.0003961893901177e-21,2.982431139619288e-20,0.024549969715717,0.4964045253363615,0.4783090988158126,4.3687003393728776e-05,0.000692719128715,H2,0.014659798,0.016538518,12.8154545,3.6028054674559122
2651.403556940148,26883.82026304431,2.178654012455349e-22,9.776709880893376e-21,0.1543039795498823,0.0519755557529431,5.611493662070406e-06,0.7224237752175339,0.0712910779859785,H2,0.01467765,0.014336519,2.3241549,4.429490983179084
1687.595702572826,1.2185917033381832,3.2504421446425234e-18,8.164345857425631e-17,0.1487876874561613,0.4656747995515308,5.3254494452086584e-08,0.0004658420989405,0.3850716176388728,H2,0.013833497,0.01090895,21.14105,0.08585821694722996
1708.3189513473565,5.3793719880429185e-06,7.453660020613508e-13,1.986181170198776e-11,0.555918706805401,0.443618827495571,6.874432371289945e-05,2.1782704623555307e-05,0.0003719386706916,H2,0.014428899,0.0142596075,1.1732785,-5.269268422855447
2836.2401762329305,0.0002755932949926,2.4154973309952122e-14,1.0457682562426328e-12,0.5364907433712518,0.0032404634595825,6.993238099455059e-06,0.4602617939280684,6.002997729968194e-09,H2,0.014675647,0.01373178,6.4315157,-3.5597313527409633
1103.4408798421796,4.556844943959834,6.017839047836116e-19,8.959893693444883e-18,0.5823743528857825,0.0540312079037316,1.9798449768402062e-08,0.0028370132221871,0.3607574061898492,H2,0.01481075,0.02055929,38.813297,0.658664251069105
1968.926386210417,0.0001926246776514,2.5402317198640847e-14,7.013862026513612e-13,0.0211889661293735,0.4908671088440137,0.4879439053605642,5.551801080514567e-09,1.4114247506888085e-08,H2,0.014958339,0.013654079,8.71928,-3.7152880750448953
2270.4620570839106,764.9250983931379,7.376513211824805e-21,2.4383474227976435e-19,0.0161813130531383,1.352517363491901e-07,0.0021116723168964,0.9817068356552836,4.3722945232813464e-08,H2,0.014026202,0.014679738,4.6593943,2.883618911039717
2531.715828601778,5183.0221493600675,1.2139134441825283e-21,4.5589193792632734e-20,0.130735056657337,1.7748814883659052e-05,0.0820149518406797,3.904868862276022e-06,0.7872283378182373,H2,0.013791733,0.014608202,5.919982,3.7145830647770772
2177.450384865653,58167.3452282903,9.819876194505974e-23,3.095845179215305e-21,0.3746576415059808,3.729401581196808e-06,2.309243159629207e-07,4.2342841172763146e-07,0.6253379747397103,H2,0.013494451,0.013581326,0.64378786,4.764679242945448
1913.868352745469,0.2440967256265598,2.8641942096025213e-19,7.232090379246364e-18,0.0030094713496229,0.0143227822857868,0.5062510090570412,0.4764135731661801,3.1641413687256663e-06,H2,0.013229367,2.150256e-06,99.98375,-0.612438046276603
1332.5119942130812,0.3880543215069267,1.4716159805473328e-19,2.4176548251849042e-18,0.0006485009622307,4.221866846243696e-07,0.5418614642213111,0.4537130957573126,0.0037765168724608,H2,0.014781323,1.4966288e-06,99.989876,-0.4111074757475245
1757.1651075967238,5.356032044050638e-06,9.512002999494933e-13,2.0473454075103374e-11,0.0225353001480422,0.0015016424482368,0.000866887456857,0.9750868793890288,9.290557834913604e-06,H2,0.01475843,0.014272865,3.2900891,-5.271156833356679
2512.687074360345,0.0008925202902264,8.162494353175303e-15,2.561468466067869e-13,0.1541115887144867,0.7253269359192545,0.0929534202513465,0.0001241934008356,0.0274838617140765,H2,0.014300603,0.013560696,5.1739626,-3.0493819020133066
1178.0394680750403,5.345916780798962e-09,6.693351100766826e-10,8.670932107811571e-09,0.0149384355015742,6.040116727528365e-07,1.356961583375445e-05,0.9844405383926323,0.0006068524782867,H2,0.014823371,0.013051301,11.954565,-8.271977806133373
1583.323673719303,26.25227739107647,1.8319287160951141e-19,3.588914893804519e-18,0.2799620612224008,0.1615744456891036,2.985826526187033e-06,0.0970304626874482,0.4614300445745209,H2,0.014976352,0.01589485,6.1329904,1.4191669845220094
1779.9230211505787,0.4752355303760536,1.1376229202637564e-17,2.3993501591017408e-16,0.0258455075972484,0.0006374255820499,0.0468711468151965,0.0545002918270706,0.8721456281784344,H2,0.014713665,0.014319754,2.6771736,-0.32309109734205776
1525.0040796949827,0.0001633076906924,2.965346764839371e-14,4.84769731991132e-13,0.0151243872008781,7.916453143861657e-09,1.4788383988600237e-07,3.055571966257481e-05,0.9848449012791662,H2,0.0136373155,0.015037096,10.264341,-3.786993362436487
1525.566155314726,15206.21770990103,4.5534682597405655e-24,7.839884481988103e-23,0.0196383549272527,1.2936931192172824e-05,0.557297539144297,0.4229060298278632,0.0001451391693948,H2,0.014292933,0.0006443794,95.49162,4.1820212040602325
1638.7126291987531,2.38250594912172e-08,2.1841372409942192e-10,3.864973291672381e-09,0.0727127800751375,2.2161923093224306e-05,3.0644674291055066e-07,3.33432356382789e-07,0.92726441812267,H2,0.014853409,0.012270827,17.387133,-7.622966006254165
738.2677931686643,6.681417421690028e-09,3.661337327997182e-10,2.501913840798074e-09,0.5530962596375879,0.381168989584308,0.0265795414055497,0.0084075494777861,0.0307476598947681,H2,0.013870494,0.002539049,81.6946,-8.175131394842074
697.6173377114942,6.760290823539601e-08,3.419372419095951e-11,2.3650659232080317e-10,0.0857282186668131,0.0131515064707161,0.0010674816092791,0.0009911998920384,0.899061593361153,H2,0.014447056,0.011378464,21.240255,-7.170034620575867
864.1015127671454,0.0014449277261216,1.9815860917270522e-15,1.7999406999854056e-14,0.5784125087832153,2.578944698371323e-07,0.373595363324445,1.9709496237875406e-07,0.0479916729029075,H2,0.01498302,0.018883457,26.032385,-2.8401538753514224
2974.3902039021355,5.7597680385790015,1.7111480477606525e-18,5.625399207013145e-17,0.0403235212303953,0.4646446027980594,0.1826264320830441,0.0024651652722528,0.3099402786162481,H2,0.013784845,0.014119423,2.427141,0.7604049935632027
1002.5766575431676,2.5400801838133444e-07,1.3623649231163747e-11,1.3514660037314435e-10,0.0134837836755488,0.0009005945949651,0.0012628043691844,0.9842364291279542,0.0001163882323472,H2,0.0131989475,0.02233957,69.252655,-6.595152573601312
1989.7377810181763,3.4625319618242075e-08,1.9834686696629164e-10,4.181151955649428e-09,0.9999936115512096,1.2124550021862474e-08,4.34137125304501e-08,1.269203814515532e-08,6.320218489643007e-06,H2,0.014624573,0.014505659,0.8131113,-7.4606062090380165
2999.239885103484,0.003710786723236,2.7897706462540197e-15,8.704084416312543e-14,0.2813220193682249,7.072075875566552e-06,1.1003755069835733e-07,0.2849801025358823,0.4336906959824665,H2,0.014030053,0.012990187,7.4117064,-2.430534005927011
2855.09769380975,0.0217137560413728,4.538468537201022e-16,1.42144834585136e-14,0.1446826537136931,0.7129702012322798,0.1415736581735003,0.0007732758487696,2.1103175729074377e-07,H2,0.013860025,0.014441649,4.1964135,-1.6632650458708165
967.6939272517768,1.7909184363345757e-07,2.85140865730898e-13,2.281126925847184e-12,0.0289783303975933,3.3726790606895197e-06,0.5309157374988588,0.4400969041157978,5.655308689264746e-06,H2,0.014700788,2.5800526e-05,99.82449,-6.7469241927419406
1659.3268483437405,2.768311902547803e-09,2.1516594515526852e-09,3.3350721499066624e-08,0.1984206585358532,3.7598505938050256e-06,0.0006204774623781,0.3383176217134622,0.4626374824377126,H2,0.013384768,0.014232783,6.3356714,-8.557784979994112
2696.661601181121,0.19660819826797,4.9235828216170306e-17,1.3350484189384642e-15,0.2515190334148885,1.4233749859519433e-06,0.7397019349342939,3.445130925662032e-06,0.0087741631449059,H2,0.013648677,0.019651674,43.982265,-0.70639837669561
2834.6640252569136,880.2554095501208,1.155978019846962e-20,3.3523362575561903e-19,0.0389641900877631,3.913978103653223e-09,0.2332637858337861,6.896936335170752e-07,0.7277713304708391,H2,0.014175892,0.020062188,41.523285,2.9446087026778063
909.3736276589754,20.14659906391213,1.6826250333057333e-19,1.4333472505937728e-18,0.6468730553763888,1.3714412986603947e-06,0.0087894385993837,0.0105573742140819,0.333778760368847,H2,0.014420198,0.017067714,18.359772,1.304201743656499
1603.45525566097,5.163783670089758e-06,1.1575395873463782e-12,1.7663196666174362e-11,0.0161162055499953,2.662355458181545e-09,2.680131368488995e-08,0.0054640062915711,0.9784197586947644,H2,0.013165607,0.012162975,7.61554,-5.287031960219373
1623.0397989243552,1.3334593776722787,6.380209172793676e-20,1.00665522504078e-18,1.05777195095819e-06,0.0001349747003606,0.5896944156470828,0.4098268576034534,0.0003426942771521,H2,0.014061721,1.1200451e-12,100.0,0.12497978993853742
1753.3670363556853,0.0006343543816443,1.0303575042405094e-14,1.7516077572088664e-13,0.0172051270625389,1.922227812057526e-05,0.0026592723179392,0.9800655431884584,5.083515294284963e-05,H2,0.01411085,0.015829444,12.179236,-3.1976680560065
690.3666407019778,4.1458180515161213e-10,9.158635296745122e-11,5.266215295628443e-10,1.5971800800969973e-05,1.2752158166648036e-08,0.5414105977883151,0.4585690972610486,4.320397677006293e-06,H2,0.014227215,1.757659e-09,99.999985,-9.382389761807156
1015.9886439833214,2.235157577013909e-06,1.7572033468091237e-12,1.568931559651003e-11,0.0155739371897035,4.535137667684159e-06,0.0001226945901771,3.6629500456024978e-06,0.984295170132406,H2,0.013244826,0.011977642,9.567392,-5.650691854001729
2463.785012894558,7.646459359534607e-06,1.2456147389019909e-12,2.9049515160821428e-11,0.8365379504661054,5.529278896535062e-08,0.1634608879955021,1.0518156761739657e-06,5.4429927433925455e-08,H2,0.013807668,0.013626947,1.3088472,-5.116539615378122
2916.9877424902133,0.0313654904810046,3.595206402906557e-16,1.0053737905270835e-14,0.0660862842810821,0.0348151210256184,0.0001981943022878,0.8989003943325667,6.058444713627425e-09,H2,0.01331401,0.012078025,9.283337,-1.5035479167500085
1024.900170007492,39.2124154635526,1.4113847260739505e-21,1.3189146922966918e-20,5.145064491672e-08,0.0003549491852103,0.5619470332070089,0.4376110351918512,8.693096528475875e-05,H2,0.013486714,3.5504295e-13,100.0,1.5934235954290479
1573.3117057464783,1.237578420648035e-10,5.090061136311538e-08,7.03832591607216e-07,0.4077149556169876,0.59147489349704,0.0001369025196892,0.000672811414048,4.3695223517976603e-07,H2,0.013556601,0.011499836,15.171682,-9.907427271929235
1768.763340876048,0.0707968005343408,1.0003163676723296e-16,1.5936074547055734e-15,0.0174746480555402,0.0014258107509067,0.005585467969972,0.975514043940706,2.9282874938047075e-08,H2,0.013339427,0.018844822,41.2716,-1.1499863686051164
2437.8407971391,6.397241533727757e-06,1.5257868864464346e-12,3.4356511615500745e-11,0.8536842487753571,0.0067978925307543,0.0985424335685272,0.000161172953995,0.0408142521713661,H2,0.01453773,0.013945432,4.0742116,-5.194007251785971
1204.9907649075865,0.0051057346597544,9.775298201171125e-16,9.775298201171124e-15,0.0356020556732952,7.549741663615393e-05,7.371795374818596e-05,0.1660313447986384,0.798217384157682,H2,0.014885831,0.014593078,1.9666545,-2.2919417588225612
2137.777760386286,5.207835679719526e-07,1.7002384372919124e-11,3.224785569396994e-10,0.4498614552349074,7.1155954104186225e-06,0.4056775162693476,0.1444144745949535,3.943830538102492e-05,H2,0.013374356,0.011576859,13.439873,-6.2833427273040945
1112.8787877442817,645.9797985736442,9.715458804328124e-23,8.587211975438406e-22,1.6157012287038403e-05,0.0007855581984625,0.5667529324989345,0.4303079012154603,0.0021374510748554,H2,0.013176177,1.2643925e-08,99.9999,2.8102189367177246
1352.2745112341884,4.512327092304275e-09,1.2826532425631123e-09,1.3447171091387466e-08,0.0173955810820348,0.0258056922804563,7.50844536743203e-06,0.0468277767223712,0.90996344146977,H2,0.013794046,0.012646867,8.316479,-8.34559942648171
2470.0320106813165,8.034250742493637e-06,1.3158372449509172e-12,2.7675028506709615e-11,0.8594576908160784,0.0261843513314004,0.0875214918569503,0.0267816275019715,5.4838493599263295e-05,H2,0.01376376,0.014147076,2.7849627,-5.095054618411907
2510.2240870053784,29690.152338324064,3.6186371975724247e-22,7.914309741787431e-21,0.015425623903874,2.6273622497173695e-05,5.339414591818614e-05,0.984440889195758,5.381913195250873e-05,H2,0.014433126,0.01467582,1.6815089,4.472612425939722
1971.860971601973,13.044184651832763,6.678715655344437e-19,1.0602461102859294e-17,0.3974470642822345,0.0005758825930005,0.5166075497632863,0.0852310466000522,0.0001384567614263,H2,0.01494413,0.016035633,7.303895,1.1154169379953451
2514.324653713089,8.367889988701993,1.3275119560067885e-18,2.7753296830266917e-17,0.3221849228366844,4.939314307991299e-06,0.6776339894408904,3.3213970113050996e-05,0.0001429344380041,H2,0.01304662,0.010092155,22.645445,0.9226159619613288
1046.5455300871522,4.878552329360167e-06,9.773810972214234e-13,7.49325507869758e-12,0.0259691430813292,0.3176255062195222,0.2065982477212579,0.0002764893607843,0.4495306136171063,H2,0.01497229,0.014230088,4.957169,-5.3117090322276885
1536.9724032445963,9.226869648654183e-10,7.589425127814521e-09,8.3253693826329e-08,0.1728197700479536,0.6897090789956226,0.0001189641612889,0.0705426008997759,0.0668095858953589,H2,0.014152436,0.012607123,10.919059,-9.034945614781678
2696.3861029763493,0.320686042180416,3.9469699222868583e-17,8.172549486146906e-16,0.0414499556368106,0.3763808786340966,0.1000370293887529,0.2962139482013098,0.1859181881390298,H2,0.0143118035,0.0161615,12.924269,-0.49391994227281444
786.8315753515415,4.2532316856968017e-10,1.2109150230915836e-10,5.570209106221285e-10,1.1336015251559665e-06,1.2781906020934763e-05,0.5174558685202592,0.4777566806539968,0.0047735353181978,H2,0.013545643,4.3054574e-13,100.0,-9.371280959378833
1444.319280009676,3.4835222218198244e-06,2.0035291045634108e-12,2.1351895885775784e-11,0.3033192629433741,4.260976808635073e-07,0.6841095398907843,1.52015382492652e-07,0.0125706190527783,H2,0.013065704,0.016624602,27.238468,-5.457981414702271
2271.6352920685445,23.981424303213977,4.577358825894346e-19,7.716119163650469e-18,0.0146966356501879,7.279450993058866e-09,0.0001176504058682,0.9851856919636216,1.4700871074362596e-08,H2,0.014475862,0.016314812,12.703565,1.379874973118838
1065.7648251089954,56663.97133397503,1.3170989780556867e-24,1.0207517079931572e-23,4.341601112241911e-06,2.1900279815544262e-06,0.5879548453400402,0.4120340965054296,4.526525436451439e-06,H2,0.014088938,6.826677e-08,99.99952,4.753307009082942
1827.711086167044,32093.70110087643,2.8305676120286653e-22,3.7662274615603626e-21,0.0604584154821936,3.935034800692355e-05,0.0138183782677399,0.9256825315778358,1.3243242236089113e-06,H2,0.013103169,0.016186161,23.528593,4.506419803571099
2735.78673649325,453.2774362875855,2.9998802565130783e-20,6.274749536539856e-19,0.0985066886967998,0.2620624778364869,0.0028736306538568,8.434899939278677e-07,0.6365563593228625,H2,0.0148022,0.013253941,10.459652,2.656364100837447
728.4142945731752,0.001364050104685,2.727929504978045e-15,1.3197280578137031e-14,0.0157715788575575,5.483042395241328e-05,1.4112397754022431e-06,0.9833899503711254,0.0007822291075893,H2,0.0141108055,0.0144994585,2.7542937,-2.865169676755378
1248.7147050166277,1983.685809518662,4.493983856783881e-23,3.7252760918076914e-22,0.0006774678316763,6.67723051442245e-05,0.5478110099564338,0.4514236901983162,2.105970842934408e-05,H2,0.0136073725,5.3449545e-05,99.6072,3.297472886569267
1573.069382935294,7.822657627878017e-07,1.0550193714999523e-11,1.1410867412802117e-10,0.0178859507352566,0.0003281100184672,0.0041902190021069,0.0003102123921777,0.9772855078519914,H2,0.013425386,0.011044424,17.734772,-6.106645676986128
2647.0513960502813,13463.96933465024,1.0314684033342836e-21,1.9435036231245975e-20,0.2103190837279893,0.1690410340582367,2.6971074865880783e-06,0.2731784540544307,0.3474587310518567,H2,0.013110742,0.012939661,1.3048931,4.129173113825807
2737.4573298297196,373.04548104007273,3.849926838998831e-20,7.618802586650318e-19,0.0586469787697924,6.240161953347773e-05,0.0092513411019265,0.0159390393859698,0.9161002391227776,H2,0.014390698,0.014179233,1.469451,2.571761783445716
2786.3833674127163,39584.953645028334,3.6929861954878457e-22,7.376254006250724e-21,0.1990161755350437,2.5853762593657098e-08,0.0003389197259731,7.64084650456795e-08,0.8006448024767555,H2,0.01321779,0.012224992,7.5110755,4.5975301407063185
1824.26889470942,2.851180841561653e-09,3.445180339630833e-09,3.913371513990921e-08,0.9846232799805588,1.5879670982386318e-06,1.347692585630579e-05,0.0145801623963169,0.0007814927301695,H2,0.014205693,0.013407204,5.620908,-8.544975235864323
2473.5890605378336,0.0696192912262222,1.913134518367935e-16,3.247423208101469e-15,0.1558674730834297,2.602804783390222e-06,0.3834393085530719,0.4133472796496556,0.0473433359090593,H2,0.014200156,0.00994956,29.933441,-1.1572704024551708
2619.736800613569,9960.37779207522,1.874562295564203e-23,3.4463106818449577e-22,0.0157109694657909,0.0107132923058699,0.5501709315650251,0.4234042906471421,5.160161720277485e-07,H2,0.013236408,0.00065022736,95.087585,3.998275811305419
2846.9116447974925,0.7708480570869429,1.9886259163624012e-17,3.80388444514449e-16,0.1890944232517439,0.3508353419802169,0.0547836645961951,0.3993864494315495,0.0059001207402944,H2,0.013186767,0.019993437,51.61743,-0.11303121789167213
2993.0397411359327,0.0005940626486895,2.7128646448674076e-14,5.41181716335088e-13,0.62080727623076,0.0006895571061849,0.3694287861161138,1.4338968819064152e-05,0.0090600415781222,H2,0.014360592,0.016208537,12.868169,-3.226167752753743
2958.947010980088,0.0057017227797151,2.7943382801995344e-15,5.5886765603990693e-14,0.2496726168947341,0.7201017875295473,0.0168115100054617,0.0054984932975042,0.0079155922727523,H2,0.013942376,0.014239364,2.130114,-2.243993902103162
1303.1772566863465,5.703332134049596e-09,3.154700263878892e-11,1.022122885496761e-08,0.9371058662900982,0.0218057901393685,0.0002138795459249,3.398181858832154e-07,0.0408741242064225,H,0.014635053,0.014200239,2.971045,-8.24387133650101
1618.1152328900675,3.109045920283161e-09,7.185642061120103e-11,2.8886281085702812e-08,0.0068704887690655,0.0005499654514482,2.027976215976463e-06,0.9925764386775816,1.0791256885560824e-06,H,0.013366346,0.015078776,12.8115,-8.50737286342535
1896.4924327783292,0.0024896025330565,1.0517302878132383e-16,5.2376168333099283e-14,0.8330436674880158,0.0001897088197953,0.1324602373265897,0.0337229855398152,0.0005834008257838,H,0.013870722,0.014287118,3.001979,-2.603869982815445
1896.4924327783292,0.0024896025330565,1.0517302847066483e-16,5.248134120686176e-14,0.934843105935932,0.0646860269744529,4.851258883527812e-07,2.123770051526697e-06,0.0004682581936753,H,0.014265696,0.014306343,0.2849323,-2.603869982815445
2666.09514348344,12.55753240784465,2.9312618702196073e-20,2.0782646659857013e-17,0.9996496592412808,4.409177474622224e-06,0.0002772197241052,6.826202225040905e-05,4.498348888120545e-07,H,0.013989626,0.012865568,8.0349455,1.0989043076382714
2325.376015263321,0.3657168664719256,1.7557452217602638e-18,5.486703818000824e-16,0.5357727412800533,4.048534008963597e-05,0.0003596620075788,0.463814588679946,1.252269233217469e-05,H,0.013216299,0.013418709,1.5315174,-0.4368550100016524
2542.190945791118,4.019296414944251,2.6197670124847186e-19,5.83334788113264e-17,0.9984008522278768,1.5865864022311296e-07,0.0015971938239513,2.5235773544060246e-08,1.7700537580372618e-06,H,0.014933372,0.016134381,8.042453,0.6041500357087521
1761.084574719089,0.0003388633898081,2.8701119488389096e-15,3.2791029015484544e-13,0.8895719351918914,0.0001724838725124,3.9785353737650926e-05,0.1029163010124083,0.0072994945694502,H,0.0130334655,0.013490497,3.5066013,-3.469975349023864
2007.9394358054035,4.14352473457625e-08,2.6762331511065552e-11,3.51924659370512e-09,0.0131131241360907,2.9573619932609907e-06,1.7042856217395394e-06,0.0010655579483386,0.9858166562679554,H,0.0131557295,0.013420957,2.0160618,-7.3826300643120355
2791.7350357834343,2.1586715635154503,7.142180999196451e-19,1.333802301599937e-16,0.3529116568079617,1.0030361162740149e-07,0.6446906193273975,5.615376452879262e-06,0.0023920081845761,H,0.014094333,0.012740131,9.608135,0.33418657054017586
2867.908256677174,58.98069763146113,2.6853359323846212e-20,5.3035384664596265e-18,0.9922712463994224,8.307154718062515e-07,0.0077177710052628,1.0141251534142382e-05,1.0628308687175753e-08,H,0.013315103,0.012083298,9.251189,1.7707099051385011
1959.6330610939308,0.0083136250481198,1.6271875448053755e-16,1.6304419198949862e-14,0.998462391466316,0.0003616840326051,1.0350524037431954e-05,0.0011649678697789,6.061072625141403e-07,H,0.013368011,0.013238072,0.97201484,-2.080209566455327
2223.5796406599843,6.095837300715893e-06,2.518097888590561e-13,2.8807039845476024e-11,0.0159918943973904,4.098620497284377e-06,0.9839991667137892,4.824794899201517e-06,1.5473423889843182e-08,H,0.01411864,0.014095447,0.16427027,-5.214966632932276
2459.4138040095468,3.2005614869065937e-10,6.365604708120923e-09,6.800587696509186e-07,0.0121049051717391,2.3976871250157657e-05,2.6860319185250083e-05,0.3463723680664966,0.6414718895713288,H,0.014603922,0.0105743,27.59274,-9.494773825031935
1314.4947236479045,9.51095063079896e-09,1.3357224942893162e-10,6.201568723486111e-09,0.9822289016895728,2.9247511497936234e-06,5.358827168863123e-06,0.0003073162323235,0.017455498499785,H,0.014022168,0.013794932,1.6205497,-8.021776072644393
1472.607042760673,1.0624475595223973e-07,1.3395554789563056e-11,7.061371024783954e-10,0.1634026620540047,0.1828844285086479,0.0719831645347431,0.0032874022204328,0.5784423426821712,H,0.0143511705,0.013143491,8.415198,-6.973692496733744
1632.804899678144,1.6332202009487865e-06,9.66208625691011e-13,5.673024930842936e-11,0.0736656524161321,0.1280095878620726,0.0001476332454283,0.3851118096820462,0.4130653167943207,H,0.014063781,0.0152956955,8.759482,-5.786955257020942
1956.852839218951,5.49131402170395e-10,3.443999706297474e-09,2.3615997986039825e-07,0.0098931859488558,0.2918095040371997,0.2848333723995047,0.0002408947678614,0.4132230428465782,H,0.013838919,0.0122162765,11.72521,-9.260323720378448
2831.3561285148876,0.0046467519730728,5.888793554724342e-16,6.233708605786769e-14,0.0081606217676189,0.0025652726248473,0.0068234451432086,0.8933833946475631,0.0890672658167619,H,0.014599116,0.01503295,2.9716477,-2.3328505079817643
1264.989895420927,2.7604044913075446e-10,5.061596524514437e-09,2.0246386098057749e-07,0.357941193261802,7.582475154492967e-09,0.6403802767824323,9.410899797572083e-05,0.0015844133753149,H,0.013279736,0.0145917805,9.88005,-9.559027274647978
2308.410241901104,0.0009601497563448,2.6555059957517505e-15,2.054697764212917e-13,0.0504269246081985,0.9495567164227778,4.595739047389861e-06,4.275852263199972e-09,1.1758954123900208e-05,H,0.014061262,0.0152571155,8.504597,-3.0176610239585187
1213.6854901421436,3.070033042881895e-10,4.912344696796792e-09,1.533743177555443e-07,0.998728133543898,7.255721661912456e-05,0.0011272482590307,7.205067040349562e-05,1.0310048437351754e-08,H,0.014398784,0.014523016,0.86279446,-9.512856950169704
1690.2634520632032,2.8511238451557393e-08,7.366549086912085e-11,3.331317198192465e-09,0.0995633947392629,0.0016463592315778,0.898788627004337,3.395196315315081e-08,1.585072859095341e-06,H,0.013942403,0.0131193,5.903594,-7.544983917695946
1551.8812667044888,0.2199904712841117,1.232881764036663e-19,5.821941663506465e-18,0.1354425966736281,9.927737257651588e-05,0.4525952338263279,0.4109518154572146,0.0009110766702528,H,0.014065041,2.7765302e-06,99.980255,-0.6575961298975735
1992.897643826828,0.0005373823385419,4.6081583780151966e-15,2.7444143229068283e-13,0.0534118168494263,0.0018294818379856,0.0023876274964515,2.770870570017903e-06,0.9423683029455664,H,0.013015959,0.012312186,5.407004,-3.2697166110696503
2021.5815680423975,2.3648679392951517,1.519144309508517e-20,9.216142144351673e-19,0.0002368966910645,0.0003140313573043,0.5359499247946118,0.463435506140215,6.364101680435032e-05,H,0.01430174,2.7914948e-07,99.99805,0.3738068935572372
1639.5776669485738,1.1845770861236905e-06,1.910961582266444e-12,7.834942487292419e-11,0.0461415027184243,0.0315105488483968,3.95505946887482e-08,0.0108841531720654,0.9114637557105186,H,0.013652778,0.012098114,11.387164,-5.926436672392599
1639.5776669485738,1.1845770861236905e-06,1.910961558626455e-12,7.85405200595473e-11,0.0449962158615321,7.031386099223599e-06,3.315357850263423e-05,0.8570554418116368,0.0979081573622291,H,0.014271936,0.014032553,1.6773018,-5.926436672392599
2625.350919091712,385.2107678512923,1.3165013075052225e-22,9.386654322512235e-21,0.0366600389323158,0.0006745570427567,0.5223199998076961,0.4401586864113954,0.000186717805836,H,0.01399101,9.63909e-05,99.31105,2.585698418517495
2135.8714307197215,0.0002323480005496,1.3960859379626748e-14,7.323105329131485e-13,0.0116156330140653,1.1567379284714905e-07,0.0021015713035616,0.7414322348242683,0.2448504451843118,H,0.013705139,0.0143044805,4.373115,-3.6338610604522175
2375.663008721998,8.64738945461259e-08,4.5516026775883176e-11,2.2985593521821006e-09,0.0133093977180581,7.63179880075232e-05,0.0059806347443377,0.0096880924381028,0.9709455571114936,H,0.013456322,0.013021703,3.2298527,-7.06311498115617
2499.74759917971,0.0054226334810858,7.637486203989383e-16,4.20061741219416e-14,0.0131984190396098,3.9286523246651994e-08,0.0125489791986204,0.0980714282421322,0.8761811342331142,H,0.013599703,0.013468572,0.9642207,-2.2657897487862426
2880.5519782777824,1.242942665531062e-05,3.8396280559020034e-13,2.4701607159636216e-11,0.008314298442759,0.0004075830109418,0.9151011224084044,0.0543351986932313,0.0218417974446633,H,0.014977676,0.015656555,4.532607,-4.905548904035562
1676.9976621073463,5.498626859982134e-05,5.895077424907221e-14,1.7474693795260686e-12,0.7817922826816674,5.988200627881561e-07,0.0281648840096634,9.814043498848915e-07,0.1900412530842563,H,0.014025088,0.0132179465,5.754986,-4.2597457507944085
2987.034598879919,2.4328830912653037,2.373178154169008e-18,1.3323700208406002e-16,0.4174721564779985,0.5524767523528796,0.029945792071869,1.461637929537841e-09,0.0001052976356147,H,0.014137288,0.015417715,9.057091,0.38612124002894704
1851.2297325305024,0.0014385104564546,2.665151095204007e-15,8.86606931004533e-14,0.9999552875542738,4.468051452950691e-05,1.8948386190374853e-08,9.561166600569058e-09,3.421643679426977e-09,H,0.014245207,0.013603698,4.5033317,-2.8420869768991133
2962.4071679497483,80.64779549599562,7.607234272445063e-20,4.006476716821066e-18,0.9227624805697572,0.0756707231868455,0.0008937804193553,7.243798518268953e-07,0.0006722914441902,H,0.014194852,0.013941439,1.785245,1.9065925004663367
1040.7030964437529,3.341711443818518e-05,9.783886648673208e-16,1.5593069346322928e-14,0.0002642550898647,2.432628305518036e-06,0.5587499515305686,0.4409783229250605,5.037826200643152e-06,H,0.014221659,8.439124e-10,99.99999,-4.476031054073923
1295.2114500417415,7.186393085583296e-10,3.981374333740613e-09,8.037399436238864e-08,0.1419600206362257,4.923570213917654e-08,3.1111422358823315e-06,0.7569184087604174,0.1011184102254188,H,0.013889071,0.012303206,11.418075,-9.143489031184984
1975.2528114871436,0.0014956098722365,2.917478294757268e-15,9.080651192431997e-14,0.2008200722902428,3.16914526224327e-05,0.0001712538611773,4.238357798969376e-05,0.7989345988179676,H,0.014746856,0.015513637,5.1996245,-2.8251816768130267
2712.6734576083036,1.3744588615703915e-05,4.359824805330694e-13,1.997344738942124e-11,0.0097173853973963,0.6452581331242415,0.2037795855088411,0.1396364103095056,0.0016084856600154,H,0.013390889,0.01364358,1.8870305,-4.861868254336587
2745.96159053271,0.0007841175568601,7.736001503017253e-15,3.568230693266708e-13,0.0126982667664478,0.9522893806583888,0.0016603326979135,0.0002545529195963,0.0330974669576533,H,0.013325121,0.013801447,3.5746455,-3.105618821922237
2138.2003338324967,0.0425907419676322,1.247639093998689e-16,4.034033070595761e-15,0.6836785016446463,0.0015852276977118,0.3133925657549721,6.41596926231634e-05,0.0012795452100468,H,0.014486646,0.013775314,4.91026,-1.3706847940741353
2362.083197815978,3.627063054163168e-09,1.6184371739020232e-09,5.4397471678373575e-08,0.0107265861562383,1.7923696540634572e-08,0.80174945591657,0.0002876662849847,0.1872362737185104,H,0.013354118,0.012171319,8.857187,-8.440444894423123
2474.623197401146,1.5274854904728097,4.0261298280264026e-18,1.491904775163117e-16,0.7540337611503426,6.255976279960435e-09,0.0002325542648777,4.878500270520117e-06,0.2457287998285329,H,0.01483561,0.014503042,2.2416863,0.18397709358724512
2494.1446030866323,3.1696626361017595,2.064170051409317e-18,7.257187338639071e-17,0.9980638541718422,4.3230549740136874e-05,0.0009379293781161,0.0005584417769353,0.000396544123366,H,0.013658094,0.012778382,6.44096,0.5010130404271145
1913.868352745469,0.2440967256265598,2.8641942096025213e-19,7.232090379246364e-18,0.0030094713496229,0.0143227822857868,0.5062510090570412,0.4764135731661801,3.1641413687256663e-06,H,0.013229367,3.2792627e-06,99.97521,-0.612438046276603
2014.928247019829,0.0010614642417842,5.241643690002117e-15,1.4100021526105694e-13,0.0852919698489024,0.1149759355070153,3.0902834322180258e-06,4.6920250754273406e-06,0.7997243123355745,H,0.013227902,0.013491405,1.9920228,-2.974094631603851
2405.409700203687,1.4685541427935953,4.5228519694994746e-18,1.4179140924380854e-16,0.9977967964945806,9.450117053036612e-05,0.0001789220094935,0.0004284962442583,0.001501284081137,H,0.0133589655,0.012884154,3.5542536,0.16688996276418597
1757.1651075967238,5.356032044050638e-06,9.512002999494933e-13,2.0473454075103374e-11,0.0225353001480422,0.0015016424482368,0.000866887456857,0.9750868793890288,9.290557834913604e-06,H,0.013012068,0.012903992,0.83058476,-5.271156833356679
1787.2858799140124,0.000248150989612,2.0882409505449388e-14,4.5344660640404387e-13,0.5438426279259253,4.116028942828223e-05,2.0609757531633122e-07,0.4561159682471053,3.7439965851725254e-08,H,0.014899331,0.014372019,3.539166,-3.6052839885215686
2447.2831203779137,1.7382196650648083,4.082085842003085e-18,1.2946043670352642e-16,0.9588501375850907,0.0410504293096093,2.3797631499908384e-08,9.937595711309209e-05,3.335055534846681e-08,H,0.0142883295,0.014929642,4.488365,0.24010465893501903
2605.37825116011,7.769452753840297,9.722611464683932e-19,3.2779090080934396e-17,0.995276627732823,0.0041317545770055,0.000249369939913,0.0002944845337448,4.776321651352979e-05,H,0.013922794,0.01381095,0.80331194,0.8903904300805436
2605.37825116011,7.769452753840297,9.722611462139524e-19,3.282538822217582e-17,0.9998626330182872,4.61992912866127e-07,4.496355610950646e-05,8.823776830097501e-05,3.7036643892818834e-06,H,0.0139825735,0.01345016,3.8076956,0.8903904300805436
1757.30534091586,0.0003263960038807,1.6353411292177064e-14,3.3970495275113273e-13,0.9996648344856648,0.0001775361721215,1.0692329804004584e-07,0.0001560523324868,1.4700864288465603e-06,H,0.01364007,0.013652919,0.09419692,-3.4862551670235224
2107.8166160966807,0.0001051553239811,6.088460911687036e-14,1.4861379588981537e-12,0.0468042810212854,0.9281766696259118,0.0034749605801143,0.0192391973539733,0.0023048914187149,H,0.01309564,0.013458496,2.7708178,-3.9781687342274923
2609.609533117817,4.675989858409868e-10,1.6951482978901262e-08,5.247254503923528e-07,0.0131289470642888,4.910905020778467e-05,0.0411929393084224,0.0102628799369987,0.9353661246400822,H,0.013190153,0.012905144,2.1607704,-9.33012643943522
1845.124324277952,0.0013405968374078,4.370574947895296e-15,9.463244887181989e-14,0.9028328787087272,7.715477852809033e-09,1.0957592321343288e-05,0.0782884870909577,0.0188676688925157,H,0.013315617,0.013045035,2.0320635,-2.872701809482022
2334.542694557198,0.0002937308308223,2.523849266237308e-14,6.770499988123563e-13,0.0733491151397748,0.0481174605161058,0.787725842472671,0.0467542244050673,0.044053357466381,H,0.014459523,0.013239369,8.438416,-3.5320504663023113
2610.360292661044,1.6374888806441706e-08,5.062128984637732e-10,1.5054331415183522e-08,0.013299397369237,1.2674410048613154e-06,0.9854879286692396,7.363973909834538e-06,0.0012040425466084,H,0.013427923,0.013406786,0.157413,-7.785821640399553
1261.7266530745203,7.43066726123379e-10,5.626416519513134e-09,7.548775497013455e-08,0.5208517131153318,0.3226916490785361,0.1257926920057254,9.110419352588286e-06,0.0306548353810538,H,0.013161402,0.01674735,27.24594,-9.128972185585292
2511.9055545523456,3.1938662601882033,2.6060401603703125e-18,7.253478446364036e-17,0.993640212987193,7.688912066012453e-08,0.0062585451633305,0.0001007703099879,3.946503677607085e-07,H,0.01466987,0.014181268,3.3306472,0.5043167265556487
2603.684369528332,1.675886541072494e-08,5.147996471123954e-10,1.4693239927999622e-08,0.0125016002232787,0.0073935647810867,7.007906967570693e-05,0.2556600803133936,0.7243746756125652,H,0.014319437,0.0138210375,3.480578,-7.775755386811987
1930.6724697337904,1.0174608479634373e-10,6.549582475923143e-08,1.2575198353772436e-06,0.006077162331385,0.1433400651686467,0.8496723800534528,4.588204769935896e-05,0.0008645103988159,H,0.014393199,0.014331367,0.42959434,-9.992482293493975
1863.731126308115,2.3074959488263916e-05,2.78782560503456e-13,5.508743395548291e-12,0.0248311163585743,3.316712159452898e-07,1.4253381196006797e-08,2.55553357901117e-05,0.9751429823810384,H,0.014134924,0.014697956,3.9832685,-4.636859052773941
967.6939272517768,1.7909184363345757e-07,2.85140865730898e-13,2.281126925847184e-12,0.0289783303975933,3.3726790606895197e-06,0.5309157374988588,0.4400969041157978,5.655308689264746e-06,H,0.014700788,1.4345114e-08,99.99991,-6.7469241927419406
2696.661601181121,0.19660819826797,4.9235828216170306e-17,1.3350484189384642e-15,0.2515190334148885,1.4233749859519433e-06,0.7397019349342939,3.445130925662032e-06,0.0087741631449059,H,0.0147919515,0.016373184,10.689814,-0.70639837669561
1957.396659927933,0.0015589485891309,4.6805191579228834e-15,8.632957557946653e-14,0.3779274413770062,0.0052248833739696,0.4518919932673356,9.547978083708997e-08,0.1649555865019078,H,0.014973226,0.014127108,5.6508713,-2.8071682067001333
2809.197443173501,1.380553820159603,7.585355907396516e-18,2.098615134379703e-16,0.0448216970907802,1.115258534858858e-05,0.0334005448602556,0.8553205412468644,0.0664460642167511,H,0.013037089,0.012037573,7.66671,0.14005334204570374
690.3666407019778,4.1458180515161213e-10,9.158635296745122e-11,5.266215295628443e-10,1.5971800800969973e-05,1.2752158166648036e-08,0.5414105977883151,0.4585690972610486,4.320397677006293e-06,H,0.014227215,2.404195e-13,100.0,-9.382389761807156
2380.234919668329,0.9035178170304776,1.0184141315820277e-17,2.276883022751247e-16,0.95629629159893,7.982428157366162e-06,0.0436692053259789,2.6507391437180675e-05,1.3255496422418043e-08,H,0.014762516,0.014381614,2.5802007,-0.04406327889527269
2905.4641941187597,2.1325991916526235,5.266809617935861e-18,1.478468699891995e-16,0.0633957795210038,4.157750072661231e-06,2.8454336042242723e-08,0.0697245338304004,0.8668755004441869,H,0.013938669,0.0143821705,3.1818058,0.32890924025481816
2881.9421062848023,17.5567742981102,6.345731924228144e-19,1.7858702701042066e-17,0.6658810610607073,0.2759064602576941,0.0580208425505386,2.642564397421627e-05,0.0001652104870857,H,0.0145283835,0.013740353,5.4240737,1.2444447260793634
1219.5851445608823,3.740012004624887e-10,1.3506524331402546e-08,1.260608937597571e-07,0.8814096910294648,0.0050679706338353,0.0018426248431235,0.1116796931003388,2.0393237546700322e-08,H,0.013611784,0.015300368,12.405309,-9.427127003806477
1821.6926022947885,0.0008135391257275,9.274728123545455e-15,1.4190334029024552e-13,0.9969681688217188,0.0004069077600483,1.2930641483821763e-06,2.268804573322061e-06,0.0026213615495111,H,0.014883915,0.014982289,0.66093993,-3.089621555598733
2291.489194239394,2.057858773694485e-05,4.612185692415082e-13,9.454980669450916e-12,0.021640695162474,2.2249131737112108e-05,0.9758349970300826,1.9779875771066988e-08,0.0025020388958303,H,0.014619705,0.014123773,3.3922167,-4.686584433222633
1263.302285547741,2.42318403726263e-10,2.2313399979691136e-08,2.310516578542211e-07,0.1289829882550101,7.5539510549601e-05,3.9976483895877176e-05,0.8707176517919261,0.0001838439586184,H,0.013576356,0.014209418,4.6629734,-9.615613600582922
1429.3888415070792,1.6084240241635197e-08,3.8036006926653664e-10,4.466163393968366e-09,0.3054632336929977,0.0152302931362678,0.6769486094594496,0.0023207483151409,3.7115396143966086e-05,H,0.014821147,0.013618217,8.116307,-7.79359944869787
2426.914997527019,1.5728068819426733,6.604259680875766e-18,1.4209810345626244e-16,0.8320375306540595,1.0099147546092317e-07,8.65772310246559e-08,0.1679616076637379,6.741134961897028e-07,H,0.013045077,0.013294617,1.9129018,0.19667540078255996
2782.3020451491943,0.0159977453960256,7.443727581035772e-16,1.7768898096666036e-14,0.0251946147745974,0.9615775745209624,2.445864302717355e-07,0.0123292001228957,0.0008983659951141,H,0.01475341,0.016183348,9.692259,-1.7959412192853033
2733.144242932008,0.0423293523620454,2.7635409577692144e-16,6.614669002144378e-15,0.0493084374778845,0.9424449877547568,7.465559257950457e-06,0.0082390799380456,2.9270055017249493e-08,H,0.013041988,0.0134623805,3.2233775,-1.3733583761690709
1326.147206035387,1.0895048244744206e-08,5.377690894774584e-10,5.461717315005438e-09,0.8104108515564639,4.507932980469717e-06,2.706808127950927e-06,6.329784278227533e-06,0.1895756039181493,H,0.014181791,0.01466328,3.3951218,-7.962770842298882
1519.4234789823206,6.729830805512277e-07,9.974887028012576e-12,1.1564634648102081e-10,0.2826986457966244,2.8976811775591756e-06,0.0023579092123143,0.0005443547159324,0.7143961925939513,H,0.013886527,0.013413328,3.407615,-6.171995854224175
1970.2819507286265,0.0079277869186741,1.0980185339374348e-15,1.7156539592772423e-14,0.970658305516212,2.0303015625323707e-09,3.66940391182273e-05,1.5648476832681322e-08,0.0293049827658912,H,0.014471645,0.014804506,2.3000925,-2.100848031238177
1536.9724032445963,9.226869648654183e-10,7.589424893890647e-09,8.348367383279713e-08,0.0119330060380239,0.027953482063147,5.4629363962954185e-05,0.0015778592156517,0.9584810233192144,H,0.0136105465,0.013792736,1.3385941,-9.034945614781678
1426.7855037665945,1.4211458240795742e-07,4.5742222413452456e-11,5.10095086307591e-10,0.6898256246647541,1.0634614434178763e-05,0.2682991647603598,0.0314345110005171,0.0104300649599348,H,0.014558489,0.0143799,1.2267034,-6.847361356735589
2128.1951864378098,0.0570267746121912,1.7003168715400555e-16,2.792641649620334e-15,0.750350315271553,0.0008114813777287,0.0716648174970398,0.1751738494752019,0.0019995363784765,H,0.013175673,0.0138387475,5.0325675,-1.2439211910615675
2848.421374609778,7.230218763919416e-09,1.7949402767356287e-09,3.943429395858578e-08,0.0133671896743205,0.9824481908306252,0.0037961697689818,4.3801052432684337e-05,0.0003446486736397,H,0.013417188,0.013924603,3.78183,-8.14084856210717
1215.8215751004911,3.8291136465337814e-10,1.4905060015278955e-08,1.231859371850996e-07,0.9875633542772414,5.5463203380421154e-05,0.0100944302557908,0.0022597583954885,2.6993868098762637e-05,H,0.013335865,0.013144842,1.4323978,-9.416901743777654
2865.7904838681043,22.755547805620814,5.91179530667641e-19,1.3753617904650117e-17,0.485435351263706,0.0331826686242532,0.000492362124526,0.4779066670970381,0.0029829508904763,H,0.013969715,0.013254084,5.122732,1.3570872949553365
786.8315753515415,4.2532316856968017e-10,1.2109150230915836e-10,5.570209106221285e-10,1.1336015251559665e-06,1.2781906020934763e-05,0.5174558685202592,0.4777566806539968,0.0047735353181978,H,0.013545643,9.0405277e-14,100.0,-9.371280959378833
1312.3916753086594,2.512625473557454e-09,2.523985508423497e-09,2.3220666677496172e-08,0.4407585874464749,0.0490985976028871,0.5095071109628906,7.380643367651985e-07,0.0006349659234106,H,0.013852624,0.013563259,2.088887,-8.59987224156628
1492.0787996270478,2.615960859561604e-07,2.7562071371088997e-11,2.90582981026624e-10,0.2146281316061822,4.483709332490808e-07,0.0019750503536443,0.7833954925914873,8.770777526934986e-07,H,0.014153763,0.014057115,0.68284315,-6.582368758284919
1587.0506785788436,1.1939826616882191e-05,6.423091397679662e-13,7.579247849262001e-12,0.965353518309542,0.031264470272332,5.0821976223923015e-08,0.0033804453681929,1.5152279568384626e-06,H,0.013147271,0.013499621,2.6800244,-4.923001979729099
2329.899773932655,0.2115781718475852,5.4733374380904865e-17,9.48711822602351e-16,0.342315294102561,0.0013872318457608,1.5650030697771486e-07,0.6562896008113015,7.716740069796353e-06,H,0.01410092,0.0132343415,6.1455483,-0.674529139732961
2638.2663275353148,2.1154286525156773e-06,6.3709655817350125e-12,1.1898208694537548e-10,0.0132299980187308,0.2903304772455182,3.1511653084010225e-07,0.1468345217056238,0.5496046879135963,H,0.014347165,0.015374704,7.161968,-5.674601617622342
1394.1589284621662,3.970835689074606e-08,1.8420322303093012e-10,1.58511720871353e-09,0.5414427606348166,1.8808270789717423e-08,0.4585296324281021,2.7238226658595744e-05,3.499021522145492e-07,H,0.013897927,0.014802253,6.5069156,-7.401118083423299
1900.7301339662251,7.53778015282939e-08,1.3229517148927476e-10,1.695467066191495e-09,0.0089422407669972,3.205607011407123e-07,0.578267042313024,7.177157964984118e-07,0.4127896786434811,H,0.013713913,0.013847617,0.97495437,-7.122756533350384
2915.540129982638,4.646160893467576e-06,3.2922412926188776e-12,6.688448099741509e-11,0.0074110759938968,0.0401773042643402,2.4892802171190927e-05,0.8941486844623535,0.0582380424772381,H,0.0133838,0.0137304105,2.589775,-5.332905754945757
2529.6857137983698,5.8644111983722755e-08,2.3226835490684023e-10,3.8473168530722776e-09,0.010862191372574,0.0057204170280248,0.8772494060567865,0.1060631524424487,0.000104833100166,H,0.014023949,0.014296441,1.9430472,-7.23177558561743
2857.5372810357685,5.024267770867028e-10,0.0,5.975672776354799e-07,0.584952610117377,0.0116370894166649,6.201254079240812e-08,0.4032984391986587,0.0001117992547585,O,0.013826904,0.013515546,2.2518265,-9.298927222712141
2693.220282381062,7.150034976762535e-06,5.200522657021702e-14,3.598761678659018e-11,5.128058101626396e-07,0.0144544928965817,2.2211771135851505e-07,1.370189435917091e-06,0.9855434019904608,O,0.013722256,0.014422421,5.1024084,-5.1456918336985265
2417.707284525085,1.116713198070959e-05,8.967401344527226e-14,1.8293498742835544e-11,6.828897842004008e-09,0.0297560329017667,0.0001866750277122,5.000074333897205e-05,0.970007284498284,O,0.013352407,0.013572255,1.6465048,-4.952058351046019
1901.8702589315235,0.0002750997692128,3.817983124562014e-15,4.734299074456899e-13,0.1992849980739669,0.7160266490629917,0.0826984763144451,0.0019898560804868,2.04681092882578e-08,O,0.013379724,0.0122303935,8.59009,-3.560509773949282
2791.751143246074,0.04222809394962,3.651056089149114e-17,6.772709045371607e-15,3.528761408292356e-07,0.3571722542164016,4.705164946417157e-07,0.1848916466540659,0.4579352757368971,O,0.0134145375,0.010999187,18.00547,-1.374398520892021
2787.9288929748072,0.4533189176487084,4.245522401507579e-18,6.325828378246293e-16,9.791677056810791e-09,0.0440591867707306,0.00082799264107,0.9551117768668992,1.0339296231451947e-06,O,0.013003109,0.012956594,0.35772142,-0.34359615683142236
2712.7252811072735,8.069373521632984,2.3207014996857875e-19,3.471769443529938e-17,6.031148715658577e-06,0.9911899829813456,0.00798394416919,0.0008170919950918,2.949705656703565e-06,O,0.013226986,0.013589618,2.7416062,0.9068398189031015
1929.5536534431951,1.3737801482830949e-05,1.3574409471414878e-13,9.5408706570516e-12,1.5187817181090852e-05,0.0252628018664855,8.157846622424383e-07,0.9747203989445736,7.955870976993901e-07,O,0.013544143,0.014181325,4.704484,-4.862082763657212
1764.9966856159972,1.0350357721298024e-05,1.8834835074788053e-13,1.0641681817255247e-11,2.130467518624635e-05,0.7178048807240177,1.0485548980346125e-07,0.0142908719783995,0.2678828377669067,O,0.013273262,0.014859813,11.952984,-4.985044640187633
2401.553144815772,0.3642394897394118,7.282465611203021e-18,5.680323176738356e-16,2.8747553272020184e-08,0.999233243685716,2.739008392651071e-05,0.0007370135509291,2.3239318750392676e-06,O,0.014398384,0.014224456,1.2079704,-0.43861297109958386
1932.906074721024,4.702342140424953e-05,5.107664115726968e-14,2.809215263649832e-12,0.3637703450279382,0.4741215324180857,0.1518935920354613,0.0098300201208314,0.0003845103976832,O,0.014006655,0.013671136,2.3954206,-4.327685774978668
2446.20423901829,0.5893166602895248,5.7309586916091755e-18,3.81681848861171e-16,9.446361331045197e-09,0.9994034029752344,1.102712197154288e-05,0.0005854927105613,6.774587135033572e-08,O,0.014307465,0.01442334,0.8098865,-0.22965128099965604
1987.113381804621,1.6616065622387004e-10,1.8162266155784635e-08,8.602309697421632e-07,0.0001371214750969,0.0067888749753493,1.1929244609887916e-06,0.9930698608493368,2.949775755982227e-06,O,0.013475405,0.012874102,4.4622245,-9.779471801295761
2219.787027478299,0.0285644490695912,1.1802158025205238e-16,6.255143753358777e-15,2.249211999007776e-07,0.8568833005722022,0.1372805607618819,3.6330601835090586e-05,0.0057995831428808,O,0.01469908,0.014765395,0.45114946,-1.5441741478801287
2457.4548789841856,0.7228265663958721,5.163300654464419e-18,3.126143850793912e-16,1.5744785010557002e-06,0.9996761353915932,0.0002380953925011,1.2131217607116293e-05,7.20635197976395e-05,O,0.013691966,0.014221141,3.8648553,-0.14096589398174153
2571.4826730881423,2.0712645718712802e-07,2.2283051294254575e-11,1.1810017185954926e-09,0.0182732748038152,0.0098191359445891,0.0004705356862735,0.6587633359215656,0.3126737176437565,O,0.013898957,0.014294967,2.84921,-6.6837644231900954
2916.055407219295,1.4048555823535576e-08,4.012133716677297e-10,2.1894786853867533e-08,0.0591808459390813,0.0153612376305517,0.0004977051978832,0.0033995733479995,0.921560637884484,O,0.014881736,0.014944309,0.42047316,-7.852368318471067
2064.4879197250325,0.0067486069485963,6.335381220737757e-16,2.2849608269460843e-14,0.0026559110700446,0.9927197436796088,1.0761342703818694e-08,0.0046243279870653,6.501938659346961e-09,O,0.013022814,0.01203307,7.6000743,-2.170785865239346
1473.846808437985,3.5773753036478285e-08,9.101041741864915e-11,2.0875514495402654e-09,8.540076187506789e-05,0.9712591514270178,0.0056392235152163,0.0230088772283792,7.347067511613414e-06,O,0.014534727,0.01446681,0.46727192,-7.446435495480552
2450.515237472307,0.2420321419061181,2.5161711650769506e-17,9.281875853394974e-16,1.4116390194005357e-07,0.7506331383880052,0.2405583396297488,0.0042580611607162,0.0045503196576278,O,0.01365724,0.012832472,6.039054,-0.6161269558148508
2920.22555279286,2.3821693466072661e-07,3.0464885635900925e-11,1.299835120465106e-09,2.6041718071314806e-08,0.013736103000952,0.0006230422682342,7.254638575182703e-06,0.9856335740505204,O,0.013119029,0.013077107,0.31954822,-6.623027368091349
2309.58026357315,0.0001039941763157,5.82587180382256e-14,1.8888089637656297e-12,1.1448147909063823e-06,0.0183923785638571,1.737324274134255e-07,0.9573465161111816,0.024259786777743,O,0.013018844,0.014525238,11.570879,-3.9829909805547974
1613.690070231709,2.0061240277406973e-09,2.3321947001459943e-09,4.4755926864706465e-08,7.123182046473347e-07,0.5245824874569969,3.041423625328082e-06,3.42970779619483e-06,0.4754103290933769,O,0.013415362,0.015749315,17.397615,-8.697642220419151
2736.2986535912764,0.7449989668028798,1.115613441065189e-17,3.7880147294349824e-16,0.6340407918000635,0.3658030725050424,1.0306620813637592e-08,0.0001433635079691,1.2761880303952466e-05,O,0.013390638,0.014964969,11.756953,-0.1278443295498537
2018.9791009271376,0.0021691475681568,2.9556557078122714e-15,6.913664220882618e-14,2.9601314981413324e-08,0.9197479824583336,0.0797505491331618,0.000415860679358,8.5578127831478e-05,O,0.014971537,0.014838916,0.88581645,-2.663710901717396
2770.195924466867,9.479219895663036e-06,9.280022018975395e-13,2.953467877343474e-11,0.0727753991601539,0.0145813908602075,1.939840945149453e-05,0.0002031405182262,0.9124206710519608,O,0.014085746,0.013831984,1.8015524,-5.023227402002572
2928.7819356333016,23.59882327028957,4.112360820917317e-19,1.3536521035519503e-17,0.0369438279948079,0.8502935940099124,0.1127431400134065,1.876237037185441e-05,6.756115012882743e-07,O,0.014993449,0.015526606,3.5559335,1.372890347887008
1577.6820416559208,6.290070873460561e-07,8.657395030287261e-12,1.4198127849671106e-10,3.5001010712337713e-06,0.9999920132025506,2.842442004099134e-06,1.2672314526741085e-07,1.517531228797815e-06,O,0.013837575,0.013661699,1.2710003,-6.201344461108081
1954.742478720369,2.052429232836459e-09,3.2873399787037843e-09,6.351140838855711e-08,0.9844913633188712,0.0148752148660295,0.0006329703648681,4.291903893273019e-07,2.225984183122633e-08,O,0.014240881,0.015035184,5.577623,-8.687731808297908
2953.3952519441336,2.063860956695664e-07,4.939288886689978e-11,1.5193252615458371e-09,0.9834327464510336,0.01468354071908,0.0008005115990737,1.7159348473170557e-06,0.0010814852959651,O,0.013894841,0.013680313,1.543942,-6.685319564687211
1975.513650658027,0.0014529596476243,4.880711224079438e-15,9.367211156983229e-14,2.707588372693584e-05,0.9992055070274852,2.48065467010027e-09,4.397103012093944e-07,0.0007669748978319,O,0.014402082,0.013237085,8.0890875,-2.8377464469940983
2097.3077465995457,0.0083951582391965,8.967882412011204e-16,1.8660093788069468e-14,4.603094168600379e-07,0.9745979505909336,0.0253976067994003,1.0295262954638845e-07,3.879347619894641e-06,O,0.014402931,0.014502968,0.69456065,-2.0759711134911276
2232.8427327632025,1.1769886184794796e-06,6.8099277230832324e-12,1.4955648961078942e-10,0.0008140678342374,0.0310957991823852,0.0002364066802172,0.0004989286455554,0.9673547976576046,O,0.014271904,0.014645359,2.616713,-5.9292277367788735
2518.8146486365736,8.029833074861601e-06,1.1260205688692315e-12,2.8237131188566886e-11,0.9838582533372578,0.014588495089663,0.0014001906374123,9.473486906960452e-05,5.832606659691713e-05,O,0.013110205,0.013450273,2.5939238,-5.095293482793549
2910.4529692868523,1.6667930976790102e-10,6.268082445075892e-08,1.8322087147144916e-06,0.0018439966545567,0.0089536433941137,1.1401512778341945e-07,0.9891802253117254,2.2020624476258203e-05,O,0.013829143,0.014254287,3.0742621,-9.778118306658559
2116.419686445653,0.011152277745509,7.074329149567678e-16,1.4174859518207828e-14,7.737798128055869e-08,0.9999904449778596,5.193009306371508e-07,7.147734495554299e-08,8.886865883415127e-06,O,0.014652422,0.01438001,1.8591592,-1.9526364230839541
1343.2594030989842,7.299128273975081e-10,7.114267139666458e-09,8.181407210616428e-08,1.4816296012644475e-05,0.9997491348946824,1.4530341627946714e-05,0.0001295186282002,9.199983947649156e-05,O,0.013808966,0.013701161,0.78068346,-9.136729004045089
2235.999677421647,0.0630372480113699,1.37124736417578e-16,2.850235592679657e-15,0.0043567308163188,0.9810420164578164,5.051708778980837e-07,0.0145981255310005,2.6220239860870953e-06,O,0.0132629555,0.012946574,2.3854523,-1.2004027549024558
2581.841588919205,1.563929953918037,6.381953130589408e-18,1.6114431654738252e-16,6.811193886200089e-05,0.886453932726415,0.0001106252104446,0.0011823931940658,0.1121849369302125,O,0.014677407,0.014736123,0.40004453,0.1942172977595629
2203.5512158088504,0.0001616672719596,5.4573564349005743e-14,1.0839438987940453e-12,4.28195459865072e-08,0.0113603754138595,5.255058698952106e-09,0.9886374000192496,2.17649228615869e-06,O,0.013216098,0.01285767,2.7120552,-3.791377890087159
2588.074037904371,1.3005639584943083e-09,7.967575311543152e-09,1.8765013578565424e-07,0.0708441817468494,0.0074146084249501,7.641642187858206e-06,0.9217310034309564,2.5647550563204466e-06,O,0.013625677,0.014021287,2.9034154,-8.885868285422633
2715.1747175802493,1.5575204172086104e-05,6.979837638455633e-13,1.7618072935688008e-11,0.9043668156943296,0.0137274185001283,0.000323508533105,0.0799909937432783,0.0015912635291586,O,0.013897833,0.01513333,8.889848,-4.807566251556166
2212.492429137319,0.0229278371391411,3.996899730787091e-16,7.76730847682958e-15,5.4723360363937066e-05,0.5350594071503715,7.699196795119696e-05,0.464026475619152,0.0007824019021613,O,0.013883953,0.013824829,0.42584473,-1.639636911813424
2445.901642218839,0.4324707413932141,2.3425388028800056e-17,5.184819217041079e-16,1.8675622626663962e-08,0.908393346685654,0.0914419792260498,1.1957117412009931e-08,0.0001646434555561,O,0.014896571,0.013901033,6.6829963,-0.36404326919640084
2846.0151424929986,0.0407503500684388,2.8927466571578336e-16,7.154726732037042e-15,4.793042654153733e-05,0.0111593803215892,0.0001543665914112,0.987726768966828,0.00091155369363,O,0.013153492,0.014213844,8.061378,-1.3898686560739866
2481.305983489329,8.74360327310001e-10,1.2146040940615752e-08,2.519323975747074e-07,0.0007931956924635,0.0136420096430011,7.667588249262362e-06,0.0031492981152916,0.9824078289609944,O,0.013653345,0.013862508,1.5319538,-9.05830955602316
1400.2733250886467,5.2475844486126055e-09,1.2157676862876439e-09,1.1973469637681341e-08,1.047492120418176e-05,0.9999894974864296,1.2943987890480303e-09,1.7762432017790736e-09,2.45217242976019e-08,O,0.013005018,0.0125544695,3.464422,-8.28004056365145
1677.0921989116764,3.077365449512622e-06,2.482990842379001e-12,3.0849280162890616e-11,0.0493379352728565,0.7149769675520716,0.1102827824945796,0.125357056361675,4.5258318817026144e-05,O,0.0144963525,0.015818829,9.12282,-5.511820926475165
1940.8740186285352,0.0004612199132535,1.917284534717273e-14,2.8817367552114173e-13,0.237721653315148,0.7177994116003563,0.0443240971074149,0.000128101713599,2.673626348185708e-05,O,0.0149923805,0.01429121,4.676845,-3.336091950229431
1567.6179252263714,2.387882683774316e-09,3.081693321959998e-09,3.643649163023291e-08,5.5171791720902526e-05,0.0115781470519318,0.0001283366910179,0.9882382830131492,6.145218012734716e-08,O,0.013394961,0.013179972,1.6050013,-8.621987013824498
2363.528431559746,0.0016352540621584,6.784811502063896e-15,1.2332392671398494e-13,0.7668234862452221,0.2003958091226393,0.0043198332164522,0.0276991667665724,0.0007617046491139,O,0.01315658,0.015321775,16.45713,-2.786414763357418
1334.0179100170312,5.50003474818181e-10,1.2390281740153497e-08,1.0715919342835457e-07,3.9256393020660306e-05,0.9983612532120584,0.0011509450757021,0.0004481039359945,4.413832242864672e-07,O,0.013575296,0.013011047,4.1564417,-9.259634566706493
1334.0179100170312,5.50003474818181e-10,1.2390281735475286e-08,1.0749406586723155e-07,0.0018643565417776,0.9606606804810848,0.0001609372712831,2.92189850837762e-08,0.0373139964868694,O,0.013037471,0.012465816,4.3847084,-9.259634566706493
1639.167401618049,6.814988972342215e-08,1.228692342154994e-10,1.3515615763704934e-09,0.0394235551751015,0.0900724253359282,0.0261943571986821,0.8408702792803379,0.0034393830099501,O,0.01346755,0.015515475,15.206361,-7.166534842581296
1979.0470939285256,6.67727294100948e-10,1.514055915563347e-08,1.9764567762624234e-07,3.360079590744201e-05,0.0067715106617293,9.540458384888978e-05,0.9930874121311174,1.2071827397113924e-05,O,0.013251007,0.013843812,4.4736633,-9.175400871130362
1788.4638242270933,9.709010355094e-06,9.664336943639674e-13,1.1520906935444138e-11,0.5890559547670345,0.4100229165990641,0.0008049287938412,1.9417944216972568e-05,9.678189584309072e-05,O,0.013953594,0.013550659,2.887678,-5.012825035717713
2425.5973357150815,2.3945018576519392,0.0,9.314532478908931e-17,1.2288298006712604e-05,0.0026025342660011,0.2317305459136666,0.0001797285680235,0.7654749029543021,S,0.0134337945,0.014239772,5.9996285,0.37921517830394436
2718.536469680801,1.1549612723024755e-06,0.0,2.372323354600813e-10,0.2940952962443369,0.5558117990117192,0.0004574995935601,0.1372685881698272,0.0123668169805564,S,0.013234454,0.013464469,1.7380033,-5.937432578115834
1350.2122103440468,1.0542939441695725e-07,1.768168341578934e-12,5.799592160378902e-10,2.575265258678976e-06,0.0004465621718767,5.0962133159909536e-05,0.3414596000288007,0.658040300400904,S,0.014723959,0.0146551905,0.46705413,-6.977038288048346
1513.967819292934,1.5069927456783785,2.47084068878651e-21,9.537445058715928e-19,5.195443867128025e-08,8.082276701015261e-09,0.5170806878997785,0.4829168553618077,2.3967016983924705e-06,S,0.014328743,2.2168241e-10,100.0,0.1781111617244307
2359.2668021051845,2.968137949157037,1.097428558529314e-19,6.880877061978799e-17,4.778581630625126e-05,4.757498945801737e-05,7.850032876873839e-06,4.728706136546226e-06,0.9998920604552224,S,0.013579134,0.014174222,4.3823714,0.472484081635777
2427.607213039836,5.868125492948098,1.1423318997289851e-19,3.81538854509481e-17,4.504348285185872e-06,0.0058436356081761,1.7103152457657086e-06,5.856476155891225e-06,0.994144293252137,S,0.0131348735,0.012997621,1.044949,0.7684993928863282
2701.9557979604497,21.42623921944332,3.4821345999654614e-20,1.2378988502877213e-17,0.002640668975096,1.068793092514267e-05,0.2318068878888089,1.690493827347758e-07,0.7655415861557872,S,0.013469419,0.014387438,6.8155766,1.3309459494098164
1203.2503609486969,1.8414285474225278e-09,2.7064851911659454e-10,2.5531176969998754e-08,2.876521712192068e-08,8.593186724154163e-06,0.0022626799105177,0.0002487942358939,0.997479903901647,S,0.013026181,0.013537891,3.9283235,-8.734845128322595
1399.013265267335,2.0530028312202277e-08,2.822518640000116e-11,3.067136922133459e-09,0.945963648864945,0.0137791690042511,2.6571517818198127e-06,1.1779608950853785e-06,0.0402533470181268,S,0.01405145,0.017334985,23.367939,-7.687610451709547
1782.225967228553,9.730056496010032e-05,7.586683081867055e-15,1.15064693408317e-12,6.746994473913915e-05,3.316182156378506e-06,5.075845265134305e-06,0.9501261239290464,0.0497980140987928,S,0.013549879,0.013355268,1.4362565,-4.011884638063182
1918.951942835842,0.0099457872798376,7.991521513418377e-17,1.3345840927408692e-14,1.242497962428453e-07,0.2219922200203337,0.1275037238528445,5.012957332979591e-07,0.650503430581292,S,0.014457286,0.013341654,7.7167473,-2.002360833680172
2383.8067668107906,4.02093184479257,3.2740673613395673e-19,5.14847092570647e-17,5.451870072595774e-05,1.8406848034142648e-06,1.9191593287778077e-07,0.0018434660345747,0.998099982663963,S,0.013070669,0.013929676,6.5720224,0.604326711829259
2597.2433397787504,0.97686458815275,1.4683228346807309e-18,2.5952606102981923e-16,0.000120665952651,9.835299334841696e-07,1.5775378564839209e-07,0.9465628206078346,0.0533153721557951,S,0.014166871,0.013519741,4.5679135,-0.0101656335113684
2916.5805539582507,0.004740304402436,3.3979033278470156e-16,6.6344062476213e-14,0.0009798274451558,0.9199350080092392,7.2565222849638175e-06,6.296101252125597e-06,0.079071611922068,S,0.014450206,0.013603343,5.8605647,-2.3241937688631578
718.2577011136351,5.4718782178141595e-08,1.1907242195577784e-13,3.953204408931825e-12,0.0003598247439353,0.0010442814419639,0.5328253560060923,0.4657376624558159,3.287535219236731e-05,S,0.013140565,1.3991994e-15,100.0,-7.261863576843469
2866.6706043658155,1.9913263037648133e-06,9.93776334944924e-13,1.5324031084850728e-10,0.747339685636046,8.679479744676557e-06,0.2259514672737112,0.0019669232956046,0.0247332443148934,S,0.013715499,0.013135341,4.229945,-5.700857569549079
2430.694131845716,5.067167979221378e-05,3.9737393680081914e-14,4.331375911128929e-12,3.560349215616632e-05,0.0470628529229806,0.5163858830613788,0.0085855134975437,0.4279301470259407,S,0.0137714,0.016165247,17.382746,-4.295234698385528
2701.0092304586633,1.9205573844643633,1.1650197835172881e-18,1.3727816449112042e-16,9.247526434136998e-06,0.0228167820503612,4.459644582002333e-06,0.9102247353951358,0.0669447753834868,S,0.014257187,0.015565572,9.177022,0.28342728800934225
2971.2546451757207,6.960050081619736e-08,3.5364053602620407e-11,4.514810843267872e-09,0.9674025161534116,0.017924126200141,0.0004581608513994,9.492700911848564e-05,0.0141202697859293,S,0.014116399,0.0143506,1.6590677,-7.157387635376098
1515.0793421419028,3.725315720046913e-08,3.930552609822244e-11,2.0607325825782336e-09,0.9668187264118072,1.2501474965695553e-07,0.0105061546874282,8.270141506496685e-07,0.0226741668718642,S,0.0147575345,0.010475585,29.015345,-7.428836914952258
2172.2548810821486,7.061747049108739e-08,2.9728972021550573e-11,2.408046733745596e-09,0.2148935205755373,2.2747338870052266e-07,0.4348661242622024,1.389112719481579e-07,0.3502399887775994,S,0.014594791,0.014443191,1.0387315,-7.151087842868042
2552.5702860991355,14.112368362366164,1.7480712419432904e-19,1.6681594137401684e-17,0.0036091425202656,1.6621727835514994e-07,0.0106813039409851,4.383308006084125e-07,0.9857089489906704,S,0.01423667,0.014853172,4.3303804,1.1495999039311027
2821.928883410792,57.10677530901679,4.7757299307796094e-20,5.123675968593552e-18,0.0207878589608275,0.2686612524335114,0.0006236490019433,0.0289420502628872,0.6809851893408303,S,0.014298307,0.014889367,4.133777,1.7566876372258875
2981.642309707415,1.0615204405368369e-10,2.71460854672587e-08,2.9472892793023733e-06,0.0721125812578101,1.506508996395574e-07,6.618205218264223e-07,0.916522836241384,0.0113637700293844,S,0.014181935,0.013751723,3.0335236,-9.974071638684148
2881.8750128190777,859.3259325622507,4.3137609274234235e-23,4.8991999104308875e-21,1.0891814994463521e-07,0.0332617219208498,0.5293248529928637,0.4373900914989199,2.322466921645085e-05,S,0.013309371,2.5670016e-07,99.99807,2.9341579180402935
1662.2952188071297,1.9849065667461516e-10,9.249987696178612e-09,4.63655633270953e-07,0.6705596366894294,0.0809002024206737,0.0003577363874324,0.2317853071864249,0.0163971173160393,S,0.013764416,0.013197363,4.119699,-9.702259931470936
1767.353703727305,1.0942494792899492e-08,1.7839406014103994e-10,9.923169595345346e-09,0.5851245256956792,0.2330126927078071,6.645085322444536e-07,0.1127633137885604,0.0690988032994209,S,0.014200365,0.014038647,1.1388339,-7.960883651378367
1814.050476877416,8.308947452436077e-07,2.4114390733993735e-12,1.3564344787871476e-10,2.884962271378015e-05,0.628136591601358,0.0218231989349203,0.0217617293134609,0.3282496305275469,S,0.014700289,0.018052608,22.804441,-6.08045398759382
2827.504944885107,3.698512236772882e-09,8.444025754598512e-10,7.652398340104904e-08,0.0012483199262747,0.152865439370918,0.0004585923458002,0.8365781918476218,0.008849456509385,S,0.014772978,0.0152488705,3.2213736,-8.431972940067617
2944.7552938556046,0.0034463030585452,9.437761874421674e-16,9.201817827561135e-14,0.9860823872857816,3.965556027837029e-05,0.0005370068663226,1.8173386365554256e-05,0.0133227769012518,S,0.014237541,0.012859023,9.682273,-2.462646534529691
1551.8812667044888,0.2199904712841117,1.232881764036663e-19,5.821941663506465e-18,0.1354425966736281,9.927737257651588e-05,0.4525952338263279,0.4109518154572146,0.0009110766702528,S,0.014065041,2.3219808e-08,99.99983,-0.6575961298975735
2021.5815680423975,2.3648679392951517,1.519144309508517e-20,9.216142144351673e-19,0.0002368966910645,0.0003140313573043,0.5359499247946118,0.463435506140215,6.364101680435032e-05,S,0.01430174,6.913712e-08,99.99952,0.3738068935572372
2494.387328063144,8.487786096899962,3.6517014251983104e-19,2.710373946702746e-17,1.9336164296566249e-07,0.0389988716169979,5.018493840443833e-07,7.276333050605211e-07,0.96099970553867,S,0.014203239,0.01451384,2.1868303,0.9287944262530203
2076.646813023467,9.671959499846733e-09,2.964363426384958e-10,1.5562907988521028e-08,0.797293831020416,0.1893720042370209,1.2125350292143069e-05,1.1523129516286274e-05,0.0133105162627547,S,0.013110681,0.014109463,7.6180787,-8.014485530698764
2412.1489943669176,5.056366870745585,6.586411117025235e-19,4.136266181491848e-17,0.0001981318392475,1.0393992479504875e-06,0.0008592590590031,1.1318993310058433e-07,0.9989414565125682,S,0.013260891,0.012941762,2.4065416,0.7038385771730731
2546.009685162908,0.2028616395400102,1.7327799145274252e-17,1.1505658632462104e-15,0.0003527980231808,0.0014850323729455,9.564435273674191e-09,0.97768792780372,0.0204742322357183,S,0.013157885,0.013610412,3.4392138,-0.6928000688421979
2625.350919091712,385.2107678512923,1.3165013075052225e-22,9.386654322512235e-21,0.0366600389323158,0.0006745570427567,0.5223199998076961,0.4401586864113954,0.000186717805836,S,0.01399101,1.347197e-06,99.99037,2.585698418517495
2781.284323977862,3.0492983367661436e-10,1.2592975372202142e-08,9.079535243357742e-07,1.6003474456696028e-06,6.355378527396837e-06,0.986592061674884,2.2065669887385705e-05,0.0133779169292555,S,0.013341657,0.012706032,4.764212,-9.515800083121386
2374.1467589477934,0.7734374198967723,4.6618510524523244e-18,2.653017053486504e-16,2.386299412421453e-05,0.0001402876378553,0.0011053607835455,0.7180536236595865,0.2806768649248882,S,0.014935219,0.014684668,1.6775844,-0.11157482002924898
2487.995947516253,9.860724685619736,3.831923261363461e-19,2.3305060562292327e-17,1.7458045001998606e-05,1.3494540530814874e-06,3.05492129563658e-06,0.0199427241810195,0.9800354133986298,S,0.013103842,0.014286482,9.02514,0.9939088333388284
2661.872071824761,0.0618767404547941,6.533343076607643e-17,4.175400166231975e-15,0.0030510539859306,0.5802044949247982,0.2687060389098262,0.0005790223718702,0.1474593898075747,S,0.013808294,0.015877943,14.988451,-1.2084725721507787
1774.144434208947,0.0002205794788609,1.3325650706657146e-14,5.074851977451929e-13,0.7042663878268013,2.83736414973757e-07,3.9513767143162145e-05,0.169056944626427,0.1266368700432135,S,0.013620269,0.0132800955,2.49755,-3.6564348936729143
2411.3319687518574,1.4624811315184056e-05,2.7316890450310563e-13,1.3954378205033644e-11,2.975895733110607e-07,2.070642138608831e-06,0.0009943543451673,0.9910931402773516,0.0079101371457691,S,0.01382152,0.015370753,11.208845,-4.834909728343423
2406.758713661727,3.1704198970861386,1.2577094159429714e-18,6.592493521901073e-17,0.0047433073036087,7.776461433325785e-07,0.150308689306732,6.42829251932913e-05,0.8448829428183227,S,0.0131434575,0.0129084755,1.7878249,0.5011167849025906
2431.9602185309514,0.4683100792589159,8.603744819517912e-18,4.760738800133245e-16,0.2021036019890031,0.0054935189037291,0.2883357639101915,5.6853278248448065e-05,0.5040102619188278,S,0.014521206,0.015222219,4.8275123,-0.3294664949631212
1352.080726586563,1.5815527969902125e-07,1.5344248310137937e-11,3.87147188132711e-10,0.0177179921206909,0.0028764054626748,2.3247054428578428e-05,0.2407012144408651,0.7386811409213407,S,0.013083522,0.014328697,9.51712,-6.800916305449947
2516.668509491351,9.974552293108041e-08,4.5285507331411674e-11,2.2538248648787192e-09,0.1164733847331295,0.5932518781929927,0.2588201056353029,0.0211491025449033,0.0103055288936715,S,0.0140793,0.013861214,1.5489829,-7.001106588472919
2668.6053625510135,0.0641537222802685,7.46602156140435e-17,4.037394736667122e-15,0.7384689895025691,0.1813134651085791,0.0528412447144195,0.0008925241439249,0.0264837765305072,S,0.013813209,0.014371655,4.0428414,-1.1927781402417854
1251.7619303043343,6.250968452854056e-09,3.8706664722001223e-10,7.851923415034534e-09,4.3523142078146635e-05,3.5977726783040304e-09,5.002949270199431e-05,0.1638421813969014,0.8360642623705458,S,0.014961339,0.015049442,0.58887184,-8.204052692872269
1792.8058449985313,0.001249750059062,2.7728187767327907e-15,9.090884418002508e-14,1.5116045166206642e-07,0.0727451123129042,0.1719252063483512,0.1483061140818935,0.6070234160963992,S,0.013460656,0.014361453,6.692078,-2.903176834051027
2362.1448399873475,2.909488913294564,1.5692825137756156e-18,7.02814382955222e-17,3.7496768357277015e-08,7.253777364644471e-06,1.3199718687728356e-08,3.274796580910308e-06,0.9999894207295674,S,0.013901897,0.013855408,0.33440638,0.46381670663884117
1262.6624877794948,1.0664314015496036e-08,2.4520475797913076e-10,5.3127697562145e-09,0.0001718604314985,0.0100591446247834,0.0001555478605881,0.0002656308380257,0.9893478162451042,S,0.014886378,0.01532162,2.9237568,-7.972067075410652
2319.2764974978013,0.0338855119863276,1.4174673730745787e-16,5.877764707015919e-15,0.7852544866996594,0.1627142555924798,4.858700757132608e-05,2.4048961667915934e-05,0.0519586217386214,S,0.013816989,0.013387864,3.1057749,-1.4699859480892625
2877.948047161104,2.5100926456106907e-08,2.374475729776863e-10,1.2125656060060514e-08,0.0005319834428259,0.0017019090546352,0.982009105002143,0.0015562187059381,0.0142007837944577,S,0.013650874,0.014960883,9.596525,-7.600310248744079
1040.7030964437529,3.341711443818518e-05,9.783886648673208e-16,1.5593069346322928e-14,0.0002642550898647,2.432628305518036e-06,0.5587499515305686,0.4409783229250605,5.037826200643152e-06,S,0.014221659,3.9354076e-12,100.0,-4.476031054073923
2076.2970313913775,0.130152649392785,3.524031123106735e-17,1.19817058185629e-15,6.762543690207629e-08,3.785117447959485e-06,1.3757155421046673e-06,0.0023475177700066,0.9976472537715664,S,0.014249528,0.015187404,6.581806,-0.8855469869480929
2076.2970313913775,0.130152649392785,3.524031177139316e-17,1.2003731197130797e-15,0.0769886455015328,0.0149240753191596,0.0215713712326644,2.774463913186979e-05,0.8864881633075112,S,0.013306133,0.013063958,1.8200293,-0.8855469869480929
2177.37155966818,0.4116018055512271,1.3146527752449513e-17,4.2653178930169527e-16,0.0001367725676991,0.0039871624047798,0.0003422095075067,7.048881102939585e-06,0.9955268066389112,S,0.014356887,0.0146073755,1.7447273,-0.3855227288094714
2474.623197401146,1.5274854904728097,4.0261298280264026e-18,1.491904775163117e-16,0.7540337611503426,6.255976279960435e-09,0.0002325542648777,4.878500270520117e-06,0.2457287998285329,S,0.013709256,0.013876111,1.2170961,0.18397709358724512
2102.44374945919,0.0021521546244863,2.5626402936478188e-15,7.269805885664076e-14,0.0019170077818705,0.1166177870638832,0.0578006579176448,0.7707593685344889,0.0529051787021124,S,0.013407406,0.011564879,13.742611,-2.6671265294049165
2683.18901697,32.536713770194844,2.163288641571061e-19,8.083868081660281e-18,1.3485555291375346e-05,0.1149261048821925,1.345487254907968e-06,0.0045341529865367,0.8805249110887244,S,0.014263323,0.013837537,2.9851794,1.5123736867833273
2683.18901697,32.536713770194844,2.1632886144738416e-19,8.095253709952112e-18,5.22969768776167e-06,8.280460587759075e-06,0.0495240661862503,1.5540487242316076e-06,0.9504608696067498,S,0.014827726,0.01494701,0.8044645,1.5123736867833273
1281.8005227376452,1.4107285795376583e-08,2.508940021176716e-10,4.077027534412163e-09,1.7373962119173837e-07,3.90285274687921e-06,0.1122311546847741,0.1382338805758513,0.7495308881470064,S,0.0137070585,0.015444733,12.677225,-7.850556535322831
1913.868352745469,0.2440967256265598,2.8641942096025213e-19,7.232090379246364e-18,0.0030094713496229,0.0143227822857868,0.5062510090570412,0.4764135731661801,3.1641413687256663e-06,S,0.013229367,1.7203237e-09,99.999985,-0.612438046276603
2581.1705467832267,9.376989860504367e-07,7.600926511251847e-12,2.6223196463818867e-10,1.868086444596511e-08,0.002129646575854,0.8786525075152791,9.84620421704528e-06,0.1192079810237852,S,0.013355138,0.0120859025,9.503723,-6.027936553601595
1302.2316448737429,1.466233594450976e-09,2.575060369862536e-09,3.96068809269333e-08,0.0370006086254218,0.4710904684946438,0.0449652988015049,0.1947672332765639,0.2521763908018655,S,0.013105704,0.011154072,14.891471,-8.833796834129116
1332.5119942130812,0.3880543215069267,1.4716159805473328e-19,2.4176548251849042e-18,0.0006485009622307,4.221866846243696e-07,0.5418614642213111,0.4537130957573126,0.0037765168724608,S,0.014781323,1.1230427e-08,99.99992,-0.4111074757475245
1623.915152713925,3.1726116406741786e-08,1.4840515742081942e-10,2.876233289060644e-09,0.9308619815912936,0.046859303049349,0.0061694163708455,0.0006371645313228,0.0154721344571888,S,0.013271236,0.010289355,22.468748,-7.498583086624691
1787.2858799140124,0.000248150989612,2.0882407098468276e-14,4.544409544761906e-13,3.2201619027394756e-06,0.2196308186937476,2.5471518989866025e-06,0.557432130806741,0.2229312831857096,S,0.013291901,0.01376772,3.5797682,-3.6052839885215686
2952.9246377601867,9.846675029459657e-08,8.694914869997513e-11,3.175714145375282e-09,0.8315162691631195,0.1543131147996526,4.189186576715221e-07,1.38010983547993e-08,0.0141701833174718,S,0.014163212,0.012560193,11.318185,-7.006710394896747
2935.017313113784,3.60248141964766e-07,2.3621718781225978e-11,8.650048448934656e-10,0.0271279297713003,0.9594052034166572,0.0003678808607529,6.673670458020411e-05,0.0130322492467094,S,0.013029403,0.012758385,2.0800467,-6.4433982504488245
1462.8646309360802,8.452074950256908e-07,5.25710645172739e-12,8.865393152685734e-11,0.6901243726411378,8.277703693682991e-05,0.0141648863861441,2.763472848625034e-07,0.2956276875884962,S,0.014635014,0.014730533,0.65266967,-6.073036660420166
1672.9972749583335,3.340385048407156e-09,1.521264228205491e-09,2.7935943099773567e-08,0.0005761574544084,3.5271309756005664e-05,4.288795082867364e-05,0.992238179611548,0.0071075036734586,S,0.014070212,0.013809629,1.8520199,-8.476203468889008
2358.229895831339,1.5908461530636976e-08,4.5026056975241074e-10,1.2361699278657096e-08,0.6527333913450245,0.257924036747475,0.0746356767663831,0.00208533234756,0.0126215627935574,S,0.013646374,0.014194754,4.0185,-7.798371817905991
2409.9827182429312,3.937091315390191,1.859278314753844e-18,5.3158457271825796e-17,2.281703302536574e-09,7.849089714650254e-07,5.084415494516206e-07,1.160322189353141e-05,0.9999871011458822,S,0.014889813,0.014012727,5.890511,0.5951754877671576
2997.4788781919574,2.3620433140161342e-05,3.854554918834069e-13,1.3578545736801831e-11,0.0006463742727203,1.990464455908493e-06,0.930546586862918,1.5565251006174024e-05,0.0687894831488994,S,0.013596278,0.0121585,10.574789,-4.626712142765806
2975.250671359276,1.2237903350369386,7.384523944789129e-18,2.641645611158656e-16,0.8440971482303683,0.0723844767739707,0.0494578524491382,0.0120201602098327,0.0220403623366898,S,0.0133029595,0.015526773,16.716686,0.08770701900550647
2863.9995855070147,4.0926477013583065e-06,2.2221824207107223e-12,7.458803603429032e-11,0.0365779455196228,3.570105937982742e-05,0.860867859208065,0.0356446415228995,0.0668738526900329,S,0.0145999575,0.013624895,6.678528,-5.387995638189112
2308.474936413513,0.0750027497958423,1.0198645579451941e-16,2.6473984149993988e-15,4.215324492006126e-07,4.964074433770268e-05,0.008794117362291,0.9344909112662868,0.0566649090946351,S,0.013283906,0.012070578,9.13382,-1.124922813951383
2637.2951267399044,15.5791631224832,5.843027916695787e-19,1.6570827171749254e-17,0.0200466616376311,1.6798844449225148e-08,1.3312708576608937e-08,0.4560764730709823,0.5238768351798335,S,0.013711654,0.013224586,3.5522175,1.1925441246427528
2953.3952519441336,2.063860956695664e-07,4.9392888866667944e-11,1.5173495459840394e-09,0.476826094920157,0.4278584861891917,0.0825601009554667,0.0001616847015145,0.01259363323367,S,0.013722641,0.015186229,10.665493,-6.685319564687211
967.6939272517768,1.7909184363345757e-07,2.85140865730898e-13,2.281126925847184e-12,0.0289783303975933,3.3726790606895197e-06,0.5309157374988588,0.4400969041157978,5.655308689264746e-06,S,0.014700788,5.277202e-13,100.0,-6.7469241927419406
2447.033603014676,1.708623433292961,5.141030945637477e-18,1.3188721695154603e-16,0.0397765569223917,0.0003101298194592,0.0005545485941096,0.6416844588482228,0.3176743058158164,S,0.014717934,0.014351789,2.487746,0.23264635829525557
1452.147313319907,6.234316305602666e-07,8.682981962821082e-12,1.189890120831037e-10,0.7869719837212076,1.102860638269386e-08,2.4761716577094385e-08,7.105331742584758e-07,0.2130272699552951,S,0.013127746,0.013122873,0.037117414,-6.205211167042663
1623.0397989243552,1.3334593776722787,6.380209172793676e-20,1.00665522504078e-18,1.05777195095819e-06,0.0001349747003606,0.5896944156470828,0.4098268576034534,0.0003426942771521,S,0.014061721,5.6911958e-08,99.999596,0.12497978993853742
690.3666407019778,4.1458180515161213e-10,9.158635296745122e-11,5.266215295628443e-10,1.5971800800969973e-05,1.2752158166648036e-08,0.5414105977883151,0.4585690972610486,4.320397677006293e-06,S,0.014227215,1.6096099e-15,100.0,-9.382389761807156
2095.150088395898,3.129247062770435e-08,2.5883118348405156e-10,4.862328661164683e-09,0.0026653874127847,4.619707135688005e-06,0.0126696688322374,0.965814394553575,0.0188459294942671,S,0.013373677,0.013263683,0.8224653,-7.5045601467413
2731.386254129409,48.34805651912592,2.1839636835736686e-19,5.857702594156518e-18,0.0035190973702375,1.3945821677443113e-08,0.0347001772590759,0.0001237636277979,0.9616569477970668,S,0.014653956,0.015003534,2.385557,1.684379021128775
2445.9616780659817,2.7519765586998637e-07,3.5586575794254576e-11,7.951759005061023e-10,0.0004491203254972,5.831032829305944e-06,0.8420296683009604,1.0154598923045334e-06,0.1575143648808208,S,0.013835591,0.01277864,7.639366,-6.560355269735457
2665.071590876451,0.2861343141444576,3.729239001091392e-17,9.065908606101489e-16,0.9707401652785176,1.7510502836589175e-06,3.43331031670288e-05,0.0021197171216267,0.0271040334464049,S,0.014110047,0.016683009,18.234959,-0.5434300570847093
1756.685606625353,1.959332093298021e-10,3.713558544270761e-08,5.458931060078019e-07,0.0004713827993093,0.9780814849627631,1.587503516041897e-06,1.1430077991851022e-08,0.0214455333043333,S,0.014226099,0.010936607,23.122938,-9.707891947842203
2063.5405332557057,1.4161490644769294e-10,6.035423387115615e-08,1.0481518615624116e-06,7.312933228117254e-06,0.4671932306933542,0.5100364187878946,5.8160031339760586e-05,0.0227048775541832,S,0.014041996,0.01671062,19.004597,-9.848891030210876
2086.802291623245,0.1412766552536158,6.118084037158526e-17,1.109412572071413e-15,0.0254317083467475,4.163083902259715e-07,0.0007670250992407,4.932796864453338e-06,0.9737959174487568,S,0.014353454,0.01418208,1.1939602,-0.8499295956329648
2363.8839705834293,1.1146026843360288e-10,9.077165292569013e-08,1.7597988196238636e-06,1.6425315812962675e-07,1.826775058600138e-07,0.983613037214516,6.835585312515733e-06,0.0163797802695074,S,0.0143284965,0.014895561,3.9576,-9.952879915352202
2863.3293082028495,143.59650641109667,8.534388349005072e-20,2.180398571745812e-18,1.652271776039443e-07,3.653871067674107e-08,2.4627039846103833e-08,5.571423722418036e-07,0.9999992164646996,S,0.013756552,0.012776426,7.124792,2.1571438739951443
2665.0238118045277,33.32334363744862,3.533342872874082e-19,7.83960449918937e-18,7.611136088444239e-07,0.0022357910747144,0.0182543134467688,6.133751513948431e-06,0.979503000613394,S,0.014210929,0.014937967,5.116048,1.5227485716794842
1386.3577815696422,4.104186888300282e-07,1.5390240790679256e-11,1.529696660406908e-10,1.1846809940975006e-05,0.0217296284218351,0.0048232653472585,0.0002589142247813,0.973176345196184,S,0.014987572,0.015615211,4.187728,-6.386772871407556
2544.6876754269792,1.2646763814546067e-06,9.167529179246718e-12,1.805725444397081e-10,0.9461177220276328,0.0327186923126051,0.0074366946917929,3.6794410090129546e-05,0.0136900965578788,S,0.013796299,0.013246726,3.9834778,-5.898020592060595
2613.164567298422,16.015105499692346,7.434199005783332e-19,1.5949736048771512e-17,0.3189236733540529,1.7243458530585724e-07,7.198805152690237e-08,3.963764377646931e-05,0.6810364445795336,S,0.013667364,0.014021052,2.5878317,1.2045298039291765
1712.5181799754423,1.374989952708315e-05,5.846525981427334e-13,7.772440422368102e-12,0.1348354404901174,0.001734508111642,8.534434503191282e-07,0.8309833581229197,0.0324458398318703,S,0.014599417,0.014100432,3.4178414,-4.86170047528774
786.8315753515415,4.2532316856968017e-10,1.2109150230915836e-10,5.570209106221285e-10,1.1336015251559665e-06,1.2781906020934763e-05,0.5174558685202592,0.4777566806539968,0.0047735353181978,S,0.013545643,2.462069e-12,100.0,-9.371280959378833
1202.897095437803,1.0380924188911548e-09,5.599429485177351e-09,4.5275386980148295e-08,9.9896475672716e-05,0.2735243942195106,0.000215797954588,0.0731701282325125,0.6529897831177162,S,0.013047651,0.013185782,1.0586654,-8.983763980564875
2010.0383904457212,0.0091386620950711,1.0628526641728673e-15,1.6398298247238526e-14,0.0005822699279472,0.0013430965246056,0.0041969184133934,0.8182131055660012,0.1756646095680523,S,0.014438386,0.01478661,2.4117951,-2.039117380552655
2559.25802752738,9.709845766565588e-06,1.2736587093759282e-12,2.376283249207089e-11,2.3184839662416146e-07,0.1469536339056163,2.75689098962344e-07,0.8442611517787475,0.0087847067781406,S,0.01430266,0.0136166625,4.796292,-5.012787668471137
2446.365929347832,0.2824302271824309,4.185634904427832e-17,7.940747361543087e-16,0.0019561881801921,0.0004197190929819,0.2574748040058728,0.363333619492132,0.376815669228821,S,0.013819431,0.012062691,12.7121,-0.5490888246314914
2669.9947138396315,33.92319185733298,3.8033389329795893e-19,7.726211375281392e-18,0.0735082370613951,1.1427261973611443e-05,0.0117536450636718,3.039441289655346e-05,0.9146962962000628,S,0.013747267,0.0136146005,0.96504194,1.530496708584975
2737.8234171207378,2.0213569461742985e-07,6.545061760008002e-11,1.3613728460816644e-09,0.0002817106393605,0.9150993555838424,0.0016162471824875,0.0688178442253218,0.0141848423689876,S,0.014693739,0.014557278,0.9287024,-6.694356988777739
1469.140523413056,7.703448459813511e-07,9.479031324900173e-12,9.742337750591844e-11,0.0088018415725747,0.053410784550876,7.183784570889768e-05,0.6870066820968299,0.2507088539340104,S,0.014895291,0.015694948,5.368521,-6.113314818748803
2753.3843720101386,0.0001442209083634,9.489086378083555e-14,1.942626850179883e-12,0.7624076240434168,1.9146296967635852e-05,9.431285440093264e-06,0.2258931276442954,0.01167067072988,S,0.013387153,0.013429656,0.3174892,-3.840971773398796
2097.4954697290013,0.0359352955395158,2.9817061012242486e-16,4.367796505036602e-15,0.0001079085660446,1.0273452999631589e-07,5.764145448907563e-05,0.7706329629669636,0.2292013842779727,S,0.014581608,0.013384476,8.209872,-1.4444787790623301
2693.205176322475,0.0016678053878211,8.249147846499376e-15,1.5561905937450178e-13,2.020725441776782e-08,0.8693276491918472,4.362805784262311e-05,0.0001181292735195,0.130510573269536,S,0.013151188,0.015811212,20.226492,-2.777854627515051
2836.8081990075584,9.53805545595176e-10,1.5193401047004235e-08,2.964766366469475e-07,0.9845179523152796,0.0002524274336307,0.0009039141288349,0.0007741733294015,0.0135515327928531,S,0.013527502,0.013787091,1.9189682,-9.020540156829409
2262.2193622081886,1.0856200869081195e-06,1.1220306851849195e-11,1.642768003180998e-10,0.0001347200080564,0.6171235858945167,0.3080321472751315,0.0619398675601258,0.0127696792621694,S,0.014322757,0.014447703,0.87236166,-5.9643221296513325
1772.7502623246162,76.39758294260862,0.0,2.076929364481139e-20,4.732341265100356e-09,0.0065578464058185,0.5771934977201628,0.4161414414105503,0.000107209731127,S2,0.013764156,1.2579771e-07,99.999084,1.8830796186373036
2216.5747259528225,2.0261770016049256e-06,0.0,8.624310546730869e-11,0.0004434928366328,0.0002328316643559,1.725861747850749e-05,0.0613903618475697,0.9379160550339628,S2,0.013836139,0.014057628,1.6008006,-5.693322618471004
2752.78857603922,0.0001928979749777,0.0,1.4520981073167316e-12,0.0006768584094869,1.2172435848611374e-06,3.753886376100575e-07,9.430044958371536e-07,0.9993206059537948,S2,0.013929257,0.0127893975,8.183205,-3.7146723315091834
2910.1863640252386,0.0007324475432301,0.0,4.267830418560216e-13,0.1018488459674139,0.0111898869290654,0.0001117768731827,0.0025265152847976,0.8843229749455402,S2,0.0146424025,0.015169803,3.6018715,-3.1352234733649538
1314.844789321564,15.32503267994297,3.1198407916597375e-22,5.428522977487943e-20,8.578564041978882e-05,0.0057181034726353,0.5192047130700354,0.4749867574025501,4.640414359557656e-06,S2,0.013168796,1.6994889e-10,100.0,1.185401409304891
1535.0351417877102,1172.2240543022042,4.7900482571395025e-24,9.460345307850516e-22,1.6143947962414127e-05,0.0034416161794908,0.5912928016682376,0.4052463829504141,3.055253894789459e-06,S2,0.013247042,1.986436e-09,99.999985,3.069010628957841
1696.3248668529145,4.189272057599011e-06,1.1181080321862353e-13,2.5269241527408913e-11,0.5193361043721433,5.0681668870868564e-08,2.1935959125908397e-05,0.4562946578419039,0.024347251145158,S2,0.013643418,0.014003268,2.6375356,-5.377861434989125
2769.78939536441,4.072745008145435,1.8779014857135609e-19,7.023351556568717e-17,0.0186218100481853,0.0001506842233238,0.0159793598740447,0.9270680664120018,0.0381800794424442,S2,0.014894812,0.017563922,17.919727,0.6098872200486731
1655.1884790160605,7.519143112515012e-10,9.117664085780077e-10,1.2217669874945304e-07,0.0003033958185757,0.0579096677298919,4.0384218098515205e-06,7.326922111833695e-07,0.9417821653375112,S2,0.014602695,0.016514312,13.090857,-9.123831649130473
1655.1884790160605,7.519143112515012e-10,9.117664103757831e-10,1.2248062112714684e-07,2.1648736427807015e-09,0.0073147895764866,0.0033268742670199,0.1855033531752417,0.803854980816378,S2,0.013061895,0.014233735,8.971442,-9.123831649130473
1728.591000104965,47.399771361663554,1.5104987800336618e-20,2.366448088719404e-18,0.6187523255905459,0.2710832745109283,0.0194608441176482,0.0371597173867875,0.0535438383940899,S2,0.013723549,0.00956181,30.325535,1.675776246808951
718.2577011136351,5.4718782178141595e-08,1.1907242195577784e-13,3.953204408931825e-12,0.0003598247439353,0.0010442814419639,0.5328253560060923,0.4657376624558159,3.287535219236731e-05,S2,0.013140565,1.0097577e-13,100.0,-7.261863576843469
1185.0153971071625,2.379890126320486,4.609086786770006e-21,2.8207611135032443e-19,0.0335164435923834,0.0005043678856015,0.5396406099867985,0.4263385635668879,1.4968328544691042e-08,S2,0.013408942,4.0503028e-15,100.0,0.3765569072102082
1284.2867284770475,31643.564995287976,2.8017540008378e-23,2.01165937260154e-21,6.285491884299596e-05,8.886848326102816e-09,0.193216954009222,0.0007715946315188,0.8059485875535678,S2,0.014705548,0.016118938,9.611271,4.500285405627288
1920.83671524584,18318.38573389192,9.71216562131773e-25,1.0081227914927806e-22,1.5359824550448095e-05,0.0014294487368253,0.5877274380927401,0.4106044330126591,0.0002233203332248,S2,0.013417128,3.1644079e-06,99.97642,4.2628871998038775
1850.333716121444,1.8791378069344887e-08,8.156915479942281e-11,6.620696397886484e-09,0.0115774316784183,1.600931489885153e-09,0.0001971636121897,0.0284056550276971,0.9598197480807632,S2,0.014008591,0.014905515,6.4026723,-7.726041369661767
1314.4947236479045,9.51095063079896e-09,1.3357224942893162e-10,6.201568723486111e-09,0.9822289016895728,2.9247511497936234e-06,5.358827168863123e-06,0.0003073162323235,0.017455498499785,S2,0.014738491,0.017025951,15.520316,-8.021776072644393
1515.6438335996256,0.0774426563359591,1.891464690763807e-17,1.0321993026739632e-15,0.93629505352088,9.512572163035103e-07,5.21495321487061e-06,1.5640442358175306e-06,0.0636972162244528,S2,0.014808553,0.015568518,5.131932,-1.1110197588470838
2221.7712240672586,2.185380378158746e-06,9.825476490962326e-13,8.000745142640751e-11,0.0559635121251502,2.424181455560644e-06,0.0002787559123614,1.129794635788334e-05,0.943744009834675,S2,0.013427775,0.012906236,3.8840365,-5.660472960635037
2322.5496624749653,0.0005669730980808,3.9589852056089795e-15,3.5008740603885124e-13,1.556678260559415e-07,0.0097006628464531,3.4901610221288336e-06,0.9130754422218068,0.077220249102892,S2,0.014638588,0.012945305,11.567258,-3.246437547160417
2514.3866576527516,11461.696785158689,3.0610195011783042e-24,2.956070261137905e-22,0.0023774063214243,0.000345749762698,0.5232314527980574,0.4734171556862162,0.0006282354316039,S2,0.01443782,1.4759033e-05,99.89778,4.059248915177896
2881.8750128190777,859.3259325622507,4.3137609274234235e-23,4.8991999104308875e-21,1.0891814994463521e-07,0.0332617219208498,0.5293248529928637,0.4373900914989199,2.322466921645085e-05,S2,0.013309371,1.0750668e-09,99.99999,2.9341579180402935
1192.1900227864678,29426.867351312827,6.597665669064542e-25,2.622572103453155e-23,1.6604418159404817e-05,1.130174503247332e-07,0.4729918411723531,0.4663519023584263,0.0606395390336108,S2,0.014744009,1.2492667e-06,99.99153,4.468744031571175
1304.0317493500438,8.161393966135264e-05,1.7648048193530672e-14,7.368060120799053e-13,0.0016901052955114,0.5050705010394306,0.4766732678870409,0.0019721744408251,0.0145939513371918,S2,0.0147356745,0.009401584,36.198483,-4.08823565741071
942.3802589635254,1.591112481500268e-08,7.359547099251448e-11,1.6681640091636621e-09,0.9595725361157084,0.0140675396561283,0.0097303704906397,2.6317521605850196e-05,0.0166032362159178,S2,0.014717155,0.020681746,40.528152,-7.798299117419322
1551.8812667044888,0.2199904712841117,1.232881764036663e-19,5.821941663506465e-18,0.1354425966736281,9.927737257651588e-05,0.4525952338263279,0.4109518154572146,0.0009110766702528,S2,0.014065041,2.6672009e-08,99.99981,-0.6575961298975735
2021.5815680423975,2.3648679392951517,1.519144309508517e-20,9.216142144351673e-19,0.0002368966910645,0.0003140313573043,0.5359499247946118,0.463435506140215,6.364101680435032e-05,S2,0.01430174,5.989616e-10,99.99999,0.3738068935572372
1269.2429373355362,2.1594182654401912e-08,8.115051101074363e-11,2.6536217100513164e-09,6.453156099925239e-05,4.39450761473874e-06,0.0028151335888945,0.9771641070190612,0.0199518333234301,S2,0.014730539,0.016497899,11.99793,-7.665663229467874
2047.6816075999852,2.976331941758054e-07,9.498703833199173e-12,5.024814327762362e-10,0.0020239243008507,0.0469902397251381,2.4893596163160252e-08,0.0003967704511715,0.9505890406292432,S2,0.013760463,0.0139729455,1.5441499,-6.526318634808069
2625.350919091712,385.2107678512923,1.3165013075052225e-22,9.386654322512235e-21,0.0366600389323158,0.0006745570427567,0.5223199998076961,0.4401586864113954,0.000186717805836,S2,0.01399101,8.409473e-08,99.9994,2.585698418517495
1806.9279097807084,21656.022783261735,1.267178535839891e-22,5.517986533339161e-21,2.7596491479602405e-06,0.5488529173774196,9.045690826648476e-06,0.1543259031797278,0.2968093741028778,S2,0.01398007,0.0034672122,75.19889,4.335578699663062
1437.775567700068,8.704676484973661e-05,2.736547514019513e-14,8.52890641869415e-13,0.9817848209969386,0.0001388042900566,3.186713684189076e-05,0.0001719724781379,0.0178725350980248,S2,0.014444786,0.014256266,1.3051088,-4.060247365086756
1029.5680009364887,8.772315501309242e-09,2.106527345797521e-10,3.9537897874968865e-09,1.0465910387241962e-05,0.6087832360205567,3.484943408194024e-08,0.0759737218851148,0.3152325413345071,S2,0.0147364605,0.00018448278,98.748116,-8.056885757065924
2328.319591767478,0.0148026368169037,2.82312525870515e-16,1.3485852197353062e-14,0.5221711398734648,9.323315386648338e-05,0.1617166039027375,0.114212487158913,0.2018065359110182,S2,0.014303025,0.0067795776,52.600395,-1.8296609161570103
2739.172823470564,0.0003915235650728,1.2557065587892192e-14,7.118890260212729e-13,5.5859843839856106e-05,4.47133148558535e-06,3.458113511938759e-05,0.4872457599216377,0.5126593277679174,S2,0.013918729,0.014331359,2.964573,-3.4072420934448924
1869.2602497228083,2.0508864766151985e-07,1.761730527062659e-11,6.140889265761269e-10,3.586191864080459e-06,0.4286460792413691,0.0284918487106742,0.0338297733278024,0.50902871252829,S2,0.01490214,0.017792372,19.394745,-6.688058378609738
831.3971546552035,1.3660284402651654e-08,1.2604433416619423e-10,1.7142029446602415e-09,2.019236368699277e-06,4.531692287667934e-07,0.3299920854445343,0.0008977340097504,0.6691077081401178,S2,0.013640681,0.00020852582,98.4713,-7.864540258691347
1040.7030964437529,3.341711443818518e-05,9.783886648673208e-16,1.5593069346322928e-14,0.0002642550898647,2.432628305518036e-06,0.5587499515305686,0.4409783229250605,5.037826200643152e-06,S2,0.014221659,4.1500966e-13,100.0,-4.476031054073923
1336.3240252717233,0.0016879229399407,1.7488897344987504e-15,3.705460124969227e-14,0.1799009414036217,0.0021872026014707,5.571424097189963e-06,0.8011058652191769,0.0168004193516332,S2,0.013135884,0.013699027,4.287057,-2.7726473844416786
2605.6910588872415,0.0937097314720844,6.142448097191575e-17,2.698838132703548e-15,3.6941625923005586e-07,0.0007051248916182,5.123163678066535e-06,0.9714873314261512,0.0278020511022932,S2,0.013797321,0.013594771,1.4680426,-1.0282153066023612
1122.1460122052,1114.9640280720366,2.3622220480530505e-21,4.363163076992105e-20,4.150460607151205e-09,0.0018846101821852,2.310779592433041e-06,0.9668671001146348,0.0312459747731269,S2,0.0137949735,0.019909931,44.327435,3.047260856028281
719.2057085454787,3.163683467540998e-05,5.6495763552583286e-14,5.461257143416383e-13,0.0001499889731316,0.0020705047075734,0.3307669321559372,3.365728832052214e-05,0.6669789168750372,S2,0.013671277,1.1419067e-05,99.91647,-4.499806974977471
2162.058684721129,3.2937237952245204e-06,1.631308429152456e-12,5.183935674862249e-11,0.0118434313290286,0.1510847505902788,0.0062362319589209,0.3185047162390821,0.5123308698826894,S2,0.013188028,0.013925494,5.591935,-5.482312822664528
2419.913601901709,0.1844925316737235,3.259694189524003e-17,1.1300273190349877e-15,0.0046708072899007,0.0001575055845622,1.0244289613206472e-07,0.9752328199564072,0.0199387647262335,S2,0.0148078,0.016927421,14.31422,-0.734021209551198
2630.910093567131,9.843247465580572e-05,6.642375013365297e-14,2.564694796827156e-12,0.002175527285112,1.388800333356401e-07,0.0703354278255383,0.00010090763822,0.9273879983710964,S2,0.014560345,0.015058708,3.422747,-4.006861596314068
1325.5741100637586,9.16991434267862e-07,3.991645943567888e-12,6.606174036604855e-11,5.381040491276663e-07,5.6995518181076375e-06,1.781222386813602e-07,0.9858358778873868,0.0141577063345075,S2,0.013893038,0.013883699,0.0672229,-6.037634721110323
1487.9411262656845,7.869934645055161e-05,5.220690138258996e-14,9.762690558544325e-13,0.3925175488520853,5.094212228194306e-08,0.0002462594529538,0.591264834915223,0.0159713058376154,S2,0.014058168,0.012573781,10.55889,-4.104028874173307
1913.868352745469,0.2440967256265598,2.8641942096025213e-19,7.232090379246364e-18,0.0030094713496229,0.0143227822857868,0.5062510090570412,0.4764135731661801,3.1641413687256663e-06,S2,0.013229367,1.6446092e-13,100.0,-0.612438046276603
1887.3345742749768,10686.793616328658,4.876573590156706e-22,1.2605942730555084e-20,0.5382660737752797,0.3573527193455921,0.0029432490890693,8.924856116664942e-08,0.1014378685414975,S2,0.014100021,0.012325356,12.586258,4.028847422363674
2522.7043005987416,3.86495075206085e-05,1.8023356018386255e-13,5.893637418012305e-12,0.0006565726105349,8.95381281460848e-07,6.898210388616996e-07,0.0733260266792004,0.9260158155079442,S2,0.014672535,0.014244946,2.9142125,-4.412856035573466
1332.5119942130812,0.3880543215069267,1.4716159805473328e-19,2.4176548251849042e-18,0.0006485009622307,4.221866846243696e-07,0.5418614642213111,0.4537130957573126,0.0037765168724608,S2,0.014781323,5.7331687e-07,99.99612,-0.4111074757475245
1782.4987704733708,6.923849993280846e-09,7.464215319495472e-10,1.5781483818361857e-08,0.0003222081007275,9.00878431439926e-06,0.0006957499912318,0.1013034951894935,0.8976695379342327,S2,0.014253913,0.015654156,9.8235655,-8.159652349779325
1782.4987704733708,6.923849993280846e-09,7.464215319251117e-10,1.5817027700317845e-08,7.276023944948452e-07,9.374548339385024e-08,0.0317573260617204,2.8187453049434644e-08,0.9682418244029486,S2,0.01491381,0.016586082,11.212907,-8.159652349779325
1202.127710618143,2.028536601877682e-09,1.8000050076538407e-09,2.3154609871183497e-08,2.6331224672606726e-08,3.1606738575181385e-08,0.0003076551972539,0.9842728606689988,0.0154194261957841,S2,0.014188728,0.014849537,4.6572795,-8.69281715170129
1525.566155314726,15206.21770990103,4.5534682597405655e-24,7.839884481988103e-23,0.0196383549272527,1.2936931192172824e-05,0.557297539144297,0.4229060298278632,0.0001451391693948,S2,0.014292933,3.7579696e-08,99.99974,4.1820212040602325
1845.124324277952,0.0013405968374078,4.370574947895296e-15,9.463244887181989e-14,0.9028328787087272,7.715477852809033e-09,1.0957592321343288e-05,0.0782884870909577,0.0188676688925157,S2,0.013183197,0.014270588,8.248309,-2.872701809482022
2335.7982473566894,6.466724886890777e-06,1.1469964182263177e-12,3.0569948016205773e-11,1.3518697580772224e-08,0.0019659279087147,5.6852625211722665e-06,3.124946360463408e-07,0.9980280608154304,S2,0.0140480995,0.014116639,0.4878934,-5.1893156147984705
2736.612613927602,0.0002978372211009,2.9177324936644584e-14,9.336743979726265e-13,8.443551222779368e-09,0.1555002653537242,2.0616879319218133e-07,0.0642342521384595,0.7802652678954717,S2,0.014808399,0.0162405,9.670872,-3.5260210288517615
1862.818033225569,2.023571391059202e-08,3.050327178311491e-10,6.176912536080769e-09,0.000563143259322,0.0024252832197214,1.1841071520500763e-05,6.917881292677983e-05,0.9969305536365092,S2,0.013125599,0.014292528,8.890478,-7.693881469208593
2063.9606382956235,0.0013940730987337,4.9058061696468954e-15,1.101762302266532e-13,0.0038517059990403,0.0419578551689977,0.0046877795388288,0.9004320824603885,0.0490705768327445,S2,0.014888204,0.017648844,18.542467,-2.8557144532506715
2192.399861979415,3.068193788353497e-06,2.3677263326166673e-12,5.623350039964584e-11,0.0012036657314497,9.10910395328305e-06,1.0990776871366002e-08,0.4283514835935184,0.5704357305803017,S2,0.01495268,0.013973494,6.548566,-5.513117213642647
1104.6837144274664,8079.758487507473,4.719140021322219e-22,5.2288071436250184e-21,2.4197340770039197e-07,2.9270407749798824e-06,0.000141649862222,3.763150095907776e-06,0.9998514179734992,S2,0.014531602,0.01454187,0.07065863,3.9073983794490417
2999.239885103484,0.003710786723236,2.7897706462540197e-15,8.704084416312543e-14,0.2813220193682249,7.072075875566552e-06,1.1003755069835733e-07,0.2849801025358823,0.4336906959824665,S2,0.013805008,0.014190551,2.7927787,-2.430534005927011
967.6939272517768,1.7909184363345757e-07,2.85140865730898e-13,2.281126925847184e-12,0.0289783303975933,3.3726790606895197e-06,0.5309157374988588,0.4400969041157978,5.655308689264746e-06,S2,0.014700788,4.208881e-15,100.0,-6.7469241927419406
887.2889989593622,5.36848692266847e-05,5.9329382220008e-14,4.883264536569888e-13,7.455283878985558e-09,0.0073357354533727,5.4644134737172085e-08,0.9742857278789222,0.0183784745682863,S2,0.014746677,0.015098259,2.384142,-4.270148100469903
1237.6016927848082,150.0595355317225,2.960560411986763e-20,3.5526724943841164e-19,5.2168732795212255e-09,8.814666691207305e-06,4.870226631245845e-07,0.9847167219847552,0.0152739711090172,S2,0.0143494,0.011827221,17.576895,2.1762635978763605
1227.3214693959003,32657.37278607098,1.3490675774507575e-22,1.6552021431030448e-21,0.0008175891367541,0.0007235322575872,0.049050979949061,0.0002768088781675,0.94913108977843,S2,0.013170595,0.012032336,8.642431,4.513981243768507
1373.5827361783925,29834.65946639082,1.652686128225288e-22,2.2756216688640506e-21,1.5592843269715895e-06,3.817335088045698e-07,0.0001931065057353,0.8919400700511008,0.1078648824253281,S2,0.014442887,0.010958816,24.123093,4.474721085159457
1649.4415541314545,5.599558412891896e-10,1.0574009768424037e-08,1.6308376604377072e-07,0.0001448554776709,6.885613823216042e-06,3.4814491530168413e-06,0.0002963292077546,0.9995484482515982,S2,0.013807036,0.015100423,9.367596,-9.251846220566312
1623.0397989243552,1.3334593776722787,6.380209172793676e-20,1.00665522504078e-18,1.05777195095819e-06,0.0001349747003606,0.5896944156470828,0.4098268576034534,0.0003426942771521,S2,0.014061721,6.1397685e-08,99.999565,0.12497978993853742
2474.693571720516,0.3016843748459978,3.057846353065922e-17,7.531362314032733e-16,0.96658570161249,3.621453656662985e-06,9.29813917224244e-08,2.3686741253200018e-07,0.033410347085049,S2,0.014255932,0.013419885,5.864551,-0.5204471826784777
690.3666407019778,4.1458180515161213e-10,9.158635296745122e-11,5.266215295628443e-10,1.5971800800969973e-05,1.2752158166648036e-08,0.5414105977883151,0.4585690972610486,4.320397677006293e-06,S2,0.014227215,6.7516048e-15,100.0,-9.382389761807156
1474.0667736350003,1.2859272630298882e-08,4.4314105010444335e-10,5.760833651357763e-09,0.723361568878762,0.1757164133006114,1.6976376894678618e-05,9.723734696666471e-05,0.1008078040967652,S2,0.013135659,0.016162742,23.044779,-7.890783596075979
1457.4957905549354,9.757702245856098e-07,5.774319500636542e-12,7.630350768698287e-11,0.0279493654934664,0.0006096066487589,0.3988996228628764,2.6494707757312556e-07,0.5725411400478206,S2,0.014780822,0.0032031902,78.32874,-6.010652438422422
1024.900170007492,39.2124154635526,1.4113847260739505e-21,1.3189146922966918e-20,5.145064491672e-08,0.0003549491852103,0.5619470332070089,0.4376110351918512,8.693096528475875e-05,S2,0.013486714,9.8518e-10,99.99999,1.5934235954290479
1950.5256171763915,7.227800637239371e-08,1.1177637733018169e-10,1.8107773127489435e-09,0.000369232824019,2.8850980882819323e-08,3.4680283024535604e-06,5.846470647100967e-06,0.9996214238260503,S2,0.013307339,0.0126914065,4.6285143,-7.14099383499059
1950.5256171763915,7.227800637239371e-08,1.1177637732977469e-10,1.814503191986676e-09,0.000423116003477,3.339499657617877e-05,2.520305731192241e-09,1.8103829112882946e-08,0.999543468375812,S2,0.013305184,0.014008965,5.289524,-7.14099383499059
1869.7165815195744,2534.464598259114,3.0555830179510464e-21,5.245417514149296e-20,2.8902298363010715e-05,3.409438717467657e-06,1.4415537161257773e-07,0.9851819364423878,0.01478560766516,S2,0.014095017,0.012405698,11.985218,3.40388622931831
1112.8787877442817,645.9797985736442,9.715458804328124e-23,8.587211975438406e-22,1.6157012287038403e-05,0.0007855581984625,0.5667529324989345,0.4303079012154603,0.0021374510748554,S2,0.013176177,3.0468676e-08,99.99977,2.8102189367177246
1972.45887575231,8.529645990561718e-07,9.897418362681778e-12,1.564430644423894e-10,0.0175770299719264,0.0002133070015685,0.0132966395522538,0.7356050997178494,0.2333079237564017,S2,0.013348473,0.013413742,0.4889619,-6.069068993162606
2393.8448064776835,4.7108051025555766e-05,2.1749327426767262e-13,4.314785924987698e-12,0.3160889161459806,1.0782358704498321e-08,9.413071738312903e-08,0.2753968249837102,0.4085141539572329,S2,0.0131393755,0.015378181,17.038902,-4.326904863207227
1677.0921989116764,3.077365449512622e-06,2.482990673392719e-12,3.092452020498205e-11,2.075290815786861e-05,4.285571081482174e-07,0.0005065342303442,0.9764651664696674,0.0230071178347223,S2,0.013668094,0.013910827,1.7759125,-5.511820926475165
1591.7002577581604,8.714369189212789,8.321900388419054e-19,1.081847050494477e-17,0.754554995930165,5.600931652149188e-09,0.0153229944867755,0.0174396644892115,0.2126823394929163,S2,0.013745481,0.01562849,13.699116,0.9402359551225103
1745.042247719471,3.3250682814158923e-09,2.3911266791604207e-09,3.224398097655718e-08,0.0001160819321034,9.506861554177096e-07,2.065763257884587e-05,0.0027872783616427,0.9970750313875196,S2,0.014377215,0.014956799,4.0312705,-8.478199431883386
786.8315753515415,4.2532316856968017e-10,1.2109150230915836e-10,5.570209106221285e-10,1.1336015251559665e-06,1.2781906020934763e-05,0.5174558685202592,0.4777566806539968,0.0047735353181978,S2,0.013545643,2.9376775e-11,100.0,-9.371280959378833
756.7096919572294,6.719901321049396,5.441494841795867e-19,2.938407214569768e-18,2.053513811253135e-08,0.0844127497383164,3.648960114910657e-08,0.4118894844847277,0.5036977087522165,S2,0.013715147,0.013305081,2.9898767,0.8273628956671608
1065.7648251089954,56663.97133397503,1.3170989780556867e-24,1.0207517079931572e-23,4.341601112241911e-06,2.1900279815544262e-06,0.5879548453400402,0.4120340965054296,4.526525436451439e-06,S2,0.014088938,1.0702596e-10,100.0,4.753307009082942
1252.1598171356989,19.263990070127633,3.2307198783627014e-19,2.7820087841456593e-18,2.95785549034555e-08,6.864601541766552e-07,0.0342510982748224,0.8836746704676293,0.082073515218839,S2,0.013789083,0.007977041,42.149586,1.284746245715091
1335.5820007480577,682.3705998060002,9.728279595455307e-21,9.593164601073984e-20,0.0016339524787621,0.0061798957336405,1.3300375431657708e-05,0.9729884106733108,0.0191844407388548,S2,0.014142831,0.015995495,13.09967,2.8340203068214223
1422.195510707421,17.011262612567126,4.1553588586313855e-19,4.478553436524938e-18,0.0012777376401963,0.0004822926798924,0.0229720470171273,0.9168079692723926,0.0584599533903913,S2,0.013162239,0.012071005,8.290644,1.2307365490811453
1449.2268130741058,1.2463733299657193e-08,5.939816021915994e-10,5.8595482378360485e-09,1.7334171680246776e-09,1.0116565606308476e-08,0.470414009736298,2.302311654731515e-08,0.5295859553906027,S2,0.013274254,0.00030759542,97.68277,-7.904351852653413
935.4420170221182,0.00010000775162,4.9073845215848697e-14,2.802374845220833e-13,0.8516942759352629,5.268040990265651e-07,4.100894198569941e-07,0.0254833525798879,0.1228214345913303,S2,0.014113768,0.018866198,33.6723,-3.9999663364468003
1248.7147050166277,1983.685809518662,4.493983856783881e-23,3.7252760918076914e-22,0.0006774678316763,6.67723051442245e-05,0.5478110099564338,0.4514236901983162,2.105970842934408e-05,S2,0.0136073725,4.2363033e-09,99.99996,3.297472886569267
2796.6709107020574,0.0002708989816664,5.416277062115918e-14,1.0490473467677148e-12,0.0016178039152403,6.678048212577501e-07,0.0001319228588604,2.108232057309591e-06,0.9982474971890206,S2,0.014448988,0.013456052,6.872011,-3.5671926275157224
2796.6709107020574,0.0002708989816664,5.4162770621158776e-14,1.0504726828366849e-12,6.825870228713503e-07,1.402000420513454e-05,4.1931256369545057e-07,2.6663518506500856e-05,0.9999582145777018,S2,0.014498896,0.013933926,3.8966422,-3.5671926275157224
971.216804323862,1.8308160819263935e-10,2.856401656812752e-08,1.7651097417740342e-07,0.2511722120887118,2.9918857911671985e-05,0.0001457673431976,0.7340898821464451,0.0145622195637336,S2,0.014268876,0.013637645,4.4238305,-9.737355281376256
1200.6018569563355,9220.894585286627,7.010902691027309e-22,5.6986055206555314e-21,0.0084098105460425,0.0005827266584669,1.706542729490548e-05,0.7814756735357952,0.2095147238324003,S2,0.013673653,0.00904192,33.873413,3.9647730571281112
2619.736800613569,9960.37779207522,1.874562295564203e-23,3.4463106818449577e-22,0.0157109694657909,0.0107132923058699,0.5501709315650251,0.4234042906471421,5.160161720277485e-07,S2,0.013236408,1.6930778e-11,100.0,3.998275811305419
2096.2279047679112,1.6767726044129939e-09,0.0,9.027120940119717e-08,0.9735307192533212,1.0334800315997155e-05,0.0160364918346508,0.0104221964839216,2.576277903925148e-07,C,0.014478074,0.014757644,1.9309888,-8.775525830264986
2369.6614983932586,7.367818931706819e-06,4.4404874908998267e-14,2.7220188319215932e-11,0.0046850462435917,0.1377922755156708,0.8574879373005904,3.2789848680853574e-05,1.9510914662895087e-06,C,0.013838897,0.0137147475,0.8971088,-5.132661055711159
2950.835950967748,6.308012929633797e-05,6.458560971132663e-15,5.005384752627814e-12,0.1404765578447925,0.0464543878376136,0.2804637750018155,7.79509413142508e-06,0.5325974842216468,C,0.013750845,0.00897071,34.762478,-4.200107425161959
1995.554669539251,1.2769156946110763e-08,6.473004927071952e-11,1.1327758622375917e-08,2.0544795118719263e-06,0.003123276645459,0.9953172411263094,0.0008401230023728,0.0007173047463467,C,0.01493586,0.01423372,4.7010407,-7.893837775073181
2794.3053744996673,3.173574707304236e-09,3.646948569899469e-10,8.801302548690718e-08,0.8723943591625708,0.0060688542580944,0.0198303058642747,0.0630921454414286,0.0386143352736313,C,0.014207127,0.013036638,8.238746,-8.498451273752073
2797.4786285513132,4.975319719208943e-07,2.328897208705354e-12,5.65922021715401e-10,0.0119580747812313,4.9913240533801205e-05,0.0419196428107991,5.445559142522257e-09,0.9460723637218764,C,0.01432527,0.014601272,1.9266734,-6.303179005807359
2090.1799787022237,1.6040489100295586e-09,1.0794451251236748e-09,9.409163340661369e-08,0.0183797602419712,7.642646109857929e-09,0.4400379577113568,8.426311897671731e-10,0.5415822735613945,C,0.014338216,0.021869719,52.52748,-8.794782393513138
2614.0218588365315,9.103905391841774e-09,2.378570346234927e-10,2.7115701947078173e-08,0.0228781842356917,7.555991727425223e-08,0.0075827121894707,0.969531494079772,7.53393514805989e-06,C,0.014096479,0.01305914,7.35885,-8.040772264131622
2519.288012604384,1.6488482192336863e-10,1.4766510229482516e-08,1.350080935266973e-06,2.8528639821142975e-05,0.0003903468225888,0.0075172669090339,0.9920621424691174,1.7151594387362096e-06,C,0.0138398865,0.01410473,1.9136277,-9.782819320451974
2668.5975308380685,1.3332507304975422e-09,1.9344276426065567e-09,1.8846852175109599e-07,0.9861087954585566,2.290077115248934e-09,0.0138876703297657,3.5287666696627475e-06,3.154930909075681e-09,C,0.013886446,0.00915114,34.100197,-8.87508816969199
2114.4509830995175,1.4805614053759706e-10,1.7745838988964455e-08,1.025315141584613e-06,0.981592477219852,0.0003925809215081,0.0152498758938525,0.0025604931959286,0.0002045727688585,C,0.014761228,0.013491827,8.599563,-9.829573575803952
2225.673170119002,8.597779919128752e-07,3.2166281508143108e-12,2.0407718601277464e-10,4.770014051744262e-08,0.0022293561330075,0.959227712614638,0.0007402485962922,0.0378026349559218,C,0.014651508,0.014738434,0.59329,-6.065613675889312
2713.880392279225,9.68130161228071e-10,3.870259740695221e-09,2.798197792522645e-07,1.5123274289011417e-08,0.0136717187687513,0.0205637827553978,0.9657644537917754,2.95608010700249e-08,C,0.01325287,0.009755168,26.392035,-9.01406624961006
2881.0256185241483,4.6067509279211827e-07,1.036136365627041e-11,6.631272740013061e-10,6.271400511852915e-05,1.165321735793546e-05,0.0076100903324072,0.9922916740441544,2.3868400961839142e-05,C,0.013831642,0.014406851,4.158639,-6.3366052680064024
2978.5767428235417,0.0098165422597104,5.027068260009172e-16,3.267594369005962e-14,0.0001236725571063,2.055521798735076e-06,0.9997864441259374,7.722395125428972e-05,1.0603843902960313e-05,C,0.014845354,0.015407154,3.7843544,-2.0080414594604106
2978.5767428235417,0.0098165422597104,5.027068260022384e-16,3.2717835925645685e-14,1.973462938223328e-06,0.0065818935572701,0.9884009275836824,4.2459577706091396e-07,0.005014780800332,C,0.014676413,0.01419773,3.2615743,-2.0080414594604106
2326.51999056377,4.083161570821598e-06,1.1013403281234148e-12,4.8144305772252135e-11,0.0688534578930995,3.4644994360864294e-05,0.8793508880715523,0.0517607425342701,2.665067172603767e-07,C,0.014110999,0.013857541,1.7961768,-5.389003434691762
2438.887799668349,2.4491168929990137e-05,1.9248355257343546e-13,8.9917316702162e-12,2.586629292572506e-05,0.003091989192968,0.9967664427186544,1.0495685578941488e-06,0.0001146522268939,C,0.013922216,0.0128301615,7.8439727,-4.610990486099079
2580.2269390719075,1.004993102137881e-05,6.025970875229815e-13,2.4529246150935478e-11,0.9667111167867524,0.0001021859929397,0.0331866445858277,1.902952686019644e-08,3.360495348526719e-08,C,0.014105541,0.013581009,3.7186244,-4.99783691905318
2590.3888445476045,8.319630043862604e-05,8.167663647122227e-14,2.9833466163699082e-12,0.0002189775921209,0.2947413058325227,0.6160049610083774,0.0889665487744306,6.820679254830185e-05,C,0.01397851,0.013593293,2.7557828,-4.079895985425777
2952.7241272062292,3.294819470723962e-08,2.3508673720210916e-10,9.477707405095558e-09,2.6498329888970223e-08,1.0247882594543885e-07,0.0150301532669728,7.084675750898763e-07,0.9849690092882962,C,0.014643418,0.013886763,5.1672015,-7.482168376219072
2227.854264047696,5.257344790165585e-07,1.2286352514660786e-11,3.3290164670676125e-10,0.4554303926360227,0.0003517176603505,0.5442171639571478,7.022390342137507e-07,2.3507444705252492e-08,C,0.013683482,0.016450265,20.219877,-6.279233539900723
2876.0346065975828,0.0040636357417829,2.0520215312964518e-15,7.62179425910111e-14,1.6380164986262866e-06,8.998173524602058e-08,0.9968350858122716,2.3132613911689506e-07,0.0031629548633552,C,0.01385634,0.012951729,6.528501,-2.3910852284858644
2447.8909055264176,8.29038181537657e-10,9.78389836866946e-09,2.617192813619081e-07,0.9669637772945634,4.216343553020141e-06,0.0131059531121346,0.0155968144014565,0.0043292388482922,C,0.013149358,0.013298415,1.1335634,-9.081425467460264
2671.520453897406,0.0003500467157601,2.528873043217095e-14,7.344268796342981e-13,0.0003346503803893,0.0129622578821794,0.8347581019768294,0.0500751805756833,0.1018698091849184,C,0.014191341,0.013817701,2.6328738,-3.4558739926698183
1954.742478720369,2.052429232836459e-09,3.2873397011470942e-09,6.337990943811599e-08,0.0001750411113483,0.0003021898296592,0.4472687012870863,0.2762986156973167,0.2759554520745894,C,0.013906735,0.015056889,8.270479,-8.687731808297908
1979.304670748222,1.0239548208516174e-08,6.93886565694089e-10,1.2916965299843811e-08,3.587969257834662e-07,1.3210604440141518e-06,0.9722287262954707,0.0002057712833664,0.0275638225637928,C,0.013510738,0.013241946,1.989468,-7.989719204969266
2549.1624396011525,8.167561122801512e-05,1.1203707899531325e-13,2.8181634485744178e-12,2.0231497471816316e-07,0.1918056112271224,0.7964135975425488,3.5350132460859315e-06,0.0117770539021079,C,0.013020028,0.015199922,16.742619,-4.087907606751994
2601.22817977655,0.0001415249907511,6.597842395694101e-14,1.766191656693498e-12,0.0593490413488313,0.1305117872962521,0.8088714024949248,2.2780390184407845e-07,0.0012675410560898,C,0.014076326,0.012911542,8.274771,-3.8491668648252544
1807.8324337973577,1.2135904190580048e-10,5.5530638069468964e-08,9.049437315024572e-07,0.4215356977520307,0.0001309939375843,0.576189146574182,0.0008917005103113,0.0012524612258917,C,0.013237416,0.011624803,12.182234,-9.915927860835914
2463.785012894558,7.646459359534607e-06,1.2456147389019909e-12,2.9049515160821428e-11,0.8365379504661054,5.529278896535062e-08,0.1634608879955021,1.0518156761739657e-06,5.4429927433925455e-08,C,0.013203133,0.014069841,6.5644145,-5.116539615378122
2385.962346336102,1.0832355109613854e-05,8.819053504934585e-13,1.8611243948344708e-11,5.582072667593115e-08,2.3088672927042018e-07,0.9971639905214986,0.0028357005496198,2.2221425408063427e-08,C,0.014612687,0.014128586,3.3128784,-4.965277111249601
2495.165429552018,1.316359704765158e-06,7.589375355157294e-12,1.701066889949049e-10,0.000147864071969,0.0003014484502101,0.3658957221952166,0.1833339687180113,0.4503209965645927,C,0.014466561,0.017883033,23.616331,-5.88062542041138
2576.021241703493,3.1522946374674703e-10,3.2719267272895823e-08,7.683386556152434e-07,0.9759509992794668,0.0004899801491916,0.0149221217884435,0.0086368861159692,1.2666928715007456e-08,C,0.014479461,0.0166909,15.272941,-9.501373196815075
2383.6503956942443,1.0571165037044617e-06,9.962147687583062e-12,1.8990344029455212e-10,0.0002235019735961,0.0014512035994561,0.0343167848796057,0.9638653285984872,0.0001431809488549,C,0.014003903,0.012916869,7.762366,-5.975877146914192
1851.447323220648,5.730619614448137e-10,1.4719969190787348e-08,2.150007621199849e-07,0.0033271062730043,2.1462700141996614e-09,0.9910287155837432,4.818120174423588e-06,0.0056393578768081,C,0.014084184,0.014286392,1.4357152,-9.241798418069703
2817.229998755497,0.00016603014586,7.730944888956272e-14,1.726577691866901e-12,0.9590334523118326,1.1411284562905738e-05,0.0409152835998068,3.9565385796302936e-05,2.8741800132649305e-07,C,0.013516529,0.013889192,2.7570848,-3.779813050562271
2242.679101847866,5.8647288836529376e-08,1.9006623771054728e-10,2.993543243941119e-09,0.9758465992576422,0.0008768457145678,0.0232672327297082,1.0050062482750535e-06,8.317291833555565e-06,C,0.014427759,0.014177524,1.7344011,-7.231752059772663
2223.3382055952884,1.6273677032351166e-08,6.979187084783136e-10,1.0657407305141816e-08,0.0170437906584904,8.98563144473983e-07,0.1733111806823126,0.5970223299081613,0.2126218001878911,C,0.014120723,0.01556852,10.252994,-7.788514307269958
2942.0213411432264,0.007443711881238,2.0190230555770136e-15,4.2563188739191096e-14,1.1161107374164593e-08,0.081280472429881,0.9187192466897502,1.8040139888906938e-07,8.931786252246749e-08,C,0.013059207,0.012770991,2.2069976,-2.1282104451611077
2637.875095829923,0.0001896746232313,7.296455442167667e-14,1.3383235376818064e-12,4.960887228037408e-06,0.0962074583172499,0.569766891360503,0.3337172523770594,0.0003034370579596,C,0.0135748675,0.011593231,14.597834,-3.7219907699433725
1889.9637067631625,1.5774350458008283e-09,6.451338522809302e-09,7.989734632094597e-08,0.0001069382557029,0.0006942163778235,0.9985742003909548,0.0004320366467948,0.0001926083287237,C,0.013158186,0.012251277,6.892355,-8.802048514702564
1067.8268578153773,4.390265768744131e-09,0.0,8.193764337883411e-09,0.0490324911026774,0.0030252933077819,0.6699675082953049,0.2779746989887546,8.305481054873198e-09,C1O1,0.013261075,0.013673296,3.108504,-8.357509188549363
1430.5729101292827,2.279195434939019e-06,0.0,3.2063685361597706e-11,0.2436442472877835,0.0068092229770045,0.0077124777829168,0.7417449108196971,8.914113259797276e-05,C1O1,0.013611922,0.018011522,32.321663,-5.642218433627644
1772.7502623246162,76.39758294260862,0.0,2.076929364481139e-20,4.732341265100356e-09,0.0065578464058185,0.5771934977201628,0.4161414414105503,0.000107209731127,C1O1,0.013764156,0.13593699,887.61584,1.8830796186373036
2263.054336756888,0.0020024769219392,0.0,9.034191651008592e-14,0.0953439523777947,0.0039063656438182,0.8390943527903899,0.0136895105223391,0.0479658186656579,C1O1,0.013465973,0.013676,1.5596883,-2.698432480353444
2318.097682793517,4.3115449919794944e-08,0.0,4.505788284869719e-09,8.952535293754036e-08,0.0073226512108196,0.0858461684000713,0.9063031897853586,0.0005279010783975,C1O1,0.014219191,0.0134402355,5.4781976,-7.365367077575298
2739.920200160021,2.18779030083569e-07,0.0,1.2605005283238163e-09,2.403747115853413e-05,0.0124967979123258,0.9628736224008116,0.024605532111804,1.0103900037600392e-08,C1O1,0.01346792,0.014885627,10.526546,-6.6599943073634496
1155.2121259035894,0.0011010577073032,1.4485548215920615e-16,4.331178916560264e-14,1.5029607212850787e-05,0.0064016821457202,0.0657235578973768,0.9254448972153964,0.0024148331342934,C1O1,0.013602797,0.0133286705,2.0152209,-2.9581899187152825
1833.0209547393265,0.0830602255593174,3.0468963357946788e-18,1.4076661071371417e-15,0.4104057905542889,0.0061798636318663,0.1136909891099186,0.4599310770917642,0.0097922796121619,C1O1,0.013731179,0.014177536,3.2506812,-1.0806068938493782
2325.1387349550896,1.550219659304847e-07,2.0708036095285597e-12,1.261119398202893e-09,2.3822027117290006e-06,0.0052715379510958,0.9804367949497056,0.0142833379188664,5.946977620177434e-06,C1O1,0.014120752,0.015217111,7.7641716,-6.809606759852277
2784.3748581018467,1.7972185809862032e-07,2.138996557339525e-12,1.5593284903005132e-09,0.9196353037149376,0.0134009410847196,0.025267884147341,0.0416956124216462,2.5863135532062714e-07,C1O1,0.013869034,0.014222382,2.547744,-6.745399099995515
2813.102644077617,104.0063191177357,3.7342994016023926e-21,2.8119274494066016e-18,1.887259662570727e-05,0.0028164646734306,0.99694316346275,0.0002202710112516,1.2282559421597708e-06,C1O1,0.013464113,0.012954915,3.781889,2.0170597265544714
1314.844789321564,15.32503267994297,3.1198407916597375e-22,5.428522977487943e-20,8.578564041978882e-05,0.0057181034726353,0.5192047130700354,0.4749867574025501,4.640414359557656e-06,C1O1,0.013168796,0.1041461,690.8551,1.185401409304891
1535.0351417877102,1172.2240543022042,4.7900482571395025e-24,9.460345307850516e-22,1.6143947962414127e-05,0.0034416161794908,0.5912928016682376,0.4052463829504141,3.055253894789459e-06,C1O1,0.013247042,0.4726046,3467.6235,3.069010628957841
2089.367185065359,3.878757501461315e-09,1.4874261155849496e-10,3.8970564228325684e-08,0.8500742554157041,0.1353241287346009,0.0145129223900904,1.999653362809273e-05,6.869692597643768e-05,C1O1,0.014731503,0.018163262,23.295374,-8.411307371487673
1936.02116651248,36.09410997875841,2.221663508699899e-20,3.776827964789829e-18,0.7683148117851547,0.2076250292742375,0.006588837902179,0.0174228184839624,4.8502554466189526e-05,C1O1,0.013199237,0.012087994,8.418994,1.5574363372955133
1196.813955753487,7.096012661267096e-05,9.314414014368114e-15,6.846094300560564e-13,0.0049547274624883,0.0070734406062656,0.0109094430062553,0.0667685844344055,0.9102938044905852,C1O1,0.014122049,0.014937215,5.772287,-4.148985618273071
1509.1029311276025,8.944522667458905e-05,9.31761933591866e-15,8.711974079083948e-13,5.679637976635965e-07,0.006949549849342,0.0193985855117365,0.973651185777425,1.1089769871791297e-07,C1O1,0.014069757,0.014326691,1.8261386,-4.048442830995992
1872.881112116865,5.3206160259267095e-06,1.9439789817484757e-13,2.395954095004996e-11,0.0018918422739936,0.0400346299461189,0.0118989585494747,0.9461744506783548,1.1855205795310654e-07,C1O1,0.014114149,0.013385681,5.161257,-5.274038081770317
2216.000403270595,58.53850739113645,2.0906025073543942e-20,3.0888652046161178e-18,0.0022051281806158,0.0074197532615409,0.0632200733682727,0.000155181415845,0.9269998637737252,C1O1,0.014499311,0.014261729,1.638576,1.7674416446427461
718.2577011136351,5.4718782178141595e-08,1.1907242195577784e-13,3.953204408931825e-12,0.0003598247439353,0.0010442814419639,0.5328253560060923,0.4657376624558159,3.287535219236731e-05,C1O1,0.013140565,0.07149785,444.10028,-7.261863576843469
1185.0153971071625,2.379890126320486,4.609086786770006e-21,2.8207611135032443e-19,0.0335164435923834,0.0005043678856015,0.5396406099867985,0.4263385635668879,1.4968328544691042e-08,C1O1,0.013408942,0.004237897,68.39499,0.3765569072102082
1391.5108995328858,5.608194635257687e-07,1.7128401000053394e-12,1.1236231056035023e-10,4.489767115487754e-05,0.0027504983595402,0.9926182908311764,0.0043586210014641,0.0002276921366645,C1O1,0.013488967,0.015581043,15.509539,-6.251176922368151
1460.7965005983758,180.20945999110916,5.595841726970142e-21,4.387139913944591e-19,2.219240944510316e-05,0.0028254998329012,0.978738246066018,0.0183730929195662,4.09687720693794e-05,C1O1,0.014134689,0.013234987,6.3652077,2.255777585278455
1920.83671524584,18318.38573389192,9.71216562131773e-25,1.0081227914927806e-22,1.5359824550448095e-05,0.0014294487368253,0.5877274380927401,0.4106044330126591,0.0002233203332248,C1O1,0.013417128,0.23389322,1643.2437,4.2628871998038775
2007.2643072176104,1.6520166459809344e-09,8.38770971295773e-10,8.75676894032787e-08,0.0583518476885327,0.0241224113604247,0.0141262095593803,8.199087581853038e-05,0.9033175405158436,C1O1,0.0143369585,0.013036817,9.0684595,-8.781985580973721
2293.0920673029027,1.4359804839259712e-10,1.1023656223602996e-08,1.3250434780770802e-06,0.1201046766595375,0.0085551983272397,0.0431810092268845,0.8280899607066713,6.915507966707189e-05,C1O1,0.014811707,0.015697809,5.982445,-9.842851462448074
2816.3476201178833,0.0053816120451291,3.6126608275156263e-16,5.3467380247231264e-14,0.0204532206381592,0.0051717664632832,0.7825867381347197,0.1916126431123619,0.0001756316514758,C1O1,0.014350947,0.014447395,0.6720655,-2.2690876132858517
1443.1042097680345,0.578901476078571,2.0650331855139237e-18,1.3319464046564808e-16,4.938914934208377e-06,0.0026579859687328,0.6393618605227704,0.3578905905626206,8.462403094190344e-05,C1O1,0.014628748,0.038507376,163.23082,-0.2373953430710252
2523.4221806724945,1.047051419269167e-09,1.9964403820161632e-09,2.1361912087572946e-07,0.0452063227761649,0.0129623021293177,0.9403481333460932,4.502463896385462e-05,0.0014382171094601,C1O1,0.013148094,0.013464042,2.4029977,-8.980031990186937
2686.156547591618,336.60923424009707,6.610583997839758e-21,7.8555773174329125e-19,7.202910072666201e-05,0.0068713771643909,0.0499077287243641,0.0027492893994798,0.9403995756110384,C1O1,0.013102768,0.012481534,4.741243,2.5271260258540345
2694.982868910862,9749.453274786896,2.28986718677456e-22,2.7363912881955995e-20,0.1011125976138199,0.0031186853868114,0.8952913774692467,7.088022162122429e-06,0.0004702515079598,C1O1,0.014004988,0.014323066,2.271179,3.988980262221556
2560.2968824050386,1.1590669914480265,2.1348291617745933e-18,2.0341872155766474e-16,0.2467180735300172,0.6611395893982176,0.0890134146023076,0.0029442972564546,0.0001846252130029,C1O1,0.014553743,0.017980793,23.54755,0.06410853792685077
2514.3866576527516,11461.696785158689,3.0610195011783042e-24,2.956070261137905e-22,0.0023774063214243,0.000345749762698,0.5232314527980574,0.4734171556862162,0.0006282354316039,C1O1,0.01443782,0.007634534,47.121284,4.059248915177896
2881.8750128190777,859.3259325622507,4.3137609274234235e-23,4.8991999104308875e-21,1.0891814994463521e-07,0.0332617219208498,0.5293248529928637,0.4373900914989199,2.322466921645085e-05,C1O1,0.013309371,0.20074522,1408.2998,2.9341579180402935
1255.678761062499,13.007569498254416,1.0662417800527096e-19,4.1183588754535914e-18,0.0051168023593291,0.0034209090759338,0.8430390982847968,0.0003408306502488,0.1480823596296912,C1O1,0.014676015,0.014731182,0.37589833,1.114196154969978
1192.1900227864678,29426.867351312827,6.597665669064542e-25,2.622572103453155e-23,1.6604418159404817e-05,1.130174503247332e-07,0.4729918411723531,0.4663519023584263,0.0606395390336108,C1O1,0.014744009,2.81434e-06,99.98091,4.468744031571175
1664.3493976361558,1.5381490343815865e-07,1.1951415783665751e-11,6.095222049669534e-10,0.0021124917928012,0.0035720905704345,0.9888506937806512,0.0047953973521043,0.0006693265040087,C1O1,0.01441047,0.013574772,5.7992425,-6.813001582822119
1694.4070414381713,0.0013151754466949,1.4230079302835176e-15,7.43521643573138e-14,4.951579993100306e-05,0.0067849994732162,0.0265467333178734,0.9665545547653124,6.419664366701957e-05,C1O1,0.013835633,0.013638112,1.4276283,-2.8810163076693343
2593.843249190522,0.4007838370115579,7.148366287095979e-18,6.299497790503332e-16,5.725716875806878e-07,0.9274478468907824,0.070379294214846,0.0003873535133306,0.0017849328093532,C1O1,0.0139799025,0.013810337,1.2129261,-0.39708980120825643
1551.8812667044888,0.2199904712841117,1.232881764036663e-19,5.821941663506465e-18,0.1354425966736281,9.927737257651588e-05,0.4525952338263279,0.4109518154572146,0.0009110766702528,C1O1,0.014065041,0.00026087815,98.1452,-0.6575961298975735
1816.3367501973617,3.1747017774846814e-09,7.109176671760914e-10,3.5150929099262304e-08,0.0001032756265996,0.0062846171302107,0.3828151305067906,0.6106242194319172,0.0001727573044815,C1O1,0.014349424,0.012946466,9.777105,-8.49829706485257
1908.7231055144991,9.666968149534354,2.453456912211146e-19,1.3875661870171926e-17,0.9642455975283604,0.0237146451265908,0.0069952646189272,6.571715128357486e-06,0.0050379210109933,C1O1,0.014168158,0.0152441785,7.5946374,0.9852902876935126
2021.5815680423975,2.3648679392951517,1.519144309508517e-20,9.216142144351673e-19,0.0002368966910645,0.0003140313573043,0.5359499247946118,0.463435506140215,6.364101680435032e-05,C1O1,0.01430174,0.0016056177,88.77327,0.3738068935572372
2315.284849014643,24.31655905906042,1.1831181118995558e-19,8.294972540095775e-18,1.5858609207843406e-07,0.0072616503620057,0.0411799830226007,2.9803160749769476e-06,0.9515552277132264,C1O1,0.014332337,0.0142382765,0.6562836,1.385902119638951
2340.586019173385,195.5437581614662,1.4873269388773975e-20,1.046086613677103e-18,7.19243006270755e-06,0.0074404548939839,0.0230990172627945,0.1567636644448448,0.812689670968314,C1O1,0.013435819,0.013097852,2.5154228,2.2912439576479215
2909.2687386074895,4.9553974690823805,7.29509826734315e-19,6.387263816296001e-17,0.0063904713752104,0.772584936402689,0.0586783072808803,0.1622613162964105,8.496864480986969e-05,C1O1,0.014171148,0.016148679,13.954631,0.6950784946853119
744.0013494346051,4.303526706988557e-09,2.386892069847106e-10,3.938371915247725e-09,0.2942546830068393,0.00354259085568,0.6882028103199369,0.0121158274676687,0.0018840883498749,C1O1,0.014884951,0.015529499,4.3302045,-8.366175497528861
1538.9068360803517,0.000889049085704,2.3898443798062887e-15,9.03361175566777e-14,3.891998450735854e-07,0.6208357062172992,0.0169104893155025,0.0330936320431881,0.3291597832241649,C1O1,0.014270453,0.015491654,8.557552,-3.0510742603325003
1407.7071618441703,0.5991669745942794,3.2437476242290745e-18,1.2553303305766519e-16,0.2818848135990017,0.0046917315899567,0.3506971406859097,0.3304066624843443,0.0323196516407875,C1O1,0.014312901,0.012157562,15.058711,-0.22245213246936754
2225.0005149448816,0.0338337200516694,9.079535492791298e-17,5.284289656804536e-15,0.0002541514978595,0.0231194164545953,0.013412024564815,0.9631993246218488,1.5082860881181656e-05,C1O1,0.013162362,0.021333806,62.08189,-1.4706502484700492
2665.259872747407,1.324817303386415,2.7775817070930043e-18,1.9609726852076606e-16,2.416863865287212e-07,0.0072804256451103,0.0587768666054017,7.490476280694734e-06,0.9339349755868206,C1O1,0.014444933,0.014693325,1.7195795,0.12215599178090383
2625.350919091712,385.2107678512923,1.3165013075052225e-22,9.386654322512235e-21,0.0366600389323158,0.0006745570427567,0.5223199998076961,0.4401586864113954,0.000186717805836,C1O1,0.01399101,0.0033543475,76.02498,2.585698418517495
2906.2694786911857,0.2953089770818132,1.3587592467495955e-17,1.0652672494516829e-15,0.9504833189463,0.0071365271735073,0.0220221962294937,0.0203362310735916,2.172657710740692e-05,C1O1,0.0130931465,0.01239217,5.3537683,-0.5297233507395056
788.2754346491059,1490.4153448033153,8.032423733420301e-22,1.4166274584395802e-20,4.1197779067777025e-05,0.0205863602686071,0.0135563487126687,0.9658160757438262,1.7495830221630166e-08,C1O1,0.013111216,0.003518253,73.166084,3.173307313257684
1851.956901337687,5.961207614102394e-10,4.718158255250263e-09,2.0674111627551153e-07,0.7258817243444332,0.010883386883318,0.2547862244749128,0.0084364855374958,1.2178759840029556e-05,C1O1,0.013282572,0.013601298,2.3995845,-9.224665752505551
1079.51681965263,3.3814094904869606e-05,5.289275274543535e-14,1.1239709958405014e-12,5.005230612956512e-07,0.006538175187415,0.0420408562933504,0.9514183851367466,2.08285942664562e-06,C1O1,0.013558115,0.015071857,11.164841,-4.470902232756793
1172.688952124383,0.0104728945486363,1.8551569740703382e-16,4.653352076626431e-15,2.346097228870907e-06,0.0053255219917985,0.2944454059755295,5.845815391503196e-08,0.7002266674772891,C1O1,0.014439761,0.01383197,4.2091446,-1.9799332693465108
1529.652521636684,9.661244935619186e-10,2.623156065179132e-09,7.935047097166874e-08,0.1564665770953965,0.0051637616932981,0.6798549124859298,1.536577091468322e-05,0.158499382954461,C1O1,0.014439272,0.015609381,8.103657,-9.014966907349175
1420.4466270430764,7.168183282532383e-07,3.283071537007649e-12,1.0150162835248647e-10,0.672668659353748,0.0051451428824832,0.3221852036919315,7.536679237000207e-07,2.404039135298518e-07,C1O1,0.0145633705,0.013430457,7.779201,-6.1445908987735525
2054.6087288283065,0.0009847409686216,3.456779282532333e-15,1.5497893783353294e-13,0.910684109261593,0.0812249506054335,0.007243103923212,5.4495006173892016e-06,0.0008423867091438,C1O1,0.014510978,0.013615026,6.174304,-3.006677993555926
2126.992810462546,0.0394528681020956,8.932067017825235e-17,4.0343169363843975e-15,0.0035961813739015,0.5846174274235484,0.1335927376907805,0.1845153084537625,0.093678345058007,C1O1,0.014454737,0.011685654,19.156929,-1.4039214194346146
1916.2570834736969,7.099102841037191e-05,4.844812115117359e-14,1.844755382294687e-12,0.0004879921229859,0.0040537638473764,0.9084196552670972,1.2291150957723935e-06,0.0870373596474443,C1O1,0.014292749,0.012564822,12.089533,-4.14879653238036
2364.974815874013,241.14620066649783,1.760243427199181e-20,8.557491122999097e-19,0.0385728068458915,0.0030197966242032,0.945110068925214,0.0127523681269624,0.0005449594777288,C1O1,0.0144091835,0.013855391,3.8433292,2.3822804238669697
2730.3772783665218,11.86459602185257,4.448166390539128e-19,2.3765917572309056e-17,0.8518471000787466,0.0065114115881016,0.0925233410013812,0.0468477374901707,0.0022704098415998,C1O1,0.014100423,0.015396526,9.191944,1.0742529554933427
1566.6962020007747,433.3218764150953,7.487704290501468e-21,2.1614506385247571e-19,0.0043625332191546,0.0153853358285001,0.1014721470831681,8.776916420832027e-08,0.8787798961000128,C1O1,0.014801057,0.014672959,0.8654641,2.6368106151052952
1040.7030964437529,3.341711443818518e-05,9.783886648673208e-16,1.5593069346322928e-14,0.0002642550898647,2.432628305518036e-06,0.5587499515305686,0.4409783229250605,5.037826200643152e-06,C1O1,0.014221659,3.5310703e-05,99.75171,-4.476031054073923
1845.603622013871,2.21098879408052e-09,1.8439753512283695e-09,5.5549757455754637e-08,9.150746194697541e-09,0.6416374307261355,0.0114501078385386,0.0279354987908555,0.3189769534937239,C1O1,0.013831496,0.014674465,6.0945606,-8.655413458543551
2032.0465720472307,1.286813114681414e-10,3.4883570905127845e-08,1.1358962775982254e-06,0.1556180956523351,0.7948408423313957,0.0128793837243826,0.0361648411579152,0.0004968371339713,C1O1,0.013291141,0.011317644,14.848211,-9.890484521592926
1232.7210050824974,1.861478864481369,1.554314455856764e-18,2.797766020542175e-17,5.701883456831055e-05,0.006375581938127,0.032787200359817,0.9607786895047612,1.5093627264317077e-06,C1O1,0.013097139,0.01447963,10.555669,0.2698581095357575
1262.2389659283283,1.260664455934483e-09,2.350032783109486e-09,4.4512385656544385e-08,0.0178698318322051,0.6467136957817073,0.0100475088234082,0.0029682477332036,0.3224007158294756,C1O1,0.0142837595,0.010270875,28.094036,-8.899400491799454
1817.1108094219728,4307.194793102174,9.901903631242905e-22,2.772533016748013e-20,0.0002929171823349,0.6451537586119743,0.1445379217258023,2.9907044989632984e-06,0.2100124117753893,C1O1,0.013327937,0.007724654,42.041634,3.6341945131966362
1359.9201129280616,2.792228399922037,1.2103702612041976e-18,2.333324892432537e-17,0.9503132360070085,0.0068985562606996,0.0192308234985284,0.0005384873608007,0.0230188968729626,C1O1,0.014553138,0.018138397,24.635645,0.44595094001444296
1668.655698362752,2.237825347113037e-10,1.8530884437064602e-08,4.1282692551460585e-07,7.146530086155492e-05,0.0102877932859509,0.2216160448821096,6.600811130483934e-07,0.7680240364499648,C1O1,0.013243209,0.012215311,7.7616982,-9.650173811348731
782.8143675840345,8.392745360401532e-07,2.4467614341533185e-12,2.2020852907379863e-11,0.0002166248291931,0.0029695546162992,0.9878038931717784,0.0002479019495726,0.0087620254331564,C1O1,0.014584127,0.0155469235,6.601675,-6.076095953373267
1027.0428685287882,0.0494734464823151,5.445694672028162e-17,7.509326337217781e-16,0.915849923774514,0.0756434999934207,0.0079489887204598,8.766265335170506e-05,0.0004699248582538,C1O1,0.013982539,0.0138244685,1.1304855,-1.3056278342059697
1855.5981878524744,345.0015839988109,1.410911272467027e-20,3.8020345868585153e-19,1.71323589302137e-08,0.0157105962783721,0.0134778470798376,0.3029386018703778,0.6678729376390534,C1O1,0.014631133,0.014016893,4.19817,2.5378210890453428
2941.054122561174,4.294567494953806e-07,1.7964720606949028e-11,7.261529171650976e-10,2.7801428429814026e-07,0.0142872313778996,0.985712173639407,3.132040619006254e-07,3.764347256547867e-09,C1O1,0.014616595,0.014842685,1.546808,-6.3670805673421755
1913.868352745469,0.2440967256265598,2.8641942096025213e-19,7.232090379246364e-18,0.0030094713496229,0.0143227822857868,0.5062510090570412,0.4764135731661801,3.1641413687256663e-06,C1O1,0.013229367,0.05802962,338.64246,-0.612438046276603
2283.7063837056685,0.0365500000804414,1.725306118423872e-16,5.3743285588903616e-15,0.000145178023673,0.0071787747994695,0.0103245870910674,0.0698660667295193,0.9124853933562708,C1O1,0.013787823,0.014438234,4.7172894,-1.4371126177502997
2434.86626221185,20855.716041029344,3.2237646947403333e-22,1.0944681138643432e-20,1.6916227148002526e-07,0.0050304146592598,0.2667249492621976,0.7281843928904592,6.007402581171634e-05,C1O1,0.013616718,0.01162182,14.650363,4.3192251051063035
1332.5119942130812,0.3880543215069267,1.4716159805473328e-19,2.4176548251849042e-18,0.0006485009622307,4.221866846243696e-07,0.5418614642213111,0.4537130957573126,0.0037765168724608,C1O1,0.014781323,6.356389e-06,99.95699,-0.4111074757475245
1418.1471513599793,37.949545807966395,1.0834709034539246e-19,2.0121602492715745e-18,4.163681739723166e-09,0.0092437036802046,0.1967334700703473,2.526049263246654e-06,0.794020296036503,C1O1,0.013010269,0.012678406,2.550776,1.5792065824904107
1757.1651075967238,5.356032044050638e-06,9.512003462422126e-13,2.0518750326082013e-11,5.601724795308395e-07,0.8281059067009249,0.0806461498668865,1.6829745434383217e-06,0.0912457002851656,C1O1,0.01323215,0.01640139,23.951056,-5.271156833356679
945.4283751468556,1.3021831917703806e-06,2.2052738231548708e-12,2.11505807584399e-11,9.839701716630823e-06,0.0034408795955993,0.4934918721934671,0.5029215613693813,0.0001358471398356,C1O1,0.013493819,0.017365683,28.693611,-5.8853279147090465
913.3262706395956,1.1786415357165003,2.353694859112844e-18,2.4285851500846167e-17,0.3148310562404361,0.0527026698402827,0.012775921294447,0.6196766381936006,1.3714431233369327e-05,C1O1,0.014811718,0.020297326,37.035595,0.07138174170960451
1155.398416912377,6.38471287177947e-05,5.496628014294435e-14,7.345493800920747e-13,0.7858608029067117,0.0814900206372055,0.0079911563531674,3.135607349896091e-07,0.1246577065421803,C1O1,0.014707521,0.016512522,12.272646,-4.194858628706854
2135.4944184271194,0.1476549482079953,4.392948206118854e-17,1.1661280692606413e-15,0.1826514771129896,0.0057681266052746,0.2719158353116838,0.1558636819205694,0.3838008790494825,C1O1,0.013186788,0.013612407,3.2276175,-0.8307519943919675
2310.155165541862,0.0231092530930556,3.036415808978658e-16,8.584775605385116e-15,6.760311284808135e-05,0.0032744066638651,0.947499271111468,0.0491585532024948,1.6590932406685125e-07,C1O1,0.013717345,0.015683454,14.333012,-1.6362140909902305
2736.7757595765665,0.0132994851000999,6.250436574250272e-16,2.102419574975091e-14,4.2257315364474014e-09,0.2254797415474781,0.0096517568729233,0.0010867837436718,0.7637817136101952,C1O1,0.014862459,0.013849025,6.8187532,-1.8761651727557762
2997.4788781919574,2.3620433140161342e-05,3.85455491879009e-13,1.3561025032470587e-11,0.0001209111340768,0.0085508030931235,0.983785084072756,7.363091611712765e-05,0.0074695707839264,C1O1,0.014100962,0.013666718,3.0795348,-4.626712142765806
1525.566155314726,15206.21770990103,4.5534682597405655e-24,7.839884481988103e-23,0.0196383549272527,1.2936931192172824e-05,0.557297539144297,0.4229060298278632,0.0001451391693948,C1O1,0.014292933,0.000334013,97.663086,4.1820212040602325
2959.66957523977,12460.499464020711,7.542561195051545e-22,2.6103820483743607e-20,0.1135063601851421,0.0094115188677998,0.0495333198854337,0.004138637411819,0.823410163649805,C1O1,0.014993413,0.012815024,14.528976,4.0955354508400585
2111.4857933416597,0.0068567419498022,1.0629030413081901e-15,2.2958705692256904e-14,0.0178688871542549,0.0031639028365895,0.9723209747860032,0.0064788558451294,0.0001673793780229,C1O1,0.01414621,0.015219521,7.58727,-2.1638821946918045
2631.0550616435007,1.2995804440141972e-09,6.987952992173943e-09,1.9091087574619217e-07,0.2214693415173959,0.6948350100554964,0.0138003397265665,0.0698952950932086,1.3607332547325268e-08,C1O1,0.014473173,0.013114756,9.385757,-8.88619683250759
2578.1159172515686,0.0133778406478946,6.651808122028987e-16,1.865166997416927e-14,1.0221817488006737e-07,0.9768184432668494,0.020699346082065,0.0024819358214414,1.726114692695995e-07,C1O1,0.01341967,0.011318117,15.660241,-1.8736139815148125
2739.5560383616125,1.691517567385605e-06,5.590195004451821e-12,1.6345730193017123e-10,1.6471784150114009e-06,0.007393555255605,0.1800910861418972,0.7769351863294887,0.0355785250945941,C1O1,0.013328276,0.013862238,4.0062394,-5.771723487453883
765.8059574197381,9.585124862797088e-09,2.8679897320733083e-10,1.8090396771539331e-09,0.8175764953161772,0.0117897957969689,0.0070970897190031,0.1548538714247979,0.0086827477430528,C1O1,0.013552377,0.018194677,34.25451,-8.018402225313768
967.6939272517768,1.7909184363345757e-07,2.85140865730898e-13,2.281126925847184e-12,0.0289783303975933,3.3726790606895197e-06,0.5309157374988588,0.4400969041157978,5.655308689264746e-06,C1O1,0.014700788,1.936272e-05,99.868286,-6.7469241927419406
1346.178312928812,742.4081624155228,6.509035717876221e-21,8.887337230177147e-20,2.0849446142783213e-08,0.0038604488545488,0.6225862037214772,1.2268521865372974e-06,0.3735520997223411,C1O1,0.01387554,0.016130807,16.25354,2.8706427380929895
1848.3727895094971,0.0032122170808561,2.0655768548895324e-15,3.97226318247987e-14,4.241178235345554e-06,0.0050925245679868,0.7611696017090391,5.771699674963473e-07,0.2337330553747711,C1O1,0.014778678,0.014524251,1.7215822,-2.493195112885184
2696.661601181121,0.19660819826797,4.9235852300915704e-17,1.3331553853786404e-15,0.3971849312785659,0.5778854681543583,0.0217978679781036,1.1951274573880336e-06,0.0031305374615149,C1O1,0.013706452,0.012927139,5.6857386,-0.70639837669561
2811.268995861677,0.0123632848364261,8.162537737341967e-16,2.32632325514246e-14,0.0043633800513934,0.6258281252857759,0.0113268452445356,0.3584815768677917,7.255050309500267e-08,C1O1,0.013612766,0.013190161,3.104471,-1.9078661249753481
1186.3330996129569,87661.3998434868,5.044815617399105e-23,5.941671727158947e-22,1.4717106092613965e-08,0.0030052719047976,0.9849263089756198,2.0362430993875825e-08,0.0120683840400455,C1O1,0.013848742,0.015250062,10.118754,4.942808401515839
1352.1398801355854,0.1204906958040376,4.183262877238877e-17,5.345280343138566e-16,8.13868603016217e-06,0.0027683258191276,0.997195674256725,2.7767170844699706e-05,9.406727254266903e-08,C1O1,0.013729256,0.013441268,2.0976176,-0.9190464876698031
1623.0397989243552,1.3334593776722787,6.380209172793676e-20,1.00665522504078e-18,1.05777195095819e-06,0.0001349747003606,0.5896944156470828,0.4098268576034534,0.0003426942771521,C1O1,0.014061721,0.0017149932,87.80382,0.12497978993853742
1697.0218241649775,1.5745972554408374e-09,4.017583889145275e-09,6.591813566264284e-08,3.17637267178233e-07,0.1079873369058792,0.0081550453256118,0.8838569529812479,3.471499937416836e-07,C1O1,0.013987473,0.015050157,7.5973964,-8.802830509878591
1957.396659927933,0.0015589485891309,4.6805191579228834e-15,8.632957557946653e-14,0.3779274413770062,0.0052248833739696,0.4518919932673356,9.547978083708997e-08,0.1649555865019078,C1O1,0.013559308,0.0119532375,11.844782,-2.8071682067001333
2028.7564375768145,2.788664102952208e-05,2.711944234052391e-13,5.373667278585294e-12,0.5843575086136538,0.0060803532681047,0.4088085574051172,2.7042431556768077e-05,0.0007265382815677,C1O1,0.014898385,0.014492863,2.7219198,-4.554603793736665
2984.321357507418,9.957156391614915e-05,1.1172678590966862e-13,3.206972558518266e-12,0.0006357435677264,0.0062505971124144,0.9931136356621064,1.1344015179110836e-08,1.2313737432355424e-08,C1O1,0.01451874,0.012539678,13.6310835,-4.001864671592033
690.3666407019778,4.1458180515161213e-10,6.437405321254808e-09,3.6785173264313184e-08,1.5610979104760218e-05,0.0028957175720002,0.9970879070978158,7.257701252135023e-07,3.858095397534498e-08,C1O1,0.014352932,0.015238107,6.1672106,-9.382389761807156
690.3666407019778,4.1458180515161213e-10,9.158635296745122e-11,5.266215295628443e-10,1.5971800800969973e-05,1.2752158166648036e-08,0.5414105977883151,0.4585690972610486,4.320397677006293e-06,C1O1,0.014227215,1.0307191e-06,99.99275,-9.382389761807156
1024.900170007492,39.2124154635526,1.4113847260739505e-21,1.3189146922966918e-20,5.145064491672e-08,0.0003549491852103,0.5619470332070089,0.4376110351918512,8.693096528475875e-05,C1O1,0.013486714,0.09004178,567.6332,1.5934235954290479
1604.6781709037734,0.0005361420863232,1.1983655901635884e-14,1.7190347776139754e-13,0.8395497542976363,0.1533661063763023,0.0067827351643041,0.0003012605502833,1.436114738621963e-07,C1O1,0.013501724,0.013093204,3.0256875,-3.270720099992528
1588.8614689886608,0.10934486920875,5.817930216165936e-17,8.506215212601231e-16,0.2894221383762685,0.0032029518988159,0.6809348552108766,0.0262758487963078,0.000164205717731,C1O1,0.013034962,0.0121387495,6.8754525,-0.9612015905559786
1617.8589151414858,7.045708935481707,9.193846070461493e-19,1.360055160078614e-17,0.9082197375391144,0.0837464822116303,0.0073093862451325,1.1895809143522322e-05,0.0007124981949788,C1O1,0.014863013,0.013804044,7.124865,0.8479246981235171
2211.15930678576,5.0124718150875054e-08,1.7662385871006148e-10,3.4472104837894755e-09,0.6125035217834928,0.3737205392350248,0.0136833596398973,9.238033892331676e-05,1.9900266183487494e-07,C1O1,0.013886451,0.012888555,7.186108,-7.299948056384007
2296.7858761347534,3.3398860608504403e-10,2.7534036184212337e-08,5.696697141561173e-07,0.0173965211067586,0.0124644029509696,0.9260937448117,0.005399455573093,0.0386458755574786,C1O1,0.013087323,0.0129050175,1.3929927,-9.476268348753695
2328.8169455872435,8.712362886501085e-05,1.070238835158692e-13,2.2659539475428858e-12,0.0039108174882321,0.0060412265187032,0.7212779648810183,6.518006868665885e-05,0.2687048110433596,C1O1,0.014337179,0.013455338,6.1507316,-4.059864043683552
699.6977145273955,1.3087259065274562e-09,2.214452072043808e-09,1.2031856258104694e-08,0.733766752465078,0.0056971936854531,0.1591402304862713,0.058014928130649,0.0433808952325485,C1O1,0.0137691535,0.012566214,8.736478,-8.883151300544041
1864.721694460105,3.663642016567919e-07,2.108169518165536e-11,3.4292890828826054e-10,0.0171827660543501,0.0039155110600229,0.9788365461021604,1.8356741010280048e-06,6.33411093653842e-05,C1O1,0.013055795,0.014063882,7.721375,-6.436086968908283
1112.8787877442817,645.9797985736442,9.715458804328124e-23,8.587211975438406e-22,1.6157012287038403e-05,0.0007855581984625,0.5667529324989345,0.4303079012154603,0.0021374510748554,C1O1,0.013176177,0.127243,865.705,2.8102189367177246
2595.134555819647,0.0012040213455422,9.225091216411766e-15,2.0801092775070402e-13,2.4768739315385832e-05,0.0068700476942688,0.0286402566136465,0.964448859948183,1.6067004586138236e-05,C1O1,0.013811413,0.014154713,2.4856215,-2.9193658136022673
1039.8339464216667,2.181114529133649e-09,2.1062929402529022e-09,1.5994662015045476e-08,8.188841247214332e-06,0.0062172264301329,0.1528552198904551,0.8408976206069615,2.1744231203368978e-05,C1O1,0.014515785,0.014679559,1.1282476,-8.661321529256309
2195.0202059702233,0.0036143967056882,2.6830944794328247e-15,4.8631087439719945e-14,0.0165836105157823,0.8898700044662198,0.0626705366110178,0.0278186678187806,0.0030571805881994,C1O1,0.013056197,0.014309252,9.597392,-2.4419641822576232
2248.3315675500908,0.0225507674632456,4.404862022462908e-16,8.011342803354415e-15,4.989791915655034e-06,0.599161973317501,0.0347802608677415,0.1392950600109056,0.226757716011936,C1O1,0.0133785205,0.010765277,19.533129,-1.646838673325669
2652.462165820437,1.5217746605784038e-10,7.70072060088641e-08,1.636403127688362e-06,0.0075670499652314,0.215005901953883,0.0092029276804495,0.7623813525312626,0.0058427678691733,C1O1,0.014584799,0.014837364,1.7316964,-9.817649651713056
2812.022262535307,0.0077050400743855,1.6124160656885886e-15,3.7287121519048614e-14,0.2213334423795313,0.2852047136504844,0.0094679331480657,3.123410785965122e-05,0.4839626767140587,C1O1,0.013678395,0.012718136,7.020259,-2.113225098147479
1283.5273401864538,7.415564594332617e-08,7.886024533308272e-11,7.814333401187288e-10,0.9661240833414982,0.022265843750648,0.0068560940500494,0.0002539596579515,0.0045000191998526,C1O1,0.01363869,0.012264413,10.076314,-7.129855777761883
1448.1252548457471,5.696039447907595e-07,1.1583240067203525e-11,1.3022369893734868e-10,0.0379518384868179,0.0059466102941824,0.3597408040859772,6.434796228393562e-07,0.5963601036533996,C1O1,0.014621125,0.013448766,8.0182495,-6.244427011655388
2571.0311808525043,9.425711536131529e-06,1.2427690152898356e-12,2.6060489653956555e-11,0.2761987440556309,0.0092859851475025,0.0854838620064073,0.6288598841234159,0.0001715246670434,C1O1,0.0146250855,0.014338969,1.9563391,-5.025685855493346
2222.006736358145,0.1540247158349169,6.772002999595104e-17,1.163191103459865e-15,4.559308442215551e-06,0.535887455664592,0.1640362725152722,0.3000709222361216,7.902755721566001e-07,C1O1,0.0134893395,0.01307498,3.0717545,-0.8124095837774769
2823.0654591278203,3.880941452716659,3.4146489264219325e-18,7.522270723205962e-17,0.9112746649165092,0.0092394478697198,0.0068580485806883,0.0718011074616542,0.0008267311714283,C1O1,0.013447733,0.013475527,0.20668457,0.5889370910899565
2940.856586495083,1.8325943986276885,7.533029873764297e-18,1.7414592590525696e-16,0.0004046610076962,0.7385181845886712,0.0206390246531832,1.3685117314899093e-07,0.240437992899276,C1O1,0.014303262,0.012907019,9.761713,0.26306635479867424
786.8315753515415,4.2532316856968017e-10,1.2109150230915836e-10,5.570209106221285e-10,1.1336015251559665e-06,1.2781906020934763e-05,0.5174558685202592,0.4777566806539968,0.0047735353181978,C1O1,0.013545643,0.00015663398,98.84366,-9.371280959378833
1200.3556090316613,3.3969704230410485e-10,1.7075342394794068e-08,1.3660273915835257e-07,3.7950565806754104e-06,0.0028979431056696,0.983802481518332,0.0017129807469878,0.0115827995724299,C1O1,0.013770622,0.016968185,23.220177,-9.468908234456432
723.5215271593502,8.43210488364656e-08,4.2648253101109126e-11,1.966558337440032e-10,1.335985244368901e-05,0.00272547053564,0.9697128596273116,0.0269333359704353,0.0006149740141691,C1O1,0.013690697,0.014470511,5.6959414,-7.074064000079151
1065.7648251089954,56663.97133397503,1.3170989780556867e-24,1.0207517079931572e-23,4.341601112241911e-06,2.1900279815544262e-06,0.5879548453400402,0.4120340965054296,4.526525436451439e-06,C1O1,0.014088938,0.010231312,27.38053,4.753307009082942
1088.128946405849,6.149785268790477e-10,9.038687847769577e-09,5.936219316237856e-08,0.977574020534958,0.0070244196627768,0.0153997617075583,1.5512717674642508e-06,2.468229394656086e-07,C1O1,0.014163014,0.016192213,14.327453,-9.21114004816076
1698.4476003411885,203.7722496272156,4.2578672959859805e-20,5.431657739744279e-19,8.517698063768895e-07,0.0028183282271906,0.9869483677566132,0.001695563687207,0.0085368885591827,C1O1,0.013826272,0.015192681,9.882697,2.309145040051355
2629.97147041526,4.338700919224135e-09,3.096537216267406e-09,5.7327783598464143e-08,0.2162321725275479,0.0099982692190815,0.0129482154809811,0.5225205465918282,0.2383007961805611,C1O1,0.013661539,0.012332014,9.731886,-8.362640286171166
2999.0601507991487,0.0025467517146452,6.0156640653259775e-15,1.2649153088712461e-13,0.047652016150796,0.9011045801273746,0.0119578313227584,0.0003489912018611,0.0389365811972096,C1O1,0.013343932,0.012783094,4.2029424,-2.594013392773147
1248.7147050166277,1983.685809518662,4.493983856783881e-23,3.7252760918076914e-22,0.0006774678316763,6.67723051442245e-05,0.5478110099564338,0.4514236901983162,2.105970842934408e-05,C1O1,0.0136073725,0.02160216,58.75335,3.297472886569267
1864.7483181117427,1.128194519574416,8.671676816081841e-18,1.15470222866774e-16,1.4737597549107636e-06,0.0925439821327064,0.0123662991236281,0.780557670925596,0.1145305740583143,C1O1,0.01331557,0.017057778,28.104008,0.05238398572409343
2666.1838844447284,0.0984110810619447,1.4213890832410943e-16,2.6295698039960245e-15,6.572712065076792e-05,0.9571022473820464,0.0327788200487309,0.0085881109257869,0.0014650945227846,C1O1,0.014613782,0.013295393,9.021543,-1.006955997370426
2742.3955436921237,13884.745665312525,1.0362369147762869e-21,2.0642930118043402e-20,3.734316606186068e-05,0.0030381539310006,0.9586260623632542,0.0023713052491798,0.0359271352905034,C1O1,0.014109941,0.015913332,12.780994,4.142537928943103
1499.6345547746823,0.0006844017748288,1.1798375373863292e-14,1.1435348439282884e-13,0.9167122192459912,0.0071973318231568,0.0424316055391092,0.0336582331436055,6.102481373472237e-07,C1O1,0.014914851,0.016396489,9.93398,-3.164688872892839
2631.5105143100736,1.883448966648427,7.523137984749329e-18,1.363809885953276e-16,0.0004909182807531,0.006301470199578,0.3639834238190227,0.0003270985861876,0.6288970891144584,C1O1,0.01479964,0.012279632,17.027496,0.2749538571895407
2619.736800613569,9960.37779207522,1.874562295564203e-23,3.4463106818449577e-22,0.0157109694657909,0.0107132923058699,0.5501709315650251,0.4234042906471421,5.160161720277485e-07,C1O1,0.013236408,0.16852935,1173.2257,3.998275811305419
