e-,H,O,C,N,S,C1H1,C1H1N1_1,C1H1N1_2,C1H1N1O1,C1H1O1,C1H2,C1H2O1,C1H3,C1H4,C1H4O2,C1N1,C1N1O1,C1N2_cnn,C1N2_ncn,C1O1,C1O1S1,C1O2,C1S1,C1S2,C2,C2H1,C2H2,C2H2O2,C2H2O4,C2H4,C2H4O1,C2H4O3,C2H6O2,C2N1,C2N1O1,C2N2,C2O1,C3,C3H1,C3N2O1,C3O2,C4,C4H6O4,C4N2,C5,H1N1,H1N1O1,H1N1O2cis,H1N1O2trans,H1N1O3,H1O1,H1O2,H1S1,H2,H2N1,H2N2,H2O1,H2O2,H2O4S1,H2S1,H3N1,H4N2,N1O1,N1O2,N1O3,N1S1,N2,N2O1,N2O3,N2O4,N2O5,N3,O1S1,O1S2,O2,O2S1,O3,O3S1,S2,S3,S4,S5,S6,S7,S8,C1+,C1-,C1H1+,C1H1-,C1H1O1+,C1N1+,C1N1-,C1O2-,C2-,H1+,H1-,H1O1+,H1O1-,H1S1-,H2+,H2-,H3O1+,N1+,N1-,N1O1+,N1O2-,N2+,N2-,N2O1+,O1+,O1-,O2+,O2-,S1+,S1-,temperature,pressure,comp_H,comp_O,comp_C,comp_N,comp_S,group_index,point_index,mean_pct_err
3.564240234688204e-10,0.6521476795034443,2.114279509751159e-10,2.185347756870182e-07,1.4747792964272183e-06,0.029181561302151184,6.746988715390318e-11,8.724180451458264e-07,5.790099125473383e-08,1.3118800299853256e-17,1.9203497184797035e-13,6.106792247463835e-13,1.0438935514909155e-17,1.0804571150511558e-14,1.2302741202790555e-17,1.3526969172431729e-48,1.004491996877222e-06,1.135825935948533e-16,1.0971201952007215e-17,6.061418012118335e-15,0.007221346773412685,1.6504933633613954e-10,1.9646962175499222e-13,0.0007954293567516581,3.2593670744018985e-08,9.47089509056788e-12,4.514943643812087e-10,1.0517651821837408e-11,4.231445892415221e-34,1.1638067535232506e-55,1.3716842452735068e-22,1.776966163681996e-37,2.0629012671632915e-56,1.0395292954438844e-66,1.9034203441183114e-11,5.92833907519024e-19,3.0799707100743004e-13,1.4907361652891027e-14,1.92899401340399e-13,1.0358547680646824e-13,3.586989039332977e-30,1.6736823532617098e-24,1.0064027351346512e-20,8.08466408677926e-97,4.5223751487958514e-23,1.4491842621597764e-23,3.578950581416974e-10,2.197575842958298e-20,5.4281521420566124e-33,6.358088927290114e-33,2.609357841753267e-49,8.363368779162542e-12,1.7161846364729703e-27,2.4404094118416245e-05,0.018412690453407574,3.4104643938762965e-13,2.0014103440151072e-21,2.2979181520104315e-12,1.6131699991370297e-31,2.613370448530965e-59,1.162801145212757e-08,3.302679880456231e-15,6.24674741518994e-33,1.1621786839087809e-12,1.4876271504187118e-28,1.768220245674675e-47,1.560835247512605e-08,0.2922036818762906,1.226982984568063e-20,1.6231344195942606e-53,2.2640739902929146e-70,1.135739263069526e-86,9.329463156472446e-19,2.1084290850683384e-11,9.741604393350977e-18,1.1361141822483227e-20,5.092122002602384e-21,2.1817612874871815e-41,1.0438020473292033e-36,9.51664514530088e-06,3.9236341217166094e-14,4.761936580896268e-22,4.049876077423309e-31,1.7788332008826204e-38,6.53184673392451e-46,2.6053442754383748e-54,1.898350258226428e-17,5.327693071537635e-23,7.963884585671508e-20,1.9024358339941761e-25,2.1761019675659007e-16,3.975497623608963e-23,6.193397919094934e-16,1.6997702521734698e-29,1.4822716546218236e-20,5.618141086060756e-17,9.194177988191083e-18,1.4547661705139865e-26,2.9399683050417327e-26,1.7010106301580096e-18,4.0755466033754357e-22,2.321874546783262e-26,3.822135384118481e-23,2.377174611095671e-24,7.722651041988879e-25,3.1623472032807893e-18,4.049761871283319e-41,1.1099800711818088e-21,4.985774311151009e-23,8.857000372014614e-34,1.5261464935767345e-26,2.41435041568842e-25,1.407108112574467e-32,1.098281763316137e-37,3.56425560184261e-10,1.195342790887934e-15,2003.3648086425255,1.1993667357276506e-07,0.5225017890633519,0.0054764870674358,0.0060812614264599,0.4431728381658858,0.0227676242768664,6.687893074165768e-11,1.2176577735032847e-09,1538.7429
8.778088133890426e-41,5.86424817074733e-23,1.2821877567125589e-14,5.546198180321878e-48,4.690291470006185e-21,1.7142113501449616e-09,2.492444728116315e-52,1.986210121323843e-16,4.389783354205691e-20,0.0003286421914264002,2.5050507760079683e-18,1.423600721761333e-51,7.951209859424595e-22,4.026445346309469e-49,1.3402955568711264e-48,2.9034186228626823e-51,5.77191478641945e-23,2.2536835967717327e-08,2.8934408878171136e-28,7.53599149389001e-21,0.041583643542576425,0.041583643542576425,0.041583643542576425,1.428390851530493e-14,0.041583643542576425,4.691857031615571e-61,5.068249864681673e-50,3.3764980728951413e-47,3.1488820639315926e-25,0.041583643542576425,1.2626413312968198e-62,3.7064929833043234e-60,2.6506996016962914e-31,9.5371379721701e-86,1.0662711299288713e-36,2.1163924107955338e-16,9.603449978540442e-16,1.946454606920593e-27,4.177142254160086e-65,2.6890367039362063e-60,7.749030064030611e-21,6.1663178743322935e-12,8.475164613020963e-83,1.5736417013706747e-81,1.658225313472739e-42,1.2401020901760858e-89,7.647462930103048e-26,5.537091372126879e-12,0.0002827109927374002,0.0003964496592973003,2.373917273207266e-05,4.605318619777372e-13,3.497373028094347e-14,6.686451766184658e-13,3.270188193798905e-21,1.1079450397528974e-27,1.1109144654118523e-24,1.270763099043258e-07,1.789917011884344e-18,0.041583643542576425,2.825510291627017e-15,1.1288679387040931e-25,1.277910417516238e-43,0.041583643542576425,0.041583643542576425,3.842847443142069e-06,0.0009302248574087007,0.041583643542576425,0.041583643542576425,0.041583643542576425,0.041583643542576425,2.4825130428998914e-05,1.968786432458355e-06,0.041583643542576425,0.041583643542576425,0.041583643542576425,0.041583643542576425,3.5691898029608695e-15,0.041583643542576425,0.041583643542576425,0.041583643542576425,0.041583643542576425,0.041583643542576425,0.041583643542576425,0.041583643542576425,0.041583643542576425,3.647784076568966e-81,1.2069369962325153e-81,8.627025833237278e-82,8.902898663476497e-84,1.5228288155513233e-31,2.747103671929813e-74,1.0471732159037009e-39,3.538379251650048e-18,2.1684985429850104e-76,9.079910609545595e-72,5.724707749531082e-60,7.1922788032086905e-59,3.040698635138168e-43,6.57704005554101e-40,3.1289058568544926e-81,7.896488060324581e-79,4.843945720153083e-36,1.7188496762601824e-75,6.618738029063843e-63,3.538381515419279e-18,2.263673450568078e-24,1.4517729600734808e-44,6.711117372989838e-35,1.9217210601789463e-36,1.496087824574714e-63,8.436529062847523e-47,1.579929686624264e-39,9.855854621636106e-40,9.659471156075166e-37,1.4226247765740705e-37,759.6433057786612,0.0097122469919811,8.667834674910193e-09,0.577241059653419,1.726968706744492e-05,1.0568829410848465e-07,0.4227415563033848,1.257343236677567e-17,8.08292080721293e-17,1543.5825
2.717754711982142e-32,2.969987564924198e-14,3.4779255679421144e-34,1.0141668290650912e-23,6.930864354366079e-30,3.610475779276674e-17,2.9605586090425555e-22,1.5843397023866443e-08,3.745510261695329e-11,2.6585745642817962e-21,7.530938840962116e-19,3.397529565268794e-17,3.287841397737828e-17,4.945261072317217e-11,1.7315757726344671e-06,8.469680242862043e-52,9.200617481725903e-18,8.201265402044913e-29,2.183023451946387e-34,6.264115259120893e-29,2.5888139625001604e-06,1.0884443257213207e-11,9.256630446795243e-18,1.7580273683796747e-07,3.061091955707123e-06,7.057876720945931e-20,2.7939078783644806e-07,0.7162423718533303,3.07312247457233e-28,1.3113374238836162e-52,0.0017719496262830995,1.168654087967298e-23,1.303681045638163e-45,2.6051094197537983e-55,1.674869352630877e-14,3.544927582493106e-21,5.7890293874902355e-12,7.714778699660326e-17,1.2959895391354283e-09,0.16959299351777637,3.7594907041381176e-24,4.441191155683914e-14,9.118331584835257e-10,1.0003524609450697e-69,3.671797406510609e-05,0.11234809086002377,1.0370420753026388e-28,2.867035863350307e-40,1.9179843372704253e-56,2.4935357893961695e-56,2.709894854984623e-79,2.214099433416081e-28,5.705512770452987e-51,5.729760913388597e-15,2.1335544222357183e-08,1.4328667197295152e-25,3.338014625088756e-36,5.804578813603229e-20,1.0697480919677254e-49,5.888748258416206e-77,2.8437809342824895e-12,8.865992844404974e-20,3.607289244941773e-41,3.2622702945367165e-34,1.524645729623013e-56,1.9052956616635671e-84,2.3036065868644364e-25,1.6424929701015772e-14,6.683333946460951e-44,1.1897507097711448e-92,1.0112830054395053e-115,4.069408621394746e-140,2.502261046992941e-44,2.610641919962273e-27,1.7600106356267673e-30,5.18291256365167e-46,2.792542660786674e-37,3.2370903826927974e-78,1.8379384331524237e-58,3.4506826654037826e-15,2.920173798261958e-22,8.989307438303866e-29,1.973373864121533e-35,4.2570662313453275e-41,2.5035379581141064e-47,6.889714172003596e-54,4.74882829898655e-49,4.102789720244066e-48,6.22720843980673e-45,7.265179085768123e-45,1.4279593739851115e-29,2.4626398661090742e-56,1.324088460870452e-29,1.5100071059018303e-44,1.0112942780346446e-30,3.294814807817994e-51,4.0743957998141035e-41,4.8224443163451805e-63,2.949903465758301e-50,2.019729030161669e-34,2.063143486230921e-53,2.9735289000899547e-50,2.3998274770330827e-37,7.597723937154259e-71,3.5962745680183087e-60,3.3074955634571887e-50,3.0306895644071327e-75,1.3366970180510524e-60,5.448516543700855e-52,2.485798879307282e-76,3.0442673444302343e-71,1.9625737467677456e-57,4.1203768009299563e-75,7.693557447462325e-74,3.904382340838109e-38,2.2481586416001238e-37,1024.0470026555558,438.18031694145,0.3909802056193593,6.28956112415953e-07,0.608999788229697,1.7846800497438238e-05,1.5303943336361644e-06,1.2583874580557724e-20,8.776445861312054e-20,1553.8297
3.3426465556291526e-30,4.630206176706562e-08,5.139633375655784e-28,6.901874150724826e-30,7.355957070715341e-25,3.5458755063795845e-09,5.461167442140824e-28,1.2396028965519249e-08,6.915156254133507e-12,1.8592227747417102e-19,3.2161511027112707e-19,1.4100503394317672e-21,9.791060754782887e-17,1.0579725535328552e-13,1.2390553904781535e-07,1.6177079086286735e-53,3.393527064943204e-20,6.664368695334583e-29,8.418690355718008e-38,3.7479613354936145e-31,0.0004071114674331751,1.0397418050564963e-07,3.9750790314863684e-13,2.1414749757289115e-07,0.00651751033832212,2.9181390976887405e-35,1.208926825522889e-19,1.8971663442043368e-11,2.5759772407128656e-35,2.680159990844637e-55,6.466596426888232e-14,1.4173985618616325e-33,3.874965015097695e-51,7.28110550127046e-67,3.3241085280328156e-26,1.0094462047630624e-29,2.5117778868882752e-20,7.161027287456559e-27,1.2626952736691677e-32,1.4592677842942284e-22,2.206011034167627e-40,1.5332914297483486e-28,2.2083436122451327e-42,2.593029190091408e-94,8.427006321155049e-32,2.6778479038710134e-42,2.4207832176951145e-23,1.0863155400562849e-32,1.3607339779292418e-47,1.8520641426301646e-47,1.870593056830219e-70,7.966126839521809e-21,1.3119567108870435e-43,2.0293802944718044e-06,0.9837651162996094,2.9207671978474363e-19,1.819318582848983e-29,3.0213329692479186e-10,9.420475290010767e-42,2.340722607746039e-62,0.007737808134080946,8.420795398118158e-12,5.309166935635594e-35,1.227158207983491e-25,5.870664958834624e-48,6.368087107272288e-77,9.19746594757739e-17,0.0011083888134594537,1.3626367350532684e-34,1.3177706547805282e-84,1.566015640901977e-107,1.2794632316196778e-132,2.3625014298589734e-37,5.770530593077963e-17,5.4829998374120566e-18,9.81630569056043e-38,2.750837899224887e-24,4.139715458038877e-72,4.9486791268680955e-45,0.00046153007661526484,8.819854427864954e-10,7.019311009913698e-15,1.0853836099471334e-19,8.06705366463423e-24,1.0180686909702063e-28,1.1137171880074774e-33,9.591206754310998e-60,3.52394983848817e-60,1.526937997380797e-54,3.1201988508782683e-56,3.3065150390699142e-31,2.7999659858531706e-66,2.8252705816982736e-35,1.1331414540984943e-46,4.302416769515635e-49,5.5666747292227096e-52,2.3387954928479355e-41,5.0903388143197845e-62,5.17956886858987e-48,1.0026617514351742e-30,1.2413117017417519e-54,1.9159874976891424e-52,4.0138529179244354e-30,9.005166523690623e-74,1.9249590802744565e-62,4.576343559359428e-44,2.0822647630649e-71,8.347795559533883e-59,4.624273063933021e-50,2.7774310907845435e-73,4.742275261249601e-72,5.862806532655557e-57,3.355886872970397e-72,2.444023575707052e-72,1.0290142603712352e-33,1.9680217686665027e-34,844.9529029066207,1.3253847574844974e-07,0.9844873865036278,0.0002021512040781,0.0034378791493179,0.001100556844372,0.0107720262986041,8.801846962898786e-12,1.8395860152458462e-10,1626.9358
6.055077683879749e-17,2.2824757713574293e-07,2.747203414596715e-07,1.1301864277233645e-31,1.979210183336466e-16,4.2711234478481696e-14,4.526331500318436e-32,6.50158732830452e-23,1.2733023789772228e-24,8.96018579393277e-20,9.431266686218583e-18,3.2223349830947905e-30,1.4361793750069863e-18,8.764676214526986e-28,1.0664523162675524e-26,1.3899140679729445e-33,1.5426703912930013e-27,3.1781481853674595e-23,4.6477703205775917e-39,2.496495515292743e-35,9.58699759785621e-08,4.274374139727261e-18,0.0005728127001463002,5.550134264029197e-27,7.568712076732075e-33,1.768723898671427e-48,1.618932173376578e-41,6.296575260632365e-39,8.174272252261634e-34,4.666955320506454e-27,3.3575267392128736e-44,2.3156637162276603e-46,4.3509943618847245e-37,2.993937737966974e-59,8.295946610725142e-45,2.4870777068542595e-37,1.7091565538768537e-43,1.76910766205665e-34,3.199279830810774e-61,4.023738694755318e-57,1.7443124145844566e-59,1.449792198260981e-40,2.194205531709426e-81,3.2456120345398447e-85,3.6468904912140016e-78,1.0945515442510438e-95,5.412623805106176e-17,5.087266290619432e-13,2.868492279684282e-12,3.491394067925941e-12,2.582486835811059e-16,9.452489015109188e-05,2.7246148260958306e-08,6.054917918271287e-14,6.646245738990311e-05,1.8318838965054245e-16,4.650171347841025e-24,0.9967946983443139,4.324933612256933e-09,6.934490392861034e-11,8.994317199817689e-14,2.4700874455232953e-14,1.301807564968387e-30,3.3924778825963073e-07,9.007668625460883e-11,2.5118930703544744e-18,1.5347741458283904e-19,6.620101660961413e-06,2.7505614137852896e-14,1.234836275058978e-23,4.094025609275994e-28,1.0413463437911316e-32,2.083173732321498e-26,6.4012851769787956e-09,1.2771654720888485e-17,0.0019208048543599009,0.0005425996394084002,1.0716932664947662e-13,5.007878761038046e-07,4.2430526484094e-19,1.563304754435246e-30,1.7957665114810736e-41,3.3953340449525773e-53,1.7973544443020924e-63,5.221290169022854e-74,2.8546498203687977e-85,1.4640615462368702e-51,2.867631462336179e-46,2.905689247601757e-50,2.6222239233558652e-45,8.688939897291689e-28,2.6729857975835532e-56,1.7841395507189757e-33,1.0241240125775057e-19,8.589907693498227e-54,2.5581403766414746e-35,1.1879170915254436e-23,4.890197249926924e-31,1.0913845872183368e-17,3.7670370089682357e-25,4.2980228922932186e-38,3.68793370966444e-31,7.160068960443807e-17,6.07806422485443e-47,7.126080881471475e-35,8.20259085751579e-21,2.3656317387306078e-21,5.7745262312677494e-40,3.3895105748626314e-29,9.882323713695614e-39,2.5252096162452165e-35,4.8806994835497326e-21,7.043267470529392e-26,3.465317831852137e-20,5.061760173980321e-31,9.56007631097548e-26,1483.674325438468,0.2662701199393122,0.6650566171984437,0.3345665794996517,0.0001911193862409,4.52998609919124e-06,0.0001811539295644,2.6156422722009848e-17,2.9541371544858183e-16,1819.6516
3.0045913582459473e-26,5.552311497827001e-10,2.217876139815732e-23,8.430955051919134e-18,8.72348676690735e-24,5.709589200164554e-08,1.0169028007642146e-12,0.024274761303123688,0.024274761303123688,0.024274761303123688,0.024274761303123688,0.0001432909637746005,0.024274761303123688,0.024274761303123688,0.024274761303123688,3.491256821640072e-12,5.841043027004739e-09,5.837334620893992e-11,5.440285228359675e-20,3.2623239020819067e-15,0.024274761303123688,0.024274761303123688,0.024274761303123688,0.024274761303123688,0.024274761303123688,3.0360955545834645e-10,0.024274761303123688,0.024274761303123688,0.024274761303123688,0.024274761303123688,0.024274761303123688,0.024274761303123688,0.024274761303123688,0.0006882302771410025,0.024274761303123688,0.024274761303123688,0.024274761303123688,0.024274761303123688,0.024274761303123688,0.024274761303123688,0.024274761303123688,0.024274761303123688,0.024274761303123688,0.024274761303123688,0.024274761303123688,0.024274761303123688,6.058160337077407e-19,2.2069856949653155e-21,6.7917887869120785e-28,8.603578080323923e-28,2.4074554331000185e-40,1.6489560428247662e-14,1.340579625001157e-26,0.024274761303123688,0.024274761303123688,1.7634039999689036e-12,2.5004413570233505e-18,0.0018187705776032065,8.563032895070813e-22,2.9740598699809754e-22,0.024274761303123688,0.0008850419580635031,3.131383700538458e-15,9.179183232479833e-20,1.0361301356283755e-31,1.3051865631573965e-48,1.7275659263710965e-11,1.0262641402152785e-06,7.670466962957706e-25,4.38007690820783e-52,7.648001265044638e-65,1.9006412843984058e-78,2.7404296593680123e-29,4.494620708483248e-09,0.0011983578021266044,4.963012905538879e-26,3.567347864612829e-10,1.3388301104324758e-46,3.254809916824623e-21,0.024274761303123688,0.024274761303123688,0.024274761303123688,0.024274761303123688,0.024274761303123688,0.024274761303123688,0.024274761303123688,8.329502329304549e-44,1.5361783428438691e-35,1.9060049567010748e-36,7.791750034902804e-29,2.865751678161768e-15,1.7013612621219654e-46,1.1271756017332143e-15,6.692566381204454e-17,4.169586530895721e-16,3.2455407939008924e-46,6.952156631411521e-30,1.0708166913998845e-48,4.554930576804144e-30,1.2554829298220814e-15,2.6928523449939086e-44,4.894567786044099e-34,7.917187344146209e-19,1.8546895742957953e-63,1.2916848298307954e-46,1.2353643698856644e-37,2.0372810547528022e-44,6.759106552676976e-51,8.08132224933533e-36,5.965220700010521e-57,1.0388245285042064e-59,4.302676677539089e-40,2.5145892823927054e-55,1.0591468189494968e-46,3.67748910028188e-30,5.219135146932319e-22,1165.705986067731,343.03605272561697,0.4744047065802068,9.43587939339722e-06,0.4560769362268597,0.0398668739981907,0.0296420473153493,4.441729617901589e-22,3.5647727446235815e-21,1989.8191
1.204659102884151e-13,2.16323452345603e-06,2.6855356103552056e-08,1.9838494560423338e-10,1.168154835422712e-11,3.696113624383365e-06,2.016716551275021e-10,3.8322317033881633e-07,7.419293736580732e-08,5.420405457684869e-08,1.4021363166731471e-05,1.1805405270729881e-09,1.3217069223440755e-06,7.828937980568136e-09,4.746752840142724e-09,1.0090765053606088e-16,3.2143823210993e-09,1.9470105465837028e-09,4.856538882440978e-16,3.667134014423987e-14,0.8810100230444757,0.0068836412460779985,0.11146095866180127,8.692377636590724e-05,9.846827104823787e-05,7.415019785493007e-11,1.4511657355275787e-07,1.2259810009176839e-06,7.425290915198222e-09,8.961041632347227e-11,6.200514009448631e-10,1.0070439580928295e-13,3.9504611222391943e-13,1.1677866239603997e-22,7.032635291405573e-10,2.3391436784402617e-08,9.052619658902614e-11,3.615527900518345e-06,7.199833097640214e-10,7.641519239101776e-08,2.5446639172976197e-13,0.0003070506551119999,9.724130071206524e-13,6.261745041663218e-26,1.0629117180588863e-12,1.773725497484196e-12,1.0172514097085865e-11,3.737538791669158e-12,3.152437685782763e-14,3.5616304675190385e-14,4.7079780364751e-19,6.148001209414816e-07,4.931999798003515e-11,7.743182145649031e-06,3.0287616349231242e-05,1.2944066545008693e-11,9.381399900121029e-17,2.7242333327585475e-05,1.2201191626590556e-11,1.2822693665808899e-14,5.6286199397907665e-06,5.202129792527517e-11,4.684653056246308e-20,5.041425777390901e-09,1.7637305273089376e-13,4.2163403222912e-20,1.5170010675968935e-09,2.2225936059648985e-07,3.9854940323689744e-14,3.7793182848902615e-23,1.4215024025266108e-28,6.657984887809351e-33,1.5124909256932214e-18,1.1981366799943083e-05,8.536269771148371e-07,9.732287592858971e-09,8.3573242394292e-06,2.252868449675208e-16,2.4496661584311924e-10,3.303953990220787e-05,8.915513084839793e-08,6.8333118541537e-10,1.691629570395789e-13,3.796466082287959e-15,1.0757061117686618e-16,1.9189096263265376e-19,1.0766256589884198e-19,4.952274619283222e-19,4.570848039162479e-19,2.6463156338387005e-18,3.8846484239117915e-10,1.4069524747575535e-22,1.9606762131416436e-13,3.877321022844778e-10,7.535688218806914e-15,7.786129790256429e-20,7.715989154198373e-16,2.181936149423089e-19,7.878827943437636e-15,7.10406984147851e-13,8.593411436923929e-21,3.9988016639492525e-19,6.057888381400813e-13,4.3137983502967714e-26,6.855856839873018e-22,2.2810844304315057e-15,6.788082214186264e-20,1.2931650060290058e-23,6.86898881618669e-20,3.699264677715675e-25,8.250395660698085e-22,2.1695868922888165e-16,3.112413157877571e-19,4.360351416509191e-18,5.364424236713412e-14,3.5046651268026204e-13,2904.327248926938,88107.55357019466,7.396546758574455e-05,0.5244489444434351,0.4720447552026568,4.681833137765818e-07,0.0034318667030085,5.461307103045972e-23,3.6363203127781096e-21,2047.7678
1.1083727158806364e-23,4.882762893675055e-13,1.6283237921421207e-08,1.3622693787962869e-42,1.0967864288190832e-20,2.8668398456552926e-18,3.350462881574209e-47,3.890399426430065e-32,1.0476242262979582e-34,1.1388607529681828e-26,7.320037638476975e-26,2.6772313829602157e-48,2.473165985441594e-30,2.5184678176087752e-48,5.923196646286974e-50,2.2371202920828332e-58,3.9675747436886007e-35,5.694525142808898e-28,8.050663736757332e-50,1.8057454901075822e-44,1.6026065711495225e-07,3.016346448333374e-21,0.904714923386663,4.174900009654095e-35,2.4045988673289782e-42,3.7229091275588254e-65,7.262982776739683e-59,1.185987217395813e-58,1.688521071620289e-49,1.9834718625690007e-37,2.420874811127956e-73,3.7493965835629704e-75,1.1570791096640044e-60,2.615106862648708e-100,2.873559888760247e-58,8.261143989678553e-47,3.463952318321768e-54,3.5093910173322617e-44,1.9270236791133325e-81,1.5589064943744165e-79,1.7504818762735337e-74,7.697559608541664e-50,5.790252374471142e-108,3.4715164486790183e-131,3.288048954777518e-100,2.182297925229081e-126,1.4084387770401612e-25,6.435559929762984e-19,8.654341351262909e-17,1.1205385067711064e-16,3.2085329019429015e-21,7.163224669096078e-09,5.024358240634087e-13,3.735112972261777e-22,2.381590268099342e-13,1.4751317740233698e-28,2.193326513773814e-37,1.1052907196079036e-06,7.697695672838554e-18,4.728530387925424e-17,1.4219129204578065e-25,5.953407276030574e-29,2.2705365508774049e-54,6.459072444281146e-07,7.877778570607715e-11,3.2131940848470644e-20,1.1231826587454184e-24,0.0005431548394363148,7.928917679788522e-15,1.2559732373986929e-26,2.713443234528581e-31,3.3005203159536604e-37,1.2849911250665665e-31,3.325517786997524e-10,9.295217660543627e-22,0.04094871278667817,0.053706770866730716,1.0497145678073073e-15,8.450280284036758e-05,9.25264830282512e-25,3.829361510144949e-40,5.701024467323301e-55,5.530210842876795e-70,5.622420402165559e-84,1.6263358066387904e-98,2.082266186106187e-113,1.675936815476333e-68,1.8236335512424423e-65,1.6173034053448035e-70,2.5709843556967222e-68,1.8549573730278779e-37,5.182971727374744e-74,1.0878497254884853e-45,5.832409919445253e-26,9.64353973747467e-75,2.359542752071168e-50,2.476712784475156e-38,6.213968703245569e-44,2.7957515070298217e-29,3.5045895330174077e-40,1.4947981438414419e-58,2.4976420640931917e-53,7.256550237852498e-31,6.427160488610392e-62,2.5169105688784166e-49,1.1142727557379696e-23,4.083046381716653e-28,2.9574084278265444e-50,1.1114359068250442e-39,1.1106865469072878e-47,6.223751391548868e-46,2.914231641861541e-30,1.017657788191324e-31,2.4133315378749627e-28,6.67818532477338e-40,4.953199836403745e-37,1043.9799450581354,4.90776816908988e-05,7.496533915587894e-07,0.6756591229903842,0.3057887195614772,0.0003674072590101,0.0181840005357368,1.7621478619867683e-14,7.459759282410652e-13,2162.307
1.8948101054170513e-16,4.804813650391954e-08,8.195205927635336e-07,5.138699565537329e-34,2.33147326228908e-15,2.834255586658316e-13,4.9157990348489345e-34,1.0422625174207062e-25,4.008954026225065e-27,9.521887813135635e-22,1.6972252487209893e-20,3.0956298404547716e-32,4.019827714506343e-21,5.122527196383966e-30,4.626983756178622e-29,3.539066392268102e-32,7.691354911981534e-30,7.14547553366848e-25,4.2617789511896936e-39,6.495477636483958e-36,2.8399270711741886e-12,1.6592624092466285e-20,6.894045784701665e-08,2.5304199599956615e-29,9.433378653270022e-34,2.2947010642657887e-53,3.1595232755011274e-47,7.109461168875808e-45,6.877886420978465e-38,1.040364629669025e-29,4.718505688903815e-49,1.0325485597355775e-49,5.915684530850078e-39,6.6917441288827935e-59,1.3348629022884086e-49,7.252722294817956e-42,4.782013064192032e-48,4.066826400977495e-40,2.0328218586765835e-69,1.2534135043578181e-65,1.9098762393239536e-65,3.16295055160734e-49,6.803194176779464e-92,6.217593891983953e-89,7.689023105970318e-88,2.7525056531535835e-109,1.6523598655117855e-15,7.754220120056175e-11,6.2103936096484104e-09,7.401389190650323e-09,3.162525396448124e-11,0.00023655767935970004,4.538868335162089e-06,8.304970270630895e-13,1.0688942755142898e-05,7.667250790673668e-15,7.814318756437777e-21,0.9187038433441957,1.4853258187531991e-06,5.044995363093283e-05,1.8140922177451834e-12,6.632899754209602e-13,6.239614017848045e-26,4.624538048493518e-06,6.59310727324147e-08,3.2676620906511046e-13,3.2337586935506305e-17,9.189388240696817e-06,1.095172928099819e-11,5.756704737238696e-17,9.401509262809833e-20,2.7964389367892517e-22,1.1910269891076133e-22,1.7972691338513932e-07,3.055080900947562e-14,0.031392594498685505,0.04804001235072081,9.930913295126693e-10,0.0015448182112303003,8.160338861834661e-17,6.093822432282678e-26,1.3700978252943694e-34,3.1673745091343497e-44,2.8712468984502133e-52,1.796981894942412e-60,1.569018873573354e-69,1.4002009531287897e-51,4.564350574276739e-46,3.2576301759044543e-50,6.969052357356806e-45,1.0078789663351966e-29,7.01518126247786e-55,1.7703420996323952e-34,1.060098487535678e-20,1.67802649230927e-57,1.5555219099674205e-32,1.5534102202411187e-21,2.2353464864288283e-27,5.0719557614810584e-15,5.593371521615025e-22,1.6166123164956108e-34,1.5097855823107809e-27,5.952668452349277e-15,5.977853621080569e-42,1.3196892071165685e-30,2.4605292863542135e-18,1.7711623738777593e-16,2.1504792414958536e-35,4.169817916538194e-25,5.407170969142249e-33,2.201999809569872e-31,4.084928908224117e-18,5.923418932348048e-22,5.124825544707455e-16,2.5117528428448634e-28,8.89377388428303e-23,1731.9154376694808,181.26463032484924,0.618746485480668,0.3645346600394434,2.3212977741430375e-08,7.771766337922433e-06,0.0167110595005727,1.9787368907365768e-20,6.239616995456005e-19,2215.0317
4.121046464391995e-29,1.913692081707977e-12,1.04028297406129e-24,3.711575931462824e-23,1.0425954750669181e-20,3.0816650931647975e-12,3.1552145101021534e-21,0.0022634863094992005,1.2435248805486112e-05,6.545634474397695e-09,1.4050715846332415e-12,3.0691313876730565e-16,1.0315105849670285e-10,2.339326920504897e-10,5.499656909777716e-06,3.3465608826302084e-34,5.681147816701436e-12,5.215539856383023e-16,1.3010154097845232e-20,7.595822421446842e-16,0.029435748157160303,0.0008928061046874001,9.536294406787093e-07,1.1256995584034266e-05,0.19946676706473243,1.1319920489279984e-21,4.0603753074278377e-10,0.0004978702998790001,1.1240557445833529e-16,7.44804488607513e-27,2.7645731110359387e-05,2.1579219202493573e-17,3.9355157383425803e-25,2.871756106838649e-38,4.9702888379618186e-11,3.587046634577405e-11,0.004974568151629101,2.2354563375976967e-13,1.0580445870645005e-14,5.495089950079287e-07,5.615882690236598e-10,2.1915070146650814e-07,5.688142188947117e-17,8.8676766330502e-44,0.5038067908848978,6.121382969608846e-12,5.113102052023142e-19,1.7156883106497007e-23,4.968769315751027e-32,6.291461766550123e-32,1.7063082453837494e-46,5.334350956689312e-19,4.217596580258435e-33,1.2032461323997294e-09,9.87895226416411e-07,1.0369261511401714e-15,3.501555920290965e-19,3.987737946074638e-11,1.8925631589701294e-31,6.160767967095294e-41,9.471150218273551e-07,3.567302666136629e-10,2.251232394359005e-22,9.802094708560835e-19,1.071152715823137e-32,1.338743608219798e-51,2.210918674808347e-13,0.25860111776087913,1.9374235010989774e-21,1.0676292338098071e-52,1.7999680630457987e-67,4.400969283458139e-83,1.8119948332969165e-21,2.2270864039088168e-15,6.568109257921966e-15,2.1488605601847928e-29,1.612244048161574e-18,5.896007616800289e-52,1.4106983193861086e-31,3.4041163794944815e-07,3.6741299595979424e-10,1.3466778739821174e-12,1.9621047037355112e-15,4.263296047411217e-17,3.332125590662627e-19,8.495039806241583e-22,1.5745248527455243e-45,1.9932826344640767e-44,2.502111664246049e-41,7.08018685394334e-41,3.042347970889522e-22,7.601678634257987e-46,3.042717215542502e-22,6.502999973532818e-30,4.289774473753806e-31,5.07513732406983e-45,7.148450844955273e-36,1.5564106627212946e-49,4.2858041708562787e-38,1.3705679465338333e-26,3.0276545745889904e-46,3.743714952062738e-43,5.066750258106921e-26,1.028359015398435e-56,4.696222590366136e-47,5.4024923121252956e-33,6.048900137794359e-49,8.097077794642195e-42,6.423488616974524e-34,6.728812306631196e-50,2.2112220514486413e-57,5.9209415509375e-45,4.764168678480379e-55,1.3787980655751536e-53,8.340142849405866e-31,8.145014543926304e-30,1168.4719505652563,3147.383279864341,0.000806010490551,0.0071721483420599,0.5339985202805311,0.3634748690519514,0.0945484518349064,1.3326793831937436e-21,1.6094666397032134e-20,2226.6528
8.178257014020317e-45,6.857368172420287e-20,1.2096457540459676e-42,8.484763027531754e-34,1.6778525741486387e-30,2.380269354019709e-21,3.534364363160085e-34,4.543142808853376e-07,1.0613178149043952e-10,4.9005528113946835e-22,1.7123518376375025e-27,1.724792895194273e-29,4.857908032036427e-27,4.037091857384139e-23,1.1311874297020434e-18,1.5456519509922973e-75,1.6855449198463497e-17,4.140992854622671e-30,2.4455134099711427e-31,5.7292468722716436e-24,2.6517326658502243e-08,8.825412229184612e-15,3.676241708633886e-21,1.684239968473642e-11,5.079021262849902e-09,6.841658764322345e-32,5.447051827896044e-17,2.9813227232197173e-10,1.2224109288144092e-42,1.2918135773558458e-70,1.0218692640658545e-17,2.2186286920569732e-42,6.436172470179029e-68,4.736766045463114e-87,2.977480276653506e-16,3.4635945738089494e-23,0.0005297305556031002,1.368748318927003e-25,5.051256946507832e-21,2.6262515023059817e-12,2.7985599472594116e-21,2.0940513258421836e-22,1.0087801880594313e-23,2.6354143094634292e-107,0.8183315463910111,1.2632046923099508e-15,2.556704573665391e-31,1.179701656639454e-44,4.1673527098671076e-64,5.833448601303303e-64,2.7125448104071056e-92,3.7021464219934696e-37,2.2168535641991943e-65,8.51257494736281e-21,3.234214864855724e-14,3.282977898579506e-29,8.41475113589697e-35,8.128165903214898e-28,1.0373342384357642e-65,6.74801595057941e-97,3.2034549952124355e-19,2.778878229902844e-23,9.42909235163873e-46,1.8430625709820296e-34,4.272906396465727e-62,5.124096901365496e-97,3.25080526712257e-24,0.18113823671898163,1.2961607182616417e-38,4.967547077902984e-100,3.499475414025426e-128,5.277250277164875e-159,4.177113088845292e-33,4.839082172368324e-33,9.894281517038522e-37,2.0523797617838985e-56,4.3835832888996963e-44,2.0333155409963148e-97,6.959558653830063e-70,2.602062611488573e-18,3.5468088620817754e-27,2.2035990780829046e-35,4.873388988643307e-43,3.363319047645908e-50,2.962514870202524e-58,3.280903554656375e-66,1.5589432266967613e-63,1.6641517290512466e-70,3.226262689709164e-60,1.1121865773243565e-68,2.1775195737051326e-37,2.9178681249757586e-65,2.177520523750567e-37,1.2152952905642763e-61,2.20340911878624e-50,3.6807570723577825e-65,6.326062082297038e-60,1.9288462849438305e-79,2.0914597336240533e-70,6.881495773443347e-51,1.2709640701892407e-70,9.984761010453167e-75,6.962011938592621e-49,2.326250675961485e-81,2.415279761048555e-75,1.6637116828253504e-51,2.888625055532751e-91,3.4366025902338397e-59,4.4853940690188975e-56,3.1516381520140583e-78,4.898382638829039e-88,7.044690135164794e-78,2.885584320898652e-91,5.824435762553752e-98,3.443268026521438e-45,1.6514573005938901e-52,764.2650781125819,2.578802812645603,8.626542839154834e-08,5.027150845694106e-09,0.6208133398450857,0.3791865669331601,1.9291748221303563e-09,1.5139476446424697e-18,7.610655727121603e-18,2322.6128
2.898749384812384e-33,3.1787777760514734e-14,1.605752556476525e-25,3.208847257221621e-38,5.690305558155192e-28,3.69391591097206e-14,1.4150056189239403e-36,4.127725583440865e-12,1.3642200595942998e-15,5.720073916991357e-14,1.3312218005689654e-17,4.390743924409467e-30,3.18382280437802e-15,5.3511820237432e-22,8.681867305310362e-16,2.319532416232866e-45,4.147990583297671e-24,1.0491618099717419e-23,5.302672384287917e-39,6.404413739368002e-32,0.3700817479811113,0.0005547614992703028,0.5023416545316767,2.427932535708652e-13,1.4685946210783054e-07,4.954659547551407e-45,9.947940501905517e-29,2.7100611157011086e-20,2.2698650542959854e-26,3.024733034596752e-28,1.5600377105096976e-23,9.589189572364025e-35,3.4370632284308413e-34,3.4506144269461175e-61,1.432837750600845e-31,1.0994281379620223e-25,2.0560834065317154e-21,1.9304794155504697e-26,2.92769014188051e-43,6.824084217585595e-33,3.7083771677149627e-34,1.5009275316057468e-19,1.3709478839884552e-54,4.9838257333786936e-73,1.0586959934108143e-35,1.6752987088601198e-55,9.662463848240016e-27,4.96795991237691e-27,3.2729375621604065e-33,4.530340073202671e-33,8.09287324614591e-48,3.071701924892342e-18,7.769736372618847e-33,1.3061607270932384e-11,8.943664975123684e-07,9.92202357473281e-23,1.0298154679915269e-29,2.7453267592770947e-07,3.533506411534159e-31,9.938801289232113e-33,4.0501888043311136e-08,4.4800761898838e-15,2.8401339184959782e-36,3.3228465107253503e-19,2.9011472960434193e-33,2.3597448017613004e-54,1.852423852625696e-18,0.12702039303325055,7.964732222506823e-25,8.795952117505806e-59,2.151262208161549e-73,1.793576586760532e-90,1.2664378310769188e-33,7.744434137445744e-13,5.841964079989743e-13,3.218944954871995e-26,6.117045001777723e-11,4.0133452326245427e-53,2.8783827782914445e-23,8.661339403299541e-08,6.764562148541057e-13,2.3213576878765842e-17,2.227312170794716e-21,7.922796991367172e-25,4.0305481201725915e-29,2.2227282848403475e-33,6.779221699947425e-74,1.7701223463555408e-66,1.0358207238894602e-68,1.0853815025081359e-62,3.185489234621636e-34,4.307136295845214e-77,3.448807813615313e-36,7.531957200606864e-33,8.964949018424472e-56,7.575725330695169e-65,1.1093905305716288e-45,5.588325749487447e-66,3.5248975659860717e-43,1.6667121020419638e-33,4.510315000280478e-68,6.929039520711447e-58,1.1782762912860874e-32,6.052829124960518e-84,5.0003216279818196e-64,1.0821978247960233e-42,2.911848751312908e-54,3.3667186063675693e-64,4.664725077293794e-47,5.808787433762973e-70,2.906974424947456e-76,2.3481098902379635e-52,8.291089085072108e-67,4.169502285368456e-59,3.6201674317849525e-44,4.502983163555947e-37,794.5178458381182,0.0046908480071367,9.664584742150063e-07,0.5494687552361704,0.3488096120094328,0.1014988241749341,0.0002218421209884,3.97542922681844e-16,4.232662882671398e-15,2468.5588
1.442484694096003e-09,0.001601681471210276,0.051296891910370936,1.1984723971706663e-12,4.183269576163369e-10,0.04831223613899221,2.7041347510850975e-19,1.1746188289161875e-19,8.539455731112074e-21,1.0235707824438398e-22,2.7003204135652117e-14,1.5613199016935165e-24,1.0140898263849194e-21,1.67858330987689e-29,1.1945256395176402e-35,8.565400497356547e-51,2.4237647333079996e-16,1.5115377346246351e-18,2.340417707720113e-31,1.0916720039412507e-28,0.8953745986962488,1.092676131307218e-08,0.0013255886430516548,1.1957334920635644e-09,2.1152675349390873e-14,5.72518845580113e-23,1.3739285788811776e-24,1.9360847845204162e-29,2.8025798955762968e-36,2.4253274030531902e-42,1.5003963623555396e-46,1.3974304896877698e-53,5.173276812003341e-57,4.9026420227928235e-81,5.172715035223854e-27,7.816906355878886e-27,3.933717877563558e-33,3.208764888875368e-18,1.008769350187743e-30,3.1653869480192655e-34,3.236827666535866e-48,1.5423058135980858e-26,6.307417360508611e-44,1.2945629672294448e-107,7.006398526636574e-55,8.479027509749876e-53,7.487046177783171e-17,2.5638215037507477e-19,4.081404749756903e-24,4.766601714413868e-24,1.5246811786696708e-32,1.2834819531165258e-06,2.0886192648736137e-14,2.8905118187386115e-08,2.823624383760846e-08,4.832973528041111e-23,2.0414748541662583e-35,1.9983825447053344e-10,1.407403373405794e-21,3.5810627177688385e-34,9.42798473488982e-15,2.8668142613709613e-28,4.254932339891996e-53,1.5046507236027032e-08,1.4830048721936993e-16,1.6021065609596367e-27,1.7938728261850527e-12,2.6926325473998517e-09,1.0956655317558702e-20,1.0400155237781774e-37,1.1101844636577026e-46,4.764081748519998e-55,1.1609494112482867e-30,0.001901296176811628,4.4050725154167696e-10,0.00015543585282638188,2.4073084024278313e-05,3.165330717948464e-17,3.590861333264207e-13,6.823594419893466e-06,1.5898245598120495e-14,1.0867754936509229e-22,4.880682953036215e-32,1.1858564181504766e-39,2.488925558421999e-47,5.435928683718627e-56,2.928430459579142e-22,4.745861728280656e-28,8.139277908412212e-28,1.1690603188924328e-33,5.3768401833486085e-17,4.1782324227291355e-32,1.6432957148550274e-25,2.0980146846550804e-19,9.493271930823196e-32,5.53639021509912e-19,3.9624745746002995e-20,8.424737839752315e-21,6.721385576065111e-21,2.7713445813164514e-21,3.339925478031835e-27,1.0369973628979585e-31,5.418057428780038e-24,3.1242678645608025e-27,4.359645085773394e-28,8.476999625656689e-14,5.549882799429957e-29,5.557091914495739e-29,1.1564554687983866e-30,2.8714831840693613e-33,1.4880437041157356e-17,9.229255647787824e-17,6.109239884469924e-16,2.7754965313651532e-21,1.442402171460451e-09,2.837660965427686e-15,2057.3314827429153,6.232543011719694e-08,0.0008436420421696,0.500771244369873,0.4719399274862885,1.0973672000108118e-08,0.0264451751279967,9.114907522306536e-11,2.3972206783666192e-09,2515.119
6.731463010817982e-21,6.086727519395674e-08,2.3976271576929433e-19,1.1394593084313764e-13,1.6557224121530214e-13,3.8554956255342254e-07,8.274698498650542e-13,0.0024682860302925012,0.00013309200715940007,1.7504427583897774e-11,3.4794383771833604e-12,2.3992688180784663e-10,5.061495282826806e-12,1.5206327278152234e-07,5.821934565540202e-06,3.1354674547691695e-32,6.530912411682607e-08,3.902601647147271e-15,1.81820410017437e-14,1.4778819882334408e-11,1.512503945870476e-05,9.604661439484896e-07,2.2432718124872127e-13,0.0052444085907692025,0.9686164407537655,1.585291865159712e-12,4.15822845622775e-06,0.0035093179319964016,2.6726027782677322e-20,1.9000091361873068e-36,1.9871208578016366e-05,7.442069455637857e-18,2.151249013885722e-31,2.5110613582112044e-36,3.790394956462791e-07,8.33069625076459e-12,0.0006591899890390004,3.573875634405337e-12,1.7971774720760483e-08,0.0003757039820610002,9.235057673131319e-13,1.5147168215881257e-13,2.500264693443146e-10,6.819249112848557e-50,0.010052726572356806,1.6906101649231928e-07,9.24855081145882e-13,2.9228852108407574e-20,2.6765960875806647e-30,3.1560291037452174e-30,3.1146445946527674e-44,3.0957429829721226e-16,1.4674541096273466e-29,7.954107804825468e-06,5.7765867898686173e-05,2.4634372274196198e-11,5.887688332964233e-15,3.569168437844675e-12,3.390835446682662e-29,4.595553119682905e-45,0.00010348187025300005,8.394414944384793e-09,6.1275349318551364e-18,1.0587507271708166e-16,3.3471121060005036e-30,6.746126344490886e-47,9.101544150058993e-09,0.008157161944821405,5.017737368664967e-20,2.622723356527844e-48,9.185778927485068e-63,8.95186115333785e-77,2.5329169072095947e-16,1.5121676453471096e-13,2.2346569752623863e-13,6.4618656726272134e-27,2.164169757590734e-20,1.479009849424197e-45,1.2472277718507543e-33,0.0005614703716124004,5.6462279185000485e-06,1.684835276663064e-07,4.0788331090994676e-10,4.5898364895404095e-11,4.0110256254577225e-12,4.193285709310352e-14,1.2992709547365364e-25,6.65555307358624e-29,1.6017360582675135e-23,6.347060135258309e-27,1.5122663703697075e-16,1.2539325119124406e-26,2.343510093406137e-16,3.541897115665989e-29,1.5723415415434338e-20,3.0658792150246114e-26,1.7238204133269294e-24,3.621944021285117e-33,3.173872991461015e-30,1.9327949048911964e-18,3.8984764763614236e-27,4.6235376348913766e-29,3.11009464949966e-20,1.1244638927134615e-33,1.307607825518244e-31,7.596955023082864e-24,3.1916775337136236e-42,9.090412278902862e-26,1.2298271061681287e-24,2.659945721211525e-35,1.0082575859807335e-37,7.029034699412207e-34,7.980058213813407e-41,1.1166064422894155e-43,8.509853782118639e-17,5.024271569140517e-20,1890.445491141361,8500.038166416214,0.0034541578621655,5.324763813166331e-06,0.3397541097026267,0.0133558863101956,0.6434305213611988,4.605931693867292e-22,1.5844405026903484e-20,2571.0813
1.9497284524357886e-33,7.465189220133393e-11,1.242485871619016e-37,4.813226790458912e-22,2.1698491597718454e-27,8.044670837555674e-12,1.0084836508833575e-23,3.1095378412400923e-06,1.249578036620828e-09,4.1612969398052884e-27,3.1605021966010636e-24,1.115864138362626e-20,3.1592346527223206e-25,4.3332615864662706e-16,2.377643763049845e-13,2.3854894453690327e-80,1.1898511945869302e-14,2.5665609594712024e-33,1.262849258154844e-35,1.0504735118757344e-28,7.257000560140326e-05,5.490721512855741e-12,8.165135208654734e-24,0.04571619443513177,0.8850195579407316,9.659734085686817e-20,4.108229929588482e-07,0.03477876292417296,3.0654527894317775e-46,3.273773542673647e-86,5.67529965249785e-12,5.258012733227256e-42,1.4956329594928165e-79,1.649858684264638e-93,5.409739039360036e-13,2.753286100323759e-26,1.6759190800277324e-09,1.25630625105163e-20,4.535476751076209e-09,0.031028059201562475,4.565470346742055e-32,5.046180856330778e-24,3.097486383882074e-11,2.333845385602614e-125,1.3826544749066173e-05,0.003366729415733573,1.8018722080761105e-29,8.256391731008316e-49,6.481791390874559e-74,8.915642617110514e-74,2.851253261829187e-107,8.392399331541091e-34,4.0072218821362706e-67,1.300544123221487e-12,7.223931108697659e-07,7.506037993299108e-29,4.1733741419472534e-42,2.0801618034009115e-26,8.2538464281844e-69,8.057416125685806e-113,1.6639149653399616e-12,1.0947214961561648e-24,4.050278756089156e-55,7.441869451977051e-38,1.1498748249317107e-70,2.3066939110182482e-110,2.0447397488877976e-22,4.856227384624076e-08,8.673736407028224e-50,4.473806588542927e-121,1.8507477576046314e-154,3.670881028842e-166,9.848094652948628e-46,1.4387960659217207e-29,4.894585216362617e-34,2.2938454044330852e-57,8.82331100689861e-47,9.98744542469978e-103,6.422247945093633e-78,6.265312492138855e-10,2.827727572129269e-19,5.495142208330527e-28,2.606203101907661e-36,5.04922954432395e-44,1.491660223664715e-52,4.394242688583459e-61,9.608938254397718e-50,7.280407286376249e-57,5.69438299523366e-48,1.956238370306918e-56,2.5790426536538093e-33,2.960408543182132e-59,1.1821233875811924e-33,4.39284481038403e-62,1.9341220121021552e-37,3.5980160642515106e-53,8.441983267164806e-49,2.6971751274009066e-73,2.1984625885334163e-65,3.2864696476713373e-41,1.339720134175359e-59,5.265741033939964e-64,2.431550381502298e-47,6.351739058151661e-75,8.08918530093591e-70,1.1921754062899747e-53,2.208517567235692e-98,4.964458708182385e-62,1.2474389304959275e-59,1.0259553621637027e-86,4.566503644868373e-80,4.673622298287618e-71,7.25709964509424e-90,1.0702724373235654e-96,5.530007319344557e-34,2.0630460276862562e-41,812.6344073965449,3.0563845927735483e-09,0.033235812839438,2.3978488322043043e-05,0.3668309933779372,1.0197970791229367e-05,0.5998990173235115,8.810114408743352e-10,5.983536035938194e-09,2779.176
2.9413232002557383e-09,0.0020121192713835846,0.028863267736462698,5.304825958293097e-09,1.9773645388401963e-05,2.489515589239943e-07,7.761182926939369e-18,1.1518264457896548e-16,1.0168847939596918e-17,1.824073788159047e-22,4.822340982032071e-16,2.1721680992681985e-25,1.0424775509692342e-25,1.0216418146195594e-32,3.379518565574839e-41,3.289800033542157e-61,6.514973851273334e-11,6.651008504260508e-16,1.696141270906067e-23,5.515594870870175e-21,0.9650582047273527,3.727876164102983e-16,2.2739757242753926e-06,4.0257041867972326e-14,1.4321487843385654e-26,2.5053423314329844e-18,1.7611053483818418e-22,1.0762705660739173e-29,5.924903875235911e-42,1.4769637592382613e-53,4.4057769176573635e-51,1.1835081471785121e-60,1.2860570534797479e-69,1.2952157943363392e-94,1.441925160836952e-20,2.705533152729866e-23,7.676908818155104e-25,9.041178320509008e-17,2.5985224931988373e-25,3.260143413656275e-31,1.4055026106788057e-41,3.331914132572663e-27,1.9295646556955906e-37,7.464791099114168e-125,1.337116756029982e-44,1.8024986786319012e-45,2.337632332652631e-14,1.3404627165127309e-19,4.872256653136736e-27,5.654377721918685e-27,6.195183041609591e-38,3.4360692822486303e-09,1.9861456565934292e-19,9.220953475649802e-16,1.6415902458488492e-10,8.31897786730123e-23,6.1123776189267056e-33,2.014885529399771e-15,8.330327961301873e-29,1.6723414540103392e-54,1.696365817737427e-24,2.196756409213666e-30,8.647429676572742e-55,7.75830858157697e-07,2.549769420234721e-17,1.3105689352864618e-30,1.4852923674339882e-15,0.004043171122318194,8.973031324526801e-17,1.4234652864979332e-38,5.013421930615562e-50,8.976248666193202e-61,1.162071322124216e-21,1.559326270129365e-11,9.980158995245082e-26,1.4987043850520876e-07,2.8978737968060516e-16,2.0152880283529346e-22,1.278780450087186e-26,7.104732323770369e-19,5.908192366070046e-35,1.4319092998374104e-50,1.98587988468445e-67,1.6461412174082742e-82,1.265203085108718e-97,9.220361045255751e-114,1.6737594336893294e-15,4.165759020517946e-26,2.4446063094012548e-23,5.856657287437184e-34,4.546147542617158e-16,3.688725971092268e-23,3.8060822326853383e-22,9.185029029915388e-24,3.308332587779281e-29,1.9167885944504318e-15,1.1637632226550476e-21,5.454831215437487e-20,2.965883453050714e-25,1.2251515155210277e-30,9.879393392516967e-26,4.1620730375731596e-35,2.7886350063378557e-28,5.533186581777563e-19,6.302773993356302e-25,2.9341836012700087e-09,1.325081261837944e-31,4.394185503607945e-19,8.769845709406769e-26,5.23668930241656e-26,2.315275722896981e-14,9.646843614761258e-19,9.836264309885435e-16,6.980389964098873e-26,7.111995576027645e-12,2.221287280019159e-22,2182.830686663726,1.0582188860739592e-09,0.001021841585259,0.5047243062818785,0.4901362573319612,0.0041174683711293,1.264297719761859e-07,9.96771921140688e-09,1.6033788331491638e-07,2860.1504
7.5407063478802634e-31,2.1159035393346087e-10,6.040669733731672e-34,6.344477581815988e-24,1.4345365616567876e-27,3.291415485058432e-14,6.606004606495444e-22,1.5305485976592307e-06,1.994694740810877e-09,9.621586734316402e-22,1.6088953528313617e-19,6.468473467595323e-16,3.6973186826702896e-17,1.1302660749184897e-08,0.003979344461211122,3.880809238299399e-55,4.140625535675331e-17,2.000304969254942e-30,8.018811382115617e-35,7.112851601068676e-29,2.673904634771945e-06,3.33311565800316e-12,5.665405175465999e-20,2.2776790798139354e-06,4.695161741010468e-05,1.8072947133880617e-22,2.9699482334130812e-08,0.9789262073170028,3.9973049612989754e-33,3.79014147400612e-62,0.015467712783350686,9.825017888788056e-26,2.4108563225396483e-52,1.512496601715402e-60,2.920252515592218e-16,7.274381316153624e-25,4.982569746958653e-13,1.8621957366568087e-20,6.16440861988615e-14,0.00011966929228850068,2.7842939144196393e-30,2.4164608613042705e-21,1.2187553073440237e-16,5.5958884375192145e-84,6.107571493531563e-11,1.9325016905445213e-10,7.029276514457345e-26,9.316432111307296e-40,1.2232569962078547e-58,1.6205241274919547e-58,1.0023680088352855e-84,3.393544820026412e-27,4.277346670484783e-53,2.0965678966969318e-11,0.0014535317056185082,5.614472070463118e-22,4.0671779173352605e-33,1.6364339881814265e-17,3.2941929789726994e-51,1.8861420426790564e-83,5.70254131308438e-08,3.999710680210148e-15,1.4256578310524262e-37,1.155354498251949e-33,3.2045520330143744e-59,8.566896917908125e-91,7.776910889875605e-23,1.7436785499958232e-10,9.836453113092142e-44,1.8175962361409855e-99,1.0385838625120015e-125,1.2695008236105221e-153,1.4163520934926053e-42,1.3065250231284405e-26,3.7018333054186135e-30,3.919421972727252e-48,1.0147190250950716e-38,1.8316181269376174e-84,5.930418108106902e-63,3.374265314513998e-12,5.639473092856932e-20,3.616479017205512e-27,2.499690506413101e-34,1.2644665228618043e-40,1.4343216264034006e-47,9.818012268919988e-55,8.88269523060898e-51,4.326547524839381e-51,7.711275402070805e-46,3.5281690307209827e-47,2.0132308321289808e-30,1.95042968836934e-58,1.2557636191670845e-30,6.904804317217806e-50,6.929509019214654e-35,6.943332787500615e-50,2.944764287790881e-40,3.294924231314822e-64,1.3309614549728918e-51,3.365831910220174e-33,6.714951784410774e-52,7.977290453443575e-50,3.298636541083473e-35,1.8229694703132983e-71,3.327741966934396e-61,2.55514587308971e-50,3.1971533643441773e-80,5.892552225007287e-60,5.64437974120968e-52,2.1081295448470029e-78,1.5464466866996138e-73,6.977202550261216e-60,4.2041368912988456e-79,4.264701527800925e-79,2.6390923142043963e-36,7.733207935397555e-37,941.7701844822936,0.0061582764085397,0.5056410795759663,6.632011527964661e-07,0.4943340050167342,3.802500154709202e-07,2.38719561313115e-05,5.489614078182225e-16,4.645058066154191e-15,2894.2417
1.2820952532942396e-27,2.2167683974667432e-11,2.073133881508442e-19,3.2390341708152216e-30,2.0769262405963248e-20,5.24477899545906e-12,1.1564935765316594e-30,1.285000602434816e-12,3.3073880355323784e-15,1.7105362899061057e-15,1.469367262312453e-17,1.4333301423957735e-27,7.422707492972866e-18,2.1461080164285024e-23,7.927160103885239e-21,4.480994077578241e-46,7.879531891191196e-20,5.287579275541638e-21,9.504166712336127e-32,2.3220167200039096e-26,0.002750468641401409,2.929605906614694e-08,7.309387830088559e-05,7.755650387339432e-14,2.8078488541391194e-12,8.17756730432879e-38,2.78981398950313e-27,7.287450386918122e-23,2.0818092792216774e-30,5.235833688366108e-35,2.975499096230783e-29,1.8901239345191287e-39,1.2465984610984544e-41,9.157600538684524e-65,5.248009738231036e-28,7.483291469350775e-25,5.1341998247232914e-21,4.476369850999642e-25,4.387444861194877e-39,5.7367627882161636e-33,1.0427302249150855e-34,5.056067002620369e-24,1.1828499416268064e-50,2.3852138234322365e-82,4.20254068964235e-37,4.4914053770554484e-54,3.8471513228205e-21,8.144925967334178e-23,4.7414424260642864e-29,6.14780453790115e-29,6.937247099287505e-42,1.418297402400904e-15,3.876432556730621e-28,1.0009679416745808e-11,1.691788107953456e-07,6.06807517260037e-20,5.936688552708992e-26,3.5983120203209155e-09,8.713737980496621e-29,6.712702225740801e-36,5.7151328648572035e-11,3.8855726770444055e-16,1.1671738913413553e-34,6.242214132764746e-15,3.0103095811383264e-27,4.4920703035867197e-45,1.3703485507828621e-15,0.997176234246853,5.153667592205967e-20,1.1631672750776098e-48,1.002729008737225e-61,4.582705275443852e-76,1.1400409320901044e-25,2.8482432020479746e-12,4.626994341518367e-15,2.3982535612879995e-21,2.199284551118311e-12,2.077284522894578e-43,1.4104919340862665e-23,1.0564521416812955e-09,2.3995701243378746e-16,1.968143213750184e-22,1.0853006840858682e-28,6.133745943595197e-34,9.717674044454465e-40,6.947476181101372e-46,5.9645054875775984e-55,1.3674556327603294e-54,8.757686056158768e-53,2.8543624518190954e-53,7.047065743424937e-28,1.2426777771106047e-57,8.252614667335903e-32,1.3972753731906777e-31,8.24028632332002e-49,1.3453421393413118e-47,3.4121175434372857e-38,1.5939601442115911e-49,1.8211753672971487e-37,3.1944590188521177e-31,1.1611385411268413e-51,4.207047269219271e-49,5.76066956503337e-28,1.423655522938118e-60,1.3591348417143195e-50,1.8742078222164264e-30,5.344867129432232e-46,5.875128233706607e-46,5.184026675930308e-38,9.536090185326551e-52,9.943067856180511e-56,1.1874902605713602e-42,8.398906145637427e-50,4.184358734715686e-49,1.95923723600774e-32,3.0379571297089063e-32,1036.9737029474936,0.0119627558609425,1.7285609759062014e-07,0.0014482685518873,0.0014119138391439,0.9971396290074164,1.5745454817781394e-08,2.632949121267574e-16,3.1236350938674408e-15,3458.4832
8.712845260721798e-24,3.53461377048681e-14,3.045628593155225e-10,3.8774947921136455e-44,4.366726218596182e-18,1.7033858470299007e-18,1.7202264869592288e-46,1.273366353750991e-30,1.1186113980935601e-32,9.720857826094923e-25,1.5698450978524749e-27,4.392985143721839e-46,4.436667904550948e-30,6.733213097393275e-45,3.652076995994499e-45,4.507183900921484e-49,2.4958012407305387e-34,4.56353410487283e-27,8.28077604983574e-43,1.9990398345782214e-38,6.678640088401987e-14,4.524069316201322e-24,4.0095544561084e-07,9.134171641399897e-37,1.2160514834135085e-41,4.644769663208566e-67,1.2635924163267633e-60,2.9741197858936364e-59,6.525594424382479e-49,2.1034397218379607e-36,7.725426214486984e-69,4.665771989590547e-69,4.3558444915084376e-54,1.2841573312754018e-85,9.10697323472177e-58,7.045009798962684e-47,5.2006497852226636e-51,1.9250689850653068e-48,5.109149504077519e-85,4.614496072908949e-82,9.783249450024083e-71,2.389508042947388e-56,1.492046097718195e-111,1.46786882577894e-117,7.414211460221902e-98,2.5840938590675707e-131,1.1914020186827865e-20,8.676299532928718e-14,1.1118342281705733e-10,1.387388244838065e-10,4.4127763756236915e-13,3.977135730198845e-09,4.118184076727701e-11,3.156409390112077e-20,4.3594047283259927e-13,8.602652813840675e-22,1.4635167130238052e-25,4.252341596995023e-06,8.663912898595991e-14,2.1563348527290157e-09,9.24719677952677e-22,6.1569881304614264e-21,7.641582251139526e-37,3.25615945366903e-05,4.0098755041942626e-07,1.2751399177902228e-13,5.320936241201895e-20,0.9693013052695075,2.589695819609362e-08,4.768332872247808e-15,8.328824137488907e-18,3.918456396041415e-21,8.465083014533651e-20,2.394167363599351e-10,1.188588192481117e-18,0.0014668746173941002,0.027226587858200504,2.3234850606574624e-13,0.0019675835087382006,1.5061080502529976e-22,4.968669312750783e-34,5.3786783248323366e-45,1.6717773171535476e-56,9.775104703544039e-67,2.4008283395115914e-77,1.5718421886164067e-88,1.2943265235835847e-66,6.385183474312112e-62,6.5822613160132e-67,9.540863135734137e-63,2.353256576312697e-38,2.45099643263584e-67,5.607640374378332e-42,1.582575668795706e-26,6.095404706302259e-74,4.555653231147286e-46,6.036971224839234e-34,4.0893029322071405e-39,6.314920867483581e-25,4.996115324334726e-34,2.744072204787947e-51,9.827520921470202e-45,6.711207049964841e-26,4.3761303984720965e-53,1.7142953421173536e-40,2.949208042337983e-20,2.9477192569878996e-20,6.923327244511121e-40,6.964113322039852e-29,2.5959684542266487e-36,3.173351726313072e-42,4.561583702618829e-27,4.779000353170869e-29,5.572563485972493e-24,1.7716666823447672e-37,7.318900252859833e-33,1267.9541306788665,150.27734169385795,4.191738964841897e-06,0.0311786159963212,1.974257321289672e-07,0.954441480682475,0.0143755141565068,2.795789892909076e-20,4.100491842933312e-19,3531.8965
7.750591322943266e-27,6.913879797850149e-10,8.039880357594396e-27,8.563177250354685e-22,7.060422874953895e-23,7.925027577303026e-14,5.585123467830157e-19,2.7502534794577216e-05,1.6256562745010833e-07,1.0921965306144911e-14,2.293243636851327e-14,3.74487462546372e-13,1.2317377182839333e-11,1.88730719489347e-06,0.29973424926070186,5.814235974569019e-37,1.1202809801737499e-14,1.351335711401366e-22,3.8063299553554516e-27,1.9361483386655908e-22,4.4131726454965785e-05,7.725672715271586e-10,1.8576342969466941e-13,8.883058068350802e-08,7.665532530250586e-07,9.341956177339262e-21,1.903018409902749e-08,0.15313982735099352,6.862220873590038e-22,8.106900221996283e-40,0.5446165559189339,6.90220677876201e-17,2.259708827954748e-32,1.2527002614063879e-39,3.5372296868509277e-14,3.046055320341324e-18,3.172548411700492e-10,1.7067727677387976e-16,2.589231449961503e-14,8.689350156182491e-06,1.893327254001218e-21,5.919425789336327e-15,5.233261992618744e-17,7.894337213458973e-54,4.050385019214084e-09,1.7524098666308963e-12,2.6834936053799018e-20,1.1993969372940937e-28,5.169040317712653e-41,6.530133284977209e-41,3.068051149769049e-59,2.828672335255863e-20,3.942526972636755e-38,2.339350065126441e-10,0.0024246547425932005,3.9339354461521453e-16,1.6717634566004473e-23,1.3260013491441767e-11,1.3347140547131115e-35,4.2318820904862605e-56,1.340232782006498e-06,8.995674456304419e-10,7.498520554348e-25,7.558634346116479e-25,1.4223031217698608e-42,3.474317198215531e-65,6.996034055645003e-19,1.1759826243619288e-07,1.815214590218421e-31,3.4482791357253795e-70,9.876421361845555e-89,4.5191073597621756e-108,1.7097363275974955e-31,7.50017875058782e-21,1.2219069497169054e-23,2.237278276958749e-35,6.876227332104704e-28,1.3635475476838322e-61,9.868531917917439e-45,4.307307680853762e-12,2.8182589699199285e-18,6.227380416797192e-24,5.199440388156343e-30,6.712650742527112e-35,3.193469335057774e-40,4.802421336337214e-46,2.372207628987188e-44,2.371987229855891e-42,2.6801180572799462e-39,6.253387414371318e-38,2.2194342739302247e-24,1.386405283026796e-48,2.2695722309171165e-24,7.215200989392275e-36,1.299773697549894e-29,1.590427263187247e-42,1.417709736458942e-32,6.808599938959196e-51,1.0946196924271968e-38,1.2152063888540323e-26,8.068203914039531e-43,7.523163454253479e-39,7.005250047699272e-26,6.776574314995162e-59,1.930497676198195e-48,2.1311618929810818e-39,3.624515916995557e-58,4.0644738215872163e-48,2.1377506464738772e-39,5.041194853706412e-60,1.484331902653911e-59,2.304643374202262e-46,3.5705945689598384e-61,8.203684503939702e-59,1.252593724378287e-32,9.786140416289226e-31,1182.943106682421,103.82659318621738,0.685100052001053,8.196683433481063e-06,0.3148860169431178,5.184026136109848e-06,5.503462594713162e-07,5.505621298759774e-20,4.923598475748028e-19,3608.754
7.819379412429008e-32,6.68290236147456e-11,1.2834267528784218e-31,2.1726792495333847e-25,2.0962074984114682e-24,2.4927427654121476e-12,9.523686148650169e-23,0.001801254918745701,2.5577002475961776e-06,2.5977079984765196e-15,3.3366502207731054e-17,3.462314559903866e-16,3.051923338014322e-14,2.1383019034162344e-08,0.027299206508917914,2.5845366156046203e-47,1.4993606777310892e-14,1.5752355604043624e-24,5.8508791850803195e-28,4.41049965881334e-22,8.74100342137842e-05,1.169846684741988e-07,3.976494905535967e-15,4.5445015493221915e-05,0.823913590093684,1.9504797527991876e-24,9.474429067736804e-10,0.10926848857147906,2.481736890116319e-27,1.159070893976382e-49,0.03379435880531492,5.988031689916813e-22,7.239622241453561e-42,6.893205077356553e-52,3.3574725510495334e-14,1.6270673992283399e-19,6.393638885494721e-07,2.896722439261365e-19,1.6868632949735704e-16,1.1216943347308867e-06,2.8059399686641e-21,1.8445635317895707e-17,1.1087396703132072e-19,1.0868016764027786e-69,7.621261006713933e-06,4.696571374694413e-14,4.377983127014616e-22,1.2847732291013003e-32,4.246816667737691e-48,5.610756056316296e-48,1.0442470165866608e-70,2.6642703766382977e-24,1.0330018968671528e-46,6.57205009160098e-09,0.0016769207607342008,1.3732724494682432e-17,1.653437007487323e-24,4.2707799105145036e-14,3.281399715491147e-44,9.301200674519332e-67,7.07392296972584e-05,3.478622208683592e-10,1.2500840459641998e-27,3.112497986394761e-27,2.5824748029017695e-49,2.391488113591856e-77,9.547810749126689e-17,0.0020302716706524014,4.22364710141607e-33,8.3263729275112e-82,1.397394127449417e-104,5.62564065884823e-129,4.922337548525391e-31,2.148727559987936e-21,6.217267438666352e-22,1.869780730326643e-42,3.48022225192366e-30,3.5219798201815567e-75,5.740313146070777e-51,2.280627093470547e-07,4.339702587879268e-12,3.143542564654023e-16,2.3125371481637602e-20,1.2990251813101003e-23,1.6829637918290987e-27,1.2684451152431498e-31,6.752268783371255e-52,2.7765929379342435e-52,2.2574883825275683e-46,9.190495136879167e-48,5.9339493736202595e-28,2.357470978087635e-55,5.922508755109486e-28,1.0212937110881985e-44,9.412111233825709e-37,6.793132537290432e-50,1.875245859315479e-40,7.553168844446116e-61,1.8071157938646672e-48,1.7137611081932063e-30,3.1200305933518274e-51,2.962382238787472e-49,6.462884086232993e-31,9.443592846882129e-68,1.1032502797685897e-57,1.1476652396238172e-43,4.125872999748582e-70,2.8199988696946344e-52,1.856539628152969e-44,2.5469156846480997e-67,1.0194483563595379e-70,2.7014211027251446e-57,4.992892552908614e-73,4.298249138589088e-73,3.892795161028338e-34,9.77277769477619e-35,952.797793986233,0.1372756119242098,0.143550162309261,2.683652315810562e-05,0.3493338601861028,0.001802949660076,0.5052861913214022,4.791375693120774e-18,2.1561190619043478e-16,3851.3206
1.3557138311901674e-08,0.0009747433715876147,0.016929115596403567,1.0876481831224225e-11,9.34898510588513e-07,0.5533201075656818,1.298388081659148e-20,1.1023844136709216e-18,6.37777377256891e-20,4.781384747151747e-24,2.2680072992196963e-17,5.574134182831075e-28,5.190762405944094e-27,5.035666491277245e-35,2.8074589002848338e-43,9.445639300561756e-64,2.1859281679897782e-13,7.685254212067548e-18,3.6535748374817594e-27,2.6052992604781784e-24,0.42735511994428427,4.2492482549262773e-10,3.6899153448973554e-06,4.692461831678301e-09,1.151841584525656e-14,1.0954700476561103e-22,3.541113158681107e-26,4.242917493716367e-33,1.2771812167764813e-44,3.2268215490030404e-55,7.047377768313449e-55,1.9049362466440035e-64,1.983552057243185e-72,1.7721805312603751e-99,9.328980712336978e-25,1.0941474660577359e-26,5.981363118631809e-29,1.0363483820152076e-19,7.46261070903218e-31,2.16368534163579e-36,4.0108822516653557e-47,1.4264358211049173e-30,7.997899259225036e-45,8.176839515843879e-132,4.765110474877393e-52,3.440633620036885e-54,8.64887784174911e-16,1.622921412271205e-20,9.859734059930468e-28,1.1599764474478637e-27,8.794721121498964e-39,3.216188067345065e-09,1.1874238079919525e-19,1.8466797612433722e-09,1.3476833009362508e-10,3.572009989722589e-24,4.37258764317776e-35,5.010152830482216e-15,4.443247988142363e-29,3.182304632083186e-47,3.754655461117667e-18,1.7454192353716154e-31,1.459388768085295e-57,3.0425663505368063e-07,7.324138219549593e-18,1.276489206546706e-31,6.512353715267419e-10,0.0012783569077260974,7.14567251175836e-18,2.5086969403543646e-40,6.6505588225267694e-52,5.353519444465183e-63,3.3027189354674534e-24,0.00012655934640661194,2.7929127400865886e-12,2.7331198106853454e-07,1.025264786715525e-08,6.097060675650097e-23,4.3052601529521905e-19,1.0746538345236352e-05,1.7687748312444443e-15,8.614542084594179e-25,3.239210938975015e-35,5.866857736150776e-44,8.45984070967057e-53,1.4126536269020433e-62,1.5339498096549766e-21,1.6585462668562398e-28,2.8830747208358573e-29,2.4921294976952123e-36,8.476851006026374e-20,7.273072583095116e-30,1.5160884480793108e-23,1.6682854705009243e-23,2.040195636790444e-32,7.987140384079638e-20,7.650672097790979e-22,5.837260166624644e-24,8.053819870328131e-25,1.0322111504119873e-23,1.8444421623407966e-30,4.416127492692556e-36,7.420083099621089e-31,1.1541712246650687e-24,2.2549594780548943e-26,2.131863453022635e-12,1.6031483546803171e-31,2.9273965591940387e-24,7.055155826596813e-27,5.703960392052211e-31,1.159541026606216e-18,1.2657556549819785e-18,4.58255337567895e-19,1.3616740158768656e-25,1.3555008130323378e-08,1.7100888701779179e-15,1927.2548435969688,1.3409323283496563e-10,0.0006822279748563,0.3110543816827018,0.2990854516963949,0.0017903917454376,0.3873875469006094,3.9686713136981494e-08,9.52481115287556e-07,3905.633
1.1645950517874874e-43,2.7266961090086966e-27,1.32503626767803e-21,1.962674845786423e-69,3.930786941335007e-34,7.701398826576922e-32,3.201018953213116e-72,7.578755325933346e-42,1.151497219390801e-45,2.560770889603612e-30,5.059037534683954e-38,1.1512351013863951e-69,7.453472383709428e-40,2.5443332098026432e-65,5.896736955084511e-63,3.6903925517668183e-68,1.9421067647867388e-50,1.9692585561415052e-36,5.551281300239713e-63,2.960436306864009e-55,1.5687692637000107e-15,1.2386324329287386e-27,0.09549054507561651,1.9735462616191948e-51,3.851423486205919e-54,2.3382940130698365e-97,4.320696188243542e-84,2.3638023032538572e-79,7.314058899195797e-59,1.0591900700459986e-33,7.515371607502651e-92,1.9190599673602161e-90,7.860333784347844e-63,9.317631525956226e-115,4.9498138984496175e-79,4.12083474110291e-59,3.3641724494353326e-64,1.5220859297941947e-63,7.509517329270101e-116,4.468119105806134e-109,5.485942126452967e-85,7.633192816494374e-63,1.7292720409127194e-148,3.184567834320196e-141,1.27988004842427e-120,7.389247445063679e-170,2.2000707128108624e-37,3.792243691122413e-24,2.6453730820799372e-17,3.755101030745488e-17,1.4069873171508548e-19,3.051407044908003e-18,1.3069996106377856e-20,1.1736678088943686e-33,1.0252795078755658e-23,1.5658889582461165e-37,2.072328153184096e-41,8.579591962435446e-11,2.6641385125913124e-23,7.911945463126371e-07,2.3594729083521357e-34,1.2145236588250447e-33,1.3446419588874127e-57,4.0372626227421395e-11,7.723531721366018e-13,3.689410558919075e-22,6.127387431294951e-33,0.08762547370743001,1.8166230849446356e-13,1.9696177077614944e-23,1.2686095452109695e-25,9.82131499696419e-31,5.537261932340839e-33,6.436683524603848e-17,3.99607064794091e-26,7.80653081678201e-09,0.29545813654767406,1.4297959466817165e-24,0.5214250455410782,5.0039922031150875e-34,1.1997136340082202e-48,1.3736363239661742e-62,7.554218502663601e-76,1.0469021992495775e-88,1.6078749172330766e-102,3.732072857358882e-116,9.314051949896886e-108,1.148499461745836e-100,1.179964442642249e-106,3.585936967339957e-101,1.5699144558944413e-55,1.1195455428715889e-107,4.663401218802379e-64,5.204005156075325e-37,1.6552734828687726e-109,7.074474299383972e-82,5.195816993255796e-62,1.0353362139605289e-69,7.700623572069762e-46,5.79408518176842e-58,5.223633094221276e-90,6.259944751328482e-80,2.23461288360129e-42,1.3366615380812018e-94,6.456169791781814e-74,3.96282605416415e-36,3.4424262495067505e-36,1.9387291375475458e-69,8.23387519383057e-52,3.4752854283115156e-62,2.5714134055786105e-76,2.6502107001767346e-51,1.5904647607386459e-52,3.6271237979491555e-45,5.5445904033230076e-64,2.857562388842685e-57,729.7955373805158,19405.1737419233,4.608319487109857e-07,0.6832654409020479,0.0278091382109131,0.0510354415859675,0.2378895184691227,1.0384762684232747e-23,1.0280915057390417e-21,4100.133
5.951580139211049e-41,4.7986304441416785e-20,1.7104417605354794e-34,1.494624187394967e-34,2.8079351305537105e-30,7.67868521514321e-19,1.562093887714213e-33,1.2527979947942673e-06,4.5845613954444786e-10,2.2570529895199145e-12,1.0971347750701701e-18,9.891892447430632e-28,5.816958838143342e-17,2.320130051656884e-20,7.472954820351412e-15,6.974095040230959e-52,7.235344539552855e-18,2.2298731639402014e-21,7.44482959813705e-30,7.403253401774584e-23,0.07903677774844181,0.0004150137957772001,1.2880016528197761e-05,1.918266016747179e-09,0.0032054019297455007,1.0847666230622402e-32,3.388115487234834e-17,1.7532417378100926e-09,2.6431461491387284e-23,5.501015803253447e-33,6.383631289454224e-14,6.433474328951831e-29,3.582561428190325e-36,3.481780610528478e-60,1.1824237395281021e-16,9.698292378816269e-15,0.0006768464460110001,3.1585919250942966e-18,2.331477606402688e-22,1.0018255909199319e-12,8.215146103021991e-12,9.44805442764947e-07,5.448715278344722e-25,1.4656517362945238e-62,0.7490003410756668,2.5682249868818614e-17,1.1471844706777105e-29,7.354055892773923e-34,7.027965888545101e-44,9.696081637395013e-44,3.1062689291201705e-62,6.6432907056912554e-28,3.0981095265310477e-46,6.307412869238717e-17,2.7039423804191003e-13,2.571204951455666e-26,1.7095103747008927e-30,1.0629239432980104e-17,3.256924017736714e-45,4.627100865167596e-54,4.306754210571074e-14,2.2502268110856946e-19,3.3375041304451057e-38,1.6450779691600493e-25,2.560484718317614e-43,4.413614883872868e-68,2.3966044364117702e-20,0.16765053723748782,2.40157529602175e-28,1.0379933506169766e-69,4.419948365199745e-88,7.354747135705901e-109,2.1461629284697786e-30,1.9620095035247005e-21,4.888898344607043e-21,4.348963289569952e-39,1.7981716505497607e-23,1.377511948368235e-69,1.4061568814052958e-39,5.071310895352902e-12,1.4888198111994657e-16,1.9002427627594684e-20,6.317367178830142e-24,8.189918532607431e-27,1.5700768789345302e-30,3.1238956545008526e-34,3.707716884955717e-67,3.829385850773682e-65,1.2079042408962804e-62,5.33549772629704e-62,1.812285976342937e-32,1.4327140359629281e-67,1.8122884425302826e-32,1.0319390930635886e-39,5.681125123383233e-46,1.9964208306149197e-67,8.485505367855388e-54,1.9662621426139074e-72,3.218158905108397e-55,3.155046808778195e-41,3.2508655749176757e-71,1.849954454238335e-66,9.783992698568433e-41,6.122179521284065e-83,1.4387388559041883e-68,4.476611736465492e-46,9.895598551470162e-67,1.0860256114255626e-60,4.658707860710975e-49,2.725316724708039e-70,5.416435971828148e-82,1.123651121976256e-63,1.507960740762291e-76,3.0161357866409443e-74,7.565147420328665e-46,3.7867434766435134e-44,803.8580194289857,1354.709262831268,2.513131567362139e-07,0.015892032991398,0.615854723693048,0.3668879290311309,0.0013650629712663,1.9661998623523977e-21,1.5975373881613232e-20,4275.5537
1.3016027211715694e-25,1.1189306148885453e-13,7.011819622910808e-11,3.200491154519224e-47,1.8711433231546426e-20,4.203550050763828e-26,1.3927584136833584e-46,1.4601993275692054e-30,1.2745591290840607e-32,8.076654440316945e-23,9.535553894459448e-26,3.5216149747442634e-43,2.654408433039412e-25,5.363776368233192e-39,2.8856404585985004e-36,1.785530856448916e-36,2.8624589015788317e-37,3.8067529097780044e-28,1.2574783801268113e-45,3.072350916733181e-41,4.264211389483122e-15,2.197899440899027e-30,1.8637997485876678e-06,6.005650539870673e-45,6.174719699904345e-55,1.0078327528643881e-70,2.7609925642228932e-61,6.461727044587277e-57,7.408737481999327e-43,1.2598347622525556e-26,1.6031034453924688e-60,6.912869253241408e-59,3.4018430250574213e-40,1.2669434943242219e-67,2.7433800062520746e-61,1.556662946322884e-48,2.1677842876008936e-54,3.1326534450085767e-50,2.962652784908106e-89,2.664213740423565e-83,7.71675257314888e-73,7.621283524672194e-57,2.2642138770864336e-116,5.330038945744973e-97,2.1382334945489787e-102,1.0434444603133451e-136,5.0033470925435216e-20,2.647070491879486e-11,2.4404652978777845e-06,3.0459091292386586e-06,6.878028986449879e-07,9.069876788196611e-07,6.657741892866451e-07,7.650445863600208e-25,1.3681826982898506e-09,3.562254336558129e-18,8.140376578498796e-22,0.9681615493625549,1.3759091696492215e-06,0.0013811779528542004,2.208656518490192e-23,2.5323521767574614e-14,4.028962865729289e-27,1.0276597942533008e-05,8.98984819806842e-06,2.0082776024645303e-10,1.7673429679325412e-27,0.005894299607845402,1.1012177197673404e-08,1.0097536658676681e-11,1.2542663327443959e-12,4.161263738464435e-14,6.618557893760624e-22,4.298722895253511e-16,1.6301542339645854e-29,0.024510750648521807,3.5671048633956187e-06,2.69717647051286e-10,1.8389270078030662e-05,2.8679863021448784e-35,7.168693360929436e-52,5.882319881928508e-68,1.392036030073883e-84,6.177561697273763e-100,1.149106612827427e-115,5.71359460692284e-132,2.122185174803128e-70,2.3860221769491262e-64,1.065704734114913e-67,3.5076081243269835e-62,2.9350114824801513e-37,5.416613714058271e-71,2.9917004847105034e-44,3.3018001221836014e-25,6.168420552068638e-77,2.7945467993530758e-46,8.605020136459434e-33,1.8150139543519494e-37,6.558955636196847e-22,5.541917153202177e-38,1.6363425246505515e-48,1.341028371868071e-40,3.0261741127963725e-18,3.597299893412144e-56,3.2786169291373134e-42,1.8888333992732572e-21,3.0269918153148445e-18,7.987963338560615e-43,1.859484098510834e-30,2.154282321474117e-37,1.4155365027293568e-43,4.764424093811733e-27,1.5728257645331607e-28,4.177899998306732e-22,8.770047933556222e-46,8.247845799596629e-40,1266.4848871321965,44803.241517384966,0.6517514464390158,0.3438056424732549,6.264693813896495e-07,0.0039706651989152,0.0004716194194326,5.463888097883256e-23,1.401097019385778e-21,4659.813
9.556893854228835e-26,6.109641561135002e-10,6.160775007132057e-13,5.921474675774001e-38,2.732264903456024e-20,6.068278756660213e-12,1.2445043194930803e-39,7.26553071083973e-22,1.115838926377869e-24,2.1759279567048366e-20,5.908864910103707e-21,1.933837212393509e-37,2.461791307797906e-22,4.880265489151079e-34,2.6062010873034404e-32,1.862768138931012e-50,1.597979590714246e-28,3.3203426144574193e-25,4.397655232703668e-43,2.8568601486043053e-37,0.00022188804014209402,4.011779966786937e-12,0.1973137011026125,9.566713284802726e-23,1.9524797588401107e-23,5.4154215352320605e-55,9.128156286560349e-45,4.262496173401363e-41,4.392230985250782e-40,8.326573056010618e-36,3.3186781294949607e-50,1.4602626958245953e-56,7.170489121466445e-50,1.4011677538028919e-81,3.670733775529727e-46,3.177124362236778e-38,2.872105345062867e-40,1.0919762080571987e-36,3.910414003291263e-65,1.0327541475883885e-59,2.876532372478133e-59,1.0322188374547041e-39,2.7500690373977714e-86,8.205001131670777e-109,3.4856130933447397e-75,1.0203739283860036e-98,2.7671025505653526e-22,1.6324823462650565e-19,1.2200307799818836e-21,1.6078694540731005e-21,7.963974744897188e-31,5.442621955714384e-10,5.730161797836273e-19,7.552716222607194e-13,6.455606886128828e-07,3.9053442256490653e-22,2.7806377418999384e-30,0.00033704164977225667,8.5659251189758e-21,1.2535074061730474e-21,3.6834325477701886e-13,4.064592383223268e-19,5.784437801524465e-42,6.897961621510939e-10,1.5149686468235827e-18,4.246945850602086e-33,1.3434022520622596e-17,0.7989421915703806,5.327624454738005e-17,8.64285279905946e-39,3.776122352019712e-48,4.394375512514917e-59,1.956648255467064e-29,1.0330219340455484e-07,3.857069482607071e-13,1.8275226311061045e-10,0.0031844265960665587,1.196874282815584e-29,1.3183063446319123e-10,6.333187045792746e-12,1.717696316055508e-21,1.7608049275753153e-30,1.7360272941526863e-39,1.3586919879334644e-47,2.5164069182610745e-56,2.6220503783663046e-65,8.003587596029319e-65,6.406425522008341e-64,1.1826365172298329e-63,9.832673062877134e-64,3.04015145136922e-32,1.5868114651155327e-69,3.8313691047880824e-41,4.77592729739525e-30,1.537210687047727e-66,3.6631697885134094e-49,1.5517646043491853e-38,8.622312431729226e-47,2.9039894060324785e-33,1.4628992136841463e-33,9.00685023009449e-55,1.5833412788280607e-51,8.705910173745311e-26,8.213862476467544e-64,1.449953454004226e-52,8.514586316180259e-27,1.7746812077349008e-38,8.477288472750527e-50,9.001402645279329e-41,1.7354896292468277e-51,2.89078026807241e-52,1.0700890254754349e-37,2.356985537148976e-41,3.9687047316910195e-40,3.656902099245375e-34,1.8112705387379985e-33,963.1096836007148,1.152313840806596e-06,0.000306870278508,0.1824560358171723,0.0897563681513167,0.7260337215341091,0.0014470042188937,3.2310693864942687e-12,2.4233020398707012e-11,4786.911
2.7580073104104948e-31,5.12112207131963e-13,7.443541330154868e-29,7.360739814230417e-22,2.0506431114770365e-21,1.0582894726281125e-11,1.632083232516825e-23,4.655955488432824e-05,9.577988037255556e-08,1.0355141181831384e-16,1.1728667473333079e-18,1.7438978586538263e-21,4.258940801904747e-20,2.5593474324370354e-18,8.670572730871093e-17,2.7571995269223276e-60,2.3419937464463107e-11,3.0149343572764198e-21,6.84550989545595e-24,2.5558793490649088e-18,0.010320764630358545,5.062171905648071e-07,5.442335212336307e-13,0.00040140769354620175,0.11264944701268978,2.9834327201901675e-20,1.5907872821300526e-10,4.177001526493526e-07,2.8724328742681215e-32,2.3968285267239385e-54,5.076241215067206e-16,3.230741893610642e-35,7.018570387247599e-55,2.0471983423928429e-72,2.449654511669339e-10,8.977704349714672e-16,0.0027186581519107115,9.175513067600396e-16,4.544677531890718e-12,6.292364995427732e-07,1.1900239728186172e-16,7.632886924262887e-14,1.7038316449487323e-14,6.500137224442199e-89,0.6042482502292132,1.5969691190169836e-08,2.2847875077673893e-23,8.868941681756925e-34,6.760130648566108e-49,8.827291887903745e-49,8.186831644930328e-71,4.447618876669913e-26,9.444483023787404e-48,1.3113872939535496e-12,3.518351197454379e-10,2.684178872470798e-23,1.0528586149701848e-29,1.2990685882914367e-20,1.389820803784991e-49,1.9409722550806462e-73,5.465065359286679e-13,1.6583029677526938e-20,4.767683782539076e-41,1.8243184519438467e-24,7.349633864453556e-46,6.236173148473193e-73,1.1845967770412152e-15,0.2696132310865192,6.732603021105345e-30,6.694050758655366e-77,5.0468162242021486e-99,1.4966458436041733e-122,2.6757142806434275e-27,1.109087246423622e-20,9.465835233910198e-23,1.523097927507664e-39,1.8349522397461e-29,5.055754187477081e-71,1.1434439307344658e-49,1.5940011164559585e-08,1.431592979029864e-14,4.734035215152896e-20,1.2293825799587177e-25,2.9287217071358347e-30,1.8171632682106493e-35,5.599025127200606e-41,1.2508377790603957e-44,8.143031893181777e-50,1.4394679414089326e-43,1.1631270307292561e-49,1.6617411829838438e-26,1.1741119676554695e-47,1.6622272026440538e-26,2.0081083045978353e-43,2.229582301841685e-34,1.2014188160096333e-47,1.7064099056916984e-43,2.2543119161611217e-58,1.845718018469043e-51,1.594687149409824e-35,4.69961828421909e-53,5.576519557100213e-56,2.111041649998718e-38,3.819965160576654e-60,2.134426092629658e-55,1.067596564116539e-37,5.153661421055427e-68,2.933890128103779e-45,1.2574635519240438e-42,6.186493862852303e-60,1.3742176507673083e-63,1.2018883639444224e-55,3.649589185832775e-66,5.08968144466728e-71,5.1346231790726224e-30,2.17501411717589e-35,1003.578111226536,0.0083761595502878,1.0609940922440676e-05,0.0022756726107775,0.5613721584887845,0.3865768721058901,0.0497646868536253,4.9626182299908176e-17,4.300935799325376e-15,4908.596
4.203960002309306e-25,2.6568616469107347e-12,1.8639253055169354e-21,1.4589967697620037e-15,1.9959983206665778e-14,1.5906635199908788e-12,1.7163314934407614e-17,5.051558350854612e-06,2.0048308554950452e-07,2.164450547777983e-14,2.341272508417143e-16,1.2690509183062018e-17,6.685847926797863e-19,2.4236988118895453e-17,2.5503972243396375e-18,5.387954716617734e-46,3.326424902170402e-08,1.4241342570040417e-15,3.562977890055955e-14,5.122788349906777e-11,2.741068602027659e-06,2.0522083389160536e-11,3.0517368773401566e-14,7.337302486773372e-08,3.25911728579754e-09,3.596573835000483e-14,5.357027161240511e-10,1.3883634788146057e-09,3.0287298934351633e-27,9.846140458002605e-44,1.444927144347902e-17,1.595337141050492e-30,1.9777539123637928e-44,9.204553770032887e-56,3.2070203113217734e-07,7.694102427109027e-12,0.017885838153072497,2.5277565839077425e-13,1.6199856238475432e-09,1.1405083902533565e-07,1.913951573671047e-11,4.432269277331644e-14,3.0720064920083254e-11,5.37265883391385e-69,0.8740687039611746,6.474939579772217e-08,1.7458119412008976e-16,3.7921926632774086e-24,1.4762313962218126e-34,1.7576039599666627e-34,3.895944984686201e-49,6.300810405830941e-21,6.311516393479152e-35,5.692393453431139e-14,6.891570895134362e-12,9.70757465510186e-18,1.7821256906354438e-20,2.7586274677964926e-19,2.5228061652045e-37,2.306526980960881e-57,1.4950438245703992e-15,9.717331823018422e-18,2.3201865600803007e-29,1.711882926576022e-17,1.2614870806018582e-31,3.4176474004360747e-49,3.23215252093285e-13,0.10803685169118678,7.195739890615139e-20,1.0785760378542476e-49,9.073648596543187e-65,1.4463925762626802e-79,3.127811420419821e-15,4.632512707719991e-19,9.886509782915584e-23,3.318584409219988e-29,5.61083839530481e-26,6.054301256628999e-49,9.142625833450282e-40,5.468716877381217e-13,5.3387621139669115e-19,1.5669501954067258e-24,4.626371248048972e-31,5.440917956432667e-36,4.4658109794396445e-41,5.042088754696201e-47,1.220481849780478e-26,7.1027478480125396e-34,3.377730367262198e-27,1.3103929543203648e-34,3.631371155339284e-19,1.0817451815051781e-26,3.6728694777289553e-19,2.68079091359451e-33,1.24543027244156e-24,2.9821975144591418e-30,4.8347327570003005e-32,2.0209896123315314e-37,7.189124012399419e-38,1.9883842600440227e-29,3.98354535095508e-34,6.51209826451662e-40,6.231263835001249e-29,1.8640053357305037e-34,6.639271745923856e-36,2.5178496206412272e-23,1.7542579087174303e-46,9.722283484386395e-25,3.1218847410222816e-27,1.1901190435653183e-34,1.7373678763833747e-39,5.039880890507115e-39,2.0037655963544227e-42,3.1031631355979365e-49,4.1246413105607195e-21,2.6217769507790856e-28,1745.4747106940997,48767.57769558459,9.706547685803466e-07,4.955020148571719e-07,0.6384412678672198,0.3615572515300495,1.4445947466099131e-08,1.1365620791224994e-22,2.362072494871977e-21,5197.9624
7.2211982818789585e-37,6.262248288186428e-14,2.0446727245329276e-36,1.544064651232909e-27,8.129440861590168e-26,2.2438516632729996e-14,1.3369654482672537e-25,0.0011241627136296002,1.0764951954063082e-06,1.4337783801236473e-17,3.535312466671938e-21,1.7102224351285231e-19,8.266128152797433e-19,4.659768119241062e-12,2.3325096998705824e-06,1.0382319934362752e-56,1.4419264453002794e-14,1.713613677528389e-26,3.9397020395745474e-27,6.27443514626059e-21,3.084758028198776e-07,5.909446680285044e-10,1.6831875736342307e-19,7.658479999070991e-06,0.49695712210475324,1.1396890017052788e-25,5.5528763734035815e-11,0.0029609978362118003,4.0865009279250926e-33,2.0238893267338685e-59,2.2635106739124805e-05,1.4449705814933941e-27,1.855500616052498e-51,3.497365853398589e-62,2.568373064906935e-13,2.3474105533428617e-20,0.0005166664144833002,1.2668916395378055e-21,2.1983860706358666e-16,7.467227398298359e-07,1.128558940250865e-19,3.4828930167383695e-20,9.31089817792694e-19,7.471171365347165e-82,0.45931487833548584,6.932582371156495e-12,3.1679454529632456e-24,9.67523050262277e-37,1.8465252153124846e-54,2.470267690602108e-54,1.1700024619533429e-79,1.5259786520400297e-29,1.359472724672139e-54,1.2632328307680815e-11,5.957249910020442e-07,2.7009036634380694e-20,5.51323699307804e-26,1.4300166921718912e-19,9.373956454348731e-53,5.46593007660699e-79,3.5687761233363236e-08,2.9363361134598474e-13,6.605001209665639e-31,2.9133039363033136e-30,6.3155540709761505e-55,7.794917945240762e-86,1.6334465980269165e-17,0.03909077585710251,8.127227122538436e-35,4.878355632818135e-89,2.3291307023372793e-114,1.5756667830705624e-141,1.091445779110297e-29,2.200624796886897e-25,1.1466180715958602e-25,2.9065389332863457e-49,4.886070285342117e-36,3.635516749264353e-85,2.7527011773979185e-59,6.863914249481588e-09,1.4272045466508957e-13,1.1721547423402447e-17,1.2851021604532091e-21,8.851735246266228e-25,1.2358469720449945e-28,1.1875900383083229e-32,1.4306918433508788e-53,9.47043830873701e-58,1.4223385225616326e-48,7.316990412102935e-54,1.4544855753391513e-30,1.0375225321128045e-55,1.4545058796116419e-30,1.209779501612528e-52,1.6433946220662016e-40,4.1048671880341935e-53,6.026381535030317e-47,3.660646222761074e-66,7.184090954930671e-57,3.048592487714175e-36,2.14073726213704e-55,4.209459722109935e-57,3.485178066831901e-36,1.270516341443259e-69,8.531086761778465e-63,1.1927625866736435e-45,9.974827228528745e-79,9.548234650861205e-52,2.6036671710210844e-47,4.917574181665957e-69,1.0394445990295652e-75,2.3487689473592055e-65,1.366148552137116e-79,1.8490631684161794e-83,1.9049449798679226e-35,7.196443658248793e-40,904.1544610173086,2.7280526319439327,0.0016463166949191,7.117277574973324e-08,0.5394275382751543,0.2300489709249488,0.2288771029322021,3.203096853788138e-19,1.0341426985087418e-17,5371.7104
5.274319467164592e-32,1.0998546304649763e-11,1.6658255482491803e-29,6.003626170838313e-31,1.0792477602828692e-26,8.077796325773963e-12,8.19514234677724e-27,1.193630031798725e-07,1.7346640252452895e-10,3.99374707145981e-15,5.871487264469019e-17,8.968033681950994e-19,1.6472440531723353e-12,1.6451303288091832e-09,0.06281857410360522,3.7776182648128707e-38,3.4217431170906733e-20,8.220791384591453e-26,1.3128379582036962e-33,9.47052405006249e-28,4.4208665912029406e-06,3.6889633682351345e-06,4.583209321410665e-12,6.636582880162458e-08,0.7107998554007642,2.5494421783109088e-33,3.5048348599577315e-17,1.1973744278969292e-07,1.4859021721557707e-24,3.6690969620920477e-38,3.6890006570492205e-05,1.5988505998561548e-20,1.0221548701296435e-31,4.882847918806318e-43,3.631837319806654e-23,3.905305232128577e-24,5.796081344863681e-16,7.747002910204558e-24,9.833875013895216e-29,1.9260135200013906e-17,2.854794578536789e-29,4.875341731061535e-21,3.102085599017576e-35,8.774182433771142e-59,1.5371630168567715e-21,5.9441842704184005e-33,7.042807689508634e-23,4.749281122273055e-29,3.734877340997575e-40,4.930777280058986e-40,2.291119667832819e-58,1.0395766891131175e-20,1.0123183738363924e-38,6.601707741948084e-07,0.008270750237434604,6.751489437968517e-17,7.586917750297377e-24,4.8683299143452435e-09,9.958859351950595e-35,9.14084036887684e-46,0.2176129480862793,5.0881052852806656e-08,5.8662124563054865e-24,3.5044155174220753e-25,7.247748635611104e-43,1.740712078917888e-66,2.8682513690713204e-16,7.997240030855938e-06,4.388469200090348e-31,5.637064245312461e-71,2.346573305057315e-89,2.416866597145799e-109,2.1200568851693222e-33,1.5916273094844503e-16,2.8327289983564534e-14,5.5977993831477016e-36,5.828610829319361e-21,2.84900822740393e-64,2.358964988499152e-37,0.0004383113466166002,5.283288340747644e-06,2.419114142351883e-07,1.1069577352170606e-08,3.9124667481260434e-09,3.213664324436807e-10,1.5205160265723015e-11,1.9795429015508387e-59,1.0632149626747407e-55,2.011948151430475e-52,1.0851480746228764e-49,9.820305688853118e-30,6.373693926109234e-63,1.6975134417871202e-31,1.6837837692983634e-39,1.5308369353933675e-43,1.2979840523556388e-52,4.3622310710696474e-39,3.3674062719429666e-59,9.561481416148225e-43,2.2950941502942046e-26,1.9179899154425966e-52,2.3436351620863272e-46,2.2941377288881323e-26,5.854616572311229e-72,8.288998213219412e-58,1.268846107993328e-43,1.5378413716151605e-61,1.3921121721861908e-56,1.132328812663178e-44,2.993500425654316e-67,1.536897369867861e-70,4.822336342759709e-53,1.6358386585652745e-68,1.8419936975040648e-64,1.291864476584071e-35,4.25299471673664e-32,955.8239729823994,29.85068330994744,0.2255810915083574,2.603320706066539e-06,0.2482238500050378,5.185409113722426e-06,0.526187269756785,1.1052145613282712e-19,1.0212182546673225e-18,5464.9683
5.720775649139516e-21,8.92329668231762e-11,8.255313512343059e-08,3.8539779047751215e-39,4.465489145146883e-19,4.383586806182408e-15,4.33142430441538e-41,2.3731226716086486e-30,2.704882853804651e-32,2.6181800288343837e-25,1.3825203872294975e-23,1.913644729474027e-40,8.365720498911679e-26,4.379236706972287e-39,3.8268538560572554e-39,6.427638700052871e-44,3.997187443194696e-34,9.049808192151754e-28,1.526486758264366e-46,2.2599160944970215e-42,6.680565320753946e-11,1.4299222777493985e-20,4.7703284089310006e-05,4.436889534390314e-32,1.0199487307266318e-36,1.5053412725409218e-60,3.561266690452066e-54,1.2213666434624399e-52,6.765937352463931e-44,3.7339844876091874e-33,2.7484162550753476e-61,4.361912017876316e-62,7.226504129144908e-49,7.215272026322664e-78,4.932554999352911e-56,3.3451418842525803e-46,5.385477584756793e-54,2.216717845954818e-43,2.75972273809475e-77,3.439159108849054e-74,6.236451888099211e-73,4.049051819447864e-51,3.1636222159788586e-102,1.0229747182649471e-108,7.792151121378764e-98,1.0912780739510065e-120,3.1954733961166464e-21,3.016187126708391e-15,7.450585282563697e-13,9.222217175929107e-13,9.710202950141317e-16,1.832380709425302e-06,6.66727798586973e-09,1.9511103723058296e-16,1.805368372914094e-09,4.726003175188879e-22,5.148313413986851e-30,0.0024190610625180005,3.35053623294804e-11,3.717277567525351e-08,1.2005427285155223e-17,5.14773425382879e-21,3.1726316470925577e-40,2.4665105745144016e-07,9.822178347975218e-10,1.5902322718357098e-16,8.071576343079915e-21,6.767886090012396e-07,1.1094714032512524e-14,3.656841922491383e-22,1.9768529614793174e-25,4.051137140386861e-29,2.2469272145566273e-29,7.509736863523403e-08,1.005264738928767e-15,0.053580613398049516,0.9257197279982439,6.796932985870959e-12,0.018229933960550802,6.9127846944400635e-19,8.56564273445814e-30,3.4216304283430016e-40,3.276026773441996e-51,6.713059629431777e-61,6.299685821823104e-71,1.4082147926717429e-81,5.958507685830694e-60,1.0308662382168542e-56,5.84914493687699e-60,3.4505398854815506e-57,2.4949190567864903e-33,6.278479761761004e-65,4.8377490507177984e-42,4.345765285189571e-24,9.562476115191576e-68,1.4625604001668815e-40,3.0896336313082856e-30,2.0052484895470134e-34,3.7034631500871107e-22,3.226232713744129e-30,3.219049911968367e-45,3.430575276680917e-40,2.308068848288313e-21,8.567665023874177e-52,5.083120206201239e-41,4.338522498149067e-21,7.293828528072942e-23,1.4498161950375672e-43,2.743603504189617e-34,1.0599640640144794e-40,1.0990102672345004e-37,1.8449156887153937e-24,1.1429397616915615e-25,4.764553766670932e-22,1.4185882633976122e-32,2.1513313468847483e-29,1330.8068062301084,0.7254781255403082,0.0016325828495381,0.6799353273378483,1.6090427020362223e-05,5.400878479995919e-07,0.3184154592977452,4.305490314521326e-18,8.76293911073164e-17,6555.6587
4.271926226491982e-18,2.7158703103540796e-09,7.293163626487575e-08,1.255842006308457e-29,1.8797059576490693e-15,1.768202139376624e-14,3.9275170895846147e-29,3.524010442300476e-19,1.368570345952887e-20,1.6191019128035203e-14,6.4697386893170795e-15,7.971658273427985e-27,4.979256167659387e-15,4.2292970511497205e-24,1.228314818735243e-22,2.5482582183101023e-24,8.18478294965324e-24,3.803484330960041e-18,2.12466642959019e-31,3.180773608140746e-28,3.162001971735095e-07,6.72021455292751e-15,0.038338475332061424,2.0981060073113526e-24,2.7823386858392433e-28,7.606417906291553e-43,3.291718412612629e-36,2.3732554436178198e-33,5.851362640397308e-25,2.2226622946138002e-15,1.70230264962396e-36,1.9159055280056396e-36,2.7622385125356927e-24,7.156432686599123e-44,1.9304058106704934e-37,5.178021927857451e-29,3.031436204721519e-34,6.439097443116872e-29,8.911702821638746e-53,1.755939622350372e-48,8.345964927144538e-45,3.2739475879707286e-31,4.077763643977049e-69,3.0328366010422627e-60,8.959764524650871e-62,2.198266143742536e-80,4.3599892916736625e-15,1.0248360659605952e-09,4.1733690800566094e-07,4.97221223543258e-07,1.1020684462864294e-08,6.779876631770962e-05,6.761105357569558e-06,1.6902707798647175e-13,1.943178399186491e-06,6.56168167814354e-14,3.0657963243505276e-18,0.8381298324462197,7.2182835194850975e-06,0.022239329696754514,1.198726061315169e-12,1.8213906071761134e-11,2.677534395884569e-22,1.8288575421909413e-05,1.350997343434437e-06,3.529537640463477e-11,9.216479710430632e-17,0.00031249625083000016,1.9765540521548247e-09,2.8457625960047154e-13,2.405570425326202e-15,3.7488907216070705e-17,1.9836031193095396e-19,5.602727185901533e-08,3.44269382520564e-14,0.014011078360281808,0.07452256423890945,2.375152730114086e-09,0.012341483882894806,1.8121861814489848e-17,4.9529524531609296e-26,4.073936852154877e-34,3.4223846089665583e-43,1.1328215819950158e-50,2.5973894582900984e-58,8.272615096228043e-67,2.9811236204646147e-47,1.5022735798631842e-41,2.2444250871267074e-45,7.458452837408802e-40,3.1849927393940024e-24,6.809294513974512e-49,2.435447286500264e-28,8.041244391402553e-15,7.162182953870464e-47,7.951314573622133e-34,1.1922111149424848e-22,5.756147735197216e-28,1.940065879552095e-15,1.5073733934726527e-22,2.738457552331805e-35,3.929758495093669e-28,1.5092891466397162e-14,4.424945410002738e-42,1.4639147790591292e-30,8.208471870107033e-18,4.802796304438441e-15,6.827092791541496e-34,1.9997488500325173e-23,8.732490856851128e-31,1.7724614141462785e-32,4.880379340627677e-19,2.332680081646469e-22,3.1224351620960226e-16,1.3451447636900834e-29,7.375541321544384e-24,1736.0567786219233,11115.232550002029,0.5574464002602454,0.3945798416635413,0.0124202712466229,0.0002091094247117,0.0353443774048783,8.194306333545377e-22,1.0286010845003012e-20,6712.424
1.0907274853645647e-17,0.0027481797527782563,1.0946038209828538e-17,7.61118619187046e-10,4.3329818679646496e-13,6.476500208085795e-07,2.2925816982729185e-12,0.00011935769507128131,1.6892078519852322e-06,8.989551872355924e-18,1.5353868878365786e-13,1.9767949979504853e-12,2.1659719349328282e-16,7.814600851273957e-12,1.2566767506102069e-12,4.68242880964559e-53,1.4307932630201455e-07,1.9467817457941712e-19,5.083350944792776e-22,5.015404158084038e-18,0.9826965059017111,3.2046120608773846e-10,4.078104560638884e-13,0.002824230863439706,5.986097931546524e-08,2.0183494943384765e-10,5.264792439026622e-05,0.0003059159055119756,9.273482347984895e-32,2.0228181648812642e-57,6.345211526718987e-14,1.1309527555277148e-32,7.661734434484824e-56,4.349028492080534e-67,1.2379308109495334e-08,3.783072234997061e-17,2.8270780724016846e-09,6.328189772347016e-12,1.4359944279020186e-06,0.00028961927772578645,1.899204564602046e-25,2.0396590526578814e-17,1.3084665587561853e-10,8.20757807433017e-93,1.8187615429584887e-11,2.0367696537728805e-08,8.54910730463666e-16,5.031624050025454e-28,1.0790151810180765e-43,1.3266436432995663e-43,1.900811205522615e-64,4.670582199470361e-17,2.427970929570593e-37,7.388830125290181e-09,0.010376565743203009,2.8392533868305825e-17,1.76713302531014e-27,9.090505553228654e-15,3.115342130366584e-40,1.773230692308421e-73,1.0427569905306491e-10,5.429095816289589e-17,1.300350871857515e-38,9.367554087994735e-20,4.974342504142142e-40,1.568065711395028e-64,6.352860989791063e-15,0.0005829565266028845,2.1720565214965835e-29,1.9911486597389924e-72,1.3863455624883404e-93,4.85536783981067e-115,4.86322189007554e-28,6.571234199775547e-18,1.1733353273657306e-25,4.57327221126594e-30,4.3549095998234256e-29,1.6444289238971879e-57,9.926812779489132e-49,9.657826613393273e-11,2.103299820786566e-21,1.4562621587744253e-31,2.079676280249594e-42,7.076445680215954e-52,1.1851453338979173e-61,4.30436919056373e-72,1.2189882031803242e-24,7.127812816480299e-32,2.557512777275868e-25,5.76004152864525e-33,9.372064028290309e-18,6.523679290419882e-32,2.4220331477838338e-20,1.7405496868441537e-36,1.6404546279634804e-22,1.080236373218517e-26,4.004950559009571e-27,1.0574098783283173e-38,2.6986187795415065e-37,2.9592846317854562e-27,8.640641031619339e-32,2.7154972649065963e-37,1.3879025933708802e-27,2.8012143460498833e-39,2.7951516216675938e-39,8.286717993600918e-28,8.716015307209729e-58,6.111540803858702e-34,2.3293796027513145e-35,3.9173163258797826e-49,3.508331476733086e-41,7.980850778039303e-39,1.34716569934254e-47,1.9293864713287043e-54,1.5595934139939093e-18,8.30409621793874e-26,1387.9899313694386,2.3328784079225553e-08,0.0122956482319433,0.4917003781996267,0.493946698255905,0.0006439361980816,0.0014133391144434,2.2178964350303903e-10,2.686119015759028e-09,6766.2705
7.697925775157928e-19,2.8249976627106835e-08,2.725122738653034e-17,8.02411550253995e-15,9.335973200231449e-15,8.27085483227817e-06,3.89082359159021e-15,1.5467390176267883e-07,7.94001485254662e-09,2.019389347714678e-14,3.9452513202455514e-13,8.102822950415932e-14,3.9515127179702254e-14,3.7880342494228485e-12,1.0539831022048573e-11,1.3448248524219175e-35,5.298363046507459e-11,5.989111786023919e-17,1.167673168084344e-19,1.0399901830057933e-16,3.253808071509212e-05,6.112320801781229e-06,9.19693105985937e-12,0.0015626100630551996,0.957264882036159,1.397041534438974e-15,2.9920677938236856e-10,1.867922372657228e-08,4.638432539015128e-23,1.1584559737052687e-36,4.453340044576057e-13,2.7356924782182224e-24,2.751014822764515e-35,5.299787526882645e-44,3.807112691719297e-12,1.6941110741123698e-15,7.366404155923653e-11,7.543067281723953e-14,2.256847788732114e-13,3.5456117206033455e-10,2.2518146337263528e-20,9.146353032264343e-16,3.76395939589499e-17,8.444115673364105e-59,1.7638537016628711e-13,3.4860621320615673e-16,3.463673685700034e-15,2.05735729042661e-21,3.2773481704389056e-30,3.870429440968611e-30,5.997870039856026e-43,2.538143949484391e-15,1.871101131232818e-27,1.1520731532272024e-05,1.9474185347801134e-06,6.416512790190555e-15,1.356389137716056e-20,2.2404390565160724e-12,2.9173262496040106e-28,4.2596384224214804e-41,1.0367553571016874e-05,1.6061134741056118e-13,5.585804538091223e-26,1.24934239753427e-16,6.240070044302723e-29,1.8184822808413823e-44,1.75936271830548e-09,6.237871122686404e-06,5.359070278939219e-22,6.309866221664912e-48,3.506868714865796e-61,5.101155388523204e-74,1.2210752229893264e-21,6.173498588565496e-11,2.78909297295631e-10,1.371784629214817e-23,1.716909600181409e-16,4.1754734192074877e-41,1.612212500553025e-28,0.03984658626090659,0.0011491731083305998,9.85403743598074e-05,7.096407865860189e-07,2.317168816949284e-07,5.775232449768544e-08,1.7613169070280711e-09,2.8891193090941107e-28,6.549068233342859e-29,2.506400389492142e-27,4.293862005546299e-28,6.97871462048395e-19,2.5385855908837676e-31,3.2766912682688176e-18,1.9020408964844138e-26,2.436858967838144e-22,3.710986612853737e-28,1.0722664903794525e-23,8.005948149838195e-34,3.8090158210471366e-28,4.271848403942938e-17,2.9391380377215558e-30,1.5911739543861856e-29,4.66487784688055e-23,1.530246770532384e-36,9.233835913504011e-32,3.338393706718361e-25,9.095797110972672e-40,1.540220356035549e-30,1.0379405983652037e-26,7.819723352488562e-39,2.9860986602747225e-37,1.1346831963187206e-30,5.012283232337549e-39,3.090457682401415e-39,6.217149462324846e-17,1.6104170975672415e-17,1865.5743144315536,906.0394314962616,1.2296082780175071e-05,1.306420974705988e-05,0.3240690491674525,4.272839913539158e-06,0.6759013177001066,1.0802700075124627e-20,1.4640501417603116e-19,7331.8945
5.491932415240754e-16,0.03862429962389724,3.82673644364172e-07,6.087379450811103e-20,9.022518231700856e-12,2.647920818798322e-06,8.746352730387569e-22,1.3611090275876697e-13,2.0977936755565333e-15,9.892981192254621e-17,3.550814854982855e-13,3.1746062239872334e-21,2.2619342898181877e-15,5.0353685158337016e-20,3.330962590571742e-20,2.138838887201126e-40,4.4105785648254804e-17,5.509236107214739e-19,1.1509798543055641e-30,9.679386101429261e-27,0.3167723733687042,1.5333906952774336e-10,0.0011909745102253147,1.8172211304241378e-13,4.690993494262861e-18,3.0393662526183555e-31,2.665433155138569e-25,6.16824252950157e-24,1.8565185322033325e-31,3.5348852593651636e-37,3.2116940290354564e-32,6.723060351678505e-41,4.0334449284672704e-44,1.0489290988085461e-63,7.280309783883274e-29,1.8229357544469312e-27,6.782199312892012e-29,5.812542339385352e-23,3.264968949307659e-38,2.5750450872832577e-35,9.049961742791079e-46,2.3278205394179107e-29,5.965988465332653e-53,5.420270065302573e-91,1.5260931028337199e-52,1.4891092524068369e-61,8.585767007296654e-14,4.705445564994108e-16,1.0707848674148154e-21,1.3130435606555008e-21,2.383200500993765e-32,6.831634269996815e-06,4.584839458601332e-16,1.415757379983228e-07,0.6030767229907642,1.2684900469534685e-14,4.7852994984043146e-24,0.005011335244788299,2.7533211026631305e-18,1.9067280158892645e-31,8.963481077905695e-09,9.794587736687272e-14,9.793497319439087e-34,1.5116082533899098e-08,1.0085167323930984e-18,4.638360805770226e-33,1.5309954435304954e-13,0.03531400482305452,2.040177678058732e-17,3.5218570205100047e-40,3.0404083947347335e-51,1.475475327500561e-62,3.2012876422042135e-25,2.451282354348841e-07,6.1635901037978434e-15,1.5073784296747744e-09,1.4270020576544855e-08,9.166837826168583e-27,3.865982644373993e-18,4.855001604533419e-10,1.6600547615151598e-20,1.7950463931308587e-30,3.773423118614062e-41,1.9716742998376842e-50,5.217279906807293e-60,2.884844443889182e-70,1.751121821331685e-35,1.3063514282438904e-40,1.6028290029483904e-35,4.829557411521605e-41,2.5051451865417767e-18,5.4213577575398824e-42,1.1917538569957106e-28,1.3062039254093988e-25,3.806942776143156e-42,3.795893936014758e-26,1.3868700202471318e-24,3.6485387694426655e-28,8.350737139067783e-25,1.1232675264915562e-24,1.6330103554222922e-30,6.2052407695772215e-34,5.276166126161474e-16,1.6674621104312387e-38,1.612395951612599e-36,1.806605379634544e-17,3.466440128785224e-35,1.2260644706929936e-32,4.8619111062207864e-32,8.372448021279937e-38,3.071250575493726e-31,6.218120172699356e-27,8.931545183128539e-28,1.6426885365626181e-32,1.005280523682899e-18,6.932331836413809e-24,1411.8929990117858,1.3255958783914778e-08,0.6377366716211698,0.1647500479541846,0.1616184595661249,0.0358932661193073,1.5547392133413337e-06,4.852749163824153e-10,5.352729380703004e-09,7354.221
9.609618032137998e-35,6.232872690152267e-13,2.245637670502857e-33,4.206721425180496e-28,6.962764160842743e-28,1.334889436119931e-16,8.192148364245898e-26,0.002527315594159809,1.1510578139545789e-06,4.99501039187331e-14,1.9178175135498305e-16,7.010465595220907e-19,1.6413190360837836e-13,1.9591407106144737e-10,0.0008036093142914028,4.291982070553781e-50,1.5207211292612262e-15,4.474565981317068e-24,6.044559132629745e-31,3.960405699065661e-24,0.26028352122948284,3.969663691052469e-07,3.9224988249639795e-10,3.3032188910442845e-07,9.62887372089058e-05,4.77326917137298e-26,1.1248165180968303e-09,0.6744503300185386,1.401376781435752e-24,2.9625222083321796e-44,0.01099884691061804,2.0015133920246027e-22,1.1206522067813315e-39,1.947047070689854e-55,3.9418888002833856e-14,2.329340790881496e-17,1.930245101378673e-05,4.64409772910214e-17,9.243502694137303e-16,4.321072038604459e-05,4.94424812932923e-18,8.824213164520255e-11,3.844108219443011e-18,1.417158672249912e-67,0.04922307148019047,1.853148840647649e-10,5.473931448420265e-26,3.518535644124087e-35,4.667981783295128e-50,6.394968324462122e-50,4.485113315556394e-73,1.1656785885179886e-25,1.2625520438549782e-48,1.9569289618736992e-13,4.557772133533355e-05,1.9152820571322004e-21,3.012135822219264e-29,1.90222223498364e-14,2.344208566213961e-46,8.279467225368074e-69,2.125933485948278e-09,2.0278201964365854e-13,3.356487806468011e-34,2.56470396391394e-28,8.625841071338986e-51,4.659268522002228e-80,9.261951452898453e-22,0.0015070433627744054,7.947610538654754e-35,2.5088673651877372e-85,2.1951290283069366e-108,1.0062798385375005e-133,2.0316043187526645e-35,3.2565343658304226e-24,2.0774927711084892e-27,5.93901802445195e-43,2.5648847256528695e-31,8.698618401562413e-78,3.728508849146595e-52,1.6026741125804769e-13,1.589908494614099e-21,6.704658047122879e-29,6.325043940185354e-36,2.593646197594787e-42,1.6897117288089735e-49,1.040548057604843e-56,7.85741376231231e-60,5.46558363763589e-58,3.800293112240493e-54,1.2958867503760607e-53,7.624595643180135e-30,6.4237067027375e-64,7.624513357496068e-30,2.15320000187332e-43,4.591166214615491e-39,4.575086475001701e-59,6.737504677759158e-46,5.232233498638401e-69,2.3324629954039196e-52,3.4485789404132076e-37,1.888004430604193e-61,6.28549129946955e-57,1.4039513348832574e-35,3.780921512068486e-79,2.9485137482875704e-65,2.530550823979705e-48,1.1303699549263621e-73,3.5475035429541246e-61,6.056951301504305e-50,1.2431051208009706e-75,1.2600496861005212e-79,6.9648574881541805e-62,2.0793384380897942e-79,2.834779728954909e-77,7.093574342191619e-43,2.4816055894259935e-41,824.6750606939042,0.0071969664400265,0.3890956384838835,0.0723956041502948,0.5095198141691542,0.0289351730627363,5.377013393124572e-05,5.3789202083233935e-16,2.84766363970062e-15,7694.287
1.6419636749889878e-35,5.495810274196777e-15,4.529123389479419e-33,4.759950388367507e-46,5.226140061298197e-32,3.673198368445473e-19,2.922517805730365e-39,4.710481899222455e-10,8.126654625964245e-14,7.414784228602237e-13,1.0769691268697789e-19,3.282408913236879e-27,5.495057718347402e-12,2.1055649930436924e-13,0.14729746583941522,4.946047799769547e-35,4.719093016373273e-28,2.0545076506226503e-28,3.5086325919391583e-41,1.4673430094605162e-33,4.82838985973258e-07,3.7041672558812256e-09,1.2391101352820223e-07,1.8830167355982855e-18,2.6544744044823946e-11,1.4783446998125316e-53,6.07870524499923e-31,9.490290979225765e-17,6.885699766226321e-25,1.960752992159589e-28,4.960582176209925e-10,7.881146369111891e-23,6.2885845227556675e-24,6.219255558039388e-42,3.1567391390129884e-36,9.592283684818322e-31,2.3246481299345277e-22,2.245241357220333e-34,8.998869663499726e-52,1.4671456959176545e-35,5.1882405900036855e-37,7.668033747658163e-28,5.810521183804734e-64,2.2956881976900123e-56,5.798562664969542e-38,5.054025509445945e-65,1.122165202372588e-25,8.55464744481184e-27,3.1857039647339585e-34,4.50343665046413e-34,1.1738855142317023e-50,3.237449147002488e-20,9.99395848886419e-37,2.0552910314560356e-11,0.06305726548398652,2.713383684160781e-16,7.027451188486634e-21,0.0024147102171480006,7.430439766510465e-30,3.8131409620240083e-32,0.014190475962833802,0.0061627432642270006,8.61337210674744e-18,1.8104575173273608e-23,2.3928884632725946e-39,9.791216809351148e-63,5.519324461232177e-21,0.7668767277398013,1.4962633126344103e-26,1.0036364862081942e-64,4.33202642124677e-81,2.665292185236014e-100,2.2574071656227282e-32,1.3199301964873939e-18,7.402874214220526e-18,1.2059406926426494e-34,2.4486451176078645e-17,2.3738030041752354e-64,2.733756863827878e-31,1.7682603462381526e-11,4.500158424392509e-16,5.393891805564673e-20,2.8422058031701377e-23,4.0201106693999646e-26,6.570045386705635e-30,1.5368795898144025e-33,4.512483426091675e-89,1.1589310868637636e-71,1.885929196281282e-78,1.2930559578391798e-62,3.4385143867064153e-42,9.952898244577454e-90,2.7463525736471007e-36,3.348042415445544e-37,2.4140181831810293e-60,4.673328144342691e-74,4.857301833928826e-44,3.296635630136774e-76,3.0172756051599564e-42,3.416570478643123e-30,1.5531428459970764e-72,3.570763705535469e-52,3.416589778871626e-30,7.117073670090509e-97,4.744275060033515e-66,2.3217660080177176e-53,3.510721660580383e-57,8.463953910567446e-73,5.5134229672656316e-45,8.12342080553411e-80,2.8880173303382764e-92,3.615616518699886e-57,5.822084423723995e-83,2.7833798472604516e-65,4.352401156030323e-56,4.772733842462278e-39,739.6505854926352,77.45317525275269,0.3104235122281196,0.0009776353518427,0.0596088490757387,0.6232470957218263,0.0057429076224722,1.0547769925151823e-20,2.5182800696299984e-19,10166.416
2.5260475157383506e-24,1.8877435700385095e-08,1.3568934264585827e-16,5.992467357374831e-43,9.410995308682618e-26,5.497922795844117e-09,1.85904573272528e-41,1.1489023458149085e-25,1.1703133578092586e-28,9.927999793898634e-26,2.379367915392697e-23,7.782425392861527e-36,1.914233809139263e-21,6.697340193170978e-29,1.0786814956236315e-23,3.425141986434992e-46,4.957356744962519e-36,3.8400003832291915e-34,1.9091591311342765e-54,2.7037299361738417e-48,4.31202421313141e-09,2.51387595333405e-12,1.5195888628568786e-07,5.823988500306758e-22,9.960636403371632e-18,1.5618503868585136e-62,2.1129039548576656e-48,3.532169049124063e-41,2.3275029998149555e-43,5.044625359837812e-42,3.7236557679593326e-44,1.8540950142616552e-52,1.0411646476536808e-48,6.052520955867642e-74,3.1336205493964553e-56,1.7231154999275766e-49,5.804939134536844e-53,8.413447371667405e-45,9.098227435037042e-75,9.534982424081954e-66,3.2188204736587016e-76,4.183963563323821e-51,1.413278537541967e-98,6.381987990166683e-109,6.33481974407864e-93,3.2978769735931987e-113,1.3258067512476984e-24,2.6743059552745145e-23,3.696969147376747e-27,4.9360656349469985e-27,1.9256695201282088e-38,3.3030561269615137e-10,2.463226138940506e-21,1.0955133002555233e-06,0.05808847790320353,3.852192770206939e-21,9.6482766426879e-33,0.9354657420706373,5.995693939759151e-20,4.438773713768799e-19,0.0010605232054538346,1.3284789930969255e-14,1.7087940584748684e-38,1.9521716538737832e-16,3.471699771252483e-27,3.906121037263212e-44,4.82395699257108e-18,3.269302026150136e-08,6.482818811571861e-27,2.9721275883501984e-53,1.1484744588683133e-64,6.82983580267774e-78,1.7077150349917064e-41,3.5118594879510006e-06,5.372049126381973e-07,1.2869344984112637e-15,0.004931790731346449,1.637025677415352e-37,2.185310380880484e-12,0.0004481048788993301,2.9583729204338332e-09,7.669266184599836e-14,2.5426003264512884e-18,5.46050464228044e-22,2.4256539713142553e-26,7.223315580735045e-31,2.9947803792394723e-75,1.9040373081130097e-66,1.00043830531167e-70,5.135077787894235e-63,3.828231719606351e-39,2.58140646509815e-83,1.992937916423001e-45,6.157993257434854e-34,8.757635237639807e-71,8.486216479783099e-54,9.920469813505608e-35,5.207271273895058e-53,7.602710032668125e-31,1.2356197442159958e-24,1.7295257737430392e-56,3.139754126290107e-45,3.762508332227187e-24,1.1117257621654588e-75,5.8720916017680525e-56,3.5074262623837834e-38,2.5360262221583733e-44,6.714839098406817e-64,1.516295714909954e-46,2.5097393605954424e-67,4.7363325762291435e-62,7.913556880312689e-39,3.543815194987297e-52,4.623755254174557e-43,2.29111990167446e-36,8.401451824032785e-28,911.4547720457136,4.695589638585466e-06,0.6762932325738625,0.3213630588107624,5.31346473463443e-08,2.2227400468126863e-08,0.0023436332533272,8.575871017916346e-13,5.681514549369579e-12,10255.37
1.1171304244466906e-08,0.013838918662924884,0.009561311121811494,1.227744232113819e-11,2.6368781382171255e-07,0.5777295016245143,6.102193238755008e-19,2.4666245924715224e-17,1.50724631947107e-18,1.553083319522435e-22,1.145694566949736e-15,1.0055671426124089e-24,1.0552713258551116e-23,3.3858162692515474e-30,7.153656502733864e-37,7.553936991373868e-57,1.3812588719595363e-13,6.8414967825102096e-18,1.962718918619031e-27,1.2643244130154191e-24,0.39847962523959435,1.2723512021418829e-09,4.807649278279577e-06,1.1415106918430776e-08,7.922064245517519e-14,3.235772468192136e-22,3.481977731079004e-24,1.550349388329061e-29,1.0261765866185417e-40,5.2516577545176484e-51,4.7579590551214577e-48,2.1236385664442607e-57,4.523940194836578e-65,7.397255310348904e-89,1.5616933783085348e-24,2.3913882414423032e-26,5.828547832402134e-29,3.317085629396616e-19,4.9902574971465874e-30,5.276203758524667e-34,1.5773398408484843e-46,1.3635586792634784e-29,1.469441861919504e-43,4.408398365130959e-120,3.1727807528276086e-51,1.4965359299326637e-52,1.0214761029150546e-14,2.7192110901773667e-19,2.5549733614338683e-26,3.000624167459956e-26,3.943183190923958e-37,6.938039858974646e-08,4.487024747360167e-18,7.92792151990321e-08,7.251968021088351e-08,1.6784833350875483e-21,1.544081735150731e-32,3.864030250062734e-12,6.909875373326286e-26,3.0924071749041284e-43,6.452842343412714e-15,3.07125793403358e-27,1.0207009886867574e-51,1.0799564087903868e-07,4.474433911992201e-18,1.481813501068686e-31,5.003068550043867e-10,0.0001683067197089598,1.8578475218429905e-18,2.166124464511942e-40,9.840283519889731e-52,1.45226735083223e-62,4.763882224023716e-25,0.00018485715977461113,1.2623875819605503e-11,2.2048489918397887e-07,2.0471270591240957e-08,1.0255237549210916e-22,1.4298969407447895e-18,3.180244407362686e-05,1.73954679048051e-14,2.8096366595773057e-23,3.3710767346266256e-33,2.0030278366832515e-41,9.660878532826671e-50,5.260632996110793e-59,1.4866553852660078e-21,5.420341792753522e-28,1.0971687524818517e-27,3.2797262780356243e-34,2.7724166234573233e-18,5.127705556035429e-30,2.1957912084626596e-23,6.760657229917535e-23,1.3506316017507997e-31,1.2045677006859853e-18,3.294092432119712e-20,1.2891872610975054e-22,4.7763974151586706e-23,1.1624128882750859e-21,1.2513658783306526e-27,9.759583973281427e-33,1.7798992453525595e-26,3.769470416806004e-25,2.0799706383844525e-26,5.407038717195619e-13,2.5657737979549775e-31,4.9089999634931475e-25,3.496759261700513e-27,1.483588413021064e-31,6.963221705579388e-19,2.0324278819457097e-18,3.4122296198193456e-19,3.4352660024293605e-25,1.117076833271745e-08,4.797719731763659e-15,1956.852839218951,5.49131402170395e-10,0.0098931859488558,0.2918095040371997,0.2848333723995047,0.0002408947678614,0.4132230428465782,3.443999706297474e-09,2.3615997986039825e-07,10433.941
2.3189661945097062e-29,4.044036816729874e-13,4.3697798285721486e-29,5.715427159631925e-21,9.972022668340223e-25,9.742710657272724e-15,2.7344084473288695e-19,2.9571451003861273e-06,2.1490852388835986e-08,4.840884105727602e-16,1.5027269067506473e-15,9.9394355961819e-15,5.1781205223506236e-14,2.4146753222482513e-09,1.963924142003264e-05,2.8528396378773353e-41,3.0483174180088567e-14,1.3386750313537746e-22,2.0047472541515658e-26,6.912221940146605e-22,1.4680069590593452e-05,4.635634495553937e-09,2.1794155292994686e-14,2.439326773500138e-06,0.00023506548099760005,2.147689884778032e-17,1.372941317514834e-06,0.5217083837304872,4.595664160270057e-22,7.874889982006712e-41,0.012667021393310203,1.0621573502620067e-18,5.153288290173057e-35,1.8744456612430315e-43,3.40276117618279e-11,8.123285340207549e-16,1.4227777361121593e-07,5.305622281844164e-14,1.2066406450516445e-08,0.18306900880237711,1.4848527446213704e-16,1.0350821137476726e-10,9.682601491292822e-09,1.4878133750701596e-53,0.20688925637497155,0.07538990793673732,2.859783408836887e-23,4.833855650157014e-32,1.0777568644908079e-44,1.3528175184148032e-44,5.04993137945019e-63,8.22444411185033e-24,9.562956420399679e-42,2.023301862953936e-12,7.376732492545791e-08,2.599013055648602e-20,1.3429725072343707e-27,1.5998414847924423e-16,2.2651692404182732e-40,1.6095615457876897e-60,7.327320511169414e-10,2.9079503652438497e-15,5.240717836887566e-31,2.5925093655999562e-27,3.809115628712071e-45,1.0395003425545609e-67,9.809538435043479e-20,3.426876549865269e-10,6.856768993486435e-34,1.2155792438463877e-72,2.618857184099793e-91,1.183951667401502e-110,2.4865145702474055e-33,3.32288740341656e-22,8.624317789973012e-24,4.746550208114595e-38,9.99245874214446e-30,4.636075383435423e-64,9.764740868889417e-47,6.0823358829600044e-12,8.243090411766673e-17,3.715561306748291e-21,5.484078532869467e-26,1.386322857467796e-29,1.3825438981506327e-33,3.988081537943276e-38,6.327157566266593e-42,1.2211181865674022e-41,4.228329414557625e-38,2.1485502142111526e-38,1.9935267891065107e-24,4.027988613898171e-46,1.9846229613666775e-24,8.637164953907227e-37,8.826027026560945e-27,8.285228119671125e-44,7.625981116334711e-36,1.5304421269045628e-52,2.023281567527633e-42,5.723687640864211e-29,4.122266817178646e-45,6.51046660127662e-43,1.4636223140629408e-30,1.1793215597547446e-58,3.3308318917577427e-50,1.4660983650398935e-40,5.134744124840662e-61,2.083390814677583e-48,1.290279129016666e-41,1.3482770672314883e-60,7.212431350649531e-60,9.032659504844451e-49,3.98529184625795e-62,1.793327061813474e-61,4.489094518003388e-32,7.018171075362662e-32,1225.800559668663,45181.01497664577,0.2829263571651597,3.2531540790150963e-06,0.625311309207191,0.0916543936638921,0.0001046868096781,4.494988457490128e-23,1.191171941234884e-21,10513.76
5.357042185983998e-35,5.612827552038541e-20,1.554432369367621e-12,4.0456471409907465e-39,1.040279164070505e-17,1.5675125226693668e-08,7.52330880345778e-43,8.845743383647587e-14,1.1484399147222752e-16,0.0009724761671788014,3.2715381735915735e-15,1.3230466441738928e-42,1.3460832674800424e-18,4.161094221255419e-41,2.6338863830764845e-41,7.64506891854951e-43,1.3245842724554629e-18,1.1217269731107497e-06,1.2505459798375443e-22,1.1173130807597415e-16,0.041468652095092665,0.041468652095092665,0.041468652095092665,4.7721587194819304e-12,0.041468652095092665,5.029871953594191e-49,1.4996192029977993e-40,8.900841068774487e-39,1.1088511564684008e-20,0.041468652095092665,4.4662725725352905e-52,4.918397172636796e-50,3.701931597132125e-26,4.110789893186468e-71,4.0759361722640315e-29,1.7886703751265547e-12,3.4804847023190514e-12,9.252741999173047e-22,7.56051361368632e-52,2.6454800946044024e-48,1.4790617105747606e-15,9.32367670394609e-09,6.508529044969516e-66,8.94144378370516e-67,8.134585690701723e-33,4.537457296092823e-71,9.09887475132414e-22,2.1123025725558986e-10,0.0004830324352227007,0.000639980232007801,6.839876641803531e-05,1.5686818879443817e-11,3.413018047635237e-12,1.7846068633563458e-11,6.929916181265198e-19,1.3019826554323524e-23,4.637479065928894e-21,1.365264979397171e-07,4.698792570883412e-16,0.041468652095092665,8.693088244545185e-14,1.6690237452892068e-22,5.140082777776779e-37,0.041468652095092665,0.041468652095092665,3.255668262115088e-05,0.0018230952803054026,0.041468652095092665,0.041468652095092665,0.041468652095092665,0.041468652095092665,0.000706529852096001,2.4996788279666598e-05,0.041468652095092665,0.041468652095092665,0.041468652095092665,0.041468652095092665,1.407171735955033e-12,0.041468652095092665,0.041468652095092665,0.041468652095092665,0.041468652095092665,0.041468652095092665,0.041468652095092665,0.041468652095092665,0.041468652095092665,1.1266634000190219e-65,1.3018460955323917e-66,1.75376856044303e-66,1.8991045379801627e-68,8.305815359874189e-26,1.2187837836577198e-59,1.9265082997040226e-32,6.591712106877653e-15,9.262771632060885e-62,3.6097593551986065e-59,3.674095265574872e-50,2.992901403684946e-48,2.913552906889845e-36,1.3605422091732974e-33,6.201609830889258e-67,1.7520383961274263e-65,9.87221483087423e-31,2.5753565753142705e-61,1.1290766413278193e-51,6.59174589127168e-15,3.362403592485931e-20,4.201359620419824e-36,9.634778696143264e-29,2.617475988776565e-29,7.798560980921204e-52,8.482697353744207e-39,3.747714590472046e-32,9.016685594473789e-33,2.5145735387819022e-30,1.7468456105863256e-31,941.2859518228134,1.6805302159109543,8.908548860063121e-08,0.5052250183086936,0.0001938990528208,2.16215235245484e-06,0.4945788314006445,7.375751725478695e-20,7.279546268189842e-19,10822.952
4.0007325165717426e-29,1.1618400247252143e-12,1.6549476693156314e-29,1.1503780731051683e-21,1.6881139482820007e-26,4.5312325213762344e-14,3.521499813599904e-20,4.976261890510362e-07,2.0277944858265144e-09,2.813906056407403e-17,1.5592865477510966e-15,1.9099673472219003e-15,5.005894409677475e-14,9.624552860069193e-10,1.37019564900731e-05,3.745001324285977e-44,1.4156889224414649e-15,3.046232366556792e-24,2.744933587463171e-30,2.8150427485024946e-25,0.0003784957260830999,8.002231987631082e-08,3.008237835415518e-13,2.0570937563080447e-05,0.0050844282176651994,2.3321487430254232e-18,1.0293041192208887e-06,0.8607820707000093,6.046896146264507e-23,1.9270249381246255e-42,0.004391225993759299,3.3843136232053723e-20,2.8987493157801835e-37,1.3527893149000374e-47,7.951001014580367e-13,1.9918875053109655e-17,5.277975827602992e-10,4.521876357502755e-14,3.112095242382411e-09,0.11756332093750158,5.749716342492662e-20,2.2039931064713784e-10,9.100458923471733e-10,1.4045974986171334e-58,0.00025147286848569995,0.011512740714104798,2.860083879770874e-25,2.125167096297822e-34,8.675843392308481e-48,1.108832621955695e-47,2.2791867537801896e-67,4.820469208639559e-24,2.6877760311536326e-43,6.764704297376952e-12,3.5477215937914586e-07,2.663080925675342e-22,1.4909617051387888e-31,2.956579367446119e-16,4.6532753673368004e-42,6.361246680337322e-63,2.377915817393651e-09,5.928956223442913e-17,6.220615057178228e-36,6.664025979611693e-29,5.653032023214808e-48,3.2729713907192767e-72,5.903432234989516e-21,9.013849811927183e-12,2.521411992276862e-37,4.527209215810718e-79,6.269338048092805e-99,8.475665116033083e-120,1.3598379007429988e-38,7.770952017647635e-22,1.909177517985491e-23,7.22595839492936e-39,1.5314144267215356e-29,5.4427169788779856e-67,1.2694368323184476e-47,6.686361783255052e-11,4.1141697279950563e-16,8.800014856643932e-21,9.203480057049472e-26,1.2382348643037474e-29,5.431012029050632e-34,8.83160910801281e-39,1.694474744823943e-45,1.248942311565907e-43,1.3231404593555862e-41,1.8263661677858373e-40,5.515692341972888e-26,1.588120197525607e-51,5.437552996707461e-26,2.7641423839564633e-37,7.156689978692243e-28,3.35619786540713e-47,6.802532705025898e-37,1.8805110380102366e-56,1.0354922763565069e-43,2.5725473940504353e-29,4.737195911647698e-49,4.1212276063745654e-45,1.005832151954654e-32,1.1340886609469094e-64,7.904045311903307e-54,3.455570811293546e-44,1.113953470196012e-64,1.1488378572751434e-54,1.0846695035210615e-45,1.330110317965842e-67,3.8105920921577624e-64,2.0988522303534483e-50,3.7359908271958473e-66,6.167813514340276e-64,6.71761633368822e-34,3.626116947349775e-32,1112.8764740841482,309.4224406847146,0.4624649472350038,9.429604384060284e-05,0.5347773576321387,0.000125400854959,0.0025379982340579,1.4400448728557812e-20,1.350662777299215e-19,11546.38
2.0716408470672628e-20,5.0722577044127304e-08,3.153424398957954e-13,2.8030696061353473e-22,1.7188610863628092e-14,3.319353977089886e-07,1.0088568528435824e-22,2.379656188173976e-10,3.999668973190964e-12,2.2039892778382212e-12,3.253251860901392e-13,8.077751911136135e-21,4.910259897467389e-14,2.6921150342119874e-18,3.837961672923762e-17,7.48208045279427e-35,3.985304183021024e-15,6.030381626858749e-16,3.931219112272696e-24,2.8108597372399985e-20,0.007651825246962002,9.487931611910795e-06,0.00034385308378750013,1.1497695828471392e-09,6.217728275453144e-08,8.476262378538219e-29,1.3050345059364097e-21,6.298838015530319e-19,3.2867352986144136e-24,9.515053681213336e-28,2.2741244092953438e-24,7.407181245939125e-32,6.86044054243048e-33,1.7253508391688896e-50,4.039093593892785e-22,1.091280164523141e-19,7.82322407730461e-18,1.2960654487739927e-19,4.4053986904728545e-31,7.11180413354201e-27,8.823116299421607e-29,2.723110581094727e-20,5.201000251645157e-41,4.39448008591677e-66,6.372139670021418e-32,6.67973814670875e-45,4.1430992266465625e-15,2.790209948445056e-16,8.911987093612385e-21,1.089890053647673e-20,3.3240783641275155e-30,1.2341180408825097e-10,1.418623662260323e-19,4.366237225160883e-07,1.7156308117890956e-05,1.428304144343013e-14,1.6754307530976147e-19,1.784751799672065e-06,2.0933186184799237e-20,5.296581865761668e-25,6.506094321013613e-07,2.332499982634989e-12,2.6393491349276253e-26,2.9358267970853017e-10,3.2636598918903395e-19,2.9119488700629234e-32,5.799670791687342e-10,0.9918450025644587,1.1825010520936443e-14,6.780350843734498e-35,9.6256690360718e-45,8.598056051346212e-55,5.060860430031802e-19,3.698342892827548e-07,2.257390023191222e-08,1.5456333000855452e-14,2.4934428080455503e-07,2.118543498539427e-30,1.0638832174648437e-15,0.00012870196262670006,1.19322810671917e-08,3.4801650847636063e-12,1.857990685131903e-16,2.574025341411204e-19,1.8590385722683055e-22,2.7016350601931134e-26,3.5051481589011464e-40,5.828623724414499e-40,7.339107407332772e-39,5.171298610128398e-39,6.374955251571881e-21,3.217512764583937e-42,7.224986547188352e-24,4.104839111667555e-23,6.873219569982925e-37,3.0326715555023302e-34,1.8997013991216054e-27,3.779781284969987e-35,1.347691374890529e-26,2.8940476648966282e-21,3.6921543449812006e-37,2.961233709041962e-35,1.6410912197567117e-20,2.2145162477785824e-43,3.60933730391231e-36,1.1419268984291477e-21,9.281283296252723e-33,2.7877749834232958e-33,2.0027856021713114e-27,2.682876671155293e-37,1.5420989347596455e-39,4.826434835821936e-30,4.466386884021428e-35,1.8433848196214618e-34,4.797996861349933e-22,7.488633273585263e-22,1437.0444316745095,0.4269963019178603,1.983266767030051e-05,0.0041757119586535,0.0040022539891319,0.9916676611510556,0.0001345402334886,4.6465365504735465e-19,1.7842700353818414e-16,11600.817
3.21385411675094e-24,8.343090401458947e-11,1.3140641680715184e-07,1.0361739568061914e-52,1.629208857147177e-20,3.1489664365601626e-16,6.1894422029060994e-58,6.296385709458448e-41,5.93890897458842e-44,2.7737214769623436e-36,6.13795631889008e-35,5.584388474344183e-59,9.999142209787328e-40,1.0825609691092474e-58,3.837990103685116e-60,1.8296109103903425e-73,1.1183934874665194e-44,4.6344772458595847e-38,3.1523755961805734e-62,5.1668997507685805e-56,8.345704468853691e-14,1.1493620820195859e-28,1.5914151304583167e-07,4.114980835426405e-43,1.9883631813900578e-50,2.8372080919276176e-86,1.0150454870097438e-78,3.858017905318376e-78,6.29129600490488e-71,3.760892262464146e-60,1.3791730662593906e-94,2.9379665782500397e-98,4.5546374550071704e-85,1.049903378136267e-128,7.381103100822597e-79,2.3988113992973515e-67,1.6999666584557613e-74,1.1824559365108886e-63,2.10941989434326e-112,5.127224995301873e-110,4.6893631811578304e-107,4.460287870594315e-79,3.2837083413592883e-150,9.656247211772293e-165,2.087770544721177e-142,9.656247211772293e-165,4.3702198228409495e-26,4.638913418717667e-20,3.008359465504945e-19,4.0264983660071054e-19,6.279559305529376e-26,6.922866896899913e-08,2.022781764378714e-14,1.2266431362651626e-20,5.6139900887474214e-11,2.60205943405975e-29,5.668608932783378e-40,4.665849604523414e-05,9.657054593881712e-20,4.94370388474896e-21,2.41689127831693e-24,2.0105751929326483e-29,3.122264183401839e-59,2.0958063963509184e-06,1.4974917487594152e-12,5.936697940838925e-25,2.4571716987013664e-24,0.09518070855911427,6.28622953455698e-16,3.974144514792277e-33,6.274667475591783e-40,1.3756396067440816e-48,2.558040794331409e-34,1.0770399158832619e-08,4.0699636997725006e-21,0.06476161731222586,0.8399927897098989,2.5331422893804477e-19,1.575942814848842e-05,7.153850247500981e-23,1.058308513036693e-39,6.192943583827121e-56,4.888725886735925e-72,2.4064623695971993e-87,2.3892159435994824e-103,1.6432377731852427e-119,3.418987427285705e-81,1.3878383535884474e-80,2.3819734632814936e-83,7.444461311439172e-84,9.728872780749243e-47,2.6667814534579177e-88,2.626896725187941e-58,2.4465691123394694e-38,9.583736971265619e-99,1.8363172110045743e-52,1.7308160986540672e-41,5.634812427998478e-47,7.218761848433837e-33,6.629454767382509e-43,6.467629397121564e-62,7.8746488928146485e-59,2.903609132970877e-31,8.348537308988675e-67,3.609730354973679e-55,3.2138528022276056e-24,5.310232913433327e-34,7.426479690106729e-54,1.287729584478102e-44,1.2990618755839894e-52,2.242433091550485e-49,3.312665424143375e-34,1.062266676449472e-34,8.808837213549534e-34,9.742137005722233e-40,2.251052552620131e-39,902.385553671532,1.2902288165116329e-10,3.2883193415077564e-05,0.6371780325861529,5.6042839202007014e-08,0.0670352638426447,0.295753764334948,2.124373929139305e-08,1.9409052716227284e-07,12208.457
1.31439077106328e-41,9.088820744052013e-24,6.535627103931797e-15,8.573761643222594e-44,1.41394424085392e-18,1.8126465989291194e-10,5.1742109480410373e-48,2.2898037270647718e-10,7.3889155518649e-14,0.028730344232434528,1.1461415307543282e-14,2.275880967191377e-47,3.810822350718472e-18,3.986294552122726e-45,9.227168598137105e-45,8.880779066159583e-46,1.5636213430930746e-16,0.028730344232434528,2.3562253622732473e-18,2.9787396890530896e-11,0.028730344232434528,0.028730344232434528,0.028730344232434528,1.776895030195115e-11,0.028730344232434528,1.8783059907627996e-52,5.697729328651437e-42,2.237665985939555e-39,7.889448211285394e-17,0.028730344232434528,2.346231231522178e-54,2.822745150524768e-51,4.408921865056514e-22,3.3185493696122986e-75,7.65190072793998e-26,1.2706468685876894e-05,0.015263171744259516,1.7227400412491202e-19,1.6724522828516722e-52,5.65972340015319e-48,0.007892390731046708,0.028730344232434528,1.0956717947194947e-65,4.369342857791276e-62,1.592458599620784e-20,1.990012922398408e-68,3.2742655089400647e-23,3.5138909611731856e-09,0.028730344232434528,0.028730344232434528,0.028730344232434528,1.774320206014581e-13,8.545566876682203e-14,8.813170531204209e-14,3.640864396373471e-22,4.691281973058963e-25,6.055736776758428e-19,2.3180995594808356e-08,5.35003266477763e-18,0.028730344232434528,3.80520163792047e-16,3.03921030059521e-23,2.9627296449790206e-37,0.028730344232434528,0.028730344232434528,0.028730344232434528,0.028730344232434528,0.028730344232434528,0.028730344232434528,0.028730344232434528,0.028730344232434528,0.028730344232434528,0.028730344232434528,0.028730344232434528,0.028730344232434528,0.028730344232434528,0.028730344232434528,5.996989875829768e-14,0.028730344232434528,0.028730344232434528,0.028730344232434528,0.028730344232434528,0.028730344232434528,0.028730344232434528,0.028730344232434528,0.028730344232434528,6.105241964005375e-75,9.420828754128143e-77,1.3087674199672866e-75,7.984100518871626e-79,1.0472624260004382e-26,4.883343970901202e-65,2.8667230410523946e-33,2.1565678108069014e-14,7.564851598484116e-68,6.651489157524123e-70,6.190395406730333e-60,1.0077979793010839e-56,4.1476987310174334e-43,2.3310846539688134e-40,5.240306759604036e-79,4.831505299051544e-78,4.87894791452729e-35,4.447593785309655e-70,2.3461412810395442e-59,2.156567758513643e-14,6.3492194584407876e-21,3.624335570124254e-37,3.143413086260393e-29,1.258888000937252e-28,3.6315504220764245e-61,1.918610905690159e-46,2.289874661168973e-37,6.796555464004053e-39,6.210096214764482e-36,4.546503958102604e-38,792.35538260211,0.559047817184163,7.46617310714826e-08,0.5910300220390585,0.0180941113826283,0.0023341126651365,0.3885416792514454,6.746467221819322e-20,1.040080363363812e-18,12916.213
2.473688366611444e-13,0.004603734644981129,1.7232672212441182e-17,5.123201833853865e-09,4.317432558275764e-10,0.01933521025150675,2.088682462782952e-11,4.226403999070313e-05,1.602083288968618e-06,3.7407762291031963e-19,7.567926277720646e-16,5.727667488769097e-12,7.709615754163252e-19,4.160483840546431e-12,1.6424846981035437e-13,1.0604552799561511e-52,7.008110354489026e-07,6.359693047553216e-20,3.1759015353863156e-18,4.9738947022338056e-15,3.187074122173754e-05,5.581379446924267e-10,7.57423562144696e-19,0.8405339761054673,0.09716390957428396,1.0800961849833621e-10,6.728246167610783e-07,6.652289887308416e-07,5.971059557744136e-36,8.569875065511047e-64,7.88445998889523e-16,1.6156181360544738e-34,8.754844628647647e-60,1.6571724730581494e-66,5.725571888320666e-09,3.099794801809404e-19,1.8556597267674022e-09,2.0054361613807452e-15,4.693824010390328e-09,1.2767830909167347e-07,3.336188805328433e-27,7.609520634066628e-25,7.326918441324245e-14,3.32039184089547e-97,6.658922772938081e-14,1.4378796472052432e-13,1.3018497628301673e-12,5.955308982717499e-26,4.544706685930893e-42,5.4187506914677236e-42,2.1401934932339564e-62,2.1687325682125506e-17,3.834967650248943e-37,0.00024223038067736885,0.0044743487293661685,2.6056678231744593e-14,2.2446457829816726e-22,3.737923326592341e-16,5.3652874099307745e-40,5.23837827729617e-71,2.2787372451665608e-06,9.883215547247836e-15,3.143083858784286e-32,8.617102799599403e-19,1.1374988667062393e-38,5.085556911194274e-62,1.8745056945043743e-08,0.016322132028979714,1.7367295668030514e-26,7.592119871458965e-68,1.1498814368078198e-88,3.113903883031697e-109,1.617422070008851e-21,1.1995376255980038e-14,6.170159791221363e-18,6.422282978615678e-31,3.1566133860485063e-27,1.7875063600071542e-56,9.486032195288648e-47,0.017244200625674683,3.823982669678142e-08,2.5548230949514703e-13,1.7730732606217098e-19,4.790006694589093e-24,8.889176596948314e-29,2.3166060974602385e-34,1.981005987817793e-22,2.515991717178815e-25,1.9948435764488567e-23,1.650572703316917e-26,6.876659170782079e-21,8.459738802560967e-28,9.490182499541618e-16,6.316233521726995e-36,4.67490763404527e-19,1.9984328378784202e-23,8.127891243337051e-21,2.775155393582448e-36,2.6064845179260664e-32,9.254918378662637e-18,8.670817956753512e-28,3.1841732478867506e-29,1.52017775375055e-28,1.4505804438912583e-32,1.3079630792651473e-29,6.832189624582796e-27,1.7350994363823793e-51,4.880202259677213e-28,3.818292070929552e-26,1.1683298049078648e-43,6.206956711624236e-38,4.772068899793786e-33,1.6867290972390484e-46,5.6787679802232024e-49,2.486696167934495e-13,3.4217654479226975e-16,1725.6660437043004,7.377650591857971e-06,0.0066782075833592,1.537201163985221e-05,0.452343998774351,0.0157668212009606,0.5251956004296892,5.167038569140973e-13,1.462917794888038e-11,13234.478
3.6439282317800364e-41,8.955056332134771e-19,2.3765537523651238e-35,8.460472097556115e-37,2.3308709384524481e-32,1.6597521928828618e-23,1.4908685361315585e-32,0.00016778144063010007,4.603612661203345e-08,7.734638188569515e-09,1.2853977311353844e-15,2.4298215163923937e-23,1.3880600378665268e-10,1.7313209964782045e-12,0.0015514130004135006,1.2180875324625135e-38,2.3984818822124915e-19,2.272324011049367e-21,1.6621770291983478e-31,2.8638265650498933e-24,0.21787925067229427,1.8301027584620873e-06,0.0011380536333544004,1.3488883199411025e-13,7.054967581609864e-10,1.0957828971924065e-34,1.897538418536478e-15,0.00030959097126220017,2.5590025364722415e-15,4.359683491367583e-22,0.022909439312715812,3.0662960859879187e-16,1.4199290647325636e-20,1.5665277392753673e-40,6.870456208190995e-18,2.5075348605930603e-14,0.0001926785289317001,3.906175219593162e-18,8.67319256135364e-24,1.2799332190987333e-10,8.133211893971926e-11,0.0001974116701678001,3.055175422915254e-26,2.7728568755930168e-39,0.7345498719714185,4.495038261941581e-18,1.538729456203445e-28,2.840656336060588e-31,5.09725760471002e-40,7.09806745852993e-40,2.3439816348392364e-57,2.4100058804127777e-25,1.0711108767752733e-42,2.4327576482686684e-18,1.369496903946112e-08,7.3392115050606265e-22,6.266158464867997e-26,1.4370779779701195e-11,2.0377461292392934e-38,4.75217392780278e-47,3.4480495771074213e-12,1.912464351931966e-11,1.8093430736330037e-27,7.26859297419143e-26,1.185835752213273e-42,1.3144292093622979e-66,7.21620757999687e-25,0.02110261013785051,1.5718636179110156e-28,4.1438529829474075e-68,1.9779141396282858e-85,2.507599205435962e-105,4.8599463577928355e-32,1.3024515057664307e-24,6.1275169802531205e-27,1.6577717726102638e-38,4.212850453048596e-25,2.0221230119075147e-68,4.211621303041074e-40,3.2468082799187856e-19,1.2489039414602378e-26,2.1525046648564828e-33,1.1806781202832531e-39,2.189045673745073e-45,5.460801890276093e-52,1.5989400557023293e-58,8.811988926891806e-73,4.2682694435110054e-66,6.5275296115014255e-65,1.1293527401912789e-59,4.0027327642265964e-32,5.062786523328421e-73,4.0221745170821046e-32,1.2078068444743848e-36,4.3016128228880944e-46,5.098194902918161e-70,2.4380829673585864e-51,1.1913759272662085e-73,3.0115011281493555e-51,3.869982320674772e-41,9.337125393796732e-71,3.000148535483667e-61,1.955875712194226e-34,4.41709024145462e-89,1.236217440824356e-69,2.17303161763891e-49,1.533258196879794e-64,7.225551572645739e-66,2.9056703965801775e-49,3.3794370918343956e-74,1.0239921386718144e-86,3.3776126474844803e-63,1.6398280584810068e-79,1.514647622306804e-72,1.0650110114401997e-53,2.3814378473601224e-47,778.001973565715,21861.195845516555,0.0195796422650228,0.0437865596030934,0.636503150170619,0.3001302843632809,3.635979839807451e-07,1.7197166579085885e-22,9.728682807597157e-22,13521.975
3.470651737755599e-21,2.116369108536727e-06,8.745778691921802e-13,7.537303012128169e-32,3.773536582541289e-19,4.201923593822885e-09,1.764699120499236e-31,2.6962165125116656e-16,6.873447734356642e-19,1.0646255719662955e-16,7.006815795034161e-16,1.4544325672636402e-27,2.3355828023016897e-15,1.4561323662415598e-22,3.5862190740852357e-19,1.6655517663357087e-39,2.4496472957405853e-24,4.904945484252371e-23,3.6728383975114473e-39,9.137469383668807e-34,0.02093959952113037,1.2186977043044702e-08,0.16628200045433353,1.0559436285298143e-16,2.13595619346889e-16,3.1697208603082765e-45,7.3763015090706354e-34,1.2897469313513987e-28,3.2212908610605037e-31,7.181372590601001e-31,2.2394096953067712e-33,4.1283521987238165e-41,2.4125982771350554e-38,2.3828992284915723e-62,2.715032141915115e-38,1.1697284909134414e-32,3.5270171605119944e-34,5.4206923811184174e-30,2.9027044793791356e-52,2.5461142537224666e-45,3.506246431695143e-51,3.1586527999187705e-32,1.2954862285741245e-69,1.549664448629755e-86,8.027786998885274e-62,8.345754935986599e-79,4.57723350790953e-19,2.885966003391191e-18,4.931696802977983e-22,6.396416851332237e-22,2.0770040779160672e-32,3.98108645889862e-08,3.1236383980982133e-18,5.2686118419899e-08,0.10760748103670936,4.771112679737104e-17,5.928577195006297e-26,0.6800263872280963,4.614634942721582e-18,1.7344430093576634e-21,1.9862312862438785e-06,2.041418498143107e-12,4.902453466496252e-33,3.447502456422625e-11,4.787592791784441e-21,2.0236774189230244e-36,1.3983814657707974e-15,0.02498192986044403,3.631930336912932e-19,6.664931822940017e-43,1.657751970462021e-53,2.1582429580877528e-65,3.3977450478831864e-30,6.810685257133214e-07,6.07981726046192e-11,3.008444059390797e-12,0.0001576620249945654,7.257856827772609e-32,2.930609814684601e-13,4.721799138528177e-08,5.822238743264186e-16,2.5945869527236897e-23,7.825315812712971e-31,2.407459174748006e-37,2.0697151041437746e-44,8.062485453759382e-52,6.585496723873629e-59,5.71972344958557e-54,6.404047926064053e-56,7.861551622003722e-52,1.6757824652501812e-28,1.7513810048636375e-64,4.8028838313984825e-34,5.639403554767173e-26,6.002393804769387e-54,5.87161647378927e-45,5.807767622547415e-31,2.0588661967127607e-44,9.2713431234477e-28,3.0710892618337585e-25,3.2785844640789213e-48,4.5276768528305334e-41,3.471019996373478e-21,1.1647755589636368e-61,4.3449001781579517e-47,5.070883936184538e-29,1.554967328245575e-37,6.519413616954576e-50,2.229849540042044e-37,3.105238511385519e-53,1.9171988756916914e-51,9.032723921854348e-34,4.935465435625195e-43,9.309232191290726e-38,7.557352382175955e-32,4.431932158344982e-27,1035.500223538913,7.757011171306339e-07,0.5534319837134296,0.363181607464335,0.0657778340724588,0.0175521919464973,5.638280327904067e-05,5.5291741768760205e-12,4.6260757279862706e-11,14039.679
2.9222727554036067e-41,5.840714509279557e-20,1.5818852694652835e-35,7.5455565323345295e-34,2.4663477645360273e-30,3.61812907831086e-20,7.117676728592665e-34,4.96093573747389e-07,1.4071779878710031e-10,1.1507610990247321e-14,2.5767762664894934e-20,5.913907439851248e-29,1.4574000677549114e-19,2.1075063142812864e-22,9.541708233273964e-18,2.4034983747456282e-59,1.4654291840698518e-17,6.839358969406716e-23,8.929165729507121e-31,1.4438578231856202e-23,0.0695970134402182,1.070203262704888e-06,1.782235465359904e-07,1.738524142440405e-10,1.540535746014456e-06,6.192590904755972e-32,5.0035302136360456e-17,4.065279389496312e-10,8.68346033514293e-28,3.6503373226592654e-41,8.960793533916432e-17,6.509302077103044e-34,7.42330252752794e-45,6.068887998295506e-70,2.665250073352859e-16,4.591972040911649e-16,0.000522694378889,9.271767851411831e-19,2.85689586534658e-21,2.0786025850270772e-12,7.259100113429246e-14,1.2846029785185661e-08,6.5016979093647974e-24,1.0070468354885987e-75,0.7928136688073453,5.682506385794654e-16,8.758606107541686e-31,8.025980088292245e-37,7.510058759833701e-49,1.0446728742672768e-48,1.9278708442826671e-69,8.164567203387264e-30,2.0463525845489744e-50,2.820338263867653e-19,4.52591194727237e-14,2.177001555687641e-28,1.5169838346954957e-33,2.3782011694635163e-20,2.067015449413195e-50,2.121368075440585e-65,2.0890897169147266e-17,2.8438042454724197e-22,1.3534014159121245e-43,3.556417114089102e-27,3.2362521651679876e-47,2.1168086533316536e-74,1.2718916486231063e-22,0.1370633247480799,6.174192207741391e-31,5.419572581650583e-77,1.431663397915158e-97,1.050306893228256e-120,3.232056285401355e-32,1.3989044958525908e-24,1.182029335023953e-26,5.508008857802819e-42,2.193860689916623e-28,4.2064116742019164e-75,1.1955733633014683e-46,1.2068614439894132e-15,8.696736078117895e-23,2.79816223529358e-29,2.7997492910465327e-35,9.626457320402602e-41,4.502213514247941e-47,2.436644520779443e-53,1.8431598529373032e-66,2.822960792589253e-66,7.060777060196214e-63,3.943969358708102e-64,1.5823697397669793e-33,8.497905252466985e-68,1.5823702248364875e-33,1.4683529072622857e-43,1.5450646272865795e-46,8.875581274971964e-68,1.2131992773622879e-55,1.0528238870516721e-74,7.333643966193341e-59,3.1480664170006255e-45,9.11766990649512e-73,9.067115037480587e-70,3.732410019465858e-44,1.3146283878944837e-83,1.0447616984562199e-70,2.2315861166793875e-47,2.918887108699619e-72,1.3980224503417608e-61,1.6411073876894942e-51,3.412549646397037e-73,1.8205071897800455e-83,1.6492086678670057e-66,1.3360795311842974e-79,3.9090848762565614e-79,5.175895853096013e-47,3.680175779383924e-47,780.9006973177259,21.88693390801438,9.609399347551572e-08,0.013456558199104,0.626766298920564,0.3597762441402358,8.026461026431808e-07,0.0,9.35939461330671e-19,14663.475
2.110953895069683e-14,8.146826356718502e-07,2.2270857259928272e-06,2.109360926377627e-24,1.4057336391627794e-10,1.4223780962177723e-12,2.060108461360139e-24,9.166155273424261e-16,7.375478947332091e-17,2.310122984770651e-13,3.399987440425187e-14,4.423502160524157e-23,5.192758109720045e-15,1.6760111761638587e-21,4.338035386249292e-21,5.447085240044708e-25,5.901198535330397e-19,1.0076528607997582e-15,1.7165058440405423e-24,6.63110006183054e-22,1.5958003867493068e-07,5.341373199832185e-16,6.37381355513494e-05,2.7426801291962463e-22,1.0500700604030266e-27,9.74555069816444e-37,6.683724533280326e-32,3.3036460553952155e-30,4.311368109432087e-26,2.9045901994526944e-21,5.403383559818357e-34,1.8520009526613612e-35,5.40069796633654e-28,7.347429891924092e-44,1.2484373201402825e-31,4.47376033407892e-26,1.4142445628305277e-28,9.185701543570426e-27,1.267104631015765e-46,1.338495931986798e-43,3.6407861961490692e-40,7.913013152722922e-32,8.425267691847309e-62,1.237356754819312e-63,2.3551165163361178e-54,9.10874125282756e-73,1.0997805227163415e-10,1.043635212706863e-07,5.41195427467426e-07,6.299762430776824e-07,8.112832689119488e-10,0.00020524201473890013,1.3705713258803e-06,3.5961324072615324e-12,5.213996235540065e-05,2.8233752839760793e-10,2.857326625202895e-13,0.10416022235324787,3.9129732731149987e-07,1.9716067360193293e-09,4.720420766601736e-12,5.955811216290706e-09,1.4323396309245688e-17,0.0011203571023290007,4.384474864614998e-06,2.263732465810299e-11,1.2144524386667493e-13,0.892443104822053,1.8639349597173458e-06,3.450730544653221e-12,1.453874117190304e-15,2.7851189171594733e-18,1.8592260994092017e-12,1.5107118667768683e-08,8.944702788992579e-16,0.0018929288719541013,4.947968415300917e-05,2.1867677460044904e-10,2.752549208725584e-07,4.360295335998543e-17,2.967222737789413e-26,5.903346803942742e-35,7.179778865313097e-45,4.976124673043262e-53,3.0909055687888022e-61,1.903614547150984e-70,1.6152731513917777e-38,1.4494438507564518e-34,1.7415038102402083e-37,1.4469871567784422e-33,1.2561952586699644e-21,5.190881407477674e-39,4.493235649559644e-23,1.9975300465778464e-15,1.7414290444177262e-40,1.3111870434852356e-26,3.8115131839000784e-18,5.858832457961695e-23,1.6934985850518127e-13,4.96494223762055e-20,3.9542355075411754e-28,6.372665144583685e-23,2.958282220502839e-13,5.738752499669288e-32,3.187824082441067e-23,1.405719355247289e-13,2.3639136887790583e-13,1.2025003502309321e-24,1.0837182916760628e-16,2.0347947266754395e-23,3.013364228957001e-26,6.720235597006602e-16,2.666824706934889e-19,6.768223003805299e-15,1.1380405160266894e-24,1.2614450527755255e-20,2121.013733253285,987.6214884730948,0.0991413993246782,0.0520448224364025,3.0361945674124982e-05,0.8487597629952642,2.3653297980889934e-05,2.0755548725776627e-21,1.64265342772575e-19,15981.842
3.076134054998383e-26,3.116744317269885e-14,8.246388192799318e-24,5.1544882509486864e-17,2.2735800056584714e-15,3.933916420570409e-10,4.481736740928506e-20,2.3156307596738767e-07,6.693958497437864e-09,5.94296166216725e-17,2.0738739947624974e-19,3.908235309092153e-21,5.348913576743378e-23,1.048338177852663e-21,1.4104296493347927e-23,1.0697536277238853e-54,8.054021459433436e-09,2.4705565239073513e-17,5.3170346876115085e-15,1.3801114277236825e-11,1.502989184716944e-07,1.3467413425993648e-09,1.2588698065583937e-16,3.07238222186765e-05,0.0034104276264056003,1.101444898544527e-15,4.439083813847857e-12,1.6519157352420947e-12,1.0064035749019665e-32,1.4864403225051476e-51,6.507953202046659e-23,2.058609539235549e-37,1.0827247868104557e-53,3.901794941913587e-67,6.33173719055753e-08,1.6738100841497313e-13,0.019446345846597903,2.535924954116559e-15,9.865020352815457e-11,1.0836282128590332e-09,7.653450170854877e-13,9.383668466092332e-17,1.2517405309970598e-12,1.1907368505745786e-82,0.7365059779622569,4.1185201721833044e-09,1.4161880493638564e-18,2.1050561657905757e-27,3.425038601751714e-39,4.1185493613711665e-39,1.974114129485771e-55,3.373402660929264e-24,6.84590478221494e-40,1.1147202989458727e-12,1.0224682054688089e-14,7.557859718610635e-21,1.747626188962033e-23,2.6289106264118335e-23,2.1661999144242195e-43,1.3574934598486732e-62,2.7172509833805143e-15,1.0358738179471927e-21,5.81659084218748e-35,2.655381606822603e-19,4.3855657945884035e-35,1.5141126887741915e-54,1.1271214305182957e-10,0.24060572747736814,1.631909881643187e-21,6.3567711095789925e-55,1.2438173613204207e-71,3.0820528375288566e-88,9.954236674720836e-16,8.480454487230829e-18,2.6583725672073426e-18,9.627872266653185e-33,8.718863149159785e-26,1.3003855585643082e-54,3.8960762776187634e-41,3.2984552793401045e-07,3.1447132733758424e-10,9.152362271833827e-13,3.343458202054928e-16,4.151588747959721e-18,3.227246223284742e-20,3.976653718306782e-23,1.4079197569023437e-29,3.9748866662324815e-36,4.027127387396915e-31,6.446979258065555e-38,5.393053283646744e-23,1.883352933028923e-29,5.420792259693745e-20,1.1502934873766323e-36,2.650316611206942e-26,3.336733622487912e-34,6.863748128901756e-35,1.279379510415683e-42,8.214306877460406e-42,1.0747844386897649e-28,2.1066246063474284e-39,2.0394743068047893e-44,3.209770491263716e-35,1.2300022087545694e-37,5.916831641401478e-38,3.683657040884862e-26,1.721706087631468e-50,7.245453554775742e-27,2.4133656402104753e-28,3.6473912426379257e-38,7.290614886488742e-44,3.9197808319209636e-42,1.247401935272628e-47,9.127889205695283e-54,5.415402120273298e-20,1.5791557297757477e-26,1617.3643727096603,44809.812389923914,4.7978134101433464e-08,3.0400372939558353e-08,0.5990652468380598,0.3995611129973318,0.0013735617861012,2.491655660712445e-23,2.1826903587841017e-21,16408.857
4.1564959685266413e-16,2.5936558018264995e-06,0.0001228179598866561,1.988223269951644e-29,5.824618735299865e-14,2.874473231123277e-07,6.43708126720857e-33,2.5596463996099576e-26,6.126395472930161e-28,6.907697302616551e-25,8.78635955906133e-21,2.7592073043413573e-34,9.515412732574604e-25,4.0401981174002484e-35,2.806822876505768e-37,5.990432868711349e-47,1.3643598244829786e-27,4.902646037148795e-25,9.446319809661577e-41,3.4877969151525836e-37,4.226741930680866e-08,1.0610464227033293e-15,4.27007462453989e-06,1.2963357901025457e-22,6.248782823405795e-26,1.6476321886610896e-48,5.3583919905100396e-45,1.1041334732252622e-45,6.417256415733228e-44,1.2076173501716435e-40,4.849556682386546e-57,1.0413971483067484e-60,6.709541140891714e-55,7.339229078869109e-81,4.0206388987507914e-47,1.6060524118786314e-41,4.7685311246816863e-48,1.0987298486050686e-36,9.365164834101621e-64,5.960657366416343e-63,6.247466919096794e-68,3.829853563441145e-47,3.970116890644256e-86,5.5604240529064425e-115,2.7777556234068205e-87,7.204232376366354e-103,1.3202768539231613e-17,2.233832355187549e-15,3.089103841043678e-16,3.736523736542646e-16,1.0282370770656844e-21,2.5061706120712648e-05,2.8059153264790797e-10,3.157663059143992e-10,4.3567031955407175e-07,3.0640991818723865e-20,1.1373107927869423e-29,0.0001226614937882559,3.4452147985473435e-14,8.848543177898338e-17,3.2826319156706873e-13,2.2588381896449984e-21,3.34798005571565e-42,1.165209636651257e-06,1.127439050340974e-11,1.632244189055964e-20,1.4111241060287316e-14,5.050953150336093e-06,1.2564860004339212e-15,1.1352908731732349e-27,1.3338272243061998e-33,1.5575528051769413e-39,9.188921228811082e-28,0.0007386834620734388,7.314482709110891e-10,0.01590144409762381,0.9830464340754994,6.50926323328899e-14,2.904955792595399e-05,1.0292196317107157e-09,2.4328845360642367e-18,1.7730392353905184e-26,1.849883193305648e-35,5.970890090676914e-43,1.131635033541434e-50,3.6958989286632123e-59,7.424332220817251e-45,4.883600957759328e-47,9.647693703248425e-47,3.2574525027521602e-49,8.279901743426915e-27,1.772661591414636e-51,6.520767738586531e-37,9.663239445007721e-25,3.0437621336233e-57,1.824583613860821e-29,1.5496685093246452e-25,7.10013168764013e-27,2.32076301669548e-21,1.345650895513728e-24,3.287293343650489e-35,8.349786436229993e-36,1.2324560232662603e-19,1.5388236385695525e-39,3.172088860445323e-35,4.1543739407330436e-16,1.9887691731072526e-25,5.359478707748833e-35,6.536877529880722e-32,2.271579351126246e-35,7.111256572753008e-28,1.9781551254640496e-21,2.192992146285687e-20,3.681912218867737e-22,7.223646490213202e-20,4.746921146157702e-22,1549.6525367203087,6.38242951384864e-05,9.180205930251997e-05,0.6700868835914612,1.4457760038589931e-06,3.77669321360958e-06,0.3298160918800188,1.6761064152279128e-14,1.253727598590479e-12,16442.785
1.9850480076130313e-27,8.070252973360146e-15,3.966997889505326e-15,1.3789696361903031e-45,1.1549117139856678e-25,6.348919505363721e-19,2.7206346654102717e-44,5.217033308130191e-27,1.570729599304525e-29,1.374437235773064e-20,2.9143394476629745e-22,1.4810811295357335e-39,7.344240630010943e-21,8.905003161367751e-34,1.3835189913409956e-29,9.40305710890914e-36,9.277232784659011e-36,1.1189778918491461e-27,1.0071463374551061e-47,1.829306011082903e-42,4.665135374681267e-10,1.0245531814786609e-16,0.021761411560194503,2.2235687505603282e-31,1.1530803823721126e-31,1.144659122823882e-63,1.1314477213148564e-51,1.166438970264849e-45,1.4492404254386166e-34,1.2652912494256143e-20,1.7429491444449034e-48,3.134455767420654e-49,7.225765322097988e-33,2.803174219186506e-61,2.0645276258504756e-54,4.310459133403257e-42,6.172654998629767e-48,5.3099825080940486e-42,1.3541714682592228e-75,6.7435720412456736e-68,9.513928509144065e-63,1.926214166333997e-42,1.3287592122596865e-97,2.141503420889863e-81,5.270559165948674e-85,1.228202248373602e-111,1.2086320419156396e-24,4.7450765765760356e-17,6.485348929603031e-14,8.36767051326675e-14,3.0706376183401654e-17,1.1811256939526138e-09,1.0915575031393294e-12,6.489611963105206e-17,2.6242446369747205e-09,9.274963254526978e-22,5.7414335256463595e-28,0.10750047692251061,1.3069251464138317e-11,0.06395725258166911,1.8286252492105266e-14,2.411445171274338e-16,4.946422205097286e-33,4.6031260854211646e-11,7.135254994577462e-14,4.481443151012656e-22,1.0016844793012613e-22,9.144207930394041e-07,2.2287743204407917e-16,7.172183756421909e-26,1.925785313943474e-29,3.3771800697852717e-34,1.9299662231579545e-31,6.167997083290511e-10,1.8834127822268545e-14,8.725112182977529e-08,0.7920850808878416,4.190747203546264e-20,0.014694771426723902,1.8773594886348188e-18,9.778877408725985e-27,1.8151321175560737e-34,2.0318595023122685e-42,2.519106707503518e-49,9.217667098407098e-57,1.4233637836308955e-64,8.403599464211144e-75,2.3778602920331624e-64,5.793077703692051e-71,2.561211099682852e-61,2.0499578852409963e-37,1.02069950893588e-77,2.0414889460934355e-42,2.1038572915697547e-23,2.2748186243968145e-69,2.979376070592367e-55,5.799044087732562e-36,7.249561109106164e-48,5.349154933685939e-26,6.507834426329252e-31,1.7712266492691893e-57,7.168829148615e-45,2.1097955010824036e-23,6.16197065262343e-70,4.377316609842549e-50,2.7107278612761884e-31,3.883944399044552e-27,5.494514009021519e-56,4.1102614782631357e-38,2.1057592601383464e-52,1.1608006676081901e-55,8.818823598512095e-33,1.2465750335703546e-40,7.743351289566402e-30,6.179341759297263e-44,1.2150460724553249e-33,1061.689501389845,4656.489690190466,0.1048584322147146,0.6222530442182721,0.0066544630021111,5.592331931614798e-07,0.2662335013317088,1.8887439439415077e-22,8.688222142130934e-21,18524.896
2.368702584246804e-30,1.2620458364151755e-12,2.1530264603291556e-29,1.4885720103258478e-41,1.140990272105527e-31,5.1691220265118275e-17,9.99767688233604e-35,1.2194059818203919e-16,1.6680398105074588e-19,2.6234397791516457e-20,6.402743812477613e-21,5.882177579547933e-24,9.19507731193132e-14,6.006534457174508e-12,0.12538501176307354,2.0235774197371762e-30,5.918825353032173e-32,9.494718288393072e-34,1.0050285261740633e-46,8.132232735235253e-41,1.3087016467915678e-12,2.86875235600877e-14,9.141274330788839e-15,6.654774263685481e-20,2.1554036183726805e-14,8.728554798904544e-51,7.577682758657433e-32,1.4513303805302612e-19,7.161050900074035e-29,7.660716336569214e-35,1.00919221663409e-11,2.4498956250499948e-23,6.783321660846783e-27,7.575429355978791e-37,8.628798880521448e-42,6.702309426942774e-39,9.247456127820013e-36,2.367518466340479e-37,5.420395797799797e-53,6.041199059113316e-39,3.814443710184223e-52,1.738929661487197e-37,2.2734678121617952e-66,1.2393853716631172e-58,4.746072138316915e-55,6.7593982719432166e-71,3.6316403629127318e-25,1.6146179591606809e-27,7.646132620084352e-35,1.0113774659258505e-34,2.4952462825691908e-49,7.24824347037304e-18,3.689794894465582e-32,2.1036284902445797e-09,0.5161602510374558,1.7990659672899323e-16,1.02498316884875e-24,0.0019730842273327004,1.811946981605305e-25,1.9830277680557675e-30,0.356406497893435,7.515286507261428e-05,1.6701798767890544e-19,2.779743932032758e-26,3.0651879493156146e-40,3.538954241453916e-60,9.471237334683553e-23,7.202035292706171e-12,1.817775738622551e-33,5.862873232768854e-66,1.3181248800901037e-80,6.762964039461488e-97,6.403303310739048e-41,6.807898934013519e-18,3.29751133850722e-17,4.7232703948526963e-32,1.7146607934905135e-18,1.0384287371573424e-56,3.8551222396129037e-31,8.39534565246203e-11,2.5505664743945457e-14,2.9599192637876635e-17,3.580012277336065e-20,3.2457929577316775e-22,6.704540794243359e-25,8.18613789217699e-28,1.1553004609496013e-75,4.0952520683323646e-61,6.152171314498471e-66,2.1102408652633246e-52,3.452825208987384e-39,1.945844353852436e-80,5.89692777092841e-38,4.80249170260256e-37,1.0783552699231485e-55,2.771017522555055e-59,7.384675273205782e-35,4.554285151804719e-62,1.0960208812615144e-34,1.2567671418614562e-23,1.850359176026722e-56,1.5510312404076718e-39,1.256768693292529e-23,1.046958803294258e-82,1.1895034211556886e-57,2.8993506983380435e-50,1.1289144585956433e-53,1.910438803295144e-68,1.185770758470563e-45,2.4689260801876435e-75,3.6914170698263584e-76,9.875359278372934e-48,2.9963560482610804e-70,2.2185490440295994e-55,2.1340248087935863e-46,4.588789198553615e-32,947.9649863498472,89034.60888466024,0.8230749554722607,0.0007215426600806,0.0458488050682898,2.7480764241971473e-05,0.1303272160351267,4.556993683821212e-23,3.4985951508046727e-22,19239.645
8.291489653570382e-30,1.3393221049713705e-11,5.580718706662046e-29,1.4295472185028142e-23,7.937827788119251e-24,3.830982160865166e-16,1.2022986090996604e-20,0.00014833746908369998,6.19571628951895e-07,6.347252401402982e-14,3.5220231015998425e-15,1.728019683961425e-14,3.0570213653491237e-12,2.2752233724030308e-07,0.08525129447142409,1.592278982101288e-38,1.6541078131823545e-14,2.653157948952874e-22,3.631630062152836e-26,3.554894827720703e-21,2.7653418493221466e-05,1.199987953886718e-10,1.6321912951037895e-13,4.398576422554889e-09,2.1070951327202317e-08,7.718331806722488e-22,8.455441144816699e-09,0.18427697973980678,7.538678956997391e-22,1.3497979319469132e-39,0.7301050542120644,4.505085176133779e-17,2.1717504471209505e-32,1.226662314650295e-40,2.4810513104990267e-13,4.4855117809298803e-17,1.5732711419681706e-07,9.910418551153858e-17,2.5753246606857694e-14,2.521738334242839e-05,3.539634480173258e-18,8.71258531684848e-14,2.0388151632599873e-16,4.885538185572469e-53,5.2886199064327124e-05,6.552699327662269e-11,3.707675952652995e-21,2.0634045806882411e-29,6.548712032553002e-42,8.363248656965789e-42,1.4067239196112236e-60,4.30107174438442e-22,1.9742714597222146e-40,1.5635889918199005e-12,0.00010784944023689997,9.296520733169866e-17,5.575316514598771e-23,6.771130320411372e-13,9.337145625946644e-38,1.4447462838830845e-58,1.483448984279069e-08,5.417497747096399e-10,1.8590394693372336e-24,2.226169248017296e-25,1.5423400494297072e-43,7.610538882527806e-67,5.3066454769220464e-20,3.6737393417775415e-06,8.915907169086135e-31,1.123459035475253e-70,1.2646312348178245e-89,1.4359844153619548e-109,7.027211728737914e-30,4.892842512458331e-23,2.4312867745518406e-26,1.8321006883368548e-37,7.099556122945469e-30,1.2281153438975917e-64,4.727849749135976e-47,1.0996507514997072e-14,1.4120670651839395e-21,6.290826313393035e-28,1.3470961556788268e-34,3.756419094505005e-40,3.4427298143106802e-46,1.1575045677514436e-52,5.889040932908772e-47,8.35992974047973e-46,1.2313845127852226e-41,3.322056535237945e-41,3.06573383343596e-25,5.836018590930958e-50,3.082241192943187e-25,8.353941301611422e-38,1.1376174129069913e-31,1.1907998370442665e-45,4.3136299373762945e-36,5.077582050648691e-54,4.863014365609423e-42,3.0729895042797706e-30,4.780879325810172e-46,7.88614825440291e-43,1.6620655017769946e-27,1.70626865574294e-61,2.115050075491595e-51,2.973228148749104e-40,1.564858646209906e-60,1.5632477478100642e-48,2.6795339685936823e-40,1.4083845222541352e-60,3.956851149616588e-63,3.781795464952742e-50,2.7377844371774565e-64,8.719645413780559e-63,1.5296924328379182e-35,1.5971431870046438e-34,1117.2688657933036,855.4562809041192,0.6546754351049309,4.987117727944946e-06,0.3452722531093249,4.731357903058303e-05,1.1088985755094043e-08,4.1473492908633975e-21,5.680065333139001e-20,23917.508
2.163139871363542e-06,0.15387288411846706,0.0006869471425579224,0.0018254986681567264,3.39466637865841e-05,0.01100459052548059,9.71574329312452e-10,2.4475094647365e-11,4.9640653956960985e-12,5.814696649099105e-19,8.722573110321218e-12,2.7680681178716217e-15,4.191850637558115e-19,8.740927530173188e-21,2.566258236099356e-27,2.1170900215357732e-48,4.506402165335467e-07,4.4778001925577776e-14,1.4937267223778937e-18,1.0340821372849866e-16,0.8325489521192814,1.4938568377980838e-10,1.7198176018903396e-08,1.2893836353852452e-05,3.0028150037151064e-13,3.764079248730915e-08,3.1857745173855824e-11,1.281236239993567e-16,2.1695904317338495e-32,7.206373588998048e-48,1.880061987035145e-32,5.76260851280012e-43,5.873425801866394e-56,4.1672207279241805e-71,5.519273966473949e-12,2.7796479347853055e-17,1.1241766962680674e-17,2.4045253348214136e-10,1.7718627775183493e-11,8.592129130581581e-16,3.030225214210944e-31,1.5462513535709332e-19,1.3949942516479713e-18,1.7100211535873001e-96,4.052972507038427e-28,1.2939880929028252e-22,1.5514195405448256e-11,9.386137927989121e-19,1.4102998830480512e-27,1.590683120854235e-27,4.132454007707813e-39,7.612412256623252e-09,1.2099435206730176e-19,1.1908031157005496e-08,1.035778091407093e-06,9.931213873045608e-18,1.4216726178490793e-27,1.546016017961483e-13,1.5520301987891824e-26,9.891254435887244e-51,4.382398207284869e-15,1.909672029684258e-23,2.1972241598499938e-43,2.1689144480803606e-09,1.4787692064007233e-20,7.5375777246815255e-34,8.710058648838147e-11,8.388286568685753e-06,3.314239804243743e-19,1.3187100858171706e-41,9.697927769194358e-54,9.330670918696842e-65,1.5658893394038119e-21,5.797921176184895e-09,9.125764477074655e-18,4.118949131699315e-11,6.450588021155e-16,2.194624446060158e-25,3.5858925069600714e-27,2.015735474027875e-09,1.283813168061188e-19,2.3181756498072236e-29,1.3055645075371657e-40,6.839950135554258e-50,4.615909736242939e-59,1.9089870384071362e-69,1.4333715568927514e-08,6.944888413520778e-16,3.021115040271869e-14,1.8638202674439876e-21,2.744159228123344e-12,3.583660279871056e-16,3.408841874524415e-15,9.655694614060851e-21,4.664654421402861e-16,9.641400409608203e-11,8.69691484264705e-15,4.5600277417105926e-17,1.4195695272981753e-20,1.512944427886234e-19,5.9603028584529974e-18,2.8300790489172773e-24,2.311071797192003e-23,2.3517717577724824e-15,3.3702313957122296e-19,1.2105932743038101e-11,7.94536724258002e-31,9.967721062437649e-18,4.957607167452082e-22,5.085717177593335e-26,3.676821086794154e-13,8.314557426677973e-16,2.0275109699595532e-17,3.0023489978827453e-24,2.1486946592638737e-06,1.4880248929784685e-13,2962.9056252353216,8.674914290789481e-07,0.0839629553018974,0.4546933620184674,0.4553025652827882,2.792555463679864e-05,0.0060131918422099,3.300912012982634e-12,3.6357188028708716e-10,27336.688
1.2812060633307186e-22,3.852401537730895e-06,8.04811519453094e-11,8.980190950820323e-39,4.850261446811258e-18,4.967140958286951e-09,1.904683059061072e-40,7.91586877109952e-25,1.3936019298977655e-27,3.5456010575659532e-25,6.432708892145208e-24,2.445404409029663e-38,2.4736838748556466e-25,4.714842341530402e-35,2.00351051325898e-33,8.494479363570124e-55,2.603892828505739e-31,7.434078625972805e-30,2.1501258543932768e-47,1.0782167313151291e-41,1.2458890879756206e-07,3.257235424876908e-16,1.4914785405561046e-06,7.924189073374178e-25,1.702350386439937e-26,1.1055591164222641e-60,1.0711588364468114e-50,3.7614459586352297e-47,9.474582695728255e-50,3.615746729506229e-49,3.4933220685891084e-56,3.138872251528968e-64,3.1083822208811975e-61,1.211078901532174e-90,8.152437240458189e-54,8.116717504156362e-48,7.471272598560513e-50,1.5911942434810285e-44,7.59821309226717e-76,1.4599794597780473e-70,1.719576477136404e-75,1.6346912554871017e-54,7.838753751083778e-102,2.0792311733486904e-131,1.5897917113756185e-94,3.0104194045350815e-119,5.0554300496164774e-20,4.2154601017835603e-19,5.464160704643374e-23,7.170165375450779e-23,8.181849206436096e-34,5.8296069217258e-08,1.4641348506776433e-18,6.072455946181678e-10,0.0032766286371803204,6.44589486141042e-20,1.0133703786493213e-29,0.025011190728704787,2.1383447522350196e-20,8.202137667237088e-26,2.7083927522969254e-10,5.174794816933828e-17,2.9366218399634427e-41,1.292811466841097e-09,6.479336999697228e-20,5.236969811034077e-36,2.332840542841554e-16,0.9712465450291183,2.0627420148436013e-18,2.3059099645990454e-43,2.2338901391785976e-54,6.916423033389812e-67,1.3342171721605253e-30,1.1585990925829184e-06,5.774785788214725e-13,3.4498112486056054e-10,0.00045894211811760906,8.289333455424304e-31,3.952662554561356e-13,5.582572634307015e-10,2.4033493010455617e-20,3.862642913231097e-30,5.431186947094346e-40,6.4859937191636335e-49,1.916908034669346e-58,3.006814831922711e-68,3.3724239013928074e-64,3.382196055967166e-65,4.364088614290112e-63,4.94131488011975e-65,4.522636142130997e-34,1.3755370793257137e-70,1.2178036013136892e-44,1.5146325473564728e-35,5.795496056409422e-73,1.0908641226533923e-43,3.826850575949319e-35,3.970066480315756e-43,9.528624207615141e-32,3.2602578338795516e-31,3.279517106612133e-49,6.620535223934556e-48,1.2783948302648002e-22,8.536522158293704e-60,1.2148026108845606e-50,2.811080977135604e-25,2.0573039689092144e-40,7.634956548672674e-48,7.3216179781268e-41,2.723333105678375e-51,1.788130188843167e-48,4.654475643763334e-36,1.4837112321624088e-39,3.156686896995041e-40,6.753331946246885e-30,4.290458376594189e-31,981.6055103232349,4.1839928063859173e-10,0.0279313226022958,0.0128036787994979,7.977968610532828e-07,0.9590370806896776,0.0002271201116676,2.915223223150172e-09,7.806319964213239e-08,28804.807
1.9484407306563596e-16,0.0037311260671630568,4.2741269929050434e-17,1.380960037127497e-10,5.787465797034504e-13,0.0007725232205314376,1.1760056719105154e-12,5.249943951799539e-05,8.349033850320909e-07,2.4237752794012587e-17,2.5561529221915125e-13,2.4162623280238772e-12,9.458632939745918e-16,2.1316203817634692e-11,7.915027482532297e-12,2.5711929591819674e-50,3.151274265564048e-08,2.4548833785658236e-19,3.282853796151827e-22,2.6034188660474924e-18,0.3311481662230575,2.9415800725143533e-07,7.72710007329727e-13,0.6039602903424894,0.026603267612476996,8.389806914261429e-12,3.834790144338012e-06,4.922541189648243e-05,6.120664097316791e-31,4.591470868650187e-55,9.334970595278696e-14,1.3341676305430708e-31,3.17074589275208e-53,5.8210372126438904e-64,6.360555663333755e-10,9.52575884372333e-18,1.9055920243756032e-10,8.61051385663779e-13,1.0111315818832355e-08,4.393685121765967e-06,2.030887846692991e-26,2.3179455701627106e-18,2.3011997590296737e-13,1.6778267482054918e-89,6.317943439576508e-14,6.588804197944133e-12,3.2773593017706798e-15,1.1260211801840385e-26,1.685476620834909e-41,2.0647953683989842e-41,2.630882444532168e-61,4.309586062900608e-16,2.0445044212945584e-35,2.4321998896072675e-05,0.03276241830481687,2.797200450868648e-16,3.925276685417708e-26,1.718255678915231e-13,7.226451618675193e-38,3.535490437092215e-66,8.923345879921307e-07,1.2041270393132272e-15,3.038355098810763e-36,5.681651603720926e-19,2.6530078331273367e-38,9.022373785492922e-62,1.644486789317232e-11,0.0006433442348969449,2.8104376796024512e-28,2.535591141183885e-69,1.5246819514708253e-89,5.368241906351569e-110,2.688668082878947e-27,4.4498001053085145e-14,2.013736969081978e-18,1.0602633800187465e-28,1.5895205600100267e-24,5.033552211645867e-55,2.953017109492874e-43,0.00024252460138257274,1.553394594031239e-11,3.1404846131469296e-18,1.2077209207985498e-25,1.1725528350532214e-31,5.825861634984379e-38,5.966614871924712e-45,2.7562203263182606e-26,7.184454857138668e-31,1.4469715693767115e-26,1.5501093942884963e-31,1.0641090854734934e-18,3.120090510528113e-33,1.8073441359206382e-19,2.1427967308320956e-34,2.2018968362996753e-22,2.8729728158408783e-27,3.3355924707844095e-25,1.7651793550726367e-38,1.2401253132771674e-34,4.434080301527074e-22,7.65590111863783e-32,9.966287903319037e-35,6.86891285690646e-27,8.803205007509469e-40,2.6884275522476548e-37,4.243166471678178e-28,2.0879198744948205e-54,1.9405079010926723e-34,2.4945256545539485e-33,8.729032703106461e-49,2.689153763610529e-41,1.6665470636732918e-36,4.5439443300672e-47,2.927177657666771e-51,1.9396618261595801e-16,4.699515711688114e-21,1420.886097740456,9.829728113485632e-08,0.0343400331255387,0.1637493991428995,0.4756429611358923,0.0006627090619942,0.3256048975336752,1.9957253220112637e-11,7.324311931781336e-10,33460.64
2.9211854570913724e-42,3.384574413407276e-26,2.675737628751064e-15,1.6472830330184663e-42,1.4658478674621995e-20,1.5157046223675934e-12,3.3949101482773328e-47,2.1344238466007767e-14,2.0560667730582248e-17,0.03204459698247659,4.936826113752995e-16,1.024692073716267e-47,2.7367954211583847e-20,6.565369095415423e-47,7.741859400403815e-48,1.159621430264576e-44,1.1710248961131951e-18,0.0007874849834258022,2.5465372039737175e-20,4.0102426761944005e-14,0.03204459698247659,0.03204459698247659,0.03204459698247659,2.3398789921081466e-13,0.03204459698247659,5.567927187150181e-50,6.301031806295687e-42,7.895416727618187e-41,3.528291906166703e-17,0.03204459698247659,3.442828865491311e-56,1.2652510889862341e-51,5.216682098288626e-22,1.0276872959404483e-72,9.556353221390138e-27,4.904506727898806e-07,1.468852758012728e-06,3.404140364760742e-19,4.845110298528284e-50,3.861313224174782e-47,8.392364364783458e-05,0.03204459698247659,9.431336795383528e-62,1.464153833593227e-57,2.734228626161411e-22,3.179155103323859e-64,1.3607717769647008e-25,2.3546494382186912e-11,0.02568750511108967,0.03204459698247659,0.03204459698247659,4.710449941819047e-15,2.432272322674033e-13,2.0286213362434241e-16,7.588697450506767e-26,2.7481339221044167e-28,4.405785795764398e-23,1.0336470608761293e-11,3.986128854717978e-18,0.03204459698247659,1.358267323435019e-19,7.028592274310927e-28,3.0309539200757047e-41,0.03204459698247659,0.03204459698247659,0.03204459698247659,8.651084024726797e-05,0.03204459698247659,0.03204459698247659,0.03204459698247659,0.03204459698247659,0.03204459698247659,0.012014706448440335,0.03204459698247659,0.03204459698247659,0.03204459698247659,0.03204459698247659,1.5933157200479254e-10,0.03204459698247659,0.03204459698247659,0.03204459698247659,0.03204459698247659,0.03204459698247659,0.03204459698247659,0.03204459698247659,0.03204459698247659,9.257687735696971e-69,1.8382993890304825e-72,2.1771724345159047e-70,3.372089503654113e-75,1.194516438117133e-25,5.256763858792937e-60,2.095843936767394e-34,7.154972599131958e-14,1.4211689381874401e-64,1.3769930754194017e-65,5.956207618065605e-59,6.984809428427912e-52,4.0125320761429e-42,8.820078758154222e-41,1.7235294167994566e-74,1.012799456195972e-75,3.582131950212355e-35,1.4352197007785853e-64,2.8360622295317025e-57,7.154982128521206e-14,1.047619809026125e-19,8.13443632990286e-36,6.55998904346805e-31,2.3951667787166668e-26,8.443636141854464e-55,5.581664349981337e-44,6.198641075614147e-32,2.5176278183397643e-35,7.734504259353638e-34,8.773992177809143e-38,904.8495248130836,39889.84169700165,3.873309082284032e-07,0.5821081512018618,4.735776054322933e-05,9.182299205837031e-10,0.4178441027884569,1.605728549531562e-24,2.398557020862771e-23,33592.97
3.438279845288729e-22,1.4211556973655832e-08,9.490396033508158e-19,3.976096135691396e-14,2.090193620127824e-21,2.029749866353137e-07,2.021346521046165e-09,0.023012958519772104,0.023012958519772104,0.023012958519772104,0.023012958519772104,0.015713986372243503,0.023012958519772104,0.023012958519772104,0.023012958519772104,4.710562637775789e-06,5.6370682497307044e-09,6.015944707238527e-10,3.834213909635332e-19,1.700384904088329e-15,0.023012958519772104,0.023012958519772104,0.023012958519772104,0.023012958519772104,0.023012958519772104,2.8756474485242555e-07,0.023012958519772104,0.023012958519772104,0.023012958519772104,0.023012958519772104,0.023012958519772104,0.023012958519772104,0.023012958519772104,0.023012958519772104,0.014253572952891803,0.023012958519772104,0.023012958519772104,0.023012958519772104,0.023012958519772104,0.023012958519772104,0.023012958519772104,0.023012958519772104,0.023012958519772104,0.023012958519772104,0.023012958519772104,0.023012958519772104,7.349661656060024e-17,3.637100220309613e-18,1.2644634966957493e-22,1.5341482037349819e-22,8.656869003313688e-32,3.538547937817979e-11,7.955124469583187e-20,0.023012958519772104,0.023012958519772104,2.9029130627614053e-11,1.3204529028812632e-17,0.023012958519772104,1.5671164585528861e-15,6.85682854204522e-15,0.023012958519772104,0.0004068324226193001,7.593253186062162e-14,1.5118099050163445e-17,3.0303641134506584e-26,7.642920794651752e-39,1.2625860137570731e-11,5.177082011583802e-10,2.0925573512420815e-23,6.620883792526624e-43,1.6332670947188556e-52,3.528923414120359e-62,5.892419189135347e-29,1.5624343380435428e-07,0.003075904939962501,3.544771900530679e-20,6.502156230747922e-08,2.1347900137819814e-35,4.240097164844899e-16,0.023012958519772104,0.023012958519772104,0.023012958519772104,0.023012958519772104,0.023012958519772104,0.023012958519772104,0.023012958519772104,1.7177769595619495e-34,1.6574418693296892e-27,3.8858716798059044e-28,1.8260302495745054e-21,2.3939964998223383e-11,5.308984061645347e-38,6.933185350597626e-14,6.655349546769044e-12,1.4236389483251286e-11,7.905779563753519e-37,1.3257749158189834e-23,8.474198680926539e-38,6.097023176273803e-23,3.062463111971609e-12,1.947915826889191e-34,7.71949952368063e-26,8.357549455136944e-14,3.742864337567593e-52,1.5530788709233427e-38,8.655438339303549e-32,1.0847212313135132e-35,3.143007061481519e-44,7.111267622443985e-32,3.332948832641478e-48,4.337765463971276e-47,2.678726347610652e-31,4.966182367975589e-43,1.2134807199968423e-35,6.857636186141808e-25,6.496784677751524e-18,1516.6701778392312,23235.03191504789,0.5130159248376333,9.761078126030594e-05,0.4868454951467871,6.245147579024424e-06,3.4724086740164586e-05,6.844118986217886e-24,8.254422292468845e-23,33943.715
2.486889092350433e-34,1.0525557830050226e-13,9.17060722492447e-30,2.4692806722876936e-37,1.392675825671439e-29,6.191667154319309e-14,3.1051378175288457e-32,1.8968901283188296e-07,7.867510684776664e-11,7.376407048517058e-11,2.380648462502056e-15,1.9685544112234296e-22,1.3989244321420994e-09,4.30104411171588e-11,0.13406202722347732,1.4226845626413818e-33,1.3310105291102696e-22,8.176991096458048e-24,3.9057893363992135e-36,3.058901825479028e-29,0.007829521928068602,0.019840164329516505,0.00024974308108960007,6.272123730170392e-10,0.3777881027102354,9.435785316976593e-41,2.1135945396896885e-21,1.0026645714856466e-09,7.609986695374074e-19,6.696343924075012e-24,6.114576290407731e-06,1.769028058273955e-18,4.139987300315638e-21,7.270119250189394e-39,1.1546492415317778e-26,1.6069907535949318e-22,7.954391599861769e-16,3.003241798340751e-24,7.789991554848548e-36,2.9592806211544887e-22,1.2353826535814884e-26,5.782131492536071e-16,1.0321084156722979e-43,2.9155909341271573e-47,2.3590149020383244e-23,2.008992058829226e-41,6.9733888912606125e-25,9.16513545137164e-27,2.1631428688030468e-34,2.9723579479512122e-34,3.052150139946431e-50,3.543411589460114e-19,5.479088384032945e-35,5.970336041815171e-08,0.005801768761259001,1.69944149569731e-17,2.433758031364126e-23,4.8317067937445456e-05,6.721114411998484e-30,1.7663484806319182e-31,0.44809658329188223,1.3975860508100097e-06,9.141596131558379e-23,1.2806942007035508e-22,6.341870987476017e-38,4.3020932577009875e-60,4.0173277874472626e-17,0.0061225466358541016,3.785050452603379e-27,2.1390350010864174e-63,2.8153468739022416e-79,1.7126116907557898e-97,3.968034584318587e-33,3.153944224106155e-14,3.5285117604863965e-11,4.882032833836585e-32,5.425471525499326e-14,7.603731496777112e-60,1.2383781977557859e-27,0.00015093129610830003,2.3318901746243745e-06,1.5462235620456628e-07,2.4478129305584914e-08,1.60798704229502e-08,1.6274812892342235e-09,1.6205233033388705e-10,1.3722044035249964e-73,2.270966356843384e-63,4.72295217394433e-65,3.614627212998255e-56,4.58615261353168e-33,1.071493748017299e-75,7.029914046556982e-33,8.532520465880867e-34,9.919598062076223e-50,1.5969954328409674e-64,7.435224262000181e-43,3.507401223862384e-67,5.4790531977642194e-42,8.703047244067708e-28,3.7310448991451627e-64,3.1387137952103e-51,8.703081971261878e-28,1.3488992099628945e-85,3.3876039116283927e-63,5.138850010285222e-47,6.987725292514137e-57,2.1871256824459276e-65,1.1125813634062094e-45,1.3600012859157553e-72,1.0616866499670513e-80,2.0758496345102212e-54,4.485602990462436e-73,1.4474873365026145e-62,1.1290280121540802e-44,9.249607464793035e-35,815.6413668222017,15.719049905411604,0.4446052316466505,0.0086871303176421,0.1661913404680008,0.0037706117144171,0.3767456858532892,2.292482508285822e-19,1.3468334736179205e-18,39420.25
2.5481243957023385e-42,1.0872342127522082e-26,2.9387221365085847e-21,7.828274618960074e-74,3.668791939566391e-37,3.3633522680496724e-30,4.412593340108171e-77,1.666315304001281e-50,2.3685474874475122e-54,1.2769067721740964e-39,2.2738345323006712e-43,6.049612599903004e-75,1.2096048259037788e-45,5.2962796851888146e-71,4.763234432637262e-69,9.53832041638702e-76,1.0087810883253304e-58,2.4213785733862842e-45,2.276848139088045e-75,1.3793674829950251e-67,2.806848909253041e-20,8.016153198294451e-32,4.083192125457955e-07,4.574557402406964e-55,3.772434292259596e-57,4.308380440357118e-107,3.6251292649623904e-94,7.92661764399698e-90,1.2114227252721284e-70,9.50282878579598e-47,2.7846518496875436e-103,1.385594477501753e-102,3.0897384323341925e-76,1.1362338982793922e-128,1.1835911181298126e-92,2.5398046167985295e-73,1.0054950025565643e-81,9.14130132310654e-74,7.554265553544559e-131,1.8355068563815272e-124,1.613513820610267e-108,6.505724922968506e-79,7.735500992346842e-169,5.0199943979319885e-167,8.318927902295485e-149,8.859037621819225e-178,7.026875813501285e-41,2.8228322437150533e-28,4.1580824806959815e-22,5.915219152686345e-22,4.0732219365712646e-25,2.5880203301488636e-18,1.999728628293454e-21,1.794867705326205e-32,1.5774518028492712e-23,1.8241276715890072e-41,2.2129402130085e-49,3.021700654639951e-11,1.4323420912047344e-24,8.785747224071138e-09,1.3085685752750892e-33,5.578440728364353e-38,1.4752708209820657e-66,1.012310249498999e-14,3.571946268725043e-17,2.811636545160896e-27,2.499139041658143e-35,1.3276073659446626e-08,4.3168622221365495e-21,1.3897745808337606e-32,1.6777255104918585e-35,2.226167147360274e-41,4.880060068256738e-44,6.649059865600891e-16,1.5512168032985844e-24,3.9894904989633535e-09,0.7457604686750147,1.0689382177683169e-25,0.2542390969242336,9.112060271501362e-32,7.543658955644027e-46,3.004464447240819e-59,6.020632206903959e-72,2.941216747545692e-84,1.5578931912051872e-97,1.283173294077591e-110,8.20079066993239e-113,6.833686646301266e-105,3.848098294072975e-112,7.578297700368218e-106,2.206080201537428e-61,9.346099353122497e-117,4.79776596289441e-72,3.027924004690148e-42,6.199360502361387e-119,4.802878757765507e-82,2.9194708959948208e-61,1.5657939339790497e-70,1.0371999168478888e-45,1.4769904145243633e-56,1.11602438868363e-90,9.436479079098497e-80,7.121294218640846e-44,1.9121939622905704e-98,7.745371627408544e-77,2.740642991755811e-40,2.6855575371893758e-40,4.012304720216175e-77,1.3520560055733449e-58,1.5164337427273685e-70,9.697135700341363e-77,8.961678723432065e-51,1.6405124820317634e-53,2.5197899223686868e-45,5.916961762612045e-63,2.0378800462067653e-55,724.7306907084643,1129.465648991592,5.418638233173658e-09,0.6926998323682335,1.254959539813267e-07,8.159620505859509e-09,0.3073000285575537,6.201326335273458e-22,1.71865329863293e-20,51906.09
4.605949141357227e-37,2.3361788867871078e-14,3.0302854459400884e-35,1.368280786671235e-33,1.3617990975343351e-30,1.3239829531394404e-16,2.541997088471901e-29,4.3448669413580125e-05,1.561278039948258e-08,5.2967019561889796e-14,1.3340817763037816e-17,2.9389470359205586e-20,1.2724321705627373e-12,1.2718164286151955e-09,0.751609138061026,2.820565524895585e-44,1.3357602780075982e-19,2.818060958528335e-26,2.417221060300471e-34,2.488742633552277e-27,0.0005899173728403,1.925560731941809e-06,6.598273114505463e-11,1.242833855525279e-08,0.0134697912935217,3.5924052192953326e-33,2.150479192572804e-14,0.0020579406289051,1.4046183034291988e-23,1.3575368769862548e-39,0.2317886536187383,1.5164103090967072e-19,3.9249646308167445e-33,1.5419703883857431e-47,7.88750944113612e-20,4.533528425244673e-21,9.002731411219166e-10,7.814748501137329e-22,2.924193991566101e-24,2.336114446860537e-11,2.6289448531483293e-22,6.215473921238075e-15,2.445753913336205e-28,4.0653553882755045e-59,1.3101530643846076e-09,4.320290789865174e-22,9.863180312133371e-27,4.3105110661741415e-34,2.7333149090617707e-47,3.773212631705094e-47,7.722106308889715e-69,2.1508032042988536e-25,6.3760237126354675e-47,1.9401244393476363e-11,0.0002411529328259,3.987896171333757e-20,4.8574407571553705e-27,6.4319016944348975e-12,1.196810440224681e-42,4.978880362689953e-58,2.3859785556324982e-05,6.431048160731534e-10,2.8750092906436e-28,5.654715070440381e-29,5.628519056203439e-50,6.01560875917096e-78,7.609588576907522e-21,0.0001741392282304,1.526051339874503e-34,2.59888638337823e-82,7.107054467688321e-104,7.411610750004517e-128,3.606406616923547e-36,2.315711962701265e-22,3.6248200723400855e-22,5.236603001271652e-43,1.4656011453913795e-27,9.956173330081154e-77,7.421907025673686e-47,5.65180164479681e-10,1.0185040247094256e-14,7.994739403724294e-19,1.6554266789539778e-22,1.3246621204633413e-25,1.558128235840158e-29,1.9169732291344005e-33,9.467536267524484e-68,9.279707340683344e-63,5.587335424556279e-60,2.315685525194019e-56,6.759188626876436e-33,6.764718167571576e-71,9.569342421028052e-33,1.3647147827552704e-43,5.419729135793253e-45,2.5253791541411354e-63,1.0766370740214374e-46,1.6750183878521705e-71,2.8054747249551814e-51,2.6480056718950242e-34,7.124822283907902e-64,3.893206619027961e-56,3.075396577147448e-33,7.496314949402227e-85,1.7733807819022874e-67,4.5613180562181724e-51,5.95438425412617e-72,2.759833689934271e-65,1.1738432507595434e-50,4.593144039128474e-78,2.492405783030002e-84,5.300960821062543e-63,4.9422539829539296e-82,9.37199186122054e-77,3.740800391186572e-45,1.7715353627129914e-40,802.1715076913702,4.435468243067931,0.7574200284794713,0.0001138354984686,0.2372051470100364,7.533400741797222e-05,0.0051856550046056,6.49208316949851e-19,4.694275522560461e-18,63344.414
9.407236014880936e-33,2.6766780909604617e-17,8.496373732981497e-12,2.880847779426599e-39,1.3257406590632684e-16,1.3274849567497386e-07,1.5852400318105578e-41,8.73461302106237e-13,1.194058986581942e-15,0.002869147519349705,1.5554298878066773e-14,7.648633827931625e-40,1.8309044897580406e-16,6.407341850698618e-37,1.0970471497122222e-35,4.108678383529586e-38,5.164790641090508e-19,1.265486887128076e-07,3.935386100622504e-23,3.188176613994906e-17,0.03947974151908267,0.03947974151908267,0.03947974151908267,1.2828909753902864e-12,0.03947974151908267,1.2663676778048487e-50,9.031030455283908e-41,1.4190830751432975e-37,1.6315981096466097e-20,0.03947974151908267,6.618913689441781e-48,2.449726607929205e-46,1.5819670449191957e-23,7.728475117169404e-65,5.644305664308418e-31,6.701956561580359e-15,2.7263105811703488e-14,5.262509548207036e-24,5.904936916580016e-55,5.400282218388788e-50,1.2863861862035506e-19,4.436923957476991e-13,1.8559575795280436e-70,1.6590405681350822e-64,7.864828611162777e-38,4.1417704587476224e-77,3.456886511718784e-19,2.3472136794418566e-08,0.016959462625276332,0.022433254125837337,0.0008433464367956016,2.345751952566195e-09,1.8192570928761092e-10,4.426718910798431e-09,8.978583850839608e-15,1.4037781959204877e-19,3.5940121504803337e-17,0.000524083543083501,7.32063277804103e-13,0.03947974151908267,6.147564026221343e-10,4.8104511669632546e-17,3.9254092873683964e-30,0.03947974151908267,0.03947974151908267,1.4585935615381575e-05,0.010932294296428119,0.03947974151908267,0.03947974151908267,0.03947974151908267,0.03720999606931647,2.907119545998873e-05,0.00015041296261490028,0.03947974151908267,0.03947974151908267,0.03947974151908267,0.03947974151908267,9.514572914267422e-13,0.03947974151908267,0.03947974151908267,0.03947974151908267,0.03947974151908267,0.03947974151908267,0.03947974151908267,0.03947974151908267,0.03947974151908267,1.4453116563574071e-66,1.2131872237682295e-65,6.309965759870369e-66,5.123209733343742e-66,5.440136506416727e-26,1.0942803506064767e-60,7.897880643397657e-32,3.3369048951131875e-15,2.401912637330803e-62,3.7896926870920994e-57,2.396148655753522e-46,9.508313051742213e-47,5.432794585397761e-33,4.052515053744487e-30,2.0714685785861463e-63,4.113389217711002e-60,1.7708280685100902e-26,7.836383943171268e-61,2.1126318466270278e-49,3.3373707957067076e-15,4.684494433312517e-19,6.453875431893216e-36,9.500154601603545e-27,1.272547574327415e-29,9.393248061542973e-52,5.96655805557721e-37,1.1662196056976448e-32,2.0446539592567538e-31,3.5460855339467306e-30,1.8054321128926096e-29,947.8831616944352,0.1352703808706546,2.6442551405836933e-05,0.5614964255799376,2.9619861146961125e-05,5.394159243966147e-05,0.4383935704150699,6.875150096733547e-19,8.555742342601745e-18,65159.03
9.334247828160457e-28,5.1836008987486633e-11,1.3250278241583217e-24,3.3872326706069968e-18,5.639370104845437e-26,1.4321352099559582e-09,5.405915177883659e-12,0.023368979456098293,0.023368979456098293,0.023368979456098293,0.023368979456098293,0.008653032242567435,0.023368979456098293,0.023368979456098293,0.023368979456098293,2.2703902504236544e-06,1.0245028128474611e-09,6.314828536351377e-11,9.139904078685e-21,4.503655641287677e-16,0.023368979456098293,0.023368979456098293,0.023368979456098293,0.023368979456098293,0.023368979456098293,4.436611483878204e-09,0.023368979456098293,0.023368979456098293,0.023368979456098293,0.023368979456098293,0.023368979456098293,0.023368979456098293,0.023368979456098293,0.023368979456098293,0.023368979456098293,0.023368979456098293,0.023368979456098293,0.023368979456098293,0.023368979456098293,0.023368979456098293,0.023368979456098293,0.023368979456098293,0.023368979456098293,0.023368979456098293,0.023368979456098293,0.023368979456098293,5.2569500993022853e-20,1.204402611674815e-21,2.7296333560772305e-27,3.4465767816301134e-27,8.819464540575087e-39,1.1116942904027445e-14,8.472930304716412e-26,0.010309230327304242,0.023368979456098293,1.860021124543147e-12,1.9980933290663406e-18,0.012171846314376048,6.991841945383343e-20,3.439738594614415e-18,0.023368979456098293,0.01006873496355204,5.580898334516808e-13,2.984715178871809e-21,3.054620107677201e-32,4.178691618596251e-48,3.179257547415615e-13,2.0540210833728783e-09,1.7972966869169928e-26,1.0457040370249683e-51,1.6239289938907013e-63,4.1197537198405055e-76,8.472183560944882e-32,6.920277663442044e-10,0.0006667179779699027,1.8949605104484793e-26,3.2145561392351486e-10,6.661519293362436e-46,2.481190807906925e-20,0.023368979456098293,0.023368979456098293,0.023368979456098293,0.023368979456098293,0.023368979456098293,0.023368979456098293,0.023368979456098293,2.978365307719076e-44,3.911954322892306e-35,8.090411972079286e-36,2.5043263982834963e-27,2.941843024502709e-14,4.360855906846351e-47,8.056137105296086e-16,2.6952956190909146e-15,2.3795097208439584e-14,4.0409691638997783e-47,4.495847510596135e-30,8.963904853095925e-49,1.765532567319337e-29,2.1702586604934882e-15,5.136698108463434e-44,6.224783668889916e-33,4.7840323113589246e-17,1.8836213984675325e-65,6.675167486319089e-48,2.5247930628997588e-39,3.1470028192458885e-44,2.5434669858716575e-53,1.6876900187491022e-37,1.6601176651150707e-58,8.292836130026468e-61,1.5749320245443523e-40,9.817440689756099e-56,2.9664441192403568e-46,7.001900551112259e-32,7.206972874187235e-23,1186.3330996129569,87661.3998434868,0.5028111499437332,0.0007101764772528,0.4958174734988114,0.0006217363627291,3.946371747326529e-05,1.178921912142423e-24,1.392874407309011e-23,84991.87
2.0720471927653671e-38,2.2748837583278604e-23,2.3615561739911148e-14,1.3159041457180068e-44,1.662837997593823e-19,7.767342107994385e-11,1.43815353642684e-48,2.7128245337716264e-16,2.319613267218964e-19,0.00018348371202270023,3.735649741582143e-18,2.7414300929096133e-48,1.1873537575692024e-21,1.1879366142586776e-46,9.140517185051133e-47,5.100335473043002e-46,1.957651209699678e-21,1.3246245434978998e-07,3.6375145257057986e-24,7.184772749329428e-18,0.03855223203649895,0.03855223203649895,0.03855223203649895,1.6230973202343607e-15,0.001521312201414302,4.694233940145192e-56,4.606807327314236e-47,3.9608525624671885e-45,1.4306505848791634e-23,0.03855223203649895,4.229764830929434e-59,1.1061724718553046e-55,4.368037932831496e-28,1.0122634456562829e-76,1.670222330553636e-33,1.0064365439298404e-14,4.9858744069731644e-14,5.11525487242186e-26,5.828006807072342e-60,3.2877295613639373e-56,2.5042274737533672e-17,6.018034650970441e-12,1.1131597424493867e-75,1.8641285764892212e-71,1.0656477019071188e-37,4.985313901311494e-82,8.045201023984666e-24,1.3653385584106363e-10,0.012226516123747515,0.016415647357142422,0.028823708357270137,2.6423901122976287e-13,8.47179862971055e-13,5.644148634803106e-14,3.2943668842763745e-22,9.489081877567542e-26,1.6984455018490012e-21,4.2696151201920545e-09,7.57693965302885e-17,0.03855223203649895,2.184008929782635e-16,1.6277636313679756e-24,2.502954394141828e-38,0.03855223203649895,0.03855223203649895,0.012971526070259117,0.0005122589640584006,0.03855223203649895,0.03855223203649895,0.03855223203649895,0.03855223203649895,0.03855223203649895,0.002091841378792103,0.03855223203649895,0.03855223203649895,0.03855223203649895,0.03855223203649895,5.768566514070246e-12,0.03855223203649895,0.03855223203649895,0.03855223203649895,0.03855223203649895,0.03855223203649895,0.03855223203649895,0.03855223203649895,0.03855223203649895,2.783436521979771e-73,5.375529452549814e-73,3.928546847753596e-74,5.498143961485777e-75,6.325523840665748e-30,1.8760284200878723e-65,2.1270723155560777e-35,5.747801481546716e-16,7.626874372935345e-69,2.191611278112207e-65,1.3237427763133665e-54,1.007376538926501e-52,9.212757127685405e-39,1.0955993238357115e-36,1.230315617001564e-73,7.589346468539697e-71,4.004278180656336e-34,3.1957524434589366e-66,9.027678231311437e-55,5.752219198861147e-16,4.421185164835107e-19,4.5733731047331163e-38,4.775051031929167e-29,1.1013932496150107e-29,1.76060682984814e-56,1.8748131351870743e-41,1.6881921252180941e-34,6.622342044184238e-34,1.7891055942210978e-34,1.934159366797223e-34,891.071196317675,185.3855970135217,7.244825435935328e-07,0.5647324362373947,3.091722766682069e-07,8.162267797303543e-08,0.4352664484851071,7.675213767446243e-22,5.9354986468250926e-21,92203.63
1.655300181687201e-24,5.783361837528998e-14,8.577626906888485e-13,2.1070018410807576e-41,1.3013643917714454e-22,1.1515261778221261e-14,3.7068876147758006e-42,2.4867264938074802e-29,2.135976898073142e-31,1.36852656242577e-24,2.75612171436027e-24,3.879527872121246e-40,3.1341559318748456e-25,2.4681210079662304e-37,5.5202179833738555e-36,3.0123745888711164e-42,1.1492227820797874e-34,1.5352790980251664e-28,2.7271974104209695e-46,6.867549338620901e-42,3.2921916007871347e-12,3.591279405295881e-17,1.449069565606216e-06,9.388369056074604e-29,2.120499701987703e-28,3.660714682668475e-60,4.331041752937414e-52,4.24036645662398e-49,4.757563169108841e-41,8.107746763926546e-31,1.687897595453117e-55,6.979756210680601e-57,3.435291476084731e-44,1.8539188626396564e-71,6.063696868568202e-54,3.5306137553756843e-44,2.891479001454303e-50,1.2345701783035161e-42,6.187936220238605e-74,2.3357202102991085e-69,5.5584906729394004e-67,1.7716929844496395e-47,2.5798990671852657e-96,2.4369340421740305e-97,8.707874998922284e-89,6.762664356610179e-112,1.4037789721901383e-23,7.439177649030343e-18,6.704016536578199e-16,8.371365389451592e-16,1.7871213575409134e-19,4.597331609160588e-10,3.178524288029698e-13,8.50060633689555e-15,2.9365690415439925e-11,4.093922851918646e-23,5.239891575015897e-30,2.073917976260196e-05,2.6653629280685878e-14,5.743283848875233e-07,1.0036936807523097e-14,1.214194030019395e-20,4.082709811325873e-38,7.410458845570692e-11,6.13722762953046e-14,1.2621953070030818e-21,2.725455008237147e-19,2.6360259864766928e-08,4.481928715316742e-17,3.563344264547655e-26,4.202068178252847e-30,1.2958370750329625e-34,1.485326027800418e-30,1.1840188462993022e-07,9.595625704662824e-11,2.9961349079472197e-07,0.9950685432457932,2.951478655280575e-18,0.0049082491368813005,1.7223731132979113e-13,9.014445795851479e-20,1.550549083499109e-25,7.77791936141553e-32,7.258566958279286e-37,2.8242538443536052e-42,2.957815471601387e-48,1.1375503590304432e-64,1.4777098769926026e-58,2.3484908318265065e-63,8.848468526459548e-58,7.506250129623417e-36,1.6403029679376446e-68,1.2095589337799497e-41,2.3630810299946406e-25,2.2711986218693767e-66,1.1049903759622465e-46,4.12720510775062e-33,7.115877363521439e-41,3.174956908994184e-25,5.952394965478754e-28,2.55735853084694e-50,2.4461816683591095e-42,2.2229852700056954e-24,1.8662678974404675e-58,2.0697518386404498e-44,1.1700889339162214e-26,2.0018440958834325e-26,2.591978258451977e-48,7.24446845816132e-36,6.828116065131464e-46,1.3243432317920111e-45,5.511725394816479e-29,1.5322984582938893e-33,4.697217917474189e-27,2.0047378657646507e-34,2.1722027869306293e-28,1262.8086251211669,3180.85728400118,1.4186577983951704e-05,0.6671699567451279,4.822972353877265e-07,1.7572254259128937e-08,0.3328153568073984,7.1255762289672545e-22,1.9567928567240844e-20,99910.086
1.6554768673567311e-34,1.6882194338233753e-17,4.065788822577298e-12,5.539031244856201e-37,2.3880231876287183e-16,7.413557313873105e-08,4.391833689875198e-39,2.921322325934823e-09,3.591459129057557e-12,0.035346070219681454,1.0893750852802387e-11,3.567010751902499e-37,1.9805385066656083e-13,5.345937159734686e-34,1.586417973333194e-32,5.60737189431694e-35,8.702701774672924e-16,0.0003232486242966005,2.616726541589109e-19,2.592881104106088e-13,0.035346070219681454,0.035346070219681454,0.035346070219681454,6.213221182001023e-10,0.035346070219681454,1.691673876140734e-45,2.6927548617580846e-35,7.66543326213235e-32,1.657129647496516e-14,0.035346070219681454,6.564387355752813e-42,2.7063424775128583e-40,3.8184518667289147e-17,1.1834006128597637e-58,6.547732468108439e-25,1.3527566341996507e-08,2.592560530234003e-07,1.7729531306840018e-18,7.172085010812217e-47,1.2201631695502895e-41,1.0886001841238419e-09,0.0002380528228187004,1.4661733727572613e-59,3.1792631639057584e-52,3.706106729887702e-25,2.789216403187591e-63,8.835775592683415e-19,8.894103433852943e-08,0.035346070219681454,0.035346070219681454,0.004113458561850307,1.9006494204171504e-09,1.4547717028554234e-10,3.6377505951430316e-09,9.726590247732997e-15,5.634324519321218e-19,7.223876120425929e-16,0.0008195999476439015,8.65150538518809e-13,0.035346070219681454,7.858503941609252e-10,3.428699090576738e-16,1.2847986200443534e-28,0.035346070219681454,0.035346070219681454,4.2532200942100773e-05,0.03153251666859595,0.035346070219681454,0.035346070219681454,0.035346070219681454,0.035346070219681454,0.00040881292340440073,0.008177435337281314,0.035346070219681454,0.035346070219681454,0.035346070219681454,0.035346070219681454,4.685983073023592e-13,0.035346070219681454,0.035346070219681454,0.035346070219681454,0.035346070219681454,0.035346070219681454,0.035346070219681454,0.035346070219681454,0.035346070219681454,1.7263966814824506e-63,6.433177312032301e-65,1.2125476542403104e-62,4.095069793091523e-65,4.1101238183548633e-22,6.914230297321445e-57,5.757674692348275e-30,9.896689000092014e-14,1.4482980585323219e-58,9.830860369203745e-57,3.807294511668727e-48,3.409214600779436e-46,1.3408714181798045e-34,1.0962361667290053e-31,6.669962318628427e-63,6.292454550108432e-62,3.2505713225353455e-25,4.9127691928005096e-60,8.283847176039082e-51,9.896698758001912e-14,5.3710119367827635e-20,4.190871444936915e-34,3.5324868309408614e-27,1.0415848092749742e-27,1.8450168902152445e-51,8.151751695980353e-39,4.383177180504463e-32,3.38969301682574e-33,1.4464116084613853e-29,3.210292869488478e-31,934.4121933338204,0.1464276734667743,5.5983698766280673e-05,0.5269704370733316,0.0235461547721729,0.0007721952790669,0.4486552291766623,8.719624537377434e-19,7.006841146106867e-18,121436.984
1.1255315561648789e-09,1.3673886991046401e-08,0.04650414625144538,6.401585470939538e-08,1.0832360806627533e-07,4.460599343913793e-08,3.1385379174578716e-20,5.431112214993072e-22,8.193033199209991e-23,1.8664315346608552e-26,2.154690483514651e-18,1.3048848506764976e-31,1.1321655590106533e-31,6.935074206438527e-43,3.088394061745025e-55,6.743174441033824e-71,4.490546036746652e-12,7.508807470148651e-16,4.192962894285036e-25,5.039312644068137e-23,0.9534568895449466,5.3666731365626005e-15,3.425259828949827e-05,1.3274691921362815e-13,1.956073123765038e-25,1.7594190606165688e-15,4.622139348813041e-24,3.1397098775006104e-35,1.0916170025195207e-44,8.990390330126606e-54,2.730033833704788e-63,5.809153337386344e-71,1.9009732943040916e-77,7.020096415709126e-109,6.696749477283942e-20,9.243557139617066e-22,3.0592972878902666e-26,7.895103087654438e-14,2.4961034684756074e-21,2.5831924104013916e-31,1.2368190280580283e-39,3.543133103518639e-22,1.8678271440813455e-31,2.128292401767422e-133,1.8698185294674344e-42,3.8885493336604605e-38,4.480934942349227e-20,4.447229743675342e-24,6.68215290493681e-30,7.616325570729473e-30,1.0602106378508614e-38,7.778671874117806e-13,6.291097267821823e-21,4.8310068929205257e-20,1.450722037557669e-19,3.4020821796876925e-32,2.6761148724686442e-43,3.3807553320711364e-23,7.905855190138671e-34,5.042630658742175e-56,2.0268842500977387e-32,1.0683588715428656e-43,1.6334797654456847e-71,2.2245466505083084e-08,8.556293152699012e-17,1.396393945174813e-27,2.24654630615617e-17,2.088018628861711e-08,2.1440982964673395e-19,1.4439190737062014e-36,5.907396040356926e-46,2.2903110523391862e-54,2.672386271020665e-26,4.186020373846585e-11,2.6244169142237432e-24,4.435561901775946e-06,9.353025719055018e-15,4.6401326595566884e-18,3.493064942471605e-23,5.252042995917657e-19,8.805474120430395e-34,4.22988078660256e-48,7.896006642662381e-64,1.1667274921703687e-77,1.962859292617985e-91,2.386836536250549e-106,1.5509886617112335e-12,5.2515002329361694e-23,4.208741867766396e-24,1.6699515795890202e-34,9.74450780570532e-18,2.600753793532835e-21,2.6945770680209915e-22,2.8675942044877926e-20,1.9312391084318566e-25,8.184980262890177e-18,1.2994664882390525e-24,5.4209094616095165e-21,4.1863148051303675e-27,2.4059730055889448e-33,3.0392832460815046e-31,1.2305143154023974e-40,3.067117774843547e-38,4.4616650901452265e-18,1.1944973935025681e-24,1.0531251774342058e-09,1.726242277587891e-29,8.633244880614349e-21,6.301521331901209e-28,4.3615026224794866e-26,2.365807213207597e-11,1.3502146019099413e-16,4.546455847089889e-12,4.596246978121468e-22,4.2651000000912204e-11,1.9775308899799094e-21,2626.9513341361217,1.4220712597144964e-06,7.0002588590808595e-09,0.5118926074178956,0.4881072739536325,8.875075565261458e-08,2.2877457337243366e-08,7.906342872720133e-12,1.7597988974764167e-10,131377.73
3.568219755600306e-24,2.3913682731738822e-09,4.289228268367385e-21,1.1653385710912607e-15,3.203011444421989e-24,3.320321105702921e-08,1.6053369084411738e-10,0.024161435504426534,0.024161435504426534,0.018553732660923427,0.024161435504426534,0.00737488531201071,0.024161435504426534,0.024161435504426534,0.024161435504426534,1.7936045780185166e-07,1.7850273040763597e-10,6.845703447547614e-12,2.351246051311005e-22,2.820037421415466e-18,0.024161435504426534,0.024161435504426534,0.024161435504426534,0.024161435504426534,0.024161435504426534,3.888294130172764e-08,0.024161435504426534,0.024161435504426534,0.024161435504426534,0.024161435504426534,0.024161435504426534,0.024161435504426534,0.024161435504426534,0.024161435504426534,0.0019129348720688028,0.024161435504426534,0.024161435504426534,0.024161435504426534,0.024161435504426534,0.024161435504426534,0.024161435504426534,0.024161435504426534,0.024161435504426534,0.024161435504426534,0.024161435504426534,0.024161435504426534,2.8512263803668365e-19,4.647336282469798e-21,2.3533028612679506e-26,2.9027464344664127e-26,7.910253226753563e-37,9.822764154552725e-13,9.48788888696491e-23,0.017701029120508225,0.024161435504426534,4.715721238021768e-13,1.375993249305496e-20,0.011658581836477718,5.698867410482138e-18,6.6175414519799615e-18,0.024161435504426534,5.055151248516867e-05,1.657864349081166e-16,2.399715763990405e-20,2.447630966812187e-30,1.2349813527261308e-44,1.5794416401053523e-13,4.951114867340317e-12,2.740942350846261e-27,7.473973515281393e-50,1.0161730149130271e-60,6.065966003482227e-72,9.491628472021631e-34,9.564243066220869e-09,0.00045203437152430067,4.8876875976562173e-23,1.8851392271101002e-09,2.348109477440125e-40,8.834757213791415e-19,0.024161435504426534,0.024161435504426534,0.024161435504426534,0.024161435504426534,0.024161435504426534,0.024161435504426534,0.024161435504426534,2.7600853368392744e-38,1.3103737494930202e-30,2.9533191031265674e-31,5.0940190597764524e-24,7.780634454451694e-13,7.329506246314064e-43,5.642929818467708e-16,6.136331433276941e-14,6.160449255385714e-13,9.280457770301744e-41,3.82960727202352e-26,2.3573777121816493e-42,7.513115397873699e-26,1.016604706276298e-13,2.9320549402500483e-38,7.988988168070127e-29,1.5694777986014315e-15,1.735738265022371e-58,1.9676656662624155e-43,4.445283168656821e-36,6.226547986693046e-41,3.6354538238238414e-50,1.4433537462627505e-36,5.4761856843354666e-55,1.354751893475825e-52,3.884824189962367e-35,1.8541013833318123e-48,2.1389817641662342e-40,1.3865539435394024e-27,5.885312527343718e-20,1359.8654799493038,15789.460786994952,0.5214336403211018,4.598319662432595e-06,0.478559623399439,1.377860750866009e-07,2.000173721726778e-06,1.436496826400069e-24,1.0227857403968492e-22,140602.27
3.2704049886175934e-35,9.616634837124122e-21,3.097475534808553e-12,2.529123950318131e-31,4.670816501375667e-17,6.017783353475326e-10,5.113488313362033e-35,1.4868058753014694e-10,7.661166637403057e-13,0.033682202101024815,5.317906469331201e-11,1.299325277815437e-35,9.680012633903242e-15,2.6832451686741615e-35,1.6772736936075957e-36,1.7493883825317337e-34,1.2947871431445933e-13,0.020357157141359508,6.118334748079472e-16,4.030675962916744e-11,0.033682202101024815,0.033682202101024815,0.033682202101024815,1.0681595051215352e-08,0.033682202101024815,3.277166994381036e-35,3.638724992351182e-29,1.216816172771336e-28,7.131710675786466e-11,0.033682202101024815,3.5497283165902497e-41,3.9421712167486714e-38,2.03823677689953e-15,3.0928056853138518e-55,4.775853362673773e-18,0.006422369937080702,0.0015339045819200005,1.50706242279665e-11,1.5335505572054223e-33,2.2020861769403578e-31,0.033682202101024815,0.033682202101024815,3.354046770169284e-41,5.420252067725064e-41,2.8413311853357004e-12,1.7328066068713537e-41,5.400009950436455e-21,3.0659845281009775e-10,0.0013635617913718005,0.0017299986018085006,0.006307183794880202,4.165849932772937e-12,4.360211595782626e-11,5.660854229150896e-13,1.3134213276108771e-20,2.7439914837244493e-23,2.2085378488077028e-20,8.83808354716265e-10,4.7225417085928206e-15,0.033682202101024815,1.1098354195425868e-15,2.5459221796509841e-23,6.922121467973258e-35,0.033682202101024815,0.033682202101024815,0.01902761628568911,0.00010494484825110005,0.033682202101024815,0.033682202101024815,0.033682202101024815,0.033682202101024815,0.033682202101024815,5.158801763755317e-05,0.033682202101024815,0.033682202101024815,0.033682202101024815,0.033682202101024815,3.1799715640932673e-09,0.033682202101024815,0.033682202101024815,0.033682202101024815,0.033682202101024815,0.033682202101024815,0.033682202101024815,0.033682202101024815,0.033682202101024815,1.2337758136304364e-50,4.076891972830741e-56,4.984722962890883e-52,3.545207432329465e-58,1.8457178268123402e-17,1.468740009897913e-44,2.7311056465269406e-27,6.690709544254461e-11,5.0204123650494146e-48,2.2870550391158285e-50,1.0209593447377127e-47,1.1389657660654316e-39,1.0667180602328556e-34,2.1555998147208136e-33,2.9653768775864956e-57,9.967241528505014e-61,3.616161991434537e-27,3.735592198514215e-50,5.475319575194579e-47,6.690704604955952e-11,2.398572933491729e-18,1.0881612539763287e-28,2.6267024656357392e-27,1.3851160782342322e-21,5.89730664046446e-42,5.403349352844127e-36,2.509324350691678e-24,1.8871979420238914e-29,2.0652968144443888e-25,5.206233493767783e-31,1156.0835751940551,34116.71421962855,1.7662790627674917e-06,0.4968186698952081,0.0752452321192455,2.0201743269734345e-08,0.4279343115047401,5.98810476802388e-24,5.026856371051626e-23,148794.19
1.541494407890995e-26,1.6078930054352717e-11,3.8459277968686513e-22,2.6680801612525688e-20,1.2054617972039877e-18,1.1621615688433643e-11,3.0959681425453994e-19,0.0014512333098635,1.3963186845781148e-05,6.448347133978897e-09,1.0017371411989874e-11,1.8099518137628407e-15,6.981772600036944e-11,6.03176246376019e-11,7.305137601067718e-08,5.877502553278413e-34,1.4274017444765112e-10,1.4390455577763462e-14,7.823161465434523e-19,1.5918184804560432e-14,0.1054377533411888,0.0003005640892646,3.441469603294108e-06,1.3781030100506085e-05,0.0062510901191385,8.554761597825136e-19,4.1890942647919206e-09,0.0002125371566621,1.6873627038891603e-16,1.7188906552370644e-26,4.194270609836061e-07,1.8167764957160255e-18,5.424353127052093e-26,3.8237084354137334e-39,1.4116412204207026e-09,5.337363774976935e-10,0.0071119189908403,1.2637610995080466e-11,1.992657573892903e-12,3.806359670094416e-06,2.2875443227558473e-09,1.6268817895641377e-06,1.6611329649436144e-14,8.648478826602303e-45,0.7144384279837876,6.480964378519342e-10,8.707971015574628e-18,3.553356056957906e-22,2.930629109181008e-30,3.6466230524153795e-30,9.017496251707797e-44,1.142721242241277e-17,9.39444101061243e-31,5.529093449680157e-10,4.456564467620336e-07,1.5269197985053636e-15,3.49604690443404e-19,2.486105373283562e-11,5.064042880441567e-30,1.5663927047912487e-40,3.9681140350670775e-08,2.391991200687184e-11,1.544653371295631e-23,4.142685942387439e-17,3.9344211184846425e-30,1.130539088846216e-47,4.747289773481965e-13,0.1647588263966184,4.245819029435774e-20,5.610187084908814e-49,7.440568808030873e-63,2.9955829964496156e-77,3.608101842646602e-20,8.958793494523557e-15,1.7710276725575596e-15,1.0522132927854396e-26,5.3627396479066395e-18,1.764539442006869e-47,2.8150055357813593e-30,3.5417466816598625e-08,5.223702215361158e-12,2.5122108395336287e-15,3.2568763534225136e-19,8.309133291784301e-22,9.177084626068806e-25,2.597833417526398e-28,2.889493201898634e-40,6.128862236537856e-40,3.49528326063441e-37,2.295225058157717e-37,3.0421550229673207e-20,7.012373684379019e-41,3.0421705907859414e-20,2.1425524384316123e-27,1.0259070850041748e-27,9.569198457417154e-41,4.139269384754456e-33,5.0980396336779835e-45,2.3243646880228668e-35,1.0465496726187102e-25,1.7134297606326882e-42,2.4911630585768387e-40,2.6408380316881885e-25,6.435532354113683e-51,8.083207801763767e-43,8.985045351982068e-30,3.417456352451033e-45,7.333546320428296e-38,2.551399631506347e-31,1.7767623868759494e-45,1.8533998894235912e-51,7.800431328121176e-41,1.2552313310864453e-49,6.335215674357373e-49,3.412725643967928e-28,6.159203447949108e-28,1289.231216891745,1495.7092844823396,0.0003887095880421,0.0216676993019695,0.6117630567775382,0.3635545647391929,0.0026259695932571,8.330383255240263e-22,4.2246943651575614e-20,158344.78
4.370205420312954e-26,1.774688504138235e-10,1.0360323023974246e-19,9.8319637270564e-42,1.9046163245689156e-27,1.3708557642195837e-14,5.145748218637512e-39,4.8588559291762473e-20,3.4242317235174346e-23,1.4247451945460387e-19,1.659861908239912e-19,6.236997785994934e-32,2.867618631556564e-16,1.9204952019134906e-23,9.906341598593623e-17,2.6168270650578096e-39,4.080168437576602e-32,1.3516939310620416e-29,4.946641733119668e-49,1.4113016680434742e-42,1.0384304050704582e-05,2.085841467751419e-11,0.0016526703717284542,4.541356977343233e-22,6.307712057644986e-20,3.713862399062783e-56,3.87669638700332e-40,2.425260117624154e-31,1.457316391617286e-32,4.8360883200192225e-30,4.745277144529696e-32,3.4632403560994495e-40,2.998054110962213e-35,7.98970450292162e-60,3.631962220434876e-47,1.3758945510285051e-39,2.6799476727328375e-41,5.009288469311857e-37,7.958354363988929e-63,3.439345632334821e-52,5.136661871646906e-59,6.494030204309745e-37,1.4312728726948635e-81,4.937247601403558e-83,6.7505009905280526e-71,9.863358713104457e-91,4.290156135113296e-25,3.418394728137672e-23,1.0771085720140106e-26,1.4551042298437904e-26,6.012770839411988e-38,7.446859085729909e-12,5.339451204994597e-23,4.955756675863286e-11,0.016944880451815057,2.8337285152438613e-20,5.1065617286912006e-30,0.9813896191720616,2.396172922140495e-20,1.2450963276194218e-20,1.0558138883270825e-06,3.4079188954204406e-12,1.1103438028151004e-33,3.426128402863401e-17,6.608741622887662e-28,4.303107271051208e-45,9.622062908415753e-22,1.1196334797902653e-06,9.80926287830239e-26,2.4882202516178166e-52,1.1312272527203847e-63,4.8350967670528335e-77,3.4039250566867393e-39,3.7585369915497056e-11,2.4533168396297527e-14,3.652620714058361e-18,2.6994811444102136e-07,1.3999288138671926e-40,1.6684193020117591e-16,8.497913433501505e-12,1.5005130516786973e-19,1.0781011763213875e-26,1.2793934666869288e-33,8.194309353634046e-40,9.621084567802149e-47,8.862081204794496e-54,1.2840787279912563e-77,2.6097700631148377e-64,1.0608172072521162e-71,1.3862685694984805e-59,4.747718866895464e-38,9.622044359965538e-84,6.545481910692107e-40,3.3759950692460945e-29,9.619035733286417e-63,4.9774895263382683e-60,5.6894432808840196e-36,9.44561226277307e-59,2.022066757048753e-31,8.625294508611218e-28,1.0196971458439498e-61,7.493180093425614e-46,4.4598581022434713e-26,7.859878975716868e-82,4.365076775419803e-57,5.5023055717465736e-42,7.931387718348321e-44,4.254928979998302e-67,7.436992742441649e-45,3.584997155149274e-70,2.2402456545291321e-69,5.692500367578073e-41,1.6051484873095294e-58,6.552769493839927e-45,2.6179932087110884e-45,2.881964873870651e-32,869.5878675000179,0.0009271248964508,0.6693152613936347,0.3301260504500958,0.0005574929464719,7.507197513170078e-07,4.444900462647494e-07,4.273389201730957e-15,2.835976470239635e-14,187069.36
1.1408137875825357e-37,1.4453520292700508e-15,3.4702209814700903e-35,3.3896284458779523e-51,1.6620987209221683e-35,6.7991211180400614e-18,4.2233327867843623e-44,5.119047573413878e-18,9.91927630206515e-22,3.5721913179401037e-22,3.6647419734133965e-26,8.11462053571102e-32,3.515917579308251e-18,8.328370085539066e-18,9.661323852416007e-06,1.4583844359180148e-41,3.59748458723353e-36,6.444759710776383e-38,6.84925981543855e-52,2.293878052899949e-44,4.643158635484175e-14,5.5089816453592727e-14,4.822037990026025e-16,9.074275595110833e-22,1.5087768284638456e-12,3.491448307916369e-63,1.801744278770298e-40,4.4319019206900005e-26,6.7835308083422914e-37,3.4688362707046463e-43,1.0925951710546938e-18,1.0025354044118234e-32,1.4248539517605405e-36,3.2908758719443116e-52,8.032043383048218e-49,8.656359180407324e-45,6.802110487881773e-38,1.2494752074617617e-45,5.266166733742595e-66,1.30403655238237e-49,2.4899353880433265e-58,3.6979439306148336e-45,1.2057199679716752e-82,1.9755588129556776e-78,1.8063801834078071e-62,2.7744710991863877e-88,7.368392281535466e-29,2.374553779338846e-31,4.440135213697447e-40,6.253100144443059e-40,1.0425631920014335e-57,4.2197853799077296e-22,8.604574928918739e-40,7.545731808698526e-10,0.027774078556133,3.2916512996867843e-19,1.6830165050510115e-26,4.63806372714059e-05,1.261358326665836e-32,1.6402177552244057e-35,0.9721576021799588,1.205902785802389e-05,1.1048635908663254e-22,1.899951926861071e-28,1.5959576085743057e-45,5.0521153194403866e-70,1.9522478918555522e-22,1.7784297729165698e-07,2.925470874840844e-34,1.0047205860447634e-74,2.6807912131249246e-92,1.191515287535227e-112,2.2835248416281518e-41,1.0064600855031481e-18,8.16739759248935e-16,3.983881511608642e-38,7.269073459759846e-19,7.464311996341469e-69,4.758938077033574e-34,3.9503515755092783e-08,1.6856921006954137e-10,3.3452833174188565e-12,2.691724588036293e-13,6.159234644604364e-14,1.6917264315660984e-15,6.328437970629693e-17,2.7341972535269362e-92,6.719877557142843e-78,2.0553226151134692e-81,1.4506465058734922e-68,5.428865266408575e-47,1.1224709920870994e-95,1.0402215461517062e-45,1.2451886624043294e-46,2.7073346523582546e-71,1.6442178156894893e-72,1.148708315512306e-45,5.3038570981844136e-76,2.871587066464538e-45,8.417326664502858e-30,1.3056336666207304e-70,2.6646969605107e-53,8.41733331536405e-30,3.636859447185375e-98,1.5926432806727338e-70,1.4062801091984342e-56,1.5390899182473863e-64,3.8549205115005316e-77,1.8167672325060732e-52,1.8628765286752966e-85,2.967161396800017e-92,2.171579167270341e-60,1.9129478301216004e-84,8.803909284768976e-70,5.742325785074605e-53,6.144571623565113e-39,748.8940159926705,1196.6813665898976,0.6729035311453221,1.5606159719621744e-05,3.2501677594379227e-06,4.1771416834530626e-06,0.3270734353855154,0.0,1.6848440940770992e-20,276708.1
4.832701613468134e-27,2.9051394074813155e-10,1.0557786354946978e-23,4.884302043922245e-19,1.9998163015245272e-26,1.665333302139452e-08,9.031533594022165e-14,0.024755788102100204,0.024755788102100204,0.024755788102100204,0.024755788102100204,3.8507575299907785e-05,0.024755788102100204,0.024755788102100204,0.024755788102100204,8.569476511996044e-12,6.189857429999978e-11,3.5557944080079022e-12,3.1867722949992818e-24,4.590891638970266e-19,0.024755788102100204,0.024755788102100204,0.024755788102100204,0.024755788102100204,0.024755788102100204,2.20441486223589e-11,0.024755788102100204,0.024755788102100204,0.024755788102100204,0.024755788102100204,0.024755788102100204,0.024755788102100204,0.024755788102100204,0.0016350474797265002,0.0007587648000109001,0.024755788102100204,0.024755788102100204,0.024755788102100204,0.024755788102100204,0.024755788102100204,0.024755788102100204,0.024755788102100204,0.024755788102100204,0.024755788102100204,0.024755788102100204,0.024755788102100204,1.995649353220496e-21,3.822697921011982e-23,3.066487508983978e-29,3.941326212296722e-29,1.0952526628093661e-41,2.444008301704441e-14,1.762961368383543e-26,0.015568115208570701,0.024755788102100204,1.2992235926058325e-14,2.8949768559106863e-22,0.014869414329714302,1.922450277617661e-21,1.5371736120207953e-20,0.024755788102100204,2.4880002785203673e-05,2.90740917950329e-19,2.99148398866748e-21,3.478948859454187e-33,2.0247081508408628e-50,9.116543387404537e-14,1.9905666080995605e-09,4.9135906150472575e-28,1.145172858796893e-55,2.251605101753957e-68,3.4032889486360415e-82,3.494972465776268e-35,7.674382353371937e-09,0.0016295035004825003,1.155188786199575e-25,4.416417380601275e-09,6.377561200166441e-47,5.661459588070205e-20,0.024755788102100204,0.024755788102100204,0.024755788102100204,0.024755788102100204,0.024755788102100204,0.024755788102100204,0.024755788102100204,2.3373436436916835e-47,8.220830980316075e-38,1.3293679799090633e-39,7.8636009784421205e-31,7.448083989157307e-16,9.583261197279395e-52,7.90468369705667e-18,5.887689788497156e-16,2.4193440855615968e-17,1.3557720599346141e-49,2.26206495500625e-31,1.7429907944974495e-51,9.632185256432533e-31,1.2409835107720994e-16,8.975304874392133e-48,4.176906252839635e-36,1.5708675224904267e-19,1.635608073710591e-69,9.722253979419706e-51,9.18776682057972e-41,1.4769536367731405e-46,2.2649988103382928e-57,1.570121558560931e-40,5.117936575330726e-63,3.9142193476073043e-63,2.2011453025360174e-41,1.526375559260677e-57,1.1880927260197113e-47,1.0555874972536797e-32,2.6353752377009474e-23,1081.8569500703693,62.71351953223257,0.5879134051804017,0.0004491048206517,0.4115442332215321,3.231756259224524e-05,6.093921482214887e-05,5.306537208939312e-22,1.5978573151361703e-20,315492.44
3.613972277617116e-20,2.143349811951026e-12,3.1214597414862353e-07,2.611959155767352e-22,1.765319382980309e-10,6.709703366169268e-06,2.052787011848419e-24,4.119632887204373e-11,2.5982459740839834e-12,8.01053360328448e-06,1.0001583006872522e-10,5.102902908290879e-25,1.4283708507064292e-13,2.5482410027191257e-25,8.062613355094817e-27,1.022465021225005e-25,1.602234897560833e-12,2.4087971879169163e-06,1.5811603284198674e-14,9.60369541650106e-12,0.04283858702115694,0.04283858702115694,0.04283858702115694,2.3497495515293618e-09,0.0001846559988427002,1.3049537813764757e-28,1.9508530081365709e-25,1.2860812810000124e-25,8.319645730637797e-16,3.969049299395211e-05,1.0240093511284776e-33,1.520836691731075e-32,3.0368013545949403e-19,5.147818588024212e-43,3.4589824347005697e-19,1.5382592868234434e-10,7.200493938828616e-12,3.4882568177524645e-15,3.508016595540718e-32,5.430508669504938e-31,1.1814540003934258e-14,7.304277868126911e-11,2.014671772210527e-41,9.862108726190662e-45,1.4070446239126917e-25,3.670827196414233e-46,1.0848756262695395e-12,8.800796471053472e-07,0.0026492483402114028,0.003108192165237103,0.0013977964546638014,3.4070325944270044e-07,7.586555880849361e-07,1.4453468078844807e-07,1.68190471108406e-12,2.7456488539833552e-14,1.6332884914553365e-13,2.7470818195817115e-06,1.8350183951743584e-09,0.04283858702115694,1.8184357928267301e-09,7.471407324229539e-15,2.916291310592002e-22,0.04283858702115694,0.04283858702115694,0.0034694466174138034,0.0037113337400043037,0.04283858702115694,0.04283858702115694,0.04283858702115694,0.04283858702115694,0.04283858702115694,0.00012590659321210014,0.04283858702115694,0.04283858702115694,0.04283858702115694,0.04283858702115694,3.90075038659393e-06,0.04283858702115694,0.04283858702115694,0.04283858702115694,0.04283858702115694,0.04283858702115694,0.04283858702115694,0.04283858702115694,0.04283858702115694,1.4613260812685473e-35,4.227812180097184e-35,1.648418651813377e-36,3.966939925300026e-36,9.497278159152494e-17,3.198322692461212e-32,8.157066009362256e-19,3.6996779888866477e-09,1.7219337893917312e-34,9.750207395527613e-32,1.9213781805906614e-26,3.238791940885104e-25,8.3455484985383255e-19,7.337252268899537e-18,1.6750472849694543e-35,1.0160664807262475e-33,8.529505690863962e-19,1.3863939528335034e-31,5.478281820375098e-26,4.275595203764806e-09,5.7591215555464e-10,9.364300709093424e-20,4.903982297142029e-15,9.08188165408329e-16,1.1887240769137791e-26,2.4071867518726156e-19,1.642000625651234e-16,1.315346673709101e-15,5.709336931185377e-17,1.9564858837059702e-16,1974.4042955875111,29139.360939889222,8.581253429157073e-05,0.5584546007238017,3.240065856933714e-05,5.20777337976123e-05,0.4413751083495398,4.8090105597697515e-24,2.0798970671004172e-22,327749.9
4.3311830390462645e-43,3.0704440334670707e-23,3.8803078154907514e-16,6.378053747824637e-54,1.592727132315155e-20,1.0956064922730816e-10,1.4807201978323737e-56,7.798832070768144e-14,6.5294756059724126e-18,0.032151763080912284,9.785372662017693e-19,1.8221963689199193e-53,3.0354168328165664e-20,1.9427027837575728e-48,1.805483883896818e-45,4.2833750974464223e-48,2.28716438625775e-23,5.538101341235795e-07,2.7007395705323174e-26,4.5098663144645985e-18,0.032151763080912284,0.032151763080912284,0.032151763080912284,5.341887819893879e-17,0.032151763080912284,4.1776781560115997e-69,1.2954373671856456e-54,3.705932167811783e-49,2.1129761423842578e-24,0.032151763080912284,1.1886043260478443e-61,1.2704325008989493e-58,2.2958816347380787e-26,2.970543734171779e-82,3.1126363039758817e-39,1.3229960887531501e-16,5.315647669563362e-13,1.1349763200218623e-31,3.2822171670468815e-74,1.2443043386936173e-66,4.42909454215275e-19,7.693508443595266e-15,2.9627951190191953e-94,3.5151987106673827e-78,7.250864171772978e-44,2.2243010687656003e-102,1.1610734349911759e-23,4.151350046194605e-08,0.032151763080912284,0.032151763080912284,0.032151763080912284,3.144452506887362e-12,2.8254936728851053e-13,2.6725749876300647e-12,4.4015844513928745e-19,1.903630806466588e-23,3.9509202578313675e-17,0.0006500538896123016,9.515584502949574e-16,0.032151763080912284,1.1763517973951616e-12,6.831824071653753e-19,1.3524374544836899e-33,0.032151763080912284,0.032151763080912284,0.002644695161017107,0.032151763080912284,0.032151763080912284,0.032151763080912284,0.032151763080912284,0.032151763080912284,0.032151763080912284,0.032151763080912284,0.032151763080912284,0.032151763080912284,0.032151763080912284,0.032151763080912284,2.5264421893746055e-16,0.032151763080912284,0.032151763080912284,0.032151763080912284,0.032151763080912284,0.032151763080912284,0.032151763080912284,0.032151763080912284,0.032151763080912284,2.6710882164023043e-92,2.0453403036555278e-89,8.948891125697979e-91,1.1598683770008122e-89,6.033035143526767e-35,6.805926164681731e-82,3.800347490132924e-40,7.675694973208663e-19,2.5782100405907987e-84,6.887332022794099e-79,1.9261037194001865e-62,1.3946155069276953e-64,7.609470966141122e-44,1.951362497653154e-40,3.1311891884936977e-87,3.428714693914509e-81,9.783073112454509e-35,1.8283578492633576e-82,3.7826447962277346e-65,7.680039524785212e-19,4.344286214392835e-22,2.4613796146026263e-45,2.7292565030541306e-31,3.74145651483311e-36,6.432620670914081e-72,5.169593173540129e-50,3.454193297136895e-45,4.749637002332705e-42,1.7271035443437974e-42,5.002849467426742e-40,686.8535985318422,0.0022421449960243,6.882522656182687e-05,0.6496751110247153,8.809791572375488e-07,0.0027804318638779,0.3474747509056876,5.303385126500355e-17,2.43411778882965e-16,334009.3
3.289774688945242e-38,2.0591944557874734e-17,1.3028243912465472e-32,8.746362747689763e-36,1.096105713429625e-31,2.0780846142949795e-19,1.1666120937830523e-31,1.0108344334735005e-05,3.7253575090950015e-09,4.053890455314241e-09,1.7550442515303893e-14,9.330669977548369e-23,1.1820424122279497e-09,2.7529093694426968e-12,0.0011177742528314003,5.436228638143036e-36,4.673576453984605e-20,3.1918954574421712e-21,5.597668343638638e-33,5.491820311789088e-26,0.9577181219159713,0.004067484854965102,0.03455066696467091,8.633699203988857e-11,0.00011478051246950006,1.071392801618608e-34,4.1476480840363236e-16,2.6973558483795892e-05,2.0238525172121922e-14,2.0757838253145222e-19,0.0016128304258668006,3.676988995278195e-16,1.0087143925614649e-18,7.585887742491568e-39,1.2896684512937005e-19,2.322895605006425e-15,8.184556241866279e-08,6.6826209010509425e-18,3.8179366073160336e-25,2.0575287681001005e-12,3.7573070299424034e-14,7.27272051305476e-05,1.5122332547613532e-28,4.430615303083213e-38,2.5750710200060284e-06,1.1866297460926161e-21,5.721044706796227e-28,8.140271704040759e-30,1.74492213493212e-37,2.406820595387923e-37,1.7551559405789149e-53,6.388817230719131e-23,6.795097799517615e-39,2.17543815928296e-14,1.4636056609922746e-07,1.6271182670405772e-21,1.2394599528341196e-26,1.2793935552633837e-09,9.100760778501519e-35,5.125181790600887e-39,1.8860445658610962e-08,1.7921273687966706e-11,4.0050174389854573e-28,1.4040099468612103e-24,4.972261835959625e-40,1.973735067613817e-62,7.416196556204561e-22,0.0007056994767357003,2.340113766278794e-28,5.312632678831344e-65,5.138897060472266e-81,1.9609873873646204e-99,1.0862194983346925e-33,1.1766855076487322e-19,2.361867414395655e-19,7.361208083103077e-35,2.381735983309712e-19,5.437330992373609e-63,4.217252364295678e-33,1.0933948530134442e-12,2.609036110616203e-17,2.704643162969845e-21,7.267144352939692e-25,7.641138984823065e-28,1.190851006495098e-31,1.9203438760530717e-35,1.4476109380402994e-71,3.7784107282616794e-63,5.97464967130108e-64,6.698963208415033e-57,1.8641974318119489e-31,6.38584556144902e-73,1.915368043650725e-31,4.713074290680569e-33,9.155346534338312e-45,5.875386562543976e-68,6.176829809703284e-48,1.2905000211498828e-70,5.183816500364541e-47,1.813314755996666e-35,1.233175047237586e-68,1.7654016461169726e-57,9.847770307907871e-33,1.6573547774673384e-87,9.620309917193068e-67,2.4895749332368974e-48,3.1982118740825753e-60,3.2092415106593157e-66,3.420408333623746e-48,1.806735655089086e-73,2.8298014315575358e-83,1.4397596820123778e-58,1.719188083830887e-75,8.693318108284573e-67,1.351329089868485e-49,1.711447994042457e-41,804.5144902467754,4203.04892406384,0.0053623282780533,0.5032676656888628,0.488576438668072,0.0006964356414144,0.0020971317235972,9.778089522846554e-22,5.179744720210608e-21,380223.62
8.259188673515233e-25,3.3711298525953232e-15,8.465266598309974e-10,1.6574316937816248e-47,2.0623888528567018e-21,2.205524472662065e-19,5.243031170677969e-51,6.11792318929544e-36,2.93829409546548e-38,4.220518488336245e-29,1.1578797269829046e-29,2.31041944778864e-51,3.451867452452128e-33,8.612894570631818e-51,9.52002636169599e-52,1.2572746841806196e-55,2.7576892570710304e-39,6.551392705530976e-31,2.49280743439632e-51,1.8750809815701195e-46,1.2396956962246858e-13,5.137722398420188e-25,1.0608974479824148e-05,1.7956389323584382e-39,5.94003622129778e-45,8.501173900435428e-73,1.9722229841789173e-66,1.199255130311662e-65,1.4036826787689176e-53,5.868246546855859e-39,7.896813944491948e-78,1.0811257363043811e-77,1.2297989060985687e-60,1.819216481076726e-97,3.9930989728053295e-65,8.900200084001234e-53,3.9832724617103256e-60,8.276499581905899e-52,1.885353100142714e-92,4.997586769309166e-90,1.5772013234268882e-81,5.951363434753844e-60,1.556695507170056e-121,1.231321768466855e-131,1.1731558125210957e-111,3.6405581983313946e-143,3.694375653034646e-25,3.127550850891397e-17,1.8646355854238266e-13,2.370927732971027e-13,1.0012542994765118e-15,1.9831361457529113e-09,2.3640084318583975e-11,3.292264354328954e-22,8.096832581443283e-15,3.1101277480386988e-27,5.609531828541685e-34,7.991211310433959e-07,4.071565452287682e-15,1.2643232941822922e-09,1.062378003154207e-24,5.182857625262192e-27,3.6563049225895567e-48,6.524519935319105e-07,1.1223761686137332e-08,1.7501610583801596e-15,8.806262641660557e-24,8.661292139747201e-05,7.347727145550039e-13,7.608039020475271e-20,2.070612832099107e-22,6.840483773589638e-26,1.293629746186407e-28,4.1487420439593445e-10,1.811698524929249e-19,0.0432065204533334,0.8314486083601901,1.1689886978046105e-12,0.1252461819587431,4.4618665140216075e-24,6.011724392696895e-37,2.7793718152924463e-49,5.606643162694416e-62,1.578131157362812e-73,1.5286213897456598e-85,5.1163812083603664e-98,2.8552079110947753e-72,2.3540717772432454e-67,1.94191477624797e-73,3.3056828396859e-69,2.0433845862530907e-41,7.905386870201927e-76,6.905240608405483e-48,1.5942504969545772e-27,1.5908966040089911e-80,2.154929794244505e-50,2.9700922585800827e-37,1.5293869904448938e-42,4.7786933289009225e-27,1.243153859602049e-37,3.9599625922043823e-57,3.472375638161695e-50,2.16120026214987e-29,3.9694959244024834e-60,1.821390583069215e-46,2.2867962576923612e-23,2.142822459558917e-23,4.1977920752713606e-48,2.9917656939389245e-36,7.143172300779692e-44,4.32640115815868e-45,1.3312877304115236e-28,3.2521660282672654e-30,6.073265581383377e-25,2.975873321341196e-40,1.8489504862472244e-35,1142.785677456178,2.960854841194819,5.20034616334713e-07,0.6895581564699288,3.4420673355929805e-06,5.642194328737384e-05,0.3103814594848318,1.1723393514800011e-18,1.6359462768380008e-17,482840.44
5.735526465677381e-36,1.174710230112235e-16,1.512889190354169e-32,6.509457445781127e-26,9.486031886175309e-26,1.327588189233327e-14,2.927904864438085e-29,1.9895034549994606e-07,1.105987193924355e-10,1.985027168453728e-19,1.1690227972969422e-21,4.319378748192824e-28,2.0276947595919286e-24,1.8554413052763037e-25,1.2427711900430594e-24,7.004115022627736e-73,9.480576750023383e-14,1.2412879307375433e-23,6.786707876891947e-29,3.0415382588299963e-22,0.26469702542674045,5.657203188970793e-07,1.7239852495842638e-11,1.7326551081810176e-05,0.00444884782597429,5.904509443245892e-24,1.4106666659490276e-13,1.267959412360349e-10,7.60224299490827e-37,3.509770919586065e-59,1.390922632674368e-23,2.0120709483147424e-44,2.4411314356842945e-64,2.167547304403245e-89,1.991826067201658e-12,4.0508145755096215e-17,0.0004448564260369391,9.823071840764954e-17,5.529628168701216e-14,3.663770722395999e-09,5.557492159343927e-18,3.0495463654382917e-12,2.07041506033965e-16,1.585572359801343e-104,0.6875617305332701,5.4226150927232125e-09,1.7736706844899967e-29,5.302359042030705e-40,4.401772796630638e-56,5.9918224666641e-56,3.981736133733366e-80,1.3400336089050003e-30,1.4506873040379594e-54,4.3221060305059547e-17,1.426983762565648e-14,1.2199238673706588e-30,2.2098920519268468e-38,2.9169611103828287e-25,5.9263724831178566e-58,5.4828344084216694e-83,9.39153349474066e-19,2.013119356395221e-28,2.0674252593810196e-54,1.0621173889479497e-27,3.343818556043592e-51,2.3728591556854174e-81,1.002458803174021e-19,0.04282943920528206,3.4357799114101367e-34,1.4287438430846087e-86,1.1182446096138872e-110,5.989173496040586e-137,2.5924771390138954e-33,1.440428083111839e-23,1.1476515483687633e-26,1.9238308918714186e-43,4.585659592811353e-32,5.274830246540769e-79,5.44186592414422e-54,1.456893223060744e-11,2.3242613173171533e-19,1.5447766294605164e-26,1.9996516120979462e-33,1.2420388917202703e-39,1.308429121648739e-46,1.1965954272415237e-53,2.248130265101086e-53,1.261951254922143e-58,2.0419036962114554e-53,6.360917774007174e-60,3.0416871786010714e-31,1.912060490215783e-57,3.0416450560933886e-31,1.8570653436249906e-47,3.359335367182652e-40,3.4626346598051784e-58,2.2462864039206005e-52,2.1044662856243295e-69,3.31906786399216e-60,8.155344348902823e-44,4.3677440230999196e-66,1.0323010308147009e-68,5.523666742222847e-48,2.83160621307219e-72,9.35240372310284e-66,9.959016330908462e-44,4.532202099110687e-77,7.81816076211638e-55,6.67234268850696e-51,1.7237520890194754e-70,3.422256892345951e-74,6.56009411610021e-64,1.6269247613394427e-75,1.809860833398167e-80,9.625871809857823e-37,2.8109695415170062e-42,844.5959783636032,0.0002908309919723,4.2683790308950185e-08,0.0556675096074996,0.6350574059359653,0.3074002689357478,0.0018747728369969,1.2028522393197e-15,8.66053612310184e-14,621023.94
6.50716047825383e-28,1.1646344178857164e-13,3.7042547148299804e-22,1.925638821226096e-21,2.938245513976196e-19,6.2496401408465665e-12,1.759937815384782e-21,3.5886374186093516e-05,3.2875142472302405e-07,1.8814583197532005e-09,8.777766047427198e-13,8.707521702265933e-19,4.973872560926366e-13,2.5250109192593726e-15,2.623075492003793e-13,2.064357424162261e-37,3.870216448393189e-11,4.740151222989217e-14,5.502275807613429e-19,1.2276571250248237e-14,0.14832787461983452,0.0023805880236312006,5.92635430073505e-05,7.958919373402626e-06,0.022776955992990604,5.982000608289757e-20,2.8221830510685093e-11,1.2517198462118368e-07,1.3352029752133858e-17,1.9659360583527978e-25,1.44820211329847e-12,6.613425241945832e-23,2.835519584320755e-28,7.166111817636667e-45,3.6833194875443284e-10,1.8055099917338232e-09,0.0067506686705668005,1.3582712882624718e-11,1.5318300988703962e-13,2.5843417290236834e-08,2.3607117022803154e-08,2.4892497467743582e-05,1.1949550471516275e-15,2.364647695260827e-48,0.6422773351453689,4.9569771651378715e-11,1.6608244387059134e-19,8.162149713787336e-23,7.523750050514468e-30,9.376190029757566e-30,2.340353747084072e-42,9.345438268457936e-19,7.6680283937682115e-31,2.365449395193601e-11,2.759294224230545e-10,2.387437280377245e-18,1.5835854820736979e-21,1.8335790996782053e-13,3.2919622473151308e-31,8.594525551465468e-39,1.3851854565992995e-10,3.242691081779233e-15,3.8702680295457424e-28,1.3512609779930717e-16,1.3010552229421071e-28,3.479766514267558e-45,7.511507171380077e-13,0.17735794868783272,4.107080507123612e-19,5.040684704533566e-46,6.834522806760972e-59,2.6374316293931e-72,8.04458271318314e-20,5.869710405825248e-14,6.730734955484499e-14,1.2116114951251433e-25,4.376706255187093e-16,1.736404766068364e-45,2.405589929433917e-27,1.194213479223747e-07,9.598455189315729e-11,2.5240939690725327e-13,1.8511910935667032e-16,2.607679921966434e-18,1.564543996044935e-20,2.4573942967522104e-23,2.386353922816657e-41,1.712716923482518e-41,2.3930710471098826e-39,5.169696419256605e-40,3.932005183332731e-21,1.7226326288576396e-41,3.931983887986564e-21,1.3370257285745975e-26,3.4891973802994707e-29,6.556927142576424e-43,1.1134056396735769e-35,4.078730643408169e-46,7.706185927521918e-37,1.8837704303173765e-27,8.63070251008167e-46,4.379462923685716e-44,1.9890598721396762e-28,1.3738374467922197e-51,6.839621783456074e-44,3.9502949341884463e-29,4.785382105674164e-44,6.353402690592047e-38,8.410538976969576e-32,1.7167310963190427e-44,1.6872319679177948e-51,2.9559225713612953e-41,1.5494969138848658e-48,2.6366882218305238e-48,2.263474680718539e-28,1.3704197490649112e-28,1277.671174987101,12098.692170807732,7.919533057371796e-06,0.0327429645530067,0.5981405277670487,0.3587045785587448,0.0104040095881422,0.0,5.1905568294526385e-21,776686.5
6.376478753768187e-37,7.035115724165513e-22,1.2937429727979792e-13,9.158749359985282e-39,4.223869540926936e-17,1.669035866216247e-10,4.1513292226399987e-42,3.1599625219306023e-11,5.250493425814044e-14,0.03177502053661684,4.164118601797726e-14,1.2397196531161346e-41,3.5539126999255555e-17,5.747160286685386e-40,5.77180570217747e-40,7.608769173743105e-39,4.0857351723225406e-16,0.0026212515824474035,3.3595062666214744e-17,1.879889152509919e-11,0.03177502053661684,0.03177502053661684,0.03177502053661684,4.603398080915593e-12,0.03177502053661684,1.7273941891659562e-46,4.539602438583909e-38,3.858637258833679e-36,4.399208690364451e-16,0.03177502053661684,1.5306414101955004e-48,2.6131191821890434e-45,1.2706239124922974e-19,6.616545555701865e-64,1.9493508347636462e-24,4.702429820132114e-07,2.6498095950136555e-05,7.373108856384024e-19,2.1065470774782672e-47,9.9351367543484e-44,1.9151061133734492e-05,0.0032664103254045045,3.210139924915891e-59,1.437190198622155e-53,1.3419002938692031e-21,2.111034117303575e-62,9.330647107667076e-21,1.7276228895007648e-08,0.03177502053661684,0.03177502053661684,0.03177502053661684,2.1868433580198144e-12,9.770601788047882e-12,4.4107902152818935e-13,1.4072778801322977e-20,2.664520359680072e-22,4.7499730458329074e-17,2.351379428994587e-08,3.0916550281926036e-15,0.03177502053661684,4.383242104452875e-15,5.122473048635904e-21,5.505053957894398e-32,0.03177502053661684,0.03177502053661684,0.03177502053661684,0.009040540987744311,0.03177502053661684,0.03177502053661684,0.03177502053661684,0.03177502053661684,0.03177502053661684,0.03177502053661684,0.03177502053661684,0.03177502053661684,0.03177502053661684,0.03177502053661684,4.3453143419130336e-11,0.03177502053661684,0.03177502053661684,0.03177502053661684,0.03177502053661684,0.03177502053661684,0.03177502053661684,0.03177502053661684,0.03177502053661684,2.7720675856419544e-64,1.6367770384457134e-65,8.14062161293074e-65,5.238572516140151e-67,3.1869184195000017e-24,1.3211052262529549e-55,1.1588280626376421e-29,6.012431005467304e-13,5.6203909390253705e-59,1.2824212873869328e-59,3.1564567983019415e-51,9.977007677794243e-48,1.7904721849658057e-36,1.2375578531972088e-34,7.595838164778404e-67,9.36730172805324e-66,2.3993635923300243e-30,4.369476489476846e-59,4.412671123227603e-50,6.012863566660048e-13,4.304823141388867e-17,6.585762783500197e-32,4.271276545337526e-25,4.773586039063487e-24,1.8484011017247268e-51,3.6178846101259264e-39,3.9140705793133243e-31,4.8851943414140494e-32,1.9975531007811056e-31,7.397662971520279e-33,973.685052796658,1099.6034243902652,9.828662737504076e-06,0.5358922387401394,0.0002888797185632,6.737344127105552e-05,0.4637416794372889,6.992364305623193e-23,1.0643932331893082e-21,890735.06
1.5729936676545768e-36,2.640118924461142e-16,4.159583085058879e-31,8.081564938040768e-37,7.994626404099906e-32,3.801777647412669e-17,7.446946637888487e-33,1.031268214098888e-07,3.31095927400056e-11,1.0006420938556909e-10,5.744481776576764e-15,5.038779554119866e-24,2.926072758443833e-10,1.3616131105760322e-13,4.855001926558697e-05,5.172365951120001e-37,4.541699237748423e-22,8.193296129087477e-23,2.0302123696471297e-36,2.5915314700158837e-29,0.8779688817695531,0.0334017160392325,0.085357986292676,1.9076108555385087e-10,0.0031331808291229,8.967197343974495e-38,4.241283156577219e-19,2.5714793405433984e-08,1.0372251803671975e-16,6.930384337780971e-21,6.2490621227502e-07,2.5176906151656443e-19,4.531935459652869e-21,2.255250067984022e-42,1.1253429690273629e-23,6.39242532592084e-19,6.895403955526303e-13,2.863965097607459e-20,4.0958707289031024e-30,2.1430492928718457e-17,6.088446359848022e-21,1.2781397830702562e-08,1.355028743623387e-35,8.85011202863854e-45,1.8480595086381736e-15,1.2588157579288431e-30,2.824651725742524e-28,1.0290579460298417e-29,4.601300389555635e-37,6.374996815041472e-37,7.276322885350215e-53,1.7375847447806015e-21,2.7861613119920933e-37,2.825198530420982e-12,1.6284250823727937e-06,6.204853766600015e-22,2.4031220502753895e-28,3.514928547425468e-08,2.666689460507935e-33,9.764676542319709e-36,1.8693614552002745e-06,6.199489851633082e-12,2.7097433132469728e-30,3.518978597721672e-24,1.966390654393204e-39,9.745222492450622e-62,7.172732490338311e-21,8.538255106337756e-05,3.193059661445481e-29,1.3613569971778393e-65,2.145391349509425e-81,1.1086014878166253e-99,2.6063039998650307e-36,5.684442342172985e-17,1.1065911199013089e-15,5.8796273819285206e-33,3.2472464253730097e-16,4.2418349712611916e-61,9.976900405406319e-30,2.4071683965576147e-09,4.676459392304502e-13,4.0039785460586966e-16,9.780543724461506e-19,8.730571432922132e-21,1.1040296527280296e-23,1.532271144561085e-26,8.562137230384438e-74,5.485528038666627e-64,2.817324009995031e-66,7.113354405113521e-58,8.018592458054402e-33,2.0600857508774823e-76,5.255672878035375e-33,1.513176444344695e-32,2.2840718057166807e-47,2.818540468283563e-68,1.106012352070069e-46,1.444773323252813e-70,2.5210982652832585e-45,4.655248950878682e-33,3.3665024040658924e-69,1.2929234414860904e-56,1.7025637046655955e-32,3.639256226299414e-89,8.102368818069373e-67,6.3318056540886775e-49,2.5616151048090387e-59,9.211868437196706e-69,3.3578600320216373e-49,1.077908956571279e-75,3.3713249642225965e-83,7.555685755314332e-57,7.304775898123027e-75,8.99945082598861e-65,1.9529077583350264e-48,5.931156776963511e-39,791.8990009827249,99.22938126766012,9.609710743858256e-05,0.5099194868845078,0.4712075571274338,8.052886063073229e-05,0.018696330019989,3.636020720719775e-20,2.1044847201741731e-19,907318.6
1.0295494411810314e-14,0.012093430377364284,1.3174650977368102e-17,1.4154551152779044e-09,4.122201449611285e-11,0.004902774335324319,1.3746367134015028e-11,0.0001938134646689017,4.755266847338277e-06,3.3995981106823047e-18,1.0651206541750805e-14,1.7042204842247493e-11,3.405830131694272e-17,7.118594766391536e-11,1.4210867244340763e-11,1.5333236670419606e-51,3.7074009558912907e-07,8.536512802962053e-20,1.182327546802307e-19,4.167930787795649e-16,0.0015168385563558377,4.263284799882262e-09,9.78162778079462e-17,0.8641859909022914,0.04403228386551062,4.830455702323634e-11,4.2571445281740645e-06,2.4976004474758396e-05,6.251833853400957e-34,4.878281689089608e-61,1.0157064198799696e-13,1.5014059766543613e-32,4.031351676331253e-57,7.403201613394422e-65,4.5188552533153705e-09,1.118698318229242e-18,2.080341814491038e-09,1.8327701748773802e-14,1.059955491821995e-08,1.9096611090341223e-06,7.491473603776965e-27,1.5318107715756514e-22,1.886630883640152e-13,3.8114086948836166e-94,2.048761979697392e-13,1.3460328098959204e-12,2.8113735368278957e-13,3.059678135369192e-26,2.8278812657645506e-42,3.417913803874624e-42,6.618500304611168e-63,7.76074057812238e-17,6.146518862595821e-37,0.00016070548112553218,0.058441604439359356,1.9177038939648102e-14,3.100431999355495e-23,1.0638258935750912e-14,2.2515433788369437e-39,2.6363588036881816e-70,4.922844484921881e-06,4.0406518311378915e-14,8.710676132424081e-33,5.0275153970045805e-19,3.414126252624494e-39,3.6244877338647395e-63,1.0395024342186208e-09,0.012571516441576419,2.3339472174887063e-27,1.0935721197718367e-69,8.987348410051145e-91,7.579108786138209e-112,1.1807501687577715e-23,8.05543580604252e-15,8.791806174810454e-19,1.1009969992500545e-30,6.780173693744754e-27,3.448993843884685e-57,1.3839462901603797e-46,0.001859825849721988,5.002038226931653e-10,4.142144382705779e-16,4.8265583529170523e-23,1.7614986214572935e-28,3.80665140266831e-34,1.4021718062440128e-40,4.6005036318958966e-24,6.0276502573466105e-28,1.747065463909929e-24,1.1905694617302343e-28,7.686587963671124e-20,4.718600442912217e-30,2.7651029112431622e-17,3.9668222221964074e-36,1.3783526854420904e-20,8.152490564727036e-25,1.2793880485915848e-22,2.071718628147228e-37,1.2172965634148511e-33,1.1374807284200075e-19,4.562492936391183e-29,2.272624246957524e-31,2.6201523947284854e-27,1.0850847101634232e-35,4.1128065749261e-33,1.4360945680662514e-27,9.979956172566012e-54,1.3872443476596767e-30,3.176036705239143e-29,3.934541875750951e-46,7.3131304808004265e-40,3.6491335172924867e-35,1.3657674971425782e-47,4.576581709068155e-51,1.0324547625057621e-14,1.3573356035852404e-18,1558.217405115706,4.771550457001975e-07,0.0638281501343027,0.0007482463838902,0.4488609735983536,0.0124989984293367,0.4740636314541167,4.959572549798671e-12,1.844059248061506e-10,1028534.0
1.008380021853602e-33,4.409498946379159e-14,6.680543145965083e-32,7.129283981920095e-24,1.7360209356319847e-21,1.4140541912727596e-14,3.641787037092082e-23,0.00010569246572050004,4.6564306050936995e-07,8.768273639685233e-17,1.5471234732860238e-20,2.9403490141266977e-19,7.877935619164527e-20,2.1096233937507287e-14,4.375488176410193e-11,4.502027853869403e-53,2.2773334945267858e-12,6.856046941394781e-23,2.0629271851841608e-21,1.8259989924519128e-16,1.5497396415304648e-08,4.765413607713844e-12,1.702930498491803e-19,1.0618224553256664e-07,3.184478470020714e-05,2.8149354417401786e-22,1.5039390719706044e-11,1.77604076623792e-06,2.832854020347152e-32,1.8300665874167466e-55,2.7606066953286744e-10,3.7309931852238445e-29,6.514497935040376e-50,1.0632066739478658e-59,2.5132337165786776e-11,7.951232408244932e-18,0.004553096636019302,5.252938255075262e-20,5.99298237934561e-15,3.143168936730149e-08,1.5314910497427953e-16,5.15224339645339e-20,3.595248570520652e-17,7.525196193607139e-78,0.8092698212521667,7.63162782960822e-12,4.961793677234893e-21,5.236182296772289e-32,3.4156315213360344e-47,4.3547780056203883e-47,1.6819301448540497e-68,2.8828468590762273e-27,3.0780803644750666e-48,3.4680923906921744e-13,1.973816496992617e-09,7.235642534638131e-19,1.5879686196258889e-22,2.3796319356605136e-20,8.733268808995797e-48,3.3184698089622453e-72,1.9230998465461722e-11,2.306419021784268e-14,2.2099853347176717e-28,8.235795383561932e-26,1.3046801988088119e-46,1.6140172059550246e-72,7.052866342206889e-16,0.18603714767245796,1.1764336809424014e-28,8.6491904843722e-74,2.2035543061901887e-95,6.078123441124335e-118,1.8748472383014387e-22,3.3826499501493035e-24,1.1538682422745104e-25,4.193614135541587e-43,8.970081746350606e-34,7.738470058201271e-73,1.3180571515758675e-53,2.561145007747097e-11,2.4158253419472957e-16,7.872409017606145e-21,1.188318242775269e-25,2.3982915962470357e-29,1.619006055633532e-33,3.9188839823189116e-38,2.631888735530953e-43,1.1278778671277774e-49,3.162090080542162e-40,2.658246478186539e-47,9.15218930092683e-27,9.280014373096153e-44,9.156866764584903e-27,2.535183491330197e-47,8.760957741286911e-36,4.321404172234413e-44,4.020619379263972e-42,3.616447917076446e-55,8.388476843085565e-51,1.6860589801491942e-34,1.1358364754174042e-46,5.467882753619286e-51,2.7750390626041516e-33,4.472950630162626e-55,1.409193937578133e-52,8.250019123937943e-37,3.2484062768004814e-67,1.0402353534371557e-39,4.737502946752863e-39,1.9302110896821115e-54,5.226159136832548e-62,1.2036068901702603e-56,6.029622996277304e-66,5.818293726099811e-72,4.66427397590698e-30,1.4838403847950686e-36,1126.8809959939783,2175.0762940479904,2.0919633773133072e-05,2.955015517581497e-09,0.6187402386124469,0.3812266794519552,1.215934680927781e-05,1.1444761507502078e-21,2.2531874217894722e-20,1393594.9
5.017947954371028e-14,0.00036757657976679674,2.761894156078106e-20,9.609800511943936e-09,1.4929019006846435e-10,0.026530392019665165,7.123612870371718e-15,4.5411789561343874e-08,7.564462720573121e-10,1.0699798931935313e-26,6.137248063754036e-22,1.1903443003047204e-18,1.9189039267421386e-28,8.321002587957635e-22,2.4816571295605013e-26,2.9343701054805276e-77,3.5950707976979843e-07,1.3911568455286924e-24,8.718232628982363e-22,6.339292275897553e-18,7.3164816248172915e-06,2.046153345541072e-13,8.419769156621997e-24,0.9483272604598232,0.0011810242892884716,2.9426430986762296e-11,9.681438998968908e-10,9.8086412616184e-13,3.289882246251516e-51,6.205933001223046e-88,1.4867819227291396e-29,1.2067175627675694e-53,7.270885479132277e-88,2.8432254250182847e-100,3.6843405830656533e-10,2.5763722394172843e-24,1.8664674431074798e-11,1.2012797904505932e-18,1.5851951796432853e-09,5.3821705664719235e-11,5.371828536551549e-35,6.767235677205851e-32,1.8824148262010514e-15,4.9008378651875894e-141,1.5610311071434347e-17,2.4898417017038965e-15,7.402986578451159e-17,1.2731066349563621e-34,1.0241446118740236e-55,1.2528254057460864e-55,9.44577102437191e-82,2.2572311783275246e-23,6.4015806769532475e-49,7.201125383480174e-08,2.599566244293798e-07,5.295248001454431e-22,1.5582460203879798e-32,6.8923347666855445e-25,1.9494457421786863e-55,7.297162870408046e-98,2.2243800208476458e-13,1.8125590392164003e-25,1.0194937396643493e-50,6.638572961234077e-23,1.8259595334833173e-48,3.9679071943322473e-78,1.1663445890391587e-10,0.02334901282202286,6.736552875163321e-33,2.3211316095049143e-86,8.164065090057203e-113,1.7858121616189e-139,2.8105056877162076e-26,7.564496996282801e-19,1.0472051280251566e-24,3.452354242353898e-38,1.3103394257107403e-35,1.134726584654179e-70,1.3914053478677603e-60,0.00023666680319171356,4.919802730758802e-13,3.2190679737110585e-21,3.879618583511793e-30,1.2079159985336016e-37,1.95471859198382e-45,6.389930646744185e-54,1.5509633625470842e-23,1.3338870949069295e-29,6.7517496387715315e-28,2.4483863822228937e-34,1.6259386194885834e-26,3.5892517896136036e-31,4.519567719993223e-19,6.6292477481436486e-46,1.660795804741861e-22,2.7394220899640342e-27,9.119856409004393e-27,8.67023462674541e-45,1.6593478525761307e-42,3.235568820554604e-25,6.782866447691849e-36,2.8295593177586253e-40,1.7236635195401425e-41,2.3638942932709496e-36,2.051224115276077e-35,3.434186642856184e-31,3.5235068735930176e-65,7.941660749194874e-32,3.014920872082607e-32,1.924106185939723e-52,1.6832719389250603e-43,2.83007073270453e-40,1.2723411740032224e-55,2.7140502772398836e-61,5.0179942086813586e-14,4.044296432585081e-20,1434.3965775478418,1.1494308925632748e-10,0.0001864950461111,3.7054995723688783e-06,0.4809498741762775,0.0236546920552408,0.4952052332227982,2.58440389154406e-08,6.219798698982705e-07,2165783.0
4.4600700061434437e-41,5.534241138840382e-16,2.077089129726605e-41,6.048995937881971e-29,1.6425407863945334e-28,1.261031170552658e-15,6.100193637312452e-31,8.842967813497218e-06,1.4436872407988804e-09,1.1939611425896747e-24,2.6045163918734475e-27,1.2204975786435267e-27,2.263303231016999e-28,1.4397325481707907e-22,1.8209008755325495e-19,3.036039026708667e-85,4.560219143010391e-15,1.7643451799202438e-31,1.703417379120222e-32,7.917162003612327e-25,9.259324753391224e-06,3.830321304127646e-12,2.128507747747698e-22,1.911071967938647e-05,0.016523362203691258,4.950434698367798e-27,4.2011667275651415e-13,1.2150589012117113e-07,6.27162050377978e-48,1.3714831553049548e-83,1.6063980888845213e-18,1.9305525888901288e-47,1.1877317454142213e-80,2.383646239852228e-100,8.014268945403405e-14,2.3224352272980565e-24,0.0004337662279987663,8.708454496716523e-24,9.119764026634624e-16,2.8032471083819314e-08,2.077352826746469e-25,8.642371991515438e-24,1.5032525317651062e-18,5.146125500276961e-128,0.7630388385900129,3.836246804709921e-10,5.745591859571446e-31,3.842796141330275e-48,1.1569375480630508e-71,1.638432085897673e-71,3.077612412093822e-104,2.6518704247725174e-37,5.809397005696634e-70,1.171598061172425e-16,1.142595613459296e-11,2.3859616603576692e-30,3.5130826181687556e-39,3.782317530580851e-29,7.192334799031894e-72,1.5965587144367724e-110,1.382686046251235e-16,9.927095175821724e-26,1.0253042080937573e-53,5.6158433273720956e-36,5.364927725661051e-68,1.445197718635478e-107,1.0940105749719772e-21,0.21996666858093097,2.7122881960692374e-43,8.491776384223369e-114,2.6845404010940685e-146,1.1177030885981717e-168,2.5256174532082597e-37,4.0246839277330494e-31,1.2562916639429229e-34,4.8067853959682685e-59,6.8120034120715616e-46,5.644513719837608e-105,5.711399102632615e-76,3.682591732222988e-12,4.863156955132747e-21,3.0429450472823105e-29,8.698580264899354e-37,6.494065857144939e-44,5.501265525370765e-52,6.829761250534883e-60,6.292416279683587e-59,5.3494581535402836e-68,4.574452340246225e-57,1.0027846058655476e-67,1.217274450531687e-36,8.114047402996015e-64,1.2190134786777686e-36,1.9357939956308616e-65,3.7937217721713514e-47,4.164600386550428e-62,1.694731186477157e-58,2.4828821445541802e-80,9.454342375207872e-73,7.75507645688627e-49,2.1035736844256102e-69,1.6590614616382988e-75,1.110883407100611e-51,1.814459115875912e-80,4.78747681862197e-76,9.503289485596683e-53,3.165231300836434e-99,1.7901187875097545e-60,4.408641040448907e-59,1.3872277465986372e-83,1.1707982265362318e-87,6.13251216915441e-79,2.364357846476055e-94,3.7310866659134755e-103,1.7835349865997378e-39,6.414243744328364e-49,735.337131091197,9.083293277724278e-07,1.797892020338585e-06,1.8261682712613425e-06,0.6054987006269703,0.3879757151606048,0.0065219601521333,1.788324941719697e-12,1.9112722814629265e-11,2444383.8
3.391209245872632e-28,8.357711244478494e-11,1.1164688606803268e-25,1.3787532557706567e-19,2.2372077772974627e-27,4.95679129761605e-09,6.539437219386639e-14,0.025018608677147742,0.025018608677147742,0.025018608677147742,0.025018608677147742,9.018045388896387e-05,0.025018608677147742,0.025018608677147742,0.025018608677147742,1.49075201430749e-12,5.379151570014477e-11,4.728555572035897e-13,2.587619082452034e-24,5.028519883047827e-19,0.025018608677147742,0.025018608677147742,0.025018608677147742,0.025018608677147742,0.025018608677147742,3.09860950313571e-11,0.025018608677147742,0.025018608677147742,0.025018608677147742,0.025018608677147742,0.025018608677147742,0.025018608677147742,0.025018608677147742,0.0063855656337567365,0.003228919918929418,0.025018608677147742,0.025018608677147742,0.025018608677147742,0.025018608677147742,0.025018608677147742,0.025018608677147742,0.025018608677147742,0.025018608677147742,0.025018608677147742,0.025018608677147742,0.025018608677147742,5.600110486857914e-22,1.5910432459269588e-24,1.491201024718336e-31,1.9261698977966816e-31,4.5001439850588586e-45,8.438475845959729e-16,4.921249590452484e-29,0.01226738670567387,0.025018608677147742,1.0635519382357935e-14,3.1613660469824826e-22,0.0020374631192193117,1.4283997187943887e-23,6.625529057668583e-24,0.025018608677147742,7.131282188195378e-05,1.4495377412829623e-18,6.96545647505268e-23,6.892549435531414e-36,2.5986851114328416e-54,3.795556825148127e-14,1.15572833229926e-09,1.647722553006875e-29,2.0077856222504105e-59,3.466130646179428e-73,3.7266356529567995e-88,9.175712607318982e-36,3.5135257217014644e-10,0.00019342627011100107,1.766957617139806e-28,3.347188317801796e-11,4.784352954872787e-51,4.0604409592172153e-23,0.025018608677147742,0.025018608677147742,0.025018608677147742,0.025018608677147742,0.025018608677147742,0.025018608677147742,0.025018608677147742,1.32727492511378e-48,8.312748270668959e-39,2.282847881527068e-40,2.186434860767056e-31,8.115633708198761e-17,7.887131653585511e-53,4.815979908395107e-18,5.274632687366038e-18,2.5418577115398137e-17,4.242477509786994e-51,2.036824246169465e-32,7.29870035725646e-54,1.3816833555936535e-32,4.5663769552286903e-17,5.7661490304983006e-49,5.284341718647543e-37,1.6634744168108347e-20,1.5515437282466386e-71,2.7378662271018735e-52,7.300352182860609e-43,1.4004619626208473e-49,8.487353807586179e-59,1.5309258700960743e-41,2.2276643435761923e-65,4.488959263411858e-66,8.779707505586526e-44,3.8021055742964186e-61,5.21534901619254e-51,8.048009752606509e-34,3.481092392162959e-24,1055.9518830114944,218.17108194431276,0.5735157318937014,2.0953457331993385e-06,0.4263632644694192,7.073940093823846e-05,4.816889020779843e-05,3.343669750206701e-22,4.5473908602811136e-21,3677755.0
1.95008050133625e-37,7.741011115779096e-11,1.0948536424712032e-40,1.2734242090311614e-28,5.370681786915879e-29,6.862788842561933e-15,3.665565260897379e-27,0.0034899639879449732,4.5520236403473375e-07,8.846121295552819e-23,9.980864169277011e-24,2.9123964022762414e-20,2.868914506139663e-21,1.5526986168122248e-11,8.280634045076122e-05,9.833367549025884e-73,3.1848284690459484e-16,2.6724535965439933e-33,7.315493796123526e-36,5.224783852703492e-28,3.641469227344113e-05,1.4354310968959653e-12,1.874800693464718e-22,1.8936811133551026e-05,0.002634437811037881,1.1886351351356159e-27,7.290366836373758e-10,0.9820225988691468,1.5584963179767634e-42,1.430005768327035e-79,8.136119286194497e-05,1.1009787364060404e-34,2.8909068375259335e-69,4.2331134524975567e-82,6.309671856612343e-16,5.282457768802235e-27,9.867117008741754e-08,1.332143465044115e-24,4.384905772643646e-17,6.749676834264884e-06,8.193158759201776e-31,7.868397449292489e-26,7.250610497003704e-21,7.269912557364121e-113,2.4063017305033403e-06,3.2677667072849707e-13,5.186201489252542e-28,7.13782973680538e-46,3.171760010936804e-70,4.524764440212493e-70,7.856948721373328e-104,5.610646649774488e-33,1.067262391555358e-66,1.902178431431942e-12,0.006611477116984595,7.369677043104324e-24,1.1030307434402688e-34,4.23949035875385e-21,3.988380796875708e-65,4.22797438912813e-106,7.535839909005577e-09,1.364241254949224e-15,1.5790075163630124e-42,6.098882155089322e-37,5.45175103841138e-70,9.400342834427082e-111,6.444364258348095e-23,0.005012284961497184,3.3496522112966833e-46,5.80713407044893e-119,1.8132178652095434e-152,2.0463592221211214e-166,1.2640009046132073e-41,4.737816178672595e-31,1.602619854460839e-35,5.018049977197577e-59,1.9352160488476826e-46,2.525823456122398e-106,1.774179561707039e-77,3.0827458811408196e-12,3.317713472387637e-22,1.7341610091949491e-31,4.842332704569478e-40,3.158354002991964e-48,2.1713416036593726e-57,2.408329528566457e-66,7.90182096786795e-62,4.4761874469764394e-66,2.0704384698871684e-56,2.625754028858161e-62,8.987872180574866e-36,1.160452855496826e-68,8.792898157981429e-36,4.971665514273579e-64,1.0265697528361981e-45,1.44880341151423e-60,7.77673231563319e-52,1.526533848627777e-79,9.815320358432118e-67,7.273413357453642e-43,1.5233947774261358e-64,9.257821880881467e-66,3.766382832091026e-43,1.0355210938832347e-84,3.767277550955672e-75,1.3036461229095785e-56,1.9341625592383125e-99,4.829720316625496e-66,1.3610030003279283e-59,5.495846047691445e-90,1.5280039657863806e-90,1.3827886986307763e-76,1.0888218189317612e-97,1.1320077135506105e-101,8.153223224271062e-42,1.8816218850528783e-46,718.2978991091691,4.846245046524567e-09,0.4989952402198851,9.169832558192851e-06,0.4962593153031072,0.0034047165198902,0.0013315581245591,6.139077645383557e-11,3.3560291128096774e-09,3801739.8
2.95786598613482e-29,1.7734366110075897e-16,1.6280626384676104e-10,8.639460015234525e-31,1.5618188936075195e-13,1.641912102778002e-08,1.8842688350637844e-32,3.194969199194719e-09,2.927385252609972e-11,0.03216563536750175,6.464213407490466e-11,2.2241489168753536e-31,8.740001977980018e-13,1.5385575802443763e-29,3.8129792778968196e-29,1.424196527560393e-27,1.4446516948086873e-13,0.001218065959158902,1.711013797631963e-14,3.8163402682195727e-10,0.03216563536750175,0.03216563536750175,0.03216563536750175,1.4685480131639319e-10,0.017298799204436128,1.8856238290975725e-37,2.121382525476658e-30,2.2444762111494405e-28,1.1350118371414783e-12,0.03216563536750175,1.4790783033569248e-36,4.652177689202999e-34,9.453786309948444e-14,1.9788607746332397e-46,9.659939771185618e-21,3.2590132214257555e-07,1.4731506848415302e-06,2.9450021197067834e-16,3.390959326457605e-39,1.364646846063984e-35,2.4923694296727753e-07,2.6086981011262696e-05,1.8587179723475835e-49,1.527263394755738e-40,6.918356070101101e-21,5.415434384858536e-53,2.1067362527567035e-15,7.1277923906853796e-06,0.03216563536750175,0.03216563536750175,0.03216563536750175,9.799155678792833e-09,5.53891246716429e-08,1.4829517304860439e-09,1.0023803263206083e-14,7.225882510360306e-16,3.9913013457086e-12,4.585799787405856e-05,5.674301425649593e-10,0.03216563536750175,2.0720534815153063e-10,2.3412683729392422e-14,5.557214529517646e-22,0.03216563536750175,0.03216563536750175,0.03216563536750175,0.016432828278322223,0.03216563536750175,0.03216563536750175,0.03216563536750175,0.03216563536750175,0.03216563536750175,0.03216563536750175,0.03216563536750175,0.03216563536750175,0.03216563536750175,0.03216563536750175,3.6214793858807626e-08,0.03216563536750175,0.03216563536750175,0.03216563536750175,0.03216563536750175,0.03216563536750175,0.03216563536750175,0.03216563536750175,0.03216563536750175,1.5063905949085382e-50,5.477130002191033e-51,3.604240087160258e-50,3.944855069603481e-51,4.0705012343466266e-19,9.054596292467747e-44,1.0453864533049349e-23,2.0233664740783445e-10,7.833224502875591e-47,1.4057523364173064e-45,1.208645954035706e-38,6.020672880222103e-36,5.7585590916094476e-27,8.415304749612502e-26,4.41666092148305e-50,1.1352357599047256e-48,1.6695394703710019e-21,1.0284386592869858e-45,2.5923735168055773e-38,2.0319593212754974e-10,8.592278223009706e-13,3.955918421458306e-25,2.651855093569459e-19,7.36079830596844e-19,1.0440681152256032e-39,9.25964904850807e-30,6.5982262935754835e-24,5.68807722339117e-24,8.364630054235199e-25,2.5656806700817684e-25,1277.7115751288168,6105.080209998528,0.0088094344870737,0.6429058663258066,0.0001915592427731,0.0002388888082793,0.3478542511360671,2.7882911920634043e-24,3.3087722145819064e-22,14915319.0
6.652215719929758e-44,2.383505768821129e-09,1.2728870585234244e-26,2.2403686766570705e-30,0.018795360319270534,1.433505135964729e-32,5.88986781464206e-19,0.018795360459306933,0.018795360459306933,0.018795360459306933,0.018795360459306933,0.00516707697340981,0.018795360459306933,0.018795360459306933,0.018795360459306933,0.018795360459306933,0.018795360459306933,0.018795360459306933,0.018795360459306933,0.018795360459306933,0.018795360459306933,1.690372035239328e-08,0.018795360459306933,2.000441729746174e-20,1.628563625218465e-28,2.1201635818901903e-25,0.018795360459306933,0.018795360459306933,0.018795360459306933,0.018795360459306933,0.018795360459306933,0.018795360459306933,0.018795360459306933,0.018795360459306933,0.018795360459306933,0.018795360459306933,0.018795360459306933,9.381561375133973e-05,2.1339714751396906e-12,0.018795360459306933,0.018795360459306933,0.018795360459306933,8.277522788571575e-12,0.018795360459306933,0.018795360459306933,0.018795360459306933,0.018795360459306933,0.018795360459306933,0.018795360459306933,0.018795360459306933,0.018795360459306933,6.708690030840795e-10,1.7404554780002343e-20,2.734088875086185e-20,0.018795360459306933,0.018795360459306933,0.018795360459306933,0.018795360459306933,4.167686980826848e-09,7.541481283608519e-18,3.502013289340934e-07,0.018795360459306933,0.018795360459306933,0.018795360459306933,0.018795360459306933,6.856928824961495e-18,6.336220908530323e-07,0.018795360459306933,0.018795360459306933,0.018795360459306933,0.004555429271340109,5.793184719955246e-16,0.018795360459306933,3.9098584286865533e-28,9.675471669429994e-42,4.050269329953642e-24,3.146685325365908e-23,2.5644700610321724e-46,9.056344225341873e-32,4.9769670976151436e-40,2.4295789804417617e-58,4.9469078849247515e-76,1.977868715286489e-93,3.7724062155332777e-110,1.2156198413400376e-127,3.417763245497327e-145,1.9857126160669837e-57,1.3913129444797074e-63,1.0671164575530055e-42,4.1191350461443566e-50,4.441479524136952e-07,9.91242609000262e-31,2.1883373292991357e-05,1.427641576795405e-25,4.0810976992152666e-42,1.72235953323245e-50,1.4454176413846154e-45,2.603928439659e-48,5.381916329102735e-40,1.6853055069797102e-47,1.2489989981348175e-43,3.712643280044161e-47,0.018795360459306933,1.3501387655850062e-48,5.782132975928211e-43,1.35415058275928e-06,1.818113669094838e-27,0.018795360459306933,0.018795360459306933,0.012800244766133324,7.057116600272071e-68,1.7748834970810618e-58,8.652727677679194e-56,1.2006908926637888e-61,2.715754031219301e-54,9.879292183744855e-61,843.3930018416113,146.74904202199275,2.12493914588874e-07,3.8113717952572106e-08,0.5324499535435913,0.4675494834678044,3.123809716590618e-07,5.219834149559863e-22,3.47491816242128e-21,17368070.0
2.2585184608499144e-40,5.74846222271813e-18,1.4898417770494051e-37,5.787710101008863e-31,2.612264157132223e-28,1.3286594548339538e-19,1.9672444056623308e-30,3.7687656093552654e-06,2.1815963636913108e-09,5.175309259553098e-18,8.673447509503226e-23,2.0667260248760338e-25,1.1071140755177214e-21,6.17678188646804e-19,2.9139299390383517e-14,4.150751855508604e-62,2.6862949325942627e-16,4.718480315101166e-26,8.304926425633658e-29,3.44595146555159e-22,2.1415425906463165e-06,7.27755511942231e-12,1.8601372201657712e-16,1.8364063680437553e-10,6.823245978653428e-08,6.049428481495685e-29,9.241307564780123e-15,5.7500586911026604e-08,6.697671581864904e-34,5.676565553435205e-56,3.7754897066476393e-13,8.242376662748217e-34,1.833215782504433e-53,9.29853745320373e-71,6.522128774442923e-15,1.6889810675808234e-19,0.00047606187469510005,1.1119639296444385e-21,5.89476570643809e-19,2.673557788371068e-10,9.80226321391235e-18,4.5571611397920374e-17,2.6057110726604814e-21,1.5513904364292116e-85,0.9666313423726429,7.271494427668812e-14,3.712963426538792e-28,1.5024502158741616e-38,1.7931263499720146e-54,2.437694440565379e-54,2.533443737554911e-78,9.377762639051293e-32,1.6049656621485673e-55,3.2428167732130095e-18,4.935447680156701e-12,1.8676852076943114e-25,1.334432082661817e-30,1.37994931743971e-22,4.906253285962214e-55,1.2838210234783541e-79,5.171547860585757e-16,2.1503965244280578e-19,7.816855603408123e-39,3.63160207006653e-30,1.7836235442107434e-53,2.115255350795547e-83,3.91162362960394e-22,0.03288655706611301,4.541937717077862e-34,4.993305570261423e-86,6.041323757272274e-110,5.280257519824037e-136,1.0348298498776398e-30,1.9336602779520169e-28,2.3930057917411985e-31,2.5817186312376085e-48,8.098732551542856e-37,1.2710894293156187e-83,1.4583139219819819e-58,2.1256740440767839e-16,5.544749466214333e-24,6.001105312204075e-31,1.2299239494144364e-37,1.2340391546140095e-43,2.1280075635823e-50,3.131107794559499e-57,5.576910665014379e-59,7.884319636440444e-63,3.670329774677566e-55,2.952952428730717e-60,5.099990774177161e-33,1.8324961270217558e-60,5.1000039398527275e-33,1.4884440284209055e-51,2.0044051766764482e-44,5.533364188533082e-60,7.995513383699806e-53,4.676753185146928e-71,1.5714230235546137e-60,4.0195318083249315e-44,5.583114670484403e-64,3.2380845100310044e-65,4.9682380520053715e-42,2.7139405370685774e-75,1.9807261207574687e-67,8.300153469650792e-47,1.5770196278057791e-78,2.240476404454102e-55,4.369716713115707e-50,7.1098083922043254e-71,1.101412272745783e-79,4.479868419118689e-68,6.4308191947974215e-81,1.8058492575186346e-84,2.527044795294666e-42,1.8713817059009765e-46,848.7565711242978,57.21999110774536,6.623040150457143e-07,3.649752255307107e-07,0.6591237921034895,0.3408751573285307,2.328873920836621e-08,3.2767063016892307e-20,4.730744723063828e-19,22027282.0
8.007091081561219e-43,2.079031010304443e-22,3.735525903037792e-15,1.7899184017672137e-44,1.0144576130531288e-19,8.145420927926152e-11,7.143739678778555e-47,2.2492378860108383e-09,6.429788757176778e-13,0.03048820774204485,6.82582027324408e-13,2.482834264708257e-44,1.62512499907038e-14,3.684545497086767e-40,6.963311601596111e-38,1.4055166617587476e-38,1.6078280747046395e-17,0.02055943650398383,4.803652207246176e-20,7.653131245942185e-13,0.03048820774204485,0.03048820774204485,0.03048820774204485,1.0498044076216953e-11,0.03048820774204485,4.004527593269945e-53,1.325694517478246e-40,4.4808559586298123e-36,7.291025551077575e-13,0.03048820774204485,1.7842005380625957e-47,3.632405701239112e-44,3.1202686988598074e-14,1.763890731997731e-64,7.975443239671146e-27,3.7273884511637173e-06,0.0007269207450248011,1.5825644283004265e-19,4.938798281660492e-53,1.4913765617472385e-46,0.0007633483836589012,0.03048820774204485,3.077958097793136e-66,1.6180887106285171e-50,8.17630719850283e-22,7.223618448043114e-69,1.5260164220779915e-22,3.838064546985326e-08,0.03048820774204485,0.03048820774204485,0.03048820774204485,8.061737565487054e-12,5.713885943773447e-12,2.682325770778086e-12,6.729237872434317e-19,1.594774357412463e-22,5.354793730648007e-17,9.725023282127275e-05,2.4372998863030445e-14,0.03048820774204485,8.359397271996059e-13,8.679952343359757e-19,8.70432161986107e-32,0.03048820774204485,0.03048820774204485,0.01894754555877093,0.013767290441779021,0.03048820774204485,0.03048820774204485,0.03048820774204485,0.03048820774204485,0.03048820774204485,0.03048820774204485,0.03048820774204485,0.03048820774204485,0.03048820774204485,0.03048820774204485,7.91089502546349e-14,0.03048820774204485,0.03048820774204485,0.03048820774204485,0.03048820774204485,0.03048820774204485,0.03048820774204485,0.03048820774204485,0.03048820774204485,1.4859676399660462e-75,2.242683792476996e-78,2.389120739838378e-74,1.32144633478994e-78,1.3679813914607314e-24,3.2882350090755974e-66,5.625423116841e-35,8.205582460490216e-15,3.227568536235173e-69,1.106728235062266e-68,1.4559039038473904e-59,3.622123597910556e-55,2.4075224308210903e-42,9.89818054998973e-40,4.8631718143389097e-76,4.741812724769812e-76,2.151520974999178e-29,1.9175791936187206e-71,1.4643933979392854e-61,8.20558257881614e-15,3.018074902264381e-22,9.316954832876024e-39,1.0577729573747957e-31,6.315763549101064e-30,1.506208792124596e-61,1.300977999184733e-47,2.9778630164920368e-37,8.58902241984894e-40,3.9135629595985e-36,2.745628066557637e-39,781.5819265362968,0.8309177042396965,0.000559188360002,0.6307158543422164,0.0163459784029404,2.8196689760906668e-05,0.35235078220508,4.751305102623745e-20,7.404117118255338e-19,35695370.0
6.489545820176076e-38,1.2549938835577508e-22,1.1130868271174555e-13,3.3904621722420835e-37,1.319423182843366e-16,1.691582100707618e-11,3.1799957719344453e-40,3.2725643374707146e-09,7.522612101386872e-12,0.027626537742146864,2.456146432765852e-12,1.2216742272760935e-39,3.508903793679051e-15,6.049176893002627e-38,7.145828670501167e-38,1.9431291523524807e-34,5.436089954785562e-14,0.027626537742146864,1.8458315815557542e-13,5.585323187671145e-08,0.027626537742146864,0.027626537742146864,0.027626537742146864,2.5056684809321926e-11,0.027626537742146864,6.768888466427625e-43,9.663549164914522e-35,8.454122518073047e-33,2.419045775972242e-11,0.027626537742146864,2.0901878232876807e-44,3.370340898420459e-40,2.6077085096175104e-13,1.6556934192142157e-56,2.8310269169251125e-20,0.016483172647806837,0.027626537742146864,2.2446722288008484e-15,3.829463214765723e-42,1.7212864168958099e-38,0.027626537742146864,0.027626537742146864,7.591562114397045e-52,3.7972162672146845e-41,8.925690993723802e-13,2.831788973647639e-53,6.317752463586976e-20,4.6058314941027057e-07,0.027626537742146864,0.027626537742146864,0.027626537742146864,2.3760250896271857e-12,1.4500354233786418e-10,8.67340982630265e-14,3.0344561206328115e-21,2.869195622382414e-21,1.0187770743482732e-14,2.1621549204449866e-08,8.792987640947604e-14,0.027626537742146864,1.4113546266261653e-15,6.02751682701449e-20,1.0655035211785688e-28,0.027626537742146864,0.027626537742146864,0.027626537742146864,0.01658745877797354,0.027626537742146864,0.027626537742146864,0.027626537742146864,0.027626537742146864,0.027626537742146864,0.027626537742146864,0.027626537742146864,0.027626537742146864,0.027626537742146864,0.027626537742146864,5.895601171007434e-09,0.027626537742146864,0.027626537742146864,0.027626537742146864,0.027626537742146864,0.027626537742146864,0.027626537742146864,0.027626537742146864,0.027626537742146864,6.058807329008452e-61,2.255398438236419e-63,2.6281648203131874e-61,1.2988912758451047e-64,2.0560157504619902e-21,4.8593818226580016e-51,1.4488927677510673e-27,7.387611799570796e-11,1.816667146885867e-55,4.765004915492188e-58,2.764144623419172e-51,1.8057107469268725e-45,5.343901476755426e-36,5.268617555536602e-35,9.21601734430681e-65,5.8261955061863e-65,1.1774156294205136e-28,4.736626592032743e-56,1.0575549289221104e-48,7.38827699604818e-11,6.6827673199726265e-15,1.539272424786091e-28,2.8912800086218856e-23,7.229756484988574e-20,3.3327858409700702e-49,1.0423157816584692e-38,1.272592493895564e-28,1.021986521767507e-30,7.286385902648989e-31,1.798988233091296e-33,1019.8517266045462,77778.3383469335,0.0005159058895912,0.6408018888153083,0.0006170236694188,2.6106074974501305e-05,0.3580390755507071,7.502040036288831e-25,1.3953794467497225e-23,38598150.0
1.2939749585869784e-33,3.4645655561351007e-13,1.1232280231964835e-31,1.4907283967328894e-23,1.3239455685149543e-32,1.5044871736768267e-11,1.6005241455919014e-16,0.02462736500711302,0.02462736500711302,0.02462736500711302,0.02221538161397152,3.322098065418201e-05,0.02462736500711302,0.02462736500711302,0.02462736500711302,6.269954934206025e-14,1.878387760945718e-12,4.8440721378052945e-15,1.7444321737871413e-27,3.9375428433183745e-21,0.02462736500711302,0.02462736500711302,0.02462736500711302,0.02462736500711302,0.02462736500711302,5.264969401138753e-13,0.02462736500711302,0.02462736500711302,0.02462736500711302,0.02462736500711302,0.02462736500711302,0.02462736500711302,0.02462736500711302,0.02462736500711302,0.015780369148196114,0.02462736500711302,0.02462736500711302,0.02462736500711302,0.02462736500711302,0.02462736500711302,0.02462736500711302,0.02462736500711302,0.02462736500711302,0.02462736500711302,0.02462736500711302,0.02462736500711302,6.228704357670917e-26,3.968126673611061e-29,1.201263537663136e-37,1.6164620426111929e-37,8.291516302713257e-54,1.373618994417202e-19,1.2629966090456893e-35,0.001088961152104501,0.02462736500711302,7.639171649440917e-17,7.999595153117418e-25,0.0002645412558118002,1.128637647812194e-28,4.313616032413366e-29,0.02462736500711302,0.0001478375034222001,9.693365824565855e-20,1.4640686525111882e-27,3.478281239616227e-43,3.440764124182566e-65,5.9233428743405e-17,1.5737847028616252e-10,2.292712367576682e-34,1.1351946378206512e-70,6.184742658784466e-87,3.735464047525594e-105,6.444057760186827e-41,3.2078387585401257e-13,2.452892850988135e-06,3.2313828446838505e-35,1.6895786125875503e-14,2.340647304867502e-62,1.182303869684418e-28,0.02462736500711302,0.02462736500711302,0.02462736500711302,0.02462736500711302,0.02462736500711302,0.02462736500711302,0.02462736500711302,3.128135908890943e-58,1.9101603635660678e-46,4.665147709680697e-48,1.9767508543575556e-37,5.377409116115932e-20,1.2787514138521109e-62,8.623889016046171e-21,5.340011073357054e-22,3.71663837014823e-20,2.5203244555044563e-61,5.955979863852769e-39,4.150583750915415e-65,1.604315913020545e-39,7.452704250766062e-21,1.2593512616925675e-58,2.5693090200177457e-44,2.892782112845694e-24,1.7203102753994375e-85,1.92786108144524e-62,2.5043259770642984e-51,1.6072466191369301e-59,2.3289953016689444e-69,9.099794231394463e-49,1.892144308446168e-77,6.314603052807821e-80,2.8618713616255876e-53,2.6906667221926813e-74,3.3237127889025815e-62,3.826117803148456e-41,1.292294714494565e-29,883.1508774917679,501.6792473733867,0.5294606004567618,1.0346178312728471e-08,0.4700679504161281,0.0004714268940426,1.1886889263569153e-08,2.2146837674345835e-22,1.3946522103034e-21,55915436.0
4.784309879630964e-36,1.1112724855976756e-13,1.8055319186884572e-34,2.897807775581736e-28,7.231177277354028e-26,1.3126910563139118e-15,2.5219099901601728e-25,0.006816719985858003,6.823196088110009e-06,3.8996065079775666e-14,2.350544501443237e-18,3.0386434422623063e-18,5.366084865368875e-15,7.602597310222956e-10,0.0035413187218097013,4.349225244392987e-48,9.944575724751258e-15,5.155826725848946e-24,1.3927603882872173e-26,2.039150295383899e-20,1.6511668013561532e-05,1.0816680888524708e-08,3.904764047685887e-15,3.5852650299471524e-07,0.007176753905088703,1.8773939258998025e-26,7.658676621088305e-11,0.03730143629753432,1.0652741863246946e-26,1.0256850816800502e-47,0.03032379381528701,9.60453889187934e-22,2.3964063570197175e-40,1.4424111705526633e-51,1.5603313535815695e-13,5.874545416567693e-18,0.0011859540425404004,7.362221009660808e-20,2.841693096911327e-17,8.715859911893948e-07,1.0641068461108884e-16,6.521631092976894e-16,1.0854928047961419e-19,4.2950305490167907e-66,0.8032108456992031,6.5128213057301e-13,2.8505252192346455e-23,3.834096216192853e-33,3.4430160920368387e-48,4.5995575337474367e-48,1.1239248579285275e-70,1.2662267321144624e-26,5.887563193919291e-49,7.36308100328375e-12,9.874795506239894e-06,2.3566158805316155e-18,2.2325469601670738e-23,1.0557201657160353e-15,4.0371310871223435e-46,1.5122819120968623e-67,2.0250047298398673e-07,2.3599292917029147e-10,2.9895764859633636e-26,1.0383357646835143e-27,1.157930183630527e-49,7.929051590723069e-78,4.378600494622871e-18,0.11040852323740054,1.3154718870662784e-31,2.287928345803481e-80,5.565147185863861e-103,2.0350504757109027e-127,1.9355677356873726e-28,5.613407650637277e-24,9.747532378507995e-25,1.1386061219221346e-44,5.321418030032214e-32,8.545632774254254e-78,1.4963701064927458e-52,1.248390779774923e-10,9.150476056356868e-16,2.638077844200157e-20,9.845448706945808e-25,2.3596428307528255e-28,1.1630683110053962e-32,3.871884816633266e-37,1.276258667814841e-55,7.808114510880199e-57,1.217970843879858e-49,5.9511911572738006e-52,3.6508081109452326e-29,4.1986915906822585e-57,3.6518999823518747e-29,1.3100631058040846e-46,9.683219384478085e-40,4.1127473664590615e-54,4.8789512015303784e-45,1.663391356392577e-64,2.5124382144951306e-52,7.251172286252204e-35,2.294189233395849e-55,4.052882752652071e-54,1.0977705227384728e-32,6.841303842312872e-71,3.679676390582719e-61,1.7430430538373005e-44,7.40728446026475e-72,1.7621003584449208e-52,3.993276181747939e-45,4.2759290348491325e-67,5.186753719372037e-75,8.98089627480134e-62,2.699098670669221e-76,3.385242767383345e-77,4.951304696117978e-38,1.7419006363727164e-39,909.3736276589754,20.14659906391213,0.0399042372573053,3.039798782773345e-06,0.6195767933231219,0.3378751158222701,0.0026408137985198,1.6826237319569658e-19,1.4395780817854041e-18,204718530.0
1.8463620836875628e-35,3.638940981020999e-14,8.965894690823186e-33,3.396229819250412e-25,7.322132412821702e-35,3.76350103001797e-12,1.7328960046073938e-17,0.0242632819691727,0.0242632819691727,0.0242632819691727,0.0242632819691727,3.492308374149065e-05,0.0242632819691727,0.0242632819691727,0.0242632819691727,4.197408544409076e-11,3.45010082104398e-13,1.4517584498743528e-14,6.652753114876602e-29,3.795049312455692e-22,0.0242632819691727,0.0242632819691727,0.0242632819691727,0.0242632819691727,0.0242632819691727,1.0189081366188325e-13,0.0242632819691727,0.0242632819691727,0.0242632819691727,0.0242632819691727,0.0242632819691727,0.0242632819691727,0.0242632819691727,0.0242632819691727,0.0237633018355131,0.0242632819691727,0.0242632819691727,0.0242632819691727,0.0242632819691727,0.0242632819691727,0.0242632819691727,0.0242632819691727,0.0242632819691727,0.0242632819691727,0.0242632819691727,0.0242632819691727,1.5244606186910224e-27,1.4241715843917214e-29,3.059742378547209e-37,4.181964436692147e-37,5.525592661486288e-53,1.0919672314592538e-19,2.2720921788352228e-35,0.0014250326707668,0.0242632819691727,1.3177613688516428e-17,8.541955616912574e-26,0.0038218449664259,1.0859116425840569e-27,1.0225067629833932e-24,0.0242632819691727,0.0003167087685096,7.708914739821059e-20,3.356833048814757e-28,2.117617895712936e-43,2.4276051725068154e-65,1.054264772960378e-17,3.5031911530795975e-11,4.136297432963325e-35,5.329922672952573e-71,8.602936978114261e-87,8.019411035301819e-105,3.1967390414950575e-43,1.312835165852521e-12,0.0001069098241268,3.4884175591343755e-35,1.42782853664894e-12,1.2338859037289142e-62,3.7035118102358625e-26,0.0242632819691727,0.0242632819691727,0.0242632819691727,0.0242632819691727,0.0242632819691727,0.0242632819691727,0.0242632819691727,1.9016780012314972e-62,4.9349540981410386e-49,2.2347065689375866e-51,2.974527361848905e-39,3.337399515921796e-20,6.174554012584207e-67,1.4206961052783684e-21,2.1644868242599967e-20,7.821803446787494e-21,1.0624781065169589e-65,4.680956890967987e-41,1.8540677655567336e-68,2.2827043246940183e-40,2.4884658590283108e-21,1.2723843886310912e-62,1.5081463172489322e-46,1.8398848737630053e-24,1.7734393355301705e-91,4.0785947347601256e-66,7.789307453139755e-54,2.7152812265491555e-60,4.169817160714347e-74,2.2303593099926292e-51,2.3709462138168646e-81,2.003981051090545e-84,3.0370244924311017e-55,4.03613600304351e-77,2.0610910336292285e-63,5.366476746500878e-44,7.090831533369623e-31,831.8298217627902,1210.7753094036332,0.5531216558609585,6.577225174579203e-07,0.4465765521279951,0.0002966841949967,4.450093532150668e-06,3.6823387713896e-23,5.408435070478475e-22,240481600.0
3.740952834325237e-38,3.4346101466820464e-22,5.693041672976784e-14,1.9675508125679757e-39,1.139058806171518e-17,1.1033733561292056e-11,1.0025459277656331e-41,8.371659769403473e-11,1.6505336240862455e-13,0.03095260386879083,2.6403560191912207e-13,2.619759177611015e-40,2.2652997986218525e-15,9.634325976187008e-38,8.0762706700029e-37,1.6033767807928695e-33,1.6123258274887108e-16,0.006197094047973706,8.817203847762229e-17,3.567895867651362e-11,0.03095260386879083,0.03095260386879083,0.03095260386879083,5.031935947247253e-13,0.03095260386879083,8.77352935866997e-47,1.2807249932590045e-37,8.467627440074151e-35,4.789583932501941e-13,0.03095260386879083,5.173846468796938e-45,8.691721779245584e-41,1.6485239703410882e-13,6.252522953596631e-56,1.8478563495701046e-24,2.137120633952908e-06,5.141465941549747e-05,9.876988268152519e-19,1.638031818840206e-47,5.768226657961198e-43,0.0006909035325450007,0.03095260386879083,6.575975135715895e-59,2.246752865382193e-43,1.397063230921407e-20,7.357738157113383e-62,2.898826490705062e-20,3.330635554776881e-07,0.03095260386879083,0.03095260386879083,0.03095260386879083,8.339228289589876e-12,4.4539015728343923e-10,3.168610453388864e-13,5.818021622063021e-20,8.100508557622687e-21,6.540065685088475e-15,6.292408073262652e-07,1.5213824636749026e-12,0.03095260386879083,3.12893671395169e-14,1.250314360837719e-18,1.4185371035416595e-27,0.03095260386879083,0.03095260386879083,0.03095260386879083,0.0025741614400700027,0.03095260386879083,0.03095260386879083,0.03095260386879083,0.03095260386879083,0.03095260386879083,0.03095260386879083,0.03095260386879083,0.03095260386879083,0.03095260386879083,0.03095260386879083,2.5005533329576436e-09,0.03095260386879083,0.03095260386879083,0.03095260386879083,0.03095260386879083,0.03095260386879083,0.03095260386879083,0.03095260386879083,0.03095260386879083,4.127408808151924e-64,8.704710325791705e-66,1.1407791958930399e-63,2.9100829831051005e-66,5.758319228470795e-23,8.152334063887523e-55,5.479930643839347e-30,2.7331055855500935e-12,3.1938447732484e-59,8.433557054578672e-59,4.4139543818514826e-51,4.555321761515879e-46,1.4401253572272668e-35,1.6542052148959216e-34,7.141702706858536e-65,2.8206763382358842e-64,3.232932948221724e-27,2.077295746015442e-58,4.313033775746014e-50,2.7341290254223937e-12,1.0227945453910442e-15,4.393348717937001e-31,6.753978189760128e-25,2.5688805890583314e-22,1.0991965300296896e-50,3.727409461848164e-39,9.570665760014257e-30,4.312394424481413e-31,7.050827868921907e-32,9.605217287077839e-34,997.4859562098776,68840.28806366982,0.0144522156334782,0.630047705833498,2.134569770707557e-05,9.652817289752683e-07,0.3554777675535877,2.3530338771762224e-24,1.7214300469868152e-23,483651100.0
6.11261960286976e-40,1.8789637558449338e-23,6.752730315021673e-15,3.384623098892738e-41,1.701685018680787e-16,2.071687985862989e-12,1.6443931846297063e-43,8.860480185645245e-08,1.0141542745651395e-10,0.027025717503635974,6.560235355625043e-13,9.087417788767448e-42,7.6581536086693e-15,9.655191127444602e-39,1.9882095901582527e-37,5.012864765435191e-34,3.471545070454374e-14,0.027025717503635974,3.98144810748026e-12,4.518604729304088e-06,0.027025717503635974,0.027025717503635974,0.027025717503635974,9.236172985939548e-13,0.027025717503635974,4.736146305148859e-48,6.203401079617212e-38,1.262589996698525e-34,3.097600739587924e-11,0.027025717503635974,3.736871610327741e-45,1.4267652934521294e-40,2.5280925231530374e-11,1.5367003080905204e-56,1.189530127473358e-21,0.027025717503635974,0.027025717503635974,7.971258892851908e-18,1.1026427096852549e-47,1.3656378719710312e-42,0.027025717503635974,0.027025717503635974,9.880715616929612e-59,1.2213217652892291e-40,8.979908542233305e-13,9.885216107753343e-61,3.818350049708413e-19,4.315038116713898e-05,0.027025717503635974,0.027025717503635974,0.027025717503635974,2.156308550652071e-12,1.40870486584352e-10,6.317584867109232e-14,7.46632886752273e-21,1.5809081204632066e-19,9.076927080689824e-11,6.937404349406434e-07,5.221889339910489e-13,0.027025717503635974,8.805169415581479e-15,6.786162241337231e-17,5.146911922217333e-24,0.027025717503635974,0.027025717503635974,0.027025717503635974,0.027025717503635974,0.027025717503635974,0.027025717503635974,0.027025717503635974,0.027025717503635974,0.027025717503635974,0.027025717503635974,0.027025717503635974,0.027025717503635974,0.027025717503635974,0.027025717503635974,5.884394766289043e-10,0.027025717503635974,0.027025717503635974,0.027025717503635974,0.027025717503635974,0.027025717503635974,0.027025717503635974,0.027025717503635974,0.027025717503635974,2.038665595938267e-68,6.198246880142881e-69,9.449734751399848e-68,2.491989777662109e-69,6.937108504181352e-24,3.793654305342508e-56,4.904677287440891e-28,2.2547683965017068e-11,8.90933889061994e-61,1.6016024453298577e-63,6.286222433969964e-54,5.947658803116792e-50,2.56469533080798e-37,3.381708793497068e-36,6.021942190791068e-70,4.8520281977814e-68,3.91056728175836e-29,4.579167998507069e-61,7.936342697611735e-51,2.2626295014824163e-11,7.861111956512053e-14,2.853977161191016e-29,2.329902444270218e-21,7.139664515065414e-20,4.47933581718908e-55,2.1851355042892867e-41,1.4187293222502346e-32,8.913470167184629e-33,8.710739716235866e-35,1.5582295748678434e-35,925.551493081191,40155.77106653302,0.0241800372897331,0.6121284955528242,0.0001372620217965,0.0166394400895642,0.3469147650460817,1.806061049069189e-24,2.046869188945081e-23,1737901400.0
1.535445858550468e-34,0.0003809803892126234,7.891828835414743e-20,1.4887801929913306e-28,0.01727264217966276,2.626300634087527e-31,1.2902350630048124e-16,0.01727264230835396,0.01727264230835396,0.01727264230835396,0.01727264230835396,0.01727264230835396,0.01727264230835396,0.01727264230835396,0.01727264230835396,0.01727264230835396,0.01727264230835396,0.01727264230835396,0.01727264230835396,0.01727264230835396,0.01727264230835396,0.014503623770086191,0.01727264230835396,4.018685967914371e-19,6.791880925396475e-30,1.76436829635391e-24,0.01727264230835396,0.01727264230835396,0.01727264230835396,0.01727264230835396,0.01727264230835396,0.01727264230835396,0.01727264230835396,0.01727264230835396,0.01727264230835396,0.01727264230835396,0.01727264230835396,0.01727264230835396,3.04892621283736e-11,0.01727264230835396,0.01727264230835396,0.01727264230835396,8.039441627304341e-12,0.01727264230835396,0.01727264230835396,0.01727264230835396,0.01727264230835396,0.01727264230835396,0.01727264230835396,0.01727264230835396,0.01727264230835396,0.01727264230835396,8.160169437349202e-11,2.0266748954388667e-18,0.01727264230835396,0.01727264230835396,0.01727264230835396,0.01727264230835396,0.01727264230835396,0.0003931032446162242,0.00018139531119791116,0.01727264230835396,0.01727264230835396,0.01727264230835396,0.01727264230835396,1.1306604452091383e-10,2.0604372425561966e-09,0.01727264230835396,0.01727264230835396,0.01727264230835396,0.01727264230835396,2.6338103578224044e-09,0.01727264230835396,2.3208097810720007e-23,1.9200228210969797e-40,5.41209439226404e-14,9.998109924214673e-15,6.12738021015759e-36,3.927575195530729e-21,1.5515464897713725e-41,6.764184160169643e-64,1.3711943513828574e-85,1.1256832172729556e-106,2.6302394539981206e-127,7.381111451588392e-149,2.8190213013979908e-170,3.456534529666667e-66,1.054622630296067e-58,1.804122898635944e-50,1.582456905889411e-44,2.8019821454676126e-07,3.875727360069137e-43,0.01727264230835396,6.866675240596743e-10,4.8505022588556405e-36,1.2556561690676318e-57,1.0834809059008954e-37,2.4216533909217463e-52,1.616357744311666e-28,8.055565792495962e-42,6.95178552090447e-51,1.7594410308117373e-40,0.01727264230835396,1.0979044772197315e-61,5.936251062853071e-41,2.488948415229931e-11,2.0366249367533e-17,3.144727495202373e-14,0.01727264230835396,9.098452876813262e-14,1.9550536820831744e-73,1.7636569637922855e-48,7.496826592365294e-57,4.283633272569172e-49,6.367906184502573e-63,8.461514260879433e-56,749.0297547172697,5.509555118259887e-06,3.2492346455738305e-05,0.0001433678332734,0.5185430331698908,0.4765581293242452,0.0047229773261349,1.2968346069597612e-15,5.6088096751009674e-14,151849700000.0
