T_K,P_bar,abund_H_dex,abund_O_dex,abund_C_dex,abund_N_dex,abund_S_dex,e-,H,O,C,N,S,C1H1,C1H1N1_1,C1H1N1_2,C1H1N1O1,C1H1O1,C1H2,C1H2O1,C1H3,C1H4,C1H4O2,C1N1,C1N1O1,C1N2_cnn,C1N2_ncn,C1O1,C1O1S1,C1O2,C1S1,C1S2,C2,C2H1,C2H2,C2H2O2,C2H2O4,C2H4,C2H4O1,C2H4O3,C2H6O2,C2N1,C2N1O1,C2N2,C2O1,C3,C3H1,C3N2O1,C3O2,C4,C4H6O4,C4N2,C5,H1N1,H1N1O1,H1N1O2cis,H1N1O2trans,H1N1O3,H1O1,H1O2,H1S1,H2,H2N1,H2N2,H2O1,H2O2,H2O4S1,H2S1,H3N1,H4N2,N1O1,N1O2,N1O3,N1S1,N2,N2O1,N2O3,N2O4,N2O5,N3,O1S1,O1S2,O2,O2S1,O3,O3S1,S2,S3,S4,S5,S6,S7,S8,C1+,C1-,C1H1+,C1H1-,C1H1O1+,C1N1+,C1N1-,C1O2-,C2-,H1+,H1-,H1O1+,H1O1-,H1S1-,H2+,H2-,H3O1+,N1+,N1-,N1O1+,N1O2-,N2+,N2-,N2O1+,O1+,O1-,O2+,O2-,S1+,S1-,comp_H,comp_O,comp_C,comp_N,comp_S,group_index,point_index,sample_MAE
1203.8375732813283,93432.5228926413,12.014695601198817,11.681769331281476,11.918587558410346,13.919874411780985,9.488686826231977,194.3030310695584,2273381823053.683,21.025132137249464,0.1968562397518532,8866.601959301548,22169029711.32355,364.47494528214185,6.902515271529044e+20,4.520680126197936e+18,4.821040158825396e+17,15058944515777.863,597042237.9606621,2.1482414825723444e+16,6934455980521802.0,2.6155285589649685e+21,0.0327642477978065,134660073393.21672,2685728107.4587092,5183.102711158656,217353385.91866443,6.251767758506399e+21,2.8568026897188495e+19,4.283177037107311e+19,2559666434781654.0,4.54432791189928e+18,0.2742732904758113,1040496171377.9476,1.909884293886964e+19,284509730470.76306,961081.0886814533,6.160125617294259e+20,173650079271.21863,164233655.32497644,9.300400751881048e-05,54998647164.32874,6840633600378.717,2.756563691287265e+19,5067276978.260652,74628.86995659885,55902861892545.086,40968621284503.79,2.492522190787152e+16,20.6652305188427,2.3400865738607177e-08,5.623727121275056e+18,72705.95445039032,9701785.43877216,73071.15256063185,0.0619926039049534,0.0780664863812929,8.934040504795302e-14,179536433.68505222,0.0006245135712031,181958499168184.12,1.908231933200819e+19,371394664391.5728,1419491424.7347429,1.8006466246655683e+17,0.5862364061296524,1.2846105937134878e-06,2.7485220679106734e+18,1.9717653330880763e+18,651181515.8627796,128388386.37506494,0.0005834435329831,4.111313368032571e-20,17052571780.84548,5.506815232210163e+23,2639989.1127438103,3.6131168302266797e-20,2.4529428279589558e-32,3.046344465475231e-45,145138.35244110756,3452004764.627156,1380334569.206344,0.1001579518918987,496911887.6534637,2.1065092392028378e-21,0.0160900078884272,251419831813392.8,45994264716.43078,28198908.027967803,6084.444187810514,21.35661018546303,0.0285741038827009,1.1564069464071e-05,9.660571277391526e-31,1.6881433676706954e-14,2.7844620773021436e-25,1.205690814686052e-09,0.0001517800966599,4.808507010870736e-30,546874327.9074386,59181.06971684848,0.0073361852890888,1.3790652193733486e-27,0.001574855214669,1.0622580075158936e-29,0.0019540561979611,246214.27200771015,2.29397793392247e-27,3.5033686736979214e-09,0.0003683700511808,2.63656798161739e-39,9.430078286420316e-15,4.554347964737899e-14,3.816978603850217e-12,7.03638229614278e-24,0.5060569490683512,1.7252311620384297e-29,1.0255516844634632e-38,1.804538749364437e-11,3.245879204540919e-34,1.312741115976928e-17,5.3076480599808e-16,7.377793169466664,0.0,0.0,0.0,0.0,0.0,0.0,0.0,3.0277593435291836e+22
1422.95486500104,14430.004764427033,11.974843477397158,18.07505113397078,15.275363970825907,13.649876658066583,18.025274180371717,0.202174355426921,4.5281247527175825,2393760675641225.5,4.07902311601163e-17,55835.80509456047,1.8807893958222368e+17,8.0688884547894605e-28,6.1885435700120904e-15,9.912355477783628e-17,3.010136042952715e-07,1.7770838586552802e-08,3.8108461775709514e-36,1.5204911372250017e-19,7.696890987555373e-44,6.556838669321516e-53,2.48959871221765e-51,1.63360737848754e-09,1.335174486522501,3.1528304869407093e-18,2.4670405164804942e-14,9577291982041.826,3987004982749087.0,2.3420760057097688e+21,79.41505990603218,1612375867.235726,1.3587103609378864e-36,1.4008895569879936e-39,4.1144687917151256e-47,5.7093842349099155e-33,4.7283054188110784e-17,4.2449899161738585e-73,6.498207275765625e-71,1.7070724055722913e-52,1.697009976909266e-100,1.8098661962561968e-29,2.8167545764801617e-17,9.561817308934789e-25,1.4136934372144808e-17,8.81318325450525e-52,8.748705074410375e-58,5.930807019940233e-39,2.1293762487998293e-21,1.10559234647552e-74,1.6068028999976832e-122,9.519409825240924e-65,1.7123926677091197e-91,7.351517155003569e-07,265.3125191283615,42175284.59699263,51655412.91432905,70944163.23081663,55452058.92947149,284009251.61821544,13734445.99492794,9.12592157547913e-08,1.4489809229040986e-16,3.706778978443532e-21,50.35174461797023,0.0023281353597694,5.86207293827131e+17,0.0011644855405653,1.4288078286146746e-24,1.5745168830127987e-48,5.669732434249706e+18,2.8516742039004774e+19,1.0578110193092776e+16,728154185938105.4,1.063908985183608e+19,509537871541033.7,54132371293017.44,35023374118235.25,13392231562041.629,8.512509329067942,7.345004513195448e+22,7.345004513195448e+22,7.345004513195448e+22,7.345004513195448e+22,3.273545528047714e+17,7.345004513195448e+22,7.345004513195448e+22,7.345004513195448e+22,7.345004513195448e+22,7.345004513195448e+22,7.345004513195448e+22,7.345004513195448e+22,7.345004513195448e+22,4.503750280903575e-36,4.319461062560589e-34,5.451236321639565e-45,2.1572101699071137e-43,3.943985603811282e-17,9.257848870002498e-38,1.8500699301002138e-17,1334.7376228563207,7.020637764250157e-44,1.9831016748343934e-27,8.289990237692528e-19,1.2855478449566601e-18,3.2262446726687735e-08,5.034561613938992e-07,1.2399724571731211e-40,5.912468355183266e-37,2.5399321827419633e-24,4.885191321376187e-26,5.364082116608475e-17,2287114.086013014,4508930.150317406,1.868756922271759e-15,8.688991628483156e-08,8.930450436085336e-10,8.567211089578804e-13,0.1895384247424431,149.44557199450196,35441.72999206723,25.839778444217213,2306.422367186885,0.0,0.0,0.0,0.0,0.0,0.0,0.0,2.80150547178497e+22
1406.8580202458077,107599.2183553603,11.99170510194332,10.381429006978442,12.448218861390083,11.631772147209835,7.937861376809114,1824838.6650189431,4679000363830.677,37.1644980229017,1217220.624538651,458.0154038069337,61084532351.95833,34554118.35613059,5.323758882737917e+18,8.061045541338971e+16,6397912094372.675,25547946215224.93,254320856478.5327,325227255922207.06,8261689247779587.0,1.1135322207477033e+19,1.7199922460078826e-07,828225604881.8617,17283520.870219946,17.751122180085513,154319.29715357977,1.255684262995981e+22,2.255061783777559e+18,7.90890318193069e+16,1.5311362956894377e+18,1.5279258123828238e+19,2138541974.744492,3.9847952735316526e+18,1.8915173390372013e+23,15357702113.880014,0.0810245581803582,3.766870420332222e+21,12516119877.91982,20.742966732723932,1.1093654252228802e-09,479731664148881.6,20548282352087.316,4.147694195362978e+17,743853470145754.2,8.463320625546493e+16,1.3744024585480148e+23,3160905676122.792,1.8756120337037047e+20,5.37067952439381e+16,2.0172923882422794e-13,1.158799218266217e+23,4.877035055227434e+22,8591.561855158172,0.0784338629176449,2.893449899038728e-10,3.5500284925217423e-10,1.0067922926519654e-23,1347087.1233996658,1.4070717694875646e-07,6476588883507.051,1.4869360387440413e+17,2544556.8777762973,0.8205035527775757,2050324890354.546,1.676085464338338e-06,1.2089073781027678e-19,820549472331759.6,40186289820.56949,0.0006287052553224,1327.9482232698144,1.3867441924623404e-10,9.677226170675456e-28,3036487.2977962354,1784858378967585.5,0.001544922273568,6.298412606633333e-32,8.53387302422307e-46,6.35155050617123e-60,1.22499773652962e-05,9459568.218232924,89216.78594622316,0.0002432286644083,928.4871794645716,2.176494733308562e-24,3.982841466351074e-10,4321131796529.834,54180694.63733513,2150.7253249573596,0.0168025728515036,3.23434822015772e-06,3.134253367668664e-10,6.395898551573391e-15,5.1177392581576355e-21,0.0001331925406851,9.428498893157641e-18,0.0981398959240148,0.0028871357263141,1.3675142882026634e-24,123014742102.8462,431886.98076020647,1483205308.1888528,6.274489289324927e-23,8.438472674679327,9.935957425231947e-28,0.00853665636905,2700686.915215243,5.201809659985366e-24,6.973133427380923e-06,6.521301382280207e-09,1.123278399037264e-35,4.012187172762883e-12,2.4611049482080038e-17,2.510188720965239e-16,7.975763405382207e-27,0.0001151153973524,8.821925599978051e-35,4.068638588705011e-34,3.0970775885523876e-08,2.057426869566268e-33,1.3183118770976432e-16,3.4826148556223634e-13,8352.172033032894,0.0,0.0,0.0,0.0,0.0,0.0,0.0,1.1906658521329808e+22
1642.3355274922123,103426.75345533623,12.014271361803644,10.931339064249592,8.779308529282666,7.492991446528614,7.355350069932834,11176508218.811792,1.009802123881089e+17,222414545.3837198,0.1602797463578603,46258.61828078897,21851027922.638126,1533.7098856834032,282370701420.6791,8716780122.190193,5665673083.389603,387468477540.40826,1336229603.518808,1054931492181337.8,3453187758286814.5,4.56362995437001e+20,340728.8261770671,1084.5790341573295,250.56516627850704,5.1054885102761034e-08,0.0001172410060617,1.862197866308237e+16,33235856034.338966,1162850282843992.8,11840277.887099136,224756.45154916044,2.72955614196114e-08,925.1418337084434,3301014880.5501423,129442.20857321494,111.2515558274644,16993684160057.812,4894957.791306129,1519298.5960965906,0.1413889257264827,6.878955841372483e-05,0.0125312666593066,0.0009570785904716,3.4543273178503973,1.6409727177192723e-11,0.0017001913312642,2.519738126198703e-14,0.0595364284768397,1.7492479912360464e-21,1.4586905707129088e-17,2.285928642865933e-18,4.059167599170679e-26,319608163.82748586,36130837.817279786,4950.445520456331,5940.621929817003,2.7486148812410007e-05,904281754787187.8,17958199.792808186,671855806127046.9,3.26258092812053e+23,17783723399368.227,2528575.4853174887,6.465172915887813e+22,61649700647.92519,4268.00716632391,1.7192809557209258e+19,2.3605319282731065e+19,1192415745.4381218,356365620.3424191,5.640400139425676,2.0971062373482343e-11,376202.2493014428,170631533432060.12,130.56792891630616,5.353796656477831e-16,9.95781447436709e-25,2.550785543327381e-33,6.81249977338352e-05,35250164950.70283,2110256.8973594,19926815.21956729,26358006254.084904,3.244329828994418e-07,1082.3384274740204,3150234380.124624,624.0904614810951,0.0003761834381183,2.7187420559748667e-11,6.901439662273008e-17,1.1215985905050701e-22,2.8061909331536565e-29,8.453272780402819e-26,1.9049662381543625e-08,2.4827717240328516e-20,0.0032826736138395,0.0001386068956067,6.699358283522515e-30,8511.062590469193,17871382.17650401,7.452587244756348e-07,2.6935625772341202e-15,362408390.1076897,8.172390804781123e-16,3190614558.0152755,89038566831.57349,2.0531213196764845e-13,1522361.1742951805,1419280.152876058,6.913790742321661e-30,2.1474124749245154e-06,7.662779553894155e-11,0.0030277669919342,1.5903498277319542e-23,0.3612589417361096,6.764203616113978e-27,4.904965224990881e-24,159.46738101353068,5.438296916924548e-20,0.0319365591371314,5.251890510919421e-12,1236685.505550776,0.0,0.0,0.0,0.0,0.0,0.0,0.0,1.1216414221943072e+22
1363.2263943595433,106281.74066971397,11.970476026083698,14.117127549542008,12.56225961067756,13.121916235817045,15.373233574103809,15138.957318786906,5290131793518.781,530192753.59607387,4.805834454257833e-06,289115.53855960356,1481064630687894.8,0.0003907196535379,479199270323.42773,6188819386.296865,30599546196567.64,36534407197.79436,10.398476231024125,1475493798998.947,1335875.7435304306,6797071636.513151,0.0941016337679482,16199.461261638566,19719761.914351955,0.0005167677368092,6.052452151958333,1.3422987402278752e+19,1.306100681080053e+20,5.054796900321792e+21,1026296951831.3264,8.025951900099525e+17,1.6708343488186713e-13,0.0017123435010757,325.97457768526647,66346.56996999937,1115263631.1239808,44.3287935537631,0.0054268951116472,27914.99862992276,6.67390494077188e-14,0.0001812318291523,559.7032617280821,698.4383786679889,7.2676264200681056,1.974554182087433e-16,1.3303427749663086e-09,4.74195485066536e-06,3915.8033425967737,2.205850884284417e-27,1.9039612047323866e-23,7.839346481143453e-14,5.349399546381157e-32,15214154.287698671,7888317692.122345,1295508735.8203902,1597352357.1420376,1449.426300393283,70277806144119.8,226676081.53830063,4.647722534613441e+17,6.283303503926796e+17,14697623538.416002,10093840.045012092,4.75347422518568e+20,8012617882.764747,1.1220994975908973e+17,1.8908802779373116e+20,907099516158208.8,43639.817125591406,67049012497385.16,227444797.60611543,0.0390226413797365,165141945829845.34,9.43190155906156e+21,179166650919.40546,0.0055473006542413,2.503304670309682e-09,5.042607254598233e-16,46414.14945309453,1.3530044647051143e+19,7.626285320648056e+21,192544767935.72592,8.409803510568938e+22,0.0321531804915,1.2999781028317768e+18,8.063759682751102e+21,4.933258383061517e+21,9.650858419126987e+21,4.149492140668257e+21,4.0623639932481325e+22,1.8986613842672964e+23,2.002414731891072e+23,1.187884604725617e-31,6.390110391597176e-18,7.402664091705443e-28,1.4571254614257247e-14,5.523893142857752e-05,7.373486266290235e-32,57.387759326418504,270848141.82165873,2.9510730689942815e-15,2.2504779743628155e-22,0.1012636130308346,1.8329113214999873e-19,6281.2407843117,3088998192.114658,4.271748873731826e-23,1.308333352924167e-07,38.161362547721794,1.751988487492167e-32,2.160275065195933e-11,1.2424769953182752e-05,6.6855582263197135,7.915559010687279e-20,3.454549747279956,3.869313636148607e-20,1.8361099976725512e-26,0.0056549242553956,7.751911523529016e-18,0.0010142861861104,6.330696200772484e-08,3051506.4915835913,0.0,0.0,0.0,0.0,0.0,0.0,0.0,1.100070545438166e+22
2359.3808879999083,122624.77554184356,12.017399033706551,7.625967894446321,13.373467103931455,8.195699774702502,13.635486630532002,332021822535.31775,7.576497448213198e+16,1644214.6936047196,18059270952109.992,4785669955.562799,7.619132256407031e+17,70976570028826.14,1.6324542074445248e+18,1.8278810289091853e+17,5914380982.885116,2704637083721.7017,3728355885587328.0,1360067713108.9849,2.909407674363208e+17,1.722924474857668e+18,4.921406845521387e-07,695077090910150.8,14311032.043965956,3538332.330897298,740003421.9335966,6.370792053322208e+17,6.6818281263883176e+16,2928828255.3634195,6.433466675681918e+21,3.56169118481968e+23,740813876792281.9,5.288804607960763e+19,5.315773174528101e+21,17870.50838333488,1.9821571616413265e-13,2.0800351034238206e+19,22606118.72357937,1.0871138707768516e-07,2.257151471483602e-10,1.4220859535915908e+16,38057608615.74555,2834034035673163.5,17195428163269.938,3.523559770331244e+18,6.470281422904269e+21,13325224.658878123,44532331175.95466,2.8745318578844976e+17,3.1708842353055583e-24,3.757542820547645e+17,1.5198476708339578e+20,15516747221.521692,184.14893096353788,2.0318681767936017e-08,2.3395505225957832e-08,1.2794288757769153e-21,358709711.456149,0.000108084637357,7.148802063739141e+18,1.0947316737494606e+19,121507208719.73618,102101.2704338747,289941962189.0673,0.0001158642597962,2.3463740564738002e-21,2.978640042277593e+19,5442433434516.626,188.4402705691673,229248.58499457213,3.631712857901307e-08,1.3960207456317545e-23,46963150463606.61,1383281082454113.2,0.2713195550770148,1.649465077311641e-27,2.7788322108949393e-41,3.1532357650737004e-54,23.655220156321633,92715813515.61534,135700271640.0396,0.0181550957029757,3034.417169641225,2.7212960415997354e-19,5.583546856536397e-10,3.3893048984794104e+20,8.849100012713505e+18,6.682169119555341e+17,2435112885344173.0,599992852066709.5,149823430172744.88,3155084336896.8853,0.0175696165059269,2457658.535095113,0.531736157893387,78618927.4069709,2300.474527825627,3.816162917408749e-06,25259636447468.7,278.4560641035107,55326797746283.92,0.0005641624095938,928648442.7624438,3.795300785133697e-11,427.3353769443213,105248350326755.08,0.000109586450658,222702.83906876415,0.1813139408848842,1.525716423107361e-12,4.494651641107268,1.1979805005815845e-06,2.111650745159153e-12,2.604075658928927e-09,1636.2830033329249,9.53286446639237e-19,1.0351861074107865e-14,0.8783562374005794,5.033284869345207e-19,2.0495370018351267e-10,46467.78873952273,8487458185756.582,0.0,0.0,0.0,0.0,0.0,0.0,0.0,8.444841691280486e+21
1470.6794085511658,53359.28864395916,12.053036191087957,13.50808661057374,8.970572425705535,11.92359588675375,10.656294300114697,142.93633522605413,188766368458.75266,2964488245792929.5,1.3286039366952589e-17,4972331.180448288,18.80032064566168,4.317238971092198e-18,0.0002326135464391,4.369844502488876e-06,3753.473833302962,13.218828730703889,2.650843949478419e-16,1.6773403719533655,6.365337743966106e-14,6.754663616825706e-13,8.931290077504846e-12,6.0097410164428e-09,1.4850491997683553,4.3778906667620314e-16,2.5419441171635537e-12,202150713227.82663,0.0037642505759187,1.458118544827472e+19,3.676773124327991e-16,2.3065217341785915e-25,2.8667225152600894e-38,2.5251781784256635e-31,8.70011144602645e-29,1.499775700001083e-15,1.2113959615746324,2.910834159478275e-34,2.13515647017092e-32,5.631212441684592e-15,1.5755966116088311e-41,4.4252350640794896e-30,1.6825238228019294e-18,2.9379219026061748e-24,4.1990416356809734e-20,7.965572055799377e-55,8.957364172406846e-51,4.6316134086144046e-40,6.68483246454364e-26,7.297481317240927e-79,4.870403269904659e-67,1.1986720844790986e-66,5.4265641864905e-97,1097507.251043284,122904177380175.88,7.744631655834416e+18,9.438606182666777e+18,7.155745934384353e+18,8.824684413167853e+17,2.583673301331308e+18,21.81411435185144,47827552273261.91,3118407.631351344,2102.2830607273936,8.471632739752656e+21,3.358302499206527e+17,3.2804442262425495e+20,27.09030662157609,370031315.3959926,0.0003510967623329,1.1109306913170329e+20,3.0360860404221293e+20,8.098455598593486e+16,1.8193097875901276,6.323321304872433e+21,2.4396758024097408e+17,1.0644657889547312e+16,3654435841192346.5,912003240868683.2,397307.59500348615,33910756145.53116,0.029002420759504,2.4549876488989186e+23,3.523499461686724e+19,1.2193036385326038e+17,3.4386144373720855e+20,8.555224830494304e-08,1.2811453267133557e-22,5.9958539554502675e-37,4.754424614653884e-52,1.0338930892595386e-65,1.2166594480769171e-79,2.7441669093912494e-94,4.2945396746271846e-38,6.770674282087006e-32,7.224313643159419e-37,5.129990191796619e-31,3.76804868555202e-10,2.1308058471422183e-38,1.665636626353957e-14,4952.057893381664,3.3942881842343346e-43,4.491788334651124e-18,1.904567558085711e-05,9.971618293055275e-10,212787.40184506675,2.9279608599320703e-10,5.7745451900338774e-21,4.0941072956230026e-13,136966.9522570333,3.036661885967385e-25,3.277592126487391e-12,770262.0898550535,17276729900.074696,1.0208173224453765e-13,0.053282142522337,1.9484386726327564e-08,5.781110076006974e-14,107.22925732776515,2.1255206931746207,8389969.419373645,5.925189058836353e-17,8.941759893094397e-11,0.0,0.0,0.0,0.0,0.0,0.0,0.0,8.161034753200852e+21
1434.955188370381,77771.04987602493,11.999922424343715,10.401764933024705,12.45575681173786,11.660451408013628,7.933566336043389,2587655.07151435,7174122038628.825,77.46592679106763,2602857.0367244347,1291.6326989355696,89063066327.30356,64167174.31319832,5.91604057807429e+18,9.873352977186182e+16,6631356582555.384,26028911833610.56,355592971762.36646,270323303791213.38,8234965069729234.0,8.140937922992324e+18,2.2086552285407957e-07,1416276293898.7437,26043566.329551093,50.6766916270993,367179.2690051765,9.24619744320314e+21,1.481373354874461e+18,5.0549530495721256e+16,1.451563927177128e+18,1.0310747255658396e+19,3648638949.795785,3.961235123846018e+18,1.329337337147714e+23,10105541643.458391,0.0430814268129663,2.2334529667947448e+21,8661620571.342323,11.798634221399126,1.088582502066842e-09,664644065171096.0,22030323244378.625,4.903487010929637e+17,701408013513965.0,8.953589170738438e+16,1.0065331959717298e+23,3079599224638.5054,8.532782870095777e+19,4.87420930724571e+16,8.862727109352813e-14,8.591853212292463e+22,2.940823535059039e+22,21305.752347847367,0.1741700999027895,6.67965351425523e-10,8.17066890033283e-10,2.948490557474627e-23,2099364.5082923635,2.850857754651243e-07,8036359217111.251,1.6819641798811706e+17,5060321.933482731,2.1878135484558854,2120691756483.376,2.885979588125443e-06,1.396684635916857e-19,824426457484626.5,57392066014.21543,0.0015902165605045,2719.0997910461033,3.5789516022957987e-10,3.734114986922635e-27,5748981.8554777205,2919860193410697.0,0.0040502341795768,3.20830896347144e-31,5.39850144216149e-45,5.6632235453264225e-59,5.231222934585338e-05,12065771.679139473,95578.55651511037,0.0004604226900104,992.2352401091272,7.289865846813502e-24,5.035742184881846e-10,4532450139186.31,54044214.34901162,2028.0936175940872,0.0140000909524907,2.4990314271583294e-06,2.3200021736546167e-10,4.3472034263167945e-15,4.901699881602444e-20,0.0003195346313212,7.082304265766939e-17,0.1948706352516989,0.0079677767209205,1.6648630764548497e-23,156208843040.1225,352898.23847067746,1805251846.1406064,6.284709325330462e-22,15.767851810160437,9.466434595812764e-27,0.0136251078462599,3183182.012056913,5.188910171400782e-23,1.6387651856559972e-05,2.0481058115952837e-08,2.411214756824063e-34,1.5762210141948935e-11,1.6309151406176276e-16,6.086966550706913e-16,1.174699451438146e-25,0.0003364913182725,1.3569604343323526e-33,5.5498084958575775e-33,7.01608448904841e-08,1.9849419927075876e-32,3.209813937976077e-16,1.9598960361745468e-12,11976.911173607628,0.0,0.0,0.0,0.0,0.0,0.0,0.0,7.879036021449665e+21
1271.2068938989914,43108.89891979426,12.010404458538442,11.173627316908672,14.277708805231198,13.561961350957493,12.950906412690628,16846.138907377706,9433312188.437654,0.0118371833019423,13217.900005049729,1.3816366489041731,127711189427.15448,16787.4078394688,3.657435148435997e+16,325859185723434.7,1124798120.0117683,5715143312.807236,12021906.315489512,4581956007.044009,51260142838.63619,7766628797428.866,1.7216942166642925e-18,26119398789.260178,19078.743756343498,0.0295942259121082,695.7362681970347,7.939000588607575e+20,4.372274541624882e+18,189987195577987.75,2.2881834657571983e+19,2.3969285789359505e+22,54492683.331266806,4.005006877088108e+16,2.6188663185577935e+20,9420.811394808914,4.8753890796792914e-11,5666439466409128.0,142.40146772968723,2.1382400836639343e-10,1.431712282785337e-23,32864118447731.26,99681271249.0506,5.815098497800387e+16,8432202656127.908,1.9893688204599268e+16,4.977012981983042e+21,15386709464.33659,1.3624027597342828e+18,2.0194329371253784e+16,3.047643442736713e-29,9.793981502927863e+22,1.1719318414599442e+23,1.081200857869858,3.153329850559459e-07,1.6534322536187477e-17,2.0623100435755266e-17,2.7637758663763265e-33,43.30603490978903,1.8955522460652436e-14,675535817512.7411,32532766804320.883,22.093779412772697,1.243435758495781e-06,12749356.528648833,1.1380001035410971e-14,3.6583886559975416e-29,5608423556956.385,44034.952187511306,5.499097675889234e-13,0.4002903152809556,2.0744110685149443e-16,2.844975360543857e-36,1313893.306858381,89874766695461.7,1.046118428317454e-07,3.511796029178735e-41,2.5750480679206686e-57,5.180979586531753e-74,2.859547072623305e-09,716500.1990072476,286732.5643072793,2.288097439362179e-09,3.231703192675261,1.60195190253084e-32,9.737072524261785e-15,890098960662153.6,240990498351.3695,213887619.26097995,53974.78341907652,258.0298776847125,0.5205656070829039,0.0002782575270028,2.5599794435756794e-25,4.7409316945678516e-08,3.6725097635606833e-23,2.0146537891472647e-06,4.620720861819004e-08,1.591594981832866e-29,1204050510.7863815,16.64745630069222,14587355.172567524,7.451082038790363e-29,0.0003551688060478,2.702606219891029e-35,1.4780525852880338e-08,22740.5853642436,1.3105942772331907e-31,1.7464117442567477e-12,3.2242169591410516e-17,8.675623772769659e-42,1.2190949529036618e-16,2.0068187852145371e-22,3.237061850857981e-23,4.1212244696532557e-32,1.504599507564825e-08,6.326835952269903e-42,7.56044525468472e-41,3.843875850853998e-13,4.4070473313634423e-41,1.9311225623747898e-23,7.542598349535113e-15,1172.618074518825,0.0,0.0,0.0,0.0,0.0,0.0,0.0,7.80706463559585e+21
1889.6835489738496,77908.06711133386,11.959426935848027,13.263104052204996,15.68343784715658,13.483507116419554,12.253795061607498,111946362.83538578,1039729560219.6532,2464131.55887352,128065152853.59811,16320964.8666811,178702828249592.66,492052320.8682892,4549083392019935.0,244925882049076.72,10306377896.668676,666413531773.2649,75652506.24042962,513384970.58804846,25445052.19694589,516755.89594186575,2.8098098693334036e-16,226496937977409.2,4327414312.760682,192379.2025927234,156803591.21189153,5.514563452372385e+21,5.020891163200008e+18,2.615650291751864e+16,8.54308858033131e+19,2.2701651776131573e+20,62422166987109.42,8.715795668028197e+16,3.903849732305144e+16,30307.988217203965,2.201448254214099e-07,61772699.24221599,0.007365099565686,2.1745965940590745e-11,2.1985296626985475e-25,4.603928512130741e+16,324193769696272.06,2.468042095284333e+17,4.531622000629774e+16,2.4889993398501065e+19,2.7628768350859756e+20,3863621819517.2466,2.1637967974997623e+19,1.2115766158498275e+19,7.502055304464841e-31,4.6201188083988714e+21,2.8780045124224573e+23,48226.948931916224,0.4872247018328521,1.4229355249328721e-08,1.6778916764901152e-08,5.2646712616847544e-20,1687289.1861313402,2.542158665578136e-05,1951263836632.5889,523409028632.2419,680.4874389015606,0.0004978599483542,10335132.942630086,3.1089190805704267e-08,6.17913851316591e-21,13445575603.819653,123.04073770872542,1.4452191803575334e-13,3347077.427780332,3.364829489596206e-05,2.1508148428746986e-19,12920983716.04848,2493428586383148.0,4.859218774654024,2.5603785184000732e-23,2.8519698204810756e-35,8.82300872688933e-47,0.2345927282945377,22413874895.346046,475384659.39722294,21.22559660826322,1026473.9407897048,1.5368470771682752e-15,1.8829017888678662e-05,3743966786381044.0,539312983087.1701,230538364.63038003,8003.488141145725,12.905407979903623,0.0161522788016909,2.420104028484338e-06,2.779309298233664e-07,38.341068247566774,1.8157040392437936e-08,1.936267247798274,55.55216211393271,8.218185388679764e-11,419236360760.3764,2112677.1910771,319554988868.86273,9.91024068751786e-13,15.073999996715454,3.739339946326264e-17,0.008879170171903,243678.03666594572,6.653307440530967e-17,2.1270026031538378e-07,9.103281815796551e-11,2.0925628806534117e-19,6.584840275615295e-06,4.593920699172119e-07,1.649071411298909e-11,5.2322991777962744e-14,0.1913157695413592,4.882392006659529e-21,1.960808260632675e-18,0.0037045886880293,4.979185162128251e-19,1.876029379288926e-10,0.0752439057600823,11960585.195736157,0.0,0.0,0.0,0.0,0.0,0.0,0.0,7.80277059392492e+21
1416.9281417013854,49435.24892882733,12.02574801295214,15.387904567512807,17.621877338337274,18.13712134347807,12.68956149756074,98.35090179107308,4915397729.063982,500.8810615792902,12397.486716962116,6655257.554907303,181019465045.3564,300.78376121656675,3.835978281898769e+17,6017115590811391.0,4640148566178.083,1846301205.4063215,1796.5326347908906,19636759.87512328,46430.15662480139,50303.31541145967,1.0158219776749636e-19,77576196035075.12,15961675920.714235,19972482.12043201,162517974613.09772,8.96640268023347e+20,3.992345163008173e+17,5.537873782364018e+16,2.999894022167644e+16,6.838088991650317e+17,155108.22726671127,213697265510.60645,8045596235569.119,67.96714769800106,3.5368595885998545e-08,121895.27851003398,4.422297662860283e-06,7.27316426127547e-13,3.7165563691948456e-30,321757466799244.25,129630199941359.05,2.619222950798467e+21,449091156108.21826,39891925523.114784,50992689797032.414,1484640568152567.0,6934969493979044.0,185062138.58295375,3.2139129181725955e-36,3.690601712357869e+22,1119772730552.1138,107182.75862079352,9.704349458508393,3.748057536826026e-07,4.593522816367991e-07,1.4676989007873005e-19,14695.994751693475,1.743006938924249e-08,16283434781.886778,125831751230.89644,26357.404819204392,94.2838375657158,17339519.569088686,1.7605802862528028e-10,3.0255099406982026e-21,1718939895.914534,332047.91480259114,5.7348399499894814e-08,177350211.24544975,0.0002079425549771,1.7334012131995182e-20,98672434359.98872,2.122767255572531e+23,2250863.042689609,1.2445122550279086e-20,1.883029873128309e-33,1.638708111955621e-46,20583274.666061435,275678850.0730156,6306900.2888331385,0.0326780283145592,261956.4460713816,3.713281247480688e-21,1.2329894648926772e-06,29364329397808.336,934281653.2365792,93904.88449602264,1.812586167535403,0.0008772877086131,2.1629696615306722e-07,1.1058587540479824e-11,1.8917816951903128e-18,6.715909864399414e-11,2.8705301337577805e-18,4.156343824137274e-11,0.0063089709456792,5.5002989324778426e-18,491082642.7814766,15.69832711483716,4.518690172153157,2.7434898309472306e-21,4.522454306244247e-07,4.404275664578579e-25,4.460468832109615e-09,0.3164588206667179,2.0429544921638012e-25,3.6534860074326673e-16,1.5636040297595805e-12,7.181109556760019e-27,3.122143472310252e-12,1.060196276944845e-07,1.7472564471146377e-14,4.4355834288954454e-14,0.8025189128000788,5.145001260939259e-21,2.283753451020243e-28,2.0427348898484404e-11,1.0513714132460716e-26,9.214351470495149e-19,3.5487276272242074e-08,1.168158203839443,0.0,0.0,0.0,0.0,0.0,0.0,0.0,7.649664617781991e+21
2064.7792613755178,100612.05653458062,12.00927893564996,12.594580548100495,9.661508353318768,8.660701751451278,8.03931135286301,163989192.53994325,1702544400715714.0,1.0368718459731249e+18,0.0001045875920905,9651373831.6501,1094360.7660320597,0.0001064790747511,4004.019096187138,294.66320092242285,290692517.8678744,828282295.0048691,0.0027239415665732,139303417.78354633,0.1289150047146484,0.4053694601560297,2.205010173445521,1.8984088126238403,979869.6430139118,1.8064771594808826e-07,8.237437546344707e-05,5738884717916697.0,6807.409586657177,7.019479510826329e+20,9.2758507849503e-06,1.5502213322101443e-14,1.7560502672528998e-18,1.8089470228376157e-13,1.1214682750919144e-11,0.0113714421456761,67716506.89458545,1.794916495200742e-15,1.43364103369946e-14,0.03657971901037,9.320743153972028e-21,1.42817976483693e-14,1.7557864509578257e-06,9.834757160614289e-13,7.68240708655652e-06,1.0527631491049e-29,1.446392592941829e-26,2.401852470680076e-23,1.0249325059238015e-09,2.3398919859117038e-46,2.0591788976071935e-38,2.1636556343809968e-41,1.081293278834568e-58,7803482352.412363,2214889195525874.5,2.979784552887477e+18,3.4786666397688586e+18,9.645988532056364e+17,1.1481426146995364e+20,1.6234174462197003e+20,2945883.6870998302,1.3260128171409926e+17,22498815236.00265,911125.0840217764,7.796000505547009e+22,4.923285752638761e+19,8.303468348832627e+18,4297749.511326357,588123136233.0137,39.838710761018824,2.8011375851309515e+19,2.3894029948846903e+19,2.28425589997239e+16,3876.673411752144,5.353685918749232e+18,1944400566241106.0,141821936025517.44,13092230949999.629,4931310694982.302,240753.8575598469,3558466144159.3276,79.46270930509998,2.6080142501912995e+23,3.703715012750655e+18,4.797770764406554e+18,4.745429254380103e+18,0.0146080126842833,3.3333775100852804e-15,2.2307155040756985e-27,9.722973168091807e-41,2.3071221908319532e-52,4.749884720913177e-64,1.0117386153972208e-76,6.236245868324967e-20,2.0801005457425684e-14,7.7187152233884935e-19,2.293994905126474e-13,3.778968521647372,8.467590618290489e-22,0.0006135323519862,56692042109.83638,1.3811080994403118e-21,1.5060543122938846e-06,21374.5138558758,1.912886465451836,298503519761.7713,0.1387227585328467,4.171076518915359e-08,0.2644856608577323,22561472688.860386,1.8805351212363784e-13,0.005191020105894,369620205.7317976,4391807823942.018,2.944740664877788e-07,1224.5998721910655,0.0012867476799558,0.0007698981342067,933132761.5249684,2542102.2515397556,2379523106704.841,7.824559197956386e-08,0.0317487477201499,0.0,0.0,0.0,0.0,0.0,0.0,0.0,7.410647642040897e+21
2462.120403372534,122718.66493777768,12.016493745001574,7.639773970182025,13.327202437487916,8.221771085140544,13.63501068085906,231350730843.71588,8.73320857377428e+17,53418803.113417685,4440263411575.066,35638012258.11717,4.979035816888212e+18,98677303855957.06,2.3911793955985925e+18,3.025771402315196e+17,102664917838.53796,22574440182230.08,2.4338538202730124e+16,59658467010477.92,8.3789914114025e+18,2.278617288829904e+20,0.0220847778504177,258786346639166.53,59223117.26020811,5134995.381033007,855654799.0933802,5.1904923939731e+17,1.9569741269121123e+17,26093811876.853916,2.2925471278302424e+21,3.423394562054817e+23,12919346467595.25,3.160872786172508e+18,1.396518878190582e+21,704831.3344012151,1.0128090095765043e-09,2.0210775354544036e+20,3499321066.026968,0.0021331732358714,3.1621040783516945e-05,388426649325085.75,9621284617.601068,128658645113517.28,1850218532676.4607,3130845881071628.0,2.3584543751057244e+19,577735.4014251794,2361778063.2562494,20549881192659.902,2.437604267542353e-19,86565306120633.22,619151556923069.4,659775834561.32,88121.67357145164,0.0001335184220679,0.0001531045202503,1.4857662242563118e-16,54025515034.263954,0.2952736631969439,2.5603450009088924e+20,5.74711290393842e+20,26350920570348.547,65492661.07184247,174947303738200.47,1.7446824647457275,1.4963764660545738e-14,5.52487564539614e+21,5268500284267222.0,5257008.299516278,14619406.615449823,4.032853371117615e-05,3.391093220508392e-19,859561779837362.9,1.033694310426717e+16,48.33213368773162,1.1535852575535594e-22,3.3795007297872466e-35,7.684560128286963e-47,1224.9384246093437,6597405542193.594,31693380027637.277,6.728433567249127,2236075.044926891,2.706646769097941e-15,6.654373358416414e-06,5.967154739934851e+21,6.030725098381488e+20,1.7560610897327505e+20,2.258865925182957e+18,2.0948437778374628e+18,2.0636349115916145e+18,1.6110967272177187e+17,0.066652382169577,305096.72966333217,9.967869018659808,50418409.88925843,157295.19044290154,3.959937321048661e-05,2795566566425.409,1464.441796207434,273303050342.07385,0.1621511648468482,5993264886.067128,1.313308019001132e-07,28882.40185447692,1505323800958135.5,0.2121180571852321,13029495.57228512,6985.057350812858,3.4409044214967955e-10,22.2132818261959,0.0007789642964585,9.443985754771303e-10,7.320903075568753e-07,11151.112736761845,3.701354507076474e-15,8.403952199094609e-12,13.8136358080577,3.384525711737481e-15,4.5576309567152363e-08,3875972.7338943,23632454700818.867,0.0,0.0,0.0,0.0,0.0,0.0,0.0,7.38337269130543e+21
1802.7236274750587,85923.64718679363,11.985444275952096,10.780857390874589,10.604270467017477,10.239343230832173,9.083471349360495,22234644115.754856,3.366088595620099e+17,5251359051.097586,3727.50571834629,1192252458.4168408,10806346113153.148,13091586.859552382,1.5060593603971987e+17,6786362317416313.0,3154068112732795.0,435296170443987.44,2395368541999.3096,3.4264796260847654e+17,1.0561403932302188e+18,2.6649198465174175e+22,338732356.5197559,4840240265.850486,943473122.7263048,776.4767200076907,881376.0355788835,9.275422636638749e+18,1237894754150842.2,4.61130004306076e+17,1330109709510.8884,783967019670.1423,0.3207721013548782,848309871.2288378,503439216312425.4,29017029987.994713,20518660.057311665,5.411627502992776e+17,392906610799.837,108879502068.77264,24839.91901631336,167203.8752010455,15350777.4803264,580391512.8709853,5582122.91352026,0.0361183674325868,561395.537411821,12.182989379163718,9534299.11436945,2.661357001334588e-09,3.2488253282052696e-07,0.342314364218567,1.5488312307134033e-11,3158304642801.0376,317881903905.7496,69933251.57814041,82930148.21999826,1.353007777935882,4345944150000238.5,328698786.17001235,1.1225857081836674e+17,2.0999093777550463e+23,4.72082777690916e+16,9747411116448.164,3.992481200132881e+22,381703873262.8142,1233243.5057867728,8.035242524504042e+20,1.1023991552855211e+22,1536225511275925.8,3593295477492.1465,191982.0072047743,4.7342724516429995e-06,235732035430.02524,2.413524763658465e+20,1600460571.772629,1.642925122164654e-07,9.889619257115404e-16,1.323610981609348e-23,1881630.1530183516,14125565661249.283,49437918063.49146,440484443.95400965,7272557166523.914,9.085689675585727e-05,792934.077504755,49710376740589.27,937865575.1540684,52899.51632886873,0.2746011449406906,6.0521931141072455e-05,9.728320901413356e-09,2.0308266576829592e-13,1.3500293048100693e-18,0.0003459578022892,9.747159394916776e-14,17.727541270273555,15.178627111339138,1.2503994352873428e-19,5933483539.992417,9133435252.061323,1.170273410584422,2.679360165566336e-11,1300711908.7280536,9.071444486904103e-12,8387443769.754499,5971117159516.35,1.278420672673451e-09,8494902.753601516,84390386.66023816,9.643114403306817e-22,0.1003083931886483,0.0001495311759814,40.372918825800426,2.3446893301245193e-13,2443854.636541352,1.6327965468216062e-16,3.478858835285658e-19,2596.010854563068,1.3623554868501588e-15,0.9390819284742856,9.98312959156093e-07,285729886.53139263,0.0,0.0,0.0,0.0,0.0,0.0,0.0,7.24483106174128e+21
1247.0350722541891,43377.77606420768,11.972260723780511,9.064326013577231,9.167997220150488,8.248963900416713,11.581065637369532,735214.015252441,216387577835327.53,147.6142319195788,1.950934671401852e-07,24.355960408623208,1958258034971.733,0.0106013220705754,2228720776438.09,17848921718.923054,2065808022.356996,194396693.764884,379685.86358435336,7144410697699.773,86010437124001.4,6.710987806797452e+20,0.0627967556361252,27.046831363983316,0.6345525617977853,9.618458574530002e-10,2.7628227234184296e-05,1050864880994325.4,152500570301559.8,8211163864115.401,19094316332.602207,674975184679001.4,3.4999538447901815e-14,1.7052123531611798,598498243.9812855,18.11474769989112,9.238902701782896e-05,20965811919995.043,12435.864701838478,18.161323160620476,3.213418912899734e-08,1.4598378022936745e-06,0.0001637614568603,0.1690273963762047,0.0002899845810367,7.314434651013522e-16,1.0043610625111317e-05,5.2621851101369165e-14,9.90064064769558e-05,2.998082103722347e-26,1.496091487614979e-25,5.499056519687366e-16,9.267729079641869e-30,803850.1501759833,7387.740559497803,0.0103797390619802,0.0129895194553473,3.7382215024971025e-14,27200443256.98514,0.2494273271552986,4.5289765942199354e+17,3.8136685324354604e+22,766625025477.0277,1721483.0541311,4.597548499176688e+20,6563.77055203802,0.5933077362796476,1.7370790116301317e+23,8.054792558172345e+19,1086724793.1543884,279533.77091904235,3.1400055396306316e-06,7.7549175476982475e-22,831232137.1707332,1.5796076374835856e+17,3.0670596841670865,3.88264067190299e-25,6.286358816277498e-37,2.4273404206950594e-49,9.674421565200708e-05,354980019473.6128,3992904647785.446,0.8847747985564999,54289764545.63664,9.264157000775208e-20,3.8038732068933054,4.542622516481223e+17,3018673003694156.0,66253624107468.96,445159688481.69006,53749822691.2511,2643856061.8586245,36075807.161301926,1.146585431723303e-38,3.933028318528366e-17,7.865195768979095e-32,7.514911114668597e-11,8.281087940063771e-12,3.0116022731996716e-41,110.09839853306178,35.014909538392345,8.642676423471505e-13,3.4301464623625045e-27,418.20152637052183,3.6644493376704624e-29,576.5423842353812,1026118777453.18,2.222037952317622e-25,0.0586616728851427,0.1980424235751601,2.5960003658259426e-43,9.528142966419325e-14,6.0694659119774e-19,3.3453089352439737e-11,1.0231680217565243e-31,0.0008928089657478,4.189692245753293e-37,1.888471791374335e-39,2.78944906806187e-07,4.4877146425745736e-35,3.614292246983129e-13,4.130042897854931e-16,1167272.3330128803,0.0,0.0,0.0,0.0,0.0,0.0,0.0,6.923940761129626e+21
1583.765153830468,74578.29128576581,11.996451210153968,11.453312081271871,15.153177016348362,13.762635458114769,16.49738662959003,6122419.803744652,41167930988612.11,183828.52932256635,1474.111014532109,40455414.85735105,2.9660013683799024e+16,14403.921130703831,2.8397168125728276e+16,749005408084088.5,1724758834465.2925,26029417671.85337,16153831.790969493,79972353930.6512,58632030493.65373,10389487257517.62,2.2704864192808442e-08,66939141607.512,51203657.089644656,6406.374101557863,19730375.35213408,2.6047606159784535e+18,1.3886797438841248e+19,551805697542565.8,1.0130977216243292e+18,8.277658594288061e+22,11.35472647476378,748589216.9179974,3795262368946.069,1205.209026683545,1.067892496744408e-05,16985841054.998013,10.280531735422208,3.181756512337021e-05,2.999120981200539e-16,186551612.59347305,139174643.2755617,15640635245810.293,10117080.066034747,465.69687244014585,71267395.82951842,47574.08045469164,47943776.54859828,0.0019804435541639,8.086518641045928e-28,77786929.16078699,0.0027863835067139,280068761.5820205,102386.30700112288,0.0355492416239128,0.042869766431518,3.6244394849945143e-13,974094469.066001,0.0342033032049056,9.632202773320288e+17,1.7717737246756605e+17,18112056168.138386,7465150.551155902,109962213408891.78,0.1240812404259936,2.967977758016663e-07,2.818293105408747e+19,33348985843105.836,2522.0125001429724,1417211966.281444,0.0416970640750759,2.1798755465008267e-16,1563749718927677.5,1.6843175054088817e+21,1621002.4099808796,1.6566296180554582e-17,5.842632057533248e-29,2.320370126094962e-40,662349.2091894479,160828153902676.06,3.180124160417156e+16,52.124090131350584,432846086093.4316,9.106759704348828e-16,36.54069800941694,1.8160609994637497e+22,9.709311860353838e+21,1.5921483081985437e+22,3.4932587303756135e+21,2.4886978268677095e+22,1.075920689608554e+23,7.678944920275596e+22,7.084329604407632e-20,1.4107931483655037e-07,2.5082645739274068e-17,2.6994579997947737e-05,0.0019116709991457,1.7787221167272987e-20,825265933.8397381,5538.5657020016015,0.5197952029254674,5.433465108494614e-17,104.0860482918178,4.8468322413738784e-20,3.2083448781867587,135164509813.96846,3.3878480295383352e-18,0.0002450810462067,0.00033517998143,2.3360522484763556e-25,1.0655576526598388e-06,4.699790632719956e-08,2.4009193868425924e-08,4.620246307615558e-15,1352.025221851257,4.9405077495656635e-21,2.0003642637427355e-25,0.0001117515349737,1.0522950690420524e-23,5.391000953444744e-11,0.0008266808597548,1673104978.1881735,0.0,0.0,0.0,0.0,0.0,0.0,0.0,6.751925856702796e+21
1249.4258129289806,35466.36191461043,11.989592948610497,11.177822013289148,14.350205061330136,13.543922082359348,12.957922533874717,10881.737860640023,4410361561.619958,0.0034777780681337,5624.833256667887,0.4409645994205728,65727730323.64884,5850.919845343951,1.8768060220712716e+16,151926831814149.88,375021315.0082602,2181643144.831779,3948805.7847596062,1524201765.5448904,16754336585.02122,2456178233082.0293,1.153716782518239e-19,12286168441.67103,6174.271177930284,0.0074642376215598,210.12364808055256,5.852815589593824e+20,2.699582064141351e+18,97796479872150.28,1.6203986284063844e+19,1.7758293035202386e+22,26093995.970726777,2.3287181060410116e+16,1.5292712279190287e+20,2167.6794233937608,5.095941860561298e-12,1987446652592808.0,26.046138896456743,1.755559766283219e-11,5.741241840623235e-25,17172517288631.88,40681704180.407394,3.1547145997242264e+16,4398830469408.876,1.3718026565300446e+16,3.516487752153998e+21,5535016849.703891,7.979729144563991e+17,1.4649488683428484e+16,8.107830933702247e-31,6.849111105410124e+22,1.1474196888149826e+23,0.278997529020161,5.5029274756583855e-08,1.6865814001619377e-18,2.109935130208199e-18,1.3544210085977426e-34,12.067558355056155,2.4744847193192208e-15,290355362859.7602,14615724000324.94,5.0490289136580575,1.8906916295365024e-07,3790674.3465548335,1.2434618758862164e-15,1.6335399915607296e-30,2115399067728.3728,9943.815178448816,4.484323060006093e-14,0.1061431870090913,2.6570279253605186e-17,1.48986806917973e-37,463696.5131314979,43493327564931.0,1.9321745947353717e-08,1.2418657764232957e-42,4.472382054973734e-59,3.895795619995219e-76,4.780163874499973e-10,255062.625142647,90598.56476621432,4.480940320341571e-10,0.8310245716739179,1.0853457385012952e-33,1.288410344043241e-15,473358792220696.6,100696138121.94566,70694901.99552616,15081.576847639895,58.125462519596894,0.0915855737791234,3.98472832608618e-05,2.7373551391936855e-26,1.6361870529605662e-08,3.5544655063839364e-24,5.95476992055815e-07,7.279878761500174e-09,1.1921217445334391e-30,689568029.6105894,6.1053190551052765,8845356.21535079,6.035065051626533e-30,0.0001241170533012,1.3931297549471536e-36,3.653873660420045e-09,9321.72946859168,7.597472998052122e-33,3.471450724576031e-13,2.5184749660155124e-18,4.1261941727918864e-43,2.549253753013289e-17,1.841281847329055e-23,4.0053484969461076e-24,2.519387266044549e-33,3.733752052697686e-09,2.2514739529756683e-43,3.8414606893444643e-42,9.449591661369445e-14,1.9090445807724665e-42,2.681213930864603e-24,1.1292158159307202e-15,557.1748854235155,0.0,0.0,0.0,0.0,0.0,0.0,0.0,6.446379907680914e+21
1675.238492394055,58064.5730171569,12.000245314683507,11.148766447207322,8.247633263942078,10.549661656416005,12.216595620688295,21551536.02265742,7860569290021626.0,75761406275.31651,0.4116560710890925,502424590.43761647,6.620632022319451e+16,188.3386577300718,99604351513022.4,3342662942395.6,341780104091728.5,5152824109406.729,6936795.878308431,636201405977035.9,723683472440.9302,3957528050588464.0,158486.39743206344,10253503.84532188,386376512.56103706,3.351235971327008,6585.7973016073365,3.469521685631511e+18,1.2350758796429322e+19,3.488616996902809e+19,33156037578727.93,1.0339379306420804e+18,7.72901718514532e-08,88.96570295532008,12739079.658668129,15605576.853391867,368555712.7610336,165130572.31042925,9877.97286364659,85779812.17653221,0.0002043984257151,0.7284663558936799,19327.537906783953,39514.56273819356,1068.7959245059558,4.116789190096059e-11,0.0001675408524455,0.0002147634774726,2399.573551650504,5.1772987844650406e-21,6.292114218370458e-16,1.1374138462998724e-10,1.1341146573941536e-25,167620286250.89413,3128823917901.958,80595196735.99043,96463194241.58516,99822.62190012612,1.2934507483982028e+16,58451499432.2359,9.558559453377108e+19,1.0541334914191174e+21,416281834182653.25,340398866454.93787,3.507494804392409e+22,9421821530133.855,3.363221996751242e+16,1.1013788738896625e+23,2.24554504729518e+19,448153821385.52747,533155454914768.3,1869816817.868532,1.7872605041266745,6364495577336079.0,5.175224436304289e+21,1080113797958.5024,0.2586808158942187,1.0554750150757192e-07,6.597274866339724e-14,21085224.708542556,1.7275008682510256e+19,1.954690182177098e+21,1133508558469.825,2.015079376318223e+21,5.475251212861108,1.7383508602802524e+16,1.5784716801028886e+22,6.581184926963392e+21,8.314600278766268e+21,1.188150023734205e+21,6.217933555948562e+21,2.143663896324784e+22,1.0961243390075134e+22,5.5363161641844775e-22,7.682728839844624e-11,7.117549998001853e-18,6.049397934218328e-07,3.0538900686806305,2.4062716833553448e-22,88584.69766962972,940695864.6725107,2.244431901409337e-09,7.39488450933796e-13,47556.019665336615,3.895626469825412e-11,66250056.08641959,17188557969345.553,3.031991335123417e-12,13.13518603562723,75904462.37821999,3.0202750860235874e-22,4.410676815187689e-05,0.2210498399246168,1353.4696302969237,2.241865591866802e-12,25668.656617822384,1.8002953377000637e-13,5.9012601930271505e-18,82.98784462421555,8.811563691208039e-12,3.208588196824908,0.0356995315512302,5253369869.5590105,0.0,0.0,0.0,0.0,0.0,0.0,0.0,6.113850877424788e+21
2128.1457872935307,56031.57994270615,11.97192963835967,11.151623410666092,8.376971847930772,12.907477580335057,12.199524660332704,5170814896.384513,1.5427315304171587e+17,26576027417954.566,11826.860609578787,3670284966171.58,1.488678135246512e+18,608365.8334877341,1758905532790517.8,143091678431072.78,1432804565674990.0,30544188100146.504,676786923.0279962,244052587802327.75,1320859515565.711,176708585675599.8,251089.24364182077,22210642824.740498,121860781147.53542,471815.90892294934,178589462.14933154,2.581290092876889e+18,2.539968332424906e+18,3.3074987014485274e+18,417055456081628.06,4.575255123330325e+17,0.0081269773158855,28066.375089077537,71423841.46290767,9815543.252303256,6855235.045517047,32827065.611718073,3732.913181795653,1129654.3629269835,0.0001437761940128,7007.595600232981,7943561.078773532,53718585.64416594,233483.5561630537,1.5261794959491406e-06,0.0826199890685184,0.6728919260888089,9214.678466214473,1.5250756745929785e-15,5.473208736595777e-17,1.9789716128300414e-06,2.403899732066267e-20,151395144531461.84,462213116168877.9,7847846957444.15,9131987875977.34,39398132.699631475,1.26757143010134e+17,2841586697025.314,1.977147432776044e+20,5.102052166151964e+20,2.028364963956954e+16,146245669495027.7,3.2856603064490415e+21,42630287255682.18,649282409486243.0,1.3561778593817363e+22,2.206181039564015e+19,20895179832615.77,9.185756748539037e+16,1202476401267.203,21189.261345272975,9.014901380173116e+17,1.5078850339735352e+23,1083185602873010.0,22961.047814142516,0.0323409036093346,2.0988097473207137e-07,2414656272126.5347,5.072316160051416e+19,8.761157810120465e+20,72767919516410.56,5.3052160260143206e+20,29227.112616451115,9805605674933892.0,1.3079566379295009e+22,2.634459958565953e+21,1.5507453085979205e+21,5.536846120837303e+19,1.1329187946083724e+20,2.0858804642661263e+20,3.7878548886576e+19,1.5406742039310534e-12,5.738544098896504e-05,8.645349617310441e-10,0.0299557787357299,18139.252280214823,3.503745769547624e-12,113918279.78214556,7424505576.704681,9.738846731811144e-05,4.408885974802058e-05,51442533.370203786,0.0006377836436431,7308553083.598636,188883526543299.72,7.113050671606346e-05,47250.74625714703,8130425613.6659565,2.7071866141898583e-11,60.22983836388323,188947.04223173423,4486662.622913133,0.0037422772639308,1363138034.921704,0.00020745359504,6.386306560029194e-09,564176.2511826429,0.0001769535664786,18659.160841907866,19921.866128061232,918313164647.1216,0.0,0.0,0.0,0.0,0.0,0.0,0.0,5.848701770908097e+21
2682.2231833807255,92351.0297852094,11.993946650309606,12.618862153423777,9.752481681943754,14.313679102825516,11.336283129583352,33457322216.476387,6.154251477244122e+16,2.840922602375486e+18,456.8345859174068,1139989586358819.8,25980724488704.215,187.7648512301352,3669879391.5901456,584313782.5642612,1258360989358.1074,95067098143.50175,602.2176618730091,4057325064.658833,2404.316280474547,819.3362928899093,26.112259553271993,42498035.78228551,68961241799.6623,8008.439776715677,870534.2316561614,3.854606008127915e+16,24802821001.5536,1.335124844605489e+19,72218.61547429215,10.70944914841207,1.3182613185475457e-08,2.3270315717614828e-05,0.0001186279156976,4.167878770905172,330685.44705223665,7.736463813123048e-09,1.875512753872149e-09,0.0573353732685471,2.30769728017815e-16,0.0006761523998252,83.14572409773314,0.4273907312253107,4.4253138530638605,1.69396453174585e-17,1.2664042783781969e-15,1.904166791102928e-10,0.0001645069769988,1.4125232501359268e-30,6.81914370212438e-33,2.8994819627784583e-23,2.806207506294169e-40,396751912724192.5,3.8400790739515814e+17,6.152652069287682e+18,6.999637312468089e+18,1.1639239159261475e+17,3.6438835602075263e+19,3.553870035193602e+18,23246392223761.723,4.967550167265341e+17,241204522994249.2,3390044216298.2715,1.1392207362080044e+21,3.702220890817561e+17,2.4881333747592608e+17,7865098682150.71,572087681641193.8,166964500.17604187,2.0210848687289787e+21,9.202611952266917e+19,1.9694895835210964e+16,22783837458839.34,2.426508129598279e+23,3.393951897241826e+19,3.5923817387224188e+16,174234022534771.7,8504739718265.469,809792458550476.2,2.342598588408771e+17,1609468281512.1597,2.657592287546699e+21,4.9199360237464486e+20,3.9872396845736984e+16,2.106458027557332e+19,30722355482.153297,6080.884937798215,0.0034424058978755,7.278291988693391e-11,1.2539410965887931e-16,2.513964686222803e-22,3.5386503557985525e-29,4.19776037110873e-09,2.456810965637523e-06,8.989100673534427e-09,6.269110614915259e-06,123228.16841547866,1.213544448399004e-08,13202.92057666575,78423455910.3744,7.339025257941034e-12,17.288079016230203,40124770.501400344,114960.3067044814,1219611170672.0938,6819572.602307864,0.5816122577483174,3927.287027689216,286224453919.92535,0.0240191958500343,92996.13022315138,30196149418256.43,110068215876834.31,56544.45869132767,62386158955.422554,3052599.76495593,678.8865743068983,53051055204.3767,1109829518.676143,1948024649600.4832,8662.333173061426,6999657.25117368,0.0,0.0,0.0,0.0,0.0,0.0,0.0,5.823354846774207e+21
2250.6649101329,78617.97877950712,12.00490302461261,16.022121127402833,18.689781319579993,15.050622595702515,16.175317339773752,71963030.46286218,17666580415.91619,388716497.8453232,22681300258324.06,1160964848.0374787,1.12442260966114e+16,47486302.84332598,2553732468529.0713,248126666043.7421,7042525.023217485,3024204190.8647766,1646.5013548135692,882.575856132954,0.0912569693030704,3.667067291322326e-07,2.171376571519365e-26,1340648813814308.8,22646935095.395927,3510741.3651403324,955545915.9264892,2.6600270998838444e+21,8.253006437655139e+18,1.0231723337196648e+16,6.823632617009858e+20,1.5582104758411476e+21,4933886065481000.0,335331181624516.56,24058048306.437344,0.0428706380805081,3.033092105769599e-13,2.258130395671085e-05,1.3283184116992688e-14,4.1069803827818265e-23,1.0348582590439919e-41,1.4007260146719731e+17,378681915896362.4,3.853757085508212e+16,1.8588459630704723e+17,1.823081869083461e+20,2.568322649041092e+17,628175994542.5199,3.612364039622445e+18,6.844688102973599e+19,3.161676734159315e-48,1.4274977499282268e+20,2.4769736234087695e+23,1981.0795467282137,0.0189993474458135,1.3471351867691612e-09,1.5584638583722302e-09,4.0697443655311333e-20,56788.84503219691,7.962937638285842e-06,58221705610.274315,1744653.5404480796,0.0093103574026569,5.542924616751468e-09,36.4270206637835,4.684214199884735e-12,1.9944132468962765e-24,143085.4331987975,2.922809282707125e-07,2.03704750666639e-24,61611152.67655309,0.0047600249492363,6.861561041067267e-16,522093428856.7855,829237545663766.2,55.207009414957035,5.920215833924373e-20,4.882820468278357e-31,2.2951430941820768e-41,3.751738309138134,1148418634377.5396,55128754137.36332,3413.2878581158243,33446280.336851463,1.512327947362867e-11,0.0032719864151531,2.062370091986025e+17,146091148164921.1,300657317883.4013,33064052.548839457,228357.16812760435,1515.2241985772746,0.909775634453972,6.533752142504294,968.5490015870242,0.0001230326919381,0.0182500702048922,1586.2980295723155,0.0010993620700462,28198334831.649643,254353.9858280189,225695377477.68576,2.2348384449388975e-08,0.0602607098396517,1.1225908373473089e-12,2.432300311626192e-05,351.69855909485216,1.8891049849700112e-15,4.4578325265575504e-12,5.159469125519815e-15,5.020955395306483e-11,0.0002492233228113,0.1539751325126622,1.1279148244522588e-10,1.6485686031746408e-07,0.1552166215557597,3.8511526540996784e-14,4.147479340484926e-10,0.0683918668197073,2.3219828792576868e-11,9.896987406585073e-09,252908.71581705872,47813720.33391822,0.0,0.0,0.0,0.0,0.0,0.0,0.0,5.730927694458071e+21
1398.9965937847146,36611.9717010913,11.98135972367422,11.431341977438464,17.939745599296348,11.424930080121824,17.691432121398197,409024.998649818,12518024.478602516,0.0002910537354687,1003305.3461177072,0.2374754819411654,4638226617348.945,89.70307648148514,11181532326.774532,164643981.3529891,0.1325592752169866,761.8729322496241,2.166280794394127,0.0310994030826437,0.2345560769094906,0.0010451546013609,1.2842623368967453e-39,508203470.71490496,0.1063433666576446,6.564860894684389e-06,0.0601363026655126,1.3589724681973126e+17,2133917747355966.8,8620157.499481177,1.3486071043435422e+20,1.25546372674307e+23,1928114560.05582,12688599845883.33,2012409041717.2944,1.5570315528719235e-11,8.165377413160484e-33,0.3849437906338447,1.1831603231858182e-17,1.939863693760191e-36,8.39269913242185e-53,320596068257.3388,142921.77030604988,202544382001.01392,7688388683.048489,8.972328941465842e+16,4.8975650427831834e+17,16.17669442990601,23690541757.59376,6.10052563886012e+16,1.8891671059557681e-66,6.8003363543345224e+16,6.386756189450078e+22,1.397932927590824e-05,1.2737576012539676e-15,4.493472391827157e-29,5.51790834082172e-29,1.4121417178699826e-47,3.468430522025293e-05,3.24905165017025e-23,1557849010.5588758,1312897.2133141498,1.3341139749702557e-08,2.7611938170701856e-18,0.0001796009996148,1.226540898108138e-27,7.848872580743745e-49,634238.0527002618,7.00798140429025e-10,1.9651420275592728e-32,7.298108035761248e-06,6.895885934130411e-24,4.146167563686644e-46,149347.9523091071,755396946.7677616,5.5223677470972225e-15,1.7397734553511342e-53,2.1421393584930572e-72,1.397083202888459e-91,2.7486307716170904e-15,7217.071387684596,6055.11639466093,1.893499723870045e-14,7.20659694211432e-06,1.3909254461246676e-39,2.848469369463067e-23,3.051406791694414e+16,32844349821608.09,112115186688.1791,76796002.93318139,1278247.1521049784,10611.455694207594,18.77728004141371,1.1072621799229961e-20,2.6315862288100936e-05,6.615400969686727e-23,6.191216798311002e-08,2.610927309567283e-13,1.928309316227231e-27,20367871.298971716,1.0868058773046253e-05,365017969.3584503,3.9539551708287053e-28,5.284528279926466e-06,6.141694516741651e-38,5.4083041341572294e-14,163.32095516485663,9.926186450720699e-35,1.2366811374562082e-17,5.0703993615754346e-30,1.312930288392129e-38,4.686089741224008e-16,3.897325729338778e-25,3.1483291493569768e-30,7.251688448041059e-33,1.0218187950844038e-11,7.660363664465536e-46,7.50148998203004e-39,5.867178110559911e-14,4.051182995071658e-43,2.3654229822412655e-27,7.244006409550216e-11,157870.70537884135,0.0,0.0,0.0,0.0,0.0,0.0,0.0,4.939187624944461e+21
1421.6690439264514,29558.770366611847,12.006224906347075,16.09851004753894,10.298143618570384,7.621567279607745,8.340812107146766,4143.611282700463,3091332546.2693615,1153440757455308.5,3.16580525195263e-20,5.606507926330256,8.509246261402531e-05,4.38776923018819e-22,3.6269758078577394e-13,5.783664622803947e-15,8.81871900099509e-06,0.0049491004105121,1.4614495811267145e-21,2.9753867059602713e-05,2.0868633338027223e-20,1.255235131666443e-20,1.153323275983823e-19,1.3485017524113376e-16,5.5237245657212224e-08,2.6765865926095965e-29,2.1118853454104347e-25,3888634958.90713,7.490221431870441e-10,4.769191541773227e+17,2.9443774761604935e-23,2.7946568710200154e-37,8.561220405856425e-43,6.2983952584964574e-37,1.3083418752714586e-35,4.521321599457079e-22,9.387979547128456e-07,6.592707514294053e-44,4.9934003131425105e-42,3.2862975399321433e-24,3.099205835320217e-54,1.2120667217554494e-39,9.510334709544455e-28,6.790608537476789e-39,4.560438147670565e-24,4.560609260025511e-61,3.205037101199654e-58,1.7013838607209416e-56,2.843432942890818e-31,4.629425831153652e-87,4.880148370297385e-83,4.458977753487387e-85,5.870111005527475e-107,0.0516904884878406,9342502.218665956,738711237639.8094,904883038806.0804,612486249753.1915,1.8849676889059636e+16,4.753305732407948e+16,4.357781145707268e-06,43978527490.88905,0.007164372142688,1.9038711630561725e-11,1.2140471724706165e+19,273276616221120.0,8008516119234.851,2.597039910997827e-07,0.0499298183825466,3.9286430180031904e-21,287854328220727.75,713840914256969.5,129542955521.75212,3.42716670599844e-11,115299398374.01816,2692941.6607511626,68912.307726255,21997.96346966933,4126.215038919846,9.295899122313329e-12,257672.49442128572,2.5242942300147824e-12,1.5057814904022945e+23,483302724727469.4,3.832566669440187e+16,4760126009173202.0,5.75800305112503e-18,8.011423378989436e-38,3.51774868038385e-57,2.9326330112989236e-77,6.180601535322502e-96,6.672052562858298e-115,1.4829121266641646e-134,1.5674110677499976e-43,6.944752378324261e-33,1.3354493689510458e-43,2.435428018993932e-33,5.039749169535642e-16,3.3550822863472195e-49,3.223853993457223e-20,5596.914030224129,9.355448032040954e-46,5.967159762706634e-23,1.1679907564429477e-05,1.9319030524608356e-14,228134.55266670103,3.3343910902439386e-15,2.597886942343661e-27,5.7386600545433616e-15,0.0194597691755441,2.146961490743558e-34,1.1047919602110591e-16,0.0052847429311783,2357174.1024914617,8.796477973427549e-28,1.9096788140290198e-11,2.0904993536710997e-22,1.8193442642521826e-17,1894.7027941503711,0.001606605335632,175958519.3756737,5.278028304947859e-25,2.174704218755289e-14,0.0,0.0,0.0,0.0,0.0,0.0,0.0,4.6619499351402936e+21
2307.041218179237,61459.45086463276,12.00178406689428,9.936373090329292,7.520527849158675,6.8141058610057,15.401806636342329,19571559818.04657,2.94456459160851e+16,82780412457.35693,992.889539937908,2061502281.6713357,8.885577905323512e+18,2235.0827734236896,64166585.02572256,6721943.861427536,20265.102611855575,10742903.702787,74377.98785573369,3220872.7605456635,3805095.1050977455,14458025.506698964,1.9379790880853293e-08,39156.63608090376,72.78900898803295,0.0001221808952773,0.0289169135632767,6102676369658.4795,10343033323424.016,2556238451.161296,9358015598590.217,9786629843228888.0,4.403895612589729e-06,0.2365048483177476,15.619045043862725,3.831762677488764e-07,3.3776172324297756e-14,0.0185270443768047,1.495190086659853e-09,5.746910086919176e-14,2.6495456521400324e-22,8.508624458020913e-05,2.2679434657483553e-05,1.652378759377631e-05,0.0127138641088442,2.7101008098329674e-12,3.3858622269780126e-09,6.821043760640158e-19,4.15139960583111e-10,2.235406632227972e-23,3.78836742233582e-46,2.5523345624152285e-23,1.4403491860727223e-30,3807107808.802216,4050750.501501515,35.97711212054525,41.51722651604663,1.5897019585994606e-07,11519169536796.363,240109.89804960825,4.855600056403799e+19,2.739929909290634e+18,18059393076.16509,10810.0413599473,6431130446778997.0,149492.9577822536,0.4091266781477653,1.2155547975236644e+20,526987889080.538,5.54064833565817,10268675084.73159,115.04499906210746,2.763939350674995e-09,401641600708931.7,763448741658181.5,8931.208291718736,2.3598947475895913e-13,2.815912151046326e-22,2.0931354444300218e-30,5.855149876657346,9.86854422012101e+16,2.4506064062402304e+18,81337571.76975074,302970720257188.4,6.815289003936932e-05,4105310.181101091,7.467028833069754e+22,3.0253060367979483e+22,3.5525014244631857e+22,2.1119893149259389e+21,8.199606693282238e+21,3.14594002469626e+22,1.0523391683595671e+22,4.510124185809988e-12,9.480111242602057e-06,8.410382050335868e-11,0.0001821903543808,0.0602093297014005,7.278260217752334e-16,133.11353803343044,15.65437525570372,3.159341953280492e-08,0.0007886014343714,23934744.056801524,4.583552895759231e-06,1026395.0841138012,56911753527638.305,7.978702005207064e-05,2543.5359782364094,12746.587366887985,2.1267611043773998e-12,0.1170614824894169,0.3138200339616774,0.0005306434617709,4.1344100995287064e-09,45.939464784472186,1.214339086626497e-13,1.872352868084893e-09,3174.1425877329752,9.639625142016673e-09,0.0586433979398482,2805054.179060914,7614696480370.953,0.0,0.0,0.0,0.0,0.0,0.0,0.0,4.5009793982130663e+21
1280.5189543450338,18150.111632068292,12.007504362949224,15.148455745806896,9.786021687670663,16.722408215581837,8.741732542188577,4.397165239948755,140954542.07619292,15112982107032.674,2.972380303509623e-24,63782.16816207272,2.601824311964155e-05,4.464559565832149e-26,2.37310670000168e-09,2.2005967727721897e-11,0.0669197835904165,1.1208543904494746e-05,3.5660642089419504e-25,1.0356064281237128e-07,1.657975631385375e-23,2.77134614204957e-23,6.886937621300303e-24,1.6149771554873557e-13,0.0001056209624445,6.8040075681318e-21,1.4837877220369732e-16,108732166.44447862,9.95826590947192e-11,2.3154438956109604e+16,6.4251644338622375e-25,1.0200607047909314e-37,1.8368526372790302e-48,1.3547576605735298e-41,9.622820929367944e-40,2.9957897678204347e-26,1.2642726064120298e-10,3.0494165797762965e-48,7.702176849441213e-47,9.480235659522686e-29,1.322957872077661e-60,3.062624935875705e-38,7.888261026312159e-26,1.5295557808991882e-30,2.100896731488214e-28,9.068360948011604e-68,2.443892993744538e-64,5.794759048748626e-50,3.901432917731371e-36,1.4194023080766966e-95,4.863020044229686e-92,5.7460928062016775e-80,1.1446031949725385e-116,593.4649333635916,156077269370.7872,7842960885320555.0,9770299576446426.0,1363477387893128.0,615046158744242.2,282940620225016.9,1.6143993590620664e-06,5378060050.856996,138.81738770716302,0.2654884291820684,1.9176855330878193e+18,1990774511580.939,842413679906.8901,1.540112561019417e-07,3025.691582686276,1.8030085828671708e-11,1.5292023895663897e+19,8.223130273643805e+18,125460962849213.3,8.981968087332077e-06,9.998598043067463e+22,1.3323833100787824e+17,52302531090119.11,3952330014498.3706,86373918695.36165,142110.45687189166,130394.44872809864,8.469529611509571e-12,2.650152400998084e+21,515968678067276.2,22129734130281.836,1571207938084317.8,2.7623302679707278e-17,1.2772414998242892e-36,1.930588513224476e-55,8.070191038514537e-75,6.5185676590600016e-93,2.251658967241567e-111,2.02547272692115e-130,4.7094201033290436e-49,2.530441489086752e-39,7.663474682940037e-49,1.2480982577048962e-39,6.0274412016743165e-19,9.738124780074044e-49,1.4915080622735493e-18,0.5082802299040923,9.691008005840613e-53,1.0636302192506831e-26,1.3032309726850295e-09,3.5679590422268874e-18,47.99342520202042,1.2054821245891025e-17,2.340567756853221e-31,8.823456529198426e-20,0.0004237615114449,4.074273686128828e-33,1.4601072468379886e-15,54.880819468387344,283138246.64007264,4.996974062571965e-19,0.0048102020626944,7.36449357784212e-14,9.228281948526722e-22,0.1149743898591042,4.403804447286568e-07,5615.144423166636,1.1825763086557672e-26,5.3717047502796237e-17,0.0,0.0,0.0,0.0,0.0,0.0,0.0,4.448133780627895e+21
2881.161269760537,73636.23092676241,11.993027047221211,16.08583598177034,12.45956323980027,10.28073943748076,8.158505766876175,10958706899.760368,4029622363441595.0,5.05809891550809e+19,1253.2194127535372,95535479457.67952,14534458.275825735,12.059927228172352,1156.9877783539323,219.7935357686327,1640746.2211741926,9355124394.993732,0.6883831814071688,8439022.556855233,0.0449157402100923,0.0002661295103322,0.0004990786217303,968.7646124148148,5940246.325645532,6.020771215585903e-06,0.0004709750486507,6.8156583349689336e+16,10442.033789211426,8.746187398879619e+19,0.0124320390578634,2.888609965510152e-13,1.6345314226903913e-08,3.273106044160934e-07,2.72102717037217e-08,0.0166019339714667,20349.28617890242,1.2050657532324576e-15,1.8716340974855237e-15,7.617500234832195e-07,1.7211755632450506e-24,7.352441325622064e-09,0.0025566013970575,4.446629400170568e-11,8.841142182558684,5.836588776513739e-18,6.195355981761954e-18,4.3095067445913904e-20,0.0002852001355699,2.690300094255885e-31,1.182719670374579e-40,6.335473299321244e-34,1.77016513352876e-41,786739643.2197174,2921639416313.5923,241247209985884.44,272747197640431.16,33912315897450.51,1.1316120578797742e+19,8.510733572661412e+18,289813.8323501203,552885632707982.0,9631641.502499169,2.9968797018483664,5.010512026691987e+18,2.000959618997779e+16,42581751876.040276,2021.675440120361,380110.7388563584,1.2765301088528196e-07,4.3514400176269414e+17,1.4368026709996749e+17,312560247527869.06,258.5829761311308,92535133023575.23,148990774954.2268,12085492413.614408,428509430.47699934,185405382.8627667,23.654150708802508,478739515322.00275,0.6793442121786089,1.849107076967298e+23,3419222877740004.5,3.7754844845797835e+19,956480434772021.0,0.002668178185515,1.3961044344842238e-16,2.0763799731164128e-29,1.0116837178302506e-43,4.422259677242196e-56,2.420873334865749e-68,8.43449394212582e-82,1.1305308015526128e-06,1.3644967517746834e-06,4.6426489077740434e-08,7.018471029005473e-08,475468.5800814984,6.425099012386897e-11,0.0280250247241212,129630275563.8028,7.93282721583958e-13,223.6210610636487,617026.5453826467,6270516.771979646,64450608680.71282,0.0120558393646786,0.2273086926070993,2.811394543164509,1840521709.7605896,0.0005276487866609,2.3438586022258807,349209306213.25415,24994230673.316383,0.0077793340461332,11.37331545324182,2.177430422422526,2395083.433774003,179467222487.4181,9585331952253.195,35184939151367.05,0.3611864794725704,0.6175397907024993,0.0,0.0,0.0,0.0,0.0,0.0,0.0,4.2589550312770335e+21
1206.9584705365075,36741.41826842884,11.993326917415114,13.564610105585247,10.835268845501792,15.98449763515099,17.493403469590405,3040.722217281588,37350092907.88627,129326.24731614004,4.019091749091239e-11,2012.3407162240812,73073708178902.39,1.1197519472645894e-09,378770489.1148817,2518217.368289789,1436949435.842599,231567.41044551285,2.7001683422455896e-05,4922803.637092628,4.5774487503695145,25310.786776318335,1.0418967061507504e-11,5.136359250592767,551.4305732109001,4.1362707363631966e-08,0.0016862161522797,5946076773566997.0,8.297278790779774e+16,2.1877851678180147e+17,1433307235.0247054,7504445500070973.0,9.81687626717222e-21,5.268756958016586e-10,0.0001409449047293,6.260448510799601e-05,0.0061678922339944,1.0473644592100706e-06,1.6597766506135421e-12,4.585494555609178e-08,1.2173291053110395e-27,3.6847088564615326e-10,0.0002418566094982,0.0348409729495622,9.0848106475524e-07,4.505819621893261e-25,4.903453923063966e-18,5.0060369498994975e-14,3.9783369679675315e-06,2.210058799928551e-38,2.6839966720459243e-43,2.178120600124445e-22,1.324776839956178e-44,33201.85327613084,1349797.4727587842,6323.605868279937,7959.513643081983,5.18935107877763e-05,16240964932.852327,322.9858526011216,8997968016461280.0,4601247474061398.0,18893457.11849841,14606.207353585758,2.3517051930464672e+17,4546.725130639015,877420143.1469936,2.023255696302425e+18,1465640136302.9302,1.5711767149668645,152300435407.55612,3937.9320009767303,1.620505407169584e-09,11316516304610.031,2.2222224176867426e+22,628900574.8845736,2.8739954389164007e-10,1.1071526661060713e-18,7.958328848696633e-28,1312.7016473992048,6.12035082679014e+16,7.406200360131163e+19,3333069.0539850662,4.7065629763566125e+19,4.2025226952142654e-10,8585258623065.482,2.4490403004863375e+21,1.3819468949002178e+21,2.610535656373772e+21,1.7175481139770698e+21,1.851984621420826e+22,7.64975674113502e+22,9.496276039672932e+22,1.6752872598573914e-41,5.205735822670147e-23,7.153376561829581e-38,5.556496525068743e-20,1.834150566569832e-13,1.6732218541905196e-41,0.2956414437484315,4659.569446550388,3.698780182749838e-21,2.0398877312142093e-30,0.0003958266693347,8.562978156989718e-29,2.6326217118736186,179305028.0691981,5.214997341483152e-32,1.402858585149495e-11,5.918473291737267e-07,5.516077941417765e-41,3.3424623653435896e-14,4.364683204708376e-12,0.000378599256359,2.6860798529773565e-26,0.3314037220519505,3.639051044380985e-28,5.681029640963587e-36,1.6683377657991833e-06,9.360035029773119e-28,6.738631388569898e-09,1.4523453236260585e-13,359931.4530980134,0.0,0.0,0.0,0.0,0.0,0.0,0.0,4.147161714356119e+21
1311.7847358261151,80708.07460400341,11.996114977067553,13.48626596272032,15.233274834855964,9.669468557093507,14.087734589746768,1593708.1803111287,2227104108.2537904,1.7844152971202545,74221.1770521722,0.0253905779441448,474094276602.4362,8230.835050713671,21873272712598.117,231022882516.39587,24810351.27577574,40907689871.85738,401173.2918094719,2565553471.4480705,105735574.9088208,1040758305.9209912,1.0675134088721224e-18,297416285.99868596,7242.193871693991,2.468393096555623e-06,0.0421600385830695,2.8842544763792607e+22,2.4876806291226057e+20,2.2413216744796803e+17,5.94568756449042e+19,6.572572968837805e+22,306100546.4177903,9768845302165404.0,3.885837349331589e+18,215168.55474471636,1.330242148039705e-06,779817660921.6626,1.0681130000144576,1.960530422442161e-09,1.0233605987096724e-25,383310669763.7082,30934032046.486504,1537811706378.3635,698514136755595.0,7.211992598596795e+16,1.059215017120881e+21,17872328.768920846,1.9464385391978456e+21,8.264528261052477e+16,2.0259191749781155e-28,2.5137152519434066e+18,3.47645824268008e+23,0.0017748034846234,1.778079965090803e-08,4.150252729346768e-17,5.1492842510910026e-17,4.373476530824119e-31,439.2432853423796,1.26705462714301e-11,211491665755.54996,504925875575.7399,0.0027562584801361,7.746644613001741e-13,7060830.95136492,6.391487834355364e-13,3.3871721827564416e-24,135642490916.89928,0.3438363721372311,3.8881761063948964e-21,0.1753407749419991,5.6717635859983735e-15,6.530434744698045e-33,23078.071883758385,1911377085.9572873,2.1100536998025908e-10,3.920800087137919e-40,1.7435250353110903e-54,2.659879273176514e-69,9.722276577711629e-16,87774479.72180879,49601921.660534896,1.2154303081747227e-05,12100.19985922161,9.605236209078612e-27,2.0347522087686428e-09,3562065177138007.5,1691042646810.8472,2601217147.840205,1011083.8927614863,8099.599541325851,28.97155227369136,0.0255119819751832,3.8314841715478326e-25,1.679951283100179e-05,4.018599251770311e-24,5.753422886083521e-05,3.655506018321088e-08,1.0854337981334658e-31,420695700.6428463,1559206.5816481777,2344813653.2397647,9.070301983803962e-30,0.0061157398340335,1.25821261291369e-34,8.067707295022538e-06,336781.37813656323,1.7696490974830605e-33,5.014784595417016e-12,2.694660034884258e-19,1.073941256650847e-43,2.0643913013277872e-16,1.3279743132909302e-23,4.0952067472077514e-20,7.915615065691819e-37,4.5549375452949015e-11,5.449809929631768e-45,5.894670454705013e-39,3.459408808655383e-09,7.823296476513015e-38,8.218433684568241e-18,5.75513972114857e-15,218252.22350292603,0.0,0.0,0.0,0.0,0.0,0.0,0.0,3.9761824156500875e+21
1893.7562427648973,85909.74625646201,12.005727531202638,6.2605593453418384,9.351883591792769,4.138489493527392,11.846147889181744,6745937361.6564455,1.0116957004796856e+17,21016471.6231503,152761.9404202134,1151972.608452085,3.8591721842381946e+17,54530627.161699645,31359749757782.13,1701878978426.2576,567620529.4585795,564880152219.6985,769810383712.9724,40230203308316.37,2.3671815820230236e+16,4.405799804050466e+19,1.6200066360077132,17205727.400885046,2614.8280895282446,0.0009887754278322,0.7941247412449496,4.8428454755853576e+16,9.154276909175672e+16,1824961213208.6892,1.9969279297198374e+17,1.0815295808024313e+21,81.96274001083489,10292765932.536646,421297037573461.9,21007.01867806188,9.683043263259473e-06,5807571140454161.0,5636059.158307107,1.0576643271170356,1.2290398631086508e-05,3856.4717696184343,213.64957854171396,1323.9984290722832,455617.7022479989,35.228041314075945,35642794.94179081,1.838810802069354e-07,1847.515639634042,1.900779409848457e-05,3.191506510945949e-21,3.0019493256423298e-05,4.898239717773886e-07,316519037.76637834,25462.02580371274,0.0059955255153537,0.0070679970317562,1.8178529048171109e-13,1320419478254.6875,163.32549212825583,3.907891942967733e+20,4.667793720195537e+21,412208982174.3342,20042.899442328435,7.35008798706023e+17,18525.56678082867,0.0004822972239898,2.4875800072021204e+23,6818771723096418.0,51197.216086848246,1848756.1279587648,0.0001521948117735,8.081268496618356e-18,1848858221729.419,10916509350198.797,0.1777137866626311,6.384096036384376e-23,5.819189920649515e-34,1.4877824439279662e-44,7.209270970317801e-05,384641519323773.5,1.6847139625976498e+16,1442.9296073997875,139509201484.37006,8.796596003203192e-13,20.851982390803823,1.6485615890304214e+22,4.954936333310449e+21,4.418003643766081e+21,3.181438678927429e+20,1.0683643893255424e+21,2.7925312058230886e+21,8.706181864209973e+20,6.4045042699760445e-15,0.0027016457597104,3.8543996829555593e-11,12.615812929484548,0.8731600987556363,1.2527024395532813e-19,1818634.2347340935,8798.608669405312,23.882654600333204,1.921249135258455e-09,87229157.595404,5.799108568727779e-13,407397.3783951466,2842117273581537.0,1.2118700817416986e-08,117875.82574458604,11387.152796219954,2.979725709268734e-22,2.794453675127452e-05,4.773089492990832e-09,4.342714953659747e-09,4.6857178899333465e-18,0.0513988657863276,3.52675923396341e-24,3.3324296867428226e-19,1.8615431765870152,6.607979813526822e-19,7.618376712854015e-07,3.1009866987822257,1509379503813.3364,0.0,0.0,0.0,0.0,0.0,0.0,0.0,3.8664361233668233e+21
2078.285583994282,64590.56011179018,11.99458163173369,12.637063107547377,9.65430671300768,8.666822986224403,8.027898220696676,232083431.01511848,1619673993687387.5,9.256763715902072e+17,0.0001386616902364,9225892559.689566,1775837.8953442331,0.0001182166264048,2997.5772933915405,225.47947249185205,162223078.49078164,607563487.8902432,0.002450975371694,84423536.00813858,0.0929231808930041,0.2356675320410551,0.8354090473752825,1.8108285608568784,688526.0940442433,1.4662570669896044e-07,6.419630185198856e-05,4522955430079887.0,7814.183029768448,4.062310692575856e+20,1.5256907509603416e-05,3.5287990458584095e-14,2.472483165535269e-18,1.9501385509933217e-13,9.675112141870836e-12,0.0055407830749818,18051341.9496381,1.1141324760257984e-15,6.9869222215433495e-15,0.0097801215420211,2.783110404382595e-21,1.454391641107671e-14,1.277010066626057e-06,7.321360582441858e-13,7.1729378304424694e-06,1.4849817686094033e-29,1.618560830136354e-26,1.450113322357043e-23,6.881801087722858e-10,3.5772510647833394e-46,3.686970499053867e-39,1.8162553232561323e-41,1.6870188838056694e-58,6260014566.275496,1312319641640963.2,1.3502203070514345e+18,1.57516067212109e+18,3.496489405903654e+17,8.2901024503775e+19,9.42239115128922e+19,3982483.4968852377,1.0170763277891085e+17,14840706026.369255,486756.28880245343,4.434134739444847e+22,2.3818679309577548e+19,3.149489970882708e+18,4789524.676141142,311376806497.2475,15.750156829426755,1.8845837529571774e+19,1.2830796798144815e+19,1.0189193477481128e+16,5050.272971702607,3.4229833699024845e+18,1048708321557436.4,51015993331897.92,3753844505328.266,1157406405053.621,145031.6297078758,4240650103469.631,135.84330251614557,1.7241992194756018e+23,3.211867860697453e+18,2.7341094201235645e+18,3.240419036970706e+18,0.0328276449054253,1.1059606837031364e-14,1.0918680575358983e-26,6.912778718584316e-40,2.409416982596227e-51,7.344311556107201e-63,2.292190251919879e-75,8.901306201365927e-20,3.6907816684689594e-14,9.010584607296246e-19,3.3607761896416133e-13,2.665273759738223,9.659578719707964e-22,0.0007130771712769,45177982079.63917,2.348361873455429e-21,1.6799826892765175e-06,27723.13829368057,1.5958449571732023,282510731419.94855,0.2411063385318962,4.019196283236325e-08,0.3124272482082678,10941653907.886368,2.182018088239676e-13,0.0069731855739957,248712319.22221905,3032096326140.069,2.374598433670599e-07,1164.209064832491,0.0007944464098526,0.0008062455118074,1106746450.71727,1862553.756987317,2171399191632.1064,1.3215910735039326e-07,0.066911654467883,0.0,0.0,0.0,0.0,0.0,0.0,0.0,3.74738945043847e+21
1285.687913986353,19349.045052754576,11.992623558854511,19.38104912493046,12.655277922330052,11.042790231519165,11.93913147079988,17.86810222701851,2998095.2529539196,106453261684930.72,1.9409341386261948e-25,0.1713900163869725,6.025356157076024e-07,5.45397408167619e-29,5.4895930691282825e-18,5.2035123257730934e-20,9.092656656869502e-10,7.136213457253905e-08,7.892102988286839e-30,1.216127824242445e-11,6.56528059307871e-30,1.9761677254859373e-31,1.9841159850079283e-30,2.1323064185667504e-20,8.0849268792476e-11,2.1437849036256497e-33,4.4862403081982655e-29,33315908.988209195,6.321312265934117e-13,4.099203692204514e+16,7.427071482871817e-28,2.3214958511803633e-42,6.269262596030438e-51,7.904703844264668e-46,1.00252670727832e-45,1.09405426788764e-30,1.5664410664305874e-13,1.1403787209422222e-57,1.7792475901282397e-55,7.451599268754699e-36,7.353766375643473e-72,2.119952076723282e-46,3.074874108684936e-33,2.171816321797935e-44,3.74186627002044e-30,1.5288205395129492e-71,7.322956683254018e-70,2.5834245277327628e-64,1.9338952199301796e-38,1.2703414847003088e-100,2.4254057427396248e-104,2.220080308974549e-96,5.136247097540523e-123,2.9921661107082825e-05,45799.39314309618,13849919321.998203,17241652926.167675,15155190259.938116,78369071626856.97,228228592109805.75,6.963048028876103e-10,2063099.974303171,1.2861314821445357e-07,5.586713446089178e-16,4302676338635473.0,29892929717.12824,8746847038.061474,1.223225499643351e-12,5.0238438122163946e-08,1.3978007286304065e-29,228143095851282.62,771210972317145.0,76849176044.29446,4.691682315069269e-13,505326620673.4119,4467789.99619059,72518.1553546375,34319.861840423015,4834.666026260151,1.895493559240781e-12,17484.279788909236,2.3215863015853417e-14,1.0900350091750684e+23,396637923817695.2,6176373877683851.0,7483832491737230.0,1.262971127777602e-20,1.2275994498096935e-41,3.894774008112875e-62,3.365702459393233e-83,5.681514372855841e-103,4.131376823626209e-123,7.749699690602524e-144,1.1476287534303676e-50,6.372900117505203e-40,3.414604163199696e-52,5.82023197768073e-42,1.2783478978038073e-21,5.326590203196805e-56,6.920557658011538e-25,3.5749652860783208,1.1519494738809279e-54,9.193012975995595e-29,1.0892665976312715e-10,1.8198657187063705e-19,23.10626577411973,1.9321607774383515e-20,3.9032303894202626e-35,1.4997986403367589e-22,6.277143161998037e-09,4.6048306564382304e-39,1.5889790409227428e-20,0.0002839720232264,98396.5540119242,1.1031830947119428e-30,1.0413871216549029e-13,9.793663834625475e-25,2.642429287412467e-21,3.101253855447453,6.959841086291588e-06,918624.043629509,9.883257714818896e-29,4.657598633173226e-18,0.0,0.0,0.0,0.0,0.0,0.0,0.0,3.7443198336638753e+21
2300.5884843352187,68679.83815771279,12.01481832676591,6.297662738003653,5.347907924285463,10.471120328739609,4.329957360521986,35289627492160.32,7.210798993721472e+18,133413889.88771254,1219.1610240611444,2040664774968.0095,8530555929.98292,705867.4427696601,22948804088599.367,2383896628407.8213,12520713.633902412,6141345.488277457,6118883617.056691,475986040.9841381,81899559459463.94,8.119627815619899e+16,0.0003055799187459,53106256.8366119,171.30478667611152,171.52082636442057,41234.43167607327,14129577683.014393,23.95976552047987,10282.029380950977,12235.543301277652,0.0130578573510413,7.232765619893935e-06,103.4071348908722,1787234.6406028352,1.3016239866454045e-07,3.443783175632512e-20,138847446.3589826,0.018969835964534,2.1894715263945332e-12,3.616120652073737e-13,0.1540050589647964,7.211665231335616e-05,32.82602484961254,3.77314423708562e-05,6.0898650030247036e-12,1.999710354895523e-06,3.102920895788294e-15,2.953576584910122e-15,6.662408583442948e-23,2.8082903413785716e-42,9.067610865866042e-17,5.8294949945754296e-30,968589934077812.0,1786703162.84478,27.139729197658458,31.32774911586203,2.015676207503486e-10,4840210355824.73,169.2748494209156,12014755109801.797,1.751451944903059e+23,1.1901235705702554e+18,751528425258931.0,7.116713228250254e+17,27154.267408767133,2.2460984450098414e-16,7782929727284181.0,9.078936203656105e+21,2.4950621265156356e+16,17956030970.598053,0.3384633827104525,1.3469275216218855e-14,408263278.68980026,8.586478724052624e+20,16540421.624237524,1.2153924030857645e-15,2.440564688685753e-27,3.0227770685950284e-38,6552360895.186961,164624.31848232658,0.004115304474486,227.0507850713705,0.8812504569609848,3.107071083052995e-13,2.019382799167712e-11,73152.41574576477,2.950161252903936e-05,3.44923379674139e-14,2.0540917814515567e-24,7.953489219306617e-33,3.03370920986614e-41,1.0131058311584061e-50,2.6091847545395118e-15,0.021455449805712,1.2630079890318363e-11,106.6868133643175,1.6938829942646593e-05,4.4655533102876855e-16,345076494.3012607,0.1148083792064456,9.951245076397464e-05,8.803358322140853e-05,10726529045532.186,8.82929943483496e-10,801366044.655326,26372672874.55516,0.0022634814508548,283823124465.58984,174639.87794505144,9.469608303411849e-13,209601.18499344017,0.0002660096274207,0.0029224843414221,2.060707405966718e-06,91438522991.4119,1.0347248139127045e-13,1.375391490118636e-15,9456.110172046076,1.2537255033202948e-17,0.0002981610593959,1.2854395313916008e-06,13632102.207514225,0.0,0.0,0.0,0.0,0.0,0.0,0.0,3.5712986633041714e+21
1613.916483280174,21698.239791557975,12.00575364127895,12.649143918184024,17.402071520197538,18.95856738972952,13.973727974496958,1676.6343212897689,7840212396.487371,19.464783788238748,2345852.111137037,596176208.7144823,5648548805803.671,2698.340306679264,2.110175821617329e+16,604399915864733.5,68742538.08038673,166691.76070800598,315.54851041159003,57.21080995008038,114.08864378376146,2.0633161649582976,2.3581447825855194e-29,539787095873062.5,21128133.126272567,489272793.40686727,1292031867578.6765,9.5448582048501e+16,64094280162247.77,1021575296.73845,1.1200963462958013e+17,9.519561438296524e+17,12482159.661973344,69114924519.41411,34690999451.638725,3.3806405898165426e-08,8.100711150328079e-25,2.366527822847688,9.30063962893557e-14,7.920537889803459e-28,3.662821667103576e-42,1054885212688709.0,36029810750.08423,4.741026333312097e+20,383300485.7955419,285172609046.8289,4234772647752.985,58391430510.49091,46700503.503560245,894405426.2913625,1.1386709357387906e-56,1.1145044662266865e+21,745481646553.4998,490725.68139219587,0.0092947594012345,1.8996950089556174e-13,2.285008544257372e-13,1.349675095789658e-28,10.685766171028025,2.6671266263662366e-14,21216492281.508747,3456082621.33731,3490.9980046877645,11.316401020905747,113.01914517634084,1.1187149303750876e-17,8.581435897142075e-36,68873644.43923716,644.4610382735273,6.448145981266193e-11,905174.7696125988,1.8440903620834543e-09,7.725965709606281e-28,2276095505503.047,9.57880540927914e+22,7832.470725936361,4.554255151430901e-28,1.1005068637130873e-43,3.328156049393889e-59,521461280.7270637,1555150.4634570002,36749.59265951606,2.892169819133221e-07,0.2050205512851908,4.665725415101706e-28,1.1367918607327154e-15,362335188067743.06,25734530855.049236,5582231.1563272225,152.9693373142729,0.1418259460693035,8.20619032399819e-05,7.557447087808125e-09,1.9786938340459883e-12,5.0258273753946624e-08,7.560661312693547e-14,1.0837054838613923e-09,0.0001403929719617,3.7299730058930255e-12,1049705481.5751308,2.5617206771551323e-06,87.11176384307338,2.5007918539067983e-16,4.759380801492984e-06,1.2150297798605209e-23,7.291910424091903e-12,0.5775290989982359,2.061711603751884e-21,1.80618533323197e-15,5.771227783036148e-16,9.471024634441336e-20,4.2228184038669015e-09,3.999226544137954e-07,2.0454480120005304e-19,8.336146908621763e-09,25.539198893367516,5.268950501109252e-19,5.126355668754668e-25,2.578278518595597e-12,1.1430735204393004e-27,7.519548156201849e-23,0.002435397703836,63.78797414381794,0.0,0.0,0.0,0.0,0.0,0.0,0.0,3.5708802315512174e+21
1729.531688709785,44538.088528468346,11.964455483387711,6.525433410091028,6.727387823499793,13.410983620241726,11.556967906727383,1281243775.3090465,1.3934756773724026e+16,243885.95871128584,19.531447021619243,8562521741.844159,4911700588659209.0,7383.616037663502,8285864978426403.0,316941412092657.1,31110200537.419937,108005390.07530712,185259450.70384443,10144449170.792463,12251698469596.14,4.415423877233814e+16,5.47847941306337e-06,1521993746.8764174,58292.883160932266,4208.942965297817,6481678.745982368,46968157862939.35,6449827129295.086,470451686.4254636,23533827047768.168,2.0888691973146612e+16,4.626074872925318e-05,25750.124073647738,2316519620.33192,0.003768589318046,9.668006618718745e-14,23855858947.19907,2.117839865017549,2.055375223106845e-08,8.460811303887429e-14,1399.49190796164,31.586312584219925,260013937.89086252,0.347128278066535,2.2055948154151505e-07,0.5445355325236938,2.249964340590093e-05,6.031342851248069e-06,3.897074988039607e-16,3.7787495342883685e-35,0.0001176726828348,8.449405507146558e-20,2396583003182.924,46329679.70777677,1.5153380794811668,1.806256700690377,3.115663514818215e-12,28062126594.298424,0.2171158304327681,5.694481311606022e+18,1.236662249714808e+21,4414820099842702.5,22739378547256.043,4.373706890386872e+16,28.111215658523907,3.82160038461623e-09,4.935174340992431e+21,1.5256721890962945e+20,27979025322792.93,7081424705.411845,0.0407823885361537,8.084225807423914e-17,2837836723665818.0,1.789672088595704e+23,84973384.36778042,7.204639297675697e-17,4.7558841674835685e-29,5.677825448321163e-41,11283450376.846848,1284816608238.5845,5151815129450.097,3.845632554312111,142005056.0449694,4.8197188288217867e-17,0.0018511362695117,3.3656920441593045e+19,5.886422923996803e+17,3.1004135480125656e+16,168562812608671.8,35835788890110.14,5249791431714.8545,107563482640.49477,5.3658996551107225e-21,1.568896478867811e-07,4.9625633857001915e-17,0.0009495796320253,6.654869342264681e-06,1.362990897595219e-20,324390864.6802416,0.6494214684673916,3.139665007265e-05,4.451405064810638e-13,4055030.197110673,2.6263982986904196e-17,5469.71584716612,35024701599467.426,1.8139055417713769e-12,1524.7781253703722,11.452217213633446,2.1474204497522207e-21,0.0432918121775784,3.87018885491499e-07,1.0008656001454135e-06,4.0573295139607276e-11,71511487.58845504,4.16504386619955e-18,6.465469975365059e-24,0.0110138723205693,7.26253940326692e-24,5.633203850291048e-10,0.0004426326111697,14044000281.300158,0.0,0.0,0.0,0.0,0.0,0.0,0.0,3.5382431368447897e+21
2425.92155367716,43410.15832124588,12.004923238256143,14.615065158745864,13.00411539146845,17.1029696225852,16.73160069632472,5891705041.222216,2032014072584398.5,138662174134612.6,8258978.814828036,76991023899578.53,8.637113494782666e+18,545013.8338631283,55754315166719.08,6765699934909.614,8777376647437.189,577187267667.1771,425451.48142903385,4644075394.048393,473520.5096568377,41059.43283259275,3.9574762930335136e-05,1794618847948.3096,1539226143350.2727,96015526.8500996,17294027261.006813,5.478829419931136e+18,4.3963013700479416e+18,1.0379903119615316e+18,1.2392285673319732e+16,4.345739150478013e+18,68.42641145636883,59012.89475495422,84389.4833099517,560.3937607912768,11.126938830782423,0.1024415993576641,5.875635595193642e-06,4.995418873821126e-05,1.2752083746722977e-18,7581078.050559273,749638359.8248999,9066921358.55506,44931174.14087067,0.0528919157057231,1.32151582763358,407.09709018740006,718871.1216724529,9.46397579660127e-10,1.1691397917008556e-30,0.0493018997361815,8.750459674856277e-14,4218714809992.445,2102928736828.3137,11106582054.015093,12753898174.580353,39514.31240885252,445807780895781.7,7720986015.698817,1.3331503784601925e+18,4276831459706461.0,518333609016.21704,3817899077.568062,4824169513124889.0,136656866.81178415,35614830.05681823,8.803255483539278e+16,333685340007.8259,2431.374693878021,1.2945274257598978e+17,1147583925978.8108,28674.794863569205,4.50309760906134e+18,9.587172373609238e+22,1293419897255379.8,29179.769029785693,0.0274780159998638,1.913687230294372e-07,25148579763383.66,4.319969773492604e+19,4.557474669915665e+20,64884856510573.04,5.6224782823433806e+19,72322.80538369693,551448019974444.94,2.432264450686057e+22,5.101001691048462e+21,3.086286918617407e+21,8.503098268396768e+19,1.652153474951296e+20,3.355107199845811e+20,5.516741153973353e+19,2.1566766746891197e-06,0.0161429087972816,1.003081143176099e-06,0.0081738198944549,86906.62228208315,3.900887502908674e-06,661320120.2984269,1570949561.6154332,0.0501979760387174,0.005567817339566,382889.2898735209,0.0164472608545024,7059439.326712579,241701060813.656,2.0370327088695352e-05,2.1026211314070915,11072.7936495056,1.0263227662321354e-05,1243.0668624683512,138293055.02385116,826054.1936637282,87.02382661432203,2402505817.2000995,1.5307092551667656,0.0003216953989253,1034875.0258414648,0.5371200074452827,11784.948273026255,124817142.48698796,1236063685845.8718,0.0,0.0,0.0,0.0,0.0,0.0,0.0,3.536298050597596e+21
1786.6189854611978,80514.19774214725,12.00331282780552,17.472794342736325,12.570483858828984,10.833217297335883,11.13714960981163,597713.2814274275,256575327929.7493,1.2317534401822483e+17,4.603977246673447e-11,579081.5453103082,104.29819475271584,1.510626579242569e-13,1.4711502437243549e-06,6.401767383621242e-08,0.9634810308531604,190.18038391351752,2.7189621525921342e-14,0.1429525203256075,1.2019555742117804e-14,3.0091788789712895e-16,2.901865633258399e-15,4.5636614293888195e-08,0.2836484001944165,4.284256063382113e-18,5.189323180395289e-15,5129461766970.664,0.0078615477888067,8.17479132580494e+18,2.430460524268373e-13,1.784101624031353e-24,6.966849019129853e-29,1.9854504438777367e-25,1.1839703112705997e-25,6.491560506929172e-15,0.0046060132599511,1.0666684850824155e-34,2.232077708556184e-33,6.1605226999946605e-19,2.989088025123634e-45,2.752132440026639e-26,8.451449718183843e-17,7.116317469209795e-26,4.570214586693503e-14,1.512100847942545e-43,2.3859635197346898e-42,7.904990984508571e-40,5.0069426114696154e-20,1.901985952028315e-64,1.270109961134506e-68,1.3010608971387704e-62,2.0758279923932768e-80,1427.5169154177693,4559556515.184307,30140206128525.414,35781058266994.22,16312195353266.99,1.0057564478333667e+17,2.1108071052874138e+17,1.0200808732323203,158697484250.95953,20.517600779338693,2.6821148179330652e-06,9.510514471725184e+17,230715992705768.97,8811311636367.244,0.0069943367682758,4.789944185817328,3.391314212394646e-16,5.976145991574896e+16,8.959319067383626e+16,58233699118328.945,0.0014591092559524,100452669730326.28,17130316853.06877,1287451286.8425703,218227013.86857355,78716390.73400655,0.0003900345482659,4364592724.800021,0.0001795039211754,3.263934591186052e+23,7.302015419357314e+16,1.6719349472444608e+18,2.2837059976593658e+17,5.962256746623912e-09,1.2634728949780791e-24,8.016740022595303e-40,4.797245118574776e-56,1.197631358406144e-70,2.154279814041457e-85,5.112959525483015e-101,3.183782320955676e-28,1.2529040340602451e-22,2.2286532355433385e-29,6.119132454229644e-24,1.5160225746026718e-07,1.905160954368118e-32,1.903192499235688e-12,4533835.262235564,8.772088577302311e-33,3.4049553085639345e-13,0.0282219144476541,3.5836445435659105e-06,5881721.947042685,1.6925119859036175e-09,1.4447672038230226e-17,1.5070573055320316e-10,39.18723062268338,7.391243525887224e-21,1.321749519987028e-09,53373.81797215124,588757866.1597592,1.4495112783598114e-15,2.5229798310515632e-05,3.027492200941901e-11,1.3596128072230858e-07,1806096.8384110455,18404.50816686221,19424233081.804897,1.940981748515777e-13,8.478975586040809e-08,0.0,0.0,0.0,0.0,0.0,0.0,0.0,3.5319836601292245e+21
2246.111055163507,60135.57220340906,12.024520077403812,19.62069054487339,14.398861105577138,16.90876768461216,14.517529040000127,26548305.782126542,174235197683.9828,2.848527678572071e+18,8.075143543481002e-05,538957735691.4573,9784509.538895087,1.729171354831742e-09,0.0476976182040273,0.0046055477792779,1014.84339877404,879.5321155415543,6.19025223220846e-13,0.0026352763574992,3.5538600147963783e-16,1.476305096116598e-20,4.972732195928366e-20,2.403315220535491,314265.1873463042,3.0200700273219203e-06,0.000831588913649,77961229255935.48,217.03888270516796,2.32334282309734e+18,2.2827098632261854e-06,4.746197022672965e-15,6.663323224245203e-20,4.751895689546128e-20,3.532192192166707e-23,3.731148675536398e-15,1.5780817975496112e-06,3.44271784767749e-36,1.5392295603786857e-35,2.8450375209318363e-24,9.252556497434328e-51,9.509610671001142e-16,2.0082387187878653e-08,1.311248238688204e-13,2.0025412709663408e-08,9.497574448704752e-33,1.390430714900254e-34,6.213112422028798e-26,1.1704935258895555e-14,1.344354349237041e-50,2.45205350575926e-72,6.987561653419448e-45,1.8663583638411626e-64,9401238.5230249,697453235676.0334,378715923109574.6,438216508561923.2,86498697053066.78,4299302709960770.5,4551574939224990.0,518.9775511218669,177922087.3101082,454.26907539702336,0.1316228510998772,28705135108201.145,27420869680.30671,629224788.0317328,0.0131037223351183,0.1476332449384451,4.982162818585263e-15,2.2434075396621356e+20,1.311304556500245e+20,1.4136931184012526e+17,221695.1505671247,1.9792994910055924e+20,9.812009754051053e+16,5944049579121572.0,370985722847672.4,130983284604463.94,417341677.45980275,7743252025844.996,335.03172881033333,1.933492482851101e+23,1.751890377271811e+18,6.340068229956193e+18,1.301586974299443e+18,0.1633938151496734,1.0345817835011966e-13,1.903585539280695e-25,1.880005405810331e-38,1.1622908324556668e-49,6.887517394990628e-61,3.7045705590699144e-73,5.588223381381956e-17,1.2929224172890277e-15,1.0836243922233195e-20,2.50254868544393e-19,0.0011446743820996,4.593994214902701e-18,1.947048745148689e-05,21481869.85940641,1.1769858134104536e-24,5.167055821582489e-07,0.221660818885046,0.2000739795602371,694572.0170283524,1.1893085850209904e-06,4.427688123762359e-13,1.6372941683489452e-10,0.1015021912121892,5.4104809843985795e-08,0.0427793589863217,1375589207288.3977,1178505893935.91,0.0903389009208739,13478.933976750392,161.5653700866306,7.1242365047776754,188313816.79909655,3133749235.076454,208358457717.70737,0.0005338238742341,0.0157351614585266,0.0,0.0,0.0,0.0,0.0,0.0,0.0,3.5107523244456516e+21
2007.1658777627656,79657.50279260667,12.021466416394496,11.189486341840809,7.421434456901613,9.238732392054432,7.76299069230301,388087738948.6805,1.3514121474992369e+18,326198052928.6562,508.75507165915246,3779257364.177272,3259860811066.4766,722399.8457724247,49707426876843.586,3320782527621.191,2519151997201.8657,6683152105237.579,29778314807.579567,1664061642697432.5,2391033863263698.5,1.2380820679947985e+19,16221625.594394056,12688978.017837772,4818364.22945751,0.790860477087689,431.6280903556428,5.293753748238643e+16,301718680191.6492,4831981084273488.0,440087914.63857,4428445.52485206,0.0001107399270159,23634.85859020245,2497842365.6674876,1147216.4878826572,3567.0923226614027,694386894054.264,3079245.041289593,4045506.868497002,1.3470363301976251,1.2095026557863011,125.34492378398234,106.70180356609104,567.1527890109813,1.1132119428707742e-08,0.027054253588415,2.1188896974477186e-08,1.0471401196853007,2.9345834740828545e-18,2.962183059003749e-16,3.951609489493135e-13,2.097038273565549e-23,4220888835704.763,871068918593.2395,730720529.8750443,855724608.5816885,120.91817932083654,5.872946208306401e+16,41546579496.13297,1.2518968655121468e+16,1.7350403973437157e+23,1.8397652779440376e+16,607019233942.7305,7.2864298292526816e+22,17936008852567.027,8151898.460136766,2.7304804254842687e+19,8.090139935559216e+20,40726155708202.195,9865857458882.98,4344396.726528932,0.0017977872220635,9777739192.71983,3.975107672842658e+18,583820641.7586458,9.266680195086796e-06,4.4445820382892e-13,7.728480424898079e-20,74672.80247444515,7902639352242.757,906415518.7411036,58959158691.453384,6386068993977.44,0.3986061683088547,4484883.1977833845,261133620477.79245,269583.5565704751,0.819047411084577,1.7356694223674148e-07,1.905965572847136e-12,1.7538539698432865e-17,1.747669620643408e-23,1.9970834578872453e-17,0.0003062879117602,3.8260574474123393e-13,5.009438390511013,3.3079307222777454,2.3421359523774225e-19,18783805.01204296,1041253131.2699808,0.0004149990804032,5.39761639730483e-08,47313040834.40602,4.7153081387795494e-08,506651729686.3825,2129205356823.7927,1.817710965294758e-06,563554003.3233359,2476971231.077046,2.853774864671072e-18,4.959283471362653,0.011865776401682,2885.6031026828978,7.155614993953535e-12,1728751.185755656,1.9398097999940163e-14,1.0917729443061843e-14,917841.569833944,3.328672994447607e-11,1420.6170105932906,1.7811016159410618e-05,326796811.76480985,0.0,0.0,0.0,0.0,0.0,0.0,0.0,3.4590597062300763e+21
1315.992087235299,69049.96785626396,12.011204380554275,16.605589062902514,15.591206926700764,16.01511786230121,19.342984155299657,17257.76209859923,37709974704.86131,20602639.83164842,1.6418799922701251e-06,16814.767345663997,647517158444824.8,2.7906922610573556e-06,3743083600.5647902,40213454.21413991,42574632953.71448,126751743.15844329,0.0020333657940399,120505692.7196309,7.93481759223228,1162.1448774574292,1.3550989191473083e-10,3494.02390564435,844597.0471084578,1.7514910032666518e-05,0.289737674671144,5.374354894734219e+18,5.80716798119566e+19,4.134961932153175e+20,1458264446154.0862,1.9412202656521705e+18,1.26027062209587e-13,5.748008339280244e-05,0.3379915341655203,1.9055479274839504,1169.3153758402927,1.624983221527112e-05,2.3209882826215308e-10,4.2388252514592225e-05,5.920053589467398e-26,8.401384565410506e-05,65.80130955379265,181.01739619071392,2.6309678640810827,5.288797328581076e-16,1.144146841746812e-10,3.995770954199248e-07,1267.9731090286436,1.1418454938530688e-26,3.929999724031749e-36,1.0218950727145636e-13,8.655951119758173e-31,18055.330207340656,1801001.022337626,42956.890139165545,53269.09819251135,0.0047898067226966,75725444161.44449,23215.750739127256,4411831319200114.5,127362791332174.1,423826.2585545813,69.23864998539646,1.7800067904436404e+16,17880.378478953033,11634655174.746555,4.284000949651553e+16,783785996.6450729,8.496089032577707e-05,1114562097724.5222,381091.5131051461,4.7780682284087455e-06,18221782335106.08,6.354929856272739e+20,773315558.4385406,1.663024988291261e-07,7.794895357030418e-15,1.2817519816448581e-22,211.11615859862204,1.1888101011955607e+18,8.32920222548543e+20,1400769446.274462,1.6127516684393555e+21,1.2416764618668788e-05,2834776497249130.0,5.870832369294526e+21,3.5312996413448845e+21,6.874525875106204e+21,3.342005595996748e+21,3.3767863326282216e+22,1.5321089198452175e+23,1.6987917437423545e+23,1.081505406823859e-33,3.8640154362358266e-18,1.7079008841221375e-31,2.0119135180327376e-16,1.3233091725150577e-08,1.7645468698211868e-34,47.806964527616735,30603921.1042838,9.273215106989052e-15,2.0935666316268654e-26,0.0010924200434435,2.9226944605690477e-24,14.232693176734712,70965339.45529152,6.412341182731562e-29,1.4648580338422385e-11,1.2721242149319832e-06,9.95804640841183e-36,1.476404148908629e-12,1.01755597221626e-08,0.0277344673543614,3.794732575353842e-23,0.1708289826880284,2.6717847377571096e-24,9.280459901368276e-30,0.0004129950038138,1.1768185097727021e-21,1.0086461325110807e-05,9.772008556426135e-10,3028774.658934593,0.0,0.0,0.0,0.0,0.0,0.0,0.0,3.3963783100582273e+21
1831.9995473830056,47241.73870994288,11.989193801980411,14.520803017822988,11.282052897367794,8.842246730027979,10.129599877139048,6506354.291375171,12466568875016.67,1.404553668662506e+17,1.3302530777687605e-08,9055300.971368477,31568.542651727428,1.206502842676786e-09,0.0393765630043939,0.0018875091885006,13248.402935355694,459135.1064663887,5.2019732480557895e-09,8978.194708289928,5.2257567656759286e-08,3.0606071480691657e-08,1.574897771311511e-07,5.88632681315416e-05,178.10294358391093,5.155399123906025e-14,5.215781210618331e-11,281437559184111.84,80.65116785413716,2.151541341657252e+20,6.503889619888064e-09,7.128467602085191e-18,2.1842666673409476e-24,1.1581718628230075e-19,1.5600657515745173e-18,2.4372858935605552e-08,4250.63573567528,1.2016187666477461e-24,1.619961689195374e-23,1.121659101247733e-09,1.7197521613933758e-32,3.9307365493542306e-21,5.1454731470931295e-12,4.856147911554807e-20,4.3854909359039904e-10,3.987153524534887e-37,1.3806924835974887e-34,3.3450768541385057e-32,1.7480040657753713e-14,5.910488118456636e-56,1.8618198627396697e-52,1.0384618139121325e-52,5.856261412675513e-70,623709.04888871,982639757816.9192,3728350627921689.5,4412618247566567.0,1412188412863943.2,2.724596901137133e+18,4.092288490018343e+18,8352.558336139316,180719363354985.2,228739.06904253567,0.2242769914507202,5.442839544886495e+20,1.211051246343193e+17,1.980511019671131e+17,1476.8338020665956,1223281.4144515465,2.7372424272392403e-08,3.7328644813902e+17,3.882987914172243e+17,208331774449217.8,3.195847772985055,5088912494962996.0,766946629124.9908,33950746919.79508,3954955375.773659,1106922977.6364856,0.2883167555224207,635929187402.6824,4.5873651024685245,1.8589510280377043e+23,4.914264879598224e+18,9.270081243172416e+17,1.003337533034826e+19,0.000271053407779,1.1419644992663848e-17,1.4345702739927021e-30,1.5881337044670009e-44,7.700838660274083e-57,2.7826992268304196e-69,1.2696042346069008e-82,5.372587547599445e-26,3.0963988824293784e-19,9.378753909520294e-26,3.9531357099179385e-19,0.0001297460862631,2.2793098537149992e-29,1.3904393518936252e-08,1159557002.194933,1.4968962214051663e-27,1.407303962018776e-11,12.732640037101364,7.735215187931212e-05,1244026982.115219,9.981731609703107e-05,1.892359201760744e-14,2.7198295611841346e-06,283060.94646114705,1.1449636960468224e-19,2.1927916613641813e-07,140789.0364102582,18293184895.199608,8.604837224194269e-14,0.0173846215939088,1.0368106229984951e-09,1.321014132390222e-07,17061413.441438273,6958.399731997445,108444276093.49084,2.9573759517469037e-11,0.0001924426165124,0.0,0.0,0.0,0.0,0.0,0.0,0.0,3.386786026285672e+21
1388.5798457963692,44231.31349731971,11.989547682724512,18.4721271411028,20.00805889616026,17.369787489798938,12.708910543936671,1909.336200769467,108334.61724103328,32.86350669895028,905051.222412574,13.631262043425291,322263105.9442748,0.8717955751477948,11335951579.026962,160775572.20464304,20686.98284635235,1398274.0737892953,0.0002396393595505,0.6299390919598296,3.01638600603657e-07,1.545464046295202e-11,3.433320901060418e-37,42764800661.03545,1408099.1390245918,0.0388127926530231,381.4076300025537,2.7699827610303748e+22,3.652441229023281e+16,2.78085552153278e+17,1.3372030199497776e+16,1140340697396501.2,2294022891.3705654,189687578279.4304,350882507.1881644,6.254622026959414e-05,7.996718660681416e-16,7.461304478788322e-09,3.238203252110327e-20,1.286286240694592e-28,3.133502284302676e-54,35377623898651.31,2608824953724.4165,2033649981386803.2,1722787498648639.0,1.551422783545763e+17,9956541028162212.0,31711087945.88481,1.2737928676728245e+21,1.353333684661326e+17,3.15699184788271e-57,1.1948857481819718e+21,2.0054578783884605e+23,8.603193702997382e-06,1.2257713778498062e-10,6.384315928636579e-19,7.848962308765041e-19,2.7435477651614427e-32,0.0446960014734498,5.671056319145953e-15,1175.2293467887646,130.34341697803944,9.121200274715755e-11,1.4432399298909081e-18,0.0027655888539284,2.325882891937099e-21,3.132619564409227e-36,0.0052957861888897,5.5542895808566144e-14,1.091576684433048e-36,71.01282633851673,9.197570273166344e-12,7.09833563549059e-29,803.0784429397636,4577291456378.817,4.1817875757718984e-06,2.2907096922191636e-34,3.8888319731876535e-48,3.330145042519457e-62,9.85097970940509e-10,79114.7921430918,5.704396899044538,0.000332492631368,12.674074668962875,2.937890605660331e-24,7.036677957059753e-12,193396363.15721577,17.05423210963386,4.780511856272905e-06,2.759874474353139e-13,3.8003934072671707e-19,2.5775968028535526e-25,3.7877292332665717e-32,1.0498485290481248e-18,1.212522963730995e-07,7.028155911439853e-23,3.130220536600752e-12,6.113801410227805e-08,1.4267033551005112e-23,10262710.090130618,1702.819147162596,2640919.48714253,3.10993800386301e-28,2.2626771496156603e-10,7.379345604759795e-33,3.687070909338762e-13,6.709049504020206e-07,7.979135117272839e-37,4.9463001666389735e-24,9.726760831668483e-29,6.457531287772105e-35,1.2639654278195415e-16,4.517480354282217e-16,2.2965408111532516e-20,3.5293686061567796e-27,2.643445108285957e-10,5.494945148463397e-35,7.692810645045589e-32,3.4254350628112756e-11,7.114041331544307e-31,2.0127609427280623e-19,5.602309015065967e-13,0.0589411019150945,0.0,0.0,0.0,0.0,0.0,0.0,0.0,3.3810058920279655e+21
2230.5844867569867,41733.47985659903,11.981207271495864,7.739919604113887,11.658754354378097,12.82220209460646,6.473316966992807,4079196841.58973,5.551111180506931e+17,36568435.61085653,106698445360.03766,10967407670279.14,2058763614187.202,8250294681575.912,6.526898247608398e+21,6.168150596351976e+20,2128317817955939.5,72440886155849.72,1.1016070264321246e+16,794055068121170.6,2.3854376036994458e+19,3.7121168387947794e+21,2.5124993115556418,8.545559668165058e+16,173228342940.71222,2449089994506.082,701834182533324.6,1.9732780757750303e+18,1284610585522.2449,914385934412.1112,826496155409882.8,422582575465.0045,144693503315.1518,4.0686849840260314e+17,1.1416684712346376e+21,27921893.798672173,2.8152002162662547e-06,1.4145462632948126e+21,92064537351.89136,4.0558396932140806,0.009471958744299,5.526174221436439e+16,18663984995951.727,2.0179921804206463e+20,747508222859.0515,35906849412258.305,2.00473345837722e+18,2352792902315.079,12090173025.89907,81786878497.51929,1.663233809594274e-15,2.902522634745928e+19,1939827862943.0144,689489411659521.2,791080464.2537221,6.41748585299841,7.431013698314837,2.0950226516277216e-11,206300507550.24588,3.107212774261586,396395244980603.7,2.1253509738723827e+21,1.22492371552364e+17,849675975822724.4,5282944054971329.0,67.90028772589987,8.827737831120895e-17,3.670300044707638e+16,1.4985361648211408e+20,397535962497688.75,74050040573.61465,0.6201470580741508,9.206638545207667e-15,1126950572916.272,1.1647389990895674e+23,783193753.160051,9.308923911190498e-15,8.330914649451642e-27,4.111195482070697e-38,5065200937822.745,25341364.172678903,260.3869120342654,38.29288692287235,89.97387874148251,1.6677496927211218e-14,9.704259242552215e-10,8452429934.299555,1235.140021913843,0.0005248465224111,1.215649245848089e-11,1.7430982186028108e-17,2.3765857389670677e-23,2.972259010875481e-30,0.00031720849377,277.53817140230467,0.2273793956218344,196878.35759449,452627.6102209495,0.0006327094201952,123383325239479.34,1335.9268224695784,459441592.67070735,0.0065017788464673,112660120.03528,3.846829762094588e-08,5527.038257858622,153643211.56586686,0.019511875232426,276642.6605070446,306112.8783856825,4.2027931326986505e-09,134.79718995645968,2.0974077281901096,9.419750609347e-07,0.1953929525040416,1161723466.6565173,5.215044878786381e-09,3.610834294106072e-13,0.3956209855279299,2.591433720908297e-15,6.503555010889217e-09,0.4988427217592639,554047.3855213394,0.0,0.0,0.0,0.0,0.0,0.0,0.0,3.2207854798879337e+21
1747.425175153787,32644.633589773515,11.978668660760238,16.77161427246291,16.74783104839303,17.56721769863893,12.913380508153312,451056.3501685821,12385722025016.674,2109307961.021799,3069756.367963586,9128133798.583698,6810214073041.632,810515.1656383348,5.021168811926129e+17,2.0016852825930396e+16,1.1596313973164656e+16,58154956231300.414,13362437.858433751,3716897792781.854,567635277.9880795,1330333682.348802,8.43450405757301e-06,149278141444722.66,34361755338712.047,352820864.5753699,503080225361.81024,2.9691694032440942e+22,4.599495519592169e+18,1.776114923814332e+21,3092479361939303.5,2812795265391659.5,752015.5083680592,246851850987.76303,14225657893691.707,904801551.7901,851743.6302634873,74969325.63501135,45.082417094909026,16.199331242469484,7.295384974826239e-15,14315263706459.225,1835332872188904.0,1.7081494284544453e+18,27815043598057.023,332693461.2515239,520171133389.6725,98390403481443.0,2.5614599865544896e+17,62930.879086611865,1.2105559442953148e-18,8240970687217006.0,1307313.3923709448,1792878877.3437731,209518163.84857297,44186.592860688215,52601.25661886842,0.000637566843422,158925155061.6664,8712.842765396033,5464633785802.403,715623222700026.6,2229326217.0688906,8940282.641946489,154247302009748.94,780.913632119546,0.0042636869275859,3210982464326.981,49653777646.815285,5.9268178440401,41711432257791.24,1679867.192236255,2.5072512192774365e-05,3018002636644.1978,1.0383506512098988e+23,382204521683.3704,1.7271493218333198e-05,7.937127774161448e-14,6.950537667100929e-22,6771542859.552634,10658407994590.338,46927257645.5,202161215.3676952,6924116444668.631,2.0473934955313475e-05,614880.5969097202,47958887438045.11,971481388.3566692,59152.27808273003,0.3611788048614098,8.804252803381522e-05,1.5001306453767522e-08,3.50891586413405e-13,5.274328705062681e-12,7.836258887159524e-06,3.2607254640121675e-11,3.23670940691719e-05,18104.451571607635,1.0185752119913832e-11,8480184527.108943,822971033.8850105,133.7328447454212,2.9054060454324993e-12,1.186325466384247,1.062101078787009e-12,9.46845626452311,9930.663394108631,8.76572214202544e-15,3.648079141773994e-07,0.1588052406395141,1.79406698515362e-17,1.6080180909255182e-05,12.413768794975558,0.012150162070049,1.9818537650003217e-07,16073.590132363408,1.3146164075793654e-10,4.1091806560124053e-16,0.0298624754059887,2.5220022933786665e-12,9.975004329571032e-06,0.003602295847699,5850.27973973241,0.0,0.0,0.0,0.0,0.0,0.0,0.0,3.084708162364036e+21
2276.035475360368,128619.80193687257,11.9974716066034,6.126190768062408,6.970822091240822,7.105953198976507,6.013178249390255,36088439986672.555,9.003344121138846e+18,65665709.57821015,16048.348190956389,537908334.7204411,337502699569.6124,14018978.948970197,201879014176.62665,20300365767.382793,70864.93947040476,93960953.85329758,192576191835.0904,11205644464.194878,4153890860939334.5,6.567847189577654e+18,0.0080840071364132,281210.2396035715,0.5937433207684216,0.0002844069028501,0.0726265831194298,167723171828.6948,13196.767365721293,80249.95671477189,9502094.744250812,507.7559884430326,0.0017431486994145,42950.64655905667,1197706320.0014238,3.5365829623383187e-05,3.959856382677246e-18,203819505877.1663,16.570987152760257,8.104342750932746e-10,3.6628707832043567e-10,0.0148031285822477,4.7581231300371475e-06,0.0012387302153786,0.0069590770135668,2.9326702627448258e-08,0.0157917812054458,1.331896472232322e-18,7.396693742373317e-12,5.687390415003453e-18,4.21661193991486e-37,1.1454510799684025e-18,9.660115941437269e-24,384134366644.7503,462188.2630548138,0.0043452893825425,0.0050212379442478,1.8681453790026156e-14,3787609888131.098,76.14318836188572,723003222678748.2,3.4931181344039466e+23,731838661957466.9,155724640.03894532,9.2055025815384e+17,18554.767697862528,3.0892196960337393e-15,7.233149366374653e+17,8.969808512251415e+18,10852557444.68467,3318467.2646173965,3.634403583024419e-05,7.9130515930838495e-19,5519492.465129575,101524863403619.31,1.0458387457323743,2.4226732113233818e-23,2.829298955340855e-35,1.9612841680838705e-46,0.2083376835256274,4285294.501286494,5.089156827312687,72.6242085999902,15.29669507246224,5.1487416313010555e-14,2.0773411165925728e-10,144894246.45092455,2.6581259833592448,1.4151762571418668e-07,3.928209094676957e-16,6.970856406733735e-23,1.2038050668272741e-29,1.849596636120656e-37,1.790800352542343e-14,0.31433172734592,1.3552110092927466e-10,2412.803862963355,0.0001598565187284,1.0540643804288569e-18,2339717.958358778,0.956440905171282,0.0311109893882236,5.046414644600873e-05,14501580445462.848,3.2419404110343707e-10,720016844.1849155,1877965143164.8423,0.0018690511261622,510840901286.1359,193066.0106391595,1.088431179827174e-16,57.185677878950635,2.8607836517031304e-08,3.708104910054594e-07,1.0032472723864313e-13,10286.511143932406,3.1128922665555197e-21,3.1062301368298203e-16,5237.715879431007,2.0028140491788826e-18,0.0001013836237252,2.7884630832746055e-05,627815567.9920566,0.0,0.0,0.0,0.0,0.0,0.0,0.0,2.879696938159565e+21
2864.7248276341184,49607.01389633696,11.984246774104111,15.928858616300417,11.741696381355505,15.87672386606633,13.39822813245187,45342640758.3923,3084536575544328.0,2.7648042324161036e+19,285.04443429913755,2092011643463425.5,3742354330191.192,2.2731644161546964,5946566.8339891145,1114380.1133696549,5159743301.109675,1165130528.6312015,0.1098413700965489,877845.5121917435,0.0061065728842581,3.067914018438749e-05,1.9601305139348784e-05,5768682.699282387,21793383224.50828,843.6499102889285,67693.83480274766,1.0952836781232986e+16,461439092.5646495,8.67206523202805e+18,862.2549422309695,0.0056905452536581,9.720557874416051e-10,1.7059472215412697e-08,1.208508617789571e-09,0.0002763250245661,127.75218044744264,3.6150836994874936e-17,3.3205768820028845e-17,5.17251781566818e-09,1.1723866957199428e-26,1.1398816931495651e-05,2.4988981072850383,0.0017850528885617,0.3459894679909412,9.424439894145348e-20,8.623189738009371e-20,2.7380308529497733e-13,1.8943831569190192e-06,1.1178909109336842e-33,2.1304028892035178e-44,1.7344873249227542e-27,1.9697317091603578e-44,14266134353082.95,3.260410882041751e+16,1.6192614460288927e+18,1.8315854492234127e+18,1.3308863588711123e+17,5.244583277250343e+18,2.2996765955051144e+18,62081107063.11613,359552606165392.5,146434551130.34967,1105672394.349537,2.000752226331566e+18,4493346539772805.0,1003663980850532.0,362424986.9718597,4917090675.37137,31.217843811841583,6.049287059065216e+21,1.1701453673315771e+21,1.4526310340960512e+18,1626893304963.4382,5.558301136729484e+22,5.0582322621042885e+19,1.367697449292862e+18,2.8385692279743812e+16,7084715901518862.0,313211401807992.44,7.61500653996746e+16,30049407159.25298,6.211537287941865e+22,3.378460907414774e+20,7.076780419036676e+18,5.581033397564976e+19,195301932.8265209,2.7875820908304907,1.1315052624131633e-07,1.5200590288315495e-16,1.818306301202084e-23,2.7082369516770813e-30,2.5872510520634443e-38,4.7501430289054825e-08,1.3331191520091088e-06,1.641817032505557e-09,5.7507394206776704e-08,11743.234882272904,6.61220569575042e-08,761.315099904963,54286349862.14084,2.163002501533811e-13,29.95567965450948,2005737.099284147,513207.8992982317,130050104839.5031,11406.093558105838,0.0247405309941505,7.181277889353387,116512911.3210568,1.9782592417547773,213830.4401458478,939628157047762.0,897063624104595.4,780459.2910250851,27458958257.08989,131336728.00868145,229053.61874470895,423475097695.70233,584135600323.4048,49806061282549.81,17549.518623048825,696374.449593114,0.0,0.0,0.0,0.0,0.0,0.0,0.0,2.84373690395977e+21
2832.381828809722,88075.02886724279,12.029058007273054,11.38948025455791,15.731702181040136,10.039934848954983,9.429017651452346,105085155899.23557,399802089682362.1,3807001483.794331,5764788010654126.0,57955649225.11811,85429639293192.84,6985595511068.068,785365656433965.0,143213428344266.5,117601797.03338528,720688160504.1678,53522332546.72416,83814267.10436334,477993108.15735096,382042.0355237713,6.015309246719295e-15,4621582984510373.0,3055338545.060538,21627408.77191976,1825988881.6835597,5.09837414294434e+19,55940898327642.96,7084637149217.583,5.585143436145637e+17,102425086726988.52,5.255520199213604e+17,1.5677085371018703e+18,1.7844871605833184e+16,121.61955326608089,1.700296331256501e-12,11922318.518882424,0.0017656930027835,8.549045516297977e-15,2.0711146178225983e-24,2.4207751149526778e+17,9721433506747.553,1469067447876588.2,3.734793965376805e+16,1.4689598788020672e+21,2.2090353494180073e+20,1016892390.1296322,1062168628212057.8,4.5128598068229105e+20,8.54682532518936e-35,1.0153734894052586e+18,2.230117117527787e+23,59961725.31466544,23.925804591792428,1.9816373835152066e-07,2.243665138222052e-07,2.566689158515658e-18,114867107.81143723,0.0078920261343595,217018476683.44843,7442457566354.521,95731.41008527698,0.0245995461177008,7197765.30231646,2.3564550445293907e-06,4.244499889624574e-25,196335376.04378843,514.9419881972892,1.493977434702254e-11,31136783.88545363,0.0009528166856434,1.775602106430751e-16,1281391768.712889,66966725478760.51,8.973817801613453,5.7284439638215244e-21,1.8779099329461678e-32,7.188645985485094e-43,10.59613127040406,305822826.6759681,3213.9287103556303,1489.0855992579034,241.35370283799463,2.434604679525425e-11,6.409449267122045e-09,124090819087.71033,45390.927473977776,0.0472653122843491,1.662409909960854e-09,5.128941807020672e-15,1.9476972761879132e-20,4.8179140155451036e-27,242093.82116077805,67340359.28506136,1311.4977512919004,451989.7790538784,2109789.6890824516,11.683085848042946,1718403503492.3872,107080.9855857238,332810830088861.6,0.8780296806731633,634618.1199243361,2.5884393842526867e-06,7.308822048476235,105278.93714506544,0.0001059209586303,0.3104008446618109,1.7214165031230745e-05,1.1862313848452057e-05,13.91738780453579,1.338092526860262,1.920421157979607e-09,0.0001936827624958,72.3404867118472,5.4309385674775224e-12,7.128978514771669e-06,147.08998732438118,3.403161006530982e-09,2.869879933179503e-06,105354.21368968408,41274552.51915229,0.0,0.0,0.0,0.0,0.0,0.0,0.0,2.82361700679237e+21
1291.3632477117724,17560.415043430105,12.00121403759668,12.729024226851111,11.40466726263419,11.704725918048368,10.264175588655798,1.1808401219478264,7270254187.201329,91122156284391.78,9.619422447186164e-20,25605.949015188457,0.0257009052138855,5.699965293880626e-20,0.000585562039865,5.684714850831831e-06,68123.40563864063,45.98959723525577,1.679478362300875e-17,16.273632001467465,2.806613171613371e-14,1.70896840814303e-12,1.0053134823071707e-11,1.158442063411863e-09,3.0416145468438507,1.5291192110709058e-17,3.0594999911365313e-13,9081916036514.65,0.0065109041447727,7.709505803548392e+21,1.171901073942342e-17,1.3093781042305708e-27,1.2085005479465582e-39,2.912853745932545e-31,7.404543166982648e-28,4.056209174200008e-13,28132.98416140084,3.8499110785226655e-33,4.456902490159175e-31,9.071089289754544e-12,6.829267247078645e-41,4.4944959955213185e-30,4.373527438787281e-17,5.127108372973586e-23,4.4541477428390755e-19,1.0778134587894047e-54,1.0296092715744477e-49,1.7074178154458304e-37,5.6516431105288445e-22,3.542952886562383e-78,1.5933862546278875e-62,7.894540646228411e-64,5.32507652602158e-95,9456.917280350835,10066033316465.646,2.1952868582321096e+18,2.730866699099714e+18,1.819200538426779e+18,1.3637425877449971e+17,3.0265053790981286e+17,0.0623257688935624,10137514676728.754,84062.39006060406,45.429560502252144,1.4781130593958392e+22,8.314091302302088e+16,4.37425309276277e+20,0.2269470385716638,66078667.805779286,5.34484948223132e-06,2.251668075199645e+19,5.7562580855585554e+19,4522265006488426.0,0.002470986629525,7.648812394105121e+21,5.423819306988762e+16,528957365822723.2,188550300422844.7,20643619973541.6,4203.32481789886,515705453.07350695,2.5499707670490412e-05,6.511730127449878e+22,8.003061694590418e+18,3032501785098557.0,1.1241603007569084e+20,1.9314665340427523e-11,7.20698579171598e-28,8.763360232962642e-44,2.854690967493326e-60,1.8381564650184734e-75,5.139134171204507e-91,3.668396168101458e-107,1.3543160096945929e-43,1.971936798519969e-35,8.287970775062615e-42,3.7552009907718183e-34,1.7334680497319858e-11,7.720491001203395e-44,2.121265284470286e-15,43353.541488826544,1.2406090197079976e-44,5.82367197102611e-24,1.6830142911624733e-08,8.138903544307809e-15,2454.8193964074685,1.0369313687566308e-13,5.3924018408331186e-27,5.351550581801718e-17,1018.8308974065968,1.8659904022419516e-32,1.5630987068277232e-16,616.1886171332011,438968238.5570181,4.719529713796131e-19,0.0001103262675066,3.024786434416812e-13,5.911413457050703e-20,0.1644512273470384,0.0001021959515769,35430.07077044516,9.678137927258688e-23,1.200914378684721e-14,0.0,0.0,0.0,0.0,0.0,0.0,0.0,2.7318448162424934e+21
1561.1424350716609,86302.5655866348,12.01668059843814,13.601339963965,13.12690788111989,15.1977042039904,17.214515468862306,6898510.582117913,15973050174786.56,1189482037.2446463,0.4441902794033626,65582729.26764297,2.3995385264817676e+16,2.445941053553585,21639076854120.176,535401073112.84143,14415466974639.574,68749439157.95995,1698.257520147858,123980356996.4748,3954223.797982363,441112747.6941005,7.296204018366779e-05,74849283.9692808,651405100.9188627,16.367193365489154,56799.149993165665,1.6585769833085897e+19,9.861581377983362e+19,4.03733574220942e+19,539970886427137.5,5.707797153350125e+19,1.96984081229687e-06,95.10282748583928,310818.04733328294,11296.027419328106,12633.764291250243,410.3319520901086,0.0023488915923383,0.9055472814683742,1.502793659562199e-16,118.73045814282617,1098463.422043211,35366531.32342577,27133.424379414075,5.495266986485653e-08,0.0055043381530576,0.6342375448028341,1078258.7364383915,1.279429885170387e-16,1.8510607197887055e-26,5.8754016779031974e-05,1.167721494520525e-19,253870230.79462203,1045642965.512356,3705298.034721366,4477229.87288174,0.3382559794399207,3921574748228.829,1213944.785985242,4.4516976452529056e+17,4.315134677894881e+16,9751282966.82165,10607014.052395836,2.977904606966713e+17,2516726.577298878,888056545.4479041,7.685511868590359e+18,11460541192067.287,977.396921478084,29725808970423.383,7868848.094081149,0.0003305105891972,3413106041801001.5,1.251522842804073e+22,92478364317.10245,6.699934946792621e-05,2.1439710202397016e-12,7.116441227253731e-20,8377688.68723667,1.489014530634224e+18,3.4196558693486474e+20,3766407058.385484,4.716054135752395e+19,0.000473612206123,37321779684705.234,1.8898478485121565e+22,1.0811206155658089e+22,1.903397081940896e+22,4.687892698973016e+21,3.631423551771383e+22,1.6704289464508654e+23,1.304864985100786e+23,5.607775392953504e-24,5.598688768476328e-11,1.196844616756546e-21,6.24274594421644e-09,0.0018453096639346,3.851633597937199e-24,1594410.3864283997,490073279.84402865,1.59979920678324e-07,4.321174893333609e-18,50.37411980502011,4.177158966400092e-17,18063.155999263436,91914797867.91292,1.387526751976999e-19,5.238710536249767e-05,0.1581169623532759,7.019954599864628e-26,1.9732599991465135e-06,0.0003206823071786,6.704628614859234,5.6979846707445856e-15,9742.463459626266,6.198656782708731e-17,2.6500849216776093e-22,0.9724758127006,1.8351368059606623e-16,0.0046890052887705,0.0001937671309413,1943988632.638357,0.0,0.0,0.0,0.0,0.0,0.0,0.0,2.694743115770552e+21
1976.8142563203776,38784.78268524092,11.94630576408776,7.407605618472906,5.549981218149957,10.829517892615318,11.653176571411466,16223616222.775028,1.9844239561429043e+17,547340940.3860261,348.1219466563767,111446891299.15388,2.91903758352796e+17,99001.45255768788,469375852609635.94,29731026382148.117,61902961203.032555,3195080339.6662087,884844866.4589266,164675609382.6921,15850423978246.385,1.8013507818995938e+16,0.1084304364649736,510959243.5493952,519790.200831013,1246.8505531382227,751287.8305572759,163341438268279.2,108507743430732.28,40258855066.09654,51797782211805.875,6.878030281627343e+16,8.893693039133665e-05,4727.199869446145,111763536.86086412,0.333696483255691,7.30067785351416e-09,1171068838.3387015,11.9166848777997,0.0001092036454247,3.6958693410419846e-10,56.46245324413255,16.888855858715132,282104.5719335284,1.5757891132916246,1.2086943884655533e-08,0.006700078335284,1.613031434961986e-07,1.1229674155622476e-05,3.563408837375396e-18,8.443185810468681e-31,1.441260949190831e-09,3.294072832951373e-23,24794147144144.266,13617357846.343716,27941.529055818588,32777.47528616168,1.0138212798907656e-05,21471296451139.832,32910.56522387872,2.2730549608244157e+20,5.593197376950131e+21,2.262527724898651e+16,32959215608800.637,6.189832694975372e+18,2877847.345954926,1.1156102247243944,1.0316390470967088e+23,2.2093455820611312e+20,77870248065053.03,870315267129.1399,844.7611040150987,6.995346922518992e-10,3.947317601917852e+16,8.23532667874161e+21,2331299413.096236,1.6082974736580684e-10,1.7069543127132194e-20,6.152089788381956e-30,4729624884.738718,1909280309952369.5,2.6470824455524816e+16,261565.36239467515,4257142122566.4834,3.233261238002184e-09,6812.094287066618,3.0791602022165816e+21,3.583777405972632e+20,1.229975022058732e+20,3.057305413541539e+18,3.832722277100018e+18,3.950413341124788e+18,4.520570477833064e+17,1.175748755186594e-16,1.002749048888543e-05,4.77708463097965e-13,0.033955400359685,0.0179132145126708,6.285476695448436e-17,45448637.700032085,387.1610289720017,2.046753789472195e-05,5.5415509847805604e-08,317723824.99150336,1.2493447182319058e-10,9321353.759892238,2037505341921694.8,3.465951137227063e-07,618078.0394696627,415252.25774698425,5.409465840290315e-16,6.2138777785186905,0.0107714195678086,0.0295942158103949,8.68333159675863e-08,132666850.63403071,5.741715931350816e-13,1.279645811673305e-16,75.00655936002704,1.1840768705602104e-15,0.0002797165775462,14.895290703028696,1505820971143.464,0.0,0.0,0.0,0.0,0.0,0.0,0.0,2.536764147487836e+21
1210.8576999311235,2660.5342233243045,12.015554339140095,9.095427926775429,11.02083600129609,12.88201482900953,5.753803974112403,4774422.078707194,18439885236386.062,11.66980180883428,1.777864259639024e-05,1866.373848694486,374923.7124806012,0.21926995762099,5.108724164020967e+16,346042381478542.9,14985144477732.586,3167497304.697915,2277611.7288237615,29450027865808.06,164566252172623.4,3.899629215011667e+20,0.0010971472590531,1654832.0472179125,13583.318457086029,0.0111714348330192,439.7141831159432,1.680551638578064e+17,10942612497.048204,471409634453225.2,2588943.731172241,60571.22543265477,1.589740694188059e-09,34983.40632259698,3981304736987.5166,10712.015933951656,0.0062196268499135,5923547560383258.0,757476.886760532,123.57314944003616,9.619137970889695e-09,43.56234274088945,2133.0234809214153,3036594784.668427,10.28618633577318,2.5463581221151658e-08,117.4262173233456,0.1258437110247529,1172.7653053130507,4.631386157095806e-16,1.6286073614383009e-21,2.5348391869553817,9.80911318651956e-17,13666327.07433964,42624.78965586999,0.0157597799078937,0.0198252986014249,1.0603713671849311e-14,630517326.5832835,0.0010332136653507,20359884323.99973,9.748764797534956e+20,3390710985235.3877,2107126890.094384,3.8390138514660424e+18,6.411220308768091,3.355120275336234e-11,1999563576235369.5,1.1225884971190834e+20,46386973437.693306,10412011.750349352,2.2051057300608136e-05,7.676913948766013e-22,46404.08919679071,1.4116011098708665e+22,34253.82676663798,1.0913392065434032e-22,3.432016480454034e-35,2.064052608231024e-48,761.42360347571,23986.752680750167,0.1339309963851118,0.0231400882158561,1397.0877073511388,2.550048926665219e-22,2.0617440988213967e-08,56291.47608701859,0.0001500792262551,1.3376577130893642e-12,4.099180218170184e-21,2.0778109215735574e-28,4.059490312841883e-36,2.364563228360798e-44,6.72136757308847e-39,3.459856394423008e-14,1.246030162503601e-32,1.6208911236180937e-08,2.0659733354929313e-12,5.342946796799187e-39,132234448.87449974,15470.7698783721,8.252469052658768e-07,9.819512743232266e-31,298.3128953205746,3.2002169353330994e-33,150.90350111963247,590715.385341759,1.1408083054915097e-29,0.0050241083332291,3.6991011336424064e-06,5.136537819640929e-44,4.8550762602088577e-11,2.5430705446036e-19,3.078653626015786e-09,1.7690601987484712e-29,345.7911771962615,1.8929479643156656e-35,4.9999913624463304e-43,2.2481608059955297e-07,6.041926307195555e-39,7.215244701639117e-14,6.568769276964855e-25,2.705558284356705,0.0,0.0,0.0,0.0,0.0,0.0,0.0,2.4788578187478817e+21
2101.6423167831763,31112.326436264026,11.984319823921336,16.918723738638665,14.982946898127208,15.306909048489633,15.701729743352937,5502885.354449803,9871969845952.07,7.786521164149385e+17,0.0033387149742865,327161830625.72,11905359796.660986,1.3970042529291788e-05,6943.586217162806,542.0860446916851,232682605.87380236,36215824.1786613,1.3446124475877462e-06,24140.438071342993,2.320413446747893e-07,2.709855863667647e-09,4.828263520293906e-09,954.1369154087298,220179854.4254964,0.0022485150660484,0.9187594665447198,4.590680627729768e+16,442589769.10390615,2.4888445349020906e+21,1.5607529730363698,1.846979500363198e-05,9.83321897151058e-16,3.2693349800126325e-13,7.370293396662051e-14,1.6633873924101632e-05,20238.498716240796,2.1355379049322394e-22,9.057994507516825e-22,4.755605410807946e-10,7.046469996520489e-33,1.27725808332438e-10,0.0064569772024387,1.4457063979742762e-07,0.0014481676450634,8.834280351787689e-26,4.309912816939496e-25,3.0513209699745016e-17,1.2071640411478445e-06,3.639542813545352e-41,9.060241703359396e-49,9.78313768356067e-34,2.6497431149459856e-52,1093425959.2501547,139730196227976.06,9.298703137936118e+16,1.0834750030684547e+17,1.6811321364802808e+16,3.2258954989627296e+17,2.5808523199587744e+17,129886728.67053027,2852561135787.06,12333538.208333852,10825.815417336344,7.632297750351032e+17,317695565482363.75,8.516314344125267e+16,746460.7019665219,1181794.5677338494,9.2463530474247e-06,3.753309597127811e+20,1.7771329472146283e+20,1.050445045308851e+17,892553887.899956,2.3465956010113787e+21,5.493013304462064e+17,1.397198203039564e+16,713423449755416.0,159686011043192.88,3440673984.7894244,1.7163152487891856e+16,2989594548.073459,8.88053994567354e+22,7.726847972724711e+21,1.1161190865535366e+18,5.298376400680949e+21,1127187.051863603,0.0021685279552526,1.2209574301417754e-11,4.293624616694327e-21,8.47207975049242e-29,1.4818157555892337e-36,2.6071676852533105e-45,1.8488808339102422e-16,1.9159853451286982e-14,8.823847184593836e-18,8.358469474387294e-16,11.310386709045575,5.2492696511549235e-17,0.0069068190157984,6263370241.095282,1.6911013075322382e-20,1.021208613899562e-06,3.759732519727873,0.604020278516327,22877996.48903446,0.1583385992879478,1.2640503081143786e-10,2.398344923458213e-07,72531.44357665718,8.184072051552718e-10,0.0057923181694931,377024247675.3357,845779099354.1119,0.0183760003123879,20578.02309398473,39.8412324166956,0.0676807459250538,19822720.65827618,86929697.14427286,25411425067.749,0.0721707713690248,9.190834777279084,0.0,0.0,0.0,0.0,0.0,0.0,0.0,2.3907485383012463e+21
1769.2095725934523,19642.423456219025,11.987528081833482,9.313473314269478,11.452706378501867,15.61255572273118,8.100981584770569,25374261.728925508,2033302690159096.5,50664.898778527975,863673.916070295,11982530812.608496,525387253879.0391,28100289.306671847,1.0442846305825366e+19,4.372897186516856e+17,3861896391956.364,24659884110.32198,53085472877.05033,188298102421.51675,251538320787277.38,6.672909025169944e+16,1.5513007234266994e-07,29150526373097.15,104528130.83055893,69535042.69519186,90472032780.82236,8.067723036077565e+16,754396880248.2843,74614936301.6338,36765240648133.93,1800491469863.994,36180.25159633778,1196614352109.397,7667357448416309.0,130.01851067757605,3.0261809907032756e-11,649587106697790.8,7016.191330583403,6.299992994921655e-07,3.945855374751058e-13,482822843803.2111,901614238.4372848,4.13824806742486e+16,16465336.554510964,2405172.0514956173,412343666753.8706,6888698.074060863,334126.0716665246,81.07543793889664,4.434806428382465e-28,5815109623321.754,262.97763243191685,291640001592.91156,534568.690392939,0.0019095523103666,0.0022696805927153,5.161704346417171e-16,435619556.3121455,0.0004525654017917,51389145595618.75,1.3314518886869555e+19,42906956336084.4,155427044623.0598,45448989052507.59,0.0049457617583388,3.887938775708518e-19,3591780087437407.5,1.0702879451358942e+17,1761334240.0811875,771629228.970581,0.0005797150270003,1.7625995223421987e-19,206569638967.66217,8.038630334538602e+22,6240775.409423216,1.0872501983119134e-19,9.272220628055084e-33,1.6032587864239392e-45,6640251536.959515,12739440.309906589,3278.427243115424,0.0766581367739198,125.5452345443836,1.7201809244309464e-19,2.0160284064454895e-10,199871204513.47125,252173.6448469196,0.954250252933264,3.498508214850356e-07,5.248676940227628e-12,5.598533438021689e-17,8.017768335608193e-23,6.749447224022319e-14,0.0001097800677277,4.880255647120752e-11,0.0543433965971693,0.2708926447462077,1.144397698900885e-13,66879394395.09453,1.8371795892673608,254.6258357611036,2.6262471355270396e-11,10110.904777033977,1.5504969817228206e-16,1.2337882425998483,4263009.739383673,1.0466025866813296e-11,0.462290536456387,0.2314107648234673,1.4011334076498348e-18,0.001172682136014,8.858449966183163e-06,1.9086384916636147e-10,9.941009535332993e-09,784330.4294931219,1.119764645357901e-16,5.439312282232702e-22,3.514153147886483e-05,4.642436619751225e-23,2.0185132751745134e-13,1.17209818784664e-05,21019.990528481405,0.0,0.0,0.0,0.0,0.0,0.0,0.0,2.3805172445946844e+21
1371.3651482377325,19781.008453106704,12.02822240170298,19.62955085139111,16.381580682966682,12.551356370498588,13.100269308519673,109.26792032574392,16459365.94859945,444503941941281.44,3.6897041347816745e-19,36.025894399282976,0.0002278818640363,7.812364688260711e-23,7.35048338606087e-12,9.786495043783762e-14,0.0003059530333058,0.0040336943708033,5.1785599039323345e-24,4.160270133637366e-07,1.628838325585386e-24,2.0472402650028036e-26,1.499814292440592e-25,1.0448089000642917e-13,8.143337616672427e-05,3.524144445646814e-25,3.898609357780097e-21,491926162899.3433,6.313851134302634e-07,1.1805163076742216e+20,8.353751087011206e-21,8.02970163745907e-34,7.234480687734873e-40,1.7041911890357572e-35,7.92146589947249e-36,7.0073295927437975e-22,4.890284496102128e-06,7.567072451719773e-48,6.4765545729219705e-46,1.3898341841607988e-27,4.383007186026093e-62,6.622230572437005e-35,1.2574728406939748e-22,2.187605961432757e-32,1.7412350033104142e-20,4.456813435132497e-56,7.284682433354692e-55,5.635340573364085e-48,3.0110133962701033e-25,2.871052903084679e-80,1.579975823790653e-86,7.770476035922407e-75,3.7075415381387586e-98,0.0049569385468417,1654079.6745019525,183163477152.27823,225625870103.1491,147049043561.29694,146437951171276.9,341574533161196.4,1.8507326689709097e-07,4838586.648216263,1.2164696525173453e-05,8.24811437684521e-13,2371570183654435.5,31231368496.015427,23418476559.165203,1.9184501345078389e-10,1.8423275024981008e-06,2.5979305125959424e-26,5036118931880646.0,1.2235233691129714e+16,1585675347912.4958,2.4840077592261088e-09,89301335141531.25,1309554887.7703855,22148182.617719088,7123540.913505293,1064213.9628996958,5.343421641612694e-08,1330131.562298193,9.706133672937892e-11,1.0435676934201686e+23,5211172811399033.0,1.3877259820187832e+16,5.6556384301229096e+16,1.5303710779609268e-16,1.2600292416368035e-35,3.3109758277899566e-54,1.8722129493715764e-73,2.447170336928186e-91,1.5426367141084084e-109,2.165530140902972e-128,2.252082171892356e-42,3.2919787099419695e-33,3.54052262971427e-44,1.926376624923944e-35,1.2867116035917926e-15,1.3574690456176859e-46,2.1829305421046218e-18,44218.419659670515,7.442121404266458e-44,1.9457037797135592e-25,2.169551726401682e-09,1.0394665267786011e-16,85.35446618525025,7.836660176224468e-18,1.0039285159919998e-31,8.196460378122316e-21,1.1331288546255617e-07,6.3635299250896165e-34,1.932812652156005e-17,0.2081830907159466,2282973.335492215,2.3022858987308337e-25,2.5385918042138127e-10,7.598741015160051e-20,4.2798974670272985e-18,31.497946901138913,0.0010802939218708,3849772.3521888694,2.2959816638536672e-24,3.0234049420307884e-15,0.0,0.0,0.0,0.0,0.0,0.0,0.0,2.3086745009849785e+21
1772.8810401519029,78346.5752454658,12.020707147375676,3.656256452653623,9.420838827054052,4.860536991853409,4.185245929973721,1210913549591.9832,3.006388957355598e+17,67.64540543451697,47.51775289721641,1561.7102676539723,59684998.38229773,217956.09896856247,9269099342.95164,391323278.03992933,4.278602416842869,228292.79287239147,57351052176.07124,244494076.90973437,3.7682254960652536e+16,1.3895531503459838e+21,5.341081995942409e-09,188.03225792332032,8.377577535531365e-07,5.5960753614688694e-11,7.171153549606885e-08,5093989367.121288,5.195212493428607,5.846417197038761,207923.210730582,1.089695110888829,0.0001008242419132,454651.1231356509,403746436454.3853,1.0736132950270191e-08,3.8697427857802785e-27,686310930054416.5,9.430970179240797,1.3137207824748945e-15,1.3962176834788512e-14,0.0001580111089477,3.62548477692051e-10,1.5968899419870328e-06,5.4820619564081856e-05,3.3227425582620745e-07,7.876469020185704,1.695747704850708e-23,6.78405718375657e-14,5.712383671432951e-16,6.167487810616726e-44,5.753303414383076e-19,9.24442746253669e-20,5363544.59627892,0.0122292310293959,5.503834041731632e-14,6.54013521645836e-14,1.9060546769975466e-29,80955549.24934253,1.0795784347618017e-07,821532065001.3934,2.73703409557911e+23,110497540267.80518,49.027851733655595,1164023621692271.8,0.0001660334947579,2.191445702429241e-30,8047607216224541.0,3.824583145746908e+16,11261.9361704911,0.1228922936666403,1.182036156444119e-16,4.6690113359648336e-35,2.8657870168533046,1195536494.333052,1.2127741916170175e-10,3.5225897442798146e-42,3.8427898461879035e-58,8.58748852608109e-74,1.2795307475853232e-11,1.796541837214732,5.015563397714865e-08,1.274514601557102e-07,2.1901235904645866e-08,3.767687966813166e-28,4.479427165246422e-23,2431.1847668837427,3.362962007844977e-07,1.3947026417700284e-16,5.5720385467663056e-27,9.146937408322347e-36,1.0705929471000708e-44,1.6761844985810508e-54,9.095838112555866e-23,0.0002824469783053,9.191797390282772e-18,19.619864035492128,5.889182399552602e-11,1.8801363595099138e-29,19484.026273964417,6.804737997891159e-06,0.0319397966439728,9.818242778809169e-14,70396780764.24397,7.245434295803576e-22,10640.05847111206,3141226427.442156,5.580109522145545e-12,468143659.9284027,0.0200453943911717,4.677053852055504e-30,7.278445496775643e-06,3.3624448395080644e-20,1.7929745989481516e-18,3.840673374215676e-27,0.0005672757576569,5.452886089913694e-38,1.836505233787583e-29,0.0021882100776528,1.911167849224549e-33,1.5875365970310222e-14,3.2208530506415924e-14,110433.83907057183,0.0,0.0,0.0,0.0,0.0,0.0,0.0,2.2521862732569513e+21
2753.281314121137,81031.50162150845,11.985395623708024,12.004102427910846,13.795403444617222,12.913983296489205,17.717422123912765,6761053101.806559,2026040801159657.5,939038391541.8658,2175218324.202129,9049167208222.27,6.2109927477560025e+19,20028823.80939687,1075333390287.1276,182913515706.31305,70588438.24502222,1339669931.4527,1299204.451257076,1232482.7178714091,101579.35894206572,693.6129750331496,1.290842622099628e-12,676784093450.055,203235474.67903647,714005.5215769872,68625917.22534598,1.754358758131357e+16,1.9590776490599948e+16,1115938050018.0908,3.627850400242742e+17,7.984798441305045e+19,152262.6276954864,4591416.053207143,457919.1184548174,0.0005969607964029,1.6691223598424844e-12,0.0162347198588745,8.869750221663961e-10,9.124062518248716e-16,1.6477784627098903e-26,26645232.78490483,545061.3830915965,59358801.4700519,6876310.006996634,395.83772278147813,551.1149471991495,0.0130354276045878,89.0536288767542,8.623060184714903e-05,9.050788939371336e-44,0.0239201570377718,3.6979030742549156e-08,70849118265.4691,12764797.61840322,42.494747321749706,48.2325826443593,1.9153074629458917e-07,241790551398.10596,5697.0060248922055,1.2225207808201595e+18,325144368525975.3,912101133.0710144,61821.7062090681,140347246424.1034,13.113929832582096,5.101243904353791e-07,8835752418612602.0,42649008.61613408,0.0018111310975045,2571156356493.822,27644.59879321198,1.5844281131326325e-06,2.5436102030110064e+17,5.14491182994423e+18,201899389.3818372,1.3716394752500844e-08,1.574636868293386e-17,1.9568846453680344e-25,131667058.1178276,1.0235656005946426e+17,1.158002125777209e+18,164654211.54160482,38250245694336.77,0.0007380871761935,371851.5294941668,1.0868325233366056e+23,3.882783555261584e+22,3.958553773049847e+22,1.4354765838448787e+21,4.396117687854034e+21,1.6097096208505832e+22,3.991344524618959e+21,0.3616184397054108,1.9763625394659627,0.0161042506439832,0.10695112482599,22288.108971121575,0.0048239917469875,26582675.77095189,1203.0158734072627,10.453009459832325,13.372078596994314,235938.09563946,0.0171504358580285,1281.473830367199,53088536309.226326,0.0110856312272439,0.6688575317161882,12.066589415860935,0.0049792653743881,144.6225566684788,554737.4164834844,0.0049371719079975,35.270879718016445,308145.06204857834,0.0003965995572183,0.0052783103101472,2893.5568524740434,0.0013581505330776,0.0223804695158096,337980633530.59235,2575566796102.1323,0.0,0.0,0.0,0.0,0.0,0.0,0.0,2.2491402092993907e+21
1811.2533161774493,18400.612835540003,12.00229043512179,15.295204556617447,20.264596805881546,20.494975589249115,17.046855600926886,1783.3675891666608,571982341.2344462,4734.208405077972,579089488.6653918,20077380056.191837,184225482296282.8,3107.5721344701647,450368378586267.44,20667025245987.258,7316911.024214097,72534.90106114175,0.8456459086390388,0.0862475528276588,0.0005490474973636,2.0512496459276035e-08,1.79166919483279e-34,9998925032233984.0,1496720095.3339546,24506904894.21711,26890000363346.99,9.267338228849124e+17,1925567805631914.8,35282855912.85861,2.818283572238486e+18,2.478795925593096e+19,6437414725.691656,24142210007.092316,21074112.385316715,7.41631510641776e-10,3.1140172033695055e-25,5.4016502115030846e-08,3.174986392268705e-20,5.2445827142954464e-33,4.150028211130991e-51,4.4789609972623016e+16,3079797351277.855,2.093958794982559e+21,78825029766.44034,89244826250925.31,2029303824815.046,4494016220011.027,12449527954.629225,862776796278.5907,5.250613766825485e-64,2.058262643524521e+22,627178918107803.1,81428.16926988469,0.0063094037295362,1.0995365951535868e-12,1.3031318354620073e-12,1.7492595397166046e-26,5.817944410201746,3.633620860868454e-13,2912249262.6285505,528515.0102835974,1.8318585573572883,0.0055460253786936,0.0776303393278322,6.422040946949985e-19,1.8927778277049337e-35,31435.83546135496,0.0006308719583761,2.13241607511772e-18,44768589.47821048,1.96365558078152e-06,4.107626681845459e-23,58529656393496.92,5.087650986272753e+22,289887.52042603755,2.083298982722451e-23,1.0276668736082629e-37,1.1532008216402853e-51,6592821486.900721,184537626.91676375,9934891.122140652,0.0003064318493465,72.2427573354143,5.530887724641817e-23,6.392616526252108e-12,1.26604965890231e+16,3762013451698.305,3339387505.830381,269340.2879105365,930.8504971576735,2.3611789879046197,0.0007714127532449,3.705154003073487e-06,4.119419721601901e-06,4.0088508697762405e-10,3.1915129730379035e-10,0.0406702400401802,4.9787820856706364e-06,869273407.2345358,5.4865880700865104e-05,1653.0997544872416,8.633617288189947e-13,1.720454359207525e-07,2.2746469812265833e-19,8.459320964609478e-13,0.0114944583597974,6.458341583870396e-20,1.84061962755047e-18,4.2284187571668825e-18,3.1690378072769553e-13,1.348302601472679e-07,0.0309610599376362,3.0614957908647157e-17,0.0009955562816944,43.090583722116286,5.497051921642553e-13,5.9491544412670505e-18,1.7830068614815484e-10,1.7151782090309636e-20,5.137433502823736e-20,292.3578037559051,364.2025848610356,0.0,0.0,0.0,0.0,0.0,0.0,0.0,2.2316232540288162e+21
1608.0325476795526,27016.77216635762,12.010276972052468,16.534073694076117,15.68824003184467,19.664096939413344,18.564703116932428,1969657.1904604237,394410477459.7322,3566855112.1200275,0.4033278238462036,575134029.1139368,1.7517204696366504e+16,0.0255991379627468,248531877731.4839,7006615414.50481,169079025008.48532,360118822.8749611,0.1690797117496449,6888922.3894854365,3.483191891763759,3.5725779203474426,1.5874038063113037e-12,109920852.6881254,906652723.1194648,104.63892022185064,284610.7672790317,4.0319429496904806e+18,9.090436797714072e+18,9.115926512562356e+18,72495037060243.61,2.1461714415780265e+18,4.3316968283459524e-07,0.1412180080181448,4.043455997191767,0.1697207996346234,0.1794798850107291,8.245919644658293e-07,6.523458253263842e-12,2.443536858895851e-09,1.4564558718951543e-28,43.23235799152565,317894.370247421,22765197.401916295,3024.261659164655,2.0818841702460416e-09,1.7704685761478995e-06,0.1161811850651832,16661.055941135157,1.3013900105083317e-18,8.318339678352196e-40,2.1841245338961883e-06,2.2549413958045545e-22,26072084.65414491,103816184.08130176,435250.7813835587,523791.2795608262,0.0614086637618463,110733913720.26776,54677.4411416513,3642910954605069.5,9853667526675.314,10368529.92665773,36582.41649919679,67523587044857.83,1269.8542530251436,146016.90522114103,659998929953060.6,108925899.36671744,0.0006111241274548,189985915843891.25,76957408.5914181,0.0062329580162294,7725254567147946.0,1.1532983042996958e+23,1802708453629.183,0.0040097379166748,1.9303704579060344e-10,1.1397119493654025e-17,612982181.575812,1.0178408048320278e+18,8.157830311840516e+19,11117473523.359396,2.851524559501853e+19,0.0033740816358473,31757345910212.09,3.908821052027562e+21,9.22637641345228e+20,6.65662701706685e+20,6.134488308313818e+19,1.89768054833087e+20,3.6438543762214375e+20,1.1215014583357802e+20,2.1415022127450465e-22,1.0552610711504051e-11,4.591212400435663e-22,1.2661806331085816e-11,0.0002071951508225,4.433287222613157e-22,279219.08393087506,27333740.153109565,3.974747663493223e-09,7.446963998723749e-18,0.2884832878781663,7.533789163646914e-17,93.66416057558696,124484176.06178524,3.312852386461486e-21,5.6869104044885354e-09,1.2468905412031295e-05,5.275387633467638e-23,4.8026684118816136e-06,0.055713048048714,10.7297686045145,5.638459319444647e-12,34809.34855608391,7.304689627823219e-14,5.559100339271727e-20,0.5799846454951005,2.7084558761221652e-14,0.0034521414323843,0.0048710422450558,246824834.83337423,0.0,0.0,0.0,0.0,0.0,0.0,0.0,2.159310433192491e+21
1575.1062153415942,85519.66276057086,11.974542205798937,12.70068248240257,12.496523267219406,8.111764117262092,9.759691562617997,11974057.647591123,4851657545394138.0,1248009189.129324,6606.814413211541,1761470.4898086672,15500356252402.26,8765224.654485386,1.1071239757645452e+18,2.8501774482148612e+16,5.5769093405879066e+17,1.4998376971882262e+17,1383158225046.3794,6.353966461767032e+19,7.159746362379944e+17,1.796482532849411e+22,2265058557.240275,17884493191.699722,115045607755.54584,84.88613465545961,273542.3980988268,1.2417036197147448e+23,3.907492550313272e+20,2.2204398795153924e+23,3192700445885209.5,1.6289808143305984e+17,291.5833204497262,2882745092887.987,2.0881857069901343e+18,4.475544831390198e+16,2.777867264203909e+16,1.675283637483693e+20,794964787237221.2,1.7147842810668467e+17,2974912.924395529,284333464.54924834,1843161697588.904,1397796609671.0583,2454287624472.0337,72994.86494606007,1605342326776.444,196838003.9569739,6.154515717211404e+17,1.744886901265267,19070.023325127564,228877740.149998,14.717153139657002,1650822070.0857785,5056431772.006353,14167807.173516927,17098256.123582467,1.109227238571332,932263715951829.2,249896603.69715384,6.870111892707889e+16,2.9534561744262115e+21,14787076952666.06,319250213.32595885,1.5281620299779414e+22,123743066310.71394,12457554335.446,2.7772590579144383e+20,3.875600998247031e+18,1876725675.535225,544879754850.0668,123332.57269789348,4.751760145809202e-06,43167023177.24025,4.736513486670834e+18,33021357.46099008,1.8992699670638564e-08,5.169564576760186e-16,1.5359039107540777e-23,82.61359035334023,708395351858555.9,83964794693515.55,2954964189.2212834,1.6240065956788228e+16,0.0003649291619891,10712696151.31322,5913742159291206.0,1837160593311.5583,1752763510.531788,227556.80717733596,947.7589508466676,2.37573876544628,0.0009937381662673,1.0229474228888954e-19,1.3120817094782991e-06,5.044821919512896e-15,0.0345246657882321,4022.36922592238,1.3638260543687624e-21,507177786.41996455,4477578317344.723,31.012957993673048,1.8776808526378073e-15,24934.901089802697,1.3828203800437046e-14,6518455.309216111,20864598662.427975,1.5361826812168807e-14,7.267707527842405,2167300.8939649775,2.8709995022316067e-27,9.121603427115165e-08,6.313347500799968e-06,0.154022311406354,3.516754402267498e-18,7.024768091063029,3.031051530400673e-20,3.980538257307366e-22,1.586884387992068,1.8611461645478751e-16,0.0061291453876086,1.444564344643235e-07,1875017.5270517836,0.0,0.0,0.0,0.0,0.0,0.0,0.0,2.1564729933427927e+21
2785.2079580340596,45273.53448264437,12.00139361259739,14.13713400469826,16.592166524979508,16.195250160863477,12.77294508906604,4067030185.6516824,78241562377803.28,137837224301.15988,2444230731124389.5,31814844070041.184,1.458300862333842e+16,735925563913.5016,8.778556027285294e+16,1.5364991903252062e+16,667958205914.8728,4859249234582.569,1493270699.3024044,143779653.43002516,3602059.3471410708,766.4594673981724,2.3412632504876483e-14,1.8397939965540047e+18,63111587931163.85,5868441897600.861,534806730119880.5,1.6917523482151525e+21,3.863005619981328e+17,1.225324460920264e+16,6.718982992525347e+19,2.826073403520246e+18,1.4361558339504648e+17,1.2594756412513894e+17,387399024856270.2,6806.185543267643,2.514918750615905e-07,15203.017744230292,0.0001033377122366,1.3725175268251254e-12,2.8872188466447057e-25,6.133218112054249e+19,1.36774922448875e+17,3.381645688723956e+20,6.454695915340692e+17,2.8969258804275695e+20,1.2165784804074643e+19,7406859960537440.0,7.18384944559654e+17,5.472143021271536e+19,1.406114422362498e-32,9.644038257961508e+22,1.8731267625425167e+22,8159114374.812661,168340.5571205161,0.0673114143692993,0.0763229845617265,3.8661261666206796e-11,1106607153.104415,3.3426333143590186,9311527236164.107,389874150557.74365,3352003.90142581,644.0233515361831,19363766.831075177,0.0002501114521411,2.566373969131833e-17,2155835129.2025714,4849.712830421691,2.1716944415485225e-08,970174656199.777,1324.0585185946925,1.0173089023371756e-08,166923268358835.28,3.970006902219106e+19,213094303.5966043,2.4790084311348726e-10,3.616941576164664e-20,5.894028861698746e-29,3520196840.963293,2730363815522.2676,6173097052.411466,2775953.413004747,114585155.15883552,1.7487935499855494e-06,0.1390303317921666,4869437627318363.0,361798894733.552,76636620.00080344,565.2894909628992,0.357659596997718,0.0002737918315086,1.3969697464596453e-08,1184049.168937997,1235949.6687873,1669.502056324823,2134.894336679841,203072288.765873,43922.69783434626,35471047053998.87,7618325.120922335,4788119408750.204,1.6849252606214593,5194.144613044507,0.0002512820818353,3.1736571894456684,212459.24429880796,4.7598339197455626e-05,0.0005380971174075,0.0001474366353562,0.0597925325305933,301.68545395160464,553260.4438263412,0.0001247508626002,978.8446093924993,1520601.790082798,0.0013232967107279,0.0025292042541442,233.96814106683027,6.930218857753469e-05,0.0002186101419739,221159358.7357428,323232039.736708,0.0,0.0,0.0,0.0,0.0,0.0,0.0,2.1325368936019987e+21
2067.956699518695,18618.694114691672,11.972777441098902,16.025602544582064,20.011372074355183,19.22009973096821,13.02407604337813,660201.8122060349,149892631.62952062,453967.7161737703,1427547625889.0554,2006641510.349157,285587201693.1863,124153.5816380036,893793253657.7169,66117239086.964424,27224.118619305445,393788.179045129,0.2692265400714435,0.0056395825964273,1.0770962764919155e-06,2.867673772841305e-13,2.851133896559962e-37,5037353782599784.0,1087787492.650675,96956599.77242026,43788628361.43065,3.1151567362894942e+19,9399674303385.78,1592909490717.3723,3.1007902998438108e+16,13024029263040.678,310438303714830.25,2674558999080.036,14013198.00411903,2.510737030637771e-09,2.622050144680216e-24,1.6466408265777196e-11,5.586040935596348e-23,2.5012357630065504e-35,1.1544321701293382e-55,4.914324815179129e+17,25092270737971.414,6.603612644198923e+18,554245932007700.5,2.3774424311681376e+19,2754871872214307.5,881363944744.734,392773764501782.0,6.876866346808028e+18,7.452408602778211e-66,2.4369152543928453e+22,4.0773242056377064e+22,138.6673045049433,1.6476691180354998e-05,9.356467085979888e-15,1.0921118546664932e-14,1.292115180167242e-27,4.259014536840634,2.5719832057315792e-12,65591.68314067963,988.3779812835354,3.40059648475419e-05,2.753173145307947e-10,0.00024349450763,6.655842214464583e-20,4.988626862901002e-40,0.0081441366814547,7.517854443350466e-11,8.897208975594242e-29,2410446.574016249,8.766944151967606e-07,3.60744592454665e-22,201834010.93131295,2.126896673078905e+17,33.37002207588332,4.473186425022739e-25,1.7601243635554303e-38,2.843698865685343e-51,1981.7993306836056,388229.77499352937,2.197396960338752,0.0478313662684098,0.1685663243495294,3.820660754441409e-19,9.179399191432856e-14,958233185.3837906,55.80057143072536,9.52780260500038e-06,1.0557183214750402e-13,6.385115563238682e-20,3.356934496735885e-26,1.8214774756340213e-33,0.2335658720480882,1.128027313944096,2.455785078319395e-07,1.0591736412671372e-06,0.4799811836863498,0.0006320372632261,6326186131.467874,0.5145894307189185,946765282.3297458,3.7124890258127024e-11,7.50945798572056e-06,1.979850321690173e-17,4.377754082416895e-11,1.2155866373068875e-05,8.848025642038046e-20,8.096919428509982e-18,1.6301211950898681e-21,1.1037141585384278e-11,4.337815804904467e-06,0.0085768995745525,6.341733284065644e-16,3.3324785299734105e-06,0.1981636165741601,6.148087990747551e-15,9.438758240089206e-14,1.620372434987315e-06,1.2880924381216175e-16,1.746583645278954e-15,5.558374751439286,32.6851405542149,0.0,0.0,0.0,0.0,0.0,0.0,0.0,2.0555909084795642e+21
2115.783147492659,22687.38578498689,12.035137735064325,11.916211248385194,9.652285905257166,9.39481578689356,6.331173932701983,874254110.6311201,4797803225129038.0,3.364744807924283e+17,0.0059787085635543,82744327845.8589,1719151.9164528388,0.0106888990655276,944509.3226378424,75386.06544157917,11399699328.724854,8834339417.939941,0.4252706292363207,2482207450.4172473,29.984064189314125,144.05299520516277,39.10797261877483,324.305788942034,26635309.63700976,0.0001718768243842,0.0674049758846876,2.355495701095891e+16,29405.999450641844,4.530490263764729e+20,0.0003077078528508,4.4779337935639323e-13,2.52013911028605e-15,3.2705226070357347e-10,3.009291131163328e-08,0.8953762783283177,139133474.80479306,1.633713339083841e-11,2.6304165275771317e-11,1.767840226465858,1.579235706933219e-17,6.247074746615096e-11,0.0010892341193998,1.3640047319391612e-08,0.0011878581160155,3.054807513706614e-25,6.02741763797827e-22,1.5205920326888077e-18,4.6325512528442554e-07,1.8390585931968864e-40,5.160531913650131e-34,1.8906804079949755e-34,1.8408487412033796e-51,118411056158.9118,5399533527236996.0,1.328210725830336e+18,1.546505592868539e+18,9.288775500796598e+16,5.750093150753153e+19,1.7881779767467817e+19,7971866.622133515,5.7005946776531846e+17,560247932035.446,105212604.28016372,5.464345892349429e+22,9.361453868390482e+18,4.082367816885258e+16,19267137.550668564,21976129283747.992,17324.111417950004,3.226089640055129e+19,5.894988094347117e+18,1400222158661290.0,27328.29111201625,1.0464305978239584e+20,9997550754155198.0,39671871747704.17,780792700938.331,69189089379.35226,38249278.65851134,879270878748.0103,19.527735133501217,1.3729455617262611e+22,1.3914789461885378e+17,7.197657573016143e+16,3.6324374206786584e+16,0.0200274168635214,5.0578196416179915e-15,3.7353949423287196e-27,1.696194379975851e-40,4.370968739526087e-52,1.0064952172796866e-63,2.3068997103210816e-76,3.1896815099016348e-18,5.15078737397258e-12,6.35067163351028e-17,9.463119414887918e-11,23.712249785444147,1.9115694018810928e-19,0.3205437413182131,176151028612.07874,5.8649615891143465e-18,5.212318553149342e-06,279502.423672526,1.1140318943024246,599458040779.4423,1.4007000955046005,2.844586045426979e-07,8.29261561713495,20205521493.458782,2.2511360647475747e-12,0.2310451439250665,289809584.44814765,4044513815540.5615,9.264001721389576e-06,153224.87461976398,0.0074328801317718,0.0003072685786081,1276434932.8043876,133321.76944324194,608477391370.0757,9.703554489894853e-08,0.1932906482044049,0.0,0.0,0.0,0.0,0.0,0.0,0.0,2.0331854112607243e+21
2075.5193210799425,32369.868307979053,11.9756504081012,17.103712204954217,12.056918773642192,15.48604049812581,12.516740761206384,3944872.778957959,5868827742046.863,7.253712079909591e+17,9.748481359664597e-07,233530496563.17145,2619378.6806170507,3.090778491600881e-09,2.1299736055067133,0.1595048679286558,93707.91045782312,13234.850121046891,2.3990157962409085e-10,6.857897738220182,3.4131141266045534e-11,3.24382823550825e-13,7.356523902270172e-13,0.3414576599596924,105800.16460635874,7.166360942315211e-07,0.0003163708401889,27070064184260.91,70.51905495185606,1.9825750591363e+18,1.671091286458404e-07,5.888939554415983e-16,1.2785751879865673e-22,3.819368445241162e-20,7.112230148162022e-21,2.6828851060923776e-12,0.0057947395991663,1.1267631328226616e-29,5.683897027552063e-29,5.271806682157004e-17,2.4644590300555927e-40,2.0150482297698585e-17,1.4509254365595096e-09,2.7118418477913535e-14,3.0881581290769513e-10,5.715938750052489e-36,2.3425734675137472e-35,3.1960056514586686e-27,1.8066556228836824e-16,1.0086107310441936e-54,1.1778968111570438e-62,3.6398891061773287e-47,3.5271968908510577e-69,589020670.9889213,100570439868718.31,8.3681032895514e+16,9.763600192906995e+16,1.7364663065801454e+16,2.433038263504347e+17,2.2137784736585568e+17,21868.309491542423,1381150497190.827,5212361.156973023,4476.009527047625,4.900266462394392e+17,208309079186007.6,27625925720387.156,98.11897402275112,410229.29346956505,1.9811571747796985e-06,3.9236760693329494e+20,2.14162683352935e+20,1.3524054064197123e+17,195384.48819234112,2.358706963145776e+21,5.728470138539033e+17,1.7744132957260126e+16,1047018984794217.6,257478035143786.4,2537141837.285159,5100435861763.145,247.1242813455502,1.0998454243159966e+23,3.1558926117283164e+18,1.3764610989938076e+18,2.5596184389477304e+18,0.0737656721565388,3.7368763308033464e-14,5.548324425068194e-26,5.2995768152022716e-39,2.7803968550651647e-50,1.2736525583017073e-61,5.986539026748965e-74,3.3789385639469616e-20,4.461028823298046e-18,1.2781430607410988e-21,1.5150109017586582e-19,0.0032078848652432,9.62633484453126e-21,2.356323671249997e-06,3768757.700080225,2.1319897970620164e-27,3.230124623555244e-07,1.720522773477532,0.2492721469324437,14315336.321623975,2.294883627430056e-05,2.8557097908667387e-11,7.088369316012022e-08,24557.381631464184,2.910203562481568e-10,0.0030045742324634,283818009946.09503,877241772069.7424,0.0085545997744225,13499.553319051558,23.14007864319788,0.0335216634749703,14932586.350976238,63772763.157060616,23663936319.18091,1.0598029693958126e-05,0.0017072107230178,0.0,0.0,0.0,0.0,0.0,0.0,0.0,2.0195653646165737e+21
1815.9085201707585,19659.282229311146,11.965804490906722,12.614152257984358,15.313121913518383,12.55890656587754,14.119038130657897,95342282.35689417,699916094914.6243,95396.581633333,25415425970.41562,1662288.7122543058,639399447356853.2,157554681.47324735,1615440116772931.0,74866772212204.47,487516672.4418826,64711517614.26098,48810048.52545038,88338699.22775407,35884322.13003803,1522560.571423516,4.9306288112062986e-18,31968946144718.805,88403405.72412002,6154.147951826445,6629645.766699065,6.82528552189421e+20,4.685943238380857e+18,479325167497519.1,3.804164796726662e+20,1.080473770019658e+22,11220110896007.271,4.668435652804755e+16,4.611611489656032e+16,564.3717377530065,8.117494460088797e-11,159561543.12012708,0.0017828740909966,1.0109223608278156e-13,6.206495457157859e-27,5698853768969536.0,7141616084201.347,1.954407010806185e+16,2420634389990855.0,6.018731520720051e+18,1.5441603453936045e+20,31280809421.41127,2.7000717168623334e+17,2.330348868194513e+18,4.187470696403326e-34,3.027791020299734e+20,6.606070062366022e+22,7796.64915100276,0.0111752365026115,3.6587649938267246e-11,4.334885618595562e-11,1.1159015631616684e-23,133351.4014792482,1.6003080675329146e-07,11650722653801.045,734618110194.2172,200.97183843168276,4.673651045344934e-05,1999854.518637574,3.2604438515795814e-10,1.0798522834187153e-23,144254057064.83807,78.43590715831466,2.455991656258693e-14,67104.97231631793,5.6378120823489947e-08,2.2993289079303045e-23,15546685209.201412,296979582872406.2,0.033222295798674,8.941706872420334e-28,8.44041258943997e-41,1.8350005079932963e-53,0.0031638470657125,11818479047.585602,2088696739.0909648,0.1143692086951312,85014.86402967125,4.093053616617185e-19,1.4319939396223e-07,1.419817769779122e+17,140279421245284.64,413855411431.0965,110174982.8278384,1263050.59118419,10664.072053458123,11.54467296524964,3.6738267914962348e-09,9.430614489068098,4.5438712376089945e-10,0.8392246202968141,0.7790023485531455,3.7702303588875625e-13,138998505183.32208,39389.152476781404,143514492731.52847,2.4802050918268036e-14,11.073859447148292,1.2158332746671598e-19,0.0010020069959645,2356900.32895647,2.173370909504858e-18,1.421228258915012e-07,2.7723762410271197e-12,6.25623101973537e-22,5.952348909214437e-07,1.014337120099017e-09,4.5030191399614236e-14,1.4096396429070923e-16,0.0137565183488618,1.4630288514859852e-24,2.8147962237874066e-21,0.000186798639209,1.465286897017867e-22,1.0141839439217111e-12,0.0225792878075145,65055297.436474465,0.0,0.0,0.0,0.0,0.0,0.0,0.0,2.0070475370991573e+21
1320.579949613543,10985.35154756876,11.98831813143033,13.339171387308664,10.223493789063218,13.962207143803322,7.348525443106558,23.50271904656578,4242324496.3362823,63066022508359.07,1.2440705896452082e-20,170423.69275383072,0.0002132010719891,2.1355252045636387e-21,2.163124732699104e-05,2.367225492757837e-07,646.4893076272872,0.230477415506372,1.5295240250352532e-19,0.0218674364776501,5.806250710665309e-17,8.317239428210367e-16,7.647656695258229e-16,2.1126353622933223e-10,0.1327274664582217,9.714917595218857e-18,1.5523612687231714e-13,88585841252.19131,2.8702355237507477e-07,1.7663752158621217e+19,2.902553326344738e-21,1.1100277834058521e-33,6.000747467763515e-42,2.5623730632677347e-34,1.4632174596917508e-31,5.7731614362443546e-18,0.024117338075658,7.329343330184275e-38,2.8698646593816066e-36,3.5776152253464265e-18,2.239796065715883e-47,3.200610599159409e-32,6.357544821477449e-20,5.570253691635585e-25,2.980169311804962e-22,1.508900998415634e-58,3.15778502578846e-54,2.0692136996496222e-41,2.183871025448647e-27,2.074440201590341e-83,3.8905131171343925e-73,1.2377608618146258e-68,9.543062077139556e-102,18526.632638163203,4818489967832.123,3.0822343009714906e+17,3.8199637913631526e+17,9.571567928416317e+16,2.2756917284810252e+16,1.9523669221527704e+16,0.0001461516532065,1403118702405.6597,43263.64411255205,62.19625560853764,5.134015029933009e+20,1512306413774057.2,1981459254189500.0,0.0001414341578443,7793672.070237587,8.128094757966609e-07,2.8308717016374497e+19,2.692745758675257e+19,969962845586222.4,5.248647723497833e-05,4.836300904417688e+22,1.7133083266417306e+17,296231738278825.6,38509126310798.91,1799217917888.7622,160412.8919236939,1016155.3058935248,2.110917091952732e-10,1.1210826129288557e+22,3549137670071224.0,294814163587156.25,1.7146079284522632e+16,5.565828698612242e-16,1.0162277346613894e-34,5.997777458575137e-53,8.727431656748267e-72,2.6637041833144212e-89,3.673145545441141e-107,1.2279701172509638e-125,8.541024356672092e-45,3.815520695249646e-35,1.3361680661291798e-43,1.9888477633592723e-34,2.2795411475916342e-14,1.214117589973341e-44,3.483573512176242e-15,1746.6478034343208,5.280971748242201e-46,2.6369422322117453e-24,1.626928916858308e-07,9.710564938541345e-16,5478.544513443216,2.9691888817563474e-15,8.371353887321957e-28,2.3634905651191953e-16,3.684868197363302,1.1632485961651187e-31,2.0318499543236864e-14,253.27710831912023,2469331405.013438,3.436064202916537e-18,0.0185056924828158,6.493420901167594e-13,3.1816545326645896e-20,1.6376281827734795,1.0060292850869296e-05,107961.77465468513,3.2602579838808115e-25,1.2675846491652605e-15,0.0,0.0,0.0,0.0,0.0,0.0,0.0,1.981163017418465e+21
2749.0636076314045,25934.971654632533,11.981448449905976,6.43863402963656,13.164661565588998,12.221812029624154,11.610788317952876,203368496629.52777,6.672118068747784e+16,2659010.9059631033,2012524165915729.5,7532940169390.957,3.598069075388847e+17,623998304190822.5,2.9655735289820553e+19,5.025162500073778e+18,5689380040.453346,124630600163.49255,1371104959841825.5,3869565942.089851,3638055970700899.0,841922947962348.6,1.3028538350157108e-11,5.4799452940970675e+17,481883250.9797969,491085469973.6987,47537663645486.34,4.938496659614532e+16,325445616815747.25,9202840.25919732,2.0387592623990424e+21,2.6721721613089594e+21,1.3552727898926022e+17,1.3979284132209045e+20,4.731733042863126e+20,5.2660442725798005,1.2604617477583018e-19,1.8934071039870536e+16,2994.7949932288448,2.6450271107454302e-14,1.7964294995978718e-16,2.073177578426904e+19,1249632774687.3623,4.029656578007652e+19,18256670462819.973,3.425429903357738e+20,1.6233287959912538e+22,24797494211.933502,675926946.9525434,7.147832164307727e+19,7.868688116821083e-33,1.502061768648367e+22,2.9688754184239412e+22,1985538382331.8027,1047.1981257312852,1.0140319754490062e-08,1.1511065014007585e-08,1.3189100927170685e-22,23202226.92404121,1.5763352992586871e-06,2.3873481505152317e+17,3.630679649893547e+17,863561395888.6312,50149914.88872903,458468102.77297217,1.2228410924427306e-07,2.4108146896825504e-28,5.826242224038951e+16,1369813271391.8655,1649.5971723308107,6320098.483488808,1.9619745347601597e-07,3.223092385919896e-23,1264891960154134.8,3.797343394053927e+18,425.9748911918212,2.3928995181816947e-25,7.930197183714367e-40,2.833127234176138e-53,81057080.45022951,1737626142.4752622,116366962.80193137,0.0013642930265609,1.90581510876265,1.741855106317585e-20,5.3615001418171424e-14,3.750046070765984e+18,7888278535775341.0,47358495871028.27,10141682948.18843,183034791.5626993,3943446.825945607,5765.385709043327,10318.153334176268,55576196.229226954,15540.159615442471,101599585.3103226,65229.54907566312,118.23622649634108,665281475926335.9,0.3000967959863769,287990934171672.6,13.376871257002303,235396639.43128717,5.0120097011609344e-08,3.751592152191527,317527614394.0187,0.3713717769671543,22139.3435408194,0.0413378298792666,0.0001251416896256,3627.8853569776415,0.0426054795426188,1.072637658146285e-12,0.7805481839277616,6785198.966996495,2.5525740816378943e-11,4.5398676075891825e-10,0.2493719793972172,3.452943990017002e-16,5.605942865534542e-12,60744082.13835488,455943795827.39264,0.0,0.0,0.0,0.0,0.0,0.0,0.0,1.9591650233377651e+21
2741.0130998292693,47835.0675889051,12.025595332841284,14.62404928886722,10.969419546480175,8.073712035248425,15.185429317994071,128414787053.57709,1.4401307431417618e+17,2.7265425871591696e+16,14457070.220645824,284143867015.8747,4.187404750288191e+19,10097445.759130552,20364308653.69669,3425512272.8693852,42564056393.12942,22896185704436.555,50550398.58234903,1608202637818.696,306686777.4446113,161867591.43107888,282.3807545488151,163439795.0683774,1571707753.168522,5.742970450612416,563.5729912989403,4.174930075531929e+18,3.3176589339240596e+18,8.515081873251846e+18,1866466238163640.8,3.001642589765114e+17,7.537341383890558,18048.173362556892,139696.1117123128,184340.93777765127,525979.1955570659,28.114450659076816,0.0475765794998411,50.37035250561657,1.5009205491176102e-10,47.76445184790141,31862.116246006914,3.8321794650313574,11503572.440826872,0.0001504936188094,0.0164004030473233,1.9762402622672357e-07,37087.531312140585,2.411182758767648e-13,4.755809963684351e-23,8.552563882926091e-14,7.85446896081592e-19,168633859921.47925,971996410453.4432,101612778913.37756,115378382062.12068,14053178.869203417,5.425106819502925e+17,391310227173260.4,6.2713842675257614e+19,1.7888656184625551e+18,166251156450.93567,384883.70690786536,2.465675230023145e+19,68484793241278.375,1952824775809728.8,3.4659156044508504e+19,602534276322.4054,63.03914937718807,2649055133135067.0,875303027517.173,1509240.7267079095,5889491346732726.0,6097380831573872.0,7142077973.095143,447.4803437453774,0.0157798493424151,5.950550778282926e-06,4928.034940027413,2.2145471589547775e+21,1.7988820464183674e+22,1.527696553257206e+17,2.6678076733493378e+22,20225184117.96069,8.023108779984447e+18,5.356814643404753e+22,1.3528857082340231e+22,9.75427386736979e+21,2.52222167029906e+20,5.474623944485334e+20,1.4142618842853524e+21,2.4892599096634855e+20,0.0001016430435755,0.2571643691624705,0.0003477056466771,1.0655439504062898,17071385.58606961,4.6660333485560055e-08,131995.09022009326,177226630486.0728,0.0106840959021854,38.46156986357271,325268141.96439993,1568.7233877966958,56912085236.76,54526304977400.914,2.3799893865397177,66974.24767627899,6997752792.241842,6.214575496147499e-06,86.71067440331053,25109560.593670253,3125062.8355133273,0.0016283564681998,6772.039865067638,0.0005747453138148,6.200329647626352,1651438802.03554,52507.92587665106,400197949.4150447,9805797089.587769,34535573706583.6,0.0,0.0,0.0,0.0,0.0,0.0,0.0,1.9030459958780551e+21
2868.8398579594864,31610.88937962236,12.020218287452655,12.352624180385964,6.272025293561066,12.296643653725877,7.115648804758394,102601972553.31944,3.574567039993757e+17,1.813593886354807e+19,5.095602294770496,1592759322778165.2,10356247657.718056,4.616127636380635,8700582.581359575,1636077.5413006784,4813614526.889254,1479748236.6105475,25.20298598952137,126397883.25214943,158.05723644816783,89.6853163756644,23.8554582585481,75065.39531232709,180505800.38027456,8.208281393373618,654.4293522231178,120409448709296.28,13807.705923932372,6.06600112232428e+16,0.0408794139040457,7.283843735569105e-10,2.999421861491308e-13,5.896084834564114e-10,4.711575787196991e-09,0.0004378889095737,82.15085417565106,1.826314419384517e-12,1.0788054895282145e-12,6.79456587128821e-05,3.2059823860438867e-18,2.5630031648819835e-09,0.0003555761189476,2.9296923641546706e-07,6.683780644648584e-05,4.97217043390058e-25,5.117133470765672e-23,4.959249729775105e-19,3.968149475337652e-12,1.022088167719386e-40,6.999029518022432e-40,8.486558439928399e-35,3.089924999489844e-53,1234066413969571.0,1.7956918847945577e+18,5.710939645273514e+19,6.458987701825789e+19,3.027265901386353e+18,3.885556352491272e+20,1.0996144226792315e+20,19496458326.479782,4.703757863286558e+18,1434715345069553.8,8037394688619.172,1.6674435625903897e+22,2.438922426532677e+19,5999199132643242.0,12897507116.107204,5436433863192750.0,2954522997.785091,2.9095325715866756e+21,3.627992218958765e+20,2.922490238747229e+17,3334496045.877245,3.0444861434356564e+22,1.8021532587115651e+19,2.0397655573239923e+17,2729517014073168.5,440863455267993.25,130396363889969.05,134041454101294.12,143567.55409607626,2.595108899936602e+22,3.777431644001117e+17,1.929374354985848e+18,4.0144450109861576e+16,1458.8439486809243,5.6791275368174643e-08,6.286467131521806e-18,2.297175523612324e-29,7.488646928142888e-39,3.0440878074246874e-48,7.9212996652333735e-59,4.0149900442024976e-10,5.342119175560326e-08,1.5702683269832103e-09,2.609945103039764e-07,6927.085375497274,4.1369332219277567e-10,21.873354122229276,854823669.2659292,1.4717856600331486e-16,1663.855611563094,522538473.1303023,18182294.852235716,21524929278239.73,7973.656122497574,156.87914702517057,215385.19560523785,51697914569438.51,0.7258742125951201,367751.7640069789,211191158549109.16,619460071654439.5,207310.22439180437,34282437207.55349,22342523.30944988,72018.03548725104,621904651605.2491,115916117587.0182,46869837261255.74,22.839781755712405,4298.779750778701,0.0,0.0,0.0,0.0,0.0,0.0,0.0,1.893009039275425e+21
2292.961999011503,83639.27333105524,11.959193457212333,8.90424364361383,12.814334787518463,7.906756219622634,8.516054132972224,338938290332.4643,1.6660471740409364e+16,35706341.42888324,32492438670962.434,546705287.6172457,912212562275994.8,46077530143413.4,4.709758252057816e+17,4.843672714921699e+16,74692240278.12943,123184428711353.4,993244464884308.8,23526671721596.664,3.323022542828755e+16,8.20837559921538e+16,2.4273125975133987e-05,431962707629823.1,407173726.1041794,394145.0122460696,96533901.36890644,1.214695869508056e+20,2.313520285802005e+16,25865988196320.72,3.9442337616369074e+19,4.840149101086068e+18,5687524644384182.0,2.07501924215412e+20,8.967578415714026e+21,54832831.68054994,1.2341306442342522e-06,4.1301723426039137e+18,160120771.61522797,0.0015728939839959,4.9530711446289766e-09,3.6862123489023176e+16,5118731342426.91,2380010570442266.0,9098232023372028.0,1.4515509600791552e+20,1.1978674195838296e+23,1908805920.822574,6381579101298331.0,4.63891119591045e+19,2.887574413855789e-18,5.720793712056187e+18,1.2193912344837266e+23,635028294.677697,341.9387855580404,1.4918286822519897e-06,1.7226108813155609e-06,3.1173767496383834e-18,3224536050.5283647,0.0316602569039175,3154714238290218.0,1.0087585450103098e+18,1927284954.4210627,351.6872999871867,1194402733590.9702,0.0124656685300934,9.927565026458176e-19,5041472991674343.0,36715501777.4959,0.068315912900299,1435846.4819364438,7.6236853309603426e-06,8.388760251386117e-20,12670464548.953093,72604313689250.23,0.3840050272582239,2.192056767603555e-24,1.2402348024645537e-36,4.2772747594813197e-48,0.1493459500198301,5152485278.739695,14572636.49270754,17.71810116409552,8106.268567808831,6.592431377976285e-15,5.2643469166317266e-08,899454627943301.0,40494399942.39726,5286997.3101486135,35.41339252235414,0.0153427930559043,6.523540134093521e-06,2.4405310398418646e-10,0.0059640419512157,5637330.787416879,0.0714903415276582,69145695.74819377,30689.7001844659,2.968271696437774e-07,28893751730214.13,2810878.6482847007,808765531671339.8,1.677371365077964e-05,242267703.71853715,4.883410057006744e-11,5313.991864108734,69571528798.09436,1.0413595646969262e-06,15106.849382375744,0.0631643289067806,2.0591587056544343e-14,0.5413414179611934,1.8871779434539436e-06,6.610528026952612e-10,1.3895101504541732e-11,72.62649391874902,2.0029627814443856e-19,3.035094691387547e-14,25.035456715563853,8.280344456589542e-17,2.261611866808337e-07,11.97343346292219,14571554361.699535,0.0,0.0,0.0,0.0,0.0,0.0,0.0,1.87160345388816e+21
1712.151964271909,16782.432063948876,12.002794407341586,15.7554139888199,10.208036972595377,16.745619185939894,16.10926635727427,27586454.029123098,30715234042164.85,315734252336.73895,0.0002328267919528,3474973617.958591,5.086492047869349e+16,0.0002463953098632,215478702.3540123,7911327.711564142,1468425715.0020735,8186955.359782588,0.0183855771826929,2209011.7966133766,3.698304694883829,40.04932835760586,1.2153242600468638e-08,12520.518623542865,890668.8873060505,0.017495572380412,29.08004380699583,1548268033857273.8,2701854159898398.5,2.898552264503166e+16,4796958625.881177,59512791593307.195,9.953519540489179e-15,1.8342710377457626e-08,5.032994739648808e-06,2.6111146036208497e-05,0.0022748907678816,3.873432399279716e-10,5.6727327756228794e-14,1.8530986248091526e-09,2.394129838171007e-26,2.061179433517411e-07,0.0091365063372825,0.0256863738475419,0.0001688513726379,9.537988349538537e-22,7.262935990605937e-18,6.962714380054216e-14,1.151968240907877e-07,2.9402953382964575e-35,1.2495175547509964e-44,3.8008935721246636e-24,1.2413817788826286e-43,2709905797.121341,96735172180.569,5480887120.456639,6541534778.046281,17949.47495516191,108407633141448.78,1323151088.2369635,1.6657230423333088e+17,8180755460030893.0,14455245574.022558,41264283.05341499,5.299547764921591e+17,483840564.1002583,2924922242344.188,4.1619823377593216e+17,1514396436066.8071,360.5827482278015,5801311436539829.0,53399046889.582794,157.24385610433018,1.6530071092262192e+16,5.740283267783867e+22,39331074005740.61,78.22392337397105,8.290759207567951e-05,1.5088446650078342e-10,1513591797.8475938,2.482127870595292e+19,1.2989588802700504e+21,9143267162167.516,5.208861305321908e+21,158.7013292365988,1.1138501470146346e+17,4.857423647158089e+21,1.0516644973797493e+21,6.870124763746983e+20,4.767290449262761e+19,1.2672705681220282e+20,2.2887923755644335e+20,5.889033506297217e+19,1.358851677646888e-24,4.45615279612708e-14,3.674185665599145e-23,7.724456776635737e-13,1.324057056706776e-05,1.958508217051264e-24,75.69400787508683,902999.3444448254,1.948867089789806e-16,1.7776957168270402e-14,205.6848709239028,1.8899941358576746e-12,523266.4546616841,26236616243.82768,1.9139092634793116e-16,0.0001851634104877,9.159102079250536,1.4803538896747783e-20,0.000382127120679,7.72608762231858,33648.04739085553,2.0590042142354624e-10,449087.60539935355,3.653709504786957e-11,1.5154065681862287e-16,344.34989278753227,3.474426426299433e-10,30.122675498855855,0.1036971520403007,3663665655.419958,0.0,0.0,0.0,0.0,0.0,0.0,0.0,1.864382549647935e+21
1221.4866906394363,34756.501231731614,12.027141911319458,11.41392257444657,12.020696755348723,9.111167046779586,7.513972726516528,102077.77678528176,473226648114.7627,1.1920367926474316,184.80883097767057,0.5925601161079657,157580971.96929735,43601.31933896361,1.4472087805550433e+18,1.0307782122375116e+16,28602351155288.953,32282262466969.117,8049395864.574145,5557593208330657.0,1.0045996426913792e+16,4.172838073170545e+20,7.64529257040459e-06,2848261934.5147533,1528475.030260563,0.0046500580423442,166.52161206647708,7.041694151174008e+22,1.4925041449829937e+18,1.2814375339314366e+19,6115049272376776.0,4.144543221456432e+16,103183.4942557265,3.5333971475799076e+16,6.91135393420782e+22,874799004783.5261,2218.901252168179,3.987077753719766e+22,385429934746.15967,276186.2723746338,1.7288621924398837e-07,471180620492.95886,1411565900930.049,5618849981752056.0,34306128923986.508,9070827368577.38,7.114010474111314e+20,103068118864.9842,1.313924604035623e+21,1066515515013.3188,4.622150357435865e-09,1.8108062654730836e+20,1.281957539917134e+18,83.57086180908321,0.0171982490355572,4.5279405034953597e-10,5.687105609182708e-10,2.4041598193989648e-23,1140962.9035091284,1.495307006658573e-07,162038487763.187,4.401924678713401e+17,380731.3128950354,0.0511025203627928,115698176678615.69,1.7546722958343047e-05,1.2575846465375948e-16,293605024643450.5,218522413689.80823,0.0004627237611511,195.8390928328387,3.26419175242004e-11,9.758131097391503e-29,4147.259323361617,628821993907317.1,0.000135847089546,2.9732334668614565e-33,7.292717282635015e-47,3.6551938832312506e-61,1.0327468326962984e-08,657436.6111292297,1159.2933411923775,0.0001571604414719,2440.624529021086,1.6234652550244888e-25,2.741883580792152e-09,6900496925.08827,6193.175894601367,0.0185138540269826,1.8377540928204697e-08,3.0933629205594153e-13,2.0405053446655487e-18,3.9271506641606236e-24,8.469707982617774e-30,6.828260834044431e-09,2.8503968739727783e-25,5.9797890067463455e-05,1.967806816576392e-06,1.415734589607364e-33,3492555755.9725013,8546153.061813004,805240.0933932741,3.7120676762642564e-30,0.1516989968827296,8.241916106758882e-34,0.0049463543408279,82009.7653622188,8.853415167846293e-31,5.9157168599119055e-08,2.2746153727760979e-10,2.5995398753801786e-45,3.272756431422548e-16,4.903586280208783e-22,7.894286179349591e-17,1.3697558994413228e-34,3.718521367119845e-07,1.0458639917165531e-41,7.530248998603204e-42,4.2891754503904487e-10,5.3182979426571115e-39,9.982529090874384e-18,3.099724993019183e-20,20.17210684281114,0.0,0.0,0.0,0.0,0.0,0.0,0.0,1.8015489364730207e+21
2841.5249588084466,37559.23364140453,11.982464602713662,11.968857848966085,16.575397562035008,16.011208027744694,14.159287405246316,5107240055.269618,57767546799186.16,1182958311.9182668,4315965100970387.0,30259108096229.805,1.9838749250603014e+17,722192912532.4852,3.7404736317715784e+16,6874136464612432.0,1631933588.3328466,20777305398.948368,754868778.4280885,332175.2024373359,916280.6234100864,99.81283503873698,1.4082717009347171e-19,1.631461550209834e+18,313008686240.38745,3825651955084.0986,318344810446194.7,1.0245236113994226e+19,2.514205181980542e+16,412813712941.2777,8.816954798265772e+20,3.550183822573151e+20,2.720593993865681e+17,1.085410380421984e+17,167911228767542.72,0.0971417139039649,1.1478846721907413e-16,2159.471233174162,9.500467087804545e-08,3.858465068384597e-20,6.5214583512792945e-31,5.92295934980107e+19,681368908716946.6,1.7054362943519182e+20,5403858045170908.0,5.1460413810882426e+20,1.045033290083049e+19,23934263178069.062,29932179998094.84,1.1030081864375371e+20,1.0723571080900872e-42,5.6428716238305625e+22,3.7176749721407426e+22,4324953855.531483,501.15221663584407,1.221222760277086e-06,1.3823186149247254e-06,4.7295534180350495e-18,4864958.310411524,0.0001001053649936,69438305391337.445,146405814827.2884,947167.9020180354,119.8354640593908,41171.69745400539,4.120788116200857e-09,1.3937466241798096e-25,8626238496.616526,693.0227024550353,1.4160396368374123e-09,4638028188.053697,0.0423905834716688,2.394941105574751e-15,1459407822008246.8,1.60530947004334e+19,655765.942155347,3.796892915483451e-17,3.719221725891367e-29,4.290033924245705e-40,1321076993.0956855,205791983389.8997,4806402736.401261,134.47797306614916,46913.39704776374,6.751869812245159e-13,3.704037437560999e-07,6.32420703245224e+17,519772729204175.6,1215742687643.349,95493129.33551012,660769.0555467742,5646.189068270109,3.1289426948410597,4347004.044489479,2398605.8744578087,3223.249120729418,2208.225927046204,1400921.3383851384,102744.72805681068,27886596333748.258,299.7330472785327,7897349222831.427,3.1380752475482843,4391.148771857477,2.6976680040258354e-06,0.0146144385670647,1577480.345455265,5.2866565140217086e-05,0.00030571457738,3.1966039891984777e-07,0.1551193372134403,351.7901898551666,4654.783204219727,4.005901990963871e-09,1179.3983308448974,856902.6432373585,9.732357136119703e-06,5.4800812939050465e-05,2.1683741673453936,7.447622004186837e-09,1.2466326392940085e-08,5796843467.932457,4510031191.295596,0.0,0.0,0.0,0.0,0.0,0.0,0.0,1.755698833233278e+21
2805.3981660379077,36188.85292826721,11.983157718095244,12.991349177890266,10.132870974584064,13.456544889896408,8.969667751146261,47126810535.03012,1.0063546535441005e+17,1.263456552787411e+19,2520.3666136096517,1508277453205325.8,84997997508.88914,880.3473348335054,3744688026.308552,667144833.812534,2255876999210.362,416550163060.6051,2016.0141768675296,14152809155.280989,5441.715649025284,1303.798738899813,282.5359981306464,71319826.51521945,191952280568.3922,9821.54361962104,865991.811147857,1.146014843504542e+17,140001008.39130935,6.499716760464514e+19,324.20875113768744,6.995440675827535e-05,1.2742274255189277e-07,0.0001205462639495,0.0004148237494064,45.734186884586535,10485778.308939222,2.2385717423475828e-08,1.2588265382086334e-08,1.0214826812392224,4.222783920826351e-15,0.0020568935143367,349.5308254419552,0.4324420864286862,41.24921821074827,2.106161516809832e-16,9.757177123635736e-15,6.550350185395364e-10,0.0028957343477884,3.4933691921583645e-29,9.15993100821392e-31,9.15671492728964e-23,9.973282913947508e-39,449207129601156.75,7.282748874313697e+17,2.3570611895154893e+19,2.6709420109868974e+19,1.136797063370196e+18,1.1424627871346688e+20,2.908552630196129e+19,62649975270.03729,5.633372775839984e+17,210879903348370.03,1680654899572.8518,2.2050614214319195e+21,2.5154746373673446e+18,8439987234467365.0,16613949540.45313,342027744658554.94,79848107.71874946,3.471470766714974e+21,3.968502846468177e+20,2.6421640974753904e+17,40003978680.942505,6.660473812780995e+22,3.136864579503826e+19,2.6590818889652262e+17,3252537597889664.5,452995803977201.6,277485331451745.4,1244352054180767.0,14837512.2458532,2.003120181994194e+22,4.054098531299181e+18,1.1259802646940228e+18,4.0774841774284154e+17,145456.65947773223,5.8429135849998106e-05,6.687031460491388e-14,2.630172895220517e-24,8.959813690324545e-33,3.7202887612816966e-41,1.0194714827988824e-50,1.49286663164175e-07,1.407076131718191e-05,2.393481463525126e-07,2.7773480898891075e-05,1941221.2848113088,2.2698601615776253e-07,14042.40368308706,456124185009.7094,4.3099460649460105e-11,284.2546381357585,74866924.40063827,3362805.9497862128,3554881219803.573,15227.169661030304,9.557311893063613,9640.412976495783,2275855207883.754,0.3825097171687263,164304.07821750632,227841639852453.38,399334309005988.8,228824.1219305189,30702689658.05043,25054033.41548354,30417.487646655787,235274112885.46173,62603044298.45451,17856288053445.418,153.31617829988917,20285.02704721735,0.0,0.0,0.0,0.0,0.0,0.0,0.0,1.7546610633515752e+21
2336.5320658707833,127680.2897539643,11.997661257510131,8.92821820709011,12.831647283624788,7.883521641104433,8.550904994674363,473537854534.6612,2.707927531467198e+16,87003404.0461804,57530125519330.734,963900989.09647,1553570031419112.0,95511456492062.66,6.998539184964442e+17,7.614679919917854e+16,169977569397.8965,286114508253186.75,2213499328619209.5,61835101032322.54,7.733754649171443e+16,2.031587536920796e+17,0.0002119045986168,647906798982931.5,907882930.0619218,773340.2914656148,170589724.08620095,1.8338048049808133e+20,4.513271849239258e+16,57601064908841.58,5.948380662114269e+19,8.265652790244148e+18,1.0062141779608416e+16,3.412697027776419e+20,1.537232988690032e+22,228300363.17928448,1.1601063455699142e-05,1.0373851180407622e+19,705303779.0917127,0.015584291112181,6.860141623397471e-08,5.608244267077197e+16,10657260976561.293,3200203244911296.5,1.8248482206946996e+16,2.204762999203829e+20,1.8422864790901332e+23,4171683250.1040726,1.5311882290690964e+16,7.449388366159146e+19,8.349432067106043e-17,7.701016252955563e+18,1.7681157614784092e+23,1317046212.3879263,1060.580067765697,7.579725141157862e-06,8.735887486065601e-06,2.9138832662314237e-17,8398923112.046477,0.1535585822465787,6202117425074176.0,1.7385099524779313e+18,4463099953.311261,938.1696854077132,3108800612715.0234,0.0699535713237728,1.5568742569972558e-17,1.1143465163271672e+16,89263186449.23839,0.2875405220599236,3339928.8410074366,3.241200115357269e-05,7.236035788601046e-19,24257984347.874588,89769199032458.89,1.002203254586095,2.152088615496232e-23,2.2222820548996588e-35,1.4946069881978803e-46,0.3145829298820274,12926967170.817394,45342959.33834063,64.97636654591741,29272.69451835559,5.3910418784376844e-14,3.357543862774384e-07,1734734159943718.5,104444337161.36745,18203681.996542774,156.31191860250456,0.0894011665930151,5.125884816995176e-05,2.5144257809752896e-09,0.0225015406658364,12037635.538384983,0.2968734942294244,166064786.8160326,113495.91910376896,1.2450511892124064e-06,40982086705927.3,8115888.813032765,1322989734270129.0,7.244009885151799e-05,498084361.6120473,3.2544760377355345e-10,15814.3513498907,148267300714.01273,5.70548978838805e-06,45173.67476280049,0.3552315754388957,1.0548396840089509e-13,1.305460065152503,7.731981606561696e-06,3.055153733970196e-09,5.5138304328354565e-11,142.13954034702755,1.3055814158453657e-18,1.9669204035545217e-13,72.16769689702045,6.971942614879897e-16,1.0830464422060583e-06,39.82310738584429,27687043848.981377,0.0,0.0,0.0,0.0,0.0,0.0,0.0,1.7378390440480085e+21
1773.5079934415785,29692.213115346614,12.021976703831228,15.081720264759529,12.075246180465449,10.57325884027647,14.516950193252368,501864.7011110191,2459560827250.842,3.9688166352729256e+16,6.880755674735925e-09,65773002.43194348,287231960.0097727,2.561162054070915e-10,0.4486726570563415,0.0189684611566787,120125.27565839812,154414.8336788611,5.457625612481655e-10,1340.8277067867928,2.901770541146647e-09,8.66255133735619e-10,1.1315588141455472e-09,0.0011262338004334,2908.153185400555,1.4011920204647922e-11,1.7909274141529577e-08,421758589600699.6,2055718.7903171373,2.804826268515535e+20,0.0001424469703043,3.556351553620141e-09,2.0845234635622197e-24,7.584626810091815e-20,5.449914701058061e-19,4.8807783295292846e-09,591.2317510040562,6.110527878169854e-26,4.886148767980399e-25,2.2881147506704056e-11,2.7910613442844534e-35,1.3516658152727384e-19,1.794004130147286e-10,5.6558127627492e-17,6.52513015278666e-10,9.772610644245868e-37,1.8736861915715903e-34,4.9813491916446986e-29,6.646125112852754e-14,2.401610640538459e-55,8.431060658657401e-55,4.1534993765932174e-49,5.53490888068571e-69,1833390.9845761857,2423196374559.585,6335576482376775.0,7528153918734866.0,1278280027190445.8,3.846029726420488e+17,2.989031926647861e+17,32073485.648806565,18128058620651.938,306156.9343538228,5.660946564384864,4.470303048057132e+19,3729322904670339.0,7.897913287399134e+19,2547077.2864034595,857608.588299406,8.591947656105679e-08,2.9911747914762255e+18,1.6759658437316096e+18,386597693974985.6,574439.975559126,2.0731187559774372e+18,122932866714115.06,1215188608232.4512,77211623814.13107,10067411395.978085,933.517243774318,5010021761131904.0,667850980.2380936,4.335437259544912e+22,3.537095102433156e+22,7.502310345151288e+16,4.210521279513462e+22,55740.98448801686,3.688227604892133e-05,7.316269392248656e-14,1.3967256607676662e-23,1.0963907507305775e-31,6.139262475111066e-40,4.595599257483392e-49,3.263604422403857e-26,1.689231411916579e-20,2.6723968909388557e-26,9.514636716080835e-21,9.799570030239484e-05,2.808981714535903e-28,4.79152067418105e-08,135082198.67651266,2.709711397911002e-28,2.001102184776841e-12,0.2381498449235307,8.567312012094441e-06,20850307.662383422,0.0505269686451391,9.247398533763798e-16,1.2920299002563529e-08,15424.616583964998,4.918064662516166e-19,1.2699990635553222e-07,2018468.144290733,10473161999.294754,1.666832413627191e-11,0.4090013005815994,1.3749085070080812e-07,2.6844082335686266e-08,530010.3734986839,1613.8446584363749,2234782461.185216,3.8325259372728163e-07,0.2190887323193676,0.0,0.0,0.0,0.0,0.0,0.0,0.0,1.7195516066455295e+21
2396.290305079825,26810.497291381304,12.01094073647783,10.521644667500944,6.732618435305808,12.39690327348893,6.969797794287101,11406749797952.271,3.6707406118112266e+18,7460426587414.639,1049173.079803628,43753458439916.43,8054883450531.797,153567512.21986303,1.568609454587675e+16,1837556173576386.5,177679598504661.56,14235196995524.404,280528679183.7007,259464690907352.03,743876184254295.1,1.5191186400224045e+17,587833.8682182591,205039155642.8624,12889116193.785875,7512794.035137834,1444757090.073585,7.230187877816227e+16,64275375168.309166,1008677375325675.0,2266055020.9342184,956381.223797218,1.5800198121680695,3491674.119226388,11908689986.641657,401597.48393049376,42.25168041025685,68197127736.3786,258430.5915328762,11715.46280379976,0.0154479706024672,155915.37742630427,1191190.9254603065,163268346.33884293,90098.41090131523,0.0002442052979526,14.845061684755258,0.0924084208753993,21.98780962142944,7.659081340473805e-13,2.6055324523120784e-18,2.9258652029777403e-05,1.3710373691967776e-17,5302795734280131.0,193040467516786.4,70306746696.74933,80830539927.71767,16039.431687972326,5.6336532777706136e+16,62097247435.3876,2782608232799077.0,1.8238976672946096e+22,1.4887295086065093e+18,8131520393660411.0,1.493370223477177e+21,2455824885995.8804,3861.434608309216,4.1800690841354566e+17,2.275678045558315e+21,2.3314723369859452e+16,5812777437187323.0,3318358768.782005,4.99979150926636,3163528377041.614,5.517043064840104e+22,43783517222497.266,3.802331874022029,2.3066883966650403e-07,9.934874959670333e-14,8396705078569.436,2970320041169.7065,35639373.06768299,253956438054.08945,289175215629.53107,16.092156859956493,186574.62236469513,27308559759.311703,6211.222935179815,0.0040800941389004,1.2519631492845797e-10,2.6595499840905846e-16,5.825370305369538e-22,1.05181407405195e-28,7.136924897727742e-11,4.3565831982771375,7.654306306111233e-08,5021.991012844893,670.1127362751557,9.790824210112291e-11,186994585320.48807,3100323693.0512476,2.908821745752033,0.0022815818758192,1426276129433.855,0.0004827301009418,1960704792553.744,1146712126735.5137,0.0176052413903375,15162862512.981352,2166994186.5560803,1.250980891746231e-09,1387040.8607487634,1822.748025520811,5416087.921410531,0.0100901710212803,2476970482392.678,1.221875837088208e-05,3.923826174589589e-09,119732785.26873223,5.226453325220347e-07,93235.88471512312,0.032026222567502,2571702195.124532,0.0,0.0,0.0,0.0,0.0,0.0,0.0,1.6494812028152893e+21
1629.5194184351565,44067.46693963984,12.006850399584495,14.42081807778528,15.815413346959904,13.433276390161293,18.253762001350182,12191801.238714432,6949760246734.135,94707916.43484253,319.86889995512945,8100686.180075304,4.808077115709169e+16,256.06799630012233,14063632761933.986,419860267549.0088,158349641616.4565,43589102656.23216,19606.93113352324,10141462043.920012,4536303.358953544,53143952.285224065,9.801353527503744e-09,584625172.3191098,77246910.25513934,5.7656456772597275,14092.512889098718,2.939867120459878e+19,1.3651820160023524e+20,1.05538933688523e+18,7.829236294087238e+16,4.1791962280651527e+21,0.1525374998716556,496038.8108168355,158839736.36755258,1910.3805677386365,0.530140950824872,5506.008085017678,0.000823453001832,8.193348631272181e-05,7.330610678111723e-20,103183.61241725272,11248444.181915237,378956790.93194014,12961857.62639472,0.2802645789050059,2627.973244622027,15.119847769722009,407115787.175638,8.14367990221344e-08,2.0036212450252797e-29,7.122697561599286,5.631525876622025e-09,4663719.053545858,300043.0032818213,22.212329260636857,26.683071625092456,6.222423170649527e-08,33931368347.497658,337.27180946999704,1.2457350200559494e+17,1987866077737277.2,22316025.44032341,716.8475975157471,222669083422151.75,97.57196257150066,5.815179671478036,2.7318434009330224e+17,2644868100.9488497,0.0021842417985667,38187219368.067955,305.75808535057917,5.41898550552394e-10,189226080521881.2,9.01451815964503e+18,3211120.630931355,3.143305184652645e-12,2.969765079291929e-21,3.70264249216702e-30,646.293754236261,4.450732528179834e+16,7.082820673591092e+18,4806993.305992829,1.937574606053688e+16,3.5225115191113774e-08,411185358.5886843,1.943881293413027e+22,9.806136909849768e+21,1.5076487349536643e+22,2.844816279419155e+21,1.854182098743822e+22,7.649247687353394e+22,4.930984664126863e+22,8.174050574503029e-20,4.5018745459726175e-08,2.0806989438415493e-18,6.607892803111777e-07,0.0089795718261458,1.4915448676565328e-21,6262592.037714735,18371318.10409129,0.0057643798978534,7.8882309025859e-17,28.707879859172778,1.3348251631487836e-17,146.298075888207,20724512414.93513,4.798415749637602e-19,8.880455135360464e-06,0.0002157500712962,4.887800730048991e-25,4.1335539840271443e-07,4.449737095660948e-06,0.0002065795160237,3.201142949470308e-16,19.25496829486628,7.344078332350747e-20,8.882238721923145e-22,0.0812972540582415,6.080872836372225e-18,8.703384378426043e-06,0.0058939197374114,3371921986.2197194,0.0,0.0,0.0,0.0,0.0,0.0,0.0,1.6344536567535402e+21
1853.4174881475583,19718.025961707703,12.007721804846234,15.450187471275363,10.266514542760104,15.696626740004998,13.247977323103749,419960.4352004353,3434172891806.131,6.4688135747401816e+16,3.5751364470072956e-10,40175052596.972496,13709379.032352576,6.911397599084608e-12,0.4966616513228371,0.0248781184646801,53555.34500160815,662.1747982894918,5.9507988017441985e-12,2.6850043755916313,1.1655851744226463e-11,1.3487854943292528e-12,9.82023226989658e-13,0.0039683208915523,3755.4159809790335,1.2193517129493584e-08,1.1366901863986788e-05,1541236446408.5864,154.10963862126624,3.6606895449249414e+17,4.42944961846203e-08,1.529164246594366e-14,1.0105671748597085e-27,9.539515697256005e-24,2.4988198096251045e-23,4.1517171418523786e-14,0.0007201179600078,9.203066292657049e-31,4.40832683890663e-30,3.063388262177567e-17,9.38147023052026e-41,4.604924534083262e-21,1.774543531645305e-12,1.472052415952361e-16,5.1383903222719897e-14,2.827647177260826e-42,1.878402658697673e-40,5.872721585786962e-31,9.307782372639824e-21,7.495200794978088e-63,2.825550447391174e-65,9.30378231332018e-53,1.1790032672148142e-78,592660674.8846623,293763309982156.3,3.7574732836910726e+17,4.440892335390458e+17,5.250753882124257e+16,2.4963167523433725e+17,1.3973228866286094e+17,765551.1447938469,9842513459830.191,44670410.106796354,139145.1044503806,9.40517227662384e+18,873146861247805.1,4.798255116035651e+16,27954.08022408912,46751232.89781301,0.0008582568405293,4.733245307461264e+20,1.809239465277636e+20,3.860736821662425e+16,4337059.953433203,4.894667547878279e+22,3.026378686982945e+18,1.982859856549429e+16,845274877606196.2,91468058589874.3,11925669641.557331,85924521223582.38,210037.92119809217,2.708844508297537e+22,2.0275804056754645e+20,5.790701317238503e+16,1.479679702711021e+20,37.17006144930317,5.61834623332328e-10,2.527533533731926e-20,9.71546135243122e-32,1.6724399100664862e-41,2.178701219688529e-51,3.5122224313837112e-62,5.191152577859822e-26,4.811927127385241e-22,1.843052057436208e-26,1.276131035119855e-22,5.360852698725943e-06,6.818716139664388e-26,4.4932136474532334e-08,120884.916715487,3.2600574349363917e-32,1.6538006184634862e-10,0.2105300949727914,0.0002934801995765,6322598.727567875,0.0004890843440926,5.044140185046774e-14,1.1340934236534865e-08,33512.14582538744,2.3225692789541164e-14,6.204504675418428e-05,5537755537.832319,454817394153.618,4.084773629982513e-05,11940.384883402345,0.1663040614816817,2.5974481280288665e-06,447799.1236969234,38640.36411603167,972200835.0514702,4.315478413769883e-07,0.0045514872391354,0.0,0.0,0.0,0.0,0.0,0.0,0.0,1.6331140244130494e+21
1860.4130525881983,15512.513824675973,11.984478415857092,13.330179053683644,10.445970872788225,14.70344888981014,6.612667463660716,5024861.790204494,23656259081448.08,1.9997537396403484e+16,9.646167303861005e-08,48982311123.12614,711.7695120238169,1.1828517025277397e-08,827.2852281208038,42.029700254039945,24542076.191447757,288491.2425754891,6.32606334828777e-08,7354.724064673552,7.637687643816078e-07,5.471083890783993e-07,3.342096004919714e-08,1.086689163514052,280717.69234679977,3.775145939243638e-06,0.0034278192798883,98895863838642.8,0.4785353072963333,6.398149605488061e+18,5.21787698519597e-10,8.434833740009083e-21,6.374909682732366e-23,3.602424668207837e-18,5.811639532904359e-17,7.390379099631373e-09,9.602273683046338,8.754841287648958e-23,1.1926582667591804e-22,6.226273388593244e-11,3.113795078530463e-32,2.9572788624552796e-16,3.0506775569151865e-08,9.691084195961622e-12,8.267345797200091e-10,4.0175698269411947e-35,1.6364109318411956e-32,2.5260075705748644e-24,9.050427559891139e-15,2.5205684109501243e-53,3.769609012779794e-53,3.3453943080196103e-43,9.031835831035076e-67,4590493659.232084,622271307929566.5,2.225674274370629e+17,2.6293056739546726e+17,8953031590805502.0,4.787503697221121e+17,7.739178541902475e+16,251.31308115624927,419781508375074.6,2169125108.218044,7399083.054298622,1.099983487634486e+20,3058265977074231.5,602949147725.0,57.6203943708264,14009853498.192778,1.900303481914991,1.5302013504924916e+20,1.681531565057536e+19,1058184965865230.8,245.2732944274088,5.779118415777017e+22,1.0643305172414086e+18,593616005315066.1,7265485140856.853,229750832397.00632,16996840317.51743,1215654877.261161,0.0001424523233031,2.2942976952665349e+21,777016481312251.6,1481632986510284.8,161577352619733.12,9.043456426967101e-08,6.674316555492654e-23,1.4652057830107046e-37,2.721141680270415e-53,2.2794235771349383e-67,1.4521522812577106e-81,1.137420300134437e-96,1.5346714971418971e-24,1.4993946038273173e-18,3.404372139146929e-24,2.5013537858271325e-18,0.0002378865267163,2.1892461024956416e-24,0.0001337784732563,24859071.91223882,2.2229798567553014e-26,1.3188442888909235e-10,16.95069707189819,6.453923309111195e-05,138177617.34178114,1.8079294215528616e-06,2.603078709475263e-13,6.113854343742272e-06,262770.8863166519,3.3521256823183718e-15,0.0009015917184225,187069739.5471751,475729330909.332,5.851361488771896e-06,174248.7021334246,0.0066664999941932,9.298059037992513e-08,1591239.0642230825,365.367772925545,970101823.3474162,2.4021242335566696e-12,2.676953631266303e-06,0.0,0.0,0.0,0.0,0.0,0.0,0.0,1.6049432734809852e+21
1294.154273453134,8614.835766152819,11.977089854125005,17.30028607697457,8.917411284763544,10.271678633380072,14.303641375603288,7.0668390250240725,32636921.46547872,82335284656656.77,8.42428825714564e-27,3.930717152808556,0.0368521419926665,2.0929986837789617e-29,2.740021551634123e-17,2.6912915933017226e-19,2.615033950291115e-09,1.2999653310073976e-08,2.5418971775033135e-29,1.914224022101901e-11,1.7393352514736195e-28,4.3514486998418827e-29,1.873660130232195e-28,1.3387308154042384e-20,2.8635882493759548e-11,2.546690204834755e-32,4.984974799742681e-28,579004.2262959378,5.609669505278847e-10,399701076924322.94,1.2756382778991691e-24,1.8746777233620571e-34,8.233741449889317e-54,7.93159522953555e-48,8.246710083764428e-47,3.0661143707356087e-32,1.4184443101598534e-15,7.64011961202842e-57,7.452855270202879e-55,1.013363717990876e-35,1.7908899593222356e-69,4.0473598306293087e-48,3.1592857876630246e-35,6.139400166800363e-45,2.3377206505076213e-33,5.5436472276898e-76,2.1607494256265287e-73,1.3205553468973932e-66,1.7968104441054762e-43,1.4295119357239398e-106,1.658037057758647e-105,5.709533231674759e-100,1.6349807974042338e-130,0.0060963539325623,5297356.995279287,960060758449.6436,1193851817565.8215,677121739853.4829,507502916813062.7,961497340933647.8,0.0003738169166832,187130017.6919006,0.0002250593260009,1.707385933008516e-11,2.2332295528162275e+17,1104557695450.5913,5193092522704697.0,5.659502416897961e-06,0.000725013226833,3.6292129604075816e-23,2751838130188344.0,5983296594404938.0,408012323313.1032,4.955340165185389e-07,149087296123373.97,925344731.760454,6687275.18611451,2023388.914257053,190949.6573837799,1.2457147407762729e-08,602005480.0125272,3.994294486209358e-05,4.8116955818887335e+22,7.565781824192309e+18,1984918402026723.5,8.96959997089362e+19,3.648051282814579e-11,1.8539009798244865e-27,3.0677235192780642e-43,1.348966823634482e-59,1.1793226580244502e-74,4.4939691569488056e-90,4.3502749112614325e-106,2.4732604468367985e-51,1.0051746618373092e-41,6.26928483120576e-52,7.981868671364335e-43,9.618692225365802e-22,1.9668017297355407e-55,1.3579590694919108e-25,0.0132904704645897,4.659907295851565e-58,5.704124914348403e-27,4.441467950719303e-10,6.555986193674703e-18,52.594844549201326,3.5490700538285056e-15,2.251226477632502e-32,6.190362988983391e-21,1.3064514490507905e-05,6.365597711961774e-37,1.4333924031961673e-19,0.0151033711030827,259985.23728216972,2.0858560933059462e-27,1.3235374526049076e-11,1.1114982905060739e-21,1.1656756286220847e-20,0.8616097610474588,1.599344267721428e-05,154900.28775732746,2.842664078122294e-23,9.865846022394333e-14,0.0,0.0,0.0,0.0,0.0,0.0,0.0,1.604546867519689e+21
2349.6312089353673,28953.821989513104,12.024323610406562,13.738266226061857,16.684834513745702,18.522332661951552,16.663356527428682,4533631.613692469,5821035131081.881,135978598.2655131,769311378066.5715,34442944271152.008,1.8670614759485542e+17,249368080.6821192,5.014391757215304e+16,5546737370487684.0,16610730592.808908,929589422.2158884,1100470.8768295113,38837.045615049035,7259.64006305723,3.62001138751952,7.915885463262993e-21,2.4969638875319965e+17,473081024627.1136,9757458366901.771,2087337581455073.5,2.8165203779290547e+18,7.683308585443083e+16,1193486127412.771,7.801191561991741e+19,1.1558703609043516e+21,1521337845981.7876,9415473389895.67,80033585808.352,0.0022331542384223,2.087682975450568e-16,2.0996427373255124,2.0260713638606395e-10,8.222944348484156e-21,1.1532401619884328e-33,2.4546457943850448e+17,61548330787620.62,4.087409950437292e+20,3445501480292.065,360477467140303.75,56346677920534.77,8362325535879.228,41478754455.71167,1400285254746.6482,3.227019775734907e-46,1.258550969940422e+20,36479803072209.15,9201211396.800611,10035.676902968324,9.977832117017404e-05,0.0001149343973409,5.521046935192675e-16,2495370.793842935,6.590055396290634e-05,144924874156118.38,70873271413.89664,6003733.344852877,39805.33146581513,172148.3084575245,5.8412194744764e-09,2.6175435883868434e-22,50239925587.19735,22707.056415706345,4.847096813138849e-07,155805022017.05182,2.1720735498984345,7.183188491844366e-14,9.128946405797907e+16,8.74584294728931e+22,1463253084.933633,6.714351701438864e-14,9.956688673857558e-26,9.804336906131189e-37,10843038900191.932,2094882179729.1572,804650567431.7144,137.801159290465,6353431.0777271865,1.741156760420593e-13,0.000103642452884,2.222887113900192e+19,1.498400284534751e+17,2922365321194968.0,2774814306933.5693,177009407791.83282,11390826334.464602,62196474.17411818,43.28911967601675,1.4759040456485533,0.1095072955619364,0.0039283471426566,48704.77116433002,74.76303480507536,134833793645.05038,1.5748412349005652,1696461.6555506983,0.0023901355858454,0.9955097549693508,1.4677980426726116e-08,4.240125468756718e-05,30783.874321106756,3.763159789099394e-08,1.8787123122291005e-08,5.297283425219834e-07,0.0005939138110844,0.4437854315457711,49071.230665859715,1.8208598386922963e-09,8715.317279580435,1375139.5272330863,0.0002873168762255,4.719821897573605e-08,0.0010283241906834,2.1742808704381742e-10,2.155667587539227e-11,671135574.0941781,29818496.427631143,0.0,0.0,0.0,0.0,0.0,0.0,0.0,1.5917295907949466e+21
2353.904113773808,31518.43988881947,12.002723458796517,13.31047688309311,11.550909023215825,12.85293290619165,11.973660152426316,657536367.4712856,5852602812823684.0,2.855555755462616e+18,4.186927474279414,18719901727382.984,356578065641.10016,1.3226832091009932,132714739.8791989,14759150.138526252,883406582452.3633,96179551189.12337,5.642821160285173,3903573288.440199,35.887474398929314,17.28229296693806,15.861083714552032,688932.9898425363,26154615172.461857,14.22339681064058,3012.6244947781875,2.913468957986272e+17,14786709003.448011,2.471991332768159e+21,759.2238425387336,0.0206678451736591,4.26792446298708e-11,2.518527240523555e-07,2.0635310768517262e-06,23.32268882768803,877223197.324399,5.174704125613416e-11,1.0164013630067967e-10,1.6587328729596282,1.1472615966185097e-17,3.496063569301846e-06,17.42683223600639,0.0029632307093298,1.887630421889511,5.13808103016174e-20,7.719455305460117e-18,6.315069635751601e-12,0.0022993936042582,1.0344050711022805e-33,3.406643171679144e-32,2.425025679147958e-26,1.37580078217502e-43,4875985089653.49,1.0662400326936102e+17,2.143875577527573e+19,2.4690831069522428e+19,2.4256465183947443e+18,5.063127631403107e+19,2.737239032790804e+19,269386349656.12244,6.879546395019062e+16,3086776869690.726,10682803679.800442,3.35331002746162e+21,2.36191033631895e+18,7.89006354216334e+19,90664055995.7886,11260941414791.312,125224.33546576709,1.677642861738052e+21,4.77927083339935e+20,3.262039316814388e+17,90794314538.7294,2.366882180329255e+22,8.203729735617198e+18,1.589767813640382e+17,4816895390949863.0,975237214043722.0,1589765308071.6155,8.009826833307387e+16,57015096120.75477,5.805286225591128e+22,4.852705589451765e+21,1.527508553018525e+18,1.6124029672912873e+21,77998095.97478664,0.9813666616498474,3.5719199676835544e-08,6.305095397021143e-17,7.498213956285877e-24,9.013699800559024e-31,9.16926972638918e-39,1.8018796374737746e-12,1.1487887052411902e-09,4.416328995868441e-12,2.9684947296953727e-09,37488.5734215671,1.6189066816563548e-12,51.98902810128587,469713645036.0969,6.636830066570385e-15,0.0187685372322021,143796.3310156944,2317.6790280337577,122410432102.89362,8100.751356505875,0.000290199883818,2.699841958898522,75870456195.00905,2.5425725457130487e-06,34.91044796175125,3968633404432.602,56737022810849.13,18.754842422833818,54617109.44008498,12507.15746031536,7.7418536014376365,3082781668.2416058,705532965.9382474,1308638868515.329,9.722143038996856,8084.534502925932,0.0,0.0,0.0,0.0,0.0,0.0,0.0,1.5594395264416015e+21
1824.790540564795,53957.321780829174,12.02059864719663,13.048617562966232,13.039812078109687,6.0009342984526475,8.690892812210146,2832774923.5212126,2.1289000846786268e+16,9015227132.283882,109058245.89294444,208144.20800719,4590451160618.678,18439579327.26634,1.7577301952841766e+16,829986364293970.9,429694885843936.5,5.5370222712241446e+17,151552827743332.84,2.0375815341161923e+19,2.9259901732613166e+18,3.278650577345081e+21,79827093.27987324,13480301186.973091,2988381882.752166,0.2940672553553455,305.9556404760292,1.957146825286952e+23,8.78943871161869e+18,1.0987364175261993e+22,9321408516392842.0,1658096011986111.8,170961402.94548887,1.7972052311150836e+16,4.656863694001142e+20,3.795362867299269e+16,35331442738406.32,1.2249597130342662e+21,1158348412504719.8,426768492117463.25,278358.3130515358,8566673833.977897,838798192437.8365,2925239938.9543505,2703112251757738.0,309988170290.19415,2.074411001195429e+17,1374747.936529016,7.9862834504959e+19,433072066.1967957,1495.4030944309727,570710501.9712844,42117079210.67179,26682237.974292748,3073722.526672821,832.8547703394075,986.178661031809,2.1844127139769913e-05,333793422572119.56,34596216.76270548,2271854461025095.5,5.9029282768128193e+20,18470855698.630943,466.6561928044014,1.296171377385804e+20,1914791081.52232,2648.4010931981948,7.569764799768582e+17,189607684190806.84,190.861902230863,648320609.0442128,46.76185743493899,1.693235643851086e-09,12041730.620421303,3434594813830.066,34.56553769300922,7.129507275423727e-15,5.767111461027335e-23,1.099922650350886e-30,4.520956366892022e-06,6787183112594.564,7749725708.350788,870753066.3969822,3874394796773.355,0.0002856359480738,553709.5979615122,6391100300389.409,41797005.03051781,815.5721226668328,0.0014172972684631,1.0706644053363996e-07,5.995734790829973e-12,4.268608524803375e-17,7.586985416291209e-13,1.1475356681140538,2.508927774000249e-09,2755.192642082789,291278.9739460489,8.36701100702939e-18,1534749882.9483302,26242878798725.387,56820636.36136675,3.9044325203780627e-11,9704356.15953227,1.555339819819522e-11,69880295.1833353,12606240025.680578,9.58162065008732e-11,3648.565408965791,224905.57286992169,4.1756449042079395e-24,2.2034110383620333e-06,4.429774536644355e-07,0.001023590387203,8.976659396763092e-20,0.0049347866162019,7.718119176619188e-23,1.3771889432518009e-17,497.5061821103049,5.5036307948796926e-14,0.224808105518161,7.580651363010423e-06,12911574.80763549,0.0,0.0,0.0,0.0,0.0,0.0,0.0,1.5470485736127165e+21
1839.0814648382225,34545.10949491977,11.99972329114111,17.548420637205496,14.185709644620555,19.06648757003926,20.46493315409293,4018962.465451364,309493521577.1972,185159209206.01816,2.1388886183904248,15865331322.805174,3.4810536261911514e+17,0.0044214288241046,200180346.00982565,9737326.886269582,78681999.65012112,1813740.865107379,0.0004251584096329,800.9732106583793,9.44970133814602e-05,1.2299241687464023e-06,9.610201432089345e-18,13712511.02636843,48077207.54082034,19.45814428517159,19156.3380374388,4.545951658900094e+16,1.3354646218285117e+17,4.018104311881973e+16,9636582040494.83,1.0464363349359469e+17,4.8679264647474447e-08,5.540329885675004e-05,1.6497048210215837e-05,3.5584480080170873e-07,8.37902752087221e-08,6.7141732116979255e-15,1.094407648428312e-19,1.0262255219347819e-17,7.843389862479721e-38,0.1273170911772746,189.26535269140257,2302.5597798478984,10.556055000759102,1.1849372057216965e-12,9.02975256206719e-12,2.61012555647324e-07,0.0638655421474039,2.4656113066364338e-23,2.1605729822880752e-53,9.45104857948608e-14,3.2959641404671687e-29,24946399.846394222,45632054.95813936,205700.2170948028,243339.58668268204,0.0953909361025217,80003031151.955,147614.67948638552,2092325702432505.5,99726846226.89412,206003.4057262856,316.60802944861325,349707438828.4369,99.25313380731195,2222.623233564207,8343520896162.303,24404.993376129092,2.079798547657684e-08,735427509402929.9,935371073.508752,0.6300037455812355,5.493706675367529e+16,1.2304892674288313e+22,2352225440074.6763,0.1605035454852799,2.2829216798844692e-08,7.945954400834114e-15,1208781164.8665748,8.111576813020784e+18,5.940322180797503e+20,285064523582.016,7.205814957211965e+19,1.829690406613009,178232379246225.03,2.9637924620638064e+22,1.291976258348242e+22,1.6782829094523818e+22,1.901522333331352e+21,9.50677231011855e+21,3.5601393529260144e+22,1.6721154166377956e+22,1.851307186958953e-17,2.9646857748079784e-11,7.251628342258778e-19,8.55316012326049e-13,0.0010183721141451,1.220614068112331e-17,1811.9613906408704,131467.99598689427,1.854946743661935e-11,7.926690760558416e-13,0.190587948558596,5.102378951186254e-12,21.45322386560887,14505587.223431064,2.4802074638892264e-17,9.813753048191312e-10,8.558116167106147e-06,4.657669698409552e-16,0.0002363696961853,565.9221902497375,25.547601287144275,4.955523473213499e-07,26855.108054327426,7.099412448446022e-09,3.952072084848912e-13,13.32857695801553,2.3316056723489605e-08,0.1010936081811286,683.3126790262432,1238674214.6626592,0.0,0.0,0.0,0.0,0.0,0.0,0.0,1.5115344664396877e+21
1405.12592049275,9828.183332170092,12.031537140642705,6.757494173328802,10.122132180529425,14.98667576868917,7.4536329125561585,5584863.262992506,85361566556241.1,1.1810602640037469,0.8240142059435147,2320198.870598029,47763230.65693896,442.30189948641873,3.8060249945561344e+17,5727749918581729.0,15290612728.849789,11303567.659733228,62109124.728590734,2731553693.900269,38627134163678.25,9.94944585223138e+17,1.6431868134023552e-11,3074812365.0228057,2152.744517087544,345.04855787522024,3034293.755711407,302566151342026.44,43822737.24855136,63996877.33172725,873559987.1577722,7131084.870130093,0.0010428109051242,37675618.78080306,34256691668867.383,0.0030940502768401,1.8327562034531712e-17,242190367033041.03,26.524754273136136,4.9304301866279005e-11,2.6886800720664352e-17,1281672.5415738465,1856.9198488901775,6052275335948.796,12.531997970519608,0.0302022708888484,940730.6688264448,1.1035632065816867,0.0781962881963141,1.37429140635213e-08,2.873263020902889e-36,878175.6357549008,9.093610743816229e-09,822294072.678317,251.5975805461423,3.08168902522381e-08,3.7817018335239904e-08,3.515928575563936e-23,817117.34887117,2.7942133290732924e-09,95876956397.27396,5.182167874318189e+19,4628046446750.192,7922180350.128592,23917467021697.383,6.30210350937161e-07,4.134601276251088e-26,230696057645007.44,1.3986650521092485e+18,2139207319.8909488,228457.13758959813,7.825670484502964e-10,1.7721996246178623e-28,12629454.887588138,5.059760726477368e+22,1415.0474068891365,6.129079728074614e-29,2.7266051991506305e-44,6.61002016028702e-60,1767773.1001125623,248.26642224691213,0.0018955698978173,2.588331247887278e-07,0.0008201438421547,7.43689592432451e-29,1.158620524383622e-17,2762101.5154816243,0.0278188242190818,8.873506462149725e-10,5.5943465617154644e-18,8.663698952787246e-25,6.740692327495438e-32,1.1073471045878978e-39,1.0076703879483024e-27,2.8004617385313936e-10,3.53282552632851e-23,3.913410887889303e-06,3.8349000557878345e-10,1.4341926185842318e-27,1455770001.805038,0.0010765240676806,0.0023112732175837,3.2512025581598627e-22,475.6581280333585,1.7189726879432167e-28,0.016175340608163,125479.1995077984,5.052766436840606e-22,0.0072608463653584,4.249394218804556e-07,1.6006957769270732e-32,6.22718038662496e-08,1.2569354143078662e-15,4.449028875878895e-15,6.293401276337193e-20,9842.81882300663,2.3105888673315842e-29,3.67199120241224e-36,3.063011317034344e-09,6.316440684760917e-37,4.319871809805858e-19,7.994861267301237e-17,20.452460593645345,0.0,0.0,0.0,0.0,0.0,0.0,0.0,1.4686360305205051e+21
2617.8678602528203,29651.036996039104,11.9840254600471,10.605447582546574,14.983513786044512,11.628847860021848,12.76011926423137,46956498022.13994,473455070316172.75,213809743.89246368,809136241140686.1,110103845701.56224,8.707057745484744e+16,3693681822864.2817,1.917029856514579e+16,2865730681622943.0,832737901.2865998,337264565725.216,145003025179.54996,165887650.9771461,7309401441.001746,30778268.972269703,1.006478400961654e-14,1.6569087745197678e+16,3518550542.0790415,420807805.5542409,51437610482.05446,1.6756204689863647e+19,4.907457666484057e+16,765320750628.9285,9.346362216232532e+20,7.321514572856854e+20,7.864915271787818e+16,1.996887620275431e+18,1.2867754875774666e+17,71.27458620662148,9.431683889583225e-14,959456565.4339885,0.0252371688649611,1.3330854019023984e-14,3.137595516746934e-23,8.715508835464902e+17,15497729117537.654,1.1540476766228035e+17,4682885354721833.0,4.0454831913949325e+20,3.996518655645029e+20,20676566813.187077,97741721672737.2,1.0600239859922962e+20,1.9389642693039953e-34,8.8126657800951e+19,7.931545863295372e+22,423815496.86435926,53.37355715760447,1.0024427161113273e-07,1.1429455648292845e-07,1.9510765747439585e-19,33802554.92092855,0.0003347171680099,880189955470135.4,47539489567111.7,3019290.92292271,6.593885148164612,14036142.451526752,3.923922668488131e-07,2.1079577914332058e-23,3461032784202.4243,89848.29603018812,3.4092802006308386e-08,29285734.24542432,0.0001383427452775,2.7256066766664893e-18,12227614532619.682,6389453352158087.0,78.70096896824477,7.8415844198009525e-22,3.9393916434927735e-34,1.8564045760185268e-45,2130.4249317838926,103942727164.54968,3414880161.5513973,25.85201175662738,29652.84673201411,3.2158985847941865e-14,1.3675122552271888e-07,5.4517933273417274e+17,473023179997033.75,1176262039166.8577,114426493.72980107,876830.9743552235,7622.145785351608,4.812398674455618,1542.3508981559448,7237286.665497259,39.36770522670737,215853.26026592296,125798.11881934252,0.7223586357029129,11279699787289.309,6906.329457521997,98283864436853.64,0.0215114325925012,486834.0955000816,1.7989366333453354e-08,2.001168148327612,486612985.2255687,7.34082082686194e-06,0.4143695268373704,9.547834375430728e-06,3.392635888921533e-07,12.971222049624831,0.1125053741459115,3.0951562853726587e-10,0.0001944398551877,2011.7404501542017,1.2274216326510228e-12,8.254901911854392e-09,6.790301919696672,2.059770802054929e-12,2.8836300520478248e-08,6643443.47968215,42628261842.278046,0.0,0.0,0.0,0.0,0.0,0.0,0.0,1.44399745791892e+21
1993.5871558809297,28435.71307359432,12.01552290473001,12.315793163818094,5.494656826332486,10.241303609321456,9.138898678752918,54471889.18617787,860684522128346.2,2.9123898883180774e+17,1.605848260021555e-09,37058495635.35175,17590432.068700414,1.6665516731918391e-09,1.6384706411683785,0.1069050144806248,90068.92323724659,19045.51812614071,5.2008936494550535e-08,3517.007643055756,3.2017623334345076e-06,1.2619084394943622e-05,1.63770548534391e-05,0.0005335995211298,222.62836293674175,3.6979638840852167e-10,2.108808274726696e-07,231303863437.33228,7.99589386275226,2.3278650130574004e+16,1.001328398433254e-08,6.45731543256469e-16,1.401659543827076e-27,2.4083086831070633e-22,1.953778781277719e-20,1.0368407463758016e-11,0.0385792432478027,2.8223191805576515e-24,1.2838385804292464e-23,2.0107868225769328e-11,2.7410821731067066e-30,2.0283814767546873e-22,2.3873455375710095e-14,2.34375947340858e-19,8.834687079734328e-15,6.015977350996791e-43,1.1321015098171975e-39,1.97212154274884e-34,7.870886456520285e-23,6.22426770899125e-64,1.1960947985391377e-56,1.3965461687358849e-56,1.862192444431356e-80,30177924518.445175,6822767955518486.0,6.039805219394763e+18,7.078403581629501e+18,1.0047570704846396e+18,3.978370557235011e+19,2.8144318070358303e+19,49644725.97453791,8.412045842200795e+16,98046473824.73515,37939809.20521408,3.8533088148264625e+22,8.924819125842356e+18,2.995814037106492e+19,80492400.15923575,3298805623313.77,1283.3795794138907,1.116279277205263e+20,4.953208030776228e+19,1.9786840838530576e+16,624564.5060848792,5.617651902618678e+20,7.833320337811515e+16,1201587660105537.8,58172361703729.734,9918480321356.742,105143538.15249436,47002335774500.984,33231.30518273013,5.7502157870820474e+22,4.228282037665577e+19,3.605584282111833e+17,3.036520153629423e+19,9.022139028123105,5.566493538835177e-11,1.0116232132812608e-21,1.3039203205506449e-33,8.605031733167838e-44,4.718609661062148e-54,2.833171917892297e-65,2.8531657801331694e-25,1.4407582595479904e-19,4.097852424429967e-24,1.7478847087458286e-18,4.820318372596281e-05,3.980377649670017e-26,1.3023642314863488e-07,724846.969150152,8.744621426390554e-31,1.4191140268469292e-07,4401.505666812185,0.1339773440211223,52306199455.21518,1.3135206758921305,3.377896817542267e-09,0.0350021760267271,4601962514.218105,1.1129197556383961e-13,0.0068753581398827,657894923.2623031,5119604544993.142,3.859278438962982e-06,32501.235500849747,0.0110266344593234,4.022364145317157e-05,123090726.98292224,142416.01096000915,199711150224.27,4.511332755872856e-07,0.2714236096657607,0.0,0.0,0.0,0.0,0.0,0.0,0.0,1.4115989225004364e+21
2458.9942645587703,48527.884752416445,12.022420390951837,13.066940579925191,9.883400664902425,10.18978687849169,15.185635288883038,41830717213.694115,6.604533511506479e+16,357418540356785.44,716106.8258422082,513555750985.7851,1.6904567108428057e+19,1228784.746998357,454286533385.2936,57280208762.38134,134400343007.034,1975887952046.8723,23528987.838415086,404045293778.4289,629991571.7481201,1330872159.0610886,5.9694584227056104,630046770.3552898,995386398.3276716,183.5868435817353,30794.89678016037,5.986883153549883e+17,7.798222491459145e+17,2.078746694155927e+17,1311706841354729.8,6.823955546428422e+17,0.3484445517969055,6679.345654789625,229535.64105005143,5490.784959012801,375.4962238592602,197.20416027408876,0.0233247858751805,0.6772795487603447,8.442542656769067e-12,157.9901382939915,27162.29288986408,787.833792551703,350464.2151464028,1.4258678183588177e-05,0.0083722087350203,4.061791241127698e-06,523.6013535834873,1.5593050936812213e-14,8.70684812053543e-26,1.4820388455597454e-11,7.906950999623689e-20,733906656879.9872,676460044313.7474,7032123581.684424,8064656405.013793,53294.73939454032,2.8073480755178316e+16,1044195398770.5688,6.71811384554739e+19,3.377201711974943e+18,2270065370943.379,83522087.34360355,7.090301832582393e+18,476744830345.5912,674173917646.0029,1.1222093398823295e+20,35286929088060.6,39610.97389435613,1465505876272823.8,27545435497.983532,1567.6791145175428,4.327162336274488e+16,2.2758775827813427e+18,71842947050.6699,7.900968196855835,1.577131936145312e-05,2.4335313994150046e-10,3894397.0540275383,1.5472738512797395e+20,2.5748112428520524e+21,310558036391452.7,3.627852544740827e+20,840533.4214032937,7371956129632480.0,7.058473936046803e+22,2.4592187115448276e+22,2.4688787975713684e+22,1.0977585789491517e+21,3.512426575519187e+21,1.1921374965498252e+22,3.212544314171047e+21,5.5466463174225255e-08,0.0089811175163102,6.430128982935285e-07,0.1149049853392742,72365.17169408457,4.889529678382267e-10,1261675.844399064,2119759670.0334504,0.0013683324349412,0.0623946496034745,82479637.55036227,0.3480637916949635,2748852021.355754,72592839127970.86,0.0062701445062047,13655.73604233398,113820149.99921411,2.5086561561966058e-08,57.962375397957665,407824.82295980747,118517.95845691494,0.0008103298407246,440456.95010366826,2.81043132999996e-05,0.0002860873584208,16890839.699307032,0.8022669415776267,382037.2617121933,68279334.29098684,14717915721044.39,0.0,0.0,0.0,0.0,0.0,0.0,0.0,1.398486061182116e+21
2845.01772355607,27477.850273297736,12.035822445655484,15.723627808016705,20.13909789729211,19.594357389092583,13.705697666024491,17556511.317726463,16482651719.085615,1495745432.3835216,4122622523162846.5,31534115992122.387,27447951108344.18,193467124.24469432,9957128942093.084,1835315919437.035,536004.6553578939,6753975.453642918,56.45202356835339,0.0302312107189108,1.9101906723053952e-05,5.806719290213984e-13,1.2731250150688437e-33,1.5622913449096978e+18,369270980576.8772,3758628893543.043,311046610021258.94,1.1703668766210257e+19,3917327521860.455,580790723438.329,1.123231408858645e+17,6125479933582.025,2.408348842095022e+17,26621455553652.715,11480098.88399804,1.011025537514526e-08,1.815736972679033e-23,1.165448919551722e-11,6.37306508728703e-22,3.922285785215749e-34,4.3300430103920785e-52,5.261162639912665e+19,741957139485964.2,1.522307275655886e+20,5809736684894832.0,4.1873271087110586e+20,2364623299476239.5,24487821712861.84,36326847922864.12,8.346253497180396e+19,9.244442426333984e-64,4.3281969100228825e+22,2.593507042792925e+22,1264261.2700871928,0.1805246958794898,5.44792689487333e-10,6.165930787193934e-10,2.629003554517965e-21,1716.6159517303774,4.4040854151057245e-08,2692080.3537510815,11652.508449014622,0.0774535743725775,9.987059342796744e-06,0.004040040283135,5.081239708469117e-16,3.5534452263785726e-36,0.0935928794921446,1.5802792985623296e-08,9.353579959072234e-24,5916189617.592688,0.0673490518783151,4.766271415317493e-15,205477298468.80704,1.6602707702229596e+19,851328.1084773495,7.695359095376432e-17,9.390262164248923e-29,1.353624154262792e-39,1421791851.2673633,35057184.912038386,111.40599397074418,209.59638796946535,9.82829291154076,1.32464048731175e-12,9.648372221808379e-11,11848505566.49553,1330.513454168306,0.0004251563042466,4.552202778615283e-12,4.3007760073330596e-18,5.023917800086003e-24,3.7996899493595486e-31,1280405560.1331291,7812.411022573841,265.36930152600416,0.0020119343499794,138280.4625959801,30781043.124463655,89875637161.02942,1.4431978137884027,23503046383.951626,0.2793611442061856,0.004282830083835,2.964061324650357e-07,1.7532225630228287e-08,0.0002072856740063,1.325567399743864e-09,8.459346126137728e-14,2.692159067366801e-15,50.67708072031002,1.2584037418840457,1812484.6811369397,2.1581397506584558e-11,384445.71971401846,3065.7903504053797,0.0039291796045033,0.0216200547741559,0.0093387149375519,3.5935217032426847e-06,6.652875610801138e-11,246173874.7766899,2118.7552216971294,0.0,0.0,0.0,0.0,0.0,0.0,0.0,1.357884934891322e+21
1592.994512748357,35811.157960262455,11.994657142529002,7.745511356804692,10.302455646320716,3.795825912068716,4.918948134289266,63863728971.04977,3.91386214127473e+16,38480.25366347582,2.1071982698446012,4.301662289045154,38801205.33910592,16861.80630953543,2352804476.934213,63664512.498552,24224.129337613907,4491963042.060709,14914740503.11978,11119814647157.82,4.209479326563636e+16,5.843994859062056e+21,0.4417104542915693,7.306829600688395,0.0009337114036453,6.482751275442327e-14,1.9035375496965927e-10,485597553353951.4,2979057.168613471,17117498497.048763,1385744.1047479445,122.78156088520188,1.7911096020836405e-05,870881.1001660196,3426693401405.505,31.90077303363975,7.968034573074762e-09,1.059353902606915e+16,1153228.67327272,0.1011517172605534,4.602144759951557e-06,2.2574859988818284e-05,2.7181487016767364e-06,1.4706976079900526e-07,2.358469999179005,7.583140477005379e-07,89.51098059209332,8.601262861425307e-20,0.0018666282361181,3.631298631904199e-15,4.11286032514517e-25,8.879955543118426e-19,5.375360815048062e-18,24463.619352794736,1.4998422275472103,9.085827464823257e-08,1.094810729011017e-07,1.7030619642769795e-19,160500521729.61002,1.042518120057651,1026302521544.448,1.321196585051705e+23,1268658603.3966532,0.0457597678123559,1.38236949339364e+19,3079.966001774382,2.3454656237378264e-13,2.414376186492824e+16,1820052113144984.0,11.018803864267785,23.911514070106936,1.2908781854537792e-10,1.295657030608169e-25,0.1774461211670908,12568332.422008997,2.364778921219405e-09,8.580088502532667e-34,5.5340627582767375e-46,4.1533791706370906e-58,5.15414732363249e-16,35064.29133820225,0.0078496568478398,1.8362997641488408,15.553389820454464,6.436303391539034e-18,2.3700402741678636e-10,25821.214121043828,1.615040930873102e-05,3.09419662879525e-14,7.791649130416641e-24,6.45271190733866e-32,3.271083461256149e-40,2.7066944133680654e-49,1.5796714025800423e-26,1.976264206218067e-06,4.458513474408207e-21,0.3055288932375202,4.509761248812015e-08,3.4213598075252807e-34,791.9555057435291,1742.011321698658,0.0071325680465871,8.898131399837557e-18,991011819.0849626,1.3519744653513309e-21,5057528.939132788,1350033462.7199602,4.710221375029836e-16,2106483.2376115615,5.0437568889055155,4.454229055822981e-36,1.175292945940221e-09,1.135587745572512e-19,6.952342805909172e-13,6.461634677029864e-33,1.1173443291451257e-07,1.2070751568567432e-39,7.216147550542519e-30,0.227324822860343,5.982049466904405e-29,1.9292972653165145e-08,1.6221748943724547e-16,20718.41893697976,0.0,0.0,0.0,0.0,0.0,0.0,0.0,1.33299040246015e+21
2588.4862268214274,24184.706426386627,12.001774954996916,10.628018085699637,14.99000864742684,11.623769208608053,12.774529659269897,38938613283.5297,385699329516369.2,141545069.4133502,598010032672593.9,78886913792.01097,6.908274450719752e+16,2646312483117.452,1.5881436720253322e+16,2304230684293852.0,584392414.0710624,241888296495.10715,105434015095.11395,117377846.15290904,5474441979.336461,23504716.602971382,4.458692894788615e-15,1.2957209225750772e+16,2367068658.508509,276086919.5929313,35675186692.833954,1.4342815738120931e+19,3.853460216910138e+16,565632107826.6948,7.925254639826035e+20,6.110873321564912e+20,5.823651615822339e+16,1.619965633661059e+18,1.075903810542577e+17,42.3270838500753,4.0944313467826014e-14,727268454.2942408,0.0150618070162667,5.8986548746063785e-15,1.2107057916852473e-23,6.769019703760732e+17,10849756038719.318,9.265174526280528e+16,3444772347974197.5,3.2560848526530426e+20,3.3829122630396386e+20,13687609233.10674,69493244262024.516,8.274546998159858e+19,5.74856234173109e-35,7.077219358068602e+19,6.540501003672931e+22,293749176.8314695,31.73592603040725,4.8676735878339184e-08,5.555662156439562e-08,7.273720022852896e-20,22785714.63322445,0.0001721388318664,682405319756876.6,39605798943646.414,2080690.2546917875,4.078159951667754,9981392.719302528,1.9684123886316826e-07,7.26451208683303e-24,2657616053464.6206,63588.56468261221,1.8361350871170425e-08,19253483.661471605,7.009975378554073e-05,1.0060618221321652e-18,8830273111008.414,5359412180428546.0,47.08814676263215,2.615895123907329e-22,1.0123139432694291e-34,3.553391511498736e-46,1301.4222039132303,71331132978.77252,2200120188.607071,14.635518329324624,17816.350805728885,1.2620212526335598e-14,6.446604792270474e-08,4.261714901234443e+17,333203674435397.44,747360915832.942,67027376.04262407,466021.5667931315,3631.9991432571655,2.0888276302608255,766.9863326884827,4805285.606305516,19.620961685762037,142270.47133359817,70877.06003289924,0.328777629565209,9027538527339.955,4415.940990570615,75340583460711.31,0.0104816473709949,347433.14628522494,7.399018612900395e-09,1.2476167764002803,359452420.8120143,3.3217627333014865e-06,0.2553328019649928,4.780022344455555e-06,1.3862306395031342e-07,7.809190511737744,0.055088015084169,1.4894517224030428e-10,8.816787594051161e-05,1311.5254953467302,4.539633466015155e-13,3.266971478885365e-09,4.0810776543665,7.54124682382139e-13,1.4061196621514646e-08,3715218.545410817,31682604326.087704,0.0,0.0,0.0,0.0,0.0,0.0,0.0,1.3247656839840347e+21
1375.1903962760066,5919.03305624382,12.003843513755497,11.960393774226622,8.147397431999643,16.077152947429976,9.672373950011824,19171.065653835696,11007558796.171642,1383829792058.6855,3.491328749875922e-19,755272.7446458155,139.2202421983852,4.550593542197603e-20,7.160508321640037e-05,9.669729866928076e-07,8.252160428611562,0.0060214300334254,1.818671757813107e-18,0.0003788263311638,3.421476150151608e-16,2.5828204856669605e-15,1.606747548811773e-19,1.724835519086153e-09,0.0036912915002977,1.1298722072277346e-16,1.2171428932042913e-12,1114647337.8396711,0.0008135351939839,732859592710169.1,4.059877112878873e-15,2.147258930465934e-22,5.6103360673681806e-40,7.675661349741854e-33,2.131310374069358e-30,1.4606714854727505e-21,7.730711526945265e-11,7.842206820361725e-37,1.920041908866858e-37,3.1319100808488484e-24,1.5097316107148933e-50,8.978965522796845e-31,4.5939459084671016e-21,5.2237952261375155e-24,3.463994870697239e-23,2.730636724939291e-56,2.6581869802037577e-52,3.098906156249325e-42,1.2759454815663784e-30,1.4567092483278026e-80,2.716010605418173e-80,1.2434354582921986e-66,1.5010179830520773e-98,64090.32998164556,58862924279.55008,18333887431684.555,22574252569508.293,42619374691.83163,274591192558169.6,1861308835986.9656,69.3986669039533,1945265576709.1208,95704.2331325446,122.06044824241252,2.6323639579653714e+18,104431925556.58543,334176925322.93677,43.83417874081438,8678536.477714341,1.5062460119639265e-06,2.818617036591495e+17,1981026677051332.8,761394790.1043108,28.414265047862568,3.1170585533082623e+22,1369394293089735.2,199595692.42537257,185297.79216091288,81.3964379009141,386588.2237407187,2229084124.1915355,0.0916920780964809,8.96059572507953e+17,2.3804392531855256e+16,362174717.6205448,740490243061444.4,5.152888893020619e-05,2.435230124216195e-18,3.6696911888555765e-31,1.1783347737527197e-44,8.807890931545066e-57,3.1902095543314985e-69,2.5573702273775924e-82,1.5899183301494754e-44,5.282582724660257e-31,1.5160091655174776e-43,1.889856768833851e-30,1.3317557243639017e-17,1.7887715406876632e-44,5.754790388238553e-12,47.44882258668162,9.162652094788404e-42,1.0257289789564166e-24,0.0002490443100562,1.521663639769553e-18,26784.327273549596,4.864444053514861e-07,3.323622001004191e-28,6.112997347043229e-13,0.0005571713423734,1.0753290499837152e-31,7.092053821191836e-11,0.0829113040770404,61085940.190931216,6.637762908105858e-19,16.0814068718718,6.166183991509733e-16,1.0505796862235448e-22,16.552746762009026,7.052272171803958e-11,5718.592337997456,1.0240888471540091e-20,3.072899500860585e-07,0.0,0.0,0.0,0.0,0.0,0.0,0.0,1.310823704579113e+21
1243.7595202604068,8354.746600194158,11.97564293502497,7.916682526246968,12.18366915941879,7.278244214406509,8.854977432559249,5521954.017408816,102469505094.30638,5.303667113952291e-05,2253.161756321931,0.0040101820309911,2963383538.5790224,63207.75669584052,2768770639043426.5,21848986288723.414,1041977.0400574424,509982378.667521,1194213203.6318605,9768883083.96288,143910721874412.4,5.947541185666766e+17,8.250499077040022e-18,62274249.926010974,0.5984530601606769,3.94973875987947e-07,0.0116646256143703,5.73081513909057e+18,1356570775797327.2,18383658287.063923,3.998177426284419e+17,2.3857640667276345e+19,5422537.524459017,1.4491691563904813e+17,2.709634635416814e+22,133.77224506856027,1.1374507349147827e-16,2.4870986748113817e+20,57902.08947490925,1.4072806694244162e-11,1.4565108620190317e-20,45002797775.82611,2108598.0358746424,1028848073731.1248,19752612483.607475,1579051361286354.5,1.1586562706304362e+22,1718.590802177495,39241067870424.05,859353882657924.6,2.0799128273246505e-30,6.040569025750209e+17,3.6649057598551816e+21,0.0681910609302687,2.5602251205278603e-10,1.4368836839633021e-22,1.7989854143029061e-22,2.0056432970308323e-40,5.160521394362942,1.8269283333915105e-17,354879152501.84454,9555374060167062.0,33.97992803728577,1.4068444161123044e-08,46901929.89708446,2.4902874867776283e-16,6.189331177424373e-36,71019449697320.89,1897194.8112566625,2.286825811675415e-12,1.9407355548945553e-05,8.456147960569956e-23,7.895632438517926e-45,232.9981297126607,5443627392.84668,3.9538796064076795e-14,7.305098282336983e-52,4.5997371267262264e-70,6.774173976001819e-89,5.556879569484858e-16,220.2112078674323,4.076640934448097,1.295754388838113e-13,1.3898815084969186e-05,4.9990224416418844e-39,3.8144334889771623e-22,1158151129746.0408,12430837.5397401,441.1402982995393,0.0048418367732964,9.480360314540264e-07,7.52519790938131e-11,1.6675914080949529e-15,1.3325751652638658e-29,3.5330876670041856e-06,4.792257683598749e-26,0.0035090097690538,2.359836076846066e-12,6.504578488030347e-36,2099053553.3948455,0.5977078015074508,1115484387.9200923,1.543620960919743e-31,1.5211370742255017,6.673905457134651e-40,8.626356634956328e-07,6411879.923651632,5.056193072970545e-33,1.0414022833361185e-07,1.089809127014569e-18,3.968769010435007e-48,1.1807982761821714e-16,4.454657057443403e-30,7.198732460881383e-27,3.19175190626443e-40,2.2300686817917783e-10,5.217480052754212e-52,6.446254022016051e-47,7.833094542446397e-13,6.485177817709982e-49,4.0327363097621593e-25,6.432789853860953e-20,14016.396986276295,0.0,0.0,0.0,0.0,0.0,0.0,0.0,1.2728820272395749e+21
2031.8323788770624,24505.00364789814,12.018755840108051,18.347741590009512,17.23354970414547,11.100141595111312,14.408802390607285,3427718.3138366994,714792853065.6594,4.370998465783593e+17,0.0025063337889697,3021607.34323405,7090055.66145421,1.4728768045406694e-06,0.0414264047999287,0.002886545523161,1988.7361885013604,10237071.993996011,2.359818104541216e-08,1027.8476857757903,7.201000239606648e-10,1.4355351976980864e-12,2.293351283588896e-12,0.0289442596205366,10175.684992784436,1.152969814585654e-12,5.819150876844595e-10,1.5993728800491325e+17,1610013.3399459135,1.3431907857441789e+22,0.0028143890897422,4.5342523954305365e-11,1.7543732460147902e-15,1.3044674420348458e-13,5.228251015508448e-15,2.224683428311993e-06,6022.580922771344,2.6151874831015077e-25,1.2135357824118865e-24,1.3970332074029185e-12,1.169272253066985e-37,8.960389039832865e-15,8.103676087695633e-07,3.7731852137058588e-16,0.0067961019809449,5.070962313633734e-25,4.600429732936862e-25,2.3913160184496407e-25,3.176992748691462e-05,4.467581941718536e-40,2.1916349528104425e-52,1.4438166084209743e-41,9.507577769321353e-51,1402.5923604434545,269370098.2127143,224813987162.4291,262916269620.9528,40353668417.55823,3.0468484734878176e+16,2.3600491430551016e+16,11158.753630158426,35318515218.2818,2.443003867874529,4.68485375065238e-08,1.3910444346707772e+16,4179288259093.682,2831554763835.319,9.772815152007126,0.0409777262329621,5.9685686307158075e-19,6691939083814589.0,3182933212453361.5,1535918862169.101,12.15575671751446,1279206109312.4895,225666420.5611688,4564071.753732972,235765.3721885244,46488.320223177965,1.8676915033330996e-05,15822098243463.852,3113.815017204208,7.3900839705053665e+22,1.156356716696978e+19,6.256447658873051e+17,8.545649743793852e+18,0.910718920195882,1.704707450709529e-12,9.376318772133048e-24,3.4915788797764365e-36,6.8836044791543465e-47,1.1545145752178036e-57,2.0557575928272952e-69,2.5008667172496357e-17,1.1975207806012996e-14,1.8950966378063192e-19,7.893593506897749e-17,1.0363717450831345,1.6620021601255784e-22,2.839811290476907e-07,24269493957.90296,4.283189810960578e-20,8.55089488342906e-09,0.2058256631271302,0.0071220981381098,2004382.6297428687,1.3950106426287774e-05,1.2650534962919844e-13,1.1922682083832738e-09,44.69075531745655,7.303588886526852e-16,3.4564597749731724e-08,1775845.7017347391,15534129.556421723,7.93334286735196e-13,5.405348064051842e-06,2.1443834466484774e-09,0.0043849657953496,9624577.645312162,11213270.714121489,14996502305.843891,9.228572746868511e-06,0.0053252850997321,0.0,0.0,0.0,0.0,0.0,0.0,0.0,1.2714220837691426e+21
2387.6574147645974,17680.253244634096,12.00806528188695,10.922399101564851,10.459168401181,16.82033072515131,18.934055672809432,125142014.75529656,18919551986167.414,194027896.15488988,355.5262430230127,3976073803465.0474,8.758239440840217e+18,0.2850223780648271,3126106.867969598,362406.8902748295,1.0036993771496614,0.7936192442187078,0.0028973034750456,7.972588099501109e-05,4.298034238004202e-05,4.893645574486584e-08,1.4109852022766835e-28,7233172.973179189,12.958979205506916,25.45263180440207,4990.530857499639,774214374.5294846,787548699.3575102,308.2676850859972,949421361780.9806,469875580844622.75,2.0173356968794089e-07,2.548373363912926e-06,4.8639002589744423e-08,1.310144860966895e-21,1.1151472049081422e-34,8.252854424581471e-18,8.643797428473499e-28,3.17525402663559e-38,4.078442599275579e-50,0.002066470379267,4.5702156705592563e-07,0.2234939519276038,3.447483149995321e-07,1.2084065300184307e-14,4.1347274404351496e-15,1.3362385249113938e-18,9.404237004746993e-19,1.412792899520819e-26,8.016635066320948e-82,5.681965350663671e-21,9.708731112759324e-35,2637160061.741498,2733.1935668723268,2.7864015535524445e-05,3.204605648925109e-05,1.7414560705708234e-16,8162054.689048108,0.0002459186948708,1.661565927254399e+16,524471345917.82806,4090940.9836919415,2197.090617543404,1220387.4786525348,5.3384877257523144e-08,7.833538349082537e-20,13773999037992.38,34949.25252332083,1.8408895785073457e-07,15393431501.075085,0.241043279661774,9.770094718886764e-15,3.3978869562815085e+17,5.4057607915696344e+20,11456472.642842049,7.3224969857789695e-16,1.2186560260571644e-27,1.422548106388305e-38,7522933376.77026,92208889049987.16,1275790972968635.2,187.8226446638764,257397036.51072153,3.1462696819393653e-13,0.004584130937245,3.4821999778990112e+22,9.005483117387852e+21,6.72848018845284e+21,2.366076697579838e+20,5.728751455368137e+20,1.424472300270299e+21,2.9352301752198703e+20,1.8001816446056707e-09,1.6646790529259418e-08,1.0696858806731095e-11,1.0591105908149118e-10,2.935208002716735e-06,2.444464783140773e-10,77.82215796722764,1.0542525539463814e-08,4.399540948656778e-12,0.0008402135157564,82.16523790220238,5.0320466284364015e-09,0.0032355431635314,78768298.4312841,3.49844532752263e-08,4.5954953027183995e-06,7.414710001270919e-07,7.988904898094888e-06,1.3885422611863296,372.22582343394384,4.522632255607498e-09,6.820415860284485,260210.10767310797,2.3107298359763194e-07,7.290012809364632e-09,0.0352397714233417,2.8377235950212752e-11,7.66185799994775e-10,2634330955.936208,31990736974.693943,0.0,0.0,0.0,0.0,0.0,0.0,0.0,1.2606291616448232e+21
2828.806991915943,42930.11180046339,12.00231287532654,18.506409988727743,13.620056926330214,10.972751282188854,17.446463418759635,3518320211.1354976,20034230459691.23,2.9281452854170812e+19,36.60542455477928,1233081543.5378623,91029454735628.14,0.0022626893342779,0.0056851033494902,0.0010335289054983,6.715359347792486,1873422.9884003163,8.885555499737058e-07,11.133490332590185,4.0731908610525935e-10,1.6692364178945757e-14,1.601066764067055e-14,0.6498846208899015,3394.4595015615105,6.575910491176907e-11,5.583731532770812e-09,2637417030638744.5,3129416606.860774,2.8965056495478016e+18,3924.9364700770766,0.7840460193275257,2.1862840564600516e-11,3.368723100221456e-12,1.968295219877077e-15,8.34747784083433e-10,0.0007274472134546,3.409120751144908e-27,3.9526098677578764e-27,1.1964318223664336e-18,9.32403228007856e-41,2.2280188030280337e-13,7.105143798026281e-08,2.98691414339989e-17,0.0124575947355752,4.037350097540343e-22,3.124280691786994e-24,1.0658139168639496e-27,1.8554326693968227e-08,8.097177229272172e-37,1.0350600636137724e-59,8.85606778064254e-43,2.6355470363382697e-48,65065.9458976092,205068901.65464827,13347017577.928452,15113512603.64678,1349917835.0151434,4.529874550089809e+16,2.4287031037353964e+16,11806071031.862198,19130173306.73434,5.312861187554001,2.9723759814515053e-08,146060412740615.2,370152399677.4749,4506122606691.721,546038.0819183692,0.0014664254579698,4.660140485039643e-20,5269212854682822.0,1259626698437365.0,1823018095932.2593,29773049.7348472,31884162615.60767,33110835.070954047,1281490.3355544347,32812.74123810661,9778.41127731776,0.000107503036633,2.5761262504206756e+18,29349536673224.098,9.043688108459184e+22,1.609209859394878e+22,1.1425543764554883e+19,3.3444245265772225e+21,144054664524.7972,56879.91478736135,0.0639415011393997,2.433425932563895e-09,8.109986685554245e-15,3.3225200576151655e-20,8.881922116006063e-27,4.3232828162698345e-08,1.4436617573020678e-08,1.1988440780956902e-11,4.9559165842671255e-12,156.71119043807545,4.551861224855909e-14,8.26896964410699e-06,1472474256.4075632,4.743075651050668e-16,1.2224766534267248,1070.910273427016,28419.435432244543,97605943.5310978,194.56910882913888,7.4894912675802945e-06,2.640277393585512e-05,505.0699184096195,6.978147831125594e-06,0.0099290015381043,6435248849.010898,86208207.14536232,2.535556361436948e-06,0.0011456709574605,0.0005586527268326,1523413.7127612885,38238517144.73719,5789111339847.273,5859355545034.066,3172240.085551233,1491308.113362038,0.0,0.0,0.0,0.0,0.0,0.0,0.0,1.2604193365032318e+21
1714.2522092470024,42016.852864040135,12.02318596116656,11.797824471793662,15.26836979387336,15.463877225723731,19.47351596815041,8489935.622948527,2239825911234.171,862816.4695776447,52.81848844156536,107426172.29583935,1.1672811086898915e+17,3.959022850838032,98848427664.99889,3647410527.800002,1766528.6187790155,335662.70601963636,20.76984117993048,6394.573680950154,292.9315818365729,222.74670258984224,4.820421097623159e-19,82304309.07909377,15310.816809595754,3.4616089705408863,5700.359949964154,875001511209441.6,3417757129040814.0,42804781688.420845,2349211488451613.5,6.448239055427971e+19,0.000486984586967,62.27606572116263,1197.6911235231728,4.290131374897336e-08,2.5609423839936057e-17,0.0004650857365319,1.807128780264546e-13,4.0491300250570783e-20,1.040401989616775e-33,292.5026399477585,33.67609234079538,1059908.3895398057,21.091983410566367,9.933182952089924e-06,0.0052944131833934,1.6338146521345676e-06,0.007960660024548,6.63133845747239e-14,1.7189441752477087e-52,7.291667070767636e-06,5.982470971939966e-17,5936991.534496235,554.6102121682651,8.287570988822392e-05,9.889810028220896e-05,7.23179250596444e-16,20819877.03005116,0.0006778852008552,2.7045059434952816e+16,41896017265910.23,2233829.5057882927,189.78181925363052,7109498773.672305,1.7538120954341663e-05,1.6200239243564297e-12,4769019757729675.0,16415246.234573675,8.419777687663445e-06,464258091.5655627,0.0113815973334451,9.006437758151644e-17,1126955914445053.5,5.057762824570635e+19,93455.50456540208,1.3322833245900868e-18,3.758754381395642e-30,1.832469548619828e-41,41076.844405102645,148878662687765.88,1.7382417239058772e+16,65.4302095633636,81483138576.23694,3.078086248998239e-15,4.626049103245311,2.467151805765594e+22,1.1994215845465529e+22,1.758987485060636e+22,2.7305875289045845e+21,1.6279000235202354e+22,6.605192767672649e+22,3.80950907462284e+22,1.1018704267178537e-18,3.0729815313155078e-09,2.0990522883803226e-18,3.762412014629668e-09,1.8910038879040925e-06,4.712973908793221e-20,148073.63243024106,0.4080568063075577,2.831654599268439e-06,4.7244486199913856e-15,4.578808374430428,1.3183841821745333e-18,0.0304050608547498,1283584405.6352837,3.628106201188257e-18,2.9756995786519517e-07,3.071428307631156e-08,1.681016886395503e-21,3.631143268894608e-06,2.173367521200928e-06,2.160326276689111e-09,6.72187125729907e-13,123.19681824755624,3.146674217350531e-19,1.5093750997370577e-21,0.0002855811376629,8.946217179541221e-21,6.598922229035566e-11,0.8441124652998877,2538475744.5457745,0.0,0.0,0.0,0.0,0.0,0.0,0.0,1.233409590336425e+21
2120.705851528841,22355.77962656872,11.996202691530192,8.588863370324312,5.533367093919634,8.14445273079509,10.769719664644123,233373500700.4235,1.566146405521739e+18,3279548658.8259673,203.78095206923248,2295682343.443012,7115687182462902.0,113759.17890595613,246958061205.13867,19861846725.102505,27282658.140681833,825143360.7633319,1397190985.6654274,72054397692.23575,30287867590430.188,4.484588344684465e+16,1.0782542682377187,277767.07312601065,207.95923030363264,0.0039221845884329,1.5165336025915508,6791175257427.171,33796807164.008,1189384758.579315,39533115992.07498,225290599265.82187,2.709958055324042e-06,106.43970556360168,3010163.740863359,0.007545583442965,9.771004038591176e-11,160763331.50255162,2.4126073426441206,1.352234184942033e-05,1.3660526789404943e-09,0.001691219018167,0.0002659050788517,0.0093311274186529,0.011225036784308,1.0154620991674626e-11,6.138558241019854e-06,3.0292587041376093e-16,1.2225937790693442e-09,1.9425994615663108e-22,3.665736256138622e-33,1.2873847065477657e-19,6.050292740554803e-29,1026546877496.0918,427094618.9002591,970.2916008068062,1129.4813096000971,6.36603085639744e-07,172884634911970.9,505236.22509592795,1.028419777487953e+19,5.733991984252566e+22,1506945845170340.0,7411349840.178164,5.021733262116584e+19,82456880.15439786,0.118775584807888,7.718758443103966e+21,1.8186689814543104e+19,121238688765.5919,8030152290.608736,13.754818078647938,3.105661736563482e-11,2953079330633.5303,7.112239928702386e+16,64938.63411325512,2.3008581217665153e-14,4.243134002991267e-24,3.555782647929045e-33,717.6907659038533,33139054959990.59,2918271084359.9824,1222051.630971627,47602329537.87377,6.168805751556186e-08,115.94008691362882,3.2467706176622605e+17,328408601397929.9,971177104306.4677,175628046.36214092,1809467.3007310184,16705.003575976243,15.294671238874882,4.7170508114156005e-16,4.595710971047895e-05,2.908414498568377e-12,0.2623224794310286,0.0092382217194818,7.36886263272747e-19,69554.46397463598,122.26063379414154,1.592835998082989e-06,7.605258667845206e-06,24038361550.885326,1.4895173243075924e-08,468392900.64154303,466411072382248.75,0.0001310093047033,229307982.25168633,24672504.965879176,2.825562962963003e-16,1.7067929238935096,0.0003050518626759,0.0024360516890177,2.8868732729444523e-11,28280.462634443847,2.1400562692093054e-16,1.3388460240755112e-14,3248.4019360817874,5.2010152695905716e-14,0.0143310159945614,1.7222263474670847,207248913989.779,0.0,0.0,0.0,0.0,0.0,0.0,0.0,1.2331851996475986e+21
1606.5704086998958,9455.460536912102,12.01419470675132,16.065805863736855,15.205038060177928,17.312493251654764,9.100455622721856,16932.96652614318,33657364788.590363,1342044372472702.8,1.7662730095717663e-10,329308069.18180776,1.3992083304606586,9.789937332839172e-13,5.795828876627422,0.1627512489833613,1532765.0775345392,5470.654670140337,5.679740920861458e-13,9.16201425558107,1.030027906926046e-12,9.289269289309408e-14,6.060884723953887e-15,0.0290106235643073,93228.73001982884,1.6151523834146315e-08,4.425640138763882e-05,714803636508821.8,0.1313065832064884,6.300434352444197e+20,2.661563077783128e-12,6.4790286835976494e-24,8.646603591761501e-26,2.5018839119691488e-21,6.3079983290659034e-21,3.988697082159419e-11,6.392987706969152,9.765695395752621e-30,2.9758425746264584e-29,1.6880291044049745e-15,1.9140539714267378e-42,5.197073878192728e-18,1.4968710379842737e-08,1.6448443701344638e-12,2.3970331315529246e-10,1.9138906348353652e-37,1.4346023524463908e-35,1.4810750772747132e-24,2.38127457752346e-13,5.436107058340917e-56,3.4610225782733334e-61,3.2802075934746645e-44,4.325170469717011e-69,1303037.3774224936,2020318410428.356,3277985779294503.5,3945294001974148.0,177539116806591.66,3660831038385040.0,693251124679536.5,0.0254325129260405,73923977062.94641,45401.05213032898,94.52282956015674,1.970909394860308e+17,1407231329269.5808,2003975539.0500016,0.0004035274957096,41973.87755458153,1.1929097457727267e-08,4.2721716333927e+19,6.645194477066057e+18,205227233318959.75,0.3646228715398503,4.0320673106011825e+22,2.3965008870980336e+17,77958200228646.58,1441897889706.4846,32541530036.85243,123074174.46414562,31687841.931348372,2.0744984663221466e-07,1.6278911843403513e+21,346603170976475.9,187114514799982.84,148603618410255.6,2.5664511643518998e-11,4.923101272706695e-28,2.887156581671058e-44,2.1687032835815233e-61,5.457495826076351e-77,8.513252927093663e-93,2.132359822562317e-109,1.0117156433125698e-29,4.01148829378575e-23,1.9021006681465765e-30,4.212197857277911e-24,3.465617685758348e-07,1.2386550851167161e-29,6.505241758388923e-07,16312786.64665713,7.01533629564988e-30,6.751273437354585e-17,0.0002129801260756,2.653097977130343e-10,26979.356698093707,7.596054021766329e-12,2.6082090504278048e-21,3.611625081560262e-13,0.3463412058353651,3.1890543026891453e-21,2.3661386712280266e-08,1369519.9203492904,8100721804.103262,2.0670488423292227e-10,103.65875427867088,1.0361400558159172e-06,2.221930315959877e-12,1896.7364207470025,0.4256036016292624,4363523.50575878,4.222904513420805e-17,1.720603212891178e-10,0.0,0.0,0.0,0.0,0.0,0.0,0.0,1.2275803189663026e+21
1457.8206897687835,10951.586890152928,12.006023077191442,18.947104819651734,13.612167262325858,14.84361576850171,17.415813676770274,30.789029061100056,158381449.90284652,1131124297025323.5,1.0189290665972792e-18,79225.09003238277,971.510000102338,3.548852102676116e-22,5.941095979942996e-10,1.0702567621366754e-11,0.0051718439408323,0.0007368926678826,2.4838273030573865e-23,1.0295121949813025e-07,6.960062265462541e-24,8.513716300770944e-26,2.419734063090988e-25,1.2639813618429465e-11,0.0017265598169818,1.8384230281991136e-20,1.1545433176661955e-16,12851184105.650776,0.0152759858030033,5.1575091230552666e+17,2.4336910134530403e-15,1.0741735187501852e-22,2.578269982312199e-40,2.8908466267735584e-36,1.1663330651766956e-36,5.667409683621163e-24,1.3752662302688723e-09,4.271555550975036e-48,1.5344638779171515e-46,1.2063843801919381e-29,5.1863584187774396e-62,1.0840138719436976e-33,2.4098275655721382e-22,1.918935469225327e-29,2.5524039721920026e-22,9.367422877337304e-58,1.2450165482688622e-56,1.831050165813922e-46,3.0979272225472525e-29,9.749627822710164e-83,7.027604010602702e-90,1.0832688072109054e-73,9.198367945791055e-102,18.643806587593204,1146327204.1927755,37184468529990.15,45376859679164.14,16232230385208.08,384996459702089.25,527012518206923.44,1.2188885461776282,46148755.83482128,0.0587644683411097,8.693718118333177e-07,4448350510220470.5,74107863478.12553,1431774321084250.5,0.0016721259808983,0.0081112599185202,1.5106656816019617e-19,1.0638655299863345e+18,1.3776319396800166e+18,161735748739362.4,2.092148089491204,3.173052703673789e+18,52297701354217.336,469691159491.8155,76875222560.62,8662448378.091959,3.2829320112194003,971902079117.0248,54.468217700155776,5.1123615480307765e+22,5.70568242532123e+20,1.0394580147767478e+16,2.71103627221479e+21,0.0003097041078342,2.8804982389742265e-17,8.393412198013464e-30,4.266363789600448e-43,5.8245096413471385e-55,4.2429011175291854e-67,6.033630829566737e-80,6.890747286309454e-39,1.2377550504769672e-33,1.2983202099410239e-40,1.0265864584616552e-35,5.45776576494278e-14,7.678570960216966e-41,9.976126827645805e-18,39.47223085475064,8.845145752918165e-46,6.701460009473231e-21,3.675776331724312e-09,7.959656578153047e-13,23.01588062573547,4.190875751684713e-12,8.704882647800605e-27,7.219632711905141e-20,0.0001794409569184,8.054816934128153e-27,1.1339646643618296e-14,17752.870174441665,20170619.791576225,7.932456515833352e-17,5.215065899011965e-06,7.778482384000502e-12,3.9193864160109696e-14,9.887303102090735,0.8759491955028614,392642.88357785594,6.830366806391698e-15,1.165750488203783e-09,0.0,0.0,0.0,0.0,0.0,0.0,0.0,1.2261713025032182e+21
2971.4260515957935,33023.78805839693,12.014211177070676,9.195683654329136,12.000931588664905,4.6929868687632466,5.4231652007761,75530419852965.77,9.002106720405137e+18,368370611045.366,2137541745862032.0,590890525.3836435,35316448103875.875,3.0200224587096496e+16,5613724944881671.0,1146129969227387.0,31929048611.767387,6.252740473061879e+16,2.260475847263152e+18,7.946906936874267e+16,1.8695071763596336e+20,1.44098184811443e+21,71273.09079444729,3971406747596.328,94157688.46388233,104.34703956038416,7135.164555336043,2.1761682571982773e+20,57241980005041.875,1071915560078955.8,2.104606751516606e+16,707302652935.7119,2.2744335622205376e+16,4.97320281620053e+20,5.238237428665018e+22,507503833338.9017,9.628224593943589,5.460618643438988e+21,40740455730872.91,235087.61386586793,518.7236250457694,25152780046464.63,29879395483.237556,387671689.1776421,3.35772312066633e+16,5.424260969767307e+18,6.847781966929977e+21,1297.011559368954,2592131543713243.0,2.2212270415118416e+17,3.1951846426405106e-07,3726809401.740901,1.051035106301325e+19,7171068662.841013,103573.22493018128,0.0375702372265829,0.0423654637377343,2.6944675141015483e-11,107160460987682.44,417458.49270828726,1012520856951767.2,1.5892054744339878e+21,121169727816.01917,135.4586055735017,5.6690714463056424e+16,1419555.6334822515,7.530278099882549e-11,9844793967930442.0,6106527093696.505,15.01048095273539,8877376.923671128,0.0147997635725878,1.8683496985083541e-13,2175457.764289497,1074236324.983692,0.0105610976999356,2.5483091073663724e-20,4.5846955456406714e-30,1.0866761786658214e-38,1.6409203972474774e-06,4433797686.518063,10173.90647563745,5276538.77167282,117231.11471096394,7.0389740379945094e-06,0.0001587366338263,9330652184.849443,874.5626011375407,0.0002323429771713,1.9156365137182085e-12,1.4746772223949197e-18,1.4664860161837948e-24,8.902702111251974e-32,1161.7050785397005,13146776724.937052,64508.7931641959,931034054422.124,1315486273.7633958,0.0002257899805355,471633387739.0536,9808686720.41864,4414537038836776.0,400.81971170289586,8271241389347.829,0.0454151511083841,3209450730.9224095,205150903489.1031,664.1236006010038,73320896329.44258,15309017.2926909,2.940012727113966e-09,96.25607866793136,0.0033527342995961,1.2696108781915813e-05,9.279364982552592e-11,1.0600616833300756,1.1431848531698887e-16,1.4012318693691351e-05,7190561.112097931,1.8136284051124384e-07,6.275869719470347,472.3795030544318,7647628651.226434,0.0,0.0,0.0,0.0,0.0,0.0,0.0,1.1920618864433423e+21
