e-,H,O,C,N,S,C1H1,C1H1N1_1,C1H1N1_2,C1H1N1O1,C1H1O1,C1H2,C1H2O1,C1H3,C1H4,C1H4O2,C1N1,C1N1O1,C1N2_cnn,C1N2_ncn,C1O1,C1O1S1,C1O2,C1S1,C1S2,C2,C2H1,C2H2,C2H2O2,C2H2O4,C2H4,C2H4O1,C2H4O3,C2H6O2,C2N1,C2N1O1,C2N2,C2O1,C3,C3H1,C3N2O1,C3O2,C4,C4H6O4,C4N2,C5,H1N1,H1N1O1,H1N1O2cis,H1N1O2trans,H1N1O3,H1O1,H1O2,H1S1,H2,H2N1,H2N2,H2O1,H2O2,H2O4S1,H2S1,H3N1,H4N2,N1O1,N1O2,N1O3,N1S1,N2,N2O1,N2O3,N2O4,N2O5,N3,O1S1,O1S2,O2,O2S1,O3,O3S1,S2,S3,S4,S5,S6,S7,S8,C1+,C1-,C1H1+,C1H1-,C1H1O1+,C1N1+,C1N1-,C1O2-,C2-,H1+,H1-,H1O1+,H1O1-,H1S1-,H2+,H2-,H3O1+,N1+,N1-,N1O1+,N1O2-,N2+,N2-,N2O1+,O1+,O1-,O2+,O2-,S1+,S1-,T_K,P_bar,comp_H,comp_O,comp_C,comp_N,comp_S,group_index,point_index,abund_H_dex,abund_O_dex,abund_C_dex,abund_N_dex,abund_S_dex,sample_MAE
1.2911137633451313e-33,4.592275962931607e-18,4.2486626375303954e-13,5.245033669324138e-66,2.0661175200990393e-30,1.1033805073064086e-32,9.103836838270306e-68,7.103521879579731e-45,2.1290162064168432e-48,9.0378424764298e-34,1.3392888139002782e-35,1.283661637192388e-64,1.3443355081026592e-36,7.5207446098905e-60,5.693109125630633e-57,6.387565399884482e-61,1.3478908164085415e-53,3.3313404352120203e-40,1.643519192663367e-70,2.3923212948093385e-63,1.5103789114920037e-15,1.7219193456969915e-36,0.0203192890504357,6.053942141483753e-59,3.497973879158924e-71,5.513406289145406e-100,6.5277273355644715e-87,8.657465667142979e-82,5.755013258789818e-62,6.973819749869983e-38,6.889530005860057e-92,3.1118618415913433e-90,1.0197576305682821e-63,7.962149428123413e-111,3.150503562211765e-88,2.67825466058976e-69,8.459240074755612e-80,3.35607847754236e-68,2.8364662438850916e-125,3.3135944414620347e-118,8.694150832762559e-107,2.543261032485374e-75,8.538572158016304e-164,5.701237015322281e-151,2.0733636554495983e-148,1.5235303869617803e-172,1.3611349515145952e-32,6.688376239879574e-20,3.6419654569441473e-13,5.057080633534905e-13,6.090955281921008e-15,3.7111999840014793e-09,6.16287640872139e-11,1.5655351983648458e-33,5.977996932839782e-14,5.95410527292399e-32,7.33858296133801e-41,0.1709119681741131,1.1300261816795725e-12,2.3735884495622892e-06,2.0505707651188865e-33,1.2836321519858253e-27,2.5116976374013675e-54,1.4205223972782734e-08,8.4098286975606e-10,3.929220875065849e-18,6.754827227324486e-39,1.2665449567158848e-05,4.244374939415207e-16,1.7647947241832292e-24,2.994220403145253e-26,1.5189656051304706e-30,7.693257278451107e-40,2.259669921273967e-18,1.3714381399189453e-36,0.8006872667129209,0.0018277632910225,4.8179727222326286e-15,0.0062386549119547,2.425461046026666e-44,1.3462704507737858e-67,3.317172587428747e-90,2.446179907383241e-112,6.370677364678399e-134,2.2979549145954563e-156,1.5235303869617803e-172,2.5447287110778538e-102,2.4723793190555117e-94,1.6940167957969588e-100,6.213019989106582e-94,1.2256175674142285e-52,2.0178937190769652e-107,1.4510584456150885e-65,2.2754395444568875e-34,1.3421735732682798e-110,1.717571972544194e-69,1.259748522137478e-49,1.1337939035718622e-57,3.98860171837254e-34,2.0088058726386887e-55,3.5080024887446604e-76,2.1357554293584698e-65,8.514867856968582e-31,2.9564081003687902e-87,1.2470738550934477e-66,1.4728749829703468e-32,8.635249554627828e-31,3.814091627927151e-69,2.4877422149400316e-51,5.425421701422782e-62,1.2047556733305228e-64,5.481335556449778e-40,4.1536419049263006e-42,7.731736261173788e-34,2.882562605750953e-63,1.3122893954418531e-55,785.7531619211088,0.0071206281705068,0.1549936280596361,0.8321228111085842,0.0092131201323533,1.1492167236077926e-05,0.00365894853219,2.894707735227382e-16,2.742354696531205e-15,12.0,12.729873583289235,10.774092889817954,7.870088093032709,10.373042456355607,1.2126861796840427
3.3586706900077775e-27,5.800543981688181e-15,1.8020346611746564e-25,1.1165941785680855e-14,1.0690161284614798e-21,9.292561473967871e-15,1.5669139858062714e-23,4.7655345824390595e-14,2.1424521275781676e-16,2.1197686473555246e-28,3.1968022933281057e-23,3.37400793353587e-29,4.4133325759211176e-32,6.381978231630562e-34,3.510462223889508e-40,1.2004645453638697e-86,3.971792149005365e-12,6.3328682487383845e-25,4.6662546620625766e-30,3.975619495085589e-25,0.105813564215059,4.533464405489227e-14,6.139109624588012e-15,2.0051223542162737e-07,7.993979645040259e-14,1.3217393835659325e-12,1.7849725020490496e-11,5.545421492382787e-16,2.578443202844628e-46,4.714778787001508e-74,6.658682868539904e-39,5.053753666844606e-60,2.501451337986238e-85,6.733107478160164e-112,1.3171339888199044e-10,2.149073691165509e-19,2.6919599636766373e-11,1.185497889635468e-12,8.010659281950827e-05,1.1004509476708873e-07,1.485098986441312e-26,1.7066457369568902e-14,1.4603470079539698e-06,1.1751440059908767e-133,4.2819844242875056e-08,0.8941045151560195,8.417291967330184e-31,4.722764534302577e-44,1.6888109691377335e-61,2.1517975796836928e-61,4.7514917164196503e-85,2.0713185373148487e-30,1.2706312500657804e-53,6.235605568327843e-23,6.897141097215991e-20,3.3169944470640223e-38,9.021200685837212e-51,4.4421118822746965e-33,9.857438461505796e-63,1.4547827037222475e-100,9.36132818383592e-31,2.7914923912466354e-43,9.929468504839198e-76,2.5820339543132707e-28,2.3347939059747672e-51,1.7073387724599596e-79,5.7084681389300065e-25,1.1933318061180048e-10,4.526326516144955e-40,1.130358975974094e-89,1.6374861058777957e-113,2.638076093816823e-138,1.711339305779077e-40,1.1763634890030663e-26,5.523973192364668e-37,6.0333767008566e-39,1.6355017209730495e-38,6.8186242673998575e-71,1.3533513739117176e-60,2.2440115908258283e-20,2.989684320279401e-34,1.373857979871775e-47,2.8836977902032904e-61,8.174283551954191e-74,7.802255213881851e-87,2.647232739004756e-100,7.724386443980296e-32,1.319096731777692e-42,2.4963654227698063e-38,8.463798576811841e-50,3.1907503978807136e-27,3.3393713535752804e-41,1.0945015015342452e-28,7.014936286663948e-45,2.7961960014410566e-28,1.1522898739292954e-42,4.018134677085772e-45,5.194367110915186e-56,4.4161943367762105e-56,2.1881348517070775e-46,8.560327468710463e-55,1.6212109965264086e-63,2.532624347585722e-53,5.763620142995629e-53,6.7785438126358e-55,4.530344282538726e-37,4.183280025238369e-74,1.445808494304914e-46,2.4998240656904435e-50,1.4718175504001995e-63,2.858604773346755e-53,2.408450586082741e-52,1.670023834230157e-59,6.430487292901094e-70,5.569127818173276e-28,7.084952828625001e-39,1130.571246348498,5.13031589003802e-06,2.3505564563534116e-08,0.0225969971762581,0.9774029181121392,1.8379950832119695e-08,4.282608727937018e-08,4.868073137539015e-13,8.914658933118319e-12,12.0,17.98288004467932,19.618902944652305,11.89317365861658,12.260537711092384,1.0404866401658015
6.2964919588744745e-34,2.84332714116935e-20,2.7845776882880575e-31,1.8298313989129135e-22,1.3382995781044143e-27,3.088036882827935e-17,9.014692727224915e-27,1.484945554897633e-13,7.017116421840483e-16,6.4730537900861576e-24,1.3740618664800892e-22,6.3351910680995e-28,6.4471695762152656e-27,3.801309204461626e-28,6.730826021677345e-30,3.1597295152159294e-68,4.093880270397854e-16,6.206281590664305e-25,4.403848578263027e-30,3.415413486885101e-25,1.0207949218396014e-05,1.0804967659206614e-10,5.588310367718468e-15,5.6853468649182737e-08,4.98780208617364e-07,2.051492532404928e-18,7.923295744868182e-13,7.768013497475083e-13,3.5898927076795386e-35,6.0674007946555006e-55,1.2176249539822344e-26,1.0150016359952412e-43,4.661684818537835e-61,2.33136910947222e-82,1.2932828661806328e-12,1.879098318151478e-17,1.716725039467483e-09,1.3775691549824172e-14,1.036624180142338e-08,4.4458333783529906e-07,9.238006095012112e-19,1.4715013519608255e-10,1.8506277080310313e-08,3.1248283626887736e-92,0.0242396080471984,0.975749152938294,3.725114494558397e-32,2.0061923583796278e-41,7.424789886765979e-55,9.445575307805647e-55,2.3941328543983727e-74,1.0413807843781622e-31,7.421678923372848e-51,7.202317557703097e-21,1.092596017923202e-20,4.948776578959696e-35,1.101645288893629e-43,6.834003959578786e-30,1.9981760005478607e-55,6.485616340848615e-78,3.662046554905323e-24,1.3258684907339706e-35,1.6773544420214416e-59,2.7885852146126884e-30,2.8829210765368228e-49,2.6270073371297244e-73,1.5293400502824432e-23,7.972554740442436e-13,3.906361667204655e-38,1.4129126502945904e-79,2.3180949888677574e-99,4.5183494420333606e-120,1.3155287629882942e-38,3.7092636988652925e-25,4.1772299590956425e-28,9.018641413308223e-41,4.782367602919078e-33,1.38598004676261e-68,4.376489137511722e-51,1.6529155056115509e-15,5.626301392445725e-22,6.579771482955128e-28,3.3953768836677147e-34,2.4252990553167486e-39,5.929800549080398e-45,5.04475069601768e-51,1.81084689910228e-42,3.4564112012372676e-47,1.9507196856026946e-44,7.614077611658783e-50,1.515190204183529e-29,6.241404171454747e-48,1.4603200439653564e-29,1.0925253589290188e-41,5.505239196596142e-31,9.804483468378273e-51,3.285892460147411e-47,4.3807293316099957e-60,3.388338630812529e-54,3.7167162162326807e-41,2.742679531381395e-58,5.62516274531352e-61,1.7233362548639198e-48,1.354535454577545e-61,1.5161290984909845e-57,5.926921806350432e-42,7.540124717519518e-69,1.9759365155642208e-51,3.389185732359897e-49,2.0858769101097743e-64,7.674597050291127e-62,5.854841117687675e-55,3.8163647740705574e-64,1.6480829391838826e-68,2.4535866053616453e-33,3.519234631239949e-38,1139.763039569346,49589.65348734573,8.84834667502467e-08,2.0316091702256963e-06,0.990349700748666,0.0096479692917182,2.0986697895465469e-07,5.0772291201935537e-23,1.0090992876384688e-21,12.0,13.360978034673552,19.048926444892125,17.03757378269836,12.375081981079475,0.8105240892057948
9.649321088040756e-26,4.703658552054904e-10,1.1441941875631615e-26,2.1409856881439157e-13,8.116671739080241e-20,2.6074133116957576e-15,2.2069611885643483e-19,3.39293464636959e-09,1.2523649822160344e-11,1.404783584003291e-26,1.2259341834122505e-21,4.658736339485445e-22,1.41347477784665e-27,9.667777704868557e-24,5.505306920136026e-27,3.971957779627983e-80,2.1298484294290312e-10,3.5641881780315876e-26,1.5847992994816475e-28,1.958968565932913e-23,0.0141815086231276,1.3332055829149568e-17,8.898734938573788e-19,3.450820737115204e-08,4.7721806051713066e-17,1.0286275978403652e-11,2.296786938368089e-07,7.99386791050874e-09,2.8144637533160975e-45,5.1884353714468834e-79,4.125315294573969e-26,1.8568522887870128e-50,9.140883667785087e-82,3.0430982476637617e-100,2.803870054926769e-09,6.2198285636535904e-21,1.412066076399653e-09,2.492543025760066e-14,0.0004188287129476,0.0006729168504235,2.420113334534198e-28,3.2888064400226263e-19,2.7185180726798314e-06,1.1966931867903344e-128,3.860628101400562e-07,0.9847233095124952,4.56706514897226e-26,2.589103981252529e-42,6.945997010080469e-63,8.904983480665202e-63,9.794082033314717e-90,1.304952850750143e-28,3.8004111146292455e-55,1.3370017584748611e-20,5.6996185709562095e-12,1.5518629762225844e-30,4.1649317606979825e-43,3.539874382671407e-28,2.267085122060932e-61,8.591577680858067e-108,1.6995535728706807e-25,1.412846083676499e-32,1.5675994786868029e-62,3.02109456596993e-29,1.3818927628109262e-55,3.63753089112884e-87,1.6778082484786162e-25,4.8544414573283096e-08,5.747352436025383e-41,2.4480802337627893e-97,1.8633952716255247e-124,1.2143082966577845e-152,1.7860633931284026e-38,3.4903864223367714e-30,4.0437857367423695e-43,3.7528294219191754e-43,5.619956558623648e-45,1.0803988550544656e-78,2.6838297911710836e-70,2.1211306090360546e-23,5.4284779662442396e-40,4.868163893118909e-56,2.2861021787335423e-72,1.315094928844813e-87,2.387346594719383e-103,1.6762830813422186e-119,4.3059177842387455e-31,3.2944207476942285e-42,1.2548919823306806e-34,1.6949884542418483e-46,9.890311505232088e-26,2.0378582813738315e-40,1.7634277751497364e-27,1.0130230337941235e-49,7.082859661535592e-28,1.2637126156718784e-38,3.5877584325082134e-41,5.0675077168106885e-55,4.3583346108468144e-55,8.506129390850107e-45,5.22664710623843e-48,5.0256859638292937e-57,7.12543907398188e-46,4.3411494584047936e-52,4.3213260378635903e-54,2.9754240240303947e-38,4.624500844144413e-79,4.153729969549161e-45,5.1585712083439315e-49,3.148470235236367e-65,2.4457991756211798e-55,2.1240130880827376e-54,2.321934415562153e-64,3.95275407230166e-75,6.137885187799983e-29,3.380592251508683e-40,1095.612035541254,1.4199002474344232e-08,0.0001358395170639,0.0028620336476884,0.9970019426064288,1.772652120553021e-07,6.963606850512589e-09,7.457277100715122e-11,2.599393732249271e-09,12.0,13.32364860636501,15.865669875612047,9.115597385635413,7.709808114952933,0.648904597620417
1.1585921413373314e-21,6.24490215318262e-16,3.19048994288981e-24,4.468487498156748e-13,1.2750974406440264e-18,2.354385997072031e-08,7.302985102478895e-20,4.151679875136568e-14,1.760869430832643e-15,1.5332645345806026e-26,5.967120550077126e-23,6.800408934380853e-25,2.270424421787208e-30,1.5772347740136486e-29,2.0558897862136373e-35,5.231165767274001e-71,2.396278276095349e-11,8.519843147603686e-23,1.0010541041410836e-22,1.271832723979508e-19,3.6548676240365446e-08,2.5320545130767375e-10,3.345070212081056e-20,0.0128444732593331,0.4523896470910927,1.4993871272084963e-10,2.3639950407049975e-11,7.408226238388115e-16,1.2656151400423228e-41,2.9101323178072945e-66,1.6073355785971477e-33,1.7863072574244645e-50,1.588952169066753e-72,2.7777977168734993e-89,3.187484253937296e-09,5.799502967270878e-18,4.3796274458793334e-10,6.363291317099469e-14,7.719972617309208e-05,6.44927997240448e-08,5.9142369417352055e-22,9.762201584460162e-18,2.107037591526862e-05,1.945660857366875e-108,3.9447038237123095e-06,0.5346570830980361,1.5611612396668268e-25,2.8423703788960065e-37,1.028888429148866e-51,1.2224370024585436e-51,2.8931364288457648e-70,1.3506989848868042e-28,1.4640733923441615e-46,1.1535063547011968e-14,2.0098926937314868e-20,1.141610401985507e-31,7.036462067053112e-40,6.831733880855145e-32,8.014939430528708e-54,4.56881057413112e-79,4.012811556001502e-21,1.3953402870550618e-36,2.0749692814092306e-58,7.932055045708472e-26,6.192241703089271e-44,2.001660583218429e-65,1.5677159941055625e-14,1.3027592613810186e-11,1.0850397828211789e-33,2.096125594870786e-71,1.8550246080983886e-90,3.3825347442815506e-109,1.9993369974045993e-30,5.6523956667071495e-19,1.0686954541399012e-19,4.802992577494091e-36,5.485140564407979e-30,1.1711556077334717e-59,9.078840335991196e-48,6.446977675850014e-06,6.075642844403842e-09,1.7163079003255275e-11,4.655499172334248e-15,5.2008478683085795e-17,4.1491994881611863e-19,4.418706903633182e-22,5.541209890680813e-26,4.4270818638568416e-29,1.985448823434891e-31,1.0928545413443215e-34,9.737226546692844e-28,1.5868514025823382e-31,4.058082829987947e-20,6.529084435083256e-37,7.748021669868634e-19,1.3451282161287963e-35,2.446874677919994e-33,7.948203793929744e-47,2.9460646104908093e-43,7.291578674013518e-28,2.741772411528263e-44,5.900963297772436e-46,2.6838961322576494e-48,2.537008375573158e-40,1.0007417296856134e-37,1.3843785714955657e-33,1.552417892814128e-56,2.8028144792004952e-36,1.0533772226828718e-34,3.201394843129318e-50,5.713414526652214e-44,1.7176023597551812e-39,4.694380627458367e-51,1.0036719869468043e-53,8.172629989263749e-19,7.215465728384187e-22,1774.9629040238558,4318.302000050891,1.590382564470507e-08,9.072855706820892e-09,0.7738093990743523,1.9457968974663066e-06,0.2261886301520689,7.377393587405213e-22,2.7012610366191396e-20,12.0,11.756242398121673,19.687132394710584,14.08759590071967,19.15296916454743,0.6086971643418817
8.968996096271393e-21,2.3854673279328505e-11,2.04570918265872e-21,4.949230097767046e-09,2.2524990399883363e-11,2.8785088415387737e-11,4.1662007652369064e-18,6.734736213396833e-09,1.4151330099187936e-10,1.1724183857689139e-24,7.46818833459682e-23,5.6220427000758135e-25,2.285137216464732e-32,2.786797459743783e-31,6.30832989675525e-39,2.1826659069471457e-83,9.373804144456955e-05,2.342074001054367e-19,6.67775005672163e-16,3.144666610287182e-12,0.0002578329015967,1.6489033663366111e-16,1.8480498910454042e-19,2.1005468432344564e-06,3.4896870603021707e-14,5.044367021937801e-08,7.27274733626726e-10,5.125592902410656e-16,1.1207666823271872e-48,9.681432916955816e-80,1.3095624391525554e-38,1.3423201971505376e-59,3.868146570743006e-88,1.6098385022152253e-108,0.0003322013681767,1.0990741396597002e-15,0.0099576538120451,4.3666332966753587e-13,0.0049490032455705,1.110145866027151e-07,9.00852592896042e-20,2.1530939738486976e-20,2.3328791548832103e-05,1.0148312393713354e-136,0.0892494953685337,0.0664256832021889,1.3062399379429108e-20,1.5057212401461268e-35,1.1604506024484983e-53,1.409358868982604e-53,1.6491670077833343e-76,1.327223383651696e-27,6.144885618104567e-50,8.451070983185058e-20,1.297109605904238e-17,8.771099434818424e-29,4.4924103929911833e-36,2.4214759497743663e-32,2.0186296809157916e-59,6.670423233241257e-101,2.508424187048007e-28,2.1669978373003807e-35,6.563722423659317e-60,4.067652175771442e-21,1.6963954081493613e-43,8.411396851769926e-70,2.0381682112445807e-16,0.8287087886226193,6.436539123645397e-28,8.247963398991537e-75,4.252332798397948e-98,1.8421966896785428e-121,8.521990972691637e-21,5.20167156358299e-25,1.4243924879308619e-35,1.7717946672850946e-36,5.154028088524097e-39,1.9847126794858265e-65,7.139288790053177e-61,3.5082172412385256e-18,1.9411253359665664e-31,3.3352166781337226e-44,8.98191633532316e-58,7.013470667134659e-70,3.0773602514312156e-82,2.4640502259377357e-95,5.440640330956113e-20,4.757743020005979e-32,2.1078963795666304e-27,8.823152857430579e-40,4.0590316975187956e-24,1.9274737048466492e-24,3.047041484897951e-19,1.3754271232169634e-43,6.688328977311937e-22,2.9809780604726584e-30,4.993732824922873e-36,7.297778614720521e-45,5.4350536467184935e-49,1.7647613098009948e-39,1.162394085506519e-41,4.2601728421969266e-52,2.5937410840474896e-48,8.614669736515142e-33,3.593475580565132e-38,6.59716342001765e-26,1.4847541811572554e-62,1.0165446678217768e-25,2.2511017729868556e-32,2.38594985497392e-43,2.099232035852065e-40,1.3456513225640237e-43,6.052690044932861e-50,1.3369857471472272e-61,2.599293931635103e-19,2.2191993768811656e-31,1506.172315863448,8.1993903401393e-06,4.5959008266208655e-08,9.987893936549332e-05,0.2808547594638791,0.7190445018926472,8.137450999310168e-07,1.775311212600243e-13,9.459872604284152e-12,12.0,15.337103273218911,18.78611113935749,19.19438512121353,13.2481177378004,0.46525814016077804
5.944695493838245e-17,7.668192067958762e-07,1.9229485917798664e-08,3.914086191548309e-21,4.7218583495721293e-14,0.0004020938236709,1.6066892871221316e-22,4.147250859969928e-15,1.4729213772860788e-16,2.8975176271726344e-15,6.564462242828612e-13,4.883859387390108e-22,7.015964343454091e-15,4.075772259507209e-21,1.8131722319745977e-21,4.54299856739635e-33,5.629569559107446e-18,4.1832682442730416e-17,1.634340107146289e-28,2.8899381091579994e-25,0.0037536928086602,7.824933719302436e-05,0.0073783225713869,1.2252150166085632e-09,1.961466822539085e-07,5.039924161076801e-30,4.127377398756129e-25,4.709144313318139e-24,2.5012036658922724e-25,2.347710541670113e-25,5.246964543331863e-31,7.291513896183212e-36,2.5477007389515386e-33,3.730017741355166e-52,2.773235511685889e-27,1.3434637208296906e-23,9.033144083456344e-27,1.0473430815203944e-20,1.5870325978800764e-35,5.0700980804317045e-33,7.291894778714844e-38,2.555535423241141e-23,1.433777911713807e-47,1.9891679201590203e-69,1.2163170104834438e-45,1.9390396874976534e-54,1.4227970279401865e-15,5.280251285587453e-15,2.953452021276544e-17,3.528672081540362e-17,8.920531198565156e-24,2.696974024101161e-07,3.0122145272465436e-13,5.1447419443922666e-05,8.381366596623438e-06,3.0256278235058193e-16,1.934018669158409e-23,5.6076303601386954e-05,4.303258671871341e-15,3.4301551497860753e-15,5.106540046823543e-06,1.3115517059502665e-15,2.3478696623590718e-31,8.80881002247052e-09,7.498663038787998e-15,1.9246211209967603e-24,2.961127132459931e-09,2.328540370069606e-05,1.358330016402067e-15,2.1563281184913533e-29,2.1216093626256137e-36,3.436485279287054e-43,1.0943548473005957e-23,0.0205684207616528,0.0131383452435805,5.7637258618376275e-08,0.4589922162818103,8.237721309607201e-20,9.27075030513433e-07,0.4942810707697835,0.0012514582337928,9.5753137843121e-06,7.965130826361562e-09,2.4962948675812806e-10,5.25505971469025e-12,1.5996846857392276e-14,4.3937898980579786e-36,2.2429420005131056e-36,4.7731858421725865e-36,1.5360534031341212e-36,2.4239146313411523e-19,1.445283180704475e-40,1.1736448262750092e-25,6.585709723766937e-19,3.4499471082597123e-37,7.503083351528972e-29,1.494686388090027e-23,8.130088950571446e-28,4.0213790685452226e-21,2.5720144869742896e-17,2.989841073470962e-32,4.5978434002481265e-31,7.868068054764159e-18,3.2275286652667435e-38,1.4438405669871888e-32,2.5218374381191037e-18,1.5030622271728932e-26,1.265197134465633e-32,4.651880966283802e-28,2.212591971347348e-34,1.5594285238595217e-30,6.348221194638876e-23,4.0313203964809417e-25,5.425529548269202e-25,1.6591125876112142e-16,9.071381693298858e-17,1698.3196088061131,0.3001303816688547,7.725072839372646e-05,0.3911999867833339,0.0045191912208075,1.8779835801189808e-05,0.6041847914316636,8.593803655662319e-18,3.6250226329339233e-16,12.0,15.704496248383172,13.767158134988511,11.38578920769518,15.893267205933691,0.41227312907337416
2.771595328857441e-29,3.450274131330346e-07,1.0784650829400594e-30,2.009670535054208e-23,1.1405754027571593e-23,2.350893569366334e-11,1.998516352729876e-22,0.0011297710403388,6.332826019904705e-07,5.9261778996338245e-19,4.009856323438853e-18,6.439586586303189e-17,1.5293884779551502e-16,6.013093666110682e-10,8.777012158091768e-05,1.4504734266335448e-59,2.4969909997610408e-14,1.709780259305132e-27,1.6229404662488976e-32,7.159406520772645e-26,0.0394688040945384,1.130972849291706e-09,1.3427523167878122e-15,6.760688917744583e-05,0.0002282882017353,4.0868482568776294e-24,2.086050502191833e-09,0.0407163941613715,6.782368346125903e-35,8.599121636802675e-64,2.204425806085359e-06,1.7084519632131953e-30,5.690609717888936e-57,5.016287846802917e-70,1.1768297721611954e-15,1.2383525125645697e-23,2.2538668784451092e-10,3.417093871831148e-20,8.40308830284014e-17,1.206243824361868e-07,3.3450387933890124e-30,1.2042023784610214e-21,7.0889540790170575e-22,4.996480553909508e-97,1.7471045249686377e-12,4.096219032959912e-17,4.7207524512786916e-23,7.394136040160697e-37,3.256042321974647e-56,4.431042675348188e-56,1.5891304849002686e-83,2.0855198581457764e-24,1.2211654754671118e-51,1.68937427692196e-09,0.9140226790573512,7.130623234649065e-20,1.1511973299309099e-30,9.810252542463915e-15,1.1007397682219126e-50,3.725414250909184e-84,8.067478425281538e-07,2.55934818699543e-13,5.364737112492555e-38,6.57365422298281e-29,1.1163370915687747e-55,4.333819604783391e-89,1.5783106974712218e-19,0.0042745593698916,1.8874140515644343e-38,2.322746473140396e-97,9.78785080094607e-125,2.8539376750578303e-154,2.440233634633429e-37,1.333928827912659e-23,1.4181232765608367e-28,7.195249983635866e-45,2.2120229074199125e-35,1.0952898419330117e-83,1.4079396097600322e-60,3.397955745217889e-10,7.309803599002869e-20,6.545699239247116e-29,1.1350400757336225e-37,9.48297068646772e-46,1.3473872206690843e-54,1.6560932242506492e-63,2.1264719442285786e-52,1.4598218437306087e-54,4.2335495088628657e-48,1.6212378132858036e-51,3.061370866818649e-29,1.6050261824296226e-59,2.897821966868305e-30,5.481689666516319e-50,8.383325829109558e-39,3.2181001755971357e-50,2.4896613518066846e-41,1.0304367877066231e-64,1.92050941176217e-52,1.1780215857283191e-34,9.079952452607867e-54,2.610585158945327e-53,1.231969381766364e-34,1.0914787487643652e-71,4.2921771202541545e-62,1.836887383595856e-46,5.583661762989219e-80,2.5375410989623346e-57,2.5962875958681373e-50,2.968442404330919e-76,7.720614583397125e-74,1.7474713288833075e-60,1.8850881865245867e-78,2.565846948609352e-80,5.15675460882678e-35,1.8442645353347656e-37,845.4455652837607,2.3006558725354862e-09,0.9173852399197678,0.018948627217784,0.0587671986572939,0.0046468843070619,0.000252049898092,6.088334374407411e-10,1.0248696196919153e-08,12.0,10.315026003498003,10.80658324069154,9.704610111673404,8.438934777820805,0.32449422528917365
1.3146192932940425e-18,6.571188061367778e-08,2.4402376500582327e-10,6.110455446665684e-22,2.6289675075609727e-14,1.9396300050715036e-05,7.6886412391291e-22,4.210590758773333e-12,1.486070323934389e-13,1.3557126788425596e-11,1.4982271937259675e-11,7.230560501624866e-20,4.927889552233309e-12,1.8733055192057906e-17,2.582375882412788e-16,1.3129749905502195e-26,1.83022213230365e-16,6.2898308994982235e-15,1.0550052816393261e-24,1.8874474156866227e-21,0.0028802516898628,0.0010306074819353,0.0262085368883911,3.435624791972446e-09,9.579472197778407e-06,4.5135199911881515e-29,1.1624881721307371e-22,4.119392957135315e-20,4.623828652781034e-20,9.260634223327384e-19,4.281494597851754e-24,2.702234178652216e-28,2.011895471510208e-24,5.719620125996601e-41,5.165732714458503e-24,1.1672618396459187e-19,3.4888789043181705e-21,4.470280055780753e-19,8.288269070343786e-33,8.237509210560731e-29,7.394784102501046e-30,2.964677533032095e-19,4.2733696323138564e-43,2.159816601779131e-53,1.5468391927759617e-36,3.3540765363838116e-48,2.4264567653906e-14,4.160901585239537e-13,1.0649425119583658e-14,1.2726029650709724e-14,1.4530251615555358e-20,1.0593882149204176e-07,5.337126695615793e-13,7.617688065231946e-05,2.225149260103123e-05,1.5898828450252012e-13,2.0466089250649426e-18,0.0006870454900818,2.3403578152854153e-13,6.863916695549109e-11,0.0002328182823646,2.1384809574218582e-11,2.2996708315065186e-23,2.2972500356525938e-08,8.838654245440912e-14,1.0139184661297161e-22,2.8830210930007605e-08,0.0027564513695998,7.15486211143074e-13,2.2901780191277807e-25,1.0191617492976268e-31,7.407283801515648e-38,2.4988852350866453e-19,0.0045916831020638,0.0505495413278449,3.3768106076003582e-09,0.4754778931474659,2.134041970290679e-20,4.3579523419174115e-06,0.41507719053085,0.0179666765768452,0.0023508765745495,3.35890726698155e-05,1.8024593812882216e-05,6.483004468614483e-06,3.381293986554285e-07,7.980308175529411e-38,2.711990608284513e-36,2.675136565279313e-36,5.712836975063962e-35,6.647964181490371e-19,5.305371239682205e-40,3.035100922492837e-23,1.7968174917651286e-17,2.46397812822165e-35,7.300511055682983e-31,9.86768412586673e-24,3.6415106215565137e-29,1.2306716232402136e-20,2.982219776491756e-16,8.838811333443345e-33,9.084555901621885e-30,3.493121516843696e-16,2.020321517845517e-39,6.139847600842197e-32,7.813770654825557e-19,1.3879420909025974e-24,1.6656593323613055e-31,4.1388289933705e-25,1.3324557039859916e-32,2.2466982869769632e-33,6.252287239331697e-24,2.7250916187739744e-27,2.440272715765133e-25,9.401156415237453e-19,3.4181307693922996e-17,1695.733878852741,103.34429240676614,0.0007607515525055,0.4124949440956649,0.0116907661552771,0.0021392451318814,0.5729142930646709,2.038905007510307e-20,1.0692924039387393e-18,12.0,14.734175782501154,13.186600126298853,12.449017705052716,14.876846809844077,0.29960741253438117
8.549498859524966e-21,9.543920124523116e-12,7.418034400679631e-23,3.9768362344066215e-11,1.803453747233697e-14,5.880130765618453e-07,4.711108518934556e-19,6.570138472800364e-09,7.827742976936491e-11,5.7651391757660015e-24,9.395265276160206e-22,2.056086781989603e-24,5.8237516436519794e-30,4.533236283825409e-29,3.866345744252487e-35,5.6517626765644174e-80,1.198263877712549e-06,2.102005810280261e-20,1.8575973840776845e-19,2.530882270385535e-15,0.0034847320119935,1.0207135716411655e-09,1.9148107338949944e-17,0.4560235848858883,0.012944788736481,1.3062068742559852e-09,2.715852170176989e-09,8.937680420836198e-14,3.2358777893141244e-45,1.0921788105055897e-74,2.351512580449023e-34,3.2862635537260295e-55,3.3519452763274836e-82,6.603061242819829e-103,1.251460486876999e-05,6.200154771008418e-16,0.0004087247103224,1.2052571137363024e-12,0.0017961518474782,2.127945797619571e-06,3.313728959938426e-20,1.2082674828789408e-17,1.7877403116487174e-05,3.795411354687941e-128,0.0415024090651537,0.4769434251762906,1.3682702575731878e-22,1.0083337692123936e-36,2.0807382099813988e-54,2.571966236802536e-54,2.480150064189914e-77,1.6215450898678104e-27,5.458059385886769e-50,2.7337119356328494e-14,1.8901496714938742e-16,2.0572359389793698e-29,8.233751129239982e-38,1.9967704564754386e-30,2.862515203772608e-58,2.5721278791429935e-92,1.717399733100111e-21,2.166008289709918e-34,6.25432658991991e-60,7.07085319726557e-23,2.568271574545193e-45,4.097610696404369e-72,3.9217481815321457e-13,0.0068617504754085,1.1441842135722992e-30,3.4380066422308957e-78,1.6829654105246138e-101,3.309434567587242e-125,1.1331871422888006e-25,7.782710435146381e-20,1.3875441807823262e-24,3.783724833722453e-37,7.266265323043351e-33,5.1081684353625804e-67,1.2678318481406296e-54,1.151113229860114e-07,2.0099399248833607e-15,1.1281091220792808e-22,1.4716983796517698e-30,4.200267109097046e-37,5.571307363793473e-44,1.7268733510556178e-51,7.468618770473768e-27,1.8257545840178015e-33,7.378393722972815e-33,6.306452166368688e-40,1.637921958878339e-26,2.822762594270532e-32,2.0631298340165018e-19,3.1780602301552135e-41,1.1591109826810241e-21,2.256219865170925e-36,5.8895481221009865e-36,2.4832044708218303e-50,5.396647270700841e-48,7.196037504640374e-33,5.570795776607631e-47,8.157755727701197e-52,2.1792231187438697e-49,5.3503248946625454e-42,3.8884045957813e-41,1.3031750652836667e-31,3.0194731767615585e-63,2.453212999348722e-34,5.900448212896893e-35,1.5012672064650242e-51,1.4255085466006354e-47,2.804604646462846e-44,1.039831715462605e-55,6.145266202023141e-62,2.1602161102202668e-19,4.665160123112396e-26,1342.1201001988225,9.340739908113864e-06,5.916592132870432e-07,0.0009647153732871,0.8386115825786971,0.0270049242818045,0.133418186106998,9.918897161040865e-14,6.5861477149311336e-12,12.0,15.212327567592602,18.151489224700413,16.659371332199377,17.353143400170463,0.23893936978093086
5.038291729810614e-19,2.2424880198152405e-07,4.650393359459481e-18,4.770885378030458e-09,2.2215562916670887e-12,1.245810549439358e-08,1.335489941746679e-13,2.025449558216915e-05,4.847819998105738e-07,2.0696770116487418e-17,6.9022140079181305e-15,4.949413740479308e-16,6.462861944867225e-20,6.2659927747574794e-18,3.7637436391306616e-21,1.151645651412114e-57,1.2486840982753168e-05,1.6989555531795864e-16,3.2974341524702917e-17,1.217487963211007e-13,0.3840319717312134,4.1782053410861256e-10,1.4690106165840861e-12,0.0013481713267619,2.8165453626510024e-08,9.486978956739308e-08,2.667595337190056e-05,4.752529749163325e-07,3.9601195791016317e-32,1.0684246286782518e-55,1.5604178368891715e-20,1.268770493071647e-37,1.1719663587896674e-58,2.5309324116911493e-73,8.829834586789548e-05,1.3355035026693437e-12,0.0003994219686312,2.3954461482966888e-09,0.0129394832954899,0.0071205487803746,4.754588660212629e-17,7.586462522541004e-13,0.0001316250779743,1.5829286333378937e-93,0.0133970457364912,0.5731349592233266,4.353841636323596e-17,2.789240838970436e-28,1.4604805091330568e-42,1.7665706204585928e-42,1.8407056172910506e-61,8.204577901654354e-20,3.478147463246444e-38,1.1832522015257117e-12,3.2568185549151398e-09,8.736314033898697e-21,1.2367855620369558e-28,3.471935579468966e-20,3.6923897169337584e-43,5.892673617689473e-74,1.0635343507804943e-16,5.568373252538836e-23,2.7216589740404804e-43,1.682758166265656e-18,6.165077379246327e-37,3.379546369524771e-59,2.332645673228471e-14,0.0073477265953775,6.920940596136689e-26,8.965412026097498e-65,3.9883246617073966e-84,1.7634434023052616e-103,5.098401166198761e-23,1.2122157746376104e-18,5.202342218220714e-26,2.2797761038841168e-29,6.108342876181027e-29,3.533582901318213e-54,6.8346569701714335e-47,1.933283487554576e-12,1.980627125298824e-22,6.255950666806971e-32,2.8288701978574617e-42,3.9573233278776986e-51,3.2505929324556416e-60,4.6011885816894494e-70,1.4697223095075182e-21,1.4204630509442786e-29,1.6512742001742843e-24,8.191919241820637e-33,5.365975572174948e-18,1.3384234975397094e-26,7.233997110943865e-18,4.029657653887799e-34,2.124390350714867e-19,1.3014444016562925e-27,1.6240991498072938e-29,1.917591397502152e-38,9.209421403691334e-39,6.1122327059918244e-30,2.0273004130936438e-34,7.566009773369981e-41,2.488265391077372e-33,4.841977060546495e-35,1.4665305186895187e-36,4.949567867313773e-25,1.3182135736784667e-53,6.432003273864072e-29,1.1526725135127063e-31,1.0322370398544088e-42,2.221356269756471e-38,9.079127128620256e-38,2.593801671724144e-44,6.3986005866707576e-52,2.582820822649213e-18,2.4938004210158022e-26,1549.6525367203087,6.38242951384864e-05,0.0018859789828548,0.1010204394654349,0.8855830287672951,0.0111558978482133,0.0003546549362017,1.6761063805622695e-14,1.2537275726605777e-12,12.0,13.728872404777782,14.67169243647274,12.7719676801878,11.274269160179498,0.23834665904085123
1.877470150651809e-07,6.774898004830715e-08,4.864227091980662e-08,0.0346326360328422,0.0055695665289811,2.2487945882414313e-06,3.054787151917369e-16,4.3847031302960996e-15,5.714342134690658e-16,8.165386881475724e-28,2.5721389405570683e-22,2.8590445141514336e-29,2.651046104262073e-37,3.679722896043837e-42,3.777774742838112e-56,8.51378199821355e-89,0.001304891695309,1.275493645485987e-15,2.1031287211297272e-14,3.3176805402687205e-12,0.0129092544323475,1.1564952556654202e-17,2.7613253601029384e-15,3.411248263545478e-08,1.1292995602235876e-20,3.537406058187367e-06,3.044445246690232e-16,5.024646419293258e-29,4.839737219028639e-55,1.2835940318155587e-80,1.1866066582101807e-60,9.572658090833232e-77,1.0686544210944532e-99,7.280985857190913e-127,6.93293282757576e-08,7.014039295816683e-18,1.518575850138044e-11,1.877504768300747e-12,2.7780461088812535e-08,7.680092045119031e-20,1.0700516252429048e-29,3.2090064202817303e-25,6.602310193085025e-15,1.223433692591794e-160,1.2623452312824564e-20,6.625330838431746e-18,4.10171747004007e-17,2.3467685905800185e-29,1.5983334663452942e-43,1.830961066088746e-43,8.496526714843827e-61,1.8608840062749183e-20,4.889052471086622e-37,4.554782649921062e-20,1.679279373870896e-20,6.342089815979807e-31,1.1979313395196108e-39,2.2008130706763272e-32,1.139551968346142e-51,4.1881622909822756e-91,3.8192690336251503e-34,4.754043498938942e-44,1.6319292528520933e-71,9.16164778075758e-12,1.202915035147499e-28,5.0877007089573534e-48,2.9111575197979833e-13,0.9455771348014194,2.2703786150969815e-20,1.3066319221115314e-54,1.8218724866658794e-72,2.0395846760115017e-89,1.0458628055763136e-16,1.2662481453803137e-17,1.4136034159033364e-31,2.6329653371069174e-20,1.8019254515770537e-29,5.596013152888754e-41,2.507460868032395e-46,5.97185232654357e-18,1.4597888368467237e-33,1.0271606348328758e-48,3.12516289963809e-65,6.962702283252949e-80,1.66681374214898e-94,3.1146026823678924e-110,1.8714477264986897e-07,1.0849278015798928e-17,1.0751799111470098e-20,6.958850852772745e-31,5.5382100058676285e-22,8.290674010826317e-14,5.6546385857892044e-14,7.335508739502761e-31,2.967427589497539e-16,5.084504885685952e-18,2.173162600532017e-24,1.7927840073189457e-29,4.4081955620814497e-35,1.1532360213390745e-33,2.7537139327457165e-33,2.1014431938676508e-42,1.1644443754411599e-49,2.2779913994573377e-14,1.690590993471697e-20,1.5901140108514822e-13,1.2160580921465884e-41,2.9896128125455725e-14,5.3636703298110344e-21,6.803451584539433e-28,3.094740874415142e-18,5.676407976173154e-23,4.9577467438640685e-27,8.476562158544864e-37,6.020044305758724e-10,4.67068253390153e-20,2488.268650834873,2.086817873956421e-09,3.4571723603098914e-08,0.006588191196524,0.0249301813772272,0.9684804276744596,1.1651800653993907e-06,1.4816255741734295e-09,1.0568929095770465e-07,12.0,17.28004516217397,17.858004405976423,19.4473698161419,13.527672013640116,0.2339771091745193
1.5079984884987208e-23,2.6197481905780552e-11,2.164516602591583e-22,1.633790964358015e-15,2.6645625566613136e-20,9.140482392538507e-11,2.440750182256261e-16,1.682692123892748e-07,3.265366103495606e-09,6.071416420715575e-16,1.399846163677903e-13,6.569431866525242e-15,7.998341213176056e-15,6.79050997957733e-13,3.131483124429247e-12,2.617911546322389e-42,1.0415202323100507e-11,5.647618745256827e-19,1.3671408673858186e-23,7.470526101022261e-20,0.0039860749823827,1.2269859297768624e-06,6.277547212811461e-11,0.0005917408683936,0.005691172739775,1.2494495723257992e-12,4.429487533882733e-06,0.0006551860089464,5.789351791626531e-22,2.2814061824325243e-38,4.810001145830797e-10,8.503293407377688e-24,1.100856869772744e-37,3.748366336581726e-49,2.732816598882521e-09,2.18307922809362e-13,2.6133357416234324e-08,3.4372775813384896e-10,1.1310317830077124e-05,0.0542098642164036,3.3792308474086695e-16,3.7539195145339083e-08,3.764232349877765e-06,6.784317397049006e-59,0.0013332768091174,0.9335117045979372,2.7150019362968848e-21,6.70664939732985e-29,9.7994387895846e-40,1.193081861977297e-39,2.2436673542906267e-55,2.81768573646287e-20,2.0608005219762209e-35,4.842863253168736e-11,2.889713509155885e-09,3.4534859155188235e-21,3.8992743816584144e-29,1.1368460087873192e-16,1.222701706460995e-36,9.40537336632423e-55,2.7012090606970852e-11,1.7683847651422247e-19,1.4862554784606169e-36,1.2243640195198163e-22,8.272906485863569e-38,5.776721473197838e-57,1.4654207525013446e-16,4.2904148760398204e-10,4.4346031759864475e-30,1.2650051103911294e-62,1.0687088175752002e-78,6.84496798164592e-95,5.639163328032347e-31,3.608407153075381e-17,4.999112076202239e-19,3.972330487852707e-30,8.089214758137051e-24,5.4624447342637786e-52,1.9112216170787343e-38,6.398137959315785e-09,1.6177858657141185e-13,1.2760233992117437e-17,1.6672194419071937e-22,6.071057786454979e-26,1.209452785542274e-29,4.5529204518020044e-34,2.3171338576615695e-32,3.251624844975505e-33,1.7320258761178856e-31,1.1142746028437663e-32,1.4805042803224462e-20,1.891253290134956e-37,9.823359826189184e-21,8.696130401261412e-30,4.967403130589984e-21,3.102170563175674e-36,1.0611641422170896e-30,1.5497917775993825e-43,2.573897051428132e-36,2.4009092595444034e-25,1.91923954195529e-39,1.1866862226846899e-38,3.4137318556786086e-30,8.521676123239502e-48,7.373092963690849e-42,3.341976208426267e-33,1.7329471041588356e-51,3.8361667236749856e-41,1.649066773934316e-36,1.7004923393667848e-51,2.1017672570682934e-47,3.025417637515636e-39,1.575416788664062e-49,5.549259974629416e-50,1.2027393837660911e-24,1.6248507192282872e-25,1480.7906286961588,818.6208727331006,0.011282647569732,0.000810289380233,0.9849317514400489,0.0005419484866718,0.0024333631233143,1.9979476886780226e-21,9.839892366739261e-20,12.0,10.856229124499396,13.94099511559172,10.681546985388271,11.333795899679943,0.23063903775819927
3.695633970900134e-24,6.403571524483837e-10,5.5601481790315324e-24,2.4870806045107685e-13,4.16546487495118e-18,5.969843554231558e-13,1.5980640714409745e-18,1.653218037383926e-07,8.671009756518431e-10,6.4624606554087375e-22,1.238164056361172e-18,1.2574329345979838e-20,7.080570026694715e-24,7.960343772972371e-22,1.5333439683252792e-24,1.222558433187734e-70,4.777460528881304e-09,6.09716355951195e-22,9.681082023482791e-25,6.168213279450611e-20,0.4283525885040257,5.489940619249538e-13,1.9429217468855627e-14,4.440179825708403e-06,3.7023813505771675e-12,1.4014749138855806e-11,4.5976559837763314e-07,4.7046112757009524e-08,1.879214592562041e-38,2.3575926326565745e-66,1.414769069386538e-23,1.3424872147076762e-44,4.616646575963136e-70,9.906231934307165e-89,7.679524523320268e-08,8.189569255595314e-17,9.361168679752902e-07,4.80528192978156e-12,0.0002725441743261,0.0011929963051573,2.5196338658073365e-22,1.4486255717250102e-14,2.623472889313444e-06,2.1221199311365717e-111,0.0003267357410617,0.5698312727979035,1.534216202539856e-23,7.0945502562827464e-37,2.639620627802503e-54,3.3471275646208355e-54,1.0591642190856955e-77,2.313070607943958e-25,2.110278566616713e-48,1.7783508883976518e-17,2.6987687329555287e-11,2.4421281767118142e-27,8.099598089068465e-38,1.485177298001722e-24,7.234227174642056e-54,1.9509495081367113e-91,1.0939693506933937e-21,6.954841506516674e-29,2.6715814009621427e-55,5.960634682720838e-25,7.628770381680684e-48,1.0306041588030283e-75,4.266820599935065e-21,1.5107352246226912e-05,1.1831880256210955e-34,8.1292076446902625e-84,1.6190788788584388e-107,4.398312120543152e-132,7.573521181410655e-33,6.0100032501248655e-25,7.700328550500415e-35,1.57148459570994e-37,6.190877158502525e-37,4.2975576046433647e-69,6.543052793634402e-59,3.082913466671638e-18,1.362923101740034e-31,2.0534451644795553e-44,1.2699849172540504e-57,1.144768165744147e-69,3.6555475851248024e-82,3.884131714564611e-95,2.8375773230643784e-31,2.3005605479273423e-39,3.576823063661834e-34,6.307166432566223e-43,9.168501885768964e-24,1.3789701365039966e-38,5.364071151405752e-24,2.1429275845581112e-42,1.1346171372265227e-25,3.815382157999173e-38,3.9604845502348003e-38,1.565231760928807e-51,3.3428402263701723e-49,3.771809004830406e-39,1.6118383971121683e-46,1.314419864746395e-52,4.317148546927553e-42,8.582034721638022e-50,2.914764549534547e-49,1.031380244003697e-34,8.075916973302743e-69,9.121973180602427e-42,5.1781926834486955e-43,9.720751495725489e-59,2.6529948105714746e-52,5.5337355936935895e-49,8.809226039254471e-59,1.6275075329335906e-66,4.663918189622467e-27,2.893519183293104e-35,1159.483675865317,5.378371379664306e-07,0.0003214334906838,0.1153337359668849,0.8841589635026248,0.0001846714278821,1.1956119241809577e-06,5.059948046732453e-12,8.60191167944517e-11,12.0,14.554865235570071,15.43943922947354,11.759308582531844,9.570499113091564,0.22749041951109075
2.3686061237568e-18,1.207325866698487e-09,7.08467379756486e-08,2.1977948914424315e-30,3.517473305599542e-13,3.3250726650978753e-19,6.944259578356691e-31,1.0890225659892508e-19,4.618917169942726e-21,8.930846835796438e-16,1.2599487336519129e-17,1.2501423870349305e-29,9.268170865188081e-19,5.605569148885292e-28,1.4126094884746449e-27,1.7723350823082904e-30,3.2512573822279707e-23,2.5668957500713306e-18,3.7467881633416977e-29,4.760269975663027e-26,3.991726663924458e-09,3.905581648412904e-22,8.112541135869442e-05,8.92208667693166e-31,4.437990042042955e-40,3.627162851231545e-45,1.1056018518462642e-39,6.698311689250333e-38,5.642581477970798e-31,6.397554217142276e-23,5.4319468599051065e-43,1.3405025614973257e-43,5.8795944514154315e-33,1.7301050422723035e-53,2.127104435926997e-38,8.59397470464276e-31,8.062420073268292e-34,3.418201133144238e-32,9.185349829391188e-57,1.483508679422305e-53,1.1890939476535205e-46,5.727337480816785e-37,1.2330448960023016e-74,1.4454976430324201e-74,1.756693456936253e-64,1.5388936059268035e-87,8.325956082540197e-14,3.366119696506773e-09,2.705700366680449e-07,3.214681156956886e-07,1.689440347626831e-09,5.79855754670893e-06,1.3956829623511174e-07,3.1495056039645783e-19,7.512260825088385e-08,1.1770724429909506e-13,2.0013687494999221e-16,0.0056701070501425,1.4771448787593182e-08,5.8637384315565745e-12,2.1182151942100264e-19,2.7814056218156473e-12,2.2058819851892043e-22,0.0004858874551699,8.422875818680712e-06,6.045962732294456e-11,6.107709210958298e-20,0.9913775815763252,1.8335093001971897e-06,1.7465451539041193e-11,3.4322168816576246e-14,1.3897281193044152e-16,4.197091289362818e-14,1.772631898678104e-13,4.7332941472896875e-25,0.0023683011453252,3.8197619454846896e-08,1.28233690909437e-10,1.403917040999682e-09,1.2858880717514187e-27,1.7114442794200395e-41,6.827933086986458e-55,2.6156753242746603e-69,4.126817453289624e-82,4.649743015542684e-95,6.993319293614264e-109,1.3331187862838494e-46,4.451501558695009e-43,9.234680289637792e-46,2.124468312132362e-42,1.0056826841865572e-25,1.0531445780490623e-46,1.1256344404046931e-28,3.2371760870995336e-18,3.8318320724159707e-50,1.2720382933981237e-32,9.671035075381605e-24,1.6690449288302552e-27,2.585627926922644e-17,4.0701116672584114e-29,5.012643565371591e-35,4.509029376372685e-30,2.1065054006954221e-16,3.423315863590356e-38,5.64380253717582e-29,4.148035559655553e-15,4.317014447742316e-15,1.0432944866661123e-28,1.6387821029816155e-20,2.6461492251350845e-26,6.205772474703415e-31,7.797357944306761e-20,1.1322463906016532e-21,1.011763893926209e-17,5.64576694885629e-33,2.0832922938295008e-29,1774.9629040238558,4318.302000050891,0.0056575317406408,0.0055250991322271,4.045399603521164e-05,0.9887768953809052,1.9750191527354705e-08,7.377392701287381e-22,2.7069356296262163e-20,12.0,11.989713075438717,9.854334428392695,14.24247131059096,6.5429443123802775,0.2193048122514091
8.20818553758254e-10,1.3865947068001656e-07,0.0035943943955742,6.060014033706621e-15,3.85603272865474e-05,1.260110294757043e-07,3.6931801301996126e-27,6.3647027261447415e-24,4.482232422990496e-25,1.3092425393917325e-29,1.0373671364767595e-24,6.039817346244616e-38,1.0730927018980183e-37,1.8706362276235676e-48,3.7973931892169763e-60,1.2034920729531994e-80,4.4251734458351255e-15,6.627790954475603e-20,1.2091139994801104e-26,5.983216478709602e-24,1.4847344537312488e-05,1.4335013631522475e-20,5.303883426977607e-11,6.038261064557036e-19,9.10203893539938e-31,5.237781074354891e-29,3.8670216202154665e-36,1.5722563287254344e-46,1.2382480775001628e-58,6.108156513463253e-70,8.563909700441689e-75,1.7461775384725796e-84,3.6685897962153617e-93,8.375149193135635e-126,1.6958141093322728e-29,6.436906935533664e-32,4.5502426430306135e-32,8.214106424958429e-27,1.817319959666658e-40,1.6657172615164115e-49,1.5438413193104943e-53,1.9390268710755174e-41,1.996399605393369e-57,4.301340353608811e-165,2.654251141139899e-61,5.1454478235012464e-70,1.858204904778913e-17,1.522335147908762e-22,5.5120364267056824e-30,6.444027687752366e-30,4.387111631606602e-41,2.5549191520933957e-13,8.79588777654275e-24,2.0516076239997192e-19,6.975853445158196e-18,3.3269058930966045e-29,4.2724851143328015e-38,1.174305492905705e-22,1.6117017277541864e-36,1.8934497604746596e-61,1.849202164789168e-31,5.669193668628424e-40,6.008565250448325e-67,3.5587979053252874e-06,7.497523436312224e-17,1.6338025036512198e-30,1.440697577019077e-14,0.9963482515037692,7.996969026349936e-15,3.2445547719704825e-37,7.418462331932564e-49,6.55914901432104e-60,1.048372389591018e-18,1.1962611292839191e-11,2.2415178831785155e-25,2.595694433826072e-08,3.7027250202034983e-16,1.0103754715771296e-23,1.2040733011820298e-26,1.5149802279364665e-18,2.7378809484607943e-34,1.4533569031474446e-49,5.18405072232957e-66,9.842931180929411e-81,1.5959852795743664e-95,2.7336685158562016e-111,5.445788779869061e-23,3.838301423687442e-32,4.2308767292134185e-34,2.606163226532461e-43,8.953161479215832e-26,2.4081561431970674e-29,5.499421035318205e-26,1.288127684912951e-28,1.6127570174115108e-39,1.5570674992733244e-21,5.340764232903701e-26,5.56612686068391e-26,2.2057028932106738e-29,3.334666150740156e-34,2.4252026279614865e-35,3.3417010935468634e-43,3.429574585271044e-40,8.897222679239822e-21,5.987497631669123e-25,8.206731988064581e-10,4.757149844540785e-31,6.009070963074267e-19,5.8735859266753594e-24,7.050552540404074e-26,3.385461896565733e-17,1.0454531099080496e-19,3.597334250988612e-18,7.088048965859688e-27,1.4531698996860157e-13,1.2365367867739214e-22,2038.1566025498728,1.6004528151683915e-09,6.94638358967855e-08,0.0018097225807284,7.438832978845527e-06,0.9981827059872744,6.313518238155647e-08,3.340654159005054e-09,9.195590132419177e-08,12.0,16.4158532432881,14.029746045749803,19.157451279200004,11.95851267734532,0.16585555497540314
8.262505006860922e-20,2.4662117439850816e-10,1.3795061232849778e-07,2.7615443969146812e-37,1.7035294596782433e-14,1.2519455102805546e-17,3.674805998257244e-38,9.197329103700994e-26,2.358937757145298e-27,1.0196527046640591e-20,1.4124201747635473e-22,5.848417610946098e-37,6.0160019741227456e-24,3.05956814395946e-35,7.75005150642147e-35,4.6068067158922265e-37,1.4649189057301628e-29,2.0783964719522858e-23,1.3245147519173573e-36,4.2980427602711485e-33,1.186846846814622e-12,5.9342480521248726e-24,4.683688772650571e-07,2.1782170797172573e-34,1.7811996976555743e-41,1.0214199900309024e-57,1.0284896517299056e-51,7.531510813725259e-50,7.796142426381363e-41,2.3504428554233035e-30,6.052743942017667e-56,6.2668517256391355e-56,6.561143287554272e-43,5.054322818285523e-67,1.9505483224453298e-50,2.802838331492277e-41,1.8743324701095922e-45,1.9304591241429986e-42,2.1639287912749476e-74,4.815310421164037e-71,4.848932487951017e-63,9.07808268530281e-51,4.32238619704209e-98,1.1110544597158373e-96,2.156578201745865e-87,3.076711334109396e-116,1.6006196175684517e-15,1.0807014052457003e-09,6.636376927133589e-07,8.00996736353136e-07,1.1300510192035128e-08,1.0395981291404248e-05,6.055401388565217e-07,5.570119479778287e-18,1.5153604286643352e-08,1.4424930914481472e-15,5.982738496865499e-19,0.0172701148657025,3.0100193193098243e-08,2.34510893658359e-07,2.2646109001179716e-18,3.8197921610408274e-14,3.506991666896495e-26,0.0011709986103786,5.766404389535589e-05,4.801574720932322e-10,6.706438539904191e-19,0.9087922811691156,1.365691067582582e-06,3.6891283490387666e-11,2.185625318398681e-13,1.4066589576736676e-15,2.9681011893040353e-16,1.262377800927686e-10,2.3830369378926438e-20,0.0719626483557347,0.000639556748457,1.908432542394067e-09,9.200309458927238e-05,7.652690659933541e-24,3.768252321581764e-36,5.69958129335016e-48,1.176156752118931e-60,7.771787886466325e-72,3.0868800307115984e-83,2.0493097062974628e-95,2.9893085245244003e-55,7.37321372453028e-52,1.4845059184465188e-54,1.949785423721936e-51,2.699784594515666e-31,7.672268026275088e-56,5.6743479614848696e-36,1.2634761296569837e-22,1.4861880236711836e-63,6.577028483124624e-36,1.6986601531780032e-26,1.0652742735312985e-29,9.806840339927589e-19,2.2890597403375658e-29,5.3688093258556634e-39,4.8958776943097155e-34,1.7339556961977065e-17,1.902071482468789e-42,1.1761828344689708e-32,9.60488805161792e-16,9.747671860764025e-16,4.592674298821155e-32,1.779981867101211e-23,8.67367378495387e-29,3.0317036899394348e-33,2.3611203652335893e-21,3.1531476102086873e-22,1.996231065406122e-18,8.203908825922469e-33,2.0463579501340768e-29,1573.7823112852095,419.5055657283432,0.0171224865169551,0.0813013871123455,2.3210759986525514e-07,0.9012132459333316,0.0003626483297676,4.6615758965077064e-21,2.237556430323699e-19,12.0,12.676531122414048,7.1321225278312115,13.721260733412985,10.325918848694322,0.14524895721542214
1.2633133854845325e-23,1.429878271073959e-13,1.9942921967246235e-08,1.074561512071705e-46,1.2861101527004534e-21,2.7249966720297103e-19,1.6334204642744975e-49,7.127296957660229e-38,5.750050447422726e-40,3.711465375221274e-31,1.6167314056554745e-29,1.618979219461435e-49,1.6542431435306139e-32,1.0107347214426463e-48,2.1780850517047928e-49,6.781548219746703e-52,3.160664560924875e-41,4.1477162800517456e-33,2.5206379700587615e-54,7.141018314577758e-50,3.016397938022671e-15,2.5932161171088824e-27,1.316844688366973e-07,5.911189077586785e-41,1.2169703346028326e-47,4.355298374706989e-73,5.759406993020195e-67,5.567010613822797e-66,5.346243074088304e-54,8.557936831751209e-40,1.539025101359509e-76,5.2156819706725295e-76,2.392751407351499e-59,6.24515458715429e-93,3.857950642144821e-68,2.397312994494842e-56,9.522801670501316e-66,1.9485649448035351e-53,2.017902151261129e-94,7.619061267972749e-92,3.791144773086381e-88,8.17103216773434e-64,1.878278110638251e-124,4.607190888173845e-130,1.5791640782994677e-119,1.2936053480893508e-147,1.1885805702410667e-24,6.118136803141551e-17,4.868529120728082e-13,6.091233112775985e-13,1.0081054671316938e-14,1.0164942478564109e-07,5.369634148796549e-09,1.7603443398802075e-21,6.963758579058899e-13,3.151992971704146e-26,1.5612278197440935e-34,4.709819711693483e-05,3.946192695013278e-12,6.596004245222334e-08,1.8787519320318396e-23,9.131833649343532e-26,7.845532835219557e-47,8.137942845042755e-08,5.253665837562245e-09,7.552763934766982e-15,2.545538727257178e-25,1.727339883396016e-08,1.9626319036359177e-15,8.331567730122526e-21,7.742686459426991e-23,1.732673264051033e-25,2.4537347017322524e-32,2.7618857353396243e-10,1.832258347144735e-20,0.6702406811735332,0.2353854445693975,4.137730119508517e-10,0.0943263468511012,3.685035383853928e-25,1.4578190580054796e-38,1.9038065507690273e-51,7.572567296596612e-65,5.432474543437522e-77,1.5915028211585957e-89,1.289319432481429e-102,9.559965966731664e-69,1.6165518556863814e-65,1.8204659672275055e-69,8.611036900663955e-67,1.0036501474483268e-39,5.516966904925913e-74,9.306715661735622e-50,4.232236536297912e-28,7.756238652401034e-81,3.530331241368034e-45,2.0751129900483574e-34,2.122220226309483e-37,1.596791702879847e-24,2.9395427710551724e-36,6.463833295196527e-51,8.373186547863863e-46,8.431811926716062e-25,2.159862061154713e-56,3.8164107936360916e-45,2.610032468549044e-22,4.121172366243706e-23,1.785343562366091e-47,7.545977069167177e-38,4.1418693569165745e-43,3.974341782099297e-40,2.805520508459982e-26,5.196708026130132e-26,2.064282824148018e-22,8.602803819322044e-38,1.2001318560691326e-34,1248.671342348633,7.618547521686583,3.895982540632648e-05,0.8639234117743665,5.4332406330839386e-08,4.9998307331723524e-08,0.1360375240695134,3.3943021760016703e-19,6.992262482563439e-18,12.0,16.3458582412946,9.14444193797758,9.10833829978376,15.5430417170477,0.1427073283116864
6.275926268899559e-16,3.2576194967338256e-11,5.896381165103165e-18,4.688982645785241e-07,1.2637099751224787e-14,3.107902430378366e-12,2.1496370248769133e-13,3.9216710513610525e-14,6.829630985413462e-15,4.725868595100027e-26,2.3123980957527204e-19,6.693541943358686e-19,1.0448406881582946e-26,2.4837495350539988e-24,8.115581359610125e-31,6.003092871114508e-61,5.317577641946075e-10,2.8963686247654488e-21,2.4571514800515097e-21,2.2603395985479386e-19,5.419265967061896e-08,9.596816439154017e-18,6.235896285624828e-20,1.0383080601874198e-08,3.427502868130917e-16,1.9759989956328736e-05,2.6935697689027633e-08,1.2745677674674774e-13,5.614253326276122e-38,5.21841817618568e-62,1.1525932332527478e-29,1.2253991813572503e-44,4.1115603288627716e-66,1.2151391382229915e-77,1.2694468540312564e-08,4.5322971693026474e-18,1.0503123687361758e-13,1.4447709876068349e-11,0.0289858450139309,1.8800555364343395e-06,2.6018596887427606e-25,1.8668114268535506e-18,0.0039044862903431,7.724448614161222e-99,1.5395838142130982e-11,0.9670874549474946,4.933161127189132e-21,1.6154104634387972e-32,1.0165910802830196e-45,1.1528963057392008e-45,9.094376481401576e-62,7.268549611523146e-23,3.416049819258482e-38,3.025846579244778e-18,2.4942585035901375e-16,3.099168826931439e-27,8.724379883009083e-37,1.964510502144668e-27,3.8959907944314537e-45,7.8321708697900075e-78,1.0705531897743384e-24,6.894042311776496e-33,6.7326059397424735e-53,6.186410082997138e-23,1.3159435304445015e-38,1.560804640145692e-56,5.22528348396626e-20,2.4169207044777743e-14,1.9955857935972748e-32,5.5795992581998955e-64,1.2685480224367975e-80,3.2035901605916496e-96,3.0309863328703363e-30,9.248254480654576e-23,1.6281685850320507e-31,1.8837200884480808e-29,6.181180344081643e-34,1.8167745850899877e-48,1.172418537290109e-49,8.146777672565056e-19,4.6803617933624194e-29,7.667086237908165e-39,4.390029503582108e-50,2.150202052610166e-59,1.2715526963272267e-68,5.025968696419771e-79,3.7547148799431394e-13,1.3173613209119972e-19,8.106939456134269e-19,3.4795930941913036e-25,1.6396916403596922e-20,2.0476596621769335e-20,5.823570162269998e-18,2.1406868648005591e-32,3.749173127619153e-13,1.1367604339107485e-21,1.196490793713979e-24,2.683456501035597e-32,1.1639394061020895e-34,3.875017808519076e-29,4.854247313156446e-29,1.8507751388051552e-34,3.8135494045132454e-38,3.81762088177035e-26,6.583349934926096e-29,5.932605126130247e-26,6.953935518216346e-49,9.492140595976203e-28,5.019166931921884e-31,2.019281760341855e-40,1.7530361039028562e-28,5.57093954138463e-30,7.721855761575608e-37,8.184063799239727e-43,7.852402348864842e-17,3.854704761245434e-23,2779.5344882635927,1362.9293234822724,3.861483036691961e-07,1.0975929423189189e-08,0.9999995980880252,2.684651795511845e-09,2.103090064293502e-09,3.3788060280763933e-21,2.1258321259980642e-19,12.0,10.453687174451488,18.413245694107864,9.84213383351683,9.73610374029061,0.1425791491009437
1.8993937612270152e-19,1.4813730599239756e-08,1.2625539976675248e-18,9.244800873289892e-08,1.434550509645266e-11,9.302277253007143e-12,5.703667301909995e-16,6.598227862855479e-08,1.1088838020146267e-09,1.4365199546859777e-22,4.3262354469392984e-19,7.829807157393069e-22,1.1194138816334846e-27,4.474234691596983e-27,1.0936426155303846e-33,1.1770806332634808e-76,6.444086927968106e-05,2.2922584782798362e-18,3.113699806441965e-18,2.226815900601144e-14,0.5939381106123559,1.2112688450874788e-15,6.274453025098074e-15,6.242157384680754e-07,5.553503749954576e-17,5.414380294609153e-07,1.4296735426356346e-07,1.1831620855921196e-12,3.411049084283765e-43,5.456967944007855e-72,1.2550500110784621e-33,9.60662972506952e-54,4.916746845344732e-80,1.5443231085458455e-100,0.0001264900452605,8.035184476899468e-15,0.0001201047760562,1.9473103448341763e-10,0.0545183574343928,1.509097814035937e-05,6.166128504262173e-21,1.8636776567810167e-16,0.0001246484276956,8.154909574014709e-127,0.0003669685391411,0.310124518136602,5.927271488381645e-20,9.383759658531028e-34,7.04444195399249e-51,8.615020640909208e-51,6.174059394944179e-73,8.471569401621944e-24,2.2881740470838362e-45,2.0975612292919012e-19,8.590800309197609e-14,3.503103635840189e-27,2.013369565886486e-36,2.10081200165538e-27,5.788012875188894e-54,1.3311814348152254e-95,5.3582797991577625e-27,9.808772545621416e-33,9.317409699198258e-59,5.761375282727513e-20,1.5049829382999066e-41,3.154653111349552e-67,7.963806201371454e-19,0.0405997839691164,1.1370674024746003e-28,3.5990921254034666e-74,1.200633170880974e-96,2.5197178077725304e-119,1.0141893637550712e-24,2.436495794799952e-24,2.4461872378164383e-37,1.454712433711454e-32,3.861920512297601e-37,4.683395808770583e-61,3.872237745783357e-58,5.933717271339484e-21,9.047414800809548e-37,4.339735728414168e-52,3.810701031587991e-68,8.682538013550228e-83,1.0312825900069248e-97,2.464868062559132e-113,2.144861936990597e-19,1.0340761525571723e-31,7.699290814714914e-26,1.5727962651320447e-38,1.5738487083021835e-20,9.64730640821461e-26,6.287478521223417e-20,4.028592765983969e-40,2.3630081574645698e-21,1.642553732013223e-28,2.984199449418254e-34,4.8121564694249455e-42,4.977007968028037e-46,7.480374614311003e-40,3.4273864441367185e-39,7.970427494065051e-50,6.145573000102837e-43,3.4269259071729042e-34,1.6199875028553325e-39,4.1594317475818145e-25,2.302770568803868e-61,2.1154376607001135e-28,4.4075044719834784e-35,4.78489997274671e-45,1.1450117371246932e-38,1.0395215510911452e-41,7.7980943770371165e-47,9.331204765341853e-59,2.495187100117467e-20,1.1290943923312446e-32,1437.009675253944,2.5044533272171178e-08,5.127804448341915e-06,0.1988333118241254,0.7735885102695005,0.0275728411302126,2.0897171284221586e-07,1.1090677757179416e-10,2.9073419549177478e-09,12.0,16.58855769153965,17.1785785559937,15.730550063737006,10.61015604767024,0.13730391884864535
1.6373349660847217e-18,7.661859748645193e-07,9.730489624184875e-11,6.4247169305632196e-24,4.313867775557079e-15,4.836953726468997e-05,1.3352485163526872e-23,4.702202602131556e-13,9.503935187388181e-15,3.287841891347305e-13,1.188466137229768e-12,4.7097743196686776e-21,9.204044528733505e-13,6.236255582394862e-18,3.728199433095347e-16,1.5710312758224428e-29,2.3614754782943868e-18,2.4236552313529865e-17,2.4323959592220464e-28,1.2317523650684954e-24,0.0020018211406784,0.0001602638266871,0.0059295157048031,4.5153612846045806e-10,1.02768851999142e-06,7.718721522745022e-33,3.221874151658438e-25,6.084550640319739e-22,2.083086503001391e-23,2.989304458603061e-23,9.060592792382332e-26,3.4099175303784144e-31,1.620156195970673e-28,7.562635796079124e-46,9.80043271647206e-28,1.4031569719039634e-23,5.553668550783325e-25,3.3066751724987674e-22,9.875221928042656e-38,5.988208392510089e-33,2.2825876768669482e-36,9.174339919544457e-24,5.326067178636437e-50,1.1618993628720749e-62,6.953120030886884e-44,1.922584342494594e-56,6.146337635227309e-15,2.8924349844258035e-14,8.571923034528435e-17,1.0423123673120854e-16,4.326331158369292e-24,1.6549441023497786e-07,2.6951902212951032e-14,0.000353487109249,0.0010980240192407,1.0519457138966009e-13,8.503329647751323e-20,0.0083003531270606,2.2047314076328593e-14,1.5589537918231613e-13,0.0026637991801129,6.921730296219439e-11,6.90712578477504e-25,3.458677402207863e-09,5.136858021026539e-16,8.470243763585259e-27,5.476475641835153e-09,0.0035015397985205,8.797624653550421e-15,1.3191686632534382e-30,2.4354230399262943e-38,3.593059613411771e-46,4.3545192284811775e-22,0.0036021192382461,0.0126527461975166,3.4216959539813493e-10,0.1496232922557178,1.1919789689905817e-23,7.568558218577984e-08,0.8045148351223267,0.0054331722944366,0.0001141908189719,3.864716431108696e-07,3.7198876878817794e-08,1.985823617773377e-09,1.9678034566529548e-11,3.016037389963594e-42,7.589671021439495e-40,3.005143631972498e-40,3.544395609627245e-38,3.371582016803826e-21,1.7231073179031176e-45,1.1123777231400469e-25,5.148447422974114e-20,1.5070689210953432e-39,3.516657475176154e-33,1.9069860833241122e-24,3.431810223657616e-32,8.637217925564617e-22,9.698637486674691e-17,3.2052719266571445e-35,3.464089501614777e-31,1.0348024095137387e-16,5.700746925194642e-44,7.756739292784726e-35,2.727583673595732e-21,5.930356972548097e-28,1.3878335837785454e-35,9.70560264344576e-28,1.2502201882675377e-37,3.6649009221559943e-37,7.966113494761729e-26,4.740949065764291e-31,3.004272836473108e-28,1.9795004010344247e-20,4.830070946828382e-18,1493.6674155725498,0.4981589504166353,0.0112040350599393,0.1546273086938825,0.0037041755615898,0.0032051721922668,0.8272593084923214,2.483822219341256e-18,1.589646220378404e-16,12.0,13.13991173784747,11.5193171029828,11.456476907034064,13.868267203471923,0.12929606370364152
1.2235068688121745e-22,1.2870097923795369e-10,4.0283958499063657e-22,1.071643124218995e-09,2.041549473431323e-14,2.441933670221287e-12,1.5622052524793981e-19,5.885673045947193e-10,4.040681000720645e-12,9.767437977998384e-27,1.1866000649980132e-22,1.880597986742258e-26,1.292688163313791e-32,1.5627701768018147e-32,4.27588643926118e-40,4.241174896491751e-90,1.6792568303650317e-06,7.7356516831784155e-22,2.1121872357929191e-22,8.105909635314217e-18,0.4994585166970414,3.624019566305739e-16,7.846507227477588e-17,1.5794240654467737e-06,3.9912257139364742e-16,9.232307253943196e-09,2.272210084368966e-09,2.970090338088519e-15,2.582380048738858e-50,4.750192841506645e-83,6.2700785157370965e-40,4.678189688317511e-63,2.421338222961797e-93,5.17005564698656e-118,4.266291858724659e-06,1.15173864213309e-17,5.050488441490562e-06,3.1431210338005795e-12,0.0137638510998591,7.269670803999498e-07,1.1565017900856462e-24,1.839133139938895e-18,2.4344042281506193e-05,2.5225092395601756e-147,3.903165318185037e-05,0.4842140551944424,1.7701792391573142e-24,3.1061797520928918e-40,6.594422751300861e-60,8.29210026479631e-60,2.618760180319075e-85,2.5202579883932295e-28,2.446283854054792e-53,1.5631195706330013e-21,7.864270543253435e-17,5.134588036706918e-33,5.76792526849352e-44,1.747698343820517e-32,1.7886702807490913e-63,3.271471646564904e-109,1.7970193280906156e-30,1.9570231271927297e-39,1.8303464704992935e-70,6.2254140025783515e-24,7.776091989857797e-49,1.6343680920335238e-78,5.4406139360247154e-21,0.0024867278409836,3.6783992379986285e-34,4.191262379450186e-87,7.755017365651553e-113,2.7932502550032342e-139,2.6581835314311043e-30,8.761876469197794e-27,5.407697615653567e-40,4.5032485030018414e-38,2.844623935912071e-41,3.067178246688312e-71,2.453948393911854e-65,3.967240604619028e-21,1.1893102556218765e-37,1.190746807007804e-53,4.060904855669519e-70,2.3060766441937026e-85,5.070028940350934e-101,3.304074108796369e-117,1.1135444500553249e-23,9.48511328184728e-38,2.4060255475243632e-31,5.219960301441906e-46,1.984084153144549e-24,1.5886621187222047e-31,5.7648185668189565e-24,1.1926998616261482e-46,2.0476663722556984e-25,1.9845934860446454e-34,9.578583209959643e-41,3.670156789103837e-50,2.70902900524809e-54,2.0164220336009472e-45,2.777250615019771e-47,2.00679471121446e-59,5.286487600134292e-51,1.6617573801903026e-41,2.4888075207694803e-47,3.9957584900874555e-30,4.817955207824288e-72,9.433223838444412e-35,2.954561241500288e-42,5.79910249368479e-54,4.999225995719459e-46,3.5141948748825035e-49,3.290095922985828e-55,6.50778592868359e-69,1.1520070697369402e-22,7.87015973504799e-37,1213.6854901421436,3.070033042881895e-10,2.105848839751685e-07,0.1440949701980545,0.8544423920247091,0.0014619715280033,4.556643491328109e-07,4.912344956315956e-09,1.5282850975205198e-07,12.0,17.835221627714745,18.608255593351483,15.841511720977536,12.33521785719667,0.1284683407205134
1.3409748954679305e-15,0.0002752754929923,1.0161517830586945e-13,5.907440454360104e-19,2.4994822260971336e-14,0.0022007417429187,8.475063724343357e-19,3.9502215198753904e-14,1.9555577475545905e-15,6.3729392663920886e-21,1.2958450852039178e-16,5.510525714348616e-17,3.9281692738987153e-17,8.203060772545651e-15,7.188688021731424e-14,1.0754509948278068e-37,4.107348399826185e-18,5.8535325279484024e-24,7.227257997313203e-30,6.886337551863676e-27,4.3007237161979165e-09,6.326995983282254e-11,1.5410423675609853e-15,1.1730017436492072e-08,6.123264043219425e-07,2.686851814998029e-27,1.975044694012405e-21,3.9346358208730403e-19,1.449829467335348e-33,5.677872588908807e-47,7.872311795434814e-23,5.4883506302297885e-34,8.590444728221644e-45,8.83550319408077e-53,7.649833893731905e-27,4.511915320391892e-30,1.519125126607861e-28,2.1768074203341416e-25,1.2478247568946026e-32,6.327457488368799e-29,1.4401856339858013e-45,9.997684156057483e-35,5.268193068732623e-44,1.579780538228012e-82,2.4875720476516734e-46,1.3625827309236706e-50,2.7328321807367943e-14,2.0367106414231668e-20,3.8452944878775715e-29,4.546381362919654e-29,7.742547043726628e-42,2.9642787946528836e-11,2.384374646499793e-23,0.0091441644014025,0.059738588637594,1.5435775823156778e-13,2.8274110079246203e-22,8.56374705258038e-08,1.1084774550796306e-23,2.0410293419130296e-37,0.0249892548509664,1.2265557034731224e-11,9.334796514481127e-27,4.542898702382715e-16,2.5047540498527846e-28,7.548157353196471e-44,4.1122303048192877e-10,1.9833792111465675e-08,1.7175347748078556e-24,2.284582809740362e-50,1.4063170879309798e-63,2.1654399120876495e-76,2.6206876300328975e-27,2.0801131813885386e-08,7.539884672022794e-09,6.38835843599797e-20,7.439428199659266e-14,1.890337769688897e-37,7.889211377313156e-26,0.9016478207572688,0.0019903014736873,1.3082358157509102e-05,7.4083160708959354e-09,1.8676552747230056e-10,3.548506041285874e-12,8.388222039064732e-15,2.481184587132096e-32,2.2602809882937684e-33,6.6198831048373894e-31,4.479296343810475e-32,3.2245317210562588e-22,1.9297640958687483e-38,1.3900476057139353e-25,1.4244128842889449e-30,2.603302600109289e-34,3.663131596259639e-24,4.7496435144634863e-20,9.70673711492314e-30,2.1581131027953286e-24,1.695936592011998e-14,8.154652324100412e-26,1.8152629046510111e-25,6.749266585566234e-18,3.919563691527745e-36,1.06895878950452e-31,1.599291779731626e-24,1.828816353373214e-39,4.398934968698821e-33,1.2999706029764356e-29,2.6418992537641656e-41,1.1272384138336328e-33,2.0074492323342355e-27,2.5952131906158273e-35,6.410592504572343e-36,2.0404196977597883e-14,2.110558466718451e-15,1847.6422579672692,0.2205191561248902,0.0883543774213463,5.8472102474906335e-08,3.1042418681327724e-07,1.9803444385086408e-08,0.91164523387892,5.783954305131446e-18,5.84179384818276e-16,12.0,5.820720638973929,6.5457274810941435,5.350512662033887,13.013597794779937,0.12607588279607662
9.81217321433267e-13,0.0010707992005154,1.742766929356603e-21,0.0015351993516047,3.228418364320139e-07,3.812162867556613e-08,3.549070326780148e-10,1.584425166938769e-05,7.404065894752138e-07,2.0871227063044373e-27,6.079931418131372e-23,4.050215740198433e-15,3.0791244638037885e-30,1.0919390570029025e-19,1.7032331038554631e-25,1.1162533573614434e-79,0.0086171661515338,1.0353354662242649e-23,7.885225488056857e-15,8.364440969725636e-12,1.6524059097525258e-08,1.6604155013393934e-22,5.0356361849646886e-30,3.1666074158491805e-05,1.2912159623147629e-15,0.0009629992561266,0.0001444380906337,5.229572041273994e-09,1.2273957345603266e-53,3.3431064830219843e-97,2.5407183220787484e-26,1.2634450637166796e-52,1.358999782403922e-93,2.835665178565337e-100,0.0021864709806168,1.177015296772315e-21,3.365669158640655e-05,8.674810436064087e-17,0.7181382247468826,0.000673618763803,3.3716356086425215e-29,5.785828431714871e-33,0.0003978948585093,7.235266687773938e-144,1.0521203704130351e-06,0.0157839874058385,5.6520466705120127e-14,3.5238527936643085e-35,5.083974837754136e-59,6.021888156291661e-59,6.949973715487648e-87,8.967681979755046e-26,4.832862292488021e-53,2.5856163891761193e-14,4.132325822817533e-08,5.3959665684448695e-20,5.854350417549643e-29,4.901044706623254e-29,3.66540826995807e-60,3.34433755941606e-116,1.1867781471521356e-20,7.7281078456581375e-25,4.365006019701723e-47,5.567334213796672e-24,2.0949290153629812e-51,3.884124886892455e-82,4.3110896267345675e-15,0.2504057992239009,1.2809175887893464e-32,7.036414387322723e-89,2.9724124522005647e-117,2.9221917946832147e-145,1.3176324648926766e-20,3.058552869505252e-28,7.868103392658056e-41,9.09796021979085e-43,9.516306660291163e-49,1.5012544143954448e-75,7.141887887325672e-76,1.2159015148382193e-17,1.767526336298615e-32,7.669607599864759e-47,2.9856157008821008e-62,5.0258714324716017e-76,6.248972763019368e-90,9.924797840148196e-105,9.87679599165694e-13,1.4691073016445624e-22,4.515502282395051e-18,4.852003720350955e-28,3.1210666500482086e-24,4.706025561716752e-19,9.327149949620678e-15,1.0789324516379048e-49,3.0559292924174836e-15,1.7441220033654912e-19,4.400109283217942e-24,3.737229009255356e-40,1.7242610134399646e-43,1.3292129577488954e-30,5.766694415105091e-28,2.173712401164256e-36,1.1041468205693788e-41,5.6584123315784405e-25,3.036935496336073e-29,3.6427951276855694e-28,4.250465996436752e-67,5.6153583857685245e-22,3.1127126818198877e-27,2.5693220494961905e-45,2.3639783007478874e-37,8.776804572978961e-40,5.24510652133465e-54,2.1050946216546912e-63,5.915727500961138e-15,9.890731491075506e-25,1819.8356591300385,6.427807948250818e-09,0.0006885619964677,5.971571838897979e-09,0.8143866969324788,0.1849132776345276,1.1457464954164333e-05,6.645099734345152e-10,1.7355436953230877e-08,12.0,6.938145612113412,15.07288762163278,14.429025047460204,10.221145488323632,0.12275393534089707
3.531419958680373e-29,2.282472005038718e-14,1.351884469176954e-28,2.3144145802157407e-19,2.483180984115088e-18,4.603811950156529e-11,2.4448165848651503e-24,2.6954972415560538e-08,1.2364653920631901e-10,1.6382539591334125e-22,6.1078749360745196e-24,3.8477474187689695e-26,6.264837678440941e-29,5.258830091303509e-27,2.1025260682285226e-29,1.5506623473740574e-75,3.170214790513853e-10,6.822747355099661e-23,1.6691348174765589e-21,1.3691078263013002e-16,2.439254072887485e-06,1.0055245509726868e-11,1.9043355947606448e-19,3.463034772138164e-05,0.0001267721127377,9.961774054827949e-19,9.322119137822325e-14,2.088215627670216e-14,1.837990624097144e-44,6.178205235874411e-72,1.4542030450916724e-29,1.5791004581137034e-50,1.4390389174261707e-75,1.880611637840434e-94,3.831650952953827e-10,8.218188021541398e-19,0.000305497408009,1.0950332842583173e-18,2.085163177887206e-12,2.056415861816892e-11,8.542963684562374e-21,7.154991628098278e-22,1.4009536590296622e-15,7.734342353398063e-119,0.0006397707817771,3.0013012641938983e-11,1.475935992868667e-23,1.1220625788780356e-36,5.604538734007459e-54,7.136530584487473e-54,2.2951674900784262e-77,1.1343360898360849e-29,1.0184196911279893e-52,2.3161266110246584e-15,1.9757835009003953e-15,4.3071056906125986e-27,5.0171927693110605e-33,1.732373130170896e-28,5.9197743779193906e-58,1.52196262969279e-88,2.5797453261511133e-19,2.622859416140027e-28,3.278544446964278e-50,7.783770754914568e-25,1.0234779443755784e-47,1.1268149937395652e-75,1.2039234413149372e-14,0.9988908611841342,5.7878926882285384e-30,3.185561275743753e-79,6.684777964650879e-103,1.6022239832260938e-127,7.040180806952602e-24,7.86007219355234e-23,3.5089141834282926e-26,6.15214755729496e-42,1.460217020875171e-34,1.0843864959373125e-73,1.7335872030731344e-56,1.023827225802436e-09,1.330338372135623e-16,5.952854467362619e-23,1.1998326840178025e-29,3.298625206350555e-35,3.0739298788226176e-41,1.0095087979381939e-47,1.0360784334268992e-37,5.9016271145582144e-46,2.468292310828487e-40,2.824923257575013e-49,3.554062518472007e-29,1.8981756929753387e-40,1.7314546966404587e-25,4.8271026262965114e-48,4.142839967131407e-33,3.1725561858328944e-43,3.4718216305830498e-43,1.963083313955045e-56,5.122840230491018e-54,1.6960211831668965e-37,1.8250892547775777e-51,1.138302903711266e-57,4.570614957857726e-46,9.668766610783473e-51,3.554483015030461e-50,8.263635398954157e-35,3.81522026298533e-69,9.048657531584954e-38,4.97307094182578e-39,1.2876746982761156e-54,1.5010777155183877e-57,3.874497190404952e-54,1.131936896985616e-63,1.4558128571392006e-71,1.731450447462392e-25,7.3730486074405115e-34,1134.2658232505112,0.0110777666277184,1.3527384416416213e-08,1.2176522128338509e-06,0.0016643324459389,0.9981905968112726,0.0001438395631911,9.895641655879078e-17,4.240989281091033e-15,12.0,13.954309430511708,17.090026247948632,19.86799964256558,16.02666452370672,0.12184966129530454
9.367850650053592e-34,1.8773415296280496e-19,1.0099367843484253e-12,2.290545827458689e-65,1.3204123311582343e-28,8.275586090790678e-34,8.169770395235598e-69,9.348701893365285e-46,3.7955504526133136e-49,6.711430459162946e-35,1.2988732611863602e-37,1.5158236690373072e-67,2.195371218787769e-40,9.812595867683689e-65,9.003337411755225e-64,2.7967376962573512e-67,2.167804382415928e-52,2.4921841221444e-39,9.514232293700442e-68,7.760864787733982e-61,1.6680494942266272e-16,8.85139016462657e-39,0.0009987731015114,1.4183435494336262e-60,1.8802325626822754e-74,1.4163901684413375e-99,9.828748241826268e-89,1.3852285134719163e-85,3.5361015256916225e-66,1.0781690120186637e-42,6.6291843159475135e-99,3.372659473793911e-97,2.737631556413016e-71,1.7693194474560542e-120,3.0388708723074533e-87,8.134950656327416e-69,3.6272775398670335e-78,9.346151239931035e-69,1.9967910232411297e-125,2.267472460419647e-120,1.6492363052288204e-105,5.922665018780897e-77,4.227365790632897e-164,6.669617691872627e-162,2.833163286362679e-147,5.106121174115985e-173,1.8693843671823374e-32,4.575776936236274e-20,1.948476239130629e-13,2.679225842598216e-13,4.74782869088711e-15,1.1432987439765003e-10,3.033357044417367e-12,2.2728792684190205e-36,3.0405182910534483e-17,1.3146798179236349e-33,2.953945295749825e-41,4.6896032906274005e-05,1.0609249865023148e-15,2.0571941219003692e-11,4.913643321670155e-38,3.1985638305542333e-31,8.503556981022393e-58,2.3667698964076826e-07,2.0251716262393116e-08,2.289325511990046e-16,8.47559963517438e-39,0.001093668822603,1.109126368106814e-13,1.7915842270008958e-21,4.094665583566393e-23,4.203263555242654e-27,9.612979349070002e-36,7.888459222872122e-20,1.8709818538091404e-39,0.9977320635760322,2.565564495982476e-05,2.4930740985613947e-14,0.0001026857537301,4.422019996982705e-47,1.4097058332718954e-71,1.9329668730417085e-95,6.422580546356878e-119,8.761794413118713e-142,1.8287973326355537e-165,5.106121174115985e-173,1.6076722015965516e-99,1.169013900353701e-93,1.6046494246847188e-99,5.3244784924617544e-95,3.532324634151782e-53,1.9911668937622988e-103,6.956970098715313e-65,1.8388208444901705e-35,9.123859098774701e-111,3.310757610598141e-68,7.226267207393455e-51,1.3349417000945057e-56,1.0008671725591736e-35,1.9051287441826004e-58,2.1290248474569974e-76,7.978106173365589e-68,3.195849600916048e-34,1.4373270669190232e-82,1.6993935405404282e-64,1.2881066062829498e-29,1.2878827076533693e-29,4.231900281843323e-64,9.956633945858175e-49,4.745003922407136e-57,1.3584257473700012e-61,1.2775025274620388e-39,1.1251459977243664e-39,1.5934029348847197e-33,1.968983088770916e-62,7.061895685651339e-57,813.6080316377885,0.0219992255759616,4.686972534276459e-05,0.9982966949447208,0.0004990965081668,0.0010932076027535,6.413121901576253e-05,8.169793878585574e-17,9.344201748632252e-16,12.0,16.328367224743143,13.027292122862498,13.36781023479245,12.136177086573865,0.12051323107350513
2.488701874764846e-13,1.0476696264937347e-10,7.765664352018241e-13,1.412268476712144e-05,7.965219325587767e-13,1.7266467560763317e-05,5.080822777187706e-15,2.0937184819749473e-14,1.7806888489606067e-15,4.6105323400349055e-24,5.395504490871612e-17,3.6983232779606823e-23,2.9342736481788895e-27,4.6134832801065345e-31,4.000360246299891e-40,5.739197693659983e-68,4.311844028187785e-08,6.244470545748131e-17,2.0946819979913907e-21,7.300647220937379e-19,0.525974537562716,6.434337303121176e-08,1.7675693208201894e-10,0.0446673043380376,5.491239476502317e-06,9.852543008074864e-05,1.9841346913170223e-09,3.221127600794265e-17,3.33960187052922e-37,1.652146660183313e-56,7.630200093613184e-40,2.6073041238917883e-53,5.609509912069416e-70,1.8315923541662092e-92,1.3965129249214405e-07,3.921600363473761e-14,1.798184808706818e-12,6.035095631712996e-07,0.166811727162849,5.6520184414278155e-08,6.491166513727047e-23,5.3801490750130456e-11,0.0017653867093299,4.8019994812287796e-110,6.830473832301789e-12,0.2606447118683185,2.3075228425638353e-22,1.8691080892090803e-31,9.03966228881834e-43,1.0503583048597245e-42,1.4163394755110333e-57,2.413128924884286e-20,1.704839353468291e-34,1.5868527511005095e-14,2.2430606982543746e-18,2.083377406360581e-31,3.107442107452435e-42,3.8631430455296956e-27,1.772157204976479e-44,2.2993444892382384e-69,7.373631886401077e-24,1.454202739909182e-39,2.4236781408525945e-65,4.7945150416342395e-18,1.9495281721120348e-32,1.1576179382163365e-49,2.123844431216625e-14,4.586723518992951e-11,1.1455114750699514e-28,2.5718624645759154e-58,1.1226582886622012e-73,2.3820856486441883e-88,2.0664952829232347e-30,1.5427781087088568e-13,3.2108228502924203e-19,5.671023549621855e-22,4.153954185077843e-22,8.27262052128321e-41,2.3205182935654963e-36,1.701658225344958e-08,4.379516417500806e-16,3.289093539901516e-23,1.4516508116737801e-31,3.756446893186009e-38,8.890155457034875e-45,2.0313017054326517e-52,6.746060659064785e-15,3.925356289546244e-20,2.523065744449311e-23,1.391474028920595e-28,9.339298011499384e-20,3.0883349608163684e-23,1.0467763555680571e-16,2.4077257838532725e-25,5.488695001701395e-13,1.305899848046295e-25,2.0779614855340475e-26,5.13994099593591e-34,7.639753953868859e-34,7.998448609200837e-27,1.5695530500089624e-36,1.583245860940696e-40,2.189145303606607e-43,2.749097447540896e-29,8.26792087225627e-30,3.113423438783054e-23,3.840501917762262e-44,5.7582814770686224e-30,2.9418056412693196e-31,9.113442450096774e-41,8.145539375470877e-28,9.303176063654574e-27,5.363145897740505e-33,8.869077682709628e-38,7.91103997021389e-13,5.7401240802044996e-18,2157.511510247546,0.0039741418846488,1.9854038786777676e-08,0.1781568223950898,0.8067019919018331,6.194422663285447e-08,0.0151411039048117,1.124305376717155e-15,4.354809492484446e-14,12.0,18.952953592038668,19.608864263320164,12.494151969213725,17.882308673799937,0.11748409421126693
4.967687203762793e-25,2.1899126417541748e-11,3.2778060623385294e-27,1.6870783822436915e-11,7.637919814175245e-15,3.954915394613165e-13,7.438975233614909e-21,1.4479727968487002e-08,6.462542460995455e-11,9.924944300228971e-29,2.4330755550727575e-26,5.086998023608521e-27,1.06044363868957e-35,3.068445823892343e-32,5.370901965918962e-39,4.1399455476531064e-97,3.757831103398402e-06,9.27383201152574e-25,2.617298105621559e-21,2.26070070492011e-16,0.0002653654502011,4.0053740303544183e-19,2.3856021256744778e-23,1.1242016654010582e-06,1.6058520339862829e-15,2.5910575619051996e-10,1.1328545203367787e-09,1.123197070720798e-14,1.2339327913670964e-56,5.387676987762649e-96,1.3204587813773781e-38,1.518881867177059e-65,1.7941951163009945e-102,2.9230954129251966e-124,1.6155077994113084e-05,4.1189361963089687e-20,0.002057917283022,3.7245506216064007e-16,0.0020756948377141,9.114388634218792e-07,2.2534929811514927e-25,1.1075848267780614e-24,4.885763615370201e-06,2.0738081150225553e-159,0.0551894862727045,0.3935342263522957,1.8877833894769948e-24,1.637121113962263e-43,8.9495488594253e-67,1.1405652287446576e-66,3.792521844035998e-96,1.1970423358968116e-32,1.1038189693509476e-61,8.351056659099342e-22,8.281278768343756e-17,2.35135976786398e-32,3.853645967385074e-42,8.229618143334285e-36,2.695259049509814e-71,3.3645962408684835e-123,3.9600672960781024e-30,6.307149448499357e-38,4.117949582717004e-68,2.8961156932160863e-27,3.945781038997195e-56,4.293225721217981e-90,1.4672820262881038e-20,0.5468503485124718,3.07010170879284e-36,1.7147055157962688e-97,3.7478507679207465e-127,9.02277343874188e-158,4.496886990385218e-28,7.751362883916243e-31,1.2878889434286382e-43,1.6943085765614812e-46,1.6740736971296424e-48,2.8130526922105393e-84,2.097349931557044e-76,3.4182574801646285e-21,1.5965723806792716e-37,2.5735810005806244e-53,1.9044337237448887e-69,1.8963768854094144e-84,6.343296097637169e-100,7.565875247004368e-116,8.620231199644526e-27,2.3917019961923416e-41,8.820121346827606e-34,4.8376444250941145e-49,1.862562598577637e-28,2.2543297190660124e-33,1.2815497400069351e-24,3.2390626208706254e-55,6.803769454725113e-28,3.1238229520158513e-37,1.8091920077847755e-43,2.1663463481725562e-56,3.0835778570962253e-60,3.5597937112513416e-47,7.217819974040666e-50,2.2311643280701872e-62,1.1093017463880867e-54,2.9234267432151713e-44,5.718604859235222e-50,3.8453078941916224e-34,8.597254117827045e-81,4.6449977521778575e-35,1.3277422733046897e-42,7.226725246955281e-58,3.733209833468632e-53,5.269587033210616e-56,3.430549571628547e-65,2.1450907863317488e-79,1.7701924740343375e-24,3.654238169613791e-39,1129.2433652331467,4.0872358244207884e-10,2.720798040598731e-07,7.787373366238512e-05,0.6453486531333961,0.3545728711283837,3.299247536991572e-07,3.814530877151412e-09,1.0718831764795469e-07,12.0,14.456694691314333,18.375098101838574,18.115009197886614,12.083718594987394,0.11362680364481619
4.612530714510742e-26,2.5875359591891105e-14,1.050437276902914e-09,1.069961964018165e-47,9.802689318696446e-22,9.746184366753827e-29,2.1726391568511777e-48,1.4780087902843763e-34,1.3539888232772048e-36,2.197411130134656e-26,3.072865583523512e-27,2.388260072230267e-46,3.868574711579908e-28,1.538675667737026e-43,3.55133292847881e-42,2.2475225443146584e-41,7.174405460663504e-40,2.49179403678919e-30,3.4029077445677914e-50,7.592501874661218e-46,2.3371444893772404e-15,5.8496063923559495e-34,2.648010378732875e-06,6.896475897007621e-49,3.0778568090243413e-62,1.8468578312644042e-72,1.9358377953153915e-64,1.9076016813275873e-61,1.6363131276473603e-46,1.9374347114018527e-29,1.0894399109878386e-67,1.4108142430478e-65,4.8642356102609744e-46,2.1398818526192775e-76,3.7938797331656947e-65,5.27367482072015e-52,2.3197870410136947e-60,1.1891669082670473e-51,2.6277927925840102e-92,9.849795902169016e-88,1.2782242905462074e-79,3.433899296809011e-59,1.1390048997961903e-120,1.7530658797748238e-107,6.814138144336026e-111,2.625333308775262e-142,1.2310555674339217e-22,1.7156463423560146e-13,4.4846324369243546e-08,5.5888042079949584e-08,3.955881588850505e-08,5.887971903411229e-07,1.3699952159080211e-06,8.195775356639993e-29,1.362045320136724e-11,3.9317208355959787e-22,8.700603361652759e-28,0.0256662534656752,1.3067332961400828e-07,4.278309452666178e-07,1.0663041039059135e-28,1.186459868441324e-19,1.049645015141281e-35,1.2783967988227637e-06,3.490530619206604e-06,2.6473728369905175e-10,3.908083678289402e-32,1.9740810076086373e-06,1.2963337006890224e-11,1.279415751968548e-13,4.9192584436076185e-14,5.383217599998716e-15,2.9872735314129488e-27,2.595766174865881e-18,4.6418488444588905e-35,0.9743207466219134,5.488650485450473e-08,3.959668391805222e-08,8.554784141498748e-07,2.904298104643654e-41,3.640325144105969e-61,1.4928767826850003e-80,1.7074551624190305e-100,3.750869461766345e-119,3.509498477164733e-138,8.596303397731807e-158,1.8705972408037055e-69,6.745702242120586e-66,4.167712955944432e-68,4.523799955993347e-65,1.9418942315230534e-37,4.505004820018528e-72,5.16666691353344e-48,4.234673270204256e-26,7.635906853674192e-80,2.0551761891427812e-45,1.753469685659653e-34,3.6252921426003285e-36,3.4415462536473573e-23,4.626498565690446e-43,6.010237333918036e-49,1.5323658764307081e-43,8.726887670350561e-20,6.46613004454497e-56,1.6174740265197258e-44,5.2723943887682135e-21,9.10039859420891e-20,9.976371749359028e-45,6.63569189357156e-35,7.64430131950227e-39,6.74987929114575e-41,5.941695734940564e-27,1.7578475538635752e-25,1.5029530575492273e-21,4.979745874848918e-47,1.5148906740477213e-43,1277.671174987101,12098.692170807732,0.0253442929540526,0.9746493663685688,1.3072329002927698e-06,4.372733150918742e-06,6.60711327234953e-07,0.0,5.20513705086565e-21,12.0,13.584968224848852,7.712472789663742,8.23687279509321,7.416131572479173,0.1110204737942994
9.971629254602703e-25,4.091618287579248e-14,1.3138481855910022e-08,2.868977270828743e-42,8.674144914285861e-23,2.2015301223525383e-27,3.9949273148199234e-44,8.874505198851796e-36,1.6379045485979274e-37,1.309599665168185e-28,1.2320553438057076e-25,1.078794339822752e-43,6.775680558799318e-28,1.1506195582775216e-42,5.3953472725761825e-43,5.2499672596844675e-42,5.0758753378847557e-39,1.1589213108375708e-30,1.2648972290845704e-51,7.591613412275588e-48,4.7857124589189536e-14,2.0340151171549743e-32,3.198260878241972e-06,2.058256380560897e-45,3.0706572893606153e-59,2.851104255549351e-64,1.1571872769524013e-58,1.7734868179116499e-57,2.522601642239974e-44,1.7270965032172958e-29,1.0675788671246437e-65,6.874922101834739e-64,1.5318358790685362e-46,7.498383145001656e-76,1.7164264145866467e-61,6.174437306604095e-50,4.4044748389444276e-61,4.2003609692594174e-46,3.820280288279222e-82,1.9184630464018093e-79,2.8704974992983087e-78,3.04726085847695e-53,1.590455526084916e-107,4.272903021703068e-104,3.8216322200578277e-106,5.631096895886607e-127,8.186001349888159e-25,8.445975257813166e-17,4.7718065126463185e-12,5.8187373868504896e-12,3.812494237112689e-12,1.722319156795486e-07,4.341212468656857e-07,1.098696666484072e-28,4.576414250453735e-13,1.0112712316440804e-25,2.4270774876023094e-34,7.440522942170528e-05,2.427526308401159e-09,4.6477335408727405e-11,5.9217896489799656e-30,5.322838304303432e-25,7.138217912678479e-44,1.8550503140399123e-09,4.389219406546112e-09,9.825501027541285e-13,7.62938165174151e-34,4.57406518979788e-13,1.462500233307869e-17,4.610903444040164e-19,1.3740440853085613e-19,2.908980224774719e-20,9.063363938137283e-35,3.674251069825414e-18,7.252176049584653e-35,0.9999213300652872,3.560182068254865e-09,4.042305126447712e-07,3.0427410942342084e-08,2.3781537937874374e-40,8.034999465041949e-60,8.493081849680385e-79,1.5398587765993473e-98,7.589397593196585e-117,2.0121853345133468e-135,1.0304802112029404e-154,5.325935590557133e-60,1.897905961205911e-59,3.9112126279354127e-60,6.2172078564982e-60,2.2101187740967356e-33,9.50008078752917e-66,1.9685788259607732e-47,1.3769616515815263e-24,4.758463119765063e-72,5.220628962974936e-40,5.27889776818471e-33,1.0562026341454323e-31,5.481220493476307e-23,1.973402512818663e-42,2.8052390839367584e-44,4.545808175637375e-42,3.096930023104948e-20,2.7625973726717626e-51,7.135620862970786e-44,7.836687019170378e-21,3.34852411339316e-22,3.735016088407618e-45,4.5970542802985586e-39,6.386488012111081e-40,1.3734186373353624e-34,6.2048536449546215e-25,4.85659222572441e-21,4.326992024983393e-20,4.094201842978992e-42,1.392186678975766e-41,1465.2239311579888,36065.78462040014,7.470226748398066e-05,0.9999236786400526,1.5989474755364795e-06,3.1297594039914632e-09,1.7015228464002392e-08,8.413625171148017e-23,2.2380242955253724e-21,12.0,16.126633068365955,10.33050041324422,7.622177168606837,8.357504000332877,0.1092860092805218
1.6002509161486302e-23,5.736795534645926e-09,3.6824235812297596e-27,5.146169791357949e-12,2.3674016502020337e-16,1.8149312982071e-10,2.3813083874251637e-17,1.282176627145155e-06,8.337398882333328e-09,1.5807814400033136e-25,1.8058679428861685e-22,9.851973896426773e-20,6.468552621683085e-28,2.9018223390119233e-21,2.7697852992061196e-24,1.0268691799211074e-78,9.795875231467754e-08,3.4636127661572716e-25,9.940032440121457e-23,4.224982312534784e-18,3.104343643911884e-05,1.1439598493301886e-15,3.77462581458927e-23,0.0005680113421912,8.268636730791019e-09,1.9144826323511602e-10,1.869467018566904e-06,8.70834821200457e-08,4.021715042600588e-47,4.2563860935712155e-84,1.7400261291583464e-23,8.517278781060084e-49,2.521926161087192e-83,4.778269057807245e-97,1.0673262768652812e-06,2.37580792294791e-20,1.4817053477620268e-05,6.489821875719698e-16,0.0014167640529187,0.0026973191169397,1.0304556444090226e-25,1.5537292935315438e-23,1.042374703885597e-05,2.714803823763156e-129,0.002158240567468,0.9926800164521232,6.467757921512151e-22,8.624568714407919e-40,1.2814407137691129e-61,1.6140620373270082e-61,3.1871665611138475e-89,7.945446354034996e-29,4.760727649637778e-56,3.7284470108264176e-15,1.2179289523127559e-10,6.224240620830819e-26,6.373584772651721e-36,2.0313876760713958e-28,1.1187409562103404e-61,6.227191725870722e-107,1.4148496389519264e-19,8.375704174365835e-28,1.7961291417761995e-53,6.163189232577379e-28,4.8355032271674225e-55,5.810161724035839e-87,3.748589568560508e-18,0.0004189370627398,3.4070173268130715e-37,1.3695085256447998e-94,1.607298967134809e-122,3.4182545561897566e-151,2.8167578649357893e-30,5.011878909979291e-27,1.6231145446326036e-35,3.102362197445055e-45,1.2836401685948616e-43,1.0987456136930476e-80,7.210197467216172e-70,1.6860803383574513e-14,2.47549446637776e-26,1.21871051702433e-37,2.122056850818974e-49,5.989570130393883e-60,6.428879227399749e-71,2.0936816159611404e-82,2.818427073202888e-28,3.5108115941566944e-38,2.045509376523036e-31,6.287392581339397e-42,2.1081498642837283e-26,3.7728713201492625e-35,3.262497014499971e-23,4.1090085277229494e-51,4.211799830564021e-25,3.777221641465783e-35,3.142318346879394e-37,5.1276613404554e-53,6.9259557977643e-53,4.062354122998805e-37,1.5545767967565857e-43,1.7000901591723854e-51,1.1804926837224613e-44,7.555310210926802e-46,1.971347694164767e-47,2.4989868065133444e-36,2.5498226626268752e-76,5.674548931365156e-38,2.959536422520695e-41,2.4359487205373105e-59,1.9493337537897784e-53,2.520222156803978e-52,1.1113843698185266e-64,3.2024713815799763e-74,4.902729605500044e-23,4.85190828964599e-33,1202.3529933973896,1.576583631151867e-07,0.0005407710057169,6.2163677542425665e-06,0.9983008544009446,0.0010384254731954,0.0001137327523886,9.47634291210219e-12,3.0429590017750366e-10,12.0,10.06052330081005,15.266248044626412,12.28336193490927,11.32287215123352,0.10206413074937667
4.605537382958834e-19,2.8497621094633393e-08,1.0236991310327976e-15,1.3866489661784554e-16,3.0074531629551865e-11,9.178193536591234e-09,2.2313115585923793e-16,5.32320204993663e-07,4.5587027069974763e-08,2.4989182597602888e-12,4.8622921137341576e-14,7.18965415610027e-15,1.1777531420704766e-14,3.955785922681686e-13,1.516163854212209e-12,1.039444023899889e-31,2.501617380442398e-10,7.694722159599789e-15,7.572167910286472e-15,2.6055220259776672e-12,1.0249484080642113e-07,1.1027872293533982e-10,7.308408654207648e-13,3.666418883758326e-09,3.900904366425233e-09,1.515993800850891e-19,1.3274814907950392e-14,9.502507794062885e-13,4.4993044332730556e-24,1.0066909319645039e-34,4.539930984455854e-16,3.3620046652464247e-25,3.2729535189702426e-33,1.058823716556536e-40,1.271904211646934e-13,7.511373953403089e-16,9.726592461061207e-10,1.90793721717756e-17,3.9487202125110454e-20,5.88160228577697e-17,1.181911749992156e-19,5.512936137963164e-21,6.592297481184123e-26,3.0553815076825964e-57,9.07430628477821e-17,1.5063081007752264e-27,3.899449466313422e-11,6.713895777939998e-16,6.978695002495818e-23,8.107024363166834e-23,2.3836254955758752e-33,1.4072133520738633e-13,2.1705336460959722e-23,3.7665654177114546e-08,2.6963865614892907e-06,1.5656470464271112e-10,1.43254074364414e-12,9.883284976156396e-11,1.0077011967391157e-23,5.174141035366691e-36,7.789588334059693e-08,4.823068670170961e-09,2.2737760352319943e-16,3.789663680731692e-12,3.356682955879601e-22,4.397170240711951e-35,6.905805343741045e-09,0.9999963706635222,5.5364352690581454e-14,5.984468315216372e-35,5.6885932801295875e-46,2.6503207321228445e-56,2.8991207045973028e-11,1.740009967161342e-12,3.1695412489484215e-14,1.5903397741392522e-20,9.911917953690211e-17,5.177880191092251e-35,1.2010564351218156e-26,7.829381196555488e-08,1.7798348252884402e-11,1.180395162264512e-14,4.577987145464452e-19,1.044704274513625e-21,2.1858974275159927e-24,4.401011370898668e-28,2.388619833297035e-27,1.1994385906140469e-29,3.965967294832913e-26,1.892985845925527e-28,2.9287179320172153e-18,6.679649405239378e-27,1.8347563530471824e-17,3.126001777245483e-26,2.544321255026299e-26,1.3159940899578774e-24,1.7693423127816558e-22,1.1053061431084519e-28,1.3773654328992195e-25,5.833140861929499e-19,7.144282687050859e-26,6.1918066765440546e-27,8.876026870107939e-19,3.887726710722557e-29,9.86593467399668e-27,8.670319639619746e-19,2.0319500078909535e-32,4.759441538950886e-21,2.0634769590705296e-19,1.619501915169623e-27,3.9785548571104303e-32,3.807703385516137e-28,5.4735028028341346e-33,7.816073769587395e-35,1.5003914701524777e-17,9.405985742248928e-20,2162.14857359307,68176.68965904764,3.103544936443529e-06,5.1351874180469305e-08,3.451256312783198e-07,0.9999963500447112,1.4993284683183304e-07,4.37857613932602e-23,2.622767107456287e-21,12.0,10.218698260646107,11.04611917608042,17.50814037689464,10.68403874923822,0.10168353316008216
3.551928610414259e-23,1.1251542939360568e-15,1.5552264746345784e-23,6.957157698627974e-13,8.027689013992212e-17,1.3835859030958036e-10,2.847159521066627e-20,2.9906906973328882e-12,9.375090610754617e-14,1.5519465848794362e-24,1.7104767492595798e-22,1.037153945134938e-25,1.972393694194204e-30,1.1111954100658948e-30,6.115890054867603e-37,3.4143012163998223e-73,2.811213347021019e-09,1.6651070925981584e-20,8.879507493370319e-20,1.9815148516481671e-16,1.785714111955828e-06,7.844844293672405e-12,2.8521345745430882e-18,0.0001132183622961,5.104738494207205e-06,1.8481679990424808e-10,2.5157515152104815e-11,3.7173761319525047e-16,9.8688953585161e-42,5.6087088558258e-66,3.5630213245835246e-35,2.7507170022068732e-52,5.664188964812209e-74,4.200922203221334e-93,2.789379388115764e-07,1.2759636199969525e-15,2.3420310256036782e-06,5.570919961373768e-13,0.0001664967495081,7.116093355196066e-08,2.5292780973925925e-18,3.6190191548594973e-16,2.8030680907378225e-05,6.830053277185879e-112,0.0135893682096529,0.9860931321251636,2.376422804118181e-24,6.903291597266415e-36,2.4891262522006235e-50,2.985561840226619e-50,3.753128483239676e-69,2.640548525400031e-28,1.4292954830842582e-46,1.813369259050376e-17,1.5148532539494506e-20,5.584104683363666e-31,5.146245958577795e-38,7.737597075894528e-32,2.0914984355350647e-54,2.330419416096849e-82,1.962823862843798e-24,3.076659201145119e-36,4.604830588919469e-58,1.5371110417509817e-23,6.598799017741866e-42,6.838718678994985e-64,1.535644458855013e-15,1.6807079657582485e-07,3.6240234701972535e-30,1.1286595137257498e-68,5.683278591876124e-88,4.01929068708669e-107,4.832691700418807e-26,5.713772541000794e-21,8.336913493161405e-25,3.5879480740406756e-35,1.0864538913722136e-31,1.6717548291924221e-59,1.198258732303234e-49,4.743780264172803e-11,2.336208416004732e-17,3.4979648582886796e-23,6.2127377937580475e-30,3.9055882911031427e-35,1.5801322771381984e-40,9.774884979622538e-47,3.685309532888348e-25,1.0623569908815595e-31,4.554684290197841e-31,7.764764276934794e-38,5.677275232694658e-26,1.8766442993989444e-29,2.655274994770027e-20,5.747730610207011e-38,6.0352201504100445e-21,3.199503614095612e-35,5.256156200064828e-36,2.5176533516846464e-46,1.1798527645613136e-45,3.0059163757864e-33,1.0658313519847176e-44,1.0012228574300916e-49,7.01684453876516e-48,1.310330687113502e-38,4.9542948283965005e-39,3.1534334712917612e-30,4.425407227692968e-57,1.7568339758957558e-32,4.920514775138299e-34,1.9679669543441823e-46,3.657323282488271e-43,1.4254221650961794e-41,1.0036938213423112e-49,7.549373643830593e-56,3.262307406599444e-20,9.853239998836927e-27,1648.2849704576429,95.53484126788958,1.4202374788302621e-08,3.562313587121129e-07,0.994551607256182,0.0054233969445094,2.4625365575072973e-05,3.5730990385347437e-20,1.0266704570723164e-18,12.0,13.39937117822847,19.845266354457035,17.5819104229822,15.239021717405151,0.10010881895076837
9.010857633921669e-14,2.950479441598283e-07,1.2523217788957186e-05,2.4158515597209023e-21,5.2148765089598204e-09,1.3366564042190942e-10,9.865578544093879e-22,1.6966981364093996e-14,2.7212362608668176e-15,5.221270330135694e-12,4.3032798434049883e-13,3.1086234597317194e-21,1.817003887693032e-14,1.2149580236024884e-20,4.063295513398705e-21,1.098216909829972e-22,2.0209298957849555e-16,2.932096408126076e-13,3.6246412958956014e-20,3.886938777557307e-18,1.694572890646789e-07,1.1708845083280977e-13,5.2434694432474455e-05,3.88221768657326e-19,6.076362057263284e-23,7.400256870919877e-32,1.2596704806076671e-28,6.285565687944014e-28,1.781749738398237e-23,1.1336498771350037e-18,4.0824135291633646e-32,9.043012835722018e-33,2.2067053887366826e-25,1.036478119770858e-39,3.4206427135978056e-27,3.717336418760184e-22,1.9555059740506814e-24,2.144393864113479e-23,9.894657216723783e-41,7.202313012261594e-39,8.356174134908141e-34,7.357334977566897e-28,8.829778658869331e-54,2.7351292950130438e-56,1.4964098446039679e-46,1.838270091099485e-63,1.8041149647117542e-09,1.562286816052823e-06,2.2667998246109548e-05,2.578194168391151e-05,3.9424035674973627e-07,0.0001576787531256,1.4159942676997752e-05,1.1859203156713738e-10,2.335338134854975e-06,1.0830095116562882e-09,1.4250776068444898e-11,0.0047975734782829,1.4633908098445457e-06,8.418210874922855e-07,3.965723859773494e-11,2.5164187971242072e-09,7.059512836100465e-16,0.0081365361946922,0.0003402731349029,6.781875749430341e-08,1.0935890452890908e-10,0.9737241004106848,0.0001274878718909,1.156128178505246e-07,5.151297911857677e-10,2.3287210900622783e-11,3.201975504857832e-09,1.076134585697226e-06,7.893783197295542e-12,0.0104894528596916,0.0020120647015988,1.483424773789667e-07,7.878004627150224e-05,1.6677735229005173e-13,3.560137900777788e-20,2.173072988612159e-26,4.927422998154501e-34,9.140157112543494e-40,1.978843253893682e-45,2.9960354590006314e-52,4.39724258374474e-32,7.418658534360939e-30,9.279392573270214e-32,1.8696441866287188e-29,1.0638685908230322e-18,1.1844033120411194e-31,3.4723501883708355e-20,1.7748465586270757e-13,2.2722332016812816e-35,1.6897661118023157e-22,1.1051963357242502e-16,1.0092714576839909e-18,2.9920853161947506e-12,1.957910436963153e-17,5.7078309921490456e-24,1.1056436795631187e-20,2.328424521610627e-12,2.2663489432743406e-25,2.4691325305873092e-19,2.348903978375439e-10,2.2925077016632356e-10,4.742054236845296e-19,1.4810472300531304e-13,2.3189815107252786e-17,6.101981037111225e-21,1.3318886523722113e-13,8.761465036804801e-15,4.43572074066826e-12,8.728130895881354e-20,2.0353128060538186e-17,2689.8767319246936,80304.33095673656,0.0048951370781833,0.0196242205706068,2.6202776709251848e-05,0.9744118485193424,0.001042591055158,6.936940222761946e-23,3.320482053295385e-21,12.0,12.603027558743468,9.728582458133667,14.298977698367665,11.32834913677816,0.09874025904806549
9.923139988657725e-31,1.8496801473947585e-15,1.5541462091279168e-30,1.0790530146428842e-22,7.469049069096172e-29,1.9576479888266784e-15,6.43611763457389e-22,1.169593083040086e-09,5.4940801646043495e-12,5.373402532331328e-19,1.068026553045246e-16,5.5240994525780434e-18,6.0907235718493095e-16,4.061991739531112e-13,8.798688158022982e-10,4.3962459516984115e-46,2.6161089559385877e-17,4.195057528158261e-25,2.9157191856670825e-32,2.286843436306135e-27,6.742890508291604e-05,8.383288621077588e-08,3.90813046387217e-13,4.109283010458328e-06,0.0042934899569406,1.362191918748225e-18,6.527684540093459e-08,0.007847605501937,4.011955558279975e-23,7.566523963034912e-41,1.7907650873033762e-06,1.551990881341443e-22,7.950224936865962e-38,5.277831176690336e-50,9.29928683881847e-14,1.4404324191997972e-17,1.332536526542211e-11,9.955780579949637e-14,7.869512253506794e-09,0.0414391650839067,8.459211635020374e-20,1.2962725329728117e-08,1.57559995919539e-08,1.0100410430307868e-57,0.0002388478735423,0.9461073747603872,2.514974999165749e-28,1.4310673286619785e-36,5.545658327203664e-49,7.056318330416708e-49,1.849712886758058e-67,7.101196762375548e-26,5.226443477933191e-44,5.5345862691191013e-14,8.690998417066745e-11,4.0647877031772454e-26,9.501568320182824e-36,5.735502940587999e-19,1.705991547419304e-43,7.290346747979013e-62,3.42170527720305e-12,1.3340113924214728e-21,2.0915367777095766e-41,1.6654488484855906e-30,1.7815327331485023e-48,1.6625116580654766e-71,1.0199007406526464e-22,4.917333991231882e-15,2.4568497083665393e-39,9.397730450052328e-79,1.597137301529306e-97,3.1993805766156125e-117,8.180215917740189e-42,2.4878973827445813e-22,3.3026306049115335e-23,5.3132958162713415e-39,3.4030596643390173e-29,8.27541323098143e-66,3.2351287341356283e-46,1.2468664053481979e-11,4.965165795102578e-16,6.79619237967762e-20,4.1217373857375216e-24,3.4499675734899036e-27,9.864954341284236e-31,9.840317413372324e-35,3.367467356829857e-46,5.854798277557899e-44,4.4192674588069695e-43,1.5656857386342968e-41,3.8304259355060176e-27,1.2225985362410125e-52,2.7491063834292067e-27,2.177012543590602e-36,1.0794921440880118e-27,1.96536271018066e-49,6.109053548794994e-39,9.242555975113048e-58,6.673984808407606e-45,8.28652306879664e-31,6.600798306198413e-52,1.2378307808991234e-47,5.606523273530764e-36,2.3077226546767898e-66,2.3985092287697888e-55,1.1386773422398744e-45,1.353077722820155e-64,3.682370649305075e-57,5.835899166835793e-48,4.069332742538873e-69,1.3197402705196458e-64,9.404711445444017e-51,7.034200987207292e-66,2.7658707716681713e-63,4.949856990350709e-35,6.460319993508468e-33,1138.6563872880995,89042.06267922944,0.0115629628956975,1.3665724456382684e-05,0.986588314921677,9.665923752011638e-05,0.0017383972206489,2.2952188908334008e-23,5.632114047506576e-22,12.0,9.072563527703002,13.931066835364192,9.92217423291756,11.177079886921618,0.09864035490768253
4.428937459034846e-09,0.00138017973121,0.0027803558690134,8.800443253580345e-14,0.0003790129229073,4.223965069141879e-07,9.066148934375905e-23,1.755210748737509e-20,1.6137340706551729e-21,2.4920953004602083e-27,4.03576905010876e-22,1.6809891881014673e-30,5.993263842270841e-32,5.127734409102579e-38,1.1143129155833471e-46,1.170930834934843e-68,1.5899135688012127e-14,1.4240372637534115e-20,8.318000717759349e-26,2.508601864351815e-23,9.426177715110708e-07,6.579743094655319e-22,1.937469936146669e-13,8.951915100615008e-19,5.233896968489554e-31,5.940396514313577e-28,2.4906176639004833e-32,9.855590693142915e-40,4.485261645682537e-54,8.737995136141354e-68,2.0983422910120617e-61,5.567829932989941e-72,4.736518900062497e-83,3.6306772278673203e-107,5.08165666121685e-29,7.89079399716611e-33,4.101253917720797e-32,1.5476451527997908e-27,7.8994380857456e-40,6.299922310644979e-46,1.0057760687783355e-54,6.119210755013053e-44,8.719351316247672e-57,3.165873536728037e-149,1.4604841011311779e-61,1.0818275734161115e-69,3.1667294669602514e-13,1.6004595728666266e-19,5.47189467371509e-28,6.341822479041123e-28,7.114214546866352e-40,2.1840464899106327e-10,1.3022893830759424e-21,1.090851352383354e-15,7.386989651888376e-11,7.670281533828517e-22,1.0334563724141465e-30,8.04895389000852e-17,3.8134759034743934e-31,1.0486956187308929e-58,1.3725306220806524e-24,1.3185300837820418e-29,8.0161868541041435e-53,1.1980833522614716e-06,4.0082020508143155e-18,2.2596610532026063e-32,4.543479368660461e-14,0.995457752875096,2.4931954235619764e-15,4.4632576475854794e-39,1.5973867543679076e-51,3.0507850037747996e-63,6.949116085146874e-18,2.3069941316453728e-12,2.592211825526993e-26,1.2784192974239807e-09,3.676072833245169e-18,2.0187523035243947e-25,1.6107645293897158e-29,1.982371424168477e-18,3.054098371596921e-34,1.3694717490393694e-49,3.41367452892303e-66,5.193446920030637e-81,7.43663133048712e-96,9.899889322873076e-112,3.1030967628747883e-20,1.2183891217775088e-30,3.0536283554918067e-28,1.1734140015048987e-38,3.4477120237330705e-22,1.2229629104031775e-26,1.3753759110234838e-25,1.4540359543517629e-30,1.1427087031136774e-38,1.7218054025785661e-15,1.4565558142422598e-21,4.418540140318773e-21,3.19733928554732e-26,2.3691979784013445e-30,6.620023916341418e-26,4.2869657012800886e-35,7.905090976847561e-30,1.4810310449440848e-17,2.3317445478964898e-23,4.416266466938305e-09,3.4085901774857233e-32,1.6224268747193012e-16,4.6284788263337584e-23,1.8224620731618622e-24,2.922744058402177e-15,1.6159901191964632e-19,9.894243321035997e-18,1.1116349622476075e-27,1.2666160694610922e-11,6.283879347962856e-22,2211.035164923722,1.393647037109653e-09,0.000691719288718,0.0013945717255962,4.724726397845164e-07,0.9979130248085444,2.117045016805532e-07,1.7523306985638251e-09,1.233202729114292e-07,12.0,12.30451096957702,8.834446777972484,15.159162804867195,8.485800206719276,0.09114562581031607
2.728552836368364e-23,8.80870012931412e-13,4.267518966509557e-18,1.3653661867462922e-14,1.1675953621631897e-13,8.60934768789659e-09,4.511531441682224e-19,1.7127741038700645e-07,4.920850159372609e-09,3.1045981012786554e-14,1.5249177084614413e-15,1.5087181187602114e-21,1.5005195322678752e-20,1.557255174570894e-23,8.047335262473088e-27,2.9116053136441316e-52,1.5391762487983324e-07,3.346301785478082e-13,6.9961994809470745e-15,1.836939867843733e-11,0.0299519728094054,7.857807390899981e-06,1.7797469916659632e-08,0.0002491119985285,0.0008212665258749,1.0669876012842097e-13,1.675926691765371e-11,2.400916934000383e-13,7.261129192043672e-28,5.374344411749725e-41,1.35634938227161e-26,2.987223084951714e-38,7.863028962059125e-49,5.5232051989514495e-68,4.420161048713438e-07,8.35083296528522e-10,0.009752938959215,1.7932826981831256e-10,3.55150815698527e-09,1.5041222853922407e-09,9.848549832705655e-11,1.761316897892254e-09,1.6399325329152024e-11,1.1391880576011827e-78,0.0494353847125526,1.9960191534663964e-08,2.7618223601544357e-18,2.90692012875556e-24,3.31730165127698e-33,3.989764414056759e-33,1.3242443128101411e-46,6.697934439134487e-20,9.40020722098361e-33,9.283232951948883e-13,1.1096662647992047e-14,5.6297294815771915e-22,9.088305982452774e-26,2.0177603850439896e-20,1.1318825827030049e-37,1.0454167227268912e-52,8.637709183749366e-17,2.967668173877361e-24,4.304777838925648e-40,9.785816630557434e-15,1.1199037096251074e-27,2.650043386679059e-44,1.725817803736863e-10,0.9097804262435952,4.2108668329641695e-18,7.775509987413825e-46,1.0550427030418317e-59,1.7986805915699686e-73,2.519063233811634e-16,1.3161819225976414e-13,1.2127448794858512e-15,3.5250920981187396e-24,9.622120888008253e-19,3.2289371960883273e-43,2.9911228569624447e-31,2.142817107201404e-07,5.957692141831388e-12,5.058116204872982e-16,5.413451754860484e-21,1.9632725938554347e-24,4.448113091206797e-28,1.6018662445407589e-32,2.8825253573930028e-27,1.2298840130630497e-33,3.1537367927736105e-30,7.605636241348582e-37,3.163986169564374e-19,2.701364814474896e-28,1.2421466795822446e-18,1.8840986909596403e-28,3.0862729809493214e-24,7.116827099530652e-33,2.2541156482947e-33,1.9250465870059775e-38,1.9161573677108743e-37,1.0567812809863908e-28,1.6927649510579627e-39,2.4863013988866887e-44,7.350481849480182e-34,4.721041170894228e-36,3.501042857586385e-36,1.0710846098689365e-21,5.1935347945714265e-43,2.0259163160587564e-26,1.0349724718930564e-27,7.150783210883318e-35,2.8469706073336414e-38,2.374248562916646e-36,3.501346511518497e-39,3.870116624445002e-45,9.247080033912877e-19,4.0707188600215617e-25,1615.0626900950206,58.04362191962225,8.012764680619529e-08,0.0135062565274534,0.1119306794483625,0.8737063487952493,0.0008566351012879,6.530810376968496e-20,1.6519108600567374e-18,12.0,17.226752605577545,18.14516675150858,19.037583102987615,16.029013477438024,0.08968750742438228
6.211648533541591e-17,5.288713492568507e-10,4.753945861903462e-19,3.463144498937533e-09,1.240947417077775e-13,1.2210689422162717e-05,4.477955910384699e-15,3.453445168236465e-09,1.4077733935262738e-10,1.953583410890056e-21,6.964583554538406e-18,3.498169770892247e-19,2.1495155944067207e-24,6.955892995013196e-23,7.68179420990451e-28,3.436800705363805e-63,2.2398877984071466e-07,1.2472137836331594e-18,8.344418171225927e-19,1.141394966987486e-15,0.0006523187168303,2.1174298338735967e-08,9.40692674547595e-16,0.6218682108842875,0.1125334584621004,9.974734207297482e-08,1.4635281163336088e-07,3.942137629096403e-11,1.531186700806163e-36,8.5063075292934e-61,5.1130820513137775e-27,7.93393575559966e-44,1.6905678111816373e-65,8.868726616864667e-81,2.536870557809956e-06,7.631582241684237e-15,4.089223468239249e-07,8.018833998216817e-11,0.0048928917169055,3.553343496767162e-05,6.951235060357246e-20,1.927050404423089e-15,0.0001108683661455,1.165482449092922e-101,2.7222053405214016e-05,0.2598449629119226,1.1966784956266881e-19,3.393428059586084e-31,1.7981749618461122e-45,2.1391076777226857e-45,6.824090352065925e-64,1.6940729472686361e-22,2.4554940252654064e-40,4.774824254134296e-11,1.44073382778512e-13,7.153999420163957e-25,4.3001505181842076e-33,7.56843956527646e-25,1.0726266329915446e-46,7.12498916324068e-74,1.3521548182377306e-16,7.472196587626694e-29,7.214103226386204e-50,1.3107749605646307e-20,1.385779210281703e-38,5.650658279616987e-60,8.045027858801604e-12,1.743794929494135e-06,1.781454335713471e-28,5.811363260940896e-66,6.993940294822747e-85,1.649747785971484e-103,1.9870096996130811e-25,4.611463154794404e-16,4.1928117394086823e-19,1.1088639896570684e-30,7.160109149057403e-27,3.1873011880476824e-54,1.645727976879313e-44,1.7134077245690627e-05,7.376958285962717e-11,9.53736726633617e-16,1.2173360422338604e-21,6.273018715027342e-26,2.276981044089749e-30,1.1232447144799864e-35,5.065103808915279e-22,1.5047386440042076e-25,1.4976267185188832e-26,3.0056870866524684e-30,1.644889346622692e-22,1.447370111934904e-27,1.9695899141794352e-16,7.641215159020274e-33,2.72052566830257e-16,1.1516906697536008e-29,8.787101672681674e-28,1.035252857253062e-40,1.682199558102633e-37,1.4198777460193521e-24,1.7561022188415516e-37,1.4409655999158783e-39,3.069071600920187e-40,2.3451103645419748e-35,3.910381993711895e-33,3.081586439186377e-28,1.6379901331850954e-51,3.326437536502579e-31,5.1131607133129066e-30,5.5505264532832696e-45,8.600808072387253e-39,1.1371882682513916e-34,1.2128623210164389e-45,9.610099308218528e-49,5.313005876637212e-16,1.7321025791068594e-19,1757.2398266449534,0.0316920577247802,1.23155563565902e-05,0.0002251601231008,0.7074344131997474,2.123176018778992e-05,0.2923068793606072,7.655328966008116e-17,3.5444173112617576e-15,12.0,13.262037441509662,16.75923214636156,12.23653196428408,16.37538500055834,0.08792750047014972
2.9092030971816626e-22,1.5307450979815314e-06,5.226053396091043e-29,4.811593680489632e-10,4.813579773079591e-16,2.5791758071794804e-11,4.466356523919918e-15,7.993074193092019e-07,6.0448904778038e-09,7.280755842124609e-30,1.0995371993724923e-24,2.971582419052233e-17,7.163869466069445e-30,1.2918227868092584e-18,1.9021629159556233e-21,1.138825969069558e-83,4.7840628893506434e-08,1.1414627726984889e-29,7.9200275097670545e-25,2.5337213072251268e-20,4.5762516556751906e-08,2.0214746758736577e-21,3.668694346561459e-30,2.1602766418200464e-05,2.655036377403448e-13,6.575306939188171e-09,6.924605893336777e-05,4.690206862982147e-06,1.3159614461674167e-53,6.772113219607088e-99,4.488131738372206e-21,2.2941509805159435e-50,3.3578849275679716e-93,1.1277985793245834e-101,1.952180166749809e-07,2.4022957676222965e-25,1.5616477806470715e-08,7.291635332463171e-19,0.0121282177019651,0.0325258651209118,3.4337383161301556e-33,2.408442181918537e-31,3.638501425970304e-05,3.349308564332289e-143,2.980331508536988e-07,0.9552082759954442,2.6928734699703852e-21,2.4909721546147346e-43,3.2288798467810576e-69,4.0479237820395767e-69,9.542128830605054e-101,1.7956713985157252e-30,1.330849392205516e-61,1.0308771652478408e-15,5.0699679384190465e-08,4.596739265002654e-25,5.4665834787738745e-37,6.0722883292895085e-30,6.061031695139171e-67,1.756248309095812e-123,7.038640176178077e-20,9.229988192947432e-27,8.8110109164675e-54,6.287823055730412e-32,5.814169389232197e-63,1.0700362512246989e-98,5.9028671999613624e-21,2.704400557107152e-06,3.755195282610812e-43,2.8622977760751162e-108,3.8535272273023937e-140,5.789484079192235e-166,5.929111852037749e-34,4.769379843014036e-32,1.6904964551103233e-43,3.125484534990912e-51,7.636759681124089e-53,2.206827885767451e-90,4.574522264711943e-83,2.0645064346371266e-18,4.0193950381920095e-33,2.5951966208374094e-47,5.337509591810684e-62,1.9175515225255078e-75,2.7537578498506245e-89,1.1244338999305626e-103,1.3961801516418571e-24,7.593600286668823e-37,1.73671522061317e-27,2.5451236603838315e-40,3.1110501594674848e-27,2.0025806025745538e-33,1.9434745364012502e-24,1.1334121984452449e-58,1.658827916799246e-24,9.593195992279461e-31,2.20573415364798e-35,9.946476988425326e-53,3.143710180867137e-55,2.0141464725903272e-38,9.794028912876284e-39,4.250767734715132e-49,2.5526775644057927e-44,1.8537775037750997e-43,1.297698623055003e-47,8.160775828128922e-39,5.383585528206441e-85,5.734332549119158e-38,9.098925981257723e-44,2.1610933449287484e-63,2.640478841528738e-53,7.876720442785186e-55,7.25270527652671e-69,9.223467606818035e-81,2.931215832774892e-22,1.300456025616429e-34,1234.4196321965428,2.943785973908078e-09,0.0065971241959559,9.2581592798186e-09,0.9933970624359668,1.4334246382068365e-06,4.370685279760443e-06,5.789484079192236e-11,1.6326345103322105e-08,12.0,6.147169988141783,14.17776821132714,8.337020204917673,8.821194875256179,0.08563859394925034
4.949415167705723e-16,0.0043239967664924,1.2165552791961664e-18,1.2853151439933594e-14,5.1466084174231895e-11,0.0002230128094784,4.0216557935783235e-15,1.713949487620632e-06,4.7904602095389995e-08,1.8259660563819727e-19,9.287338243056479e-18,1.3262137625388588e-13,8.806551127160044e-19,1.370627096405154e-11,7.034592056977905e-11,7.200176102714723e-49,1.4987782868736415e-10,1.9454604115604612e-22,5.717678500546058e-21,1.5804086213745102e-17,2.198344493553148e-08,2.81736649850482e-13,7.832231936042911e-21,1.3976194804573576e-05,2.3995085849793648e-06,2.052677060585547e-19,3.4176593253902673e-13,4.9123469543344293e-11,5.022333176856805e-38,1.3108984666906298e-63,2.4104701678944644e-16,2.9270817657047222e-34,2.7012624959349994e-57,2.336482739606423e-62,8.751668524625762e-16,1.0245891365948784e-24,1.960190793608806e-14,2.3505721838831093e-22,1.5004294019370737e-20,6.418930364053683e-17,2.307915666195566e-34,3.133018008755439e-33,1.3851415335623399e-28,7.369195960961806e-97,4.1624823721476795e-25,3.626720811948726e-31,1.1489573734496878e-11,7.190412671386139e-24,4.675022937067584e-39,5.6275504125367326e-39,1.0049826758457377e-58,1.8869669949554262e-16,1.4166878351157442e-35,0.0002290577111135,0.5403704618582966,2.268587551245301e-11,3.270606998166912e-18,5.809599565968872e-13,1.6250422764338562e-36,2.638242553028434e-65,0.0002058546005326,1.1947970412413416e-09,1.300785280576304e-24,2.7223923672900274e-18,1.6813364679381904e-37,2.0446878170907063e-60,4.0308777580647295e-09,0.4543410700874292,1.0598343362646844e-24,5.382669577964202e-65,3.9552456531474506e-85,3.525176673377799e-105,9.300348351612806e-20,2.0409160917910298e-15,9.34950549053528e-19,5.952488010460639e-31,9.039271816386076e-27,2.6726263688341002e-56,1.543387822061968e-45,0.0002883806442174,3.8477688852070477e-10,1.5699360059776564e-15,8.23128911445613e-22,1.442461834033719e-26,1.5644412982974846e-31,2.730091953489535e-37,5.38894588268539e-29,3.6903510850847197e-32,5.747677291637489e-28,2.1929152462807187e-31,4.411692620911182e-23,4.5808133992161703e-33,4.333865002577699e-20,2.547717290637151e-39,2.151762388981119e-28,6.234585118057555e-25,3.445325433992088e-22,9.86126228687086e-37,1.7657648742324355e-32,8.719341090837389e-19,1.3507544144594004e-27,3.2398886821722405e-29,4.2688817839986794e-24,3.556361600904201e-35,4.6265048607263183e-32,6.488610440001733e-27,2.6132446398367768e-51,1.648619379081895e-28,1.4439570017774232e-26,3.3107685984078944e-43,1.4476922521793055e-40,2.176946508532856e-35,1.1320934425084128e-47,2.0038498219306396e-50,4.962059810619691e-16,3.4889117862516367e-19,1604.8459516357389,9.47413202682252e-05,0.5440072446133312,1.10153034897841e-08,9.099543350575852e-06,0.4553555852311138,0.0006280595969009,1.8709716524616033e-14,9.705665447144566e-13,12.0,4.306391783889822,7.223414915040674,11.9227459845563,9.062396172829924,0.08369986627145122
2.8961991452012695e-22,2.0306342372352143e-08,7.238501786456011e-25,2.1266457326517066e-12,2.2596457308243077e-13,1.4622790415838524e-08,2.0572377223467124e-15,0.0002981295675424,5.194092665263486e-06,3.9010087924237505e-20,7.705231641087145e-20,4.2001255911256543e-16,3.05466766342355e-23,3.4981237732057243e-16,1.2594306497562808e-17,6.351978078728023e-63,2.0673106028305245e-06,4.3279582148109256e-21,1.8296096970493816e-16,1.223165418815047e-12,5.677818486878738e-07,2.1426752305701725e-13,3.510472270097208e-22,0.0020507865345468,3.105443105936088e-05,2.8080611132649797e-11,1.0029298931079976e-06,1.2060458546294485e-06,1.2908074855918554e-39,7.258447474694682e-71,3.2785513685241945e-17,1.6389231008161582e-38,2.9676248552760286e-67,5.047386155201227e-76,9.201824479629572e-06,3.2785089073474037e-17,0.0124821693508325,5.001032926300511e-16,5.806138822618763e-06,0.0002317011889555,9.018843334924061e-20,5.524592595526225e-23,3.0749661062341746e-08,4.52467981531244e-104,0.1928188305792879,0.0001611950939625,1.4706523315813215e-16,1.378358460346474e-31,6.474234963952576e-50,7.908830196102376e-50,3.8218918891085054e-73,7.2044855415457645e-25,1.3225539511220244e-47,5.1312720067734345e-11,1.7381658958656782e-08,1.3232060447150065e-18,1.2843379622931923e-24,2.535811637301735e-23,5.203759777147541e-51,7.580522074404039e-87,2.0026987537411522e-13,5.414766302519374e-19,1.5909117493675264e-36,4.971057915513365e-23,8.724903006817108e-46,1.3091134157106985e-72,2.0891043740894278e-12,0.7919010023900167,1.62884298490378e-28,2.5077533420175728e-76,5.590773377053551e-100,8.216789596373316e-124,4.2755616934635504e-20,2.2478992613750675e-22,4.083639558402379e-27,4.963136572766771e-40,2.0580466781603637e-36,1.2172856545528402e-69,1.3544520962968989e-58,1.59367860849265e-09,4.603905199287602e-17,4.175033274145779e-24,6.759706152927716e-32,2.8911215439020763e-38,6.524356327342632e-45,2.916513604536372e-52,4.5451905027991784e-26,4.6944790441816894e-34,2.463402575774904e-27,1.0996391309553064e-35,2.1435925043770714e-23,3.384769582629397e-29,3.416655749952466e-19,4.6683230782102634e-45,2.045258470300315e-23,2.3852052426065207e-30,8.324065828078805e-32,4.2301702959850996e-45,8.07572817829695e-45,3.395179062238274e-29,8.209700011178758e-36,3.998355637211085e-42,9.776028877485148e-36,6.051344929077686e-38,5.4560965954618816e-39,2.9312615067219583e-30,2.467194314675479e-63,4.9222969526094484e-29,2.0156497993326455e-31,6.978109802662694e-47,6.958676704756419e-47,1.1624109312956258e-45,2.570902592486858e-56,6.609006767781769e-64,3.419542487562528e-19,3.336077889155941e-27,1447.7298811550202,0.0035620319478682,0.0001924842287492,2.0294669108119405e-07,0.2859892336455822,0.713062811567587,0.0007552676113905,0.0,2.137952489794104e-14,12.0,9.02298682355266,15.171954532722456,15.568732635978565,12.593705709718217,0.0833596255496006
2.810871933727069e-31,1.7851826448842354e-17,1.6114888145376854e-11,3.965530296524832e-64,1.962894855634445e-28,2.046244689408043e-29,2.618260878688673e-68,1.190116693347102e-46,3.734655250194574e-50,5.0162469743794685e-37,9.93556633057445e-38,1.3126874750540208e-67,3.6810018797143406e-41,2.663197788593246e-65,7.079823358178296e-65,1.2094672280546785e-71,6.824963062092574e-53,5.426797265917833e-41,7.870217497390169e-71,1.0493926364006046e-63,2.3641207208709708e-15,5.049237773077048e-36,0.0010164296605154,6.182732729782742e-57,6.01269256685972e-69,2.5263534078215817e-99,9.409690563435448e-89,4.295912845899455e-86,3.2240081284013136e-69,4.137511833886538e-48,5.218954525665189e-101,8.670793763233867e-101,3.0015229996331507e-77,1.4731278746613704e-127,9.695724190028154e-89,2.499808525217422e-71,1.7938425020164434e-81,3.9684317240709816e-69,7.017386655430178e-126,2.7835621876925915e-121,3.866014417316289e-111,4.900266873714669e-79,1.3151995763887777e-165,1.1889475085036198e-169,1.5948223393287378e-152,1.1889475085036198e-169,4.9525317301362967e-33,7.9114534590536655e-22,1.4993933881398211e-16,2.078907768986652e-16,9.590133126299757e-20,4.99366343186606e-10,3.2161358046373633e-13,1.0944651202361198e-32,8.193261922670834e-16,7.940433689560733e-35,8.349990597981801e-45,7.708074896565108e-05,2.2180310522002216e-17,8.915891530121079e-14,5.275202665794844e-35,5.9469037716175354e-33,4.589700189272707e-63,3.977705109112193e-08,8.995384822378722e-11,1.7355687697475704e-20,1.055009758635801e-36,6.923446060672073e-05,9.911557709487944e-17,6.605399123412445e-28,4.23525248063518e-31,8.635585275004027e-37,4.909766036776474e-40,1.3484331341203508e-16,1.49315886664626e-34,0.994971076942338,0.0034325544516115,2.683183045911608e-16,0.0004335833510049,7.637814569933252e-41,8.199178082565949e-64,3.888430769176787e-86,5.345370551942848e-108,2.6550017340060877e-129,1.8541979943767725e-151,1.1889475085036198e-169,1.6461724074042162e-99,4.695918192603317e-93,3.974314038561348e-100,4.4045727660027464e-95,6.121675459726865e-54,1.0879902176555494e-105,1.51834469124788e-65,3.0462200183200284e-36,1.2482416291605221e-110,6.831962087484011e-68,1.279498328224799e-49,1.5121740260921926e-57,1.2914073307416885e-35,3.2681978561265016e-55,5.662146335501679e-77,9.826048171453048e-68,1.1112829234069264e-35,3.0898424662870517e-84,3.298009216703084e-65,3.026711448486667e-31,2.1321747421337223e-32,2.483078391058247e-67,4.257713100212153e-51,1.2308013206924668e-61,4.6799821932522535e-62,5.1450617987975086e-39,4.697214826340322e-41,2.573514929309075e-34,4.264482225174708e-59,5.744570406844197e-53,789.8475785089817,9.171996758638095e-06,7.686736635693945e-05,0.99741940587937,0.0005067618836093,6.90665059273842e-05,0.0019278983647362,0.0,2.056879189711262e-12,12.0,16.113135812184865,12.819061940275844,11.953525484164931,13.399342133511018,0.08303303958409411
8.444895906727739e-27,1.9625291542506832e-14,1.88354473213224e-08,7.231683951330805e-56,2.7544670318009904e-24,7.968915599914148e-28,3.715003783892609e-62,3.47479966786068e-45,2.5121416129908748e-48,1.5439789876347528e-38,1.5803394632606382e-36,4.2573552821752797e-64,2.6354067990495625e-42,1.2213990774506965e-64,5.9153719273555106e-67,4.304364031328058e-77,3.2114386685390203e-48,1.5864497855291976e-39,5.047196109292838e-67,1.3717283005238412e-60,8.914985750005207e-14,9.40758626353509e-38,2.1077690467636847e-05,1.4631428630623375e-54,1.006048297511053e-70,1.596821682236826e-89,1.4724541139739062e-82,8.555646981386996e-83,1.1996201652665237e-71,8.96235554093516e-57,1.6613193753142498e-101,1.9473248016793434e-103,3.792688699475592e-86,7.861053536487595e-135,1.6742712186050528e-82,9.151020717545759e-69,1.3432555858558632e-78,2.8415297355358033e-64,1.8753549649323273e-115,7.475945673180352e-114,2.3368720899770733e-109,2.9067579202922387e-77,2.00226130955621e-153,1.2561292330494872e-166,1.1485647453482592e-146,1.2561292330494872e-166,6.11271433201417e-31,7.303369545172528e-23,3.5845235350607163e-20,4.8385133138246705e-20,3.284187621887454e-25,1.2783387989020143e-09,1.515786841783322e-14,2.8134729886641968e-33,1.763237142637037e-15,3.8820256536217206e-35,8.564051556992051e-47,1.5413303737496118e-07,6.635743756074037e-21,3.998094833230036e-27,5.776056457973561e-38,4.357551944670512e-36,1.9015302463840924e-68,7.035845955208273e-08,2.22569699489943e-12,2.4822705349678314e-23,6.797481214250724e-37,1.5927029970795877e-05,2.4352657582224226e-18,1.7504908716351996e-32,1.2977230950963817e-37,9.359148069746649e-45,7.055929866174814e-40,3.2574048956400196e-18,1.1006152321134287e-39,0.9999627134914416,3.4458047429256473e-08,6.86851967168706e-17,3.432162844996209e-11,2.4567892519606243e-43,2.319432875003939e-69,8.887908543690528e-95,5.526394598582265e-120,1.878199321601804e-144,1.2561292330494872e-166,1.2561292330494872e-166,7.686638064625304e-86,3.606314436407197e-84,6.069994616373302e-89,1.8602804434458083e-88,3.2210167309719968e-49,6.959545323393123e-94,8.684825141359909e-62,8.377473838041802e-37,6.901882797193259e-102,4.947221583652827e-58,1.20805793994907e-45,1.4318704317794946e-50,6.36713572190663e-35,8.816742830970822e-56,1.0311342180406687e-68,1.720740725196252e-64,5.2421290183717165e-36,1.0635499341563346e-72,1.25549579129338e-59,8.444899919723076e-27,4.788477875193072e-34,5.918215128627165e-60,2.245914031917019e-49,7.772877549601694e-57,3.662438615586634e-52,1.9281877431921832e-35,3.7007316363603545e-35,3.4926059287297825e-33,1.1912979491334901e-52,3.0404947540155695e-51,872.3649051654513,9.58842210677758e-09,1.5476254411974405e-07,0.9999733274091972,1.0538184800280093e-05,1.5962397983928088e-05,1.7245474464584752e-08,1.256129233049487e-10,2.5625036354209534e-09,12.0,18.810322555672577,13.833099949787746,14.013432274279864,11.047009286942217,0.08288356652057563
2.656499065036066e-23,1.5600506355224565e-08,1.3075008141638229e-21,4.116979542665419e-24,4.8186662715812895e-18,1.0450465902423698e-11,4.577339748218379e-21,2.9684256623664612e-05,2.522535700945342e-07,5.987936567066391e-11,1.3224948620395308e-13,3.075325079390077e-15,9.570166254906467e-11,1.2636503902250853e-08,0.0018197145560326,1.2351560245883282e-30,2.1022655076136768e-14,1.0360360523889344e-18,4.307512532487422e-23,1.1067873896666833e-18,2.631266965239934e-05,6.05258249494973e-09,4.2794808919699144e-10,4.1770582488429016e-10,2.0395676283095787e-08,3.4286798478200525e-27,2.6789959740138247e-15,1.6958158905755395e-08,2.536652023095872e-21,5.855828638793327e-32,2.662780726505732e-07,3.9379804316998624e-19,2.621967574189671e-27,1.4179166534158738e-36,5.309347778386676e-18,1.1566997945000237e-18,2.3536868137857347e-11,4.4906399258456086e-20,2.85585707016036e-25,6.985231605429239e-17,7.863432960919998e-23,1.1879294569952009e-19,5.664591012539851e-32,5.894397342458187e-52,1.631932717802508e-18,7.263795375947469e-32,3.2801175401068833e-15,6.400100636865669e-20,2.08921694312862e-28,2.6096936045577075e-28,1.9736171983711458e-42,4.5019288890370166e-15,1.0999025284204835e-28,4.8859504162051984e-08,0.0509625303750266,6.098427534187659e-11,6.904174506058537e-15,1.3219724037947574e-06,5.842941406854563e-26,3.625198707458483e-38,0.000367403469107,0.0001167279404995,2.095304716958321e-15,1.0338121140781443e-16,3.0359379262167352e-30,2.173055139766696e-48,2.1952162065822634e-13,0.9466756612549528,5.559006659239911e-20,5.435395013715628e-50,2.2770248596412995e-64,2.459573909113338e-79,4.384697949305295e-20,3.966302216116327e-15,6.822350983162097e-17,1.678820050843593e-26,1.2363818606616594e-18,5.649267148188289e-48,2.1778170974714513e-31,3.374483594657971e-09,3.697682038715695e-14,1.33264263256419e-18,1.4111000882007402e-23,2.7650680318891022e-27,2.25100862503961e-31,4.955304671604162e-36,5.136029628428385e-47,1.0458954186071631e-41,6.776304247150789e-42,3.9776657652307395e-37,8.797655991198642e-25,6.588564091003106e-48,8.387509797945985e-22,2.4915704340782433e-29,8.099288965576738e-34,6.60687671260261e-41,3.996097957869578e-28,1.555917993705551e-45,1.1375616597958251e-30,1.2619738473604293e-21,9.518524611551855e-41,1.43697536624617e-33,2.126482347928222e-21,1.5061373127392736e-53,2.710613449517051e-40,3.909311942415726e-32,3.6579111034161295e-43,1.991679312977893e-40,8.953137613109991e-29,1.8996593332718108e-48,4.473733195048952e-54,3.053973992621221e-38,1.9558502700653325e-52,9.391543939506394e-47,4.273416553060031e-31,7.245095293306347e-26,1260.3672428722432,69.85558140351452,0.0549915682343177,1.377929196918784e-05,0.0009355022751526,0.9438759807255136,0.0001831694730467,4.732960483056684e-20,8.743521734488926e-19,12.0,8.398930797545344,10.230748743098356,13.234618829577665,9.522556991064416,0.08177691214165153
2.7565420025270484e-40,5.0540818448540393e-20,4.726781341288557e-41,4.1750206585013887e-32,1.4189483537512138e-39,2.2051737514642166e-20,9.486398127770935e-31,2.2953378717653528e-11,6.034065047986583e-15,5.345570863302178e-23,5.216719103754477e-21,2.1230019835924724e-24,7.4708226669548e-19,2.1289936242551012e-16,2.6500375950193327e-10,3.9142355651473893e-60,2.234551550600064e-23,1.0991202068828726e-32,2.1198321597804537e-44,3.963483827690403e-37,0.0008416965056504,2.0835474776042274e-07,2.2967465015902853e-13,2.660409694523811e-07,0.0453109574430519,7.34176365304093e-27,1.9567557454450995e-10,0.0451830198090195,9.284161106043562e-28,4.1730539033166264e-49,5.28831149151333e-06,3.2436190806496674e-27,3.973012742997404e-46,1.0274929728414188e-64,8.668355360911074e-19,1.735275889954159e-22,4.469642421411628e-14,1.6686769568904817e-17,8.786267773386517e-13,0.0185899713218943,1.2428281345405168e-24,7.027013929292749e-08,4.098589847532026e-12,9.498735900251821e-72,0.0003178377640755,0.889750683688978,1.2002111273578666e-38,1.139172578042138e-48,9.86257383920389e-65,1.3752928260008633e-64,2.004324043835293e-89,6.595794688983509e-34,1.2786459895748906e-58,4.202967651468048e-18,1.0697096789229286e-12,7.641373488573439e-35,9.829926228903587e-48,5.706082865546449e-23,3.169907466170178e-57,5.944600292064738e-79,7.922363247047011e-15,2.7940882346111308e-27,4.282696237296341e-55,2.492466174095429e-40,1.7989745997919944e-64,8.204220672319675e-96,1.4620966006180422e-30,2.7938843576205106e-18,8.295793942035998e-52,3.9219960126574967e-106,8.365605424953377e-131,4.475094443381619e-158,7.238344759825859e-57,8.982249272549523e-29,1.2763955656838134e-29,1.6829753418314047e-51,1.539641800156691e-36,7.825901508652303e-89,7.013789415909251e-59,1.3931297856249926e-14,1.5330347521274707e-20,7.593201012822016e-26,1.2331319369076011e-30,6.62671271965146e-35,4.724607595974946e-40,4.02674497934045e-45,1.438153932808087e-67,3.12163919311261e-62,1.4361107166068471e-62,1.0839824100087721e-58,6.717035365312328e-37,1.2723247185775955e-76,6.662066759054684e-37,3.4057011373160974e-47,5.2104937491800815e-39,8.05493436736527e-71,1.9660920545203799e-53,9.402476321499784e-82,1.2715599004745068e-60,1.0641044105316851e-41,1.7910945929879297e-74,2.651198614260166e-66,3.695091802340846e-48,7.036357044940533e-96,1.0136432252476507e-77,2.8432901356248586e-63,3.730095250241896e-87,2.324823832083115e-81,4.644026545942466e-66,5.240587068374276e-97,5.6966262203920984e-92,1.0096555144285947e-69,5.1982745981560614e-92,2.1467855748896027e-86,4.995361195618957e-50,4.9695478587399076e-45,774.2988272229139,386.646626167361,0.0225000851328315,0.0001738472230815,0.9584840195554262,0.0001312410978882,0.0187108069907724,1.9354221307072523e-21,5.3085864156541776e-20,12.0,9.887983596606803,13.629400715105223,9.765885693449029,11.919908357537752,0.08154376058675604
5.204246422303666e-33,1.4158122876050568e-14,3.4266006827675176e-27,4.5332268853711313e-29,1.7154315104574164e-24,1.5746749381158344e-15,1.5697740188504087e-25,0.0016720911586894,3.5206566370521973e-06,9.135158784191788e-07,2.441728607658219e-12,2.531850623967373e-18,1.3638423185436548e-08,5.534559106597611e-10,0.0028121356961356,6.371493933375949e-30,5.7761521050266866e-15,1.800523949728829e-16,8.053600384507529e-24,2.8774183436289372e-18,0.1231033525836635,0.0051618281162862,0.0015663644101552,1.7904193842503337e-08,0.0040694418030935,5.782263971012195e-28,4.37520920326821e-13,0.0001706637886866,7.190912672430905e-13,3.5563338450014335e-18,0.005196537185255,8.56689618980447e-14,1.1037401530350361e-16,3.8374707678446656e-32,1.9055593196129767e-14,1.6405212413268562e-11,0.0008594921477234,3.851703133773569e-15,2.6127892199659414e-20,5.344796080540812e-10,2.9749634998330283e-09,2.230357065064765e-05,3.1286702129361063e-23,6.892769598310079e-33,0.0188155190420262,8.825187709759762e-18,2.9948828990120697e-21,2.8283233715922077e-23,5.431213325406189e-30,7.086814273789327e-30,1.7378474225253712e-43,3.086416382960682e-19,1.7431146209785528e-32,3.0333421064879566e-11,1.4617052653977464e-06,5.392162374065444e-16,9.575612248192096e-19,1.320539048323558e-08,3.9841117813224964e-29,2.7695496105972288e-33,1.94139135115506e-06,4.970068471235805e-08,1.1156507469032834e-19,3.5328587654447683e-19,3.7569828180852526e-32,8.757154389879569e-51,7.925450091205792e-16,0.8365423327367257,5.8364106071805504e-21,4.24106307150456e-51,8.399776486866815e-65,6.74982408650263e-80,4.405372363085961e-23,3.993668103952631e-16,2.874371053896715e-15,1.7122179521250037e-29,1.5817054011824642e-16,1.6266055831385116e-52,2.561214652786858e-28,1.92820484997364e-09,1.5040706808570953e-12,4.310993035452313e-15,9.54833483830148e-18,1.9625014526009317e-19,1.058595704653613e-21,2.807630091978465e-24,9.795147428169068e-57,5.803757444980349e-52,1.7184307323439444e-50,1.2817456596481721e-46,3.8984151008258353e-25,4.112600079890486e-56,4.2988985539638165e-25,6.90425215145572e-29,4.48910325019482e-37,4.622509328462322e-54,5.568905079863499e-40,2.1425601130933632e-56,1.4503639858069936e-39,4.1061851501097005e-29,2.9177467765684177e-54,3.1047566164193544e-47,4.015894421132816e-26,4.61282354820486e-68,2.176219101889813e-53,2.432549766405831e-37,2.921691146787866e-49,1.3677940943370263e-49,5.046462410446358e-37,7.272010853851121e-56,8.807913576116382e-67,6.354682037906647e-49,5.3812825332186286e-61,6.8404301327169055e-56,9.376014944370692e-39,3.6293163806732725e-34,1006.9435290188828,54403.00279211079,0.0160739562628667,0.0620320182236409,0.1067292810751434,0.8088866553127887,0.0062780891255602,2.555438742762401e-23,7.1296740923070975e-22,12.0,12.586493128968383,12.822160801762148,13.7017648883785,11.591704694496327,0.0808986978012592
3.229101777022047e-16,1.8356368632406545e-11,2.3462587874263577e-14,8.525793304965663e-09,6.86069158961486e-11,8.813585238906492e-06,1.457674443369607e-13,1.9526308371279146e-08,3.171187908782065e-09,7.348033172695631e-15,7.247820850555598e-14,1.886140538149057e-17,1.2719266671523268e-19,3.0086722438104912e-21,4.124564314271027e-26,1.8212332698822266e-45,5.766166649513165e-06,1.0164830232025506e-11,9.218198470158768e-12,9.65743992285627e-10,0.0006411779034566,1.989985932628096e-05,2.4070432994139747e-10,0.0560068237299077,0.3822605295334774,5.871472511475774e-07,3.974858105589898e-08,8.093373649808796e-12,3.440140109018694e-25,3.248708744961772e-38,9.354464008329816e-25,2.613375589728295e-34,9.388077215775476e-45,6.99699088016263e-59,0.0002202467769195,2.8503649397298172e-08,0.0010280913044281,1.9460376111917605e-07,0.0017053564676023,5.0190578851593976e-06,1.2217152133240776e-09,1.7382912250494287e-08,0.0003469517453379,1.3571445393578328e-68,0.3983298263306394,0.1588372404946493,9.94513418903593e-16,1.0475622120508249e-21,1.8877193475420945e-29,2.1460973662117738e-29,4.184577600861578e-40,1.211410521284027e-17,1.390237193823034e-27,3.2626556798436435e-10,5.9471439250175694e-15,2.472982666508211e-20,2.819643944838113e-24,1.4892381078164055e-20,5.9996983009019636e-33,2.2772030423613953e-46,4.526864970874345e-15,2.3481572918892843e-24,2.5283692469459557e-37,1.26568661135612e-13,6.735184056258998e-24,1.7492453565928806e-36,6.210444837426857e-08,9.925267730427304e-05,1.708377719568939e-17,2.576122025948138e-38,1.4611358165440092e-49,8.525645298047027e-60,3.087729587499348e-15,8.601369881427738e-11,2.8060955881396867e-11,2.3936232489156682e-20,1.9395556479253903e-16,4.5036069691965205e-34,9.591436494071082e-27,0.0004792827536885,4.629932725041971e-06,1.278361111923471e-07,1.299147195470585e-10,1.0873976057162192e-11,1.067732230319674e-12,7.28206300551679e-15,7.64689063595057e-17,6.565292613107832e-20,6.6616904748091816e-21,6.856185724977714e-24,8.273516088696325e-17,1.769905864534956e-18,2.3517303595898242e-12,2.075456686204889e-21,4.2591254951799827e-13,5.4432107409093816e-24,1.7425209979892225e-23,3.9813927634325776e-29,5.694178342754271e-28,1.3174223467354584e-19,7.838067055178056e-30,7.66225391808278e-32,1.4440832731155087e-31,1.5750075026213267e-24,8.37756580060457e-24,1.7252404717394365e-18,1.1115823272201503e-32,2.611535392061019e-20,4.0231661616718997e-20,1.5868539854300043e-27,5.9205079033421546e-27,6.229558401962868e-25,1.0017093137791657e-29,2.583425894477323e-32,2.7811119353156627e-12,3.3065055187466812e-15,2703.1280352403237,58415.94012788184,1.1402526148434218e-06,0.0001483860861448,0.6362440783173953,0.1792906717081995,0.1843157236356454,1.0860941881438368e-22,4.5871507475722045e-21,12.0,14.114392103115945,17.746622676432008,17.196556617452657,17.20856130881918,0.08065180898406339
5.350194961054073e-28,6.522106505588046e-13,3.2402535432585913e-18,1.0221023177906726e-36,2.3686145916944067e-22,1.484128985922427e-09,2.8773582036280287e-35,2.0666948070546542e-16,6.201572191319093e-19,7.916429575937655e-15,4.563726914336138e-18,2.246014161446946e-30,1.6445887943958204e-16,1.9400286876704043e-24,4.325841706782299e-20,6.06829498791978e-36,2.549887905265413e-25,4.480911790566935e-22,1.0009824872933236e-35,1.8296387630503045e-30,5.202395565295606e-06,4.703898138303823e-05,0.0035374344023478,6.949302423365514e-15,1.4952319929667018e-07,1.1264085037634226e-47,1.6107098414056477e-35,2.3864068451881658e-29,6.253920479384588e-28,1.1572411101574448e-23,7.23199219685631e-32,1.8765944322686331e-37,9.167332242528045e-31,4.851005780791504e-54,7.530980237707086e-37,2.300896393505578e-29,8.331802196828951e-29,7.736049546160536e-31,1.7843337876693333e-52,1.2779653858071236e-44,2.4707615915638645e-41,5.49921163687617e-29,2.3194388837075362e-67,1.391738218970551e-69,1.2549044186631326e-51,2.864633879148795e-74,3.5352381476251066e-21,2.020797169501879e-18,4.0011148937668143e-20,5.162948736019467e-20,2.725664870131027e-28,1.3835958927901328e-12,1.838022621441671e-20,2.166028227493596e-07,3.0429689987286244e-07,3.881504759572317e-18,8.75395031247857e-23,0.0001813464412686,3.1425240123488017e-19,1.3453253432272096e-11,8.72973386542254e-05,1.4494491779226145e-12,1.523681031567577e-27,1.384393843276229e-12,3.087992509247751e-20,2.774889419275556e-33,8.539501709277e-12,0.0703142449338588,2.446084341100389e-16,1.6187966841535298e-35,6.258899873374197e-44,1.5734843522884426e-53,5.2847418368354705e-25,2.100894407156088e-05,0.0264635547408534,1.0370804320731933e-15,0.3937263695737321,7.08502487377205e-33,1.0534666453454581e-07,0.1819920220076551,0.0389398315948944,0.0296985388780928,0.0136914356788145,0.0697930126992198,0.1048864562414057,0.066614427867588,1.252914465703604e-63,8.288805758414418e-58,1.2366842305228304e-59,1.275766297770833e-54,6.570181186498685e-31,5.554045542153028e-65,2.676533044500935e-34,1.6010518375880568e-26,1.0692426932136299e-55,4.7808416297711297e-51,2.1977865538367835e-36,1.6900573736753027e-48,2.956129514351406e-31,1.02725456815604e-23,4.0364155047316833e-53,3.827741270098078e-45,1.030251887322455e-23,2.4960902549508745e-64,4.190681563648244e-49,1.6582681025782032e-30,7.953577807849048e-36,8.296956085998819e-49,1.4628051908815163e-35,4.605887345691968e-50,1.8824601469617158e-56,3.3913048836301086e-38,2.967144133538378e-46,4.3082779494252615e-40,2.920423943333304e-32,1.341821155778859e-26,1061.1501156493305,80.57815270868888,0.0001428644457892,0.2180263446898701,0.0009530933772894,0.0373359060494081,0.7435417914376429,7.272821829255589e-21,4.909154734747522e-19,12.0,15.183584812926334,12.824211291017766,14.41720253425713,15.71638122267747,0.07942490958037476
3.058058650396363e-16,0.0001312517664253,2.968352504875898e-19,3.0003987682572387e-06,9.162005151643586e-13,3.156247736284983e-12,2.827617993355641e-10,3.964719774029928e-07,1.6446504534505933e-08,3.943156076695352e-23,7.026775121241865e-17,1.5689563353680602e-12,1.5633774370858389e-21,2.1948352886244803e-14,1.7141705854016934e-17,2.6914659381328427e-60,3.715641145631579e-07,3.6021137838062626e-22,3.0270155447845457e-21,4.008103514077857e-18,8.303808776570615e-05,2.07652869266329e-19,2.0792865990995046e-20,3.657125489388217e-08,4.895665841035716e-19,2.04013579650869e-05,0.002031237011243,3.844842630102432e-05,4.680512683893219e-38,7.934227860360914e-70,2.703260027253186e-17,7.681559633303717e-38,5.01335346267698e-67,9.103290812992153e-75,9.970067346380308e-07,5.098713943755449e-19,3.1147943828244815e-10,2.626103371232341e-12,0.2256546896992305,0.1145913228586901,2.2401096725610542e-27,2.425025020565592e-21,0.0012249089769816,1.9878683804467625e-104,1.154001769546218e-09,0.6562173286139176,6.45218998582451e-17,3.193249163104731e-32,3.034851928218142e-50,3.6082739601851042e-50,2.1408979415030052e-72,7.502143295142867e-21,2.0295717453785053e-42,8.96081375535664e-16,2.529708511791469e-06,2.7710713597240104e-20,3.5018216017861413e-31,2.3272338771454785e-21,6.4374837032105545e-47,9.924832940467539e-92,1.8264331083091064e-19,2.0391423512465593e-22,3.254748420968603e-44,1.6260158566130084e-23,3.190670294894505e-45,2.491433021875267e-70,4.344117774532318e-21,2.3266226053603723e-08,4.608105881101348e-34,5.3702907010924506e-79,1.1973798812350384e-101,5.349067249384412e-124,6.284346365711427e-30,2.071265992817034e-26,1.4343184806593958e-39,1.211154808216189e-34,5.546669340807833e-41,6.8684499790864545e-62,2.3402693471926617e-62,3.280112228954215e-22,1.1001354316853016e-37,1.10713053096441e-52,1.086609920184601e-68,4.343505039800985e-83,1.2304045065970288e-97,4.6995952275667426e-113,3.826380295876235e-16,1.998421166214985e-25,8.094433973689085e-19,2.880788679236029e-28,1.3223907501231205e-18,2.275672736717272e-24,4.64970717963344e-19,2.649534204476526e-40,7.861829351273086e-17,2.6670990902469005e-21,3.3927773557912684e-25,4.227823056784381e-36,1.1233267883445923e-38,3.960584539189075e-32,3.03802290858597e-27,4.3345558019174767e-35,5.736879513862645e-32,1.660671078730254e-31,4.6009983040033113e-35,3.1438747166973903e-28,5.599976649536835e-61,4.387756910481179e-30,1.137038483625401e-34,1.3143249806522346e-47,5.012809960609247e-36,1.0822107679580069e-37,1.1821242978612612e-46,1.6490977391871496e-55,1.1658013236477678e-19,6.702202155257772e-29,1764.9966856159972,1.0350357721298024e-05,0.0263843542925616,1.875096448050716e-05,0.9735964730214776,4.13462689412805e-07,8.258790964813162e-09,1.8834834381698265e-13,1.066522496863664e-11,12.0,8.851677141043115,13.56703252183448,7.195089855120248,5.495570003883249,0.0787574448713079
1.0804774635058378e-31,1.4324513015137476e-18,1.44341175533343e-34,3.829842746100105e-19,3.349649990708778e-24,1.0157792334722357e-13,2.428009968605048e-27,1.5337222044281626e-13,3.851633230196572e-16,4.1482929547045335e-32,7.165928716069038e-30,5.539055824718193e-32,6.531566686445003e-38,1.548239492293615e-35,1.059835304471985e-40,2.0743732662870297e-97,4.918798361440458e-13,6.809014748212097e-30,2.6030004848256523e-29,6.662475033437038e-24,8.497388601364644e-08,4.730539203374625e-15,4.675644079691168e-25,5.712632762849003e-05,1.1445634427052364e-05,3.492931494319962e-16,2.341425520476792e-13,1.1449026679513428e-16,1.3283834497618736e-55,1.4056803285218717e-91,1.432488492650444e-38,1.747947744163129e-64,4.845911423399797e-98,4.5534549898715e-121,1.1805366323925558e-10,3.5859503115684426e-23,6.002798379594158e-08,4.4380457735433355e-19,7.207438385732609e-07,1.7740914493807482e-08,8.735576408749646e-27,4.110617836325989e-23,6.908942815386366e-08,6.769430852889251e-149,0.0064483832518975,0.993482082882678,1.0978495280493111e-32,4.771090772336418e-50,5.494190109537235e-72,7.129336183481953e-72,1.5120936520037314e-100,1.820272706717709e-38,9.293837303077476e-67,3.459072033030546e-21,2.0218781154773317e-22,3.1366580420065873e-39,1.4228867697781894e-49,8.774889283043665e-40,3.7309414424283693e-75,6.44014748200653e-116,3.569519240865855e-28,3.7429554529084785e-43,8.333923891965809e-74,2.1781358022549116e-34,1.9779090068360776e-62,5.327631396636934e-96,1.2396108763458896e-21,9.208150889894674e-09,8.438249724620564e-44,6.41999027926093e-104,1.0473416936582224e-132,8.766326555269339e-163,4.126432327615388e-38,1.1387305167412889e-29,9.80981290370722e-35,3.4141185955138e-52,1.8360123715563154e-45,5.1117866573626685e-90,2.2542705396311938e-72,1.1279134635587957e-13,1.3168202229358199e-22,5.563291121508687e-31,1.6073621682956738e-39,4.702110423097117e-47,3.824949354844844e-55,1.4189010525319374e-63,2.2075909802055623e-39,3.432863327538564e-48,5.904390805251207e-45,1.285996967543634e-54,1.2223355810427387e-35,2.1601478047276077e-46,1.2140181072339217e-29,1.835074075341121e-56,8.377027783919201e-32,2.473369101657594e-50,4.5841179304746e-50,5.919587764268501e-68,5.07805958761189e-65,2.4421605480219225e-45,3.6615614218422903e-62,9.140216107151927e-69,8.313598335954884e-62,6.284656244080318e-60,4.405738382429898e-59,2.2222285383013154e-45,7.799430104231399e-86,1.4233242818109564e-49,9.035339564394228e-51,4.566033127297972e-71,1.9686980857961665e-66,1.7695065083829023e-62,3.6218035058147604e-76,1.22191892442479e-84,1.2331987417070845e-29,1.291461976667043e-38,1033.1996952158388,0.0028356933203752,3.543726347459794e-09,1.6971838312218938e-08,0.9974078205535112,0.0025761759704943,1.5982960429841604e-05,9.054840347153397e-16,1.3028909166181828e-14,12.0,12.680268708109894,20.449412591590303,17.861515347438214,15.654197046688015,0.07811905463639028
4.863301548597097e-25,4.419033837553442e-11,8.065374324317015e-23,1.3249108589057307e-16,7.454208333295105e-14,6.0312052184885725e-12,8.021743229494339e-18,5.7050037923487385e-06,2.104539718783714e-07,3.904399677928376e-16,2.6082765767367324e-18,3.4006486986788716e-17,4.014338248163999e-20,3.876190625151077e-16,2.381917714504526e-16,7.545169006683857e-48,5.876130010043925e-09,4.186765085979402e-18,7.020212871202442e-15,1.1566084740864096e-11,8.428009846489151e-09,6.962381700892031e-14,1.5792009353517633e-18,1.248666790991945e-08,7.253208441505962e-10,1.2559472078715763e-16,1.29874189876077e-11,2.0186663359111287e-10,1.0602176426844527e-31,9.283324548161244e-52,5.1130629392648176e-17,7.603607463178557e-32,2.498888501566418e-49,1.0917271868570944e-57,2.1469979961140427e-09,9.470867430939998e-16,0.0002213907542238,2.0860769247625324e-17,2.635714437705445e-13,1.1354723191933466e-10,1.3432988658045068e-16,3.1036125622508204e-21,1.8087252897686943e-16,2.797801370278444e-77,1.6100492196646956e-05,1.678487628246136e-14,3.3275513068150656e-15,1.1905328982799298e-24,6.81081067310047e-37,8.127613906315384e-37,2.274063646614089e-53,1.572684037587008e-21,1.959195772470524e-37,1.1288117277545366e-12,6.679729554107732e-10,1.0115380308801574e-15,2.442568033910683e-18,4.3410803672667275e-19,4.0945798505262566e-39,1.173573912209765e-62,1.6081421203061734e-13,6.007319397306646e-15,7.066100107145967e-26,1.2345061287163645e-18,1.1580614591149608e-34,3.5048796575749915e-54,1.6551462043736297e-12,0.9997565625684168,7.064020778516444e-21,1.473656759643877e-54,1.5909300144814254e-71,2.966929328318251e-88,2.3036242572719956e-14,2.9463518843301515e-20,7.276736114442098e-24,2.3424184781196996e-32,6.177210094554974e-29,4.2127341251629344e-54,1.3421519164972178e-44,2.697620373129527e-12,2.773221089199184e-18,8.600196211091071e-24,2.8236715766177842e-30,3.559928653299018e-35,3.054326151623568e-40,3.7253438094453385e-46,1.1744389371740683e-27,1.8062272667923611e-35,1.8076888782139485e-27,1.786577934953001e-35,6.252145175640389e-21,1.4279731542228023e-27,2.479944591480951e-20,3.5263615967093383e-38,1.7133214094138994e-27,3.956597079561395e-29,2.1163170322551646e-31,4.228048484132718e-38,5.383044292441967e-39,1.2559423117963508e-28,2.4534108650491248e-32,1.1098479594193583e-38,6.441214617234095e-28,4.949282191594684e-34,5.900563430104658e-36,2.4578016938785127e-24,5.153079362767372e-50,5.635178814563704e-24,5.699047924979066e-27,1.009907130233952e-35,5.989063590080776e-41,6.255827828730473e-41,1.360423890271699e-45,5.533639058390159e-53,1.853969642652888e-20,3.0744527458127574e-28,1714.142035396043,9674.61872437433,2.958203259186033e-06,4.213347767545295e-09,0.0002565017769611,0.999740528831668,6.974763816292158e-09,2.9354688441550824e-22,1.1668488655516451e-20,12.0,9.153599295835546,13.938062366896894,17.528859287268705,9.37250149463726,0.0764748039538279
7.964450471760711e-14,5.8293926735890006e-09,2.827663659011987e-07,1.751471345139488e-15,4.97379833050504e-09,0.0002545300515333,7.985566907825169e-19,1.1770200706266487e-11,1.4391269332034702e-12,8.935393128637298e-12,3.9102649686477234e-12,4.257736423505112e-21,2.1639629086219078e-16,3.2242633828847177e-23,1.9069816660632016e-26,4.513170799603744e-34,5.6077446500671694e-11,2.3101793004987328e-10,4.686770345887518e-16,8.324013103172916e-14,0.005178528856918,0.0002970180657554,0.0047076543373964,1.775893044326974e-07,4.373178349886988e-06,7.172207245982932e-21,4.143461105396094e-20,4.0306329663213743e-22,6.248890945431126e-23,2.8709071376125885e-23,2.3567553897956968e-32,6.638707198627402e-36,1.3039845237970178e-33,3.49956632865841e-52,1.1733032346284084e-16,5.5097078585428454e-14,2.079617181081091e-14,2.18128194122698e-14,2.6846534019640355e-24,4.543098230492059e-25,2.242972635888686e-21,8.048151692762039e-16,2.3929014243872355e-32,1.794279353719156e-63,2.7640058031219043e-26,1.0788658893195828e-36,1.8841164480051605e-12,4.5145068137921394e-12,1.1602965674415594e-13,1.332050471566254e-13,2.040396621228915e-18,6.204445879046254e-09,5.319828793185689e-13,2.7091257102032433e-07,8.364295800846229e-11,1.589241009053094e-15,1.7976992969434635e-18,4.5409937160529814e-10,6.495211470495968e-17,2.7832177353821803e-17,1.2293001750436088e-10,6.966203217155304e-18,5.56995670413461e-29,3.952588081411268e-05,1.7303232553144475e-09,2.1654228399170168e-16,2.0310594016016904e-05,0.8896798528178398,6.04349359545784e-08,3.378382015744194e-17,1.5709325529685443e-22,5.4498130203354254e-27,3.7776134157002786e-11,0.0061069170428806,0.004579229146718,6.365489600356781e-07,0.0380097799837813,3.5986920151448386e-15,1.8325879846675791e-06,0.0503281002103935,0.0007579046965024,3.291943058623804e-05,6.475527469816685e-08,9.018942279106664e-09,1.3166929022987747e-09,1.5504558416437138e-11,1.5569132842406423e-26,1.1416880487909948e-25,4.9615395891496155e-29,3.9716395964284662e-28,1.927340625836904e-17,4.303793520552835e-27,6.669536223144646e-16,2.399106849081665e-13,1.6931349632198514e-25,5.601007530314571e-25,3.686647422653075e-20,7.986169560475594e-24,3.2527386507235418e-18,1.6143943209270916e-15,1.4311720706860005e-29,1.4401517953403314e-27,2.4045446108567306e-22,2.3530594393457462e-26,2.723747950563882e-21,1.4010600040848098e-12,4.096119726233183e-17,2.904731930258782e-20,7.711911254588354e-16,2.4872302416674026e-21,2.300678458051277e-23,7.019623748564003e-17,1.8118013502780165e-19,3.897042506732045e-18,1.237538480776218e-13,1.202106852368245e-12,2432.370170294884,845.1687622900216,1.3881542386028037e-07,0.0496240162481744,0.004974191794135,0.8687885875750359,0.0766130655672307,6.7548922300325204e-21,2.682089561924677e-19,12.0,17.553254186850648,16.554284803212294,18.796476383875465,17.74186511688275,0.07584109632210398
4.694350929363303e-12,1.1096849754343066e-06,0.000446887499967,1.5036460737178766e-15,2.03651357821269e-08,1.269722104443793e-07,9.895663757165e-18,2.9527402597418248e-12,4.71899680507451e-13,1.4014094468465188e-10,6.790611678565514e-10,5.0525588674612115e-19,4.630309451757207e-13,3.2053696358922625e-20,1.7379564799979793e-22,1.0897322207502186e-25,2.159482431624308e-12,4.84099463414047e-10,6.468679935066445e-18,6.98263904570526e-16,0.0168826987298262,4.731806663300104e-08,0.8074947332651952,1.006572688978387e-12,6.444275574485888e-16,1.2475648620088958e-22,3.472352158681461e-21,2.812613031080337e-22,1.8949376397055344e-19,2.874001076594601e-16,4.724120200719845e-30,1.5999223624480226e-31,9.327570281261466e-26,7.1687393990055996e-43,9.889797552152609e-20,1.6700426512728004e-15,9.67939751284393e-19,5.681889610060093e-15,4.56218202061533e-28,5.404563225875951e-28,1.7222342669951715e-25,8.269971874246763e-17,1.098377228820477e-37,3.3273374110504303e-54,5.431417660221735e-34,6.232596609265245e-44,1.1351549026136928e-10,1.5183489340651338e-08,3.3829311730386863e-08,3.8481267560856614e-08,8.968680200616741e-11,9.121123352264066e-05,1.2476739016204383e-06,1.817237527773627e-09,1.424537866792939e-07,1.1014845895807489e-12,2.4400924343760313e-16,4.517604028858528e-05,2.0795373362426294e-09,1.1600801182334723e-10,9.818193421478215e-12,4.152867315230286e-14,3.1109518852234063e-24,0.0049474317062861,3.1554504487972586e-05,9.526991970397631e-10,1.751888443349652e-09,0.0660731400036262,1.307218290132923e-06,2.736542036308572e-11,1.8593361254659983e-14,1.2767316154154964e-16,3.5682205236028065e-12,0.0001580520861756,4.7158867782278884e-09,0.0577954518352084,0.0457556412659833,1.230923821809295e-07,0.0002737946857705,6.48120061580458e-10,5.600178582027135e-16,1.3838122646788614e-21,1.273571978213102e-28,9.570375013336266e-34,8.381701617669401e-39,5.1433702498974274e-45,1.1677252607412624e-25,1.0194171894701124e-24,3.9870632121416794e-27,4.1523518414799224e-26,7.295628728646715e-15,5.307664561724195e-27,8.319667768783892e-17,6.007637311921207e-10,8.600751744422013e-27,2.6739063932044573e-21,9.149625344542748e-17,2.4621823405439267e-18,3.834460826906647e-13,6.670553794338925e-17,1.44818511838674e-24,1.4549790588338857e-22,1.521301175697657e-15,3.7027580138536476e-24,2.1120093078575864e-19,6.167779007443443e-10,4.7245918134954796e-12,1.3376591610246941e-19,2.1809330870480738e-15,1.0043542680036773e-18,9.160920615368226e-19,1.0506245074580749e-12,2.0500375088061177e-13,5.368960812515639e-12,3.5570469925743027e-16,4.289773944662424e-15,2686.156547591618,336.60923424009707,6.45844475033296e-05,0.6467986171802871,0.2888968977156412,0.0480525565231366,0.0161873441334316,6.610579224601138e-21,7.855571645234352e-19,12.0,16.000641134041008,15.650614929553786,14.871588549537911,14.399047650963864,0.07464985101927891
3.716474221133412e-30,2.857753873588422e-16,7.643355354803843e-31,5.009636279461852e-18,1.5994930772005294e-23,4.777386088384644e-14,8.184172395876799e-24,4.028489588001472e-12,1.9566058891119233e-14,1.4874566771237079e-27,9.10097308755838e-25,1.8322217513387326e-26,1.3910232879833157e-30,3.447906913384482e-28,1.930163742711659e-31,7.913629724478405e-80,3.6363565157031123e-13,4.592433390578342e-27,1.560449448420627e-28,1.1492106601968209e-23,1.7882752390040509e-06,9.862694101344381e-14,8.121511048954941e-21,6.666402264812103e-06,2.85930516958106e-07,4.508621650721892e-15,5.1584025951688357e-11,1.5815531134691526e-12,5.3442275988480064e-45,6.345501595687727e-75,2.813739684118777e-29,2.1153722344926268e-51,6.840388738818008e-79,5.504929897086602e-98,9.251150698427416e-11,1.080117807231424e-20,4.055219382222855e-09,2.2113195514424975e-16,1.7048624896333307e-06,2.273124140202272e-06,1.5249433485690488e-24,1.4200083681264597e-18,2.4886714107790764e-07,3.2025527990222785e-120,0.0003668590180264,0.999620169032292,1.482005994375545e-29,6.683833595691358e-44,2.1591891970498147e-62,2.7444986450363597e-62,6.42804695992631e-87,9.090495734259767e-33,6.02624556873053e-57,3.674659071701806e-19,3.479332190454012e-18,6.38481238540399e-34,5.330679546602972e-44,1.8341997843271032e-32,5.346346160722413e-63,6.222010475758925e-98,6.074559206389357e-24,5.375350029633199e-36,9.511021110838954e-63,2.6317419613562603e-31,2.508600709360404e-55,2.209965333669641e-84,8.799766460067882e-22,2.8241744653393467e-10,1.3645556471072755e-40,4.439462874339456e-92,6.680922125227848e-117,1.2386647086851832e-142,2.108033008011938e-37,4.775063170564246e-27,2.756437272500355e-32,2.0819137013998992e-45,5.058780854261651e-40,3.2453788941201493e-78,4.19109850555363e-63,1.2551530286228e-14,2.267572732259467e-23,1.404465799692711e-31,3.76612823431475e-40,1.4170063190699823e-47,1.8414878414555695e-55,8.229711254186801e-64,3.645980538310487e-36,2.0286785859964112e-44,1.2657901378040105e-39,1.463833438472386e-48,6.402358341161032e-30,4.645292386952852e-43,2.4756211276115464e-28,3.5330853734513726e-49,2.2835503332637586e-29,8.060911307078689e-45,7.247522886220117e-45,3.069823771167043e-59,6.180311455095465e-57,3.8823238081866437e-41,7.771585352339354e-54,4.5664295719546035e-60,1.051829166942438e-50,1.382616165099843e-55,4.129329004418644e-55,3.7538847889469774e-41,1.3378435684561691e-76,6.267218124943878e-47,2.9345741758840076e-48,5.781121483436981e-65,1.7240975227230126e-59,3.414695780966815e-56,6.720163531219673e-67,8.475788899698832e-75,2.677117294543355e-28,1.1247158818263778e-36,1144.8850130244653,0.1929683258590804,4.545985441932215e-07,3.57604585908628e-07,0.9998510041054336,0.0001467360063528,1.447685083326467e-06,2.4574256028446213e-18,2.498382696225365e-16,12.0,11.8957750389306,18.342307246477915,14.508908654297908,12.503046058929018,0.07365494815202658
1.2839473286967455e-20,4.567912894266558e-07,6.118771588760891e-26,8.427514995971353e-09,8.573507953348272e-15,7.413903007463061e-10,1.0938669285377816e-15,6.002109652761065e-08,5.012287436791145e-10,2.3569507061397106e-29,6.765798016597254e-24,8.801741242000189e-20,5.780686623001576e-31,4.374490054095629e-23,7.580720365832229e-28,1.7200152172014107e-86,3.4559915671775945e-07,3.350262588675856e-27,4.985278647290427e-24,1.3236445163760357e-19,1.2534481361007195e-05,8.046739708655941e-19,4.0208639492213247e-26,0.0002703990526982,3.837059583073783e-12,6.174059133685123e-08,6.050289365429616e-06,4.640184022090136e-09,2.5975375582964356e-53,2.302898880068368e-95,9.732419027076967e-28,2.6919880419441054e-55,6.868704940273754e-95,2.2693103199487244e-108,7.660069109918065e-07,3.35936991394416e-23,2.696198515263096e-08,1.7294368994018276e-16,0.047315099204544,0.0014072826309901,1.5153555134024904e-31,8.470656017003381e-28,8.155235703334626e-05,2.8773985419370924e-147,1.4513331246216645e-07,0.9508906815070576,6.7972010344372385e-22,2.6006903108726673e-42,1.6211358777373873e-66,2.0261005331759564e-66,2.8218283835593244e-96,2.5260969779595634e-29,1.1319906776225357e-58,4.060989993876806e-16,1.7934593475498108e-10,1.4964720144944068e-27,1.240514474527934e-39,9.086817104044045e-31,7.048080551157281e-66,4.7484009268276553e-119,3.6100493105819122e-22,3.4601571177171256e-31,4.926195500651447e-60,3.7445736820437026e-29,2.0282108626834265e-58,2.5975886594963468e-92,1.1465953272187356e-19,1.4327919348571264e-05,1.4866813935846563e-40,4.770211249130743e-102,3.6970089040950524e-132,7.220161433437953e-163,4.312608513369637e-33,5.540360539240409e-29,2.6879066449969654e-40,1.5365341078291895e-46,3.427489333866303e-48,8.974368459656234e-84,1.1264277804176551e-76,6.941651379309377e-17,2.098334013473027e-31,2.0887301336899845e-45,6.18306519228168e-60,3.3579736992103595e-73,7.53295016727491e-87,4.60405829445277e-101,4.339572856636581e-23,3.8829632081240206e-35,6.806855965595546e-28,1.738053510470722e-40,2.0333829162597687e-26,4.1144692562257336e-32,2.6927213238297836e-23,4.14681046093125e-54,2.868590190018902e-23,7.4623934649417905e-31,2.0908328901990343e-35,3.40820794577221e-51,1.176722331981457e-53,1.9592897608665926e-38,1.224683439797288e-40,8.213806561035533e-51,7.363478099531741e-47,1.0057553006639796e-41,8.413715873721141e-46,6.195140754043498e-36,4.5754657613946206e-80,1.0978333147724606e-36,2.260861326829465e-42,1.9980312420142922e-60,8.0734161003941605e-50,2.6068225672567226e-51,7.219261451564075e-64,1.521248702231038e-75,1.2851669659016875e-20,9.544564800856622e-33,1256.414399450977,2.5070802183935813e-10,0.0002883863252181,2.5567295857468477e-06,0.9996477502893412,6.1538085569475135e-06,5.5152847297962535e-05,2.0757217082199982e-09,1.9373402610053314e-07,12.0,9.947710133961648,15.53987232990376,10.329169318315868,11.281593275020596,0.07145818502225934
2.959880228028229e-15,0.0037634202858384,1.7469475527747464e-16,3.258820607757407e-16,4.4052117423644747e-13,0.0004292933338898,4.152605551324144e-16,1.3683954830107062e-10,5.656249308557324e-12,3.809546188679769e-21,2.9454149580938267e-17,3.13192669515929e-14,8.880638943636774e-18,5.966897226069191e-12,6.339943667324752e-11,7.600610027797399e-43,9.385025475509254e-15,2.5518387862638925e-24,1.7305339776199104e-26,2.3066388052256416e-23,2.618582916799535e-09,4.1874141322091476e-13,1.8400671266660386e-19,2.606394897326031e-07,2.2496807976834917e-07,1.1523664873870165e-22,1.5740965800253424e-16,4.0587764774319446e-14,3.8605145885245794e-36,5.141126057752891e-57,5.1957714655110665e-18,4.098596057441067e-33,2.099823361091103e-51,2.422341936303399e-56,1.308684500170657e-21,1.886266438222098e-28,9.484371247581461e-23,4.231995263421256e-24,6.690919859585936e-26,4.6331742177676105e-22,9.890858779805928e-42,5.77894839525243e-35,1.883201733377784e-35,1.1292062406240729e-89,9.506206988811896e-37,5.281345163424118e-40,4.193019988790582e-13,5.817441734310034e-23,1.541354754352028e-35,1.8327922387070636e-35,3.009280039150461e-52,6.003167517213685e-14,4.4909830880231615e-30,0.0016492635188626,0.9867219676936566,2.4420913683707594e-12,7.041336916039144e-21,2.542974845104993e-10,1.9275412111577293e-30,1.496785929617517e-53,0.0045569473130923,2.4467013539220756e-10,1.186302175459926e-25,2.208731056186552e-18,1.199872490393799e-34,2.5773453476457456e-54,1.3498826600883298e-10,2.6323073601490077e-06,1.4305815734475698e-26,1.2683576471487266e-60,7.832014593036321e-78,9.64651504297841e-95,1.58307315908638e-25,7.904696624228083e-13,3.508540460173711e-15,1.9972888367339803e-26,5.948532702203835e-22,3.096935949920231e-48,6.963943451281544e-38,0.002875924924845,6.154184496455523e-08,3.952097444348723e-12,2.4813521137264884e-17,6.3338132285789546e-21,1.1443221107646528e-24,2.7921238282389665e-29,8.685705966022775e-30,9.789596422890283e-32,2.493801130576323e-28,1.9119775585562555e-30,1.1799298294261465e-22,1.1810453054345588e-35,5.377720971594128e-23,1.0525525845686669e-35,2.0364019146804148e-30,1.5763470869441472e-23,4.3743954815632034e-20,6.990241105026417e-33,4.067733166654224e-28,3.3084798051643727e-16,2.415691572328216e-25,7.454676547333273e-26,1.787560863792307e-20,1.6366802274846713e-35,9.898891684109154e-32,9.032174034308023e-27,9.559891722891544e-47,1.0112964853495623e-31,5.704007565756626e-29,8.443534328420108e-44,6.08070267245268e-37,2.8759524798278605e-31,4.055038972741962e-42,1.2204176455594457e-43,3.3320678784039404e-15,4.131388142402958e-17,1763.4110570899122,0.0047763893440528,0.9938037943623406,1.4366617094667467e-09,2.4419135292650936e-07,2.6319084047420434e-06,0.0061933281012401,7.136169503919857e-16,2.34474140843081e-14,12.0,3.1600538663534277,5.39042963049774,6.4229701203998735,9.794623437490753,0.07127637319998034
7.520030721233075e-41,2.3873382942402487e-19,3.0502561282311188e-34,3.1543091610772993e-39,3.263956365722929e-33,2.1426382695014355e-15,5.735515265427118e-37,1.6905819974898598e-13,7.836523930584042e-17,1.0592833546054521e-18,3.867530476743108e-22,4.465885692128648e-30,3.0550393848365397e-19,1.1241143029256902e-21,4.1753931693866705e-15,2.541147844355892e-50,1.1491972739660922e-25,1.0600967958111802e-28,5.25480945389523e-40,3.329291684170684e-33,5.167259670270823e-07,3.121790700154905e-05,2.4350534999301217e-10,8.655104761229065e-11,0.959236691382801,6.061299388877286e-42,1.2400608515269346e-25,6.682325311021958e-17,1.4108654347101994e-29,2.9570804899393747e-38,9.697358075522737e-19,5.823540830859862e-33,3.2303189845731165e-39,1.7741402821180839e-60,5.050768789608178e-29,9.147098983304007e-27,2.5200339476402114e-19,1.6990116986897938e-27,1.9015010313883e-36,7.948656013120861e-26,3.5240622298967915e-31,1.6001008144810392e-20,1.353292361491569e-43,3.5666304718368515e-71,1.8344137991677404e-25,1.067745142350406e-40,2.402154235982824e-31,4.85978595459349e-35,2.0831442675090938e-44,2.8522187738938947e-44,6.7046593164855905e-62,1.4393655276118222e-26,5.2499844341096e-44,2.92271125645393e-12,1.5832336786386588e-11,7.73678999351667e-27,1.3455476960037326e-33,2.089290916253459e-15,9.062586801045076e-42,1.2399049992950672e-45,2.9271989606035737e-08,7.3871117728552075e-19,1.360600189435043e-38,3.644461174972987e-28,4.1038822546932434e-45,7.647342904042966e-69,1.6357911416428032e-19,6.717529894128054e-08,1.2380797180964978e-33,4.541809126761357e-73,1.3251308300582635e-90,2.0740287371590658e-110,1.1293554564303963e-38,1.6386967976799753e-17,4.0992377038596084e-13,2.546503479420371e-38,4.0121421042345193e-19,1.3276246528612596e-67,1.9292341772287014e-34,9.812808852152264e-05,3.903403591335434e-05,6.588582481118075e-05,0.000245756298291,0.0040194993639958,0.0105051417647397,0.0257580318112701,3.887663313029606e-71,8.32674049091323e-69,1.7238423992253533e-65,1.8299633675616943e-64,9.256064761571618e-36,3.483265886232571e-74,1.0862761445178575e-39,2.7824302533322682e-43,1.0915454599886127e-54,1.2383418338748878e-65,5.322739689960666e-52,4.510298604131311e-70,5.755914469668403e-53,1.0162348735849638e-35,4.891157222067911e-68,4.957435206209072e-63,9.08229552262351e-37,1.2877372898911062e-84,2.9209143736045794e-70,2.2372475165628247e-48,1.057851309893164e-67,1.1843489870853778e-65,5.968363334022073e-54,1.3415543718626544e-74,1.2099005995913884e-80,1.9111200875901304e-62,6.02365763449468e-75,2.5310837528459513e-72,7.313991442749879e-42,7.902198557120267e-40,826.3976455318772,19494.880989350648,1.8400771429267487e-08,9.968004086035113e-06,0.3013578633502473,4.2198720163536786e-08,0.6986321080461749,8.193694563320569e-23,1.3987807147382969e-21,12.0,14.733772176696236,19.214246497383073,12.360463248889008,19.57941251061714,0.07072739474180982
7.6534027586295275e-28,9.83879441379175e-16,7.856779534862515e-11,6.842346292892639e-54,3.981150196191068e-25,1.4644238396042075e-31,2.029230979665872e-54,6.314493728258801e-40,3.2966856762051665e-42,1.0596029833641768e-30,6.920579978289072e-31,7.419454411820366e-52,1.8321221175203736e-31,2.1883072638379588e-48,1.9611837163378423e-46,2.787893335121201e-45,3.8992971568939126e-46,2.142220401803388e-35,2.264187775912592e-58,1.4551841275970834e-53,5.302840522532852e-18,4.990854871608133e-38,1.0361332029979533e-07,9.270790448029383e-55,5.737753181569479e-69,3.250287301080329e-82,5.015575506093544e-73,2.3922318575163764e-69,1.755256245882751e-52,4.0723191523367905e-33,1.5244127952787583e-75,6.144506097296237e-73,3.9060567435682383e-51,4.0121313714182656e-84,5.28087605490735e-75,2.4390017341295632e-60,1.9040759706332046e-70,4.904487121312458e-59,5.391600739219353e-105,1.1011399709125132e-99,1.8460724569306636e-92,5.462190600901322e-68,4.361404394982157e-137,1.1374852244017124e-119,4.72722450469971e-128,8.056216962686768e-162,6.763590739918842e-26,1.3451971178535674e-15,2.137695074723004e-09,2.7110586510074654e-09,3.62926200596711e-09,1.519226724035964e-07,5.857097763369314e-07,2.0153279150143158e-31,1.9285556171244383e-12,4.987798569316437e-25,4.7896477044836304e-32,0.0455983037426228,9.27721388885937e-08,3.4094631619052265e-06,5.741120301812334e-31,6.61566632596783e-22,3.3297565922413975e-40,2.4745341335630116e-08,1.3403141842367598e-07,7.60212448660091e-12,3.034731612299351e-36,4.34912768858629e-09,1.4253309579233984e-14,1.7373762596159092e-16,1.4656768025991523e-16,1.676229280232607e-17,6.1170468864734185e-33,6.347651847889105e-20,5.988855897650762e-38,0.9543958762376148,2.8212530811643624e-08,1.0870023448249356e-08,1.2657641198619636e-06,5.609510400875139e-45,1.815477791438728e-66,2.0031458937348784e-87,9.101735950009725e-109,6.013811526796842e-129,1.405504104297305e-149,1.0951637372120253e-170,1.1813869796333307e-78,3.8745159629834874e-73,6.906309372223755e-77,4.91294550162612e-72,7.942526626086905e-43,1.6663180027588992e-82,2.7329423192716023e-54,6.95219882372847e-29,1.645685836734228e-89,8.714153766880444e-51,3.7105047758047183e-37,1.5330338584187939e-40,1.3498635167425108e-24,2.6369921603135452e-46,1.688178819348236e-54,5.5851803296591845e-47,9.367353544130874e-22,1.2104847786273788e-63,1.687966299613932e-49,6.5799636632916305e-25,8.75924345882007e-22,3.844852978903919e-52,8.926785938100001e-40,1.7496625073218504e-45,5.57218188555735e-46,4.793987064179976e-29,8.046759177441648e-29,6.011839069771574e-23,1.7435611520734864e-52,4.372233895159688e-47,1158.598253670294,15715.03463823521,0.0445825616836192,0.955415002579225,5.0653559229753465e-08,8.601264317566647e-08,2.299070953387799e-06,1.2214679011287292e-22,3.2165321396389852e-21,12.0,13.331027037463386,6.055444947836298,6.285397274650491,7.712387355444197,0.07048638074191518
5.138072839249996e-32,1.0098926304799724e-16,4.81361253959497e-32,4.297366367524669e-20,4.378552968031191e-26,8.916286180085885e-14,2.319901386415071e-25,3.701285174284969e-12,8.873597745291389e-15,4.5174017292140895e-27,3.977117041974521e-24,4.8234068214271854e-27,3.181717633515227e-29,1.2618013924221523e-27,7.973653363697184e-30,2.2806253516937023e-79,1.2123557166611356e-14,7.792552772313806e-28,9.93965816885883e-32,2.777531740940778e-26,6.913958319672887e-05,3.9444324135596593e-11,1.7788823764330346e-18,9.146656213041656e-05,0.0002091826476,6.487967883443912e-17,4.4832081841262885e-11,2.0623649738115364e-11,4.7248158842937735e-43,1.055119932231178e-71,1.7733528593466864e-27,8.783185355065119e-50,5.1301219729125304e-76,5.380691729149017e-97,4.794443047428555e-12,7.184654057378258e-21,5.199357707049794e-10,4.781522790736626e-16,2.493977807521454e-07,5.837411706347099e-06,5.401258491723271e-25,4.077530839891094e-16,3.841101938672591e-08,4.977526390444526e-117,0.0001547018300207,0.9994693834911688,1.213969917049892e-31,2.4269252947878496e-45,1.199014337363724e-63,1.5581293493683322e-63,1.2874801296721043e-88,5.5474006189762085e-33,1.0907178618981417e-57,2.609452036673359e-18,1.3108233538742761e-17,3.0667821156379816e-35,2.392177859995325e-46,2.587644481419586e-31,3.7693863372069033e-63,1.4578196994135044e-95,2.3709645130003166e-22,3.4138497717014594e-36,9.13043159031179e-65,1.4463331201378872e-32,5.134208350172703e-57,4.991968966106043e-87,1.8969393960842311e-22,3.0810760362284856e-11,9.854107981973317e-43,1.0415642470565762e-95,6.7053113493538845e-121,2.0820758542148016e-147,1.7294492389154646e-41,4.647161583238439e-26,4.216254754205685e-30,5.1988889694819106e-46,3.5597697764161876e-38,2.5894520427334468e-80,1.7628247472090617e-61,1.1217862120817853e-12,1.3004745690498024e-20,5.477494594101415e-28,1.6293305152199118e-35,4.795837990973398e-42,3.8659788353386686e-49,1.4496331957958158e-56,2.350640643267534e-41,1.87815070364654e-48,5.617915006433977e-44,6.1131004236161816e-52,8.191258850910333e-31,4.051908705498885e-49,1.7761892624169976e-30,3.1954408318206367e-49,9.410675511578204e-32,1.3819268245291898e-49,1.514705502089028e-47,1.4760705651598154e-63,7.880677566135682e-59,9.707250664698672e-42,1.6320671617745215e-58,2.156051144269896e-63,2.2299817908458644e-51,6.052402658452775e-63,2.5322687400789984e-60,1.6347564665129033e-44,1.0746482974471823e-79,3.239064251288126e-53,1.1807001664087849e-52,4.450646255993454e-71,5.1985433160712555e-65,2.9211388438986493e-59,4.919300227337538e-71,8.5022575437648205e-78,1.1025509197316698e-30,5.885382604235426e-38,1026.155265889709,0.0259218956975497,1.1677893975960406e-06,1.3830478371692944e-05,0.9998211260362602,6.189209275718706e-05,0.0001019836032133,1.63964888011177e-17,1.4374255182313184e-15,12.0,13.073472673887007,17.932557781118746,13.724270639782189,13.941165824134044,0.07035486945745431
1.6896308378620586e-15,7.533524045141604e-10,0.0001203298977907,1.3739017852660652e-25,1.1184170990309257e-15,4.067940142247394e-18,5.87796823182251e-29,2.7397495664369697e-27,3.138938057885975e-28,7.523099191751074e-24,1.494502485050874e-18,3.246211190876987e-31,8.069003324340196e-23,2.632120812195594e-33,1.6317418727368852e-36,3.160301681195932e-37,1.1470667110551164e-26,1.7685020090595077e-22,1.5121991616642132e-37,3.03064383802385e-35,2.892999437641027e-09,1.811850894507366e-23,9.928406619876749e-06,2.4654143983595973e-30,7.723087148858806e-42,4.249482722073521e-40,3.0064128069838557e-39,3.1374914015836043e-41,6.140082316952341e-35,3.85267875222437e-28,1.4950011215292632e-51,1.3015491095942938e-51,3.5305453254535455e-42,1.3750602934236302e-64,1.7805872819964332e-41,3.448795004451129e-35,7.832312408674975e-45,6.614159497641566e-30,1.4324455996239724e-52,2.6973696967531493e-53,2.1561448170809237e-57,8.855482466629107e-37,9.0194853910709e-70,6.018252687445582e-87,5.912085194643526e-75,3.4507724901414175e-83,3.9548920618088063e-19,3.523025345486991e-15,3.028453865337207e-13,3.48436641382542e-13,1.557626643346271e-14,2.753435791317109e-06,6.810004509344112e-07,4.130845929513745e-21,1.1379288549808047e-11,3.3067418245948992e-22,6.832774063964969e-31,2.2711951856536954e-07,7.90874961953473e-11,5.3154097826096603e-17,1.8429927527244983e-24,1.542339942764782e-24,1.5828813288238175e-41,3.8208357917196966e-08,4.930633293075029e-09,1.6112302836351133e-12,6.103852458642775e-25,6.492221752763969e-13,1.1001209425271011e-16,4.6581023133166625e-19,6.3898996945411154e-21,6.064302513957646e-22,3.2023899427071855e-29,3.692805260875962e-13,3.1732767382389715e-26,0.9998527836257186,8.931329130401585e-09,1.3239382017923009e-05,1.320242207372112e-09,1.02381529741458e-28,1.6185598727865592e-43,7.395252865974049e-58,1.6038913203273e-73,2.3803149880519876e-87,3.6115976858466166e-101,4.5681950477456626e-116,3.275660382640976e-36,1.121021486069433e-36,1.0522929019900107e-38,3.83912567838147e-39,2.7664472740698943e-23,1.7242454964013664e-42,2.263189390403566e-32,5.828307164342459e-17,1.7074576858277942e-45,1.5041459213048528e-25,5.644754038428811e-22,7.692390552544072e-21,1.9237622758766571e-16,3.4902434555723564e-30,3.286444724933601e-30,1.6099110209914472e-29,3.5734096277495324e-19,9.91552182037296e-33,6.629230742707924e-29,4.527530806943686e-15,1.6476125061779774e-17,3.5396171433031447e-32,5.144191212828109e-29,1.0106078013454265e-29,2.0321793453803192e-20,3.823859910492123e-15,7.0028060701839e-13,6.990278964711839e-13,5.867627137233704e-27,2.631960502989005e-27,2377.981750341184,4108.174815065824,1.9449171157841888e-06,0.9999930626670264,4.965716068463941e-06,2.1573950900645685e-08,5.125838500628266e-09,1.0389298789483174e-21,5.082764638547153e-20,12.0,17.71109588889862,12.407080785433651,10.045028587757583,9.420863820537782,0.06722987379617365
1.091682831054063e-14,2.4269586333951487e-09,1.0792518055620513e-14,3.042633422343109e-05,1.2906412017622386e-09,1.697526761835264e-08,6.488934698270324e-15,2.213098123989439e-10,1.1146218313889003e-11,6.133892606622568e-23,1.5508430643028793e-18,6.113926071755551e-23,6.913675022066601e-29,1.3065918475499814e-30,1.6523590054569146e-39,8.270404442074299e-75,0.000162899243988,3.95049560238245e-16,2.516951231387162e-16,2.3226263249275725e-13,0.318725216719529,6.188996500825519e-13,1.9383503011172621e-13,7.03577050224028e-05,4.657412073769162e-13,0.0001116114763999,1.1366381638680391e-08,3.247438873107589e-16,3.580063413202483e-42,4.086189062446472e-67,1.4648610637636075e-39,1.8267949432457298e-56,8.362843847574473e-79,1.265340117520571e-100,0.0002456019098306,2.4071847095583713e-13,3.8015656043972927e-06,1.4167055816826692e-08,0.3994851198933112,2.889559287915037e-07,5.0895070893624965e-20,8.356683173909859e-15,0.0013807018610441,4.193325312485029e-124,4.045145047195765e-06,0.279035036912733,2.1016660039906832e-19,2.6714766700898843e-31,8.838316707707971e-46,1.0444045343042114e-45,3.230538921517566e-64,4.555421159353117e-22,6.67802110976453e-40,1.0444565058237657e-17,7.602276017256741e-17,1.739660365555765e-28,2.691531316443938e-37,1.8648906951675654e-28,4.598143564702813e-50,3.216170247654957e-85,4.1909258538318026e-27,1.9874107533511297e-36,2.0473542526491968e-61,3.8532517888361065e-17,3.8505881354818646e-35,2.169355017832129e-56,2.6618894489719285e-15,0.0007448457853693,1.2205822796304516e-25,5.528489968560585e-63,6.158230446674754e-82,1.7531915152880543e-100,9.358999062306093e-23,2.7246558342740496e-19,1.2887121779135742e-29,1.159795460456753e-26,1.6427079444805903e-30,6.606835259868984e-50,3.123373643939749e-48,8.827810410323506e-16,2.600214060839449e-28,2.2789792440573455e-40,1.7001393188037106e-53,5.695674535834325e-65,1.4467589764234716e-76,4.536268099335204e-89,1.170756406089724e-14,1.6922336857469294e-23,4.558929638248976e-23,4.935057981625047e-32,3.2347595195098607e-20,7.613814043993675e-21,7.446399813315606e-16,2.6640680997590355e-32,1.4503414372717472e-15,3.16363723013136e-25,6.176610109655499e-29,1.4443410928074572e-36,4.743193418601424e-39,2.7305538138187113e-33,1.072734206388071e-36,3.747970214799001e-44,1.915816153492563e-44,2.0371158996083318e-27,8.337180915351e-31,1.1730013536841694e-21,3.9602651613990547e-50,1.7132833379725148e-24,7.70754573222571e-29,1.8047136457154566e-38,1.1731394658224594e-30,3.0816337116396845e-32,4.4159258307161694e-38,1.7333183323860775e-46,1.4042052644805044e-15,2.3115778213770544e-24,1856.109586175289,4.129664643036488e-06,9.353203044991949e-08,0.0983963900142128,0.9009909951133372,0.0005907966389114,2.1724701508287953e-05,8.687606503755016e-13,3.053073142748192e-11,12.0,18.02201880286848,18.98376008810206,15.80047765353624,14.365993455694005,0.06538839439352165
4.7218239879888923e-14,0.0001652034691526,5.064637294003017e-15,1.1127672831020872e-12,2.2377747949747676e-10,0.0144523124422709,1.7731121641565072e-14,4.2323434231691265e-07,1.8736080279654885e-08,8.247356050796112e-17,6.045464471058518e-15,1.5109938588103618e-14,2.1831419872988832e-17,3.132982774301726e-14,3.697940046030241e-15,3.5770873627868177e-45,2.844660428445904e-09,5.21059098052419e-18,7.8492216534337e-19,9.208425462529996e-16,3.09177566044491e-05,5.025013870130411e-08,1.448321663662583e-14,0.0054996953673522,0.0411365348971135,2.851534291064173e-16,3.678721536041961e-12,1.0278220343400463e-11,5.057461682900539e-32,3.136953314571112e-51,2.2278033234909046e-19,1.4439006390975945e-33,3.4965251350384106e-50,1.5370668383407934e-59,2.915429762131335e-13,2.5771345281505874e-19,1.967690753194172e-12,5.07695349891681e-17,1.0017795558769332e-16,7.369075001540587e-15,1.1223294991853614e-27,2.5981065128542693e-24,2.1651841331845957e-23,1.6006374907372647e-85,1.0303834020627303e-20,3.8769603005891423e-25,2.684113560767745e-12,2.53253075715658e-21,5.0799622119611986e-33,6.027430559095069e-33,8.641482208989585e-49,1.9550770542549503e-14,1.2948171085303967e-29,0.0006838293535579,0.0004819214449828,1.8470956568429029e-13,6.827441157896898e-20,8.559919668694806e-13,6.847714240652084e-32,2.3941569053466082e-52,2.2491231606462333e-05,2.0254384305479017e-13,2.1220466342207868e-28,6.571476678227341e-15,3.091878647036703e-30,6.504243247675488e-49,5.680918268660879e-07,0.0945765639141306,5.283543998776639e-21,4.053576424433248e-53,2.152607379196092e-69,2.485663017037824e-85,1.1684693083768373e-18,1.7788650375880674e-10,7.67105047540917e-12,3.9732811067929336e-24,8.689453543540287e-19,6.783057123191509e-45,8.43703497430565e-34,0.842757871933608,0.0001914644492532,1.3014416623647e-07,8.243236966223026e-12,2.1971397167185293e-14,4.2447813807570425e-17,1.0736444066888408e-20,1.6222543899291684e-26,1.9108828936389053e-27,5.41500901548008e-27,4.487892647250101e-28,9.29812576250186e-21,2.7176695924289193e-30,6.958082231803534e-17,5.184919524998769e-30,2.0910284446658452e-23,4.940780156205597e-25,1.1634964697616208e-20,1.5517898285065816e-33,7.09892006226657e-28,6.944967292088685e-16,1.0430890729025984e-28,3.2217682816970283e-28,3.4566323841222624e-25,6.613235798667052e-33,3.348657508033787e-28,1.168126989340221e-23,1.2425807749202598e-41,3.2553909647911326e-27,1.627513454499522e-23,2.065074534024421e-38,1.2602301348841574e-35,4.6596122958493104e-29,4.831783984563353e-40,1.5286254297397986e-40,5.522519199901883e-14,7.242851580699936e-15,1794.5062130055005,0.0020654130125367,0.000916812549503,1.5278696826096647e-05,0.0230263733869061,0.0933259913465114,0.8827155440202533,1.919293386852152e-15,5.4939773198642857e-14,12.0,10.22180576394352,13.399944993368424,14.007722062506144,14.983540224916332,0.06538770677229344
1.0789854113299766e-25,6.173503794791489e-14,1.496133710186563e-09,7.805603407767741e-48,3.2577669791019656e-22,1.1142233054447051e-27,6.682557080323755e-49,1.2100660564788671e-34,7.599339347315462e-37,1.1342609020616588e-26,4.656851534232609e-27,5.382431006243386e-47,3.156632894783619e-28,3.1481016813429904e-44,5.906340125690963e-43,9.859220386792999e-44,4.502297147930699e-40,1.2359329817909794e-30,1.0648426338353774e-51,4.832555529589833e-47,5.110343200352166e-14,1.9358409000165247e-32,4.850079074495942e-05,1.136027071428815e-47,1.8430194850510408e-60,8.79443701814719e-73,1.83317769632993e-64,1.7016112038481615e-61,4.432533116263304e-47,2.7849975159144388e-30,1.1180659840558036e-68,3.842177883003059e-67,6.729936728857151e-48,4.37340348118603e-80,1.4792041431712685e-65,2.676393952974012e-52,6.0835329339210736e-61,2.7348405215989986e-51,2.1551061962818676e-92,8.236266020174195e-88,9.406074656640563e-81,1.7621503419894962e-58,4.6887482772024076e-121,1.4261505138758385e-111,8.18398548932122e-112,1.4448934873919116e-142,1.6388444250206628e-23,1.6857980360278788e-14,1.8328691270621214e-09,2.3111274816512692e-09,3.1065810431552627e-10,6.29874467092767e-07,2.548048268671165e-07,4.264786317548143e-28,2.5694315596175683e-11,3.001811127800927e-23,7.748217303709357e-30,0.032795350222194,1.1166794048781232e-08,3.893554596027099e-08,3.0702283903951363e-28,8.00111110998611e-21,6.893163181212515e-39,7.049259078076077e-07,3.775904112776913e-07,2.916136971951725e-12,5.863765865984192e-32,1.9592698506659845e-06,9.988016529298597e-13,1.741842453084054e-16,1.4045132164725696e-17,1.9600138137630409e-19,2.617610080399234e-29,2.3928812475522058e-17,8.134511510091902e-34,0.9671497797702012,4.842451296322973e-07,2.0717324828492916e-09,1.9003516663711657e-06,1.1481035956428288e-39,1.692864433098146e-59,8.391531005875082e-79,1.507140180600359e-98,4.312899444435127e-117,4.639773186709875e-136,1.5372841297775398e-155,2.337044002684378e-71,5.4671076455530925e-67,3.2539383698386095e-70,1.8404574008747624e-66,3.5590751970890494e-38,8.033320210162857e-75,1.784128818238718e-48,5.170877299370363e-26,2.334961643498452e-80,1.9414879715394815e-47,3.3703229995965606e-35,1.9884320445756712e-38,5.8235540533104376e-24,5.058650036825467e-43,1.4077538098113618e-51,2.95553737771298e-45,2.106378268808291e-21,4.701651349620736e-59,2.5774785813607848e-46,1.7549887512826523e-22,2.1782772123749938e-21,1.130269027199718e-47,1.2031605562812904e-36,3.5453786240273313e-42,3.780469246736509e-43,1.063230526302036e-27,1.8083525117375633e-27,9.761767827560633e-23,1.7352524438214716e-47,3.2054381455113872e-43,1195.1974253323324,219.80597805908172,0.0322650048208648,0.9677074835774104,2.3857168858752067e-05,2.46215552288003e-06,1.1922773429985176e-06,7.507294147730948e-21,2.3422757740920557e-19,12.0,13.477012365261768,8.868887170132219,7.88258374748533,7.567645556745288,0.06518075401645433
8.477866161098326e-17,1.9724668672900432e-09,1.6541149455594325e-14,6.035223941621946e-17,2.214181529699738e-13,0.0011758065438384,1.0663317852905726e-21,2.4129578178767157e-13,6.7461896777343064e-15,4.323590745660618e-20,4.134953061139792e-18,1.9847872323440718e-24,2.2136375480060602e-23,1.157606211948615e-26,3.3532023531895056e-30,9.729806694016536e-56,3.7399896424600993e-13,8.163598565545173e-19,7.599508669976328e-24,2.0993910607715862e-20,0.0001730812611071,1.4480698547332875e-06,1.0369218867252343e-10,4.27492938155913e-05,0.0047879902974165,5.595149854882345e-22,5.254031806090029e-20,4.2617154630777295e-22,1.2328292691236795e-36,9.10059206318778e-50,6.670437509734689e-36,1.363289925285684e-47,3.558366708897059e-58,5.84873583928921e-78,1.2678121614833618e-18,2.4949681813642026e-21,1.5093855820182925e-17,1.0758939525570541e-18,2.37233249956339e-23,5.7269374892294286e-24,1.7356774585327634e-31,1.398272466631049e-23,1.271641254099535e-31,1.757358869296976e-100,1.080075575915736e-28,1.9317478238318668e-34,2.7913567815003553e-18,2.9377240050722694e-24,3.213567566462905e-33,3.868290125736323e-33,1.162984934968035e-46,1.448107897602353e-16,1.8304329723353304e-29,6.8190974741898e-08,1.3912358835232272e-11,3.1114589273093164e-22,2.3876873260300207e-29,2.515518603551337e-17,1.1855497149243674e-34,3.5527943397619463e-48,3.4598168576661773e-12,9.248131212479343e-25,3.030198918102819e-44,1.9683749724440556e-14,2.0465084825253712e-27,4.1919643965820554e-44,1.1311004307613644e-08,0.0010377555448624,4.078257059061231e-21,5.8736360962116566e-49,7.265543043705727e-63,1.0905028062668943e-76,1.133031449912526e-22,1.8094440239187137e-08,5.410255994419736e-09,1.3611184308221397e-20,1.347444774322318e-13,1.0298879970233517e-39,3.872321332247802e-26,0.991914603789954,0.0008641571456698,2.302155222329001e-06,7.879507598509181e-10,9.015271328641724e-12,6.384414463429677e-14,7.273926787841105e-17,1.1980859987741831e-32,3.6779238114258686e-33,7.213459059697554e-36,1.2339335869556186e-36,9.285725049734326e-25,5.4199370304561554e-37,2.2924989847986584e-21,7.162020847425183e-28,1.2431759182963477e-29,1.3481409740759792e-32,3.3366910872285395e-27,3.586613074888701e-38,2.8754051275271286e-31,5.506701788517186e-21,1.6500250285790986e-39,1.7738364615854107e-38,4.9382131308202135e-34,7.25613226048178e-39,4.22751142615702e-33,2.2190944507904285e-24,6.747673455365138e-40,1.7867540105936056e-32,7.010339426452704e-28,6.037070073440647e-41,9.330733074952864e-38,6.2818908056112254e-30,1.2261732088004432e-38,9.72962684869894e-39,1.2381403888174896e-16,3.9027581170314714e-17,1604.955957313674,0.0117491082295475,3.5020521321481524e-08,8.708044267544494e-05,0.0024967954390763,0.00103546470895,0.9963806243887768,1.32019941935526e-16,7.92119651613156e-15,12.0,15.395598021343089,16.853060355549868,16.470812694936193,19.454102666881248,0.06516184136886582
5.388823787858648e-12,2.705452776628504e-05,1.961511635250195e-12,1.540947901931391e-15,3.330934414646757e-12,0.0330209845799568,2.4799476157373993e-18,3.372149818918007e-16,3.099486631985238e-17,2.6937300191020486e-24,6.220428927033315e-19,7.186228627611997e-20,1.4433330948513386e-22,3.426420649739628e-21,1.1637599510085374e-23,3.863142775440312e-48,1.9537097585096524e-16,9.84653861654669e-24,7.157925522838589e-28,2.1598441825047718e-25,9.312644848625071e-10,4.048919094998354e-12,1.0771224371192836e-17,9.783058363265929e-08,3.564977778999263e-07,1.4532213318057268e-23,9.529054547375324e-22,5.893987806825953e-23,8.488990218594229e-40,5.235842687551993e-56,3.061498820628823e-32,4.567401546261009e-44,1.2301138489295952e-57,4.081226423207622e-68,8.723566658579907e-25,7.625319555567284e-30,4.939917659365926e-28,2.1332375221643472e-24,2.7018830103738746e-29,3.36856274865532e-29,9.51959545249342e-46,6.637925364498717e-36,4.165537756632983e-40,2.2000272655885767e-100,3.4337038472515634e-45,7.224275908775073e-47,4.347588651632288e-15,1.2363587558171185e-22,2.3774287264768856e-32,2.75541993692243e-32,1.7374815823148952e-45,2.408134043337203e-13,8.070933073309815e-26,0.0001332295934139,2.2631704056043863e-06,1.6454527204499826e-17,1.5535250411278148e-26,1.3874913506159736e-13,3.6923141148234096e-29,2.0027028774577502e-46,2.619264914181574e-07,4.4211189480106375e-19,2.9387942895493873e-36,5.928253471427701e-16,1.114874714445215e-28,3.531310838943659e-44,2.48920458380528e-09,6.145236711436113e-09,8.645778546151114e-25,4.887889022738269e-51,9.83379367634731e-65,1.055410141949487e-77,3.000317444270049e-26,1.0148694564856265e-08,7.104155241790524e-10,5.0747221367906574e-20,9.10104885709668e-16,4.500249955323861e-37,2.2420715573387246e-28,0.965886434406274,0.0009267087724074,2.5878343758856533e-06,4.0180399024641916e-10,3.807103696139717e-12,3.394828010946761e-14,2.8147041358090906e-17,5.582609283081352e-27,2.066844554806892e-27,8.58469182751018e-29,3.1102195806830576e-29,5.4676745646519366e-24,1.5419898846972824e-33,1.6393126423051069e-22,7.828685026906999e-30,2.711776896227998e-29,3.4640054509697645e-22,2.765466400658701e-18,5.001130560588806e-29,3.416334225370211e-24,2.8047784183511632e-14,2.0797918858500408e-26,1.2701849581594866e-25,2.1887583876276145e-25,1.3352934207495407e-30,1.9841021300614854e-26,2.2472823421141792e-23,9.189880117032062e-38,1.0270007089787693e-29,2.7644908456248677e-26,6.488256464943896e-39,2.1162618407101256e-29,1.1046079499432846e-23,4.0338656705252346e-33,4.273369623454772e-33,1.0177903476368404e-11,4.7610291390558636e-12,2210.840885359412,0.1108788902569942,8.400904736439262e-05,5.993626766895915e-09,2.313063846471342e-07,7.511868236653327e-09,0.999915746140756,3.5787820617545e-17,1.6076990185112525e-15,12.0,7.853363635235465,9.439861560596556,7.951421901523598,16.075637347495597,0.06514489946811564
1.5159410447582026e-07,0.0442809857549793,5.0036738732801895e-08,4.4956071280369575e-08,0.0045685232703341,0.0006654547048656,4.652783716867861e-16,8.241761093802308e-15,1.092901155581578e-15,2.717462207730514e-27,6.2970274831013025e-22,4.975964420872536e-23,7.5372233580978845e-31,7.254398614732864e-30,8.485155531819801e-38,6.789605753327548e-70,2.2008527998002623e-09,3.774684524012021e-21,5.2720051484616277e-20,8.052692336768125e-18,2.4753077816552177e-08,1.197568665439711e-20,9.269552571640036e-21,2.1012394963791455e-11,3.6063718531426556e-21,9.922540151785092e-18,9.332838524414673e-22,1.74401001939954e-28,5.308651008209185e-54,4.364716476076826e-79,5.789188032132096e-48,8.625374921951295e-64,2.9697132665731826e-86,1.8075191727629708e-101,2.5392511291573086e-19,4.3899083314477886e-29,7.3238968300025e-23,8.500024012233268e-24,1.6063824077692529e-25,4.975012322076784e-31,2.0095224169165153e-46,5.153552813204742e-42,8.40230658806331e-38,4.2866599446325585e-146,2.847340855262201e-43,1.7664990565910732e-46,3.952886265284459e-11,3.975041720574897e-23,4.895449866096747e-37,5.604637529070929e-37,4.8772818522266204e-54,2.1832976687354926e-14,1.0790097359566469e-30,1.5743457984661368e-11,1.2487128026521377e-08,7.0670423194026295e-19,1.90777441961114e-27,2.8848839784235835e-20,2.940312382308365e-39,1.7845462177564748e-75,1.5297749220400784e-19,6.010804897862227e-26,3.73871393201911e-47,1.2704393900593228e-11,3.119502691438118e-28,2.5490351441919806e-47,1.2214588144727468e-10,0.9504845440592362,4.463203912036856e-20,9.319457026706124e-54,2.4301860008638656e-71,5.190009888722492e-88,1.6957846647094248e-16,6.554808643133421e-15,3.900235267457534e-26,4.769356013993457e-20,1.6202096312238894e-26,2.0158519096315294e-40,4.17264560894434e-43,9.15860133015e-13,1.2217206204170155e-25,4.688628362265509e-38,7.682940627589815e-52,9.303937875725348e-64,1.218866520064559e-75,1.23522984985953e-88,2.1236528550177674e-13,2.156749756822332e-23,1.404314730597432e-20,1.601803758984694e-30,1.0833750848781414e-21,1.329558239640344e-19,1.3544918125870944e-19,3.855171072464346e-36,1.1741729837165367e-27,3.1102353135044323e-12,2.2073211399272618e-18,1.945879474452254e-23,7.78855393834176e-29,5.90239182256736e-25,2.0262087974136356e-21,2.6782546052602043e-30,1.4977762326239006e-31,1.7977600819225833e-14,2.2077149980722167e-20,1.817380104360892e-13,4.676667735886786e-41,2.9819876155934674e-14,8.980118452525489e-21,1.2280347511557502e-27,2.9802984925173013e-18,8.888442275948369e-23,8.033247630442589e-27,2.4096872991293377e-36,1.5159055235960197e-07,2.066078896390567e-17,2503.92651569271,4.170595619404688e-09,0.0227041309410323,3.83544109018436e-08,3.687790833847824e-08,0.9769545326974166,0.0003412611292317,9.946905720319424e-10,5.3381727365714254e-08,12.0,6.227710433842236,6.21066139770886,13.633769469378054,10.176981940704051,0.064544305739254
8.81154901834324e-33,1.4768780687990722e-13,1.0408949579723182e-28,1.3811551191616223e-28,2.1532231642188122e-23,2.7242531828761425e-15,2.2327381513746295e-25,0.000237750694749,5.936191302577071e-07,1.1632452102808596e-10,1.2301491638681665e-15,1.3098652082224617e-18,2.869906538645531e-12,9.446490220785268e-11,0.0001665590851913,1.0235467078643617e-36,2.9386624353345645e-15,7.384962028372566e-20,2.466558289622042e-24,6.3827120402221115e-19,5.8810586423030294e-05,2.16246579271506e-07,5.87981853960993e-10,1.4180464260705183e-09,1.9019544747136304e-05,1.151870028930038e-28,2.0163474264521043e-14,2.545513886788401e-06,9.627560446583115e-21,3.348639391342027e-32,2.057058584870336e-05,4.481017436463981e-19,4.082434115995033e-28,1.3176040375923446e-40,6.445703645667329e-16,3.5813770417311093e-16,5.4097347490362215e-06,2.7316494246301674e-19,2.2056772702252536e-22,1.403577848306385e-12,1.2948959513992909e-15,4.295740206262555e-14,1.9262221456126823e-26,5.433156919891795e-50,4.865815475998673e-07,2.5610998342782935e-22,1.7980487475461188e-20,1.416920302164865e-25,2.9330781240828536e-35,3.806694511522646e-35,1.4340016029323543e-51,3.376783203676455e-21,3.057776681216959e-37,2.3682811133604972e-11,5.3667223774921905e-06,1.3161045551346548e-15,9.5932365716962e-19,4.217496055786942e-11,3.1343334902579594e-34,1.1797650844597417e-45,6.257779847100036e-07,4.050439778553621e-08,3.605067189591846e-20,2.5704803198800498e-21,4.147555365227366e-37,1.9654447728667858e-58,5.35119338895832e-16,0.9994820023128852,1.6046174066255394e-23,3.8089699873767058e-59,1.1054208533517803e-75,1.6333474839859618e-93,6.918218013225906e-23,5.5451450523732725e-19,3.1659285644393036e-19,4.4602881762494445e-34,1.6277300849710237e-22,1.1629925341352425e-59,3.565011688475077e-37,2.0231629563830862e-10,1.5539739615389687e-14,4.321422923906179e-18,8.251407795446432e-22,1.5906831731637788e-24,8.510763146887595e-28,2.081710447165665e-31,3.6595133026813926e-54,2.446528648637913e-52,2.5108197794968656e-48,2.3428865739308347e-47,9.9394078572604e-27,5.771243140386137e-54,1.4689241428056063e-26,4.524627672655848e-36,5.6078882570818686e-39,1.1461532479485605e-50,9.294193636691616e-40,4.955358929048795e-56,1.8717505438189506e-42,3.3364089143160914e-30,4.2915593551864523e-51,4.6226700687147805e-47,4.753126568987639e-27,1.7993270779911108e-64,5.525151516846855e-53,1.22897492377456e-37,3.2664715763899266e-55,6.812647338515371e-47,1.885225683820517e-37,3.927842475724526e-56,6.380247576768665e-66,2.5265024482500665e-51,2.1582371105393082e-63,3.129278722361357e-61,1.5337550269336705e-36,6.898582043441046e-35,1032.3162505302373,6773.852418096954,0.0005018684108171,2.9502488689126336e-05,0.0002708947666429,0.9991782971732476,1.9437160603097028e-05,2.5248847614605464e-22,5.828275657704761e-21,12.0,10.769268791857034,11.7322107543976,15.299053131623424,10.588042962441522,0.06145148100158495
5.036728234550782e-22,4.93855802752273e-05,1.2318649964957584e-22,3.5096153164316773e-15,4.130414891439184e-16,1.7219274498644351e-09,3.869321306347231e-15,0.0472151189184383,0.0002634635145661,7.822847007638432e-15,9.069819329752485e-14,4.7712132129334916e-12,8.548433446468078e-14,4.5694245532334916e-08,1.3559608033333293e-05,3.028581285761069e-48,9.574179612464746e-09,4.98872574387656e-20,4.3941932444090925e-22,2.4913283878124025e-17,0.1359989640024605,1.171998775030202e-09,2.4947643749190245e-13,0.0002705703769548,1.3138277644147486e-06,4.7571087977393044e-15,2.0757116898251527e-05,0.3192885560164444,2.3921520262980787e-28,5.141327920665404e-53,3.035998151971573e-06,1.4070043354645551e-25,8.33507162873123e-48,2.0167597431145e-57,3.729615564277181e-09,1.4967195161446736e-16,6.720069074908961e-06,4.9484383356606245e-14,1.8987805471209603e-09,0.0012330277754655,1.962106429284241e-21,1.1518974993867622e-16,4.584902990757929e-13,3.896171424607496e-80,1.339979068260226e-06,2.1287381556909903e-09,2.632686229249622e-16,5.028571082739316e-28,8.487611125975291e-44,1.0741806989509797e-43,1.7537132278172261e-65,7.999691295749443e-19,3.821613351350356e-40,8.692147241597171e-09,0.3221819717671562,6.8369735311939714e-15,4.467800584258735e-23,7.429844284547916e-13,2.216063653514883e-40,6.5708897080518586e-71,8.774223525707173e-08,2.9586867632294307e-11,5.0090947131778785e-30,2.1379528035553964e-21,1.4045950111694497e-42,1.084230076617078e-68,2.3792642646122354e-15,0.1734520529797936,8.116575799407122e-29,1.6693038222272437e-74,1.687125904120667e-96,2.5243112621685443e-119,2.615984493500223e-26,7.058080873834187e-20,5.859364361638977e-26,1.4519670645475102e-34,2.8774333450500048e-30,2.528477922206006e-64,1.4980729484293905e-50,5.223923835280795e-11,1.6188104807548264e-20,1.701527353585761e-29,7.0330653542532e-39,4.368785371285408e-47,9.812026293627286e-56,7.140408551290454e-65,2.972509968941778e-35,1.2224511420325796e-38,6.0276178370763184e-33,5.591820089986982e-37,3.616946373998941e-21,2.7543260803056495e-40,3.113356560180675e-21,1.1269284372421175e-38,1.0876285920396231e-26,2.777702336883348e-35,1.2124390473969272e-30,4.897668228793326e-47,4.108254170698847e-40,6.255499148020316e-28,2.1966269594039643e-38,8.736966092436544e-40,2.3492381856746493e-27,8.854393666962392e-50,1.2492284482522665e-44,2.2334838556070732e-33,5.0001935071102585e-61,1.2124549641142024e-39,3.010350009908553e-36,5.875947106659626e-55,5.554925411421073e-53,4.5243992804890066e-45,6.561662807708793e-58,6.1756998922736264e-61,9.08560351858139e-26,2.890280914259483e-29,1171.5218118035132,1.7371110079989162e-06,0.4953527065206159,0.0505814054794974,0.3072792925613431,0.1466849526468761,0.0001016427916671,1.8622419640433525e-13,2.7095620576830775e-11,12.0,11.009076352449236,11.792618754052668,11.471471024740149,8.312162044400239,0.060732516258676664
1.3842512638842572e-15,5.879063785365005e-07,0.0001703745163743,2.4103867056585652e-31,2.4952650874757277e-17,9.81115438785613e-16,3.602064816714317e-33,1.2459864851217658e-30,5.916033781431428e-32,1.8179597089057216e-27,6.263024964066437e-21,2.5952833503389885e-33,2.029983633740965e-23,4.379337735339557e-33,4.296021540584874e-34,3.878892211334991e-38,1.0989989712111511e-32,1.4496543187517072e-28,9.223565696392e-47,9.498338642285497e-44,2.4390945409029334e-11,7.528339632607571e-25,8.14075768796222e-08,1.36022984509858e-32,1.6417001689626613e-42,2.6101983824046392e-51,2.3709882725485184e-47,5.3677659027887945e-47,1.5652267076580699e-41,5.169514366569681e-35,1.1100791886688015e-54,6.3467664985571195e-56,8.30561156066569e-47,7.402125622089138e-69,4.8301992036138745e-53,2.7928200510517523e-46,6.10762191326078e-57,2.39145226905306e-39,3.222145168888286e-68,1.8807640040043637e-66,1.190661461624897e-75,2.842989247832057e-50,3.1244022440905467e-91,6.6836902534888256e-102,5.684152796727039e-98,2.0777515114674757e-109,2.828859772694271e-19,1.940474076174911e-15,3.1581208853819334e-14,3.7388598533739223e-14,5.031851345928991e-17,0.000552737705862,3.4846209045431748e-06,4.2862854352392065e-17,1.4272399379951631e-06,1.722911346034794e-20,1.6539280228774963e-31,0.0186813119775166,1.7025787242434744e-08,5.718901723824042e-14,1.2572820597605141e-18,1.54648825496092e-20,5.355315520175075e-40,4.572589257319222e-09,2.0025434312365748e-11,4.4466827696062845e-17,9.758956518476825e-25,1.491232588105385e-13,9.239190978333432e-20,7.107027816621665e-26,3.4887764583838947e-29,4.0659961100650216e-32,7.74729010110823e-35,8.625866204115132e-11,6.744379199167428e-23,0.9805870066482816,2.9210758131871893e-06,1.9912278109608637e-08,2.5259742134437353e-08,9.27119832839062e-25,4.1817460302837016e-39,5.626334046668853e-53,6.7156996183073805e-68,3.4942936790163175e-81,1.3503965515969946e-94,6.617956570073541e-109,1.1539062766598533e-45,4.040313362715014e-45,3.3527944597415598e-46,8.546302602922534e-46,2.2034839435769408e-27,4.819642329075452e-54,1.9468492968053078e-39,3.1200744007830597e-22,1.3467599638673872e-57,7.580708700398035e-28,4.2892000929507695e-22,1.8040318589673306e-23,1.8338061707489811e-16,3.751771192475337e-28,1.6571170259542952e-31,1.4556959898812057e-29,1.943958021366928e-15,3.550205598739228e-40,4.260006193663823e-34,2.1104975667867898e-18,6.912866916113123e-22,2.790801624116961e-39,3.5047986629296943e-34,1.441675856383294e-37,1.830047342545608e-25,1.4950442427007448e-17,4.2962452165562655e-17,4.0644722964107404e-16,1.105500377533188e-27,4.363146846387496e-27,1827.4308364056649,0.8339296651392668,0.0187884945403445,0.9812100030740716,4.0341665287918854e-08,2.275710298577304e-09,1.459768208023487e-06,4.538225457024689e-18,1.4098753753156703e-16,12.0,13.717869984108562,6.33186183883007,5.083224991965537,7.890391918091325,0.05897983353969055
9.107657027501204e-16,5.213906167368804e-08,1.453912839525803e-20,1.777254594121724e-07,1.5716326838016505e-11,2.284079927966413e-05,4.7175817904320584e-14,1.2147273345633114e-07,3.850179873430086e-09,8.031269697680538e-24,3.399256101801048e-20,1.0966588608904914e-18,2.5246972490355942e-27,7.45226576032694e-23,2.610033092349114e-28,2.5628348664547096e-72,1.819099833452493e-05,1.3642163503281802e-20,1.5828606785068428e-17,3.4602216167803504e-14,5.1888816053117627e-05,5.3157475700895046e-12,1.0475386513072187e-20,0.6226850853246645,0.0006381153669302,1.6100374194665584e-06,1.3586338911037904e-06,1.2723245332180518e-10,5.531148354498666e-44,5.060876512163965e-76,5.196481375132711e-28,5.2443129174425776e-49,1.7427288933599615e-78,4.651039600694287e-92,6.168142030814802e-05,3.519347316721769e-17,1.3218524998755496e-05,5.827590126785302e-13,0.0480532520923137,0.0001297966049985,6.277223406685759e-23,1.5663362441691245e-21,0.0002783602436132,1.3947969128633595e-121,8.909310860035455e-05,0.3271513880901808,3.021644107821251e-18,1.1131664355995796e-33,5.178298142963393e-52,6.2089208625460835e-52,1.0303742444433208e-74,1.573891175312953e-24,1.127219120363289e-46,1.9370657973398836e-11,4.4687966516002926e-12,4.563639200771093e-24,1.1301060873557935e-32,2.9011924175350213e-27,1.0673137933988683e-53,4.4289042410435217e-91,1.3492160096307553e-17,1.5962062610775663e-28,4.36814772094463e-51,3.725990254395474e-22,2.1090117447621517e-44,2.938999767382326e-70,6.78537477940055e-12,0.0008035864128204,2.348226089742522e-30,1.3008856894357939e-76,8.625256445493441e-100,8.145882944223171e-123,6.697884803105161e-24,1.1929656586944776e-19,4.0303563346077e-25,4.2601590566304835e-36,2.8552028848431967e-34,2.7201580013134572e-64,4.1227955519834265e-56,1.7815180216080268e-07,2.0605445912933553e-15,7.241921696761632e-23,2.995992671905474e-31,4.4112554639043733e-38,4.195919066659528e-45,6.072451251450665e-53,3.0359000476760987e-20,1.0110638639995768e-25,2.4054263870535027e-25,4.764655540139116e-31,3.4366192303734876e-24,4.1280126693547006e-26,6.107572942536219e-16,7.981101234892867e-40,1.8603747321057363e-16,4.990651547320587e-28,9.159796840886364e-28,5.013547786169209e-43,2.5929151450655233e-41,1.1733923851299183e-26,1.0952673216107297e-36,1.1804239940569784e-40,5.3504476928597844e-43,8.786424290336785e-34,3.703490820471614e-33,2.375533574137126e-29,5.1642912144899986e-59,2.932554097212847e-29,9.241012507575505e-30,4.240463711782658e-47,1.151107637770085e-40,4.946558195013279e-38,3.899724318838363e-51,3.391834972380374e-56,1.7075359873060586e-15,5.9698747632838605e-21,1652.5933346446006,1.429988330093852e-05,4.3320367860315714e-05,1.7116248574703054e-05,0.7934818766282069,0.000623975357139,0.205833711398219,2.074245479961575e-13,6.589718332493311e-12,12.0,11.596716449165582,16.262844875948893,13.158475302453592,15.676824369067983,0.05711873328749654
5.385519166382606e-07,6.73300765347349e-08,1.0882865942274365e-06,6.736498095574935e-12,2.7002366760014697e-06,0.9977639920030682,1.4994228104763057e-22,2.7757014386951943e-22,4.512662690281814e-23,1.7152036482197657e-30,1.2170046519765815e-24,2.521699887221521e-32,2.7787133148e-36,5.2254794953562395e-42,9.309357698582816e-53,1.116671178947837e-75,6.315968745017291e-14,1.827299199344238e-21,1.4113103924035232e-24,1.4756567479651145e-22,8.227285214931558e-09,1.0270520765340252e-14,5.068331763277438e-17,1.7658604246883763e-09,4.835657669314931e-13,1.2950352122546427e-22,1.1364253573111993e-29,3.005893621251275e-39,3.445872119308789e-56,8.768882660913512e-73,5.895829838582196e-64,2.7117512308868623e-75,2.6231820950772544e-89,2.035265395089245e-113,6.736511718065876e-25,1.4283898466703442e-30,4.3628782473903473e-29,7.008610612946731e-25,1.0469535129874307e-31,3.999644981761507e-40,2.378787284513167e-49,2.8565207401291894e-40,5.952901632669175e-45,8.27494896742863e-152,1.3174020844020361e-51,7.593423836981855e-55,5.0961006934517075e-17,8.810586097363507e-25,2.610485903977559e-34,2.9676814837270055e-34,9.535494976812894e-47,7.302356614560669e-16,1.3812254130822143e-27,4.807118821478539e-11,2.834446379447695e-17,1.6482473580011136e-27,2.62050476041283e-36,1.165194141272518e-24,7.758431215332326e-39,3.1888987789862046e-60,8.67652031211979e-22,2.0333241194947304e-37,3.9933413022207546e-61,8.156811053229749e-11,7.151376330313702e-23,3.0662577569218435e-37,9.798626436223801e-08,5.395995491386676e-05,1.534453202105483e-19,6.29511064474247e-44,5.882866668104771e-57,5.662313011010433e-69,2.358154554893062e-20,1.597767804915943e-07,2.0948360027022263e-12,1.8225052484345973e-14,5.909259460336376e-15,5.670878385300513e-30,4.8115898514559224e-27,0.0021768458868179,8.463450854057255e-10,9.404763808203537e-16,3.843581372400406e-23,1.2944851428750135e-28,5.116692865717926e-34,1.403944495295882e-40,1.0356457010495716e-19,3.080846532264223e-23,1.1731667208079889e-29,4.1848941071832835e-33,2.368220708962931e-27,3.340108279185365e-26,1.522818915960048e-20,2.598878250193246e-28,5.551234108405387e-29,3.4364931845447534e-20,3.799292623119648e-20,4.127996601068757e-27,2.0364349841452e-26,1.1503778258654402e-20,6.451990914456875e-32,2.1838646763690148e-34,2.5144574274200916e-41,1.0687776933723256e-19,1.962885366782108e-19,1.8989280310580994e-15,6.995884969525921e-32,2.4525690256801048e-20,1.3056915195422615e-20,2.4504078867292957e-29,4.726854453465546e-19,1.7154500633242958e-17,1.3091520131841532e-23,1.1699605879269815e-26,5.387738956513318e-07,2.2198089528771916e-10,2704.250499497661,2.086998670827484e-05,6.723203644683705e-08,1.2535990012883629e-06,9.979708270822448e-09,0.0001104846115301,0.9998881845777238,5.3669714313052686e-14,1.2415593911086188e-11,12.0,13.270582371309668,11.171541579915342,15.215725526857751,19.172375170304765,0.05698319029290394
2.9763150242083213e-16,1.1043882766357842e-08,1.7539151114547876e-05,5.208938838167117e-25,4.529189866696816e-12,1.6904247987992377e-13,3.3067907614076014e-26,8.020590962081934e-18,5.697469937722721e-19,1.0311464493467693e-13,5.5347952377837914e-14,5.560940394569887e-26,5.93223423594483e-16,1.7629067496300974e-25,3.672840184319128e-26,4.842692544491379e-27,5.492377716112088e-20,5.117192708222772e-15,2.3155293949772404e-26,1.1275438351372453e-23,7.293801305024771e-06,1.2450192106908416e-14,0.1618745536684099,8.612721196100672e-23,2.249420576308693e-28,4.876026469942917e-37,3.619472416489845e-33,1.505647510565813e-32,4.662157488536859e-25,8.927933194836223e-17,8.98950994127912e-39,1.1693004832759911e-38,9.54844149051401e-28,4.049949714573491e-48,2.2842528598740795e-32,5.328224943206392e-25,8.905932520052569e-30,4.5630811171582425e-25,1.790571107814194e-46,1.673588186883296e-44,2.0650071449425307e-39,7.0192446087124925e-28,2.1474035537102073e-61,9.365075919353741e-64,6.092769356776271e-55,5.900405059916998e-72,2.2755044369540237e-13,1.1608692704243362e-08,2.653667002881189e-06,3.101490443557786e-06,1.3573641272962609e-07,0.0001280935484396,2.8395380897152555e-05,2.8610904503455484e-14,5.7016766956694457e-08,4.2133002833164194e-14,8.187149965786795e-18,0.0059863754021677,5.409894111409156e-07,4.334232411297173e-06,2.669643818383413e-15,7.354443619129313e-14,1.2761648438490652e-24,0.0025538889272712,0.0003454756931038,4.9107398462454167e-08,2.914284388060844e-15,0.0164182698286274,8.648366371826492e-07,1.47312905128565e-09,2.1614889700578718e-11,1.2394524206231137e-12,2.7750277952955748e-15,9.97074278594342e-08,3.2833828618611193e-15,0.7895526540882065,0.0191056311909756,2.034317010056239e-06,0.0039679340620238,3.522282920682779e-18,1.1314711169345658e-27,1.0672776249343486e-36,6.723384863480295e-47,2.26451291153787e-55,6.53377403446567e-64,1.983313029199344e-73,1.108422031842705e-38,1.609680958497849e-36,8.886996188067935e-39,1.1322482830413807e-36,1.0816850791277719e-20,7.377824125769904e-40,3.2090174665749504e-25,1.939865215241311e-13,7.033622144658667e-42,3.037421372705183e-28,2.0906838341226413e-21,6.795122580175346e-23,5.3512175155144255e-15,2.2332985179668825e-23,4.988930055587674e-31,1.4086236729216395e-27,4.218409380143117e-15,2.594762599890569e-33,3.498103465052184e-26,1.3545418989787206e-12,1.0526552206281765e-12,2.4960763205606843e-26,4.922888423585907e-20,1.849829897054149e-23,4.046610258571537e-25,2.4817310659812425e-16,2.6209168505613616e-16,1.0648378547683929e-13,4.554891445291976e-25,7.997855133016628e-23,2043.3378617909552,2207.0375437099897,0.0055325650162307,0.8939219611074932,0.0737491320128162,0.0162822558087722,0.0105140860546874,2.428663503804786e-21,7.081471479515007e-20,12.0,14.208373080518932,13.124830387006488,12.468788047350364,12.27884500100507,0.05577210532004114
1.2235534731325443e-20,7.817614237238355e-09,5.647269988522964e-20,1.479486185737113e-13,1.3675859174907765e-18,1.8148376336455137e-13,8.867565655829427e-14,2.1252059215426036e-06,5.546143559082443e-08,1.3142213074180198e-14,1.7291923702078735e-11,6.196369482611665e-12,3.2809656717246562e-12,1.4096161802280887e-09,1.5606461484919453e-08,3.2731766368412153e-37,7.912888869060184e-11,6.20030550223029e-18,8.228043922298724e-23,2.5848977423423327e-19,0.029685684635449,3.100960947172024e-10,6.452640320898604e-10,2.1511896676741978e-07,3.530002853680272e-11,3.8670217693966965e-11,0.0001633474934089,0.0519474562995906,1.6959055875666877e-19,1.5702345245054318e-35,8.640908795817114e-07,5.1951095842638554e-20,1.6764155788925655e-33,5.375727737678494e-43,7.468649135456276e-09,5.790147103996518e-13,7.321911491221785e-09,3.714192660889631e-09,5.5331782845715054e-05,0.5325060042197739,7.606907601152608e-17,6.37476535738306e-08,7.917832158922204e-06,1.7696172692594382e-53,4.198217321283731e-05,0.385586805600786,5.7999359209977655e-19,2.1684737854963563e-26,7.574405108198091e-37,9.137204446035792e-37,7.60166059429455e-52,1.866054344912642e-17,6.433122124162761e-32,3.623439798838134e-13,2.1011674754933266e-06,2.3209550464309626e-18,1.0645906731675912e-26,1.3307660369403832e-13,1.4348686682423468e-32,7.082078862083545e-55,6.553073994691541e-13,2.676233314564256e-16,1.3194006806822148e-32,5.0137939202219305e-21,1.453241108657267e-35,7.344828382369346e-54,1.0687466263814084e-19,6.946064645161592e-10,6.4141444959907e-29,6.22290380820874e-60,2.1651071224194775e-75,8.367623929477451e-91,2.8259298792054812e-30,1.0090498355443706e-19,3.935919602205746e-26,1.6352306347423186e-27,2.7975884622517104e-26,2.7119178625398827e-48,2.3425682657998743e-40,2.22959604054753e-16,2.319579235645327e-25,7.405798535953413e-34,3.1871689542198173e-43,4.430254956005032e-51,3.7234994127329267e-59,5.190759827295059e-68,9.570732987867017e-30,8.816312356179456e-30,2.101987162965448e-28,1.0405738317288803e-28,1.805980794909175e-18,2.6902714223976557e-35,6.354927030272062e-19,3.9758843709390594e-27,1.1582542374393293e-18,1.3326928212807882e-32,1.2196210697817856e-26,1.2079735450271168e-39,3.865313708615217e-32,3.2249039633124397e-26,5.02121711797022e-35,1.691522412706723e-33,3.441114366587166e-26,1.0030789419581104e-44,2.1903728874150671e-38,2.3191200510105335e-31,5.3121717984523007e-48,2.3761199230201184e-39,3.2993545721574427e-34,2.5547605498747127e-49,7.935808316611428e-44,2.1450415838623608e-35,4.3814735451136906e-46,1.0374182073707714e-45,6.920647371511206e-27,6.466861775583674e-27,1579.956019180968,66.22016606305507,0.1471511381137858,0.0068619806823784,0.8459669130306992,1.9918356541921812e-05,4.9816594719078143e-08,1.9764664386148422e-20,1.4164676143406373e-18,12.0,10.668685865689866,12.75958975207573,8.131489876628049,5.529610412006019,0.05565011802840587
5.076791102031272e-15,3.881436210050774e-08,1.3660336285614048e-14,1.5823342255794824e-13,2.1686514223848974e-10,0.0013052062027578,1.1826054481531583e-16,6.759653514828733e-09,4.6224669383746144e-10,2.485254251102356e-16,6.980496124066657e-16,2.4781553063093794e-18,9.017508900169853e-20,9.990069856706766e-20,2.6157914513051126e-22,2.1378218469090103e-46,3.5128200290397366e-09,9.555026287893237e-16,2.329813892657151e-16,1.2176107877285081e-13,9.387629036996631e-06,4.007461335667e-07,6.116766022021234e-13,0.0008644089375799,0.0617000385309213,1.7755867546369344e-16,1.81308492257569e-14,9.608887014963425e-16,2.364264044548444e-31,3.804811331510724e-46,7.605125910407446e-26,2.5853254367835872e-37,1.7643216568096535e-49,2.6925921459084845e-62,1.7356359623701368e-12,1.2469404929483987e-16,1.386047293019328e-10,5.823698461408966e-16,8.648571925516305e-17,1.0448798339293387e-16,1.0563105631040349e-22,3.62964291327734e-21,1.2006401084302573e-22,7.900982700885868e-83,1.3635052441039125e-17,4.2387344916325634e-24,1.2778531620595824e-13,1.8944262224620958e-20,1.1846543626063644e-29,1.38627188416689e-29,1.533026298090213e-42,1.2475711416722079e-15,6.937774507137562e-28,2.6239927248343724e-06,2.519451342124992e-09,2.875263708769203e-16,9.577511662413276e-21,7.633532374856655e-16,1.568699114242731e-31,2.7166891263914222e-46,2.962327808953957e-09,6.360801082037237e-18,1.884848276539571e-31,3.863713270642467e-13,1.3273988978950126e-25,4.471266202998807e-41,3.916059200131628e-06,0.1878715755064448,2.283180764179243e-17,2.3163124066493892e-43,8.653653901640975e-57,1.206056725810749e-69,4.185446360031541e-15,2.259343656955449e-09,1.910099145160686e-09,1.7787574659660975e-21,1.2909793338219489e-15,1.018320979831613e-38,6.971878130693644e-28,0.7422841992085191,0.0058236053505105,0.0001343467448752,2.126370459377711e-07,1.7648191432227822e-08,1.2377222652557256e-09,9.297660752979193e-12,3.540175714969952e-26,2.4657696887746419e-26,3.481410110324909e-28,2.091762515192827e-28,1.7457978630731713e-21,4.133158636386315e-28,1.2181232783073113e-15,3.517351879264729e-26,1.5439169967946228e-22,9.676640339044775e-27,3.5876447886360783e-22,6.154790649722377e-33,2.7248445184044508e-27,1.1071333980563384e-16,1.772878777941267e-31,2.4595466303706944e-30,7.335829370740082e-29,1.0605122420614211e-30,7.759236448315842e-26,2.448758978663226e-21,2.186739968628761e-35,2.2811974368746992e-24,2.3657435212584243e-20,4.615532257619136e-33,2.8550006147899545e-33,9.871823603966802e-27,5.903159668143836e-36,1.1464808902427206e-35,3.9210334751876216e-14,3.280468215521769e-14,2020.7583205246967,5.857307801794485,1.2974123479670216e-06,4.738370901962901e-06,0.0302835592288655,0.181840458610937,0.7878699463769475,9.526418942012857e-20,2.615001999582529e-17,12.0,12.562551025706307,16.368128889529352,17.146612491071465,17.78337650749393,0.05443538547695768
1.1625921167477732e-15,4.9505002512311925e-09,9.35361747510584e-17,3.899880669546711e-09,2.1905897709150973e-08,1.9950213359677592e-05,3.2193335398409048e-12,1.2362473812174364e-05,2.147794866192023e-06,2.816607856107552e-15,6.636123570067028e-16,1.8117489690516964e-14,5.406694832424514e-20,1.2164449800087515e-16,7.18592712780039e-20,1.868481907480441e-45,9.243227385333344e-05,9.530268145643605e-14,8.76135044313312e-09,8.095579867253594e-07,8.738897257688365e-08,1.174299048195263e-09,1.9040262523053905e-17,0.006672322794611,0.0168083497833673,1.636699002517899e-08,4.0569569505203554e-08,3.473685723513137e-10,5.4682150604386226e-30,1.8193374179352035e-49,1.0155481296052366e-19,2.0292641602793296e-32,2.442053910284426e-49,1.2137584408964088e-56,0.0002195920242961,1.4899295234620228e-11,0.0378990525554493,2.291584817248583e-12,2.4067910139250484e-06,2.8300374737606544e-07,1.7640838228128093e-12,5.633405100141527e-18,3.2198968593419814e-08,2.750455657907304e-75,0.055076917892508,7.975943173614746e-07,1.5395894940401868e-11,9.541448412477283e-21,1.1318641018297115e-31,1.2837338871123776e-31,1.8992635274242852e-45,2.0844975951176066e-18,1.8366405462640664e-31,3.4998189057745754e-08,6.854905950154882e-11,1.745177211700148e-14,1.0132172902839504e-16,1.0213928212154112e-19,3.7736539150899224e-35,2.064728456859699e-55,2.233484178415833e-11,7.022717173474905e-17,2.519567212167899e-26,2.0406245391663005e-14,8.144593770584624e-28,1.8042739010153353e-43,6.925916326376246e-06,0.8827845030888756,1.3591039296009903e-16,1.3310239968298182e-43,5.677409927019002e-58,2.6829160081888156e-71,2.245172683636798e-09,1.1242955761407432e-13,1.504843966921657e-14,5.653980541761132e-26,1.4244712524328005e-22,1.0144818913034629e-42,5.076752809055589e-36,0.0003991321598457,1.73752214103166e-06,2.1569382797891258e-08,9.37566470335884e-12,3.481572416583302e-13,1.5594099613044033e-14,4.674688035346301e-17,1.3764395880025178e-16,2.3871916509251716e-20,5.3658565475836545e-19,1.1376779313530822e-22,2.1000024839279986e-18,1.550637763455622e-16,2.2288281605207158e-11,1.419847027348826e-28,6.8435740230205675e-15,7.542452058680989e-21,3.9536169634686804e-21,3.365383228137752e-29,7.289798633266785e-29,9.812423623872768e-18,5.7795467438737645e-25,1.0910003080442615e-27,1.5833052423780712e-28,2.878310515797314e-21,2.4731050781012738e-21,8.696096414269517e-19,9.419280164561515e-37,1.501444856284448e-15,3.948027699645849e-16,6.020370766044488e-26,1.2141208874849786e-28,1.92710530343916e-27,1.018327213772369e-34,5.334017904548991e-38,2.2300295185740097e-11,5.4094127400924655e-15,2776.843671236527,15910.48430273238,6.430763662066985e-06,3.8297780799165076e-08,0.1384177647061603,0.8437993838778686,0.0177763823545282,3.132526079285895e-22,1.824094032322632e-20,12.0,9.774911060040338,16.3329292825295,17.117976654878312,15.44158083393773,0.054407177486778986
2.4033175357458473e-21,2.1012257103764793e-05,7.189221283807663e-24,3.7322819119381e-09,7.1216562847857785e-12,3.916233788111932e-13,2.424551234615329e-12,0.0053720820298338,9.63328854232629e-05,4.225251796532365e-21,4.663718398822064e-19,3.186375816885687e-13,1.2188424374952256e-22,1.6808759922876176e-13,3.8655064636094566e-15,8.676394653856274e-65,6.04477248257717e-05,7.480119092481172e-22,1.1087551035221896e-16,7.022998099834273e-13,4.457420849140658e-06,2.991752478066525e-20,1.6217225848482404e-23,5.202119965874044e-08,1.3103333853345229e-17,4.95982174737576e-08,0.0010568971853561,0.0008030510006628,3.1743244767536477e-41,6.3098936269821464e-77,1.017744636746344e-14,3.268515637520409e-38,2.1032052449667258e-71,3.3594274850638406e-78,0.0002720555799361,5.5126168094385216e-18,0.0062684284107836,4.546870741976621e-15,0.0095769549733692,0.2399570525947853,2.8244809399322857e-22,2.672543227143909e-24,5.2167570843493234e-05,1.0351544219053097e-110,0.097664994406002,0.2607148965283553,3.1240141220990308e-15,1.7388099395638867e-32,5.070055196857236e-53,6.18795789331505e-53,1.970908932463172e-78,4.5962798073583304e-24,5.596433771397928e-49,9.17305949339493e-16,1.1507479075745288e-05,1.8434701634211976e-17,3.4750501066243703e-25,1.003139176521502e-22,1.4692919819964233e-52,1.3174269785756084e-100,2.354848400914115e-18,4.788564399065108e-18,2.0780196474141953e-37,8.74301176289073e-24,1.0085124193748714e-48,1.046235090780538e-77,1.076241887828239e-18,0.3780675565624022,5.4882384361597535e-31,3.874279377630155e-83,5.652386284606518e-109,5.643809457840789e-135,4.830164846841776e-22,3.550487284567502e-29,1.1267418450194546e-41,2.93949841791373e-41,1.8927656340271337e-45,5.2395684215344024e-73,8.035042399011932e-70,7.121197940436237e-22,3.728616084483886e-37,6.118002354193147e-52,1.7567192227160716e-67,1.351726403868909e-81,5.541275507054753e-96,4.4433707531319274e-111,2.165424049778503e-20,4.8978899844951305e-33,7.646415949188035e-22,7.594146766552483e-35,3.034372523934414e-20,3.082397069973976e-25,5.2551329318681564e-20,1.3326187654940299e-48,1.8777866013316703e-22,7.493200764607106e-25,5.247710099967267e-31,8.033941036088983e-42,2.9811645585257003e-46,3.434091957611769e-36,1.8037355760136956e-30,1.8891855594664107e-41,6.550972114511553e-33,6.05867088974793e-34,1.0900225040595287e-39,1.2709678379572987e-28,1.6085578825522715e-68,7.84638773411724e-27,6.567182221036069e-34,6.914642384270351e-47,2.0993444791978513e-43,6.798970025688958e-47,4.2947409396139e-55,2.4232469463192175e-67,2.3787837337388977e-21,5.1081461043814295e-34,1456.4294517677713,2.75230821987295e-06,0.0673643160207623,1.2102083831262686e-06,0.6693354611999693,0.2632989984471359,1.4123749291268156e-08,4.38355786701307e-13,2.7104999477697478e-11,12.0,7.254430252409525,12.997213929849826,12.592019302553476,5.3215200952980695,0.05356007104510102
1.8251551210989166e-34,6.342677573106861e-15,2.6127645435380062e-37,7.0836835947350575e-25,2.0653900129192047e-32,1.108805289432796e-18,2.9583044259111107e-25,9.173404226947651e-10,6.273694009099061e-13,1.6308305715794199e-25,6.81245202907736e-22,2.9899631105788552e-21,9.577916732790014e-22,7.81079367888165e-16,3.387289268684138e-12,2.6552544337890913e-67,8.815654777078511e-19,1.804448150773047e-32,2.55793757897831e-39,7.72691170475269e-33,6.165816632661258e-05,2.1896916508467562e-13,6.089873981584362e-19,7.163718392710172e-08,1.8865340854093992e-08,4.901451930896887e-21,4.6212082115311615e-08,0.0246179837354978,5.335789597710586e-36,6.661605823092684e-66,2.9618634692540062e-09,1.2239420097634013e-33,3.989409483698076e-61,8.809078184033461e-76,1.4342543898208777e-15,3.4898276936888465e-24,3.11477693854753e-13,4.71743994447201e-18,2.0755239499079215e-09,0.0770021181933983,6.443138539327271e-29,7.781565554475196e-16,6.714738727922602e-10,7.218016028101016e-95,2.6532943885774567e-06,0.8983154427571832,3.6960502326727535e-33,1.807730882426732e-47,3.3433388376088465e-67,4.520969830419232e-67,1.0301406312876482e-94,1.5684862496725109e-32,6.152269526777129e-60,3.2175088011131357e-18,5.078367041754941e-10,1.9959497833436916e-31,9.208025330247445e-45,1.7915470677058002e-24,2.2191556145509772e-60,7.851155731949344e-96,5.589605632773746e-17,2.0321849074256976e-26,1.1905057949800428e-54,2.43145227249267e-38,2.591116872174732e-65,8.85627060346436e-99,2.0096186863515137e-29,4.020347150609144e-15,1.8086727270536696e-50,1.3168625205233225e-109,3.329823717082794e-137,7.604060758687932e-167,2.549365401307899e-51,1.8787197977642671e-31,2.206168681736663e-37,5.626226540947577e-52,8.459109386181514e-44,1.0732411769642021e-90,2.9483235325386734e-69,1.2961514209962393e-18,3.963631142336173e-29,4.9465921551082237e-39,1.0411180230234404e-48,1.1651887540123476e-57,2.3671358972156588e-67,3.821333838247612e-77,6.702510354162807e-54,1.5751470944009616e-54,4.5582285522529896e-51,6.760789912428193e-53,1.6505252113846496e-33,1.3056888398141586e-63,1.3457610083805989e-33,1.000073483563958e-51,1.2224864200154367e-34,1.1467969663020445e-57,1.6603234688326776e-47,1.3093866434438964e-72,3.6695930105680746e-59,4.931658050725207e-42,1.7972100082742335e-62,1.5567941606133103e-60,5.0818468995877454e-46,5.240929072250622e-80,3.7085271124117206e-69,3.127208624927337e-56,2.752733147599582e-88,8.920371732296165e-69,1.937613768306392e-60,4.407677167923388e-88,3.639948589755479e-80,1.2144669145891053e-65,1.720650786622107e-85,8.108295757852565e-86,1.605960690283553e-42,2.0338057514315783e-43,866.3444676494823,0.0172937851022144,0.0257735215314044,1.2587298295085886e-05,0.9742127852936632,1.0835461143239125e-06,2.2330522993478882e-08,4.841521572597779e-17,1.5216210656735877e-15,12.0,8.688758762410393,13.577480062967718,7.623673637198037,5.937725132749306,0.05332806501671196
1.5692274917648762e-30,9.142763868870208e-20,1.7159618556814314e-11,5.670286369251488e-58,6.774823710734222e-23,3.6323318116268146e-29,2.233929268911128e-62,3.693284519585703e-42,9.017986478471869e-45,1.2385626949227624e-32,9.525218476416498e-37,3.299989152071221e-63,5.495119612958124e-41,6.069559785552338e-63,2.7113538389940283e-64,6.673564181945583e-65,1.7515240254158338e-45,3.058702455689869e-34,1.804493790491134e-55,4.870808335809109e-50,2.078875274795368e-18,3.9473040331501155e-36,1.4491767602233765e-07,3.525028089595702e-54,2.571381356089466e-65,8.414639854071179e-89,3.935241909955333e-82,1.270180240669937e-81,2.2237727509001417e-64,3.6967466132225833e-44,5.941242051835821e-96,8.430382541792881e-94,3.667875851629726e-71,8.609530972195165e-115,6.8208514043397655e-77,2.7114174072631098e-61,8.193827406239812e-68,1.543274039776904e-63,3.0346553678947056e-113,4.9627133094715674e-111,2.340429378362711e-92,3.2729704234818824e-73,4.648439919951747e-148,5.564905471454302e-154,2.345534110835196e-130,1.147859836405493e-174,1.3743672765399432e-27,7.492426709913623e-17,1.03755354860789e-10,1.3475336099194558e-10,3.242025928723546e-11,1.40353281046229e-11,8.071909811656731e-12,7.729785095593214e-33,8.401742498450139e-20,2.4964566760596673e-30,2.348385046533842e-34,4.542923044871101e-09,2.0270398358819264e-16,1.9153912616866775e-11,5.058351834755621e-36,1.956381008924352e-30,4.9791479652441515e-51,5.868307221500311e-05,6.057263741877527e-05,1.767204604106915e-10,9.269009090887377e-31,0.4914039325061244,4.7790323030652634e-08,4.434552824146386e-12,8.27034338690267e-13,7.623029316875627e-15,3.7693241812591315e-24,5.140943733148561e-17,1.535733854128699e-32,0.5068625476969154,0.0001060283947977,7.823350693558522e-11,0.0015080378520332,1.4619107343011264e-39,5.7112257453936555e-59,8.093584847887616e-78,7.998125014406659e-97,7.8921691953066755e-115,2.1456229976236504e-133,2.692263420343277e-152,1.6006043109923708e-84,6.508493500713097e-81,2.7391229308968218e-86,1.5337652095403894e-83,9.206167467832815e-49,3.295720621722825e-85,6.2361392107433555e-56,7.009622020541883e-33,2.9443250436449055e-98,6.931879047370112e-58,3.6580848587405076e-45,2.0433134226832223e-47,5.147585476688961e-32,7.324466104954884e-51,6.13019548635555e-66,4.0736887914248353e-60,1.4071633985931632e-33,5.340219132162835e-65,1.0718526879529868e-51,3.2200923951260824e-22,3.220071011627096e-22,3.040329136791154e-48,5.398195590220283e-37,1.1717233466092088e-41,1.0271441951699029e-49,2.718601348717419e-33,2.5362410910794785e-31,2.2334853965906237e-27,2.2540860028438402e-51,6.142865228203595e-48,1028.9228503459344,233.2345034647368,4.7009042322690406e-09,0.5085419794668721,7.233486140758208e-08,0.4906522031358465,0.0008057403615158,1.2181571393912725e-21,1.6627844952690869e-19,12.0,20.03414540542571,13.187166249951392,20.018592349515252,17.23401371532023,0.052885617998734376
1.4198262541274157e-12,0.0017369951402408,1.3036091900416965e-12,4.780790531648776e-07,1.9504278692771102e-11,2.2549003960871535e-08,2.1002463726775665e-06,3.626024057406152e-05,7.012548293137918e-06,1.3434082543041334e-12,3.8480640027864634e-08,5.321936488502096e-05,1.5685137387785032e-08,0.0015285345151689,0.0040122272654447,5.8090060285697626e-24,7.015368505287005e-08,1.1136668100831429e-14,9.51907987915448e-17,7.202176973142534e-15,0.0005624567692643,1.4413887233027458e-10,1.8651468306613392e-11,6.926618824294056e-06,2.5801245304601203e-10,2.328547889220844e-06,0.0197804817473824,0.723752971251605,3.007996509554412e-16,2.4921207351031174e-31,0.0068270801432995,2.896604226979947e-13,7.810389536125501e-26,1.6315853590067936e-27,1.9994342836506074e-07,1.746119862556914e-12,2.3288835696387197e-10,2.99108421841227e-08,0.0002955073614004,0.1359610213587966,2.2326861995442695e-18,8.71098944228498e-12,5.194344318519916e-06,1.0219616520605347e-41,4.6424619032544455e-10,0.0001236983643854,7.339514725954324e-11,7.066764203282704e-18,1.5591637315766334e-26,1.761614324671912e-26,6.077480579236227e-38,1.292016826075033e-10,2.7046024188029565e-21,2.0420676839248394e-07,0.1053042461634801,4.039644606406138e-10,2.6357632659513292e-17,2.4816660607391025e-08,2.8921036814604517e-21,6.850189094413848e-42,6.419816695378644e-07,7.030548705172501e-09,2.451161012429781e-19,2.211272507722402e-15,2.0194447467054844e-26,1.2576162341576231e-39,8.3362751699318e-14,3.37324288153949e-09,1.5745407400428092e-22,1.015103635808738e-44,9.966092822441329e-57,1.2170365553249787e-67,2.050981672428344e-22,1.9160842676363888e-14,4.481426089376715e-20,1.2378822155387466e-19,3.505016474248887e-21,7.451547636356009e-34,2.6835734231598495e-32,6.628400894652209e-12,5.862748920555966e-19,1.472937324721943e-25,1.1962044384098885e-33,8.801759582736762e-40,8.1728614033256e-46,4.780717929357352e-53,4.0296375595665235e-15,7.545309271043979e-17,7.402242228905661e-14,1.7440558985089808e-15,1.665091393783403e-11,4.744222654060355e-20,2.718318220932592e-13,4.0966420798456435e-21,1.503858472044159e-11,9.668894761398392e-16,3.913609741657252e-14,7.096528325352695e-22,1.0479463277106145e-19,1.1871183836117525e-15,4.604473529083517e-16,8.728352046155922e-17,3.7141522305635894e-14,1.1119915666783224e-24,7.219852372135749e-23,1.5596798909386422e-20,4.923850539815949e-34,3.0241621206747102e-24,6.556784926676599e-23,2.2628921184311527e-32,6.19360493847083e-25,6.661086967391964e-22,6.139778196977616e-29,3.501166748127165e-30,5.091471812981209e-15,1.353859545976206e-16,2903.0054433535397,471.0238690874289,0.4929422525578673,0.0001488040384024,0.5068953597750699,1.1521518707161649e-05,2.0621099529643976e-06,1.021102487437446e-20,6.747785604482455e-19,12.0,8.47981867240286,12.01212227030721,7.36871368400586,6.621515773099481,0.0525998126087072
1.6775695848881552e-16,0.0031431789177424,2.0953262693775827e-06,2.0235871377503184e-26,2.5707359041195473e-13,0.0713575304860484,1.5852245741248158e-29,1.562910436096288e-20,1.3553411028009152e-22,1.6819131882921353e-22,2.187977920065463e-18,7.284751647105517e-30,1.101050718127518e-21,2.0239839383312245e-29,1.9825026253544827e-30,4.430633435825699e-50,1.669095195106087e-23,4.335467668911018e-24,6.437221552136281e-39,1.5921821080896986e-34,0.0005607596095264,3.128472912858615e-09,4.791963217797715e-05,4.3067039457208625e-14,4.86590532923359e-14,2.6552804250569163e-43,1.3450343147697891e-37,5.74581429385962e-37,2.482025769452285e-42,1.6056150537408997e-45,4.584792570432192e-48,3.789375247352132e-56,7.088126335283877e-57,4.1785654825697307e-82,6.65980260688627e-41,7.444906335133118e-38,4.832533534905305e-41,1.6632458603538568e-32,3.3075783232960715e-55,5.436577528820029e-53,1.3853850792395177e-62,3.377640759175257e-42,1.0485033667067003e-75,1.1724928338546272e-117,8.286521434426627e-76,2.0384993956284332e-89,1.2363448876532774e-16,1.2760809764271121e-17,2.272522700209677e-22,2.836877566071905e-22,1.2207513368177184e-32,4.9279798447011944e-06,6.8830039139492715e-16,0.0002340974549622,0.0069942748520179,1.5930307167301162e-18,3.2432340961970514e-29,0.0009641431311443,2.5644424401632195e-19,1.0651655796230662e-25,1.2223275248880633e-06,2.064809368895e-18,5.1230861687824094e-42,2.7932895846895178e-08,4.659161224897377e-18,1.9621796474702468e-32,2.6783749322661435e-10,0.0076306217294946,2.6750218067804956e-18,8.798368102528696e-41,2.0861943505463564e-51,1.3099129493530328e-62,7.300493317584403e-29,0.1425813515202501,5.875653804563062e-05,1.4275256067056525e-07,0.231856905622374,2.927932755574683e-25,2.28889049658396e-10,0.5345616884036617,1.439996301818148e-07,1.27399857654033e-13,3.265380958996691e-20,1.564446932754774e-25,3.134917457531688e-31,1.6839093779039369e-37,1.491333339911513e-44,1.2181076806596564e-48,1.35735437083264e-45,3.233364815428572e-50,7.742064681377005e-25,3.403100327759788e-52,1.448015525770418e-35,6.794280581105055e-29,1.3526024886751762e-54,8.506962419897389e-31,1.940942147623497e-27,1.0734522967277026e-31,2.8950763143197326e-26,1.3844186452827697e-22,8.88510426443656e-37,5.3117135231968065e-39,6.130546603800838e-20,5.301186906307923e-44,3.584612276604339e-40,5.831784157187599e-19,1.2818626117652778e-35,1.096799049989358e-37,1.8839929230472336e-35,5.712084176177423e-42,4.5833992983624775e-34,1.1520214220002414e-27,1.0093142106892011e-28,1.9467826786463336e-32,1.6712402245972715e-16,1.1405140227318744e-20,1264.989895420927,2.7604044913075446e-10,0.0089427980942423,0.2816970276601194,0.0002820363514477,0.0070712894980367,0.7020068483961538,5.061596390476125e-09,2.0309655516785457e-07,12.0,13.498308838938366,10.49883166221541,11.898025191997686,13.89486792329846,0.05228751503330165
4.794075617110102e-17,3.5483888025472874e-08,0.000449104307044,2.906425894199864e-36,3.6263268773717906e-14,2.4540930592603513e-17,3.283577258101351e-42,9.936341549132247e-32,8.174124840911557e-34,3.3281910082329067e-29,1.8798850982249909e-26,2.3507983727940385e-45,1.4116684166434923e-32,1.0484161381250308e-47,1.623193613089613e-51,2.40554065727682e-62,6.284681724540752e-32,5.243438181937006e-28,4.268533182198197e-46,1.1657634495829338e-41,4.298966238678031e-09,1.0118736924825386e-27,1.189618873294348e-05,3.8069957560639574e-37,2.0509194315353288e-50,8.775897913745466e-61,7.961400663152964e-58,5.487024393150394e-60,2.2108331444686197e-56,1.4425228919742046e-50,8.56958184810382e-77,1.9534497306286238e-80,3.6615075113223035e-72,9.556654468639913e-108,5.729723693802705e-57,2.206001773287923e-49,1.0530449912463015e-55,2.2735040943457746e-45,2.881004020889696e-80,7.724615137648292e-81,2.04914310694378e-80,4.186661633488458e-58,2.0252315382204572e-108,1.549180386534859e-149,9.656202572507916e-106,1.0013688892942358e-129,2.4973664725502362e-20,8.201585343936283e-17,4.289190152569577e-17,5.3631442450639236e-17,6.074391184041598e-23,1.6513100422536675e-06,5.996817720706071e-12,1.1736096746623616e-22,1.2433348282280995e-10,4.844591026835916e-25,1.9558696328347477e-34,5.388790100313663e-07,3.2610075557069786e-18,5.995054787360859e-29,9.179522262882185e-28,1.0040813536917931e-27,5.681858039519578e-53,0.0001403962546011,6.192254124799432e-10,6.291545083835541e-20,1.857164247246259e-24,0.0335759040995837,2.7342271225997516e-13,5.639976989641336e-27,3.568684572409818e-33,5.578862783965927e-40,4.441957729518737e-27,1.5796794695051857e-12,2.835560533089917e-29,0.965820381738552,8.475101873282142e-08,4.35965328552164e-14,2.29062899915241e-12,8.706280246775318e-30,9.553242139819649e-50,3.455616260307579e-69,3.7560526629575185e-89,7.434703556426154e-108,6.0485727933407045e-127,1.349391586549083e-146,2.9380512730776393e-56,5.317888170024344e-57,4.0745325716784975e-60,2.0863788536414548e-61,1.1987210951504871e-34,1.367630810237812e-62,2.0722271701250296e-42,4.774312916429439e-28,1.7361756944756018e-70,1.073659219562246e-37,6.367989426807343e-31,4.169065645545611e-34,3.0979072372517368e-25,2.3063250226215558e-39,1.501655352493306e-46,2.0566944906157892e-45,7.752413212955299e-28,7.695501856574305e-47,1.3668141993489366e-39,4.7940761479820586e-17,5.701355544102168e-26,4.5350930136866685e-39,1.958276913779777e-33,6.920228428064795e-39,1.0972274397756364e-33,7.635443799559561e-24,8.732362324082815e-24,3.718185113600922e-24,8.544939115865679e-34,1.2803463674138798e-34,1253.0350857772748,2.5662355151005592e-08,1.3827246828932317e-06,0.9663412536419153,5.951513414851566e-06,0.0336513697367317,4.238325540431718e-08,0.0,1.93478138421907e-09,12.0,17.844394804741555,12.63389170138017,16.386267030866204,10.486458595801668,0.052020133376548906
8.293568690082986e-10,9.54058395946716e-06,6.336745555661217e-17,0.0078044688397539,3.2644779606366896e-10,2.8333998730403472e-08,2.677345743760094e-09,3.3634264572433784e-11,5.83326013601204e-12,1.1242466090245851e-27,8.176616367393092e-20,6.278558904570339e-15,2.7712565167587503e-27,1.7581016176848603e-20,4.32870744964139e-27,2.3931741640755026e-66,6.01996817301165e-07,9.114269543069114e-23,1.8319073501880652e-19,1.6982148444946556e-17,2.6132776036746623e-08,1.0735969888034201e-19,8.362441602324793e-25,4.136430331904101e-06,3.1989199179817395e-15,0.0142429219706272,1.4777038061305278e-05,5.276871007848662e-11,1.7876256341016032e-44,1.281444205454159e-77,2.6586449437750713e-27,7.760306955723911e-47,2.0150205771238022e-77,1.1622444293203824e-84,6.215756875895307e-07,6.210577104552321e-21,3.486416878906479e-13,2.9530515140351745e-13,0.9151547155044486,4.4940716153459736e-05,1.0337441673902427e-30,4.666562452106447e-26,0.0053134055240503,1.0762345725064412e-117,9.57809130628373e-14,0.0574098086619599,9.5336372996389e-17,8.674583801768836e-33,1.5064099267027466e-50,1.708640562053897e-50,3.687041205492743e-71,5.8856968555715685e-22,7.561456532289971e-42,2.0666366454013732e-14,5.507416515560205e-11,4.497659707224362e-23,8.416324461975853e-34,1.2044626684660366e-26,6.4587350164348855e-49,2.331200422400635e-92,5.487741208184391e-21,7.546831821927501e-29,3.5981732325057873e-50,4.482474516424194e-23,2.6101931949489833e-43,8.408238781461709e-66,3.173108284690995e-17,4.3069543104682253e-11,9.63016089280319e-34,2.000080259701794e-74,1.2445892362768965e-95,8.563857414928976e-116,3.487472714114455e-28,2.345482537138647e-23,9.611399842245252e-34,5.6226735742589736e-33,4.368215052166457e-39,1.4627815552616781e-56,2.2736964254496965e-59,1.740387956456669e-16,2.313898349306929e-28,8.773295174802983e-40,1.1662740570062645e-52,1.3232282020525968e-63,1.8095286593682472e-74,1.657771130445241e-86,1.7479679651897871e-09,7.309101550892184e-15,2.8373852508614178e-15,1.4497210316718686e-20,1.6569245959011782e-21,6.3543219788250745e-18,2.2380253451542553e-14,9.520087170155443e-37,9.187858688998591e-10,9.160549767619452e-17,1.1640398950179305e-18,5.995408181683516e-32,3.154585610205886e-33,8.896258462075903e-25,2.909743428226656e-24,1.3258513337658024e-28,4.94581632817571e-38,2.695624334994028e-22,5.6166998747054536e-24,1.2194157101941859e-26,4.633669666858887e-53,4.5890567126956005e-25,2.922083570695709e-27,2.6935549637365618e-42,5.183447054501614e-28,1.998706877042666e-28,6.411405776765816e-41,8.095815527004178e-46,2.015290832573891e-13,1.178330570982502e-18,2774.883329153098,0.0033937741033344,2.2412835993991076e-05,8.455951525861429e-09,0.999975835052485,3.960500710216732e-07,1.3476054983524558e-06,2.031971368260866e-15,8.353660069516895e-14,12.0,8.576665671504047,16.649492691980853,10.247253282316723,10.779065961084529,0.05052734553621024
1.0281391090471416e-19,9.278929611837538e-08,2.8320718552953953e-16,7.69874765931776e-19,1.8330413320884225e-12,7.936773215520913e-08,8.522894850328612e-18,2.81458802063239e-07,1.5176489450393838e-08,2.3577054612908468e-12,4.2331766084346345e-14,3.7672769560999455e-15,9.387495940295828e-14,3.639876597797495e-12,2.1244344438492875e-10,1.596330767724684e-30,4.8851682018507355e-12,3.4481184172852124e-16,1.5056800384394732e-17,1.2238545764135766e-14,1.207091153992998e-07,1.577934731975958e-09,2.1146949915452018e-12,7.294259479568451e-09,2.7733197753373513e-07,7.236880937575518e-23,2.893771466582721e-16,3.7229935766197754e-13,3.955929650442435e-24,3.92386815595166e-34,4.8991555436738275e-15,2.1672696613523143e-24,8.740866550888559e-32,2.0073644046844897e-39,1.915627485893271e-16,4.973134219000232e-18,3.688260566006229e-12,1.9270985232536994e-19,5.5431176268605674e-24,1.7665364955838382e-19,4.123764185344405e-23,6.518372122420858e-23,5.210387806385292e-31,3.472097297533021e-57,2.5676553338011656e-21,2.380391926043808e-33,1.560889303627895e-11,5.826831560799068e-16,6.302688296205198e-23,7.431628472803141e-23,8.663108912656779e-34,5.574439463122872e-13,3.1212109480709605e-23,2.4961398663567437e-06,0.0001342452753523,6.338019998653701e-10,1.67703186701358e-12,9.797539827571612e-09,1.0994588885142352e-22,4.27974671627236e-33,4.9505722185177966e-05,3.292427537715298e-07,4.056109523532164e-15,1.3845247965236561e-12,5.170107361633336e-23,1.2308526361912848e-36,2.074260198980172e-08,0.999788673619658,7.264393158557184e-15,5.2977135387757745e-37,2.19166545770119e-48,2.5228643373671425e-59,3.436959927553569e-13,3.6769352686955986e-11,1.1185627024103503e-11,9.015770149086263e-21,6.215837511839155e-15,2.437464268572715e-36,4.2313250426243005e-25,2.379326403100268e-05,4.9254850940911176e-08,3.0255997452344587e-10,1.5078334989624884e-13,3.4928351577295324e-15,6.28347275007979e-17,1.3522661512652453e-19,5.747504908669876e-32,6.868265248104798e-33,1.0801504748565545e-29,9.985026193234178e-31,1.204602858203538e-19,6.140987050892397e-32,2.677405394623018e-19,5.099685838936635e-27,1.0963033185943669e-29,3.0600422124823432e-27,4.013725638882928e-23,4.270083785394775e-31,8.729060297636127e-26,9.264134662846622e-18,5.9317246340827085e-28,1.6411328846178655e-27,8.521099640892571e-18,8.150581627107191e-34,2.2110770901492346e-29,6.5043653615474164e-21,7.529912909864353e-34,7.294760952175371e-25,2.302262461691005e-21,2.5212885143031573e-31,7.797447756598836e-36,1.2681188251232186e-29,7.289694386793423e-36,2.37950530874569e-36,1.1469492739077664e-18,1.579714139591174e-19,1890.445491141361,8500.038166416214,0.0001856911069303,6.606186257196948e-08,3.519118900443606e-07,0.9997636943412156,5.01965781014714e-05,4.6059352195892715e-22,1.584441715538709e-20,12.0,8.551159709062597,9.277642835466844,15.731106256508248,11.431883007197689,0.05032723583202957
3.584534792743472e-12,3.946487081594129e-07,5.2276818638999665e-14,0.0001954179876626,2.0118360517080187e-12,2.3217832251684833e-06,4.99979435628914e-10,6.657130263447329e-12,1.1598953437207085e-12,3.272724877295341e-23,2.188290574470209e-15,8.682097319308698e-15,5.5166370992112645e-22,1.7962171640882365e-19,3.2728431265847567e-25,4.042443284708886e-54,1.6197268169012073e-08,3.5982273322758034e-19,5.4904436679764916e-21,5.046217919492896e-19,9.167972790843076e-05,5.589950444763505e-12,4.3024471011125247e-16,0.0014845913573486,1.6854624904943935e-08,0.0015777814150937,1.1979687646037773e-05,3.1605310618891335e-10,2.3170283084562522e-33,3.583302466314765e-56,8.906863627621044e-25,3.8676577320879624e-39,2.158290776956493e-59,4.888780768130758e-70,7.409339381622745e-08,1.0780840613636576e-16,4.4821842853680036e-14,4.694325660568781e-09,0.4428470213668379,0.0001600873356003,8.681967489749568e-26,4.731153570657061e-16,0.0114351107032678,1.896446481507391e-91,2.411877289400114e-13,0.5421935009116512,4.3831250358363335e-18,5.854179494488746e-29,1.5038262589310938e-41,1.705431713307505e-41,5.496911196308114e-57,3.5935985570585495e-18,6.901501433914403e-33,1.2613766175640376e-11,1.684922571182141e-11,1.5361348309373894e-23,3.1688523992079187e-34,5.413171086912784e-22,4.3923367463322376e-39,5.056367123934265e-68,2.489769462884443e-17,1.9052912100886638e-28,7.625773344438909e-49,4.0127426354822244e-20,3.4874328470647325e-35,1.6915173636403585e-52,2.859866550572307e-15,2.807684206533096e-13,9.483321645994464e-31,4.430611802932349e-61,4.11569349709485e-77,4.248864758923198e-92,2.5888019371744485e-30,2.8176137482599263e-16,1.7072745729434012e-22,6.812176844531586e-25,7.678513191991856e-27,2.6888697792754817e-43,5.948849258449229e-42,2.0930998026023514e-10,4.141457863161247e-18,2.3365049576784244e-25,4.605891268091427e-34,7.76868374373624e-41,1.5823770917062094e-47,2.1537164537358256e-55,5.986342872070449e-11,1.4466849503029055e-16,7.209583778301568e-16,2.1316906945113018e-21,5.921535076295626e-17,2.3915934993056573e-19,4.664400325124452e-16,3.894120728165627e-28,7.870410700673415e-11,5.2782796911087795e-18,3.82098855477912e-20,5.083379869049282e-28,1.5156291691949962e-29,4.252457020527679e-22,1.2587615354337643e-24,3.30462041879194e-29,2.2407820349546815e-32,2.3312053968137245e-24,2.7646247265374623e-26,1.469753011782133e-23,4.851736375415604e-45,4.233158771373331e-27,1.5399312828718638e-29,3.675975056366809e-39,5.957048249754436e-25,1.3012515552907346e-25,1.0689642120416303e-32,7.803891529985413e-38,2.2425114689845942e-11,7.582939880304385e-17,2780.0679577051287,0.6297166982796784,4.2137974326951625e-05,2.2402690965729935e-05,0.9995721413698574,2.2063427030869445e-08,0.0003632959014227,4.266694275944049e-18,4.55317232018601e-16,12.0,11.725626533837351,16.37514048939385,8.718999316505124,12.935586844130825,0.04997581689922142
8.056332384643971e-07,2.4709887345859703e-09,0.9943858363121112,2.208914869203116e-12,0.0012325499554465,2.096862680922243e-07,1.6271398149307772e-27,5.499715949007419e-28,9.680244582986719e-29,2.3068637760175325e-33,5.738634020811838e-27,8.007498714495219e-42,4.1407637886624545e-43,4.671991255456653e-56,2.409290173568631e-71,2.3259357507142697e-88,4.790687017500187e-15,9.033335122286144e-20,4.6001310335290496e-26,4.148619765815441e-24,7.944585236794912e-07,2.0319351509482805e-22,3.161000781760955e-12,6.519006590260022e-20,3.0306504199973937e-33,8.865446430852013e-27,1.8588452678543851e-38,1.3828527363506348e-52,7.386079858023262e-64,8.26694035975404e-75,3.270483093244778e-86,1.2426232148385968e-94,4.975274313348949e-103,1.1897722333073486e-138,1.0927605848081197e-29,1.3272235089838449e-32,1.7438316579226521e-34,2.1316813804110678e-26,1.2027713328532274e-39,1.2162563520006997e-52,1.4451377750742539e-55,8.718320359437146e-43,1.5618881732958788e-56,1.2493606089450707e-166,2.32245111771385e-64,3.616038721932661e-70,7.7359999708036885e-19,8.77772920270721e-24,1.9483917282285983e-30,2.2088006827760415e-30,6.285037270241307e-40,1.9349552168755696e-14,3.286410624470236e-23,3.2705068928285863e-22,2.981883873207135e-23,7.738407875215032e-34,4.4194394969236065e-43,8.152348420219283e-28,6.009163945090859e-39,2.0820404298820155e-64,1.845054820280455e-37,2.7095940899747654e-48,9.050417202842412e-77,2.0408337366256525e-05,1.5630448552623614e-14,6.812184641304115e-26,7.114596326464619e-15,0.0043475585222122,1.3289613575098507e-14,4.927533992841182e-33,4.035660130247358e-43,3.714170105781726e-52,1.1919880674905394e-18,2.1556855580950617e-11,5.434408475449024e-26,1.1019793256320887e-05,4.956188308977854e-16,3.97461254804172e-18,3.363547618129077e-25,7.736526501009508e-20,6.459923615015572e-36,1.5374588231230992e-51,1.268922832984835e-68,9.010732547964577e-84,7.759825120036845e-99,4.4401947840506335e-115,7.535999536659512e-17,1.7440759369818947e-26,2.583190710269294e-31,7.335376127327725e-41,1.64043013326283e-26,8.278227332044162e-24,1.4070475139748191e-24,3.0902782039879435e-26,4.493262641140944e-36,3.831771231302645e-18,2.5734948825543544e-24,3.1521192571463194e-22,8.617204313743632e-28,1.1520663716920261e-34,2.669838366364369e-34,6.666685048596286e-43,1.0542477437443869e-45,1.683105939819297e-13,1.8480695857334252e-19,8.040775544047714e-07,2.2754645438096015e-26,7.868049064875708e-15,2.6721183361905208e-21,5.905909495269299e-21,1.314013686871141e-09,2.6302441987801163e-14,1.9520006265655343e-11,1.3658072507147202e-20,2.2200370872657263e-10,7.199730120577887e-20,2791.5689302227747,3.0849194291927625e-08,2.460274086707347e-09,0.9900923340169802,7.909745796702546e-07,0.0099066635484737,2.089996924635188e-07,9.994884871560564e-11,9.070358020941212e-09,12.0,20.604692205562007,14.5071790340192,18.60494392131872,13.929162154707942,0.049293644717016145
5.88476591778504e-41,1.9009831438160704e-23,1.3261444162316965e-15,4.316990098234958e-71,2.3879955836607108e-32,4.944685762332968e-44,1.158156653736245e-72,7.08677384492769e-48,3.1501203581619235e-51,3.96726034557007e-34,8.766581307789497e-39,1.414971746872689e-69,1.0502032590946166e-39,5.724986576906729e-65,3.3748425571257183e-62,1.2160159931984206e-59,2.875439031208667e-56,2.433697121993623e-40,1.7543594031079315e-69,1.2039847958143223e-62,9.70190831867466e-20,2.434031251425176e-46,0.0004220620698093,6.62997861983276e-71,3.364437192069446e-89,2.522944170859539e-105,9.055862668451064e-93,7.885759184106169e-88,1.2948478856770256e-62,2.237885298063563e-33,2.372566296001349e-97,1.1570304448569874e-92,5.301829552806563e-61,5.092157416394416e-109,3.8326632369719915e-91,6.721835974757167e-70,3.406136487427387e-80,7.934497727710068e-72,2.6754196356611463e-131,1.828945949353151e-124,1.2437955660241813e-104,2.456020030428493e-77,5.648515068201643e-170,8.36745881115979e-145,2.319274457456121e-149,4.0394269805229254e-179,2.5770948824506683e-34,4.739138781132969e-19,1.734859807343468e-09,2.3785536708647547e-09,4.37587312579468e-08,9.840101495463374e-12,2.7774387111083557e-10,1.0034148822046489e-44,1.9935747564244852e-19,1.2668838765772725e-33,3.2296211089119385e-39,0.000236535630495,7.146636518618555e-12,3.459672101636072e-06,1.5283059982798762e-44,1.9386778911531224e-29,6.462810377453857e-52,2.65046988198421e-08,2.3417443711811923e-06,3.188325523141636e-11,5.599762255097702e-47,1.031971858335012e-05,1.347456461973032e-12,2.7929731479192334e-14,6.455346356788071e-13,7.566583690174705e-14,1.9102249428392317e-35,3.469935097776527e-27,3.692848283182262e-51,0.999322117075737,7.953872097209747e-10,3.533286295638962e-11,3.0885526270570622e-06,1.028785804616149e-61,1.6508781459382299e-90,1.128911726164322e-118,1.7564215141889636e-146,1.1735997452653408e-173,4.0394269805229254e-179,4.0394269805229254e-179,2.1217066481020885e-103,1.4221498845507331e-100,1.4498357477035237e-101,4.69237082902678e-100,1.040971631650546e-52,2.8467746558034183e-105,4.053159878912934e-70,5.681357513322928e-37,6.888127604800126e-118,3.340163101499589e-70,5.1032086500615535e-56,1.0751973206029108e-55,5.107464367102255e-38,4.668697104931875e-68,1.835102127067681e-76,5.979874786731419e-71,6.734166290152649e-30,2.987392182186647e-84,2.428602284658606e-69,7.46331125168674e-29,8.136716872961007e-29,5.3663408617879996e-64,9.360339912501064e-52,5.1853023551770565e-54,1.7803697124463398e-62,1.0511975133598862e-43,8.910981640538098e-38,1.169069754220477e-34,7.175061785278121e-71,2.4088362814045158e-68,822.3089888961922,28105.968705904463,0.0002399473824204,0.9995342732275802,0.0002109820597905,1.1523561963444964e-05,3.273768245397801e-06,3.23154158441834e-23,8.0384596912406215e-22,12.0,15.619681673731137,11.944129511386944,10.68147072482297,10.134931915267014,0.0489231454495421
2.9161481638197558e-21,6.885908357190968e-07,9.815541214691492e-22,3.733448656174268e-09,1.7636305189953076e-12,1.5863688678380937e-12,6.2911753243319846e-15,5.107938006800166e-05,5.454551833801353e-07,1.5250501665061272e-21,7.751960011875671e-19,4.584965222791303e-18,7.335212352372489e-25,1.795741166241237e-20,2.635028915531715e-24,2.026776331423128e-72,4.7232635300635854e-05,3.007735962337083e-20,1.3446935477703568e-18,2.2498483243642323e-14,0.0341276342892715,4.8820237400986534e-17,6.923591434097939e-18,4.584634137859914e-07,8.194030487204013e-17,3.6310258146405325e-08,1.6831529423808787e-05,9.938970879899965e-08,3.843842442350445e-42,1.6327369546639065e-74,4.6640011406723775e-24,1.724498126265731e-46,2.1782003400337067e-76,1.0865863542609437e-91,0.0001437770369253,2.990439697915103e-16,0.0018343268307896,2.055678128840657e-12,0.0196109000432115,0.0042658221480493,1.3383387677349924e-21,3.385356166320512e-19,5.341471039432323e-05,8.087581394834094e-121,0.0166424364145653,0.5189626703776216,1.8759638628719365e-18,4.9243540568312125e-34,3.0624927315982014e-53,3.7983868715594175e-53,8.794091900840525e-78,3.610053416370627e-24,2.8458004162601245e-48,1.0729047543994472e-17,2.32909343554851e-09,4.387365350111734e-23,4.126506715331082e-32,8.554583265276905e-25,2.1759127242806147e-54,1.303359822573042e-99,1.0373721180579881e-22,8.139653634804068e-26,4.906818731342046e-50,3.1166359142170653e-22,2.745360893128119e-46,8.7745667659792335e-75,2.5751413937131285e-19,0.4042420339918578,1.2485572976429253e-30,1.759947984418112e-81,2.1273390884156089e-106,8.949739313391957e-132,7.4180734534003305e-25,7.67543933648589e-27,7.145853921172194e-40,1.7546197750478016e-37,2.75155063665021e-41,3.9233695834888277e-69,1.2509563826027229e-64,1.9296813534612928e-21,1.5305031654812083e-37,3.930358075547927e-53,2.5310985181228987e-69,3.377659385341461e-84,2.0199439848467587e-99,2.9598095687676997e-115,2.475811151706653e-22,7.893732156642165e-35,3.900743361344626e-26,4.086508530943867e-39,8.406891005312508e-21,2.333246028214907e-28,5.95692893042477e-21,4.566341127467865e-45,2.4688257379007954e-23,3.7593983315394264e-29,1.7829256425124272e-34,1.3758707190794512e-44,6.130477842136511e-48,1.5664737487304758e-39,1.1318842996725044e-37,2.3162905936624343e-48,6.196836034621798e-39,1.0173921006135665e-37,1.3726145478311774e-42,2.923027595854875e-28,1.8149214970097495e-67,2.326904916640715e-30,9.484169137471291e-37,4.270603681468499e-49,4.34750364872027e-44,1.7712008510680647e-46,1.4721530473818951e-53,1.1254902068047313e-65,2.4326100584107583e-22,6.721228655580447e-35,1314.4947236479045,9.51095063079896e-09,0.0011858509948125,0.0093347626861813,0.7581389678077236,0.2313402931090339,1.2540224862035377e-07,1.3357231687968562e-10,6.201571855128262e-09,12.0,12.896073159283691,14.805718697390652,14.290221159246697,8.024275201759497,0.0480895184462288
2.0694788080733055e-15,1.420136539283477e-06,1.466819073306947e-12,1.024961518479974e-09,8.665263310483674e-12,1.803506531651756e-06,1.08502667442376e-09,0.0009733802306315,0.0001047308478478,4.978824125243415e-08,7.282918767853283e-07,1.6307230593764662e-08,1.0104076071526809e-07,3.71624845554077e-07,6.344459856642906e-07,2.707064487698206e-23,1.3672060773850922e-06,4.058543412457808e-10,1.773231249883182e-13,3.993551074739039e-11,0.7728277992748575,0.002657022994032,5.150427965463013e-05,0.01608074187792,0.0320431760518905,4.0758314311247955e-08,0.0009226915899208,0.0271191004612207,1.7742327752131528e-11,4.028921589704746e-20,7.3428601073700465e-06,1.0234791465898149e-13,1.0115486224103752e-19,7.868246158058351e-28,2.6826211784165655e-05,1.0978639371276951e-06,0.0001797885626826,1.652383658336345e-05,0.0002092562231216,0.1147592081863772,1.1089091881343529e-08,0.0006970848482953,1.589508010666528e-05,2.246241513368589e-33,0.0223513995305547,0.0087515038929745,7.542513040091532e-12,1.2851842951556724e-15,1.9086652705925885e-21,2.2006209864341777e-21,1.4900621763204071e-30,9.193404240639547e-11,3.4051982228365983e-19,4.603794512322024e-06,5.9290118098852336e-05,1.6451517517294772e-11,3.85365985311331e-16,2.2390374717337324e-08,9.914378305854769e-20,1.3892690110572217e-29,5.316837397516671e-06,2.1438665834094466e-10,4.669778598130769e-20,6.513234963836071e-12,1.2852515040417963e-20,5.714815247140869e-32,3.1533969907222126e-09,9.923592121261529e-05,2.1893103098855187e-16,1.8985723145092302e-34,3.987494381103804e-44,5.3835614593287595e-53,3.585795254582974e-17,3.184858231017345e-09,1.573360467053784e-10,2.3150349984193833e-16,1.5376605678504468e-12,3.754592348842378e-29,3.6106783267439784e-21,2.8878428323334412e-05,2.4123924757481925e-08,5.835767995461947e-11,7.011284777444366e-15,5.57808815283699e-17,4.430072409827379e-19,3.0269445954990697e-22,6.4847400860923476e-21,1.0994363617243168e-20,5.522619633782765e-20,9.748899874420641e-20,4.951239242540691e-12,4.026767376657249e-23,4.65255622589496e-12,3.667225106352541e-16,2.895941138320044e-13,5.882036628902941e-23,1.3265016913334904e-18,5.557000921969297e-26,8.969758399873375e-21,5.762955216282837e-15,2.9073201453629904e-24,7.347950423322388e-23,2.7151858352670914e-17,1.4424184924676278e-29,5.8679869403672265e-25,2.532945961588567e-19,6.339859745698398e-29,9.090240521880679e-25,7.6321484780266e-21,4.4703752016477224e-30,5.13332458916461e-29,6.26123304118216e-23,3.959102558270402e-29,1.947230187473673e-28,7.608577598145869e-16,1.6733677434292732e-15,2327.7579874512,3661.369948776865,0.0701841369267309,0.3186140428321172,0.5582009475185966,0.0190117498387982,0.0339891228837569,1.404421799351608e-21,5.591354288668589e-20,12.0,12.657025949660442,12.900551605702445,11.432783127464232,11.685100993770227,0.04754165976045548
1.409582012093944e-27,1.8564222888958826e-12,3.852050730948206e-16,3.291995602372952e-40,5.054043902952719e-23,6.275721882682284e-08,2.7500221202435536e-41,1.5401042420129307e-25,4.082888300925619e-28,9.899782768513423e-25,1.436538864063441e-24,7.636565486822874e-39,1.6654226550722865e-25,2.5189345820437393e-35,2.0677353796786588e-33,3.366950267677929e-51,4.4117442348679743e-32,1.4038431131911578e-29,3.6616672308717624e-46,8.459653514814194e-41,9.978785029127147e-10,3.631009535036177e-10,1.2518866087891784e-07,2.1808171970130394e-19,2.518240573858499e-13,2.0776874417861744e-57,1.4683310703371615e-47,8.421915974523485e-44,5.721496216326034e-44,3.2798978616672003e-41,1.947709428287611e-51,6.391491561355159e-58,9.619559277953877e-53,1.0102393445712476e-80,7.367426584772378e-50,4.7928288086363555e-43,4.046040315323726e-45,4.680410646385958e-41,2.584589248858674e-68,7.370496423073414e-63,1.0210779999688149e-64,5.5860901383488214e-46,1.7754580337810605e-89,3.577513808639128e-110,2.05566485788795e-80,1.5924174412443029e-102,2.199515657222042e-24,2.2212350227271196e-22,6.448246338553671e-25,8.353102865677497e-25,4.9981577318511045e-34,5.894395331359454e-13,8.605993140603249e-22,2.7858102296975955e-08,3.156280671604013e-09,7.924462320918867e-24,4.991979170686367e-32,3.225219520950096e-07,4.494795227513793e-23,2.6361875855549413e-18,3.64295360718434e-08,1.1201939538131643e-20,5.750690140313533e-42,6.801940989559623e-14,1.7356103838480412e-22,1.4417607607589632e-36,1.0465551830318933e-13,1.212639695452485e-05,3.564503954719988e-21,2.3932159279027485e-42,1.0851190021427617e-51,2.713021012067205e-62,1.0923021476279836e-32,0.0001614710271752,0.0088063714812382,2.135636842475567e-14,0.5826423990959066,1.0847145416512636e-32,1.9382081890212044e-08,0.4050766393338758,0.0032068745080542,9.144732521758868e-05,1.71763957126201e-06,3.3552512401315345e-07,1.8552085625112562e-08,4.5709158358153533e-10,2.9050468334036865e-65,4.7380596305071924e-64,9.67790271257052e-64,2.2843251316980056e-63,2.8320577591329186e-35,3.8375197875380255e-70,1.3897130110358594e-43,8.493906594236501e-34,6.222227570038106e-68,6.05564353116241e-49,9.989950933505436e-39,3.488936644258088e-47,2.509888247240267e-34,2.8847759458896352e-27,1.2746800871680048e-53,3.224316640455282e-50,5.36879452045673e-27,1.950632407949309e-63,1.2042515560381324e-52,8.86790981025444e-30,9.952493914447907e-41,4.233020464380281e-51,2.4755051589166352e-42,3.429937212564025e-53,9.935671983448436e-53,7.449991427653833e-39,3.7283882326161325e-43,1.3239279448249486e-41,1.073941825832414e-28,1.1906976736305784e-27,1041.5443731371856,0.0399122258337781,2.898318084031648e-07,0.4525270113876048,4.877144555652131e-08,9.346447815474229e-06,0.5474633035613257,4.3235089119867916e-17,9.47569036543772e-16,12.0,18.19349846078635,11.226019581396958,13.508500538882958,18.27620896713524,0.04754116150521953
4.0014151349402624e-10,0.015048894135655,6.066031124254924e-13,0.0404306155345771,3.132103741070219e-06,0.0003407623351444,1.0149107765884934e-08,5.477205793772026e-06,3.8512401789245817e-07,7.24341170592432e-21,1.8484955386916935e-15,6.852498607423733e-14,7.883698961330189e-23,8.76943879378545e-19,7.352196069931502e-25,9.522356836205732e-64,0.0092028561853486,8.868891608241353e-17,7.745458127252966e-15,3.843864518854603e-12,0.0647140043833832,6.403676629002043e-13,1.4878222212646767e-16,0.0417608049316803,6.475170644475375e-10,0.0089076269782001,0.0002726103207845,4.580148294650012e-09,1.489150680804758e-39,3.0395343455178376e-69,4.224929792908757e-26,5.517986059045831e-45,4.79579279089415e-72,2.8543737592303974e-84,0.0008986458071956,2.1996085304121634e-15,7.507783243488192e-07,9.055725850883475e-10,0.7910770503845007,0.0002998040429463,4.1672871139270805e-24,3.527194641989416e-20,0.0002212034689471,3.9493237303371807e-115,2.845679812479389e-09,0.001457388248625,6.216021517789288e-13,3.2760869070167416e-27,7.612228096120368e-44,8.899771862941251e-44,3.875673142261235e-64,1.7803966344676856e-17,3.919567748609037e-37,2.2860510024485388e-10,3.126863782615623e-07,4.589995505577878e-19,1.8220580317348803e-28,3.3852852287260568e-21,2.9592144015845093e-44,1.4760193845168064e-83,8.496714705108344e-17,3.2314018958118813e-24,4.330907251388715e-46,1.8659888327256784e-16,2.515132101104419e-36,3.4966425235013672e-59,1.2050204896099144e-11,0.0253576300688715,1.2970507177392222e-25,2.147078484024883e-66,3.141150062980342e-87,1.7737002112952976e-107,8.159494565958818e-21,2.0819491620150748e-17,4.0025206647894085e-27,2.817583813703491e-27,4.150014052779246e-31,6.978677478591553e-52,8.642441238044118e-51,4.213884206756357e-11,7.797441612991456e-23,4.238343409805159e-34,1.5497341001968582e-46,3.0139241612316626e-57,5.002809024281627e-68,8.778623035183915e-80,1.9233511782947495e-10,4.7137176143028095e-19,6.16517777973989e-16,1.3196092877222254e-24,8.513487203323915e-17,2.631477852328294e-17,2.119270189986613e-13,6.6377926193925955e-34,5.085526647801184e-13,8.891873056454035e-17,1.0655507204890211e-20,2.0430442686463652e-30,2.833446053543317e-33,6.859048226703301e-25,5.69203757699047e-25,2.7298740206088885e-32,2.16433417405275e-33,3.7932809086604664e-22,8.921218702445201e-26,2.289846442269145e-20,2.945867584797634e-50,8.005542710589413e-21,2.7311448362361774e-25,6.027342105019914e-37,3.0061862903912655e-27,3.2493531643599184e-29,2.0628709844368244e-37,1.413142067914474e-45,2.0852607142237136e-10,6.168240214999372e-19,2037.2295403362589,6.016576644844651e-09,0.0056995957886662,0.0236026278653855,0.933159238187224,0.0221846255836057,0.0153539125751187,5.609898849833032e-10,2.449655831093759e-08,12.0,12.617116302162902,14.214111702988784,12.59020804649514,12.4303750065088,0.04743539653799428
3.715933521994911e-15,6.913483931262065e-09,0.0001173158033436,7.039656696849878e-22,1.733610606864128e-13,4.4561698365629577e-11,5.81072132705346e-24,4.869443149790651e-21,7.414929063592711e-22,1.3740176374419108e-17,3.1080555672070584e-14,4.0091028245566503e-25,2.7344019759904425e-17,3.5195544130621056e-26,2.597286920525194e-28,4.086593284914899e-28,2.4590024195786965e-21,3.359861939470724e-17,1.2298081005930948e-29,1.452488744960969e-27,7.803286063126739e-07,1.4744146339627085e-13,0.0022880524762258,4.5676137295475125e-20,2.2099186496478278e-24,6.800589538830425e-33,2.8944687337441456e-31,3.2471283678439663e-32,7.63327681883932e-26,4.2140345129947384e-19,8.093881525508987e-40,1.4470486068723676e-39,3.1585264790651496e-30,4.3432736232596646e-49,1.292520684655942e-32,1.4364446576332058e-26,2.961982608871857e-34,2.38340063417565e-23,3.305380027005437e-42,5.6127834201364756e-42,3.486933937277933e-43,2.9635291951162646e-27,8.783614130920388e-56,1.0745546665241274e-64,2.2391643401169676e-57,6.321542648963566e-66,1.208123393260412e-15,9.80612983925324e-12,1.2238219553306e-09,1.394459882006095e-09,1.6444068320518398e-10,3.253064793838172e-05,2.232471455661949e-05,8.104886958296076e-13,1.2142787181515451e-09,1.5320301095356336e-17,6.3196718471150585e-24,2.317918313256691e-05,4.714109958469176e-08,6.714407971919156e-07,5.686549565377945e-15,7.954397738903194e-19,1.1199118001548468e-31,2.8506824769815393e-06,9.274133615988324e-07,1.3031184854772178e-09,1.1717003011394246e-15,1.611961730020707e-09,1.4345576619905137e-12,7.050589606164755e-14,2.4403465236867266e-15,8.088720108330701e-16,1.1552839520304732e-22,3.41125870647842e-06,7.1270467703426906e-12,0.916030115843759,0.0619375476899296,8.379906596644879e-05,0.01945643239796,1.7221830511469318e-14,9.747019640491402e-22,1.5800948380732607e-28,9.885755943875796e-37,4.920423923982893e-43,2.7989239361305985e-49,1.145022269001264e-56,1.764584003499462e-31,6.538175639196695e-32,7.977555849681645e-33,3.474099646881425e-33,1.3851884160000485e-18,1.5421039074507436e-35,1.603501147761076e-26,2.1944672146490841e-13,8.083018810558034e-38,4.44277169825182e-23,7.497407206917146e-20,2.418660037302067e-18,1.9640735738033482e-14,4.486025924685473e-21,2.8151392725765446e-26,1.2395436359086167e-25,3.576082741242076e-15,7.78139281873446e-29,2.210239298013054e-25,1.352383209334212e-12,2.0816926249726372e-14,7.386322767445045e-27,5.764117268738558e-24,3.1006151434745652e-24,6.408344453333609e-19,3.843616483118052e-14,9.835733764521616e-12,1.0889641191987247e-11,4.344410389695249e-19,2.2074398497142847e-19,2636.384323377192,50190.48782423943,4.881898788802111e-05,0.9601545951923216,0.0010883163800552,1.800272744034594e-06,0.0387064691669909,9.427877668751136e-23,5.214341572178514e-21,12.0,16.293752393330717,13.348166394299506,10.566749534946162,14.899194785048502,0.047388290569015286
2.1326153900981754e-08,1.5847426843492616e-06,5.524838884752215e-09,0.055790199007901,0.000119268013538,5.768633929633367e-05,1.5379093934112644e-10,1.7634361456529196e-08,3.2619774787522323e-09,2.123653690446259e-18,1.1772469061814734e-14,2.621398313867949e-18,3.0889689287386382e-24,5.172765405338371e-26,9.181591109824251e-35,1.0326560184910144e-60,0.0476056938614207,2.5127228670114877e-11,2.6516580868220065e-10,2.1798845257008093e-08,0.3412748661127053,1.4719053180213872e-10,3.780410444712459e-11,0.0019066036505316,1.32853351682141e-10,0.0265279402342276,1.6975164186367497e-07,4.268802782435681e-15,1.881303583102489e-35,1.6875887446365362e-55,1.5017974297644397e-35,1.853538777918428e-48,5.677530310789616e-66,9.954121142839025e-84,0.0130634179960505,4.089491870080884e-10,8.535590912288808e-05,1.4046995919997955e-06,0.3717500253434972,1.2206097098482432e-07,2.507388566446555e-16,1.5748385671344546e-13,0.0006056155125285,6.987247692909128e-105,1.6088057967034907e-06,0.0015222316915921,2.8093524559874457e-13,8.960621873353123e-23,6.076577066901102e-34,6.876559442483255e-34,6.638170830637787e-48,3.7024280069508814e-16,2.1519038648451418e-29,3.320100026773515e-13,6.538481523547915e-14,1.0079266455376262e-21,2.984899763286833e-28,5.066788038685227e-23,1.457319635954975e-38,6.539168492394068e-67,6.762891584380958e-22,1.1996988749692646e-29,9.735447721591514e-49,4.957910225913969e-11,1.2770251722982432e-24,2.058854090379562e-40,9.90043133833063e-10,0.139686105284683,1.6358336392316168e-17,7.627706798693131e-45,2.106402416381434e-59,6.89803770279193e-73,2.8170376711563256e-14,1.6441486433445553e-13,6.713023378645702e-22,1.7299653399470737e-18,1.0271120462956834e-22,2.505401893987761e-35,2.276653336104313e-36,3.181081896041969e-11,4.612649880728608e-21,1.9030185201764266e-30,2.623775473109379e-41,3.198235155574886e-50,4.827440853936934e-59,4.708248665716021e-69,2.4529083716188572e-08,7.932557757360585e-14,2.974197123988471e-16,1.1963007101138942e-21,3.349528656576451e-16,1.3510576821926278e-12,2.022869990401756e-09,7.079547245499519e-23,1.90971260495013e-09,3.85633013464411e-17,3.0988673713534914e-19,9.156930003701864e-26,2.827275109071807e-27,1.9042892883773065e-23,1.0804001829906179e-26,3.6456038236079264e-31,2.7821208555088297e-36,2.7676385554105675e-16,3.5997298017993495e-18,2.1242079954499482e-14,3.0499337885333552e-34,4.700765682132057e-15,1.9691773594461864e-17,1.0797154832344232e-25,1.1466259181956077e-19,2.5848339655425575e-20,4.2186769554304903e-26,4.140752636882921e-31,7.283533087554e-10,3.324251493292003e-15,2849.2271853551974,0.0002453654243007,8.127914156372238e-07,0.1461724080385305,0.7071954638579773,0.1457900158224017,0.0008412994896749,2.2445276853093116e-14,1.1799802688483238e-12,12.0,17.254886293444287,17.939560358204766,17.253748674964825,15.014971517348858,0.04735758877474096
2.2797425769185123e-16,8.769667280356164e-12,7.044328637570744e-17,1.0534074256890934e-08,9.812375140244645e-13,2.043967252086613e-06,8.740249407304182e-14,2.3462084926319815e-10,3.692372843411611e-11,2.907236034583516e-19,1.7069988737595647e-16,5.7615105758852105e-18,1.4807126980207502e-22,4.754749554578529e-22,3.3358957890232364e-27,1.2786221593819327e-51,1.300074137773992e-07,7.669438009285841e-16,2.968613262057583e-15,3.2976164729830634e-13,3.629373814120983e-06,2.57349368134375e-08,4.576496837512453e-15,0.0200284834152727,0.033642116748657,1.0448427040358882e-06,3.9052783530921104e-08,4.1160012666968456e-12,1.8831095753345332e-30,1.964931191397653e-48,1.0786396454741275e-25,9.182732891065308e-38,3.7182857323135484e-53,1.5357530042883217e-65,7.085141123501861e-06,3.2267170645162016e-12,5.887160900614906e-07,1.348752081969485e-09,0.0047645024945425,7.426159008074595e-06,3.223101286178502e-15,6.5514211264092e-13,0.0013480666336746,7.184733587544757e-80,0.0004711438814525,0.9396961824359262,6.8886554999992785e-18,2.421355357421665e-26,1.3819826186495294e-36,1.5728679461979304e-36,9.09127485215874e-50,1.8594401282852734e-20,6.290955442083552e-33,3.703638144417697e-11,1.4592338491915457e-15,8.538344929050295e-23,1.492827312596269e-28,1.2129578287714288e-23,1.3261765053097447e-38,1.304128900941325e-57,2.550856212087941e-16,4.181156792243468e-27,2.9081435912500986e-42,6.486186306362138e-18,1.0286096344270696e-30,7.499439809737873e-46,2.2423175148831071e-10,2.882601164162916e-08,1.3623417157052238e-23,1.7064029285217639e-49,2.8814892026613537e-63,4.834083650373106e-76,1.102967068776614e-20,6.714589249679586e-14,5.130431482236792e-15,2.390231812868639e-25,5.162186700108587e-22,1.198336936570432e-41,7.751132033003893e-35,2.739043678936077e-05,5.9329642825283584e-08,3.6770094639906005e-10,8.584451368633023e-14,1.6228832060304216e-15,3.5533878268752754e-17,5.49706229429022e-20,8.543367839830216e-17,5.273193944286271e-20,3.7417300346448246e-21,2.7422764253247152e-24,2.0745721190162843e-19,3.0962697357000224e-20,3.9560729231582373e-14,2.4658808566283403e-26,5.722743113671091e-13,2.0766572376773936e-24,5.2702022407994374e-24,4.983630544016632e-32,5.859307791167786e-31,1.035016465853557e-20,1.3869044646484328e-30,9.95300220239498e-33,5.594080915418473e-35,1.710657804790732e-26,7.259064971744406e-26,8.899242370187039e-23,1.1702953949080646e-39,5.4429720897989125e-24,6.519365757268008e-24,1.0462683245564293e-33,1.4187323304652537e-29,1.229510681792122e-27,8.675044728878216e-35,1.6043046495610832e-37,6.124984238888083e-13,5.210425992077678e-16,2670.0998752516152,48801.94962999311,1.5354879896770894e-06,7.520233244469573e-07,0.9818338399558424,0.0001955383001792,0.0179683342326641,2.2661824958719562e-23,5.423730106786882e-21,12.0,11.689984886884396,17.805791572631055,14.104985411713503,16.06826139357745,0.04707912370391699
1.5827603904654275e-11,0.0027512614621296,4.727483786912655e-10,4.9170478283705424e-08,1.6229710711403595e-11,1.264108089484167e-07,8.338159967471207e-08,1.6561699424020484e-05,2.157738706457903e-06,1.420101604784398e-10,3.238155639862008e-06,1.5010050842086567e-06,6.417553289335726e-07,3.71633566952569e-05,7.338892980759416e-05,3.498841741251597e-22,2.5613960380892933e-08,1.1529946543795724e-12,5.694141751160874e-18,8.987573703712826e-16,0.8465976352438377,2.0177638200519065e-07,8.33983209019554e-06,1.2914189137263394e-05,1.1382150201652055e-09,3.3801699434901034e-08,0.0005599808501187,0.0177792118399317,3.630129815069726e-13,2.041592938885804e-23,1.5513031351753413e-05,5.75810061806752e-14,1.3632097265841386e-21,7.437422619065307e-28,9.158337074620185e-09,4.2688960040885086e-11,2.772795696866992e-11,8.274036985412803e-07,1.7880778070424094e-06,0.0009511209860284,6.052913193968133e-18,4.3882921834697886e-08,2.859159791073609e-09,1.2009231905749363e-38,1.0440402234458417e-12,1.93205892039363e-08,2.2978175730540925e-11,6.054159128615207e-16,1.89787964453334e-22,2.174126859752711e-22,4.640745003945728e-32,3.4787369334748884e-08,4.203818893633849e-17,4.922739465572499e-07,0.1311768806238899,6.832258021547877e-11,1.781238353616171e-18,7.916418707019533e-06,1.8838718328847428e-17,3.9069380162933077e-33,7.93751834440423e-07,9.85191695228399e-10,8.961859303856196e-22,1.2302485071591845e-12,7.4304593136068275e-22,1.4448277355010585e-33,2.2590124800948221e-13,3.8134252581812456e-08,4.2085987669173297e-20,5.1219562532055527e-39,3.285200968559129e-49,1.6912030451043022e-58,5.809383328588618e-23,3.2781054894066634e-11,9.738277456031288e-17,1.1783675387922008e-14,2.1486446746071304e-15,1.150821311290262e-27,1.3756336844911087e-24,8.937319614767709e-11,5.811113271344045e-18,1.0876342612432405e-24,8.804168960802554e-33,5.217889659402467e-39,3.3224154201594114e-45,1.6515344053537262e-52,6.629964816114552e-19,6.141639705062764e-18,7.325400607658154e-18,7.575163531879459e-17,1.7424952724663888e-11,4.054777433382264e-24,4.431446728159899e-13,8.830120238215808e-16,1.132201633144819e-12,5.146039553032901e-19,3.5178262511805816e-14,8.354373595036186e-23,3.2866659399384e-17,4.972536804297441e-15,5.355801952731154e-20,6.532201694707565e-18,2.0108829747520967e-14,1.653585136469271e-28,1.9628951504634808e-23,5.333475087647372e-20,2.9967077004243296e-29,3.001809942331601e-27,8.612031400941704e-23,3.144193905726963e-33,7.496068740963955e-26,2.1998866249317047e-19,5.534259197629631e-27,1.5119367740961284e-25,8.447998333183742e-17,1.047281322835002e-15,2487.995947516253,9.860724685619736,0.1486899097237809,0.4158930429150158,0.4354006574335995,9.25140438962465e-06,7.138523214129654e-06,3.8319207523822544e-19,2.3270209659921317e-17,12.0,12.446700157744589,12.466607582693204,7.79392616711127,7.681326878385532,0.04640598205982416
1.146756320725841e-36,2.1853826314739056e-19,8.267701174895605e-37,1.932930749273614e-25,2.7127712369114435e-31,5.0283667841706e-19,8.721602177804081e-27,5.098159826459187e-12,1.1719090856733836e-14,4.575643648618066e-25,1.382312308383152e-23,1.6118977218542894e-24,9.500264998632488e-25,3.8396416409276614e-21,2.1820231133976905e-19,2.498462255982939e-65,1.7603521247357982e-18,8.539112981023674e-30,3.395162058219619e-34,1.0273460243698044e-28,3.5154946901618294e-08,4.2363587953252404e-13,6.869480661470573e-20,1.1731170057503506e-08,6.248908639535076e-07,6.0779707034560526e-21,4.174363301692405e-11,1.756849095940484e-07,2.1167734856786673e-35,2.640427371257978e-60,1.0052542394107944e-15,3.326186676078734e-36,1.0836679060533288e-58,7.759961715234573e-74,1.443912131601439e-14,1.7251218002807216e-21,4.921556313294115e-11,4.1359603518114484e-18,5.415804752399424e-10,0.000117109082225,7.515284959199226e-23,6.529469066822668e-15,1.690986339946395e-09,1.8589900794878664e-87,0.0064144857100206,0.9934675554167748,6.248906207021021e-33,9.348278336003914e-45,3.2443591148617816e-61,4.2216557588328826e-61,2.2453744263061636e-84,8.490222842870826e-34,1.063234029521429e-56,1.2403266479276798e-19,2.5420206761895095e-16,1.365255387070062e-32,2.7535212039700893e-42,3.7167830706237918e-28,3.1016947704365338e-58,1.461524476483767e-85,9.709451505336566e-20,1.379763047863493e-29,6.6648262023789925e-53,7.336295544934765e-36,1.681440705214706e-58,9.820055481461452e-87,2.8007171249955356e-26,7.079098292161379e-15,1.3190300967884957e-44,5.331092169800371e-94,2.2349933976344782e-117,4.273195638472313e-142,7.709275329561538e-44,1.980087746795057e-29,3.889745905837227e-32,6.637087562037505e-49,1.1686884432238016e-39,1.8439460178870627e-81,3.844121713964662e-61,1.4636138528875141e-16,3.482960039724855e-23,3.022312359073751e-29,1.9069622575480375e-35,1.1660998417849298e-40,1.9260794337979583e-46,1.5066777800597996e-52,7.07556823955733e-49,6.277169804127186e-52,1.4765192667584003e-47,1.7391047461219344e-51,2.3702554131730295e-32,3.2233742260468195e-55,2.2905109306627014e-32,8.657829841552716e-49,7.963423576091393e-34,1.6996755262582283e-54,2.3497943216339624e-48,1.3217004563691893e-66,9.322013329837462e-58,3.6781216700089736e-41,1.5814602862955338e-59,2.382684176599997e-60,1.9945242982700202e-46,1.9948718428405217e-70,1.0614882840278676e-63,6.385151556083594e-50,2.824444138688625e-79,3.6822804596132834e-59,1.6483823177740558e-54,3.549010078119065e-75,5.070840213490648e-72,3.7795339562599063e-62,3.973233281475651e-76,7.60442350217547e-79,4.4367282261750254e-38,2.610630457313972e-41,1019.8517266045462,77778.3383469335,2.3460396600046724e-05,7.021107490537834e-09,0.9974140970037004,0.0025621835986331,2.519799587565404e-07,2.7155194423352884e-23,5.0327626997947385e-22,12.0,8.476070272344572,16.628540152421643,14.038274897177,10.031030650885842,0.04627986819790283
3.619748537816556e-44,3.6291177787569223e-20,8.177569764376922e-41,3.2141185716352387e-34,4.466571405312824e-30,5.895455072338534e-21,3.499519304073422e-35,9.120334199236845e-08,2.0418256230591217e-11,3.64975954670527e-21,7.930660254806272e-27,4.751942712211476e-31,6.047455177932842e-27,3.1716485480814217e-25,2.5012699904888036e-21,3.4737946010881023e-75,1.1375574231158229e-17,1.065429316193095e-28,2.136150680640446e-31,5.428436820057509e-24,5.760093758916885e-07,2.277407484948069e-13,3.0630718392902385e-18,1.0260219355500256e-11,4.059186764012866e-09,5.8333789544706804e-33,1.4475370422784987e-18,2.2718730446601576e-12,1.2491247266725095e-41,1.8778551151089765e-66,5.0623724924383236e-21,3.701027621896656e-44,1.5315376512222855e-66,1.4811507334031784e-88,4.511810438669289e-17,2.1129854307825624e-22,0.0001392996734603,5.457187014233813e-25,1.0787538294645313e-22,1.6295160056283643e-14,5.9034295386216226e-21,8.460355168455438e-21,4.730846316482633e-26,6.375978721285597e-107,0.0110313773779139,1.4483943354664252e-18,1.7678152618609066e-31,3.0794012210303932e-43,3.855512461061215e-61,5.4043843037004754e-61,8.151253148366905e-88,6.978462975590692e-36,1.3396232887510467e-62,5.5573116369779655e-21,4.799957259574806e-15,6.140958909326937e-30,2.24099075085972e-35,4.502798556215763e-27,1.6557987632762317e-63,1.8823562514982458e-91,5.636960032050368e-20,1.4778528553368582e-24,1.5579505876120967e-47,2.0282253183177548e-32,1.528855721374024e-58,5.546434670108019e-92,1.160140859131372e-23,0.9888286516435218,2.0742548168333363e-36,7.704278554379198e-95,1.7825038221216063e-121,8.338401652567755e-151,2.4281709856142175e-32,4.567843424931472e-31,1.1369795826337147e-34,5.200337250490509e-53,1.6098892395675919e-40,1.4447072104573242e-92,8.558452295820444e-65,8.384965830915795e-18,1.3182250637345805e-26,9.489251301605752e-35,2.50463718865981e-42,2.0198352940602737e-49,2.050113925536117e-57,2.664295470075705e-65,1.5492755612420624e-64,1.1826297973123348e-70,8.759317557441713e-62,2.1023869233988275e-69,3.3037161086501143e-37,4.2186965891897735e-66,3.3037156715575567e-37,1.7914260054843092e-58,4.2941969596832993e-51,4.3298827049948065e-66,6.056434414555834e-60,8.323390385311162e-79,7.697096646676035e-69,9.04669919962882e-51,3.6809753922118546e-72,2.1254889468036774e-75,2.948920941822811e-49,1.287159684609787e-81,1.0968204729691602e-74,5.537038693188333e-50,2.097084613956042e-87,3.6229609685501157e-59,3.746023394935823e-55,1.1763764048413059e-76,7.354391498968819e-87,9.059534257460227e-76,1.8116050165408663e-88,2.6090115584476254e-94,2.3873511919028132e-45,8.129407433353593e-52,760.7116486927404,0.9875230668540266,4.4624877252718515e-08,2.8177971347509066e-07,0.0217196979841511,0.9782799716350864,3.976171814384714e-09,2.1270911320132005e-19,1.988830208432343e-17,12.0,12.800332688653285,17.68727674749396,19.34088612775726,10.94988810790116,0.04619390979310768
1.2230302316701522e-19,6.951505582373626e-11,2.4416447859282984e-23,6.501096271457295e-10,5.888620534286066e-13,1.4579923007884008e-06,5.508892323695327e-19,1.1693688635155289e-08,1.1940090062752622e-10,4.823150908517628e-26,1.1969939268238688e-23,2.155861441338958e-25,5.8628857234976884e-33,4.650310184909243e-31,3.7092988709946326e-38,3.9438772786455935e-88,1.8809691908358582e-05,1.6992359033818768e-21,8.731856480079123e-19,1.58912765579905e-14,0.001298389563583,8.21260553454172e-12,3.762799756698152e-20,0.4866791649012505,0.0004267421498619,6.647259097276159e-09,1.8623891810527663e-09,6.082044228083853e-15,4.344497411864126e-51,3.644312171745063e-85,6.854309349842332e-38,3.1588223888259466e-61,7.829610046194092e-93,5.0409808782339656e-114,5.981526578045843e-05,1.873027000367544e-17,0.0016945998257412,6.617883421887824e-14,0.0042365476927224,5.144630425683946e-07,1.7148796972362374e-22,1.9336437174391274e-21,1.1748952675404173e-05,8.746915027664089e-145,0.0171283785903108,0.1306238341675556,3.1311223919483597e-22,1.156914789103905e-38,9.458735363789017e-59,1.1747932747382178e-58,3.2580426711126693e-84,4.836824131878616e-29,4.520744029303186e-54,5.004376513485455e-15,1.2742048759796207e-16,3.819603223382536e-30,6.479708784839344e-39,6.522295365580382e-33,1.7558564112092318e-63,9.494521541952608e-104,2.512948297257166e-23,3.8899236704004587e-36,1.7544365783734403e-63,1.6127946761590492e-23,1.7086742681831418e-48,6.074647475521926e-78,4.330249053413878e-13,0.357819965375932,1.1905027143629498e-31,2.2130054159694896e-84,3.241434880476935e-110,1.5581618861230831e-136,8.717353639836866e-25,1.0035260823754112e-21,4.245489526330114e-28,6.102759612253587e-40,5.221910746710002e-37,1.404131662255057e-72,2.940610095123662e-61,8.653111097585318e-09,2.945785012895235e-18,3.25678480818233e-27,9.314276214978788e-37,5.3988428405191496e-45,1.3816847502884714e-53,8.83340789286718e-63,1.1460262852650334e-25,2.4589972250822208e-33,9.514730333888603e-33,6.538919159757783e-41,4.350846863430779e-28,1.995733331323182e-31,5.131302797417895e-19,4.179358014978606e-45,9.957709107930872e-22,8.479618699695552e-36,3.09952842671404e-36,4.246790080371539e-52,1.5323408494159441e-50,1.41030043792893e-34,1.205445042176591e-47,1.7076851068556007e-53,7.0789734761611695e-53,7.07404884510969e-41,7.42097160819562e-41,4.669469030484059e-32,2.1928082177134257e-67,3.970423634910009e-33,1.2122345555941175e-34,9.560785356061992e-53,2.4143307952785228e-48,7.997939486904936e-46,1.2824412672058449e-58,6.576319118629813e-66,6.364291520573117e-19,1.1741081573271852e-26,1303.5151349019334,3.6155601476473726e-08,2.1396625859425426e-07,0.0005258974366118,0.4968109423164323,0.305177011210081,0.1974859350706161,3.9821158967700027e-11,1.6227122279337763e-09,12.0,15.390555761244638,18.36584585997112,18.15420652270106,17.965190877965284,0.04581190599543313
1.4230596812163294e-14,0.0010551122198036,4.226089189533243e-20,7.097805585508996e-05,3.71094760159441e-08,2.2992119388833952e-08,6.14008761529279e-10,0.0004210018356796,1.7367849031659673e-05,6.898279403852819e-23,2.5910696375193995e-19,3.152965059987696e-13,5.310126928059345e-25,4.0942815726994165e-16,2.96333577589818e-20,1.213155118494816e-68,0.0042284639679279,6.77444865691575e-21,1.588922371484427e-14,2.1256602974900348e-11,3.425426598732314e-06,7.092039481230416e-19,1.4186861319701906e-24,7.455568316496376e-05,8.370002947280917e-14,0.0001334938498404,0.0012479334588199,2.19347219683143e-06,7.21596390107382e-45,3.3337251620700077e-82,1.2911476497510516e-20,5.96704958565809e-44,1.0600960440966676e-78,9.430326333348428e-86,0.0031348368247171,2.6694716198379632e-18,0.0004693268747378,2.9160181415093135e-14,0.4143915254452477,0.0195714809503954,1.528850416010913e-24,1.2573932898505444e-26,0.0006193131860116,4.325478434209898e-122,0.0001330931255641,0.0927139236462419,2.3973879224825976e-13,1.9592869906913115e-31,3.048506956579223e-52,3.625139654789003e-52,3.481080072852455e-77,9.889283489248965e-23,4.3250732422606367e-47,5.999208103581583e-13,1.884325344438208e-06,9.494451179564617e-18,5.603594438897425e-26,2.859503938551193e-24,1.2607523922384778e-52,4.403618012576292e-101,1.1268916436727389e-17,6.4824682041688174e-21,4.330400708812491e-41,1.1007198957131833e-21,3.4979192713904313e-46,4.379832419047637e-74,1.4809379269344837e-14,0.461710028070216,1.4606686235486434e-29,4.413484873804335e-80,1.5945722668892844e-105,1.14628899526544e-130,5.607380668281002e-20,2.495047454070551e-25,1.4356792531743872e-36,2.845391868104526e-38,1.1074871777713921e-42,2.5632041184247086e-68,7.593911842064124e-67,2.0031313612161624e-16,5.542871211902917e-30,4.603228311074779e-43,3.742764750328747e-57,1.235973717286682e-69,2.8869292212180517e-82,9.114921847707816e-96,1.5830690444304747e-14,2.4659692621282774e-24,3.092107400318491e-18,3.2732572509261735e-28,8.774700018648228e-21,4.411223765018823e-20,2.825818840964905e-15,9.361071073067169e-45,2.7535049722458143e-16,3.670093328062247e-20,1.4160133068350734e-24,9.575565555783823e-38,7.764285122879964e-41,1.3966991657629787e-29,3.8075863478627035e-27,1.6259375163109103e-35,1.1476406792397772e-35,1.1414195868428396e-26,9.60197443549079e-31,3.791589838454996e-26,3.234793156410057e-62,1.4634968513566946e-22,1.1462367670239279e-27,7.174831357298535e-43,1.221537887804587e-36,8.051588733549213e-39,4.821645821380651e-50,2.0052319431958493e-59,1.4978978302406629e-15,2.565914172388089e-25,1762.5344909413695,1.1428058016189592e-07,0.0081515566191072,1.2509517279673274e-06,0.6512971303888841,0.340522829191666,2.7232848614699456e-05,4.0457798652619935e-11,9.539523050723016e-10,12.0,8.18600000193518,13.902538615260116,13.62090568359774,9.523852522436153,0.04496294322243035
2.7486389879923395e-37,1.4202851237604132e-17,6.527290576648368e-39,1.6253140286267238e-24,1.7092449319980177e-30,1.9587884096022387e-14,7.152554201793324e-29,3.0943373328195715e-11,1.4879080225974514e-14,1.5418113770987354e-29,3.1414496721941596e-27,1.2772739663067635e-28,5.863106877123124e-31,7.219599515943425e-27,6.0891975449925825e-27,3.0433223253724785e-88,9.712150416186476e-17,6.960889086086759e-33,9.593258556218942e-37,5.6678477342737366e-30,1.4552191761025687e-05,3.3545582452986895e-11,5.29965875346539e-22,0.0013107311000492,0.5089094275073105,5.5849069986058666e-21,2.376712219565644e-11,2.8627028492460238e-09,3.910329816011833e-48,5.037684055720461e-83,2.5394279773766505e-24,1.3183216315716404e-51,4.488059807492471e-84,2.42631621450696e-105,7.652124291484676e-14,1.0270606031259002e-24,6.406500314587906e-10,1.0201218950562052e-19,2.8564885239578123e-09,2.641401284077993e-05,1.3191077084805492e-28,1.1568259236836011e-19,3.71550441648591e-10,9.024766091933464e-130,0.0014767235690952,0.4882621447161536,3.0609529239230944e-35,4.850798373642109e-52,1.7200742335870368e-74,2.352335980012703e-74,4.937040130162727e-105,7.050847771564348e-38,2.31888948409458e-68,6.4201308955463194e-18,2.145549580419383e-16,2.316292604846109e-37,8.015348730420593e-50,2.239103564005084e-33,9.601659053432921e-73,2.9939846566130023e-110,1.5155567300832907e-20,4.9790092743826415e-36,5.160248628748195e-68,1.3825009051315395e-38,1.386874515059726e-68,2.450349672977683e-105,2.9446171676688744e-24,5.1118458568906865e-11,9.17709247354848e-50,2.8798417273942985e-115,7.4228717501799055e-146,1.1602678425382302e-170,2.19612997667651e-47,1.1638815519300506e-29,1.0876368240523004e-32,4.294795914259857e-56,2.175276993615142e-44,2.2659103461714025e-98,9.086503431914432e-73,3.1642758084165656e-11,4.92593797765029e-19,3.241781161463075e-26,4.595937841251495e-33,2.9094848872063513e-39,2.9787936886025918e-46,2.8167380445262854e-53,2.174999942276245e-51,7.27392217365284e-59,2.246946595382071e-52,3.810446257940225e-61,6.743606939060499e-36,3.805566767094547e-60,1.3319612506247076e-35,1.0797163915796197e-59,1.438292166446308e-38,9.225549242637317e-59,5.5392778040325285e-55,2.6974723496133807e-76,4.618714236848903e-69,3.56046670893049e-46,9.285383250208934e-68,1.4352556383110318e-72,2.3289579637650085e-56,8.946628783480529e-77,2.8143420224395663e-72,8.152972538364071e-54,5.665664287869917e-96,1.2738115354361316e-63,9.177838173291462e-62,1.1948171287085764e-85,3.2445030249452654e-80,6.850850769285875e-72,1.1586245690049193e-87,7.617169527553131e-95,6.865256056342572e-36,1.1653924176679134e-43,830.005949408243,9.87657320261979e-05,6.638326493395869e-06,3.6564917828052777e-06,0.7431573924632333,0.0007420246549518,0.2560902880635385,2.0884821165688143e-14,2.482973183031813e-13,12.0,11.741005993234454,17.049022193697304,14.048359727103522,16.58633450010884,0.0446384145477737
5.644982185115229e-23,4.7102172174512315e-09,3.157502201934918e-20,6.910680555060942e-21,2.6693607614841683e-15,1.2533763384824156e-08,6.91380009641331e-21,1.0479017975672325e-07,1.705669711805241e-09,3.143980381918488e-15,8.603470641751749e-17,1.6129378064107461e-18,3.6847112392326686e-17,1.5947108972936169e-15,6.681507013894668e-14,1.084121088931942e-42,5.737923175610478e-13,2.865687735914933e-19,2.592964738707909e-21,1.9687642464246705e-17,8.488480621690372e-07,1.1596862252775501e-09,1.26528706065407e-13,3.933401086620685e-08,2.5248086148918944e-06,1.7697357253252757e-24,8.63920748517855e-17,1.2403879808545552e-13,6.628828145823285e-30,2.063370761446435e-44,3.334642045419773e-18,3.2675926064091982e-31,3.2354961646427845e-43,1.5117866840895886e-54,4.899769492867309e-17,4.560725517398585e-20,5.424685440334003e-12,1.0416686687586514e-20,8.465029704169056e-24,4.0935393791461224e-19,1.6227632113589746e-25,6.926202504450584e-24,8.262680815025954e-31,3.107932246775257e-75,3.184290132441581e-20,9.545712689429258e-32,1.7811762165980123e-15,3.9384205138914665e-22,3.9316508683343405e-32,4.812999735864202e-32,4.29217789470431e-47,3.6088487437474656e-17,1.204440377179942e-31,4.61357576640564e-08,4.673348869611436e-06,1.752315488426864e-14,1.0122658418860425e-18,1.5852590816116772e-12,4.975622068933615e-32,1.5271171294352386e-47,1.955573778966122e-07,8.468785011038264e-12,1.1423356820350636e-24,1.6041201559203566e-16,5.230612471014993e-31,1.2939025733929455e-49,1.089959556251008e-10,0.9999857978680846,3.2306346575607755e-20,1.4913541413037508e-51,6.240231550787793e-67,1.5757933244793614e-82,2.0171025668791116e-18,4.6204398791893626e-14,3.1698521835918944e-15,5.057798760673281e-27,1.045448603412098e-19,1.8182552841474607e-48,1.335956697307586e-33,5.748499096644801e-06,5.749856087003271e-10,1.8127435380891818e-13,1.0696995979976969e-17,1.6121059931530735e-20,1.253040135437175e-23,1.987363292827899e-27,6.945493902453514e-38,1.0498677764022668e-39,4.1806457874839327e-36,2.630754396293884e-38,1.5994129415014136e-23,3.195596428175697e-39,8.707841650275553e-23,1.0570585199991688e-33,1.2172855728822024e-33,1.9986015724143387e-34,1.2541725440611505e-29,8.017454329632505e-41,2.967172307740266e-34,2.3603447077426976e-23,6.464946309665787e-37,4.809507595293453e-37,3.5337105190603054e-25,2.320657013666529e-43,3.81304903832884e-38,5.5820785702336706e-27,1.1522176213049021e-45,1.7944423745195338e-32,1.2653545552665723e-28,5.3892814430379106e-42,1.095180991113504e-45,3.567957988807005e-38,1.125709509554146e-46,4.2128462883721077e-48,1.529363383226533e-22,2.1575871676744075e-24,1427.628693980406,10.527490777920118,4.947073800915174e-06,4.250048358815429e-07,1.7602796894849526e-06,0.9999844461245128,8.421517160926984e-06,2.6212094015695587e-19,7.283217551503987e-18,12.0,10.934045482402729,11.55123328875404,17.305644855726477,12.2310419487094,0.04401609059181698
